Name	unrefined_intensity	refined_intensity
A1BG	-0.3149688398744649	-0.01924648592936905
A1CF	-0.7504399968322053	-0.003870019063663683
A2M	-0.1739256101124116	-0.005145937026395922
A2ML1	-0.1860106772405925	-0.005044795577442109
A4GALT	-0.463982540841161	-0.0027602321354640667
A4GNT	-0.0072611884858844	-3.939194753592287e-05
AAAS	0.3900206559243998	0.010052782406451403
AACS	-0.6057176047891641	-0.01125483881458746
AADAC	-1.724519787481174	-0.005314969985016979
AADACL2	-0.0195625940846307	-3.844049737629933e-05
AADACL4	-0.5467602633680909	-0.0003105598295930757
AADAT	0.293882428351871	0.0008128787968212751
AAGAB	0.5759147545334393	0.006233125388315414
AAK1	1.1497190395846757	0.034788198699753116
AAMDC	-0.4624617347184085	-0.0035170214925334966
AAMP	-0.5914595982783125	-0.0003560586781635441
AANAT	-0.1070081007222529	-0.003077231952469827
AAR2	0.2777412131391	0.011671518999744399
AARD	-0.2667013543266469	-0.00045392570506395296
AARS1	-1.2239349565372448	-0.3439759041201838
AARS2	0.3678337509399065	0.0003612127434229882
AARSD1	0.4254477693100952	0.0028139115462169698
AASDH	-0.1273855897777943	-0.0010095307989890197
AASDHPPT	-0.0018189749692564	-9.233116943945487e-06
AASS	0.802350730775444	0.010294962226579723
AATF	-0.9466724809192546	-0.0006976976184374906
AATK	-0.9599751834154536	-0.020280435724834872
ABAT	0.3299098049118743	0.027456413603985833
ABCA1	0.055959723034863	0.0012493567764763512
ABCA10	-0.2515445511517833	-0.001960538231676999
ABCA12	0.3575708735741449	0.008667875546310846
ABCA13	0.0444977564393344	0.0013360896348474547
ABCA2	-0.609752541923444	-0.013184069461468705
ABCA3	-0.2523124175086465	-0.00581807203533188
ABCA4	0.1800802562246131	0.0027701745815032234
ABCA5	0.2801715762584507	0.001818873873069862
ABCA6	0.3908997574970537	0.002954811266920229
ABCA7	-0.1250562806470102	-0.0018627133002372168
ABCA8	0.2578008952970469	0.002268647878614013
ABCA9	-0.3703649158637899	-0.0029358826880522626
ABCB1	0.3423110234028412	0.004831377784307701
ABCB10	0.3527541940840014	0.002263976417631121
ABCB11	-1.0882912078143714	-0.015178397475387037
ABCB4	0.3794352396332011	0.006992612031200263
ABCB5	0.1464043871103001	0.003069075166993221
ABCB6	0.4913766120189686	0.004361458808280366
ABCB7	0.8664425550464435	0.04890375069193136
ABCB8	0.6412855176419199	0.006405159750207496
ABCB9	0.3090958259200942	0.0021003061371270403
ABCC1	-0.7020042080277662	-0.01590179932024496
ABCC10	0.7782698911940333	0.011561199233687366
ABCC11	0.5018682494434901	0.006769700816743237
ABCC12	0.2544135065333311	0.006115591870048213
ABCC2	-0.5037655584627837	-0.01158912667243634
ABCC3	-0.9033732640098282	-0.012411445274231029
ABCC4	0.2569065910896292	0.0033038187614126318
ABCC5	-0.579186170023519	-0.012281063549178697
ABCC6	-0.7929401392247999	-0.01878158013767861
ABCC8	0.0413547815396513	0.0013768660965811504
ABCC9	-0.2094831623270561	-0.002310389797305102
ABCD1	-0.3461135771893249	-0.0060137234036645205
ABCD2	0.2639706054620087	0.002318453827772822
ABCD3	0.3935945549397629	0.002078572844636888
ABCD4	1.2106963521772007	0.02936665071841018
ABCE1	-1.243221860252009	-0.000809337431024058
ABCF1	-0.7514053909769856	-0.00443178899598226
ABCF2	-0.4344225912380288	-0.00024588318664072427
ABCF3	0.0773703661425203	5.0058626894210636e-05
ABCG1	-0.7993308857669341	-0.006558509917717695
ABCG2	0.0095629174818837	8.124654692608392e-05
ABCG4	0.1782160229008008	0.0011938691374124646
ABCG5	0.631198541265269	0.018155794840954198
ABCG8	-0.5858680759587774	-0.005097638128917323
ABHD1	-0.1434081449026353	-0.00033457120205784813
ABHD10	-0.5663298417076289	-0.05544199251365175
ABHD12	1.1277115148322374	0.011921038423291582
ABHD12B	-0.158214712192256	-0.00032117586575027967
ABHD13	-0.085694873788029	-0.0003481782722007618
ABHD14A	0.6997119203298843	0.006147668932018364
ABHD14B	-0.2039502400955294	-0.0006638580315109482
ABHD15	1.0049415220427824	0.0007979235685019692
ABHD16A	-0.93676253971064	-0.01936100817073951
ABHD16B	-0.499100707902287	-0.0003992805663218296
ABHD17A	0.0235196219172449	0.00010520326883583645
ABHD17B	-0.2304914213656416	-0.00041580652414361746
ABHD17C	0.4776750761405917	0.003065240963594177
ABHD18	-0.4517434365579443	-0.0003785609998355573
ABHD2	0.7447873821218354	0.0008066047348379477
ABHD3	1.1703237362592915	0.007391764718213686
ABHD4	1.7852284361399329	0.009909803049012768
ABHD5	0.2724081645431628	0.0016894754364966957
ABHD6	0.7449356672298404	0.008790240873312117
ABHD8	0.1502508111083813	0.00013462472675310964
ABI1	-0.7301738527466684	-0.026202288705814192
ABI2	-0.3627156227913144	-0.035960352274776494
ABI3	-0.205502623572038	-0.015341798362770496
ABI3BP	-0.319335699421251	-0.011166211401662884
ABITRAM	-0.260291257339995	-0.002276767627952936
ABL1	0.330609120963493	0.019372041442855873
ABL2	-0.1128852927880243	-0.0088144223167673
ABLIM1	-0.2571068720732617	-0.005666378353622615
ABLIM2	-0.3431986805261098	-0.006102415738434759
ABLIM3	-0.0176148316595988	-0.0002849551317573298
ABO	-0.83034008294698	-0.004349321354476281
ABR	-0.6613237725493737	-0.01606024781636154
ABRA	-1.0342438563781784	-0.008086752713020976
ABRAXAS1	-0.0057264645922671	-0.00026096644439879625
ABRAXAS2	-0.0873754347114915	-0.017045199803517763
ABT1	-0.3632997609126583	-0.00016384819217160891
ABTB1	-0.9695060865683448	-0.026658508862369777
ABTB2	0.607428778389637	0.019321702011795963
ABTB3	0.1973665401185459	0.005274423418128021
ACAA1	0.7336724260301114	0.02705637172713845
ACAA2	0.4985128054928108	0.06320394604440602
ACACA	-0.363591969786548	-0.036416280917911284
ACACB	0.9509938775114188	0.02303021873169403
ACAD10	-0.3660903736220937	-0.006218411086344884
ACAD11	-0.2195457585231674	-0.0006136303950722529
ACAD8	0.5840520769947967	0.014222836178977287
ACAD9	0.7933051172866912	0.02620524793933127
ACADL	-0.3893734054482842	-0.000631563663637117
ACADM	-0.0907875584591679	-0.0025849941520078874
ACADS	-0.4404032586650693	-0.038602666831769314
ACADSB	-0.3944374218459301	-0.00808478383557603
ACADVL	-0.0029246578367563	-4.589373077437986e-05
ACAN	0.2468801388795933	0.010193680934338409
ACAP1	-0.7840699491860741	-0.09638728699334247
ACAP2	1.0155646314709308	0.155028987687932
ACAP3	0.084526978336424	0.005976564530255196
ACAT1	-0.0576165681133421	-0.00234078831274075
ACAT2	0.7104073334800658	0.031142126277765646
ACBD3	0.742611301104664	0.004766821941790838
ACBD4	-0.1720720506245988	-0.0018848772425418552
ACBD5	-0.5485293852813101	-0.0012067646476188823
ACBD6	-0.5557301551512472	-0.0005007128697912738
ACBD7	-0.0083294103279741	-4.799406230978676e-05
ACCS	-0.1102847109062806	-0.00030162868432867746
ACCSL	-0.7493204271671638	-0.007890344098070235
ACD	0.68327363272354	0.5596762653001789
ACE	-0.4289984119545731	-0.003108522493022837
ACE2	-0.0978534212213813	-0.0016466773723134043
ACER1	0.390849410229088	0.003400389868993065
ACER2	-0.7271005307238312	-0.006493734839894536
ACER3	-0.0880197653838771	-0.0021120342703861306
ACHE	-0.7068865597484516	-0.018659684517679877
ACIN1	-0.1460413810103224	-0.0015417588593259737
ACKR1	-0.0774298529075024	-0.002055375445429651
ACKR2	-0.1057562058234905	-0.00387786855513575
ACKR3	-1.006953317466157	-0.03532492933003025
ACKR4	0.1636060354970693	0.00478367687189881
ACKR5	0.434590816688733	0.0066692306729052965
ACLY	0.3632136906917795	0.0023376433132922926
ACMSD	0.2311720207017574	0.00018493761656140594
ACO1	0.5336400587238043	0.0015705026928241558
ACO2	0.1595146399528346	0.0030113173730296114
ACOT1	0.026620118647437	2.3638665358924057e-05
ACOT11	0.6594049374212883	0.0006785276806065056
ACOT12	0.6590196692424397	0.0012659767846147267
ACOT13	-1.0576082533359423	-0.009451844960063318
ACOT2	0.9078425795863136	0.0018047910482175916
ACOT4	1.487372786005705	0.0007957444405130522
ACOT6	-0.2757784780084611	-0.00025040685803168265
ACOT7	-0.0650954638378083	-0.0015534381490254572
ACOT8	0.160519171582406	0.0005244161335597203
ACOT9	0.0554678070135753	0.0030831225850425697
ACOX1	0.1653219265061138	0.004906754778701458
ACOX2	1.319331942672722	0.02223470122986338
ACOX3	-0.1518152420741205	-0.0008985944178367193
ACOXL	-0.331178904278962	-0.0026901662394580085
ACP1	0.1617504223034799	0.000982472065071337
ACP2	-0.8113867332005786	-0.008937424866204373
ACP3	-0.5586663673978555	-0.002953669084432462
ACP4	0.556309516835626	0.002757626274954198
ACP5	0.3669737428873282	0.00302312969390581
ACP6	-0.1900108147011708	-0.0018558356271863351
ACP7	-0.1248089560827383	-0.0005072235975202485
ACR	0.0093025766975462	0.00017458145688284952
ACRBP	-0.1843667377658499	-0.0013528831217258066
ACRV1	-0.7204253186410665	-0.00799167805968535
ACSBG1	0.330028152537786	0.0077167182626385125
ACSBG2	0.3281308934434458	0.007258583493862465
ACSF2	0.0654268829836937	0.000285588344223823
ACSF3	-0.8912756046235772	-0.0036034272694931225
ACSL1	-0.101154601914513	-0.001214866768993301
ACSL3	-0.1348277319479484	-0.002132300580756804
ACSL4	0.4565772514354067	0.005951027895209091
ACSL5	0.9673026231609034	0.023076938680749674
ACSL6	0.0914355729462081	0.0021638228337720147
ACSM1	-0.527705349295645	-0.002545650605002192
ACSM2A	0.4852177092207623	0.0017317420042089007
ACSM2B	-1.0165706435871005	-0.003153402136407186
ACSM3	-0.698526360469842	-0.0030518616688927393
ACSM5	0.7540428772555471	0.0023880537922683176
ACSM6	-1.6388679957151	-0.0040512816854077266
ACSS1	0.4342378455037274	0.002611072165013913
ACSS2	0.7419583338949929	0.019503858723097678
ACSS3	0.0644616931756049	0.00022374653701252463
ACTA1	-0.3802022090969142	-0.03622718729159037
ACTA2	0.0082838077798727	0.001627138659353715
ACTB	0.5430777145504527	0.15200419383638442
ACTBL2	-0.2947217447809276	-0.06355202871409055
ACTC1	0.5559630191492352	0.11298169282546928
ACTG1	0.0564507399462426	0.015472752664085472
ACTG2	-0.0821246828454408	-0.013425496777524127
ACTL10	-1.209467773822206	-0.005249090138388374
ACTL6A	-0.6763113798935418	-0.13059234590054344
ACTL6B	0.388815288217077	0.026276525992998283
ACTL7A	-0.1176030701420527	-0.008835753865912704
ACTL7B	-0.3086911049771201	-0.004027184155531509
ACTL8	-0.4961847415103069	-0.0021559227018622834
ACTL9	0.8030739292545608	0.010159688278999449
ACTMAP	-0.6467353193917675	-0.001546990883985108
ACTN1	0.2763516555674684	0.04357623445650068
ACTN2	-0.5533835610933006	-0.0490978496908809
ACTN3	0.4284020901686131	0.015159436362706542
ACTN4	-0.1944566650192353	-0.01586027451229887
ACTR10	0.9126624105826792	0.11975408554219566
ACTR1A	0.0657080802810949	0.007300824800032454
ACTR1B	-0.323076144729188	-0.030836325709822077
ACTR2	-1.2802943921424186	-0.10428766000635285
ACTR3	-0.8229979847223997	-0.03104924496962197
ACTR3B	0.7220196243253842	0.06540559170876359
ACTR5	-0.7424309361894339	-0.024384401668205765
ACTR6	0.3374571349847661	0.04315503079325684
ACTRT1	-0.0277831495343232	-0.0008273266268330762
ACTRT2	0.3964353025382378	0.00680520840337139
ACTRT3	-0.2493033987742974	-0.0029559903992668443
ACVR1	-0.6972227080082538	-0.028826672862601252
ACVR1B	0.3294276682778364	0.016239795763092504
ACVR1C	0.5213150892614918	0.02215745523888119
ACVR2A	0.1580629035695651	0.008570170631541819
ACVR2B	0.4945458094516299	0.03688421556052146
ACVRL1	0.1596988837808065	0.006463972019911923
ACY1	-0.0783468016293431	-0.0001573987244733503
ACY3	-0.5811709797888351	-0.0023345638258117506
ACYP1	-0.8320152658187807	-0.0034062704982620886
ACYP2	0.6351117069815186	0.00078626829324312
ADA	-0.4069144502015147	-0.0018217559935521813
ADA2	-0.1410683061915044	-0.0006513123696861758
ADAD1	0.0967856298623327	0.0008448417630683023
ADAD2	0.0417225247543268	0.00015441506411576348
ADAM10	-0.4099535280311567	-0.009799939087584801
ADAM11	1.106424848868526	0.017456064840598733
ADAM12	0.5416730120206925	0.01471996410166232
ADAM15	0.3301022994014315	0.00786138626024509
ADAM17	0.4770808859470648	0.011853551692240772
ADAM18	-0.309188460521749	-0.005949095168898973
ADAM19	-0.3601908558565107	-0.009749285895468177
ADAM2	-0.1254489750034836	-0.0025664351306212674
ADAM20	-0.7477857395432481	-0.019232301435312796
ADAM21	-1.1448972974454226	-0.01541718700740006
ADAM22	-0.9635960963126152	-0.023070417737916637
ADAM23	-0.3682229416547071	-0.01045274464475217
ADAM28	-0.1395667711994626	-0.004211706454486182
ADAM29	0.9565901666542876	0.020105612122739817
ADAM30	-0.3122207611994601	-0.0030706911863966897
ADAM32	0.0373713756731073	0.0007654405165365836
ADAM33	-0.4756187470277609	-0.01236085561650448
ADAM7	0.1817982036936939	0.004786383106847573
ADAM8	1.4280522484115274	0.040822301573091926
ADAM9	-0.5715547951499035	-0.01462608720788603
ADAMDEC1	0.3816266865790438	0.003011416183795235
ADAMTS1	0.2326089923598811	0.006150414366987616
ADAMTS10	-0.568434229806606	-0.013382647072336926
ADAMTS12	-1.0118348748884929	-0.03720010917527544
ADAMTS13	0.0605298915226139	0.0011219215393716486
ADAMTS14	-0.3087371938608924	-0.00789842363054321
ADAMTS15	0.2496099542581231	0.004325740507293274
ADAMTS16	-0.448608833826463	-0.005361772781893886
ADAMTS17	-0.1619335309901526	-0.004036355193460544
ADAMTS18	-0.5926537597263221	-0.01639043237899116
ADAMTS19	0.0973627674442526	0.001394137467034253
ADAMTS2	0.0458213433650426	0.0014523074779550253
ADAMTS20	-0.0496450395687353	-0.0008699300283629486
ADAMTS3	-0.2011936695966149	-0.005644086013193838
ADAMTS4	0.2985266026124044	0.0030509418786987728
ADAMTS5	0.3730630835240276	0.009410143218810072
ADAMTS6	-0.6447553501460123	-0.015541827715269626
ADAMTS7	1.6882905006224975	0.04257530984469814
ADAMTS8	0.9511633455509788	0.008817284213257575
ADAMTS9	0.1851690660088743	0.00525380190986979
ADAMTSL1	-0.9743093994653445	-0.028257895512693386
ADAMTSL2	-0.444678984103225	-0.01061315331359167
ADAMTSL3	-0.1580351077766767	-0.0032054260910343332
ADAMTSL4	-0.5221102392843578	-0.011714587438823136
ADAMTSL5	-0.8329831166432476	-0.014571373659440333
ADAP1	-0.109721771545027	-0.00016403404845981537
ADAP2	0.6068332642796654	0.0008004130755848788
ADAR	-0.2026758608118097	-0.005963331852665877
ADARB1	0.4663394342448045	0.01597958705383247
ADARB2	0.1882634972534827	0.006616708874470903
ADAT1	0.592108570028907	0.002395079165766929
ADAT2	-0.0759704048270501	-0.0031674340884542
ADAT3	-0.3493487279144615	-0.04745413380498879
ADCK1	0.5785849304700861	0.0020065325388702584
ADCK2	1.0204415413943135	0.008053324644683921
ADCK5	-0.6487248501935141	-0.0059838380181849735
ADCY1	-0.6670775749759216	-0.017452750594095037
ADCY10	-0.1909474225045427	-0.00011647792772777103
ADCY2	0.5137923367667808	0.012251378270203889
ADCY3	0.6518875086740097	0.01618962627791903
ADCY4	0.3513146588822368	0.008788136191939152
ADCY5	0.4784267897267235	0.01237929318417897
ADCY6	-1.4950978913215005	-0.029661247065927248
ADCY7	-0.7781950184824935	-0.018915586314253968
ADCY8	0.774426103213707	0.019225128012280275
ADCY9	-0.9534175559759774	-0.03207487341814383
ADCYAP1	-0.0338858836206431	-0.0011781782876061399
ADCYAP1R1	0.281354675250425	0.007287930153011758
ADD1	-0.5903220679616509	-0.031664875725462956
ADD2	0.2758189493907784	0.010353140084332258
ADD3	-0.3211750812969688	-0.0034352886695523787
ADGRA1	0.1874252301612208	0.0025418609714464766
ADGRA2	0.0186440105029461	0.0004752358277200961
ADGRA3	0.2806078075866226	0.00724164569038797
ADGRB1	1.7031639665181555	0.052246257836910934
ADGRB2	-0.6366670096378035	-0.020263200915742373
ADGRB3	0.2405019483660815	0.006865368618058162
ADGRD1	0.3341520820997187	0.008894125969248212
ADGRD2	0.8223408702984927	0.028834560276146344
ADGRE1	0.5289134789102842	0.016592544746894526
ADGRE2	0.7218520036019617	0.023305713788292937
ADGRE3	1.0500109274852245	0.02874824918361796
ADGRE5	0.0543490726706041	0.0022418448985897484
ADGRF1	-0.4680721913559822	-0.01298385451602359
ADGRF3	-0.8742553367931942	-0.0432520342771697
ADGRF4	-0.2406143131998384	-0.008735021412093733
ADGRF5	-1.038753496791888	-0.03652361170069957
ADGRG1	0.6083314102193449	0.023134235199231468
ADGRG2	0.0372631954610254	0.0011146167026301918
ADGRG3	0.5193780681249389	0.006737372299716707
ADGRG4	-0.0200228687748685	-7.276310512787213e-05
ADGRG5	0.2971481460338755	0.003929487083151969
ADGRG6	0.3119225009884538	0.01067991451134367
ADGRG7	1.2265492821735169	0.03529886179167164
ADGRL1	0.169898519388214	0.004379474134269992
ADGRL2	0.377781442524587	0.00953067023201028
ADGRL3	0.5824292686284668	0.01519849176485984
ADGRL4	0.1745043277342786	0.005720775376112855
ADGRV1	-0.0459929113928479	-0.0014454192263430308
ADH1A	0.0624290256854686	0.0005449429652084555
ADH1B	-0.2407596957077115	-0.0018189395010717604
ADH1C	-0.295168914986715	-0.002262174564458184
ADH4	0.0092880831829005	3.211819164646993e-05
ADH5	-1.1408352709901908	-0.004751578903674145
ADH6	0.107811292306073	9.994106796772967e-05
ADH7	1.0001269811732554	0.002358299421606536
ADHFE1	0.6604777620280826	0.002005870963279287
ADI1	-0.1516941473419866	-0.004096500448970348
ADIG	0.3497994170423417	0.0006076015874025475
ADIPOQ	-0.866953487444282	-0.007126357666791998
ADIPOR1	-0.5044868538959931	-0.0031903748640382604
ADIPOR2	0.8143348107817245	0.01394466929982625
ADISSP	-0.0437856639592453	-0.0007699271150593693
ADK	-0.0581403154789195	-0.005467398987006632
ADM	-0.1068743264554805	-0.0029683275429745154
ADM2	0.7535753566127805	0.019911721647779497
ADNP	0.926522328083722	0.024903993656562366
ADNP2	0.1171492257518931	0.001877082044222583
ADO	0.4372230045588826	0.0023876748278960575
ADORA1	-0.2080134923626064	-0.004903918082448446
ADORA2A	0.057045942819623	0.0018854825020741793
ADORA2B	1.1753653341599175	0.03800778881072925
ADORA3	-0.1262203833877344	-0.003908919053134746
ADPGK	-0.407828961277807	-0.00047145027923714485
ADPRH	-0.5803743548989508	-0.0018589390587413397
ADPRHL1	-0.4635640922531056	-0.0025055639186280358
ADPRM	0.6066305171842401	0.0009797082852525476
ADPRS	-0.8086450220050738	-0.0057648303618741716
ADRA1A	-0.2898215705475765	-0.00817644614828823
ADRA1B	-1.2903154359706486	-0.03458174399944935
ADRA1D	0.8005722010347796	0.019668457835022465
ADRA2A	0.8551337152023689	0.02614229280745162
ADRA2B	-0.3592716706087482	-0.011314542722481308
ADRA2C	-0.3992389304878346	-0.012150437610466757
ADRB1	-0.2555998017762029	-0.003924479356471819
ADRB2	0.3952524230527223	0.010205022310798237
ADRB3	0.4821358541603298	0.013633355548091645
ADRM1	-0.0316348241775369	-0.005285609693231221
ADSL	-1.5844768832080112	-0.009397532394306714
ADSS1	-0.7359427611609856	-0.001983365741328856
ADSS2	-0.740827261083884	-0.0021469174026210957
ADTRP	-1.406689865697604	-0.0026825575738853307
AEBP1	0.4211873853836282	0.01228098178301583
AEBP2	0.4584785578433094	0.0200575199485291
AEN	0.0181930285400821	1.0533763524707535e-05
AFAP1	0.2203796290499232	0.005519187429926277
AFAP1L1	-0.8330559711878548	-0.010394039352510865
AFAP1L2	1.3322969261903732	0.024596865851326668
AFDN	1.050807006210957	0.03161563039586906
AFF1	-0.728600877022153	-0.01587402730768165
AFF2	0.4867273706585794	0.014537086379459791
AFF3	0.1854880220864472	0.0019470677678414363
AFF4	0.1570781277761539	0.0028176674560486488
AFG1L	0.533332517202751	0.01842717180187225
AFG2A	0.6474896921587496	0.05236249140487808
AFG2B	-0.2425443371794783	-0.024992011047310622
AFG3L2	-0.6368762523800495	-0.027416248912456375
AFM	-0.0538244366452005	-6.964882101888945e-05
AFMID	0.4236819169622355	0.0006694174288003321
AFP	-0.1746494899147218	-0.000598873100917581
AFTPH	0.1843513234838363	0.005450899932770072
AGA	-0.2758391022105504	-0.00019032898052527978
AGAP1	0.6455718083287557	0.014172883480049504
AGAP2	0.0338928536131145	0.00033137042977542043
AGAP3	0.3565863799038642	0.0058804659909946246
AGAP4	0.0481311938885397	3.7494200039172425e-05
AGAP6	-0.0074607589168432	-4.82711101919755e-06
AGBL1	0.5396005515777096	0.011742247602882538
AGBL2	-0.4136197975699036	-0.0014360879371627052
AGBL3	-0.5609846443565174	-0.0005794971376202825
AGBL4	0.3077416996378657	0.00036805907276688736
AGBL5	-0.1036111368878343	-6.237390440647624e-05
AGER	0.6930725564256094	0.027949536982975552
AGFG1	-0.4661814391881371	-0.04899893252874753
AGFG2	0.4129875956897132	0.03157042376490444
AGGF1	-0.3733718976976204	-0.00020535454373369125
AGK	-0.3754889184721902	-0.02053323601773325
AGL	0.411344096210699	0.0015487105222332818
AGMAT	-0.1351963992228548	-0.0039032552419630416
AGMO	0.7742053827475004	0.0033608255665068996
AGO1	0.1573844169629379	0.008709338865895058
AGO2	-0.3677613511843724	-0.022957870109035633
AGO3	0.6639354947071535	0.051034729671654774
AGO4	-0.6756812122814847	-0.05721195528751015
AGPAT1	1.015967897487568	0.004408284707198558
AGPAT2	-0.3533807868316895	-0.006965488689239432
AGPAT3	-1.0918028280869208	-0.14279798368831645
AGPAT4	-0.8081153086603544	-0.028772137449543256
AGPAT5	0.6367146630025122	0.017658644463711674
AGPS	0.918137104221954	0.003488920996043425
AGR2	0.9110455462064404	0.01099267556052691
AGR3	0.0350093240541909	0.00011654603977640151
AGRN	-0.7218561602982089	-0.023472596764416855
AGRP	0.2908298520313265	0.008929639776769848
AGT	-0.5093073312747509	-0.013658604010126271
AGTPBP1	0.7524255449420708	0.023537375896877856
AGTR1	-0.4345741189544875	-0.01802874189894587
AGTR2	-0.1971866069941337	-0.0058136527340080435
AGTRAP	0.6988234101988409	0.03179436869381667
AGXT	-0.15252454452376	-0.0005333783321995887
AGXT2	0.4653884025590031	0.001990931586147415
AHCTF1	0.005359820094176	0.0011931495511645193
AHCY	0.3931423021024861	0.0035874235066851853
AHCYL1	-0.0384029265477258	-0.002858368225873779
AHCYL2	-0.6685926974917777	-0.15478054665474153
AHDC1	-0.1056288313911174	-0.00721561110115862
AHI1	0.4495957378131082	0.0011932270881559893
AHNAK	0.2399764293214956	0.003761630529614444
AHR	1.0646382007274833	0.033284848707544036
AHRR	-0.2220725957090642	-0.006334842865196765
AHSA1	-0.2509674928781036	-0.02673657088627589
AHSG	0.65520968931824	0.003454265482085761
AHSP	-0.0787247649345261	-0.0018856155697117693
AICDA	-0.3711603440043294	-0.023553835430514744
AIDA	0.3551075672766363	0.0024147314574811266
AIF1	0.017478811915792	0.0004306779256051149
AIF1L	0.5331795486484553	0.004106015704141755
AIFM1	-1.0352817884977803	-0.04577809012379485
AIFM2	-1.207354909549403	-0.002472662854757177
AIFM3	0.1135734549286771	0.0018798678259794633
AIG1	0.1192247873015091	0.00027695918090140563
AIM2	0.2801620966886928	0.004027330139899959
AIMP1	-0.5082995062333762	-0.14429860532706199
AIMP2	0.0841820545161888	0.0042201305749510615
AIP	0.2595346202400835	0.002475441207849916
AIPL1	0.2148565596720775	0.0027344794349465303
AIRE	1.5389696588563475	0.028746414257777717
AIRIM	-1.6795651559806712	-0.06912082442922855
AJAP1	-0.342960640488786	-0.0035482707864969796
AJM1	0.7589155491581713	0.005798873711117587
AJUBA	-0.4279035112748849	-0.012503340599452137
AK1	0.3848209326635093	0.003487632112729385
AK2	0.6181954115570556	0.007461000422082104
AK3	0.3132716890472123	0.0019053184127851453
AK4	0.6498927571038399	0.007898146677082966
AK5	-0.2120802703513615	-0.0020970497132342626
AK7	-0.4087434976828213	-0.0016521412176339636
AK8	-0.1291026022692509	-0.0008669239742380198
AK9	0.2366246843744864	0.0010430416087227358
AKAP1	0.4120281066841287	0.010445736560656031
AKAP10	-0.1499911051530773	-0.0040401604084032905
AKAP11	0.9059936349269436	0.006138106876630043
AKAP12	0.2615477719303499	0.0031443273141466663
AKAP13	-0.766104921118879	-0.010923890070234095
AKAP14	0.4258577630760407	0.010425423897864551
AKAP17A	1.2661820162674786	0.0009053201416312472
AKAP19	0.3791875678549425	0.0018041744478538165
AKAP3	-0.4835651157970735	-0.00126403921269355
AKAP4	0.3473290025091941	0.0009624486659529768
AKAP5	0.0575435032890721	0.0017487470649549012
AKAP6	0.2432859190274652	0.003384593705510096
AKAP7	0.6198865030901569	0.005670101843765665
AKAP8	0.0253833374143793	0.0005948077456311501
AKAP8L	0.3909012359047324	0.009868692601650875
AKAP9	0.6870405337950609	0.010043845563549996
AKIP1	-0.4413961203222421	-0.0016088888585745725
AKIRIN1	1.358738381381987	0.01033048791364725
AKIRIN2	-0.2698293066492563	-0.0028798881898675125
AKNA	0.5936711371930342	0.002343219978500906
AKNAD1	-0.2133048150579754	-0.003778268189121918
AKR1A1	-0.5082172662756311	-0.0021949903730444508
AKR1B1	-0.5452466423753098	-0.01141964567790849
AKR1B10	-0.5084162837151043	-0.0012979867723246614
AKR1B15	-0.1546695988675241	-0.00043926166078376845
AKR1C1	-1.0239707454821894	-0.0036760549762810597
AKR1C2	0.0189187224437511	7.158844572715417e-05
AKR1C3	2.0372807777375144	0.006423546292206383
AKR1C4	1.0035394522762189	0.003671950855878685
AKR1C8	0.0494493887535947	0.00015452933985498344
AKR1D1	0.2172967567385088	0.0003405040178092433
AKR1E2	-0.2717679272677125	-0.0006655596538786278
AKR7A2	0.5048553734916519	0.004322066852462031
AKR7A3	-0.6505588300974032	-0.0027375515570498728
AKR7L	-0.5424779973336491	-0.0028561466559616625
AKT1	0.8137495160847552	0.153753088567118
AKT1S1	0.0449386835745489	0.00182702711940686
AKT2	-0.013546987176578	-0.0006504044013346863
AKT3	-0.8839619969541042	-0.0649393841442363
AKTIP	0.4267695974905032	0.0847534546744315
ALAD	0.4167414950878201	0.002204979250509656
ALAS1	0.2719845504550796	0.01963701255830629
ALAS2	-0.8345331940839291	-0.0986535070054376
ALB	0.0571755440045645	0.0013404234536430102
ALCAM	-0.8714839224104531	-0.030322411596349304
ALDH16A1	0.0157098092026854	5.127681723756515e-05
ALDH18A1	-1.2417253388075289	-0.0011821225225447675
ALDH1A1	-0.2342969561710899	-0.005548151922131409
ALDH1A2	-0.1394572756601001	-0.004258188455005496
ALDH1A3	-0.8244856843233761	-0.01570975022909761
ALDH1B1	-0.8357312385461813	-0.0034925208458844916
ALDH1L1	0.1528032802105338	0.004358560764725266
ALDH1L2	0.8814398896668315	0.02716157020008341
ALDH2	-0.679867564923448	-0.0034652849784148143
ALDH3A1	-0.6507397637389624	-0.004777080605607723
ALDH3A2	-0.4604037514439001	-0.0030308378957551946
ALDH3B1	0.3719005520879916	0.002649047632522764
ALDH3B2	-0.0859388240090002	-0.0007137219333947466
ALDH4A1	-0.1188270327273025	-0.0005921151040801483
ALDH5A1	0.6405753282105178	0.004955490739036565
ALDH6A1	0.2926105070010216	0.004036561944079093
ALDH7A1	0.0345897824422949	0.0002580051872370777
ALDH8A1	0.909602184229169	0.026057373771613004
ALDH9A1	0.6728986536777671	0.003524643147964144
ALDOA	-0.31508156340207	-0.013104242221892092
ALDOB	0.8076781762122063	0.015465421718111324
ALDOC	0.5126353348946248	0.01763670606171467
ALG1	0.5131449973418695	0.015557016884413457
ALG10	-0.1240968383171646	-0.011715486118170242
ALG10B	-0.4656730277188008	-0.046818300533820516
ALG11	0.068797755509391	0.00046390326539982353
ALG12	0.4572076284581025	0.0024552049648200102
ALG13	0.3974781295422682	0.005288446513559878
ALG14	-0.5245506373970888	-0.005123810626094764
ALG2	-1.2221397535831815	-0.03166930743460098
ALG3	-0.3966108493173687	-0.01069857766033602
ALG5	-0.5222825224140872	-0.017031633055923385
ALG6	-0.1664693515090046	-0.0016016016308681331
ALG8	-0.3270196685307724	-0.008484198280362358
ALG9	-0.8018294335731023	-0.016543344873480248
ALK	-0.0785375526104787	-0.001551509351820007
ALKAL1	-0.480103988498164	-0.0022156799069190268
ALKAL2	0.3474027346492881	0.0029140141382382285
ALKBH1	0.0505004690025783	0.0003974386910502912
ALKBH2	0.4937194574552964	0.01970434354704088
ALKBH3	0.2318744472434871	0.004755513038516677
ALKBH4	0.690607590553597	0.012136737796388913
ALKBH5	0.2725071423753368	0.00017603961397446755
ALKBH6	-0.949212528012526	-0.01212998689547207
ALKBH7	-0.031517636463953	-7.756490333778834e-05
ALKBH8	-0.1277461180190042	-0.005097453347312325
ALLC	-0.9557840428251164	-0.00114885241947579
ALMS1	-0.0138752859618946	-0.0003119441789953144
ALOX12	0.6094216198806391	0.013074531432919232
ALOX12B	0.1511754568038644	0.003851799463905661
ALOX15	0.2540225307066764	0.006154965919022769
ALOX15B	-1.153462277617324	-0.027640416558543938
ALOX5	-0.2129988641410685	-0.004553276718743621
ALOX5AP	0.8395796285082042	0.020485742935600185
ALOXE3	-0.5011766715596199	-0.006988407508227339
ALPG	-0.3287322670152721	-0.0027718704754727745
ALPI	-0.383720272685245	-0.0032689130030056023
ALPK1	0.7004341318975102	0.021154511651568605
ALPK2	-0.1737796473014799	-0.0005566162103066402
ALPK3	0.464990762343152	0.002292869449114082
ALPL	-0.0046330043123678	-3.250515825557248e-05
ALPP	-0.6162751016204967	-0.005306128624952476
ALS2	0.7210261494466212	0.009768462272702824
ALS2CL	0.4735337405587044	0.01227352102154106
ALX1	0.4666804597379604	0.009348076289011084
ALX3	0.8636024450094588	0.022723107533088878
ALX4	-0.0685902017813161	-0.00205338487072726
ALYREF	-0.6353372861097187	-0.09669071089846587
AMACR	-0.1314184589886402	-0.0010644895178079856
AMBN	-0.5077385806436365	-0.019748999832714886
AMBP	-0.0922433582623736	-0.0029361060934913518
AMBRA1	0.7789408254703712	0.02352323398837974
AMD1	-0.7610550356626022	-0.0004528277462192484
AMDHD1	0.3437985008919165	0.005636920220623863
AMDHD2	-0.6612224127273796	-0.0013052530427238474
AMELX	0.5460102837400347	0.015598421785885311
AMELY	0.5644086630334593	0.015781995035741587
AMER1	0.0639005574653078	0.0001874842356032131
AMER2	-1.0790609858619336	-0.0036180914855950632
AMER3	0.4234286950976613	0.0010026791499912618
AMFR	0.6891445049467361	0.05503025615351171
AMHR2	-0.1804755667887781	-0.006545668331862193
AMIGO1	0.0466505205068143	0.0008698456053700594
AMIGO2	-0.8785342330384217	-0.02090120793821709
AMIGO3	-0.3293953217215417	-0.004578924367251151
AMMECR1	-0.3926081488070183	-0.0032138903061342517
AMMECR1L	-0.4856981500670778	-0.001748999038391547
AMN	-0.1109337783112541	-0.0007912906406941755
AMN1	-0.5263079475637658	-0.002390490697834624
AMOT	0.9199454028335572	0.058606041832914596
AMOTL1	0.2036876985863017	0.004426948441074681
AMOTL2	0.4398985635433085	0.006163858672368838
AMPD1	-0.2841958250846513	-0.0012189158937880695
AMPD2	1.3464113550118029	0.09060405931280925
AMPD3	0.5081858677611425	0.015698877826877213
AMPH	0.081683489629782	0.010649975061420607
AMT	0.070164190628275	0.0009409017963251678
AMTN	-0.4117912098145277	-0.00903387556091111
AMY1A	-1.6203862595791674	-0.006842891174202824
AMY1B	-0.1264983729527915	-0.0005342026289796386
AMY1C	0.4629356702608241	0.0019549773355114603
AMY2A	0.6728741734381702	0.0027756059654324523
AMY2B	-0.4456543874262439	-0.0021418149859705284
AMZ1	0.036749585619989	2.6533200817632056e-05
AMZ2	0.2916703427531398	0.0017660639253702613
ANAPC1	0.2681861484610442	0.0299008782503672
ANAPC10	-0.0006326823411675	-0.0005089948415162773
ANAPC11	0.9141602994636332	0.0009543833526400331
ANAPC13	0.1118437576415484	0.002504852796140118
ANAPC15	0.2158208490264696	0.005918670963701903
ANAPC16	0.0345183246937678	0.0031540428822436455
ANAPC2	-1.506018804523275	-0.1198926510092934
ANAPC4	-0.4266941469138801	-0.08021679284322179
ANAPC5	-0.2974697313184901	-0.025837625922861412
ANAPC7	0.1149864462423606	0.010441344251037554
ANG	-0.0530602496651098	-0.0029504682428780956
ANGEL1	-0.5173708633679936	-0.00824896104553929
ANGEL2	0.1192967029587568	0.002862762980901287
ANGPT1	0.4778981777566318	0.024411038919808753
ANGPT2	0.4978201773073549	0.019026687176687103
ANGPT4	-0.4569075287702994	-0.013905980638124062
ANGPTL1	1.1068327683435872	0.028344880364510924
ANGPTL2	-0.8299975812090054	-0.029920582805003433
ANGPTL3	0.0902462687760822	0.0031471581310283147
ANGPTL4	-0.3327112538849671	-0.009809658609544369
ANGPTL5	0.6018479016498754	0.01735308054827086
ANGPTL6	-0.0371397245199877	-0.0010242393228122207
ANGPTL7	-0.4686221092025709	-0.007557937377219064
ANGPTL8	-0.5297184158771046	-0.020200811789473385
ANK1	-0.9398079197301724	-0.01772853659778997
ANK2	-0.6614358421608241	-0.021298234117578536
ANK3	0.005391743242522	0.00017690848753038933
ANKAR	-0.4437359324037174	-0.011783851420913118
ANKDD1A	0.9361648158005528	0.013927323964664824
ANKEF1	0.6427877125595575	0.0003194654931421001
ANKFN1	-0.4747439361017839	-0.0018054511889950841
ANKFY1	0.3262875392720231	0.021209016340220772
ANKH	-0.0944404887964756	-0.0001765092735606129
ANKHD1	0.3063103027529034	0.01392915470738553
ANKIB1	0.0028711364894557	9.095186171297767e-05
ANKK1	0.3595409218524971	0.007272434226310458
ANKLE1	0.3847112434399129	0.007840799852548866
ANKMY1	-0.1243157952811309	-0.0001383634801478987
ANKMY2	-0.4655316358296566	-0.015414683525591591
ANKRA2	-0.4740214745719884	-0.013681681820571301
ANKRD1	-1.0778015627740087	-0.024375560143696982
ANKRD10	-0.0267651322560385	-0.0005288254831148087
ANKRD11	-0.2988851621615405	-0.014714415418374798
ANKRD12	-0.4460031707556833	-0.07172667592409974
ANKRD13A	0.6507149803906616	0.010067211461623924
ANKRD13B	0.2085573751301145	0.0018140320488817356
ANKRD13C	-0.0778341494979835	-0.0007874480904710991
ANKRD13D	-0.3087138830856034	-0.001703174492983274
ANKRD16	0.4021554133415268	0.0019005864834520558
ANKRD17	-0.132981411364053	-0.004548230231473342
ANKRD2	-0.2104884433672828	-0.006417582149825085
ANKRD20A1	-0.2286326633353275	-0.0005814128628617379
ANKRD22	0.4143214396259592	0.001055691028166944
ANKRD23	-0.0881398676706867	-0.0005860419801423959
ANKRD24	-0.174829379593163	-0.01838890380436807
ANKRD26	-0.5546568080057649	-0.0074418303930133475
ANKRD27	-0.1891463233886565	-0.009372389470231317
ANKRD28	-0.1114048972831875	-0.002370027784802531
ANKRD29	0.5084026012595582	0.0003147012101796665
ANKRD30A	0.2466064041390671	0.0007782898114628957
ANKRD33	-0.773580969188878	-0.0007387698255753785
ANKRD34A	-0.2195005967355543	-0.0003424209309074647
ANKRD34B	1.208157286480979	0.0008239632693800278
ANKRD35	-0.63638767841429	-0.009699820994390608
ANKRD36	0.1937182745835474	0.0002702369930440486
ANKRD36B	0.1866231926631053	0.00013511519148808824
ANKRD37	-0.0303379040543591	-0.0006074255149763779
ANKRD39	0.6700954755644661	0.017645624158039087
ANKRD40	-0.3297015256741465	-0.0019383152694383073
ANKRD42	0.2610322140269905	0.0061822869570152435
ANKRD44	-0.0739253174197034	-0.0019037986995096218
ANKRD45	0.1852712255150154	0.0008781856089411731
ANKRD46	-0.6006037172999659	-0.02729563714013155
ANKRD49	-0.562996429709181	-0.006036447719341838
ANKRD50	0.1857208980606962	0.003167098474629052
ANKRD53	0.0378155451989648	2.9571756345590476e-05
ANKRD54	-0.1784173788037628	-0.0006712061790597557
ANKRD55	-0.4228840811498962	-0.001067359420822338
ANKRD6	0.0981046539976928	0.004911118979124502
ANKRD7	-0.4655392767769649	-0.00028956543015527217
ANKRD9	0.4785033663458996	0.008751826570466503
ANKS1A	-0.3915132033907882	-0.0050372088748258815
ANKS1B	-0.7431902161082393	-0.00890639154984114
ANKS3	0.3948094205073432	0.021022022404333995
ANKS4B	-0.4833606306629799	-0.0014940677093792708
ANKS6	-0.2102793055494274	-0.004184347901128056
ANKZF1	0.1502673067073921	0.0022900737542206557
ANLN	3.2978837294567844	0.026897539697449534
ANO1	0.298326284473309	0.001700161495213388
ANO10	-0.3217303023875861	-0.0015877390422827375
ANO2	0.0589828492900844	0.00044726694616671
ANO3	0.5086991314900364	0.005046804083512651
ANO4	-0.1789944969231151	-0.0017235380108726753
ANO5	0.3495125915278184	0.005228358856664635
ANO6	-0.5182948488592367	-0.0067492355218449806
ANO7	-0.2423831971409694	-0.003247207692097567
ANO8	-0.6688754020138972	-0.009556222868572549
ANO9	1.145699135198528	0.010730618100269412
ANOS1	-0.5967675960682777	-0.0050796857777331795
ANP32A	-0.5142493980187534	-0.001400815360203084
ANP32B	0.1506433399221884	0.003830860134221251
ANP32D	-0.2077640789600786	-0.0012058627142842962
ANP32E	1.141273511344944	0.006316948885294264
ANPEP	-0.7169935247401515	-0.02204970186633388
ANTKMT	-0.2110705248338088	-0.008350583173999978
ANTXR1	-0.1105588516458753	-0.0009347750906658757
ANTXR2	-0.26728073296595	-0.0013291870850396694
ANXA1	-0.2986440843750471	-0.012200208134889423
ANXA10	-0.619674136579267	-0.0029793932486731154
ANXA11	0.8081088472493091	0.020356261862210095
ANXA13	0.2870619516820614	0.007933818220588813
ANXA2	-0.6541320893172053	-0.016073987830791687
ANXA2R	-1.0697559599586035	-0.004049026308443314
ANXA3	-0.4347279348370755	-0.03780046338995339
ANXA4	1.400256658036768	0.03301385122653288
ANXA5	-0.2030177759859458	-0.006588332866295914
ANXA6	0.5657424177748229	0.016114607027898055
ANXA7	-0.1421563488653618	-0.002163761786079672
ANXA8	-0.3407181228999609	-0.006574837617600546
ANXA8L1	0.346825620180658	0.006771770234027348
ANXA9	-0.978442849487326	-0.0013512295751419972
AOAH	0.4137176967509925	0.0020073582646358158
AOC1	0.4045050201049351	0.0012199871406364843
AOC2	-0.6121875225132605	-0.0017435100641177658
AOC3	0.207594919293604	0.000699802472938739
AOPEP	-0.1571677049521533	-0.001187402010913518
AOX1	-0.3818174494079274	-0.0018437964631908812
AP1AR	0.6052829525372341	0.0007584195395291543
AP1B1	-0.2192019110430277	-0.02371128991943535
AP1G1	-0.1608507696983878	-0.01945441804271091
AP1G2	0.6479910214618321	0.0501460811778668
AP1M1	-0.2222851476740375	-0.034875428244318114
AP1M2	0.1995032201676263	0.023444022408338105
AP1S1	0.0081433451257261	0.0005312718360023708
AP1S2	-0.0060190332644275	-0.0002172509866462462
AP1S3	-0.6994427366004338	-0.00517587625084321
AP2A1	-0.134067409745948	-0.009815879471959329
AP2A2	-0.6246958930861168	-0.049506524831181675
AP2B1	-0.1240723328159386	-0.00802896880118502
AP2M1	-0.0776082735242645	-0.009214740748630022
AP2S1	0.2254961817818054	0.025560668693512985
AP3B1	0.7580372323680391	0.05527076872365084
AP3B2	0.4672851065847207	0.053301342967692754
AP3D1	-0.1101075534627115	-0.015583301826470632
AP3M1	0.6574500662723664	0.033798850456996085
AP3M2	0.1096638042796608	0.004075655286053593
AP3S1	-0.0863721319252008	-0.003351152346565866
AP3S2	-0.0562798448451377	-0.0013746914901873334
AP4B1	0.1573392918455725	0.010744542900842301
AP4E1	0.3962761261745338	0.054075443901650706
AP4M1	0.1146636170872329	0.008557919061305628
AP4S1	0.4771886039815163	0.036662400443899894
AP5B1	0.3963361667962827	0.012087064078786233
AP5M1	-0.5423312898491643	-0.022865771842620466
AP5S1	0.0876940198788213	0.007006752188317822
AP5Z1	0.0370998156548757	0.005446178738504443
APAF1	0.140451869173946	0.004564404844414897
APBA1	0.0240610299458835	0.0010124640790928317
APBA2	-0.4033093211480278	-0.010375535595854163
APBA3	-0.0105122289706888	-0.00024525030188616973
APBB1	1.2510574504310297	0.028606679661555924
APBB1IP	0.0941335949599374	0.00551792306936161
APBB2	0.7848099769449541	0.023636122075651186
APBB3	0.2656085499139812	0.003034577682767235
APC	-0.0421167884363896	-0.0017275464280838285
APC2	1.338278662557614	0.016689673200756004
APCDD1	0.0821803364404642	0.0019470987112839182
APCDD1L	-0.3926359092374097	-0.006355204826916713
APCS	0.2104422511740573	0.006014018654052209
APEH	-0.8136906301220442	-0.0119335867813699
APEX1	-0.4143393735201368	-0.03366548843788463
APEX2	-0.9968710836399824	-0.029290066179509962
APH1A	-0.3568679228182514	-0.002995192476213584
APH1B	0.9749723010090644	0.006353894485676073
API5	-0.0652275659097935	-0.0017443155675596978
APIP	1.3070546169775978	0.0032258107947007114
APLF	0.2516817945754439	0.041450984839397305
APLN	-0.4301303884101128	-0.00751394775513626
APLNR	0.9637954298916722	0.025899110792049016
APLP1	0.3962472811938985	0.01727598521277278
APLP2	0.8440862985287687	0.027263143356180703
APMAP	0.0932546827370714	0.0004919184514380516
APOA1	0.2371736565982222	0.006858350627850792
APOA2	0.5008261165197171	0.015181041243945663
APOA4	0.7541936056383141	0.006394807582207265
APOA5	1.1259991129568625	0.008652177183960531
APOB	-0.0058366070832281	-0.00023455572885368767
APOBEC1	0.749660101509958	0.02375972725725661
APOBEC2	-0.2449852780224098	-0.0006933083368034197
APOBEC3A	-0.374077199997618	-0.0018572932979881733
APOBEC3B	-0.1790077247430107	-0.0003422627697086364
APOBEC3C	-0.8566991475091655	-0.0031243817909659267
APOBEC3D	-1.3057215791636243	-0.0048925387571261
APOBEC3G	-0.1666491286384934	-0.0005881047749652432
APOBEC3H	-0.6639962666301542	-0.014516950377335061
APOBEC4	-0.3822188384182013	-0.0005966436067708123
APOBR	-0.7442431610595036	-0.02016080298994089
APOC1	-1.0140160137148313	-0.0285171723537022
APOC2	-0.5377860708275687	-0.0165030411554856
APOC3	0.0441815952939794	0.0016801818874347427
APOC4	0.1572323960376777	0.0030559688493883032
APOD	-0.1135469280140935	-0.0029977524465000824
APOE	-1.265831990223944	-0.05223835457256172
APOF	-0.4516189720902293	-0.011901514771493813
APOH	-0.6663084892790876	-0.01829283326466807
APOL1	-0.1935324918024052	-0.005534642200565184
APOL2	-0.8867259297109534	-0.010935990891125189
APOL3	-0.3166241099203698	-0.0032469802472333926
APOL4	-0.2887518743753139	-0.0034090046288749562
APOL5	-0.5756704196550056	-0.005480958065535309
APOL6	-0.3629961001974799	-0.0031595180561188652
APOLD1	-0.3059367078392982	-0.0019919539047416708
APOM	-1.0668023268899	-0.007912472858542388
APOO	-0.4854849198392356	-0.01469028818941543
APOOL	0.1362184663919657	0.0018070741751558168
APP	1.922325863891336	0.07556470738370452
APPBP2	-0.6178329714223151	-0.01441898588705399
APPL1	0.1789053098780162	0.03207521738679001
APPL2	1.0219858959972683	0.19327797265100338
APRT	-0.7969074463963197	-0.15855589316479735
APTX	0.280761842979167	0.00909050695197947
AQP1	0.0561510665707238	0.0005928991119202727
AQP10	-0.5472019799762837	-0.002345854888158328
AQP11	-0.7689633780367554	-0.0016863366880346046
AQP12A	-0.307338338537102	-0.0008344235891282319
AQP2	-0.3352874623490752	-0.0015976447580933434
AQP3	-0.0465048645530154	-0.00010728672252380652
AQP4	-0.2682191142423014	-0.00189040831717974
AQP5	1.3537690032410965	0.008554466331480489
AQP6	0.4711623540139366	0.001656135674358987
AQP7	-0.4188786596957007	-0.0007661290685834365
AQP8	-0.207365506180972	-0.00013665386857326055
AQP9	0.4003472151698217	0.0013815982395510547
AQR	-0.3732421129739189	-0.05588143591234216
AR	0.0118907297891133	0.0004097545485328443
ARAF	-1.183031320549909	-0.031119638887065353
ARAP1	0.3143785743718035	0.009910784557071105
ARAP2	-0.5764573000772042	-0.0035135072439705594
ARAP3	0.1475149442754296	0.0007476057375878772
ARB2A	0.7419296331507547	0.0023237236110281636
ARC	0.2648587438730716	0.0005260094653319203
ARCN1	-2.0779858144198333	-0.21191714932616346
AREG	0.1759188037829847	0.003936535072251848
AREL1	0.6410671445210685	0.009429456628760397
ARF1	0.9328638300113958	0.03642273537896494
ARF3	0.4675788620858963	0.025253466762397172
ARF4	0.3531424090795623	0.015376526776142301
ARF5	0.3204275472577423	0.023975991223560568
ARF6	-0.8314898596335085	-0.06743632208585644
ARFGAP1	0.3623492395655429	0.04585928210865468
ARFGAP2	0.4330450523091746	0.04307672353340284
ARFGAP3	-0.8523041481083486	-0.09942127887683887
ARFGEF1	1.3422000192979908	0.16134854871985008
ARFGEF2	-0.9628483705523736	-0.02951804249602412
ARFGEF3	0.3548281921589225	0.03405002297595452
ARFIP1	-1.0252774284569166	-0.013283494363087811
ARFIP2	-0.0262596813029007	-0.00019954731822074243
ARFRP1	0.1337528320370985	0.0139631269005129
ARG1	0.7823631914438562	0.0014090361077903851
ARG2	-0.5070217196904511	-0.0026745395713671295
ARGFX	-0.4732246167096482	-0.0002749435023083056
ARGLU1	0.7350922074460052	0.003241021542629437
ARHGAP1	0.4265962062533102	0.025211409193364377
ARHGAP10	0.7689007529674045	0.06051864046455847
ARHGAP11A	0.0017338419371907	4.44643764792555e-05
ARHGAP11B	-0.1006666778360119	-0.000676480075058
ARHGAP12	-0.0605609320473183	-0.002286477989446502
ARHGAP15	-0.3014261611983377	-0.0017154162833797398
ARHGAP17	0.509095069486015	0.06777786298095112
ARHGAP18	2.11868757520399	0.008390002797807801
ARHGAP19	-0.5368281929673757	-0.00831332139629278
ARHGAP20	-1.0156520720795212	-0.0052885003393180665
ARHGAP21	-0.4103736865764497	-0.004337649867113073
ARHGAP22	-0.1040792381354137	-0.0010633775760295217
ARHGAP24	0.4892517944970164	0.005608782572113796
ARHGAP25	-0.0062552822741312	-5.038004343585269e-05
ARHGAP26	0.6462480182796719	0.016837992116276852
ARHGAP27	1.1268624218181005	0.031300857490841376
ARHGAP28	-0.2895634293146937	-0.0015755146189012483
ARHGAP29	1.399811566317155	0.014128298138839045
ARHGAP30	0.7966924038667675	0.009300587122740645
ARHGAP31	-0.3961060507880814	-0.0016775091250875247
ARHGAP32	-0.1901014567847022	-0.0036035632148108147
ARHGAP33	-1.2022541924407064	-0.016496129774478934
ARHGAP35	-0.1722447145404076	-0.006631421509805693
ARHGAP36	-1.6406130666388208	-0.009008606348913765
ARHGAP4	0.2916437519676449	0.010453678645528264
ARHGAP42	0.574924624859035	0.016951652563968647
ARHGAP44	0.4669694676170101	0.01711863371337197
ARHGAP45	-0.1422434668244316	-0.002330516960451487
ARHGAP5	0.2473699261470849	0.013157359001837298
ARHGAP6	-0.2888797651970136	-0.0013276914008454744
ARHGAP8	0.0301643212991686	0.0004662800786425482
ARHGAP9	0.8878763133154407	0.009593503565373336
ARHGDIA	-0.0887409462080967	-0.00648314730712492
ARHGDIB	-0.1264548216630949	-0.01483302412625937
ARHGDIG	0.2115019146857865	0.01979784822607773
ARHGEF1	-0.0415560587464998	-0.0007574007267137054
ARHGEF10	-0.1258806517640402	-0.002904947800758756
ARHGEF10L	-0.3689969400687849	-0.002513607155748563
ARHGEF11	0.3164152553996488	0.007702180146938251
ARHGEF12	0.1123761649207365	0.007638432681992302
ARHGEF15	-0.1776673126638034	-0.0031605238249763985
ARHGEF16	1.075162151799059	0.02119682182271845
ARHGEF17	-0.9599187246838335	-0.0043868285718051195
ARHGEF18	-0.6063531262414583	-0.015254631949982608
ARHGEF19	-0.2917556024265363	-0.006541160606402943
ARHGEF2	-0.2139846611983565	-0.01527358316235509
ARHGEF25	-0.0165966169465241	-0.00034024724402069055
ARHGEF26	-0.3845180526543451	-0.008629738655721466
ARHGEF28	0.0818244187932064	0.0013648313054706828
ARHGEF3	1.058948530549456	0.02257995951690605
ARHGEF35	0.1839465125095744	0.0006546656380215753
ARHGEF37	0.0433731904008019	0.000865902373161609
ARHGEF39	-0.9007463196173912	-0.004309170393049599
ARHGEF4	0.3515320725559973	0.0042556472703629035
ARHGEF5	0.1930476482972364	0.001290330481218728
ARHGEF6	0.8731413825495585	0.02251307740765782
ARHGEF7	0.3873390505230683	0.0061118228782034946
ARHGEF9	0.3466743718082082	0.0050347519017706075
ARID1A	-0.5494047120995804	-0.014201562403062055
ARID1B	-0.3864763895478863	-0.01090868257137864
ARID2	-0.3952875806781114	-0.00977862417081512
ARID3A	-0.5918452069230328	-0.012619323502012905
ARID3B	0.4751216680455843	0.011942183126325763
ARID3C	0.493085400413652	0.007878025442408919
ARID4A	-1.081852254345407	-0.02317976640160469
ARID4B	-0.6585417087783871	-0.00659397812999799
ARID5A	0.5832216700013113	0.015712575011505327
ARID5B	0.1848080336453756	0.0012031002990313953
ARIH1	1.5939261444947397	0.06551514631716729
ARIH2	-0.7516715549760775	-0.030984653167668894
ARK2C	-0.1931397802226795	-0.005694726419865705
ARK2N	0.8382413147774479	0.021116975201873465
ARL1	0.605165819260992	0.04032582953227546
ARL10	1.0431103991355255	0.009878255479813426
ARL11	-0.0565806373848367	-0.00039476310703400564
ARL13A	-0.0938907950205387	-0.0004939594726030541
ARL13B	-0.3186435469216774	-0.007944739555398183
ARL14	0.2575276501755506	0.001933517597518034
ARL14EP	0.1801464809514541	0.003113651776764933
ARL15	-0.5391034994263716	-0.020033625142183393
ARL16	1.6306412545996645	0.019029583441178083
ARL17A	0.0017346382797074	7.952796120974517e-05
ARL17B	0.2465733132201897	0.010049835100228492
ARL2	0.1612433064241281	0.006761899298202236
ARL2BP	-0.3935313245147876	-0.027779769728823372
ARL3	-0.0235029989222532	-0.001856548890866625
ARL4A	0.0952454486646282	0.0012152366795119911
ARL4C	-0.580687604643364	-0.005027012593397602
ARL4D	-1.517265765312091	-0.03333888066120257
ARL5A	-0.3494686141581256	-0.001539059776752385
ARL5B	0.4250154415666856	0.002234306176316066
ARL6	-0.3234527095928812	-0.009930321637211045
ARL6IP1	-0.2095589246756424	-0.00738716165374107
ARL6IP4	0.0497627154573677	0.0006634365224776262
ARL6IP5	0.3487582566462321	0.028474019105624974
ARL6IP6	-0.2376548742183706	-0.000457247977996145
ARL8A	-0.7680431659417495	-0.007899323961710895
ARL8B	0.2984822467173057	0.006962993851421308
ARL9	-0.3655691597750055	-0.04803140076451842
ARLN	0.3806116894392765	0.00036272294003563045
ARMC1	-0.298561262927936	-0.001538784749130582
ARMC10	-0.145849497903056	-0.00016889371857173885
ARMC12	-0.3948515291781053	-0.007901373950383065
ARMC2	-0.1375380375399959	-0.0030757631335069286
ARMC3	0.0856155653837419	0.0003481128888502946
ARMC5	0.2917900439271178	0.007690418397743118
ARMC6	0.892743816476201	0.015755142873171996
ARMC7	-0.6107967910778768	-0.007129220145460978
ARMC8	-0.2319098650180671	-0.024563660992848648
ARMC9	0.1654368744315259	0.00969360822044083
ARMCX1	0.1588102415000906	0.00036002281748070535
ARMCX2	1.276722600843864	0.0008107188515358536
ARMCX3	0.391689406924219	0.00039482292217961275
ARMCX5	-0.0198078135858463	-1.1468724066205006e-05
ARMCX6	-0.4815885288529853	-0.0013980514992602165
ARMH3	0.5769514075770958	0.01557307239332097
ARMH4	0.1204319940858188	0.002956605454806851
ARNT	-0.8568304430360267	-0.02103004639387624
ARNT2	0.0664695924932812	0.0020411482462836792
ARPC1A	-0.5191704132533936	-0.09335670454081199
ARPC1B	1.2640593693059796	0.027236687230435944
ARPC2	-1.4831787236980405	-0.2495566856919849
ARPC3	-0.6721420418303629	-0.09177091368130859
ARPC4	0.158721386545896	0.017647119920332355
ARPC5	-0.5141674704482614	-0.04943206060889585
ARPC5L	-0.0501448818605569	-0.007881822675724194
ARPIN	0.2433548108018819	0.0025245628072587227
ARPP19	-0.3119855932489283	-0.003419362102008254
ARPP21	0.6897625733945717	0.016093540362442146
ARR3	0.1905171998677358	0.011821782768992874
ARRB1	-0.5684357612208387	-0.01939616504437746
ARRB2	0.0571920816018363	0.002927491080953195
ARRDC1	-0.2980705592519753	-0.0020817247858157953
ARRDC2	-0.3363784537402361	-0.002789922895321518
ARRDC3	-0.258730101697386	-0.006628923935588726
ARRDC4	0.0076691120409032	5.287085840998666e-05
ARRDC5	-0.1195040304682683	-0.0014183933376278764
ARSA	0.0743734223596656	0.0016751125918067484
ARSB	-0.7537722806278715	-0.0037809217596294032
ARSD	0.2077875974679052	0.0010054841841471934
ARSF	-0.0415029660584641	-0.00026707158658621647
ARSG	0.636884084696943	0.003640429428127726
ARSH	-0.3787034104046888	-0.0013811313377459001
ARSI	0.1580108166809231	0.00085246835599358
ARSJ	-0.2705871252050851	-0.0015047350032654783
ARSK	-0.7296704776348757	-0.0004071561265202606
ARSL	0.7390797450333714	0.004240100497256451
ART1	-0.2822324380261921	-0.00131040520975561
ART3	0.2755173820853703	0.0023159991138096228
ART4	-0.8956032364106693	-0.0028032381299653948
ART5	0.6586226115917716	0.003284550964008165
ARTN	0.0732156402170396	0.002530991466662842
ARV1	0.2154133263978289	0.0002722824445668557
ARVCF	-0.1813547068347371	-0.004849243506054035
ARX	0.5978399015978922	0.008575415548520166
AS3MT	-0.3017130509340515	-0.002348534388470657
ASAH1	-0.2057705846297702	-0.0012611679131958615
ASAH2	-0.0917392547508992	-0.0005893329725197764
ASAH2B	-0.3289456699147479	-0.007626276411303515
ASAP1	0.0612945960430023	0.007455077832922241
ASAP2	-0.0014068572876241	-4.3599914200758485e-05
ASAP3	-0.2937199156014292	-0.007199956291137834
ASB1	-0.2914074115152454	-0.007230109287104753
ASB10	-0.037030024953556	-0.0007558198393270315
ASB11	0.1188159543377626	0.0031395927774210386
ASB12	-0.0110607930225682	-0.00026783710304148896
ASB13	-0.1185711020575037	-0.0030313887952021393
ASB14	-0.2064476588461729	-0.011706820942531079
ASB15	-0.131657676776231	-0.0034625968992148754
ASB16	1.3479976781418517	0.03202438083961597
ASB17	0.3150464966011564	0.009072393962623502
ASB18	0.3530595765680487	0.008821193520552696
ASB2	0.3163412641379212	0.005930766020057747
ASB3	-0.3983823787591455	-0.007364098271362805
ASB4	-0.4511504609109096	-0.012664695738691055
ASB5	1.0767130146131318	0.024978665226010048
ASB6	0.6545235216999381	0.018684028450446432
ASB7	-0.0037716178483324	-9.875227012288724e-05
ASB8	0.0678431188679097	0.0017164309073581152
ASB9	0.042278394958776	0.0007749207011994054
ASCC1	0.261210273876548	0.013954114040759072
ASCC2	0.099620477052693	0.09681984658131064
ASCC3	0.086870294561559	0.00026747363695504015
ASCL1	0.2907736377851508	0.008883716181611927
ASCL2	-0.3927832054195969	-0.005726386351812303
ASCL3	-0.0858130936671099	-0.0018714977597859997
ASCL4	0.818674758434939	0.010553536310984797
ASF1A	0.2516627389540899	0.008208986881943459
ASF1B	0.2931779093251752	0.008844884346431211
ASGR1	-1.1642429465743496	-0.03677028498165768
ASGR2	-0.2661614890116873	-0.009153027445622915
ASH1L	-0.9220709535561104	-0.02168987504050038
ASH2L	0.4877602777742627	0.044302290509680736
ASIC1	0.5474846774611445	0.005935828873033728
ASIC2	-0.5578581598572712	-0.0097591706485431
ASIC3	-0.172337005396611	-0.0022867397246076316
ASIC4	0.0017028662106323	1.8016324508489736e-05
ASIC5	-0.4378297884716149	-0.006751335338232302
ASIP	-1.3984056054514091	-0.04512375207670607
ASL	-0.787383962046249	-0.0008204540884521915
ASMT	-0.0333111236834763	-2.475016489682289e-05
ASMTL	1.16194268619588	0.03395893694676078
ASNS	-0.2315922912628886	-0.0007468851393228157
ASNSD1	-0.0220347784736013	-6.932141307794969e-05
ASPA	-0.6411783906606112	-0.00038534821278702735
ASPDH	2.2596301253125852	0.008776403406714081
ASPG	0.0615841042373921	6.367796378146343e-05
ASPH	-0.0098753424230786	-0.00024165950443515643
ASPHD1	-0.6082872418151264	-0.0015888462756211102
ASPHD2	0.3753650245443222	0.0009023775190045505
ASPM	0.0598763467361198	0.001555407859164184
ASPN	-0.3490326445973242	-0.008846930442608376
ASPSCR1	0.8354947336582249	0.0600194351818059
ASRGL1	0.2477847399113198	0.0008072826826310799
ASS1	0.3229561395183714	0.0021305416524026962
ASTE1	-0.736489431594877	-0.004957310364065117
ASTL	-0.0225680481215556	-0.00012820908137855735
ASTN1	-0.0199526929644852	-0.0007602774127187441
ASTN2	0.1825168751067016	0.004889079533483215
ASXL1	-0.5240374130346535	-0.014117567907153563
ASXL2	-0.6695321774315283	-0.004931104486783205
ASZ1	0.3399489284212175	0.010486064646080874
ATAD1	0.779575166717522	0.020387449759996637
ATAD2	0.6476735931017206	0.029043626935460455
ATAD3A	-0.0393056152903059	-0.007597500296309098
ATAD3B	0.5881503221861444	0.10671399445745403
ATAD3C	-0.1390699711974475	-0.022913585664405038
ATAD5	0.5260233156630698	0.029486762982809042
ATAT1	0.0003223171014461	1.916819802299957e-06
ATCAY	-0.214852894992404	-0.0015596171647498606
ATE1	-0.7554861951798539	-0.016979552236667216
ATF1	-0.2250275053911112	-0.003157360928142681
ATF2	-0.4917157244931823	-0.007869910170513382
ATF3	0.3020438524114969	0.010562473518830046
ATF4	-0.1348549555573271	-0.004439425136947208
ATF5	1.3154148317209844	0.040881777555056474
ATF6	0.2423355635001675	0.008497254198569873
ATF6B	0.2704955852191986	0.011533931753746627
ATF7	0.4772059938814668	0.01622786702793316
ATF7IP	-0.7643253101159145	-0.013839638390268865
ATF7IP2	-0.240888753189346	-0.0017474070156355158
ATG10	0.74651216350503	0.00471347780037076
ATG101	-0.0107224733657412	-0.0005624151729798574
ATG12	-0.556119722024135	-0.03959127525034222
ATG13	0.0966541507123704	0.008807319521212616
ATG14	1.5612111459326152	0.09757101298735064
ATG16L1	-1.2837899227598468	-0.057624194472998484
ATG16L2	0.4703908085981492	0.03555307809546531
ATG2A	-1.284722233314377	-0.03820635449653626
ATG2B	0.4419021568203991	0.016605799248996956
ATG4A	-0.8613810642019897	-0.02897944314294754
ATG4B	1.0725544126219195	0.026316195068091415
ATG4C	-0.2179643999151751	-0.001415024884249317
ATG4D	-0.4765657740010199	-0.0030061769023984335
ATG5	0.0348453315694344	0.0037710663184388994
ATG7	0.1534107406868939	0.014052730668400855
ATG9A	0.6813598506208098	0.022162591861143083
ATG9B	1.0537365337456233	0.005630114299802865
ATIC	0.1859875975463839	0.005007716063936386
ATL1	-0.4419613015109235	-0.006577268089085563
ATL2	-0.227191412840304	-0.006737361347779215
ATL3	0.9239088181642758	0.00945990238918402
ATM	-0.6251955025527468	-0.06129979382979427
ATMIN	-0.4098489442059735	-0.01016671290997338
ATN1	-0.7417792985497829	-0.020468657964182707
ATOH1	0.5264810949475005	0.015443269958095033
ATOH7	-0.6748139029455245	-0.0052925654408017475
ATOH8	0.1486973943264305	0.0013216224407733143
ATOSA	-0.1577292370062545	-0.0047342430487427286
ATOSB	0.4106218298664328	0.001358747635028026
ATOX1	-0.304457279939947	-0.0028582449440762224
ATP10A	0.5550370977990945	0.0035461320178384144
ATP10B	0.5221668511290565	0.00536839739645783
ATP10D	0.1603974999938803	0.0012676214424516361
ATP11A	2.0443051262159058	0.03378214221071785
ATP11B	-0.2707395869135616	-0.0024805160953020513
ATP11C	-0.8229997269264493	-0.009215127942395453
ATP12A	0.3395529537377164	0.0023340870039930623
ATP13A1	0.6747723229253524	0.003985880111520057
ATP13A2	-0.5637182001303008	-0.010911893199922232
ATP13A3	0.2250679742254925	0.0012970667354615132
ATP13A4	-0.0942728495291184	-0.0006116422477449201
ATP13A5	0.2992893163576161	0.0021869070346251006
ATP1A1	-1.4623400891214031	-0.014415748598558792
ATP1A2	0.6937577520557336	0.01760202168515807
ATP1A3	0.136861370906323	0.0037539705425895333
ATP1A4	0.34466250073534	0.0025370606679128377
ATP1B1	-0.0722584535028924	-0.0011752114877710419
ATP1B2	0.7389420273431315	0.009236036399761801
ATP1B3	-0.8034568313098331	-0.0071338932052000086
ATP1B4	0.0264281804263538	0.0006899076500299659
ATP23	-0.2067230536601957	-0.003740240209873921
ATP2A1	0.7202716175150071	0.02176156637998091
ATP2A2	-0.2373166761592788	-0.008847640320570232
ATP2A3	-0.3556732027786489	-0.0028617465895570088
ATP2B1	1.5398012924479194	0.04147300801079226
ATP2B2	0.7611784695671503	0.024008330108617488
ATP2B3	0.4140788784060553	0.012668329205954855
ATP2B4	-0.8093607884318292	-0.024981730095736843
ATP2C1	0.42494858540032	0.004867786045760665
ATP2C2	-0.3043563655838615	-0.003555186706385086
ATP4A	0.0559234259833758	0.0003424750607221934
ATP4B	0.0816640223158207	0.0006282413236756088
ATP5F1A	0.2234687085034034	0.016015778869730418
ATP5F1B	0.2338476961269652	0.017338637429333836
ATP5F1C	-0.1422586929592491	-0.0081918245753654
ATP5F1D	0.2643033832054616	0.0005402361152719635
ATP5F1E	-0.3973440000825499	-0.00834144259373297
ATP5IF1	0.0513496534093915	0.0006281603101570863
ATP5MC1	0.1006638006629381	0.000260316588514358
ATP5MC2	0.5805262456641656	0.0017584139981167576
ATP5MC3	0.3479186199136923	0.0033894231951991905
ATP5ME	0.3412390396795369	0.019154088536252084
ATP5MG	0.1451758833815247	0.0010917226430290658
ATP5MJ	-0.6968650391333089	-0.007043214950520352
ATP5MK	0.3195250252721958	0.0014809984921366275
ATP5PB	0.0671781788689926	0.013017250075802435
ATP5PD	-1.088128800180484	-0.010404687587325788
ATP5PF	-0.1876846134141414	-0.0008778009369379392
ATP5PO	-0.9714434018928446	-0.001224990129786877
ATP6AP1	-0.4928758473342235	-0.012670359407420884
ATP6AP2	-0.2325333630641319	-0.008520487489395922
ATP6V0A1	-0.191912512931234	-0.006812318471520013
ATP6V0A2	0.2439238035765684	0.0017840586993590213
ATP6V0A4	-1.0960698609673765	-0.008926392947718314
ATP6V0B	-0.4116062640236144	-0.02456507344319333
ATP6V0C	-0.7155382363343481	-0.05221210956708105
ATP6V0D1	-0.7187925056164746	-0.08736275992513193
ATP6V0D2	-0.1042948772007132	-0.013363615500358984
ATP6V0E1	-0.2537193018781733	-0.05477317660876193
ATP6V0E2	-0.5775245751028222	-0.16687283835308495
ATP6V1A	-0.2739258979692446	-0.018510268629373734
ATP6V1B1	-0.9280235064294878	-0.07183458753868094
ATP6V1B2	-1.5979562158913945	-0.11747215325503997
ATP6V1C1	0.1103886496205575	0.008782410575161935
ATP6V1C2	0.6574296355297062	0.056876867488217
ATP6V1D	-0.0159982059832841	-0.0028094769491364873
ATP6V1E1	0.0271372900094894	0.005269573248622671
ATP6V1E2	0.1388960777542452	0.03074478570697993
ATP6V1F	0.3458685383244734	0.32193201439265157
ATP6V1G1	-0.6342308282828855	-0.12945602551496116
ATP6V1G2	1.1861227931200045	0.16791347320803343
ATP6V1G3	0.7300785442967328	0.16792025542388145
ATP6V1H	-1.0031174804947596	-0.07786197883600324
ATP7A	-0.4860396685707433	-0.0028948522660073475
ATP7B	-1.010179334944006	-0.005779235975214659
ATP8A1	-0.2179570385393517	-0.005069244802348242
ATP8A2	0.0049236407969114	6.008318864470981e-05
ATP8B1	0.363924215030712	0.00913922881206627
ATP8B2	-1.2211834793181269	-0.02188605031633947
ATP8B3	0.0399716637067249	0.00037857162696639153
ATP8B4	0.2314354447102136	0.005256824691147792
ATP9A	-0.89834624054914	-0.006900197473657945
ATP9B	0.0438646132723173	0.0005812938550847489
ATPAF1	-1.1780530322386706	-0.010710858169113992
ATPAF2	-0.4634737803462742	-0.0020564331633964187
ATPSCKMT	0.2307878534633141	0.0005848164206760379
ATR	-0.4141309917684541	-0.07932306429432145
ATRAID	0.3592438485688791	0.0065461414086221146
ATRN	0.8809237830073321	0.01822367029907268
ATRNL1	-0.7996662042580422	-0.01963900231037326
ATRX	-0.7620654853659271	-0.01425900729668186
ATXN1	-0.5483314975462278	-0.0039260535224309905
ATXN10	0.2458282000923119	0.022270805787362995
ATXN2	0.963257772252949	0.050362006106700934
ATXN2L	-0.4107819919121797	-0.0065265042875007106
ATXN3	-0.6363387670003724	-0.0726272524940535
ATXN7	0.2200326195626965	0.005495974771437034
ATXN7L1	0.5990519807878736	0.015554384681157137
ATXN7L2	0.1032399137594689	0.0026515107050844398
ATXN7L3B	0.7494578154992948	0.012895171173480866
AUH	-0.1949805760170153	-0.0012843370542240796
AUNIP	0.0219550320955805	0.00016027173429773766
AUP1	0.5805479407918701	0.0996516345848653
AURKA	0.2836498897237964	0.0507285135779832
AURKAIP1	-0.7265852388564996	-0.0003255101870077118
AURKB	0.2191896830712096	0.020325240121510196
AURKC	-0.1585685991342934	-0.017331547885378266
AUTS2	-0.1858396286318556	-0.0053252345584458224
AVEN	-0.2715090683320893	-0.00021720725466567147
AVIL	0.8588716908607315	0.010301307060183612
AVL9	-0.1181630742251672	-0.001436744819503808
AVP	0.2282227794893715	0.0017840174672684168
AVPI1	0.2327849097407711	0.0002746861934941099
AVPR1A	-0.1450049675223378	-0.004569976556433999
AVPR1B	-0.3066920635285262	-0.010278784509158556
AVPR2	0.2290385685193363	0.005667788416579496
AWAT1	-1.1652318904212595	-0.005079245810346271
AWAT2	-0.1406550803305546	-0.0006831617251655038
AXDND1	-0.3074210358332686	-0.0012607336679522343
AXIN1	-0.2346571197794363	-0.006524406558347446
AXIN2	0.0292267440147598	0.0005629363164682885
AXL	-0.644897927348558	-0.04171264283883208
AZGP1	1.743505426711332	0.05255274057193297
AZI2	-0.3015307942468819	-0.0029245471734005075
AZIN1	-0.2437592627473445	-0.003426767715702169
AZIN2	0.3446186253657476	0.0006826894968495461
AZU1	-0.6109571154274263	-0.008777009920230406
B2M	-0.0767008076935832	-0.006090504335716668
B3GALNT1	1.3380452112044292	0.023842627618451726
B3GALNT2	0.5811265309237851	0.0074407441019481435
B3GALT1	-0.0262417523543726	-0.0006210635529709363
B3GALT2	0.4316271495632579	0.0033641020036960317
B3GALT4	-0.0581643672159266	-0.0008621122508744641
B3GALT5	0.248474067300391	0.003099217041437777
B3GALT6	0.5029967589150213	0.0028746264771993464
B3GAT1	0.7470997993424269	0.006377990986986297
B3GAT2	0.772021408573831	0.005030491498267083
B3GAT3	-1.1898416972339394	-0.008126618792107807
B3GLCT	-1.2461208823083534	-0.0052299693430481594
B3GNT2	0.6623767393341455	0.017306579445322552
B3GNT3	0.1775480486449179	0.004409760884193826
B3GNT4	-1.79289443185982	-0.027431284807455242
B3GNT5	-0.689761082206517	-0.016231457786483758
B3GNT6	0.1641483558749103	0.007415566125004948
B3GNT7	-1.1888323962782628	-0.04254474496561019
B3GNT8	-0.6224174594878824	-0.0176642075002661
B3GNT9	1.1903528218236072	0.032701372721138135
B4GALNT1	-1.2735350332744784	-0.007675595645545282
B4GALNT2	-0.8375882884231086	-0.0033947453329788596
B4GALNT3	-0.0700500216417189	-0.0009616466970975171
B4GALNT4	-0.0040828268462619	-9.665275993155797e-05
B4GALT1	2.0527056698539647	0.054353593432063134
B4GALT2	0.0214771828139693	0.00026028197852249395
B4GALT3	-0.5154305811262597	-0.004887828200820321
B4GALT4	0.415137162697527	0.005919025665741339
B4GALT5	0.3988058712123491	0.0038843691856082804
B4GALT6	0.3338964065817731	0.0026050597641509936
B4GALT7	-1.2035786554673082	-0.006248980379186264
B4GAT1	0.4406742442095984	0.009137821127930233
B9D1	0.2662882822324206	0.025832626259367126
B9D2	-0.0272527829169239	-0.0025431479434585877
BAALC	-0.2057421665393434	-0.0006229872802811318
BAAT	-0.2443309353625245	-0.00011336955400821137
BABAM1	0.2695900751846238	0.04086203728580862
BABAM2	0.519961111785175	0.10263980350528176
BACC1	-0.1758260589180139	-0.004162506118825061
BACE1	-0.2473810226279985	-0.021304948430768487
BACE2	0.3106678590883641	0.0009254795522242366
BACH1	-0.0538647942318537	-0.0016840289268646742
BACH2	0.1147620182053365	0.0035974449846826835
BAD	-0.589585161803264	-0.019633775473210494
BAG1	0.123342841112391	0.004034791018468534
BAG2	0.9554358824885668	0.035988403385696845
BAG3	-0.5663464808961414	-0.0358276447279708
BAG4	0.3324480738148485	0.033969211734327404
BAG5	-0.1187037826525921	-0.00468844330342943
BAG6	-0.1724131230013296	-0.005567392154835934
BAGE3	-0.3576808856235693	-0.0014475345441185851
BAGE4	-0.0275499308591512	-4.195854469848728e-05
BAGE5	0.515258274491865	0.0007162090015436924
BAHCC1	0.2970120284661777	0.007753796015138035
BAHD1	0.5515114317453378	0.015514016574996351
BAIAP2	0.991165444062215	0.13631498352187643
BAIAP2L1	-0.5382537755047604	-0.03647422884330458
BAIAP2L2	0.3794675359602104	0.009550059477510614
BAIAP3	-0.9105902101557548	-0.027682852978945103
BAK1	0.0332486695435932	0.0022863780098347298
BAMBI	0.4159183589432456	0.027716383521618943
BANF1	0.541911177329472	0.01614570161735429
BANF2	-0.4071767798416919	-0.01098359363622964
BANK1	0.7194629820230417	0.0025612882160020284
BANP	-0.4079969675926236	-0.007737254493426515
BAP1	0.0668449841303258	0.012477618962687266
BARD1	-0.4958882041846225	-0.03499532645751299
BARHL1	0.1812500239323786	0.00010730001416796813
BARHL2	-0.5204540440628167	-0.0011174148326028675
BARX1	-0.4358577110992803	-0.0049448057324213346
BARX2	-0.7734049605271842	-0.010334237082564236
BASP1	0.6104273226643906	0.03568252914634695
BATF	-0.0155041843992268	-0.0004699318291405643
BATF2	-0.1204940383555739	-0.0014915957008036493
BATF3	-0.5967584463701777	-0.01739252491945883
BAX	0.4852761425543065	0.018429817341927453
BAZ1A	-0.926197906115757	-0.0294781007579462
BAZ1B	-0.4896595447949715	-0.009553747378494688
BAZ2A	0.4187202872187249	0.012285253226997389
BAZ2B	0.2923260105657058	0.008497332475123937
BBC3	0.4136240583451506	0.007393943666977912
BBLN	-0.1496960777135782	-0.1330795136952156
BBOF1	-0.3557326517088068	-0.0021553841367036603
BBOX1	0.5252481804976308	0.0014733211462958544
BBS1	0.4925212036447421	0.05191666007619227
BBS10	-0.9434723022268032	-0.9235395628976576
BBS12	0.6360724378194409	0.6242516676350044
BBS2	0.3966766168231731	0.04834654938179152
BBS4	-0.6993132365620177	-0.05898217631135026
BBS5	0.071931602245286	0.006840695373526698
BBS7	0.3066350516279533	0.02871575931485457
BBS9	0.2918741435735481	0.03459700973434695
BBX	0.3759990355125343	0.007900867733224883
BCAM	0.417349905791658	0.030121394750701334
BCAN	-0.2796508770844851	-0.006497128827303842
BCAP29	0.1327134688623908	0.002118637816919207
BCAP31	-0.5524391291174668	-0.01858957669480276
BCAR1	0.3258482835703502	0.008879039879008472
BCAR3	0.2263188952130311	0.015742742351018444
BCAS1	0.6044129108787935	0.005683294600993294
BCAS2	0.0784456325133769	4.4400228002571327e-05
BCAS3	1.0192841198095808	0.030702876256904193
BCAS4	-0.0599258047484893	-0.005764922342609419
BCAT1	0.2279639813424409	0.0007762173564710113
BCAT2	-0.2271320358334734	-0.0011776796057965597
BCCIP	-0.9580209735225914	-0.004530481183788335
BCDIN3D	-0.3630365663888411	-0.004357164869798871
BCHE	-1.0022935798426489	-0.008403229373400769
BCKDHA	0.0625468032062906	0.012464076755736764
BCKDHB	-0.5597920240432506	-0.009765571859434505
BCKDK	-0.0117655947586736	-0.0017918294881774375
BCL10	-1.044615903781103	-0.033768253705627936
BCL11A	0.0064728073663068	0.00014845383694624646
BCL11B	0.6154613009811419	0.015019717589143788
BCL2	-0.4219232065452101	-0.023107046329654976
BCL2A1	0.0539111533551854	0.0018145955107821854
BCL2L1	0.4272268196292211	0.06606806429474127
BCL2L10	-0.4214957399459125	-0.012644450702637429
BCL2L12	-0.7233460419403727	-0.0037556126497544145
BCL2L13	0.0379403168622194	0.00022544136279530768
BCL2L14	-1.174221817724043	-0.03320699300523594
BCL2L15	-0.0589287902652649	-9.982537070935875e-05
BCL2L2	-0.5466239428198582	-0.01891810803705247
BCL3	-0.5988011898201261	-0.012189197019978486
BCL6	-0.3025369498403216	-0.009243713965421186
BCL6B	0.64669025203528	0.016290127448768704
BCL7A	-0.349352314504373	-0.005089015165385201
BCL7B	-0.7827637144254185	-0.006397527837998945
BCL7C	0.6014468518972665	0.0015830081141936054
BCL9	-0.8512820143629778	-0.026636614229417575
BCL9L	-0.9192158011893627	-0.02074394298544035
BCLAF1	-0.3853725791973089	-0.0002728437860716947
BCLAF3	-0.1250451737265231	-7.565233010454647e-05
BCO1	-0.2130989181388613	-0.0010989511208421077
BCO2	0.0275534749038307	0.0001598377079171219
BCOR	-0.0851614646937513	-0.002103913985259126
BCORL1	0.1654763943597214	0.00021379550151276003
BCR	-0.1880776056799858	-0.004398006731220787
BCS1L	-0.2155378455269277	-0.0066499891480423
BDH1	-0.01739455849238	-0.0009289911854025387
BDH2	0.3424736384579405	0.001047284386404382
BDKRB1	0.2518287833911191	0.007719811354854756
BDKRB2	1.3295045899172893	0.042231713298722696
BDNF	0.6605459894437375	0.038309685749768445
BDP1	-0.9597106620839232	-0.032942068476030664
BEAN1	-0.1039488167004783	-0.0001552995321505146
BECN1	0.5495894807135014	0.04364564861086272
BEGAIN	0.3758029760796821	0.001431809338863589
BEND2	0.179779427633701	0.0009231673608990546
BEND3	-0.4829427195016172	-0.002160202784330734
BEND4	-0.172839594154764	-0.003307976992528028
BEND5	0.0134091030606458	5.784687060362598e-05
BEND6	-0.3286747496805068	-0.0004631027222998341
BEND7	0.1761515234083085	0.00022054170730720227
BEST1	0.1616951433722678	0.0014939014296163824
BEST2	-0.0644715381821828	-0.0007387793560296328
BEST3	-0.66944207876351	-0.011092655245111362
BEST4	-0.2516863068085523	-0.003059247059257953
BET1	-0.2523742675651249	-0.008716502453164283
BET1L	0.2442169361133857	0.008685819549808677
BEX1	-0.3692593897214604	-0.0038576528444200964
BEX2	0.3130550106346897	0.0032610940457815625
BEX3	-0.1562236599080231	-0.0006681685934266148
BEX4	-0.6899253745448992	-0.00040015671723604154
BEX5	-1.4037673259213088	-0.0019624667216379898
BFAR	0.4651757071275805	0.01991417202213172
BFSP1	-0.4422389281243821	-0.0028051215210929555
BFSP2	-0.1894328280380509	-0.00619293801421996
BGLAP	0.6606935055760215	0.008419217341555242
BGN	0.6196199913828182	0.03703034954501136
BHLHA15	-0.0807100568261712	-0.0010949933409606647
BHLHE22	-0.62522975870225	-0.009047074608421557
BHLHE23	0.7800271366719626	0.017931263817815075
BHLHE40	-1.4703185778647645	-0.04370816036418585
BHLHE41	0.225262932699331	0.006378770465246956
BHMT	-0.1491690560476247	-0.003593780898299374
BHMT2	-0.4961751893582059	-0.0554227686513116
BICC1	-0.0507692096049018	-0.001409860950728123
BICD1	1.0392188872234245	0.09415634883910393
BICD2	-0.4208139056120381	-0.04183100628736464
BICDL1	0.4345865836890193	0.004082071780590959
BICRA	0.3502957943845967	0.04662962466950559
BICRAL	-0.1187896215408301	-0.0029653453225237415
BID	0.2765309509824786	0.017928884206949002
BIK	0.101002532317874	0.0037883019796464998
BIN1	0.4749196300183647	0.0689360090560557
BIN2	-0.1759115350342197	-0.02440016128999151
BIN3	0.8595277797278088	0.08099931937820952
BIRC2	-0.0091503125541852	-0.0002917394151650868
BIRC3	0.5833457097150453	0.017569789430907447
BIRC5	-0.471064729546215	-0.0393720611602022
BIRC6	1.0161978452306684	0.031094637866213224
BIRC7	0.1395058053541987	0.003934063710988403
BIVM	-0.4065554466918067	-0.0016542741125889614
BKGD	-0.3738715001526271	-0.00028563782611660713
BLCAP	-0.1841165348803009	-0.00012556747678836523
BLID	0.4770661462559642	0.0024859916881398297
BLK	0.2439093513300119	0.010305657912395662
BLM	0.1401487090727425	0.00434166685836449
BLMH	0.0916574395868096	0.0004403223397750333
BLNK	-1.1623246268815044	-0.0367131856646792
BLOC1S1	0.0311925772052851	0.0033967468873467264
BLOC1S2	0.1542431135942291	0.014474482265909647
BLOC1S3	0.7424414080182901	0.12412209703390575
BLOC1S4	-0.5776242531525281	-0.041642087658272056
BLOC1S5	-0.172643316067175	-0.004108220349134497
BLOC1S6	-0.0121861531888577	-0.0009599398451458876
BLTP2	0.2202702264874194	0.005450146213978218
BLTP3A	1.0382263158091412	0.030840512711110536
BLTP3B	-0.1332763827716388	-0.002406171814559167
BLVRA	-0.7275571750742365	-0.07949071427708586
BLVRB	0.6476777859073899	0.0019883708027356867
BLZF1	0.4460454774610056	0.010111850974040996
BMAL1	-0.0277466813135446	-0.0007335390138861785
BMAL2	-1.1768394140113452	-0.029397448562003402
BMERB1	0.7538650312172107	0.0070840696983481295
BMF	-0.1634836020222052	-0.0162966993839815
BMI1	-0.0944248440981005	-0.0021630843285992862
BMP1	-0.6517914393453823	-0.01600930133320128
BMP10	-0.7203643416845172	-0.016630331192128762
BMP15	-0.7424670880445472	-0.00908334235513699
BMP2	-0.2742800822490325	-0.011391126095884569
BMP2K	0.3970913749646652	0.011408038111359866
BMP3	-2.594076356354809	-0.06514503953713832
BMP4	0.4872690522607182	0.007801177526694098
BMP5	0.998813055590054	0.017089691381145824
BMP6	0.2515647581780003	0.007728824065502703
BMP7	0.8336582687646222	0.021977732939441736
BMP8A	1.295811537547653	0.009255981812702886
BMP8B	-0.8185090419653029	-0.0055216619970979335
BMPER	-0.7568784391228602	-0.02083080840153936
BMPR1A	-0.2033429968839739	-0.009201473951996702
BMPR1B	-0.0627280014195348	-0.0021594114488674853
BMPR2	0.3586856423304118	0.016004194675140644
BMS1	-0.9207433767085496	-0.00036369363379987706
BMX	-0.4267881538855949	-0.011154961978107794
BNC1	-0.0094160941880175	-0.00019000736462000513
BNC2	0.2302822796743061	0.006442607338448061
BNIP1	0.2384169062318284	0.025439322311842323
BNIP2	0.168669541653531	0.015092887926241264
BNIP3	-0.0906084620172099	-0.004407014375593055
BNIP3L	-0.5921959876363991	-0.01879511625560404
BNIP5	0.2140108682706712	0.0012772168618393658
BNIPL	0.4561292565055385	0.0017241685895909354
BOC	-0.5465659056891363	-0.013569045174638498
BOD1	0.2377304870606709	0.00031998523558366304
BOD1L1	-0.0486655441762973	-0.0006206803504244958
BOK	1.182971343618381	0.07617034184424394
BOLA1	1.1000686644019055	0.015701280047008395
BOLA2	0.855232762268431	0.8257383499960796
BOLA2B	-0.2481459227379461	-0.0011178973819344473
BOLA3	-0.2598852310055971	-0.004941197897109417
BOLL	0.2540242804291236	0.00023167014375136076
BOP1	-0.8450846073870691	-0.0007707171619370071
BORA	1.310112042507498	0.030843967816754025
BORCS5	0.6705859628543971	0.042653961339279636
BORCS6	-1.127062222148287	-0.10123498291780345
BORCS7	-0.7961874284105509	-0.02408148495970552
BORCS8-MEF2B	0.2126689040679869	0.004640222817859407
BPGM	-0.0687292481642856	-0.0005558134299045777
BPHL	0.1195209657102137	0.0031778234363031618
BPI	0.120911829631425	0.0024088054699172488
BPIFA1	0.9179066793645756	0.008959687097277623
BPIFA2	-0.3322260462537428	-0.0032946857006983677
BPIFA3	0.7268456936852136	0.0047964547326287245
BPIFB1	-0.3371202921754105	-0.003033408388994344
BPIFB2	-0.6204101006239509	-0.0033998473514192506
BPIFB3	0.0908681976379063	0.0014491660159293297
BPIFB4	0.2290155916275107	0.004518477622810786
BPIFB6	-0.580963161084175	-0.015230530230982732
BPIFC	-0.1376241626861099	-0.0010751199589038908
BPNT1	0.0376233334465144	0.0002584346774441074
BPNT2	-0.3338805223922771	-0.0015585542785271497
BPTF	-0.2094961564536587	-0.00021431456805209287
BPY2	1.2163040134529226	0.0007188356719506773
BPY2B	-0.5624093351347842	-0.0003323839170646575
BPY2C	0.310992614028518	0.00018379663489085418
BRAF	-0.6114548699969148	-0.011403021870572462
BRAP	0.0373726083710583	0.0015909145657475806
BRAT1	1.4730416278367418	0.0404968604324877
BRCA1	-0.54632047488013	-0.022461420004221664
BRCA2	0.3793605856091829	0.005957099275820999
BRCC3	0.420076326733924	0.08315620925861392
BRD1	-0.0944301811223333	-0.002677378925361516
BRD10	0.39342999812916	0.00981253758333938
BRD2	-0.4077281010958823	-0.011979459338298118
BRD3	-0.1239371525798676	-0.003906870860775166
BRD4	0.1139256024879343	0.0018078853858810296
BRD7	-0.1661291275312497	-0.003633244019108431
BRD8	-0.6061784154384777	-0.020788888757462595
BRD9	0.7489927670926393	0.0035607116147584076
BRDT	0.5313829472610978	0.003531571067497256
BRF1	0.1745602742506281	0.025681656668300905
BRF2	0.8543480880301638	0.10292502286116989
BRI3	-1.0937321117269216	-0.002704799512300677
BRI3BP	0.3304821497026183	0.004251652855924185
BRINP1	0.2160686056071774	0.004965472625458544
BRINP2	-0.0502699098119357	-0.0010118830146044538
BRINP3	-0.07518298815625	-0.0009103156205958751
BRIP1	0.2117469017018193	0.10439545747703095
BRIX1	-0.947961733498976	-0.0003782367316660914
BRK1	-0.9976132237855376	-0.07674439007937384
BRME1	1.072850296630549	0.008100019739560645
BRMS1	0.0315762039644089	0.000325266477037376
BRMS1L	-0.0344653504078253	-0.0010760771704331215
BROX	0.1728277845366838	0.01759438694918802
BRPF1	0.1082834918312494	0.0033624189883439564
BRPF3	-0.0767786995304534	-0.00233860240899808
BRS3	0.3724892662344236	0.013296004358237749
BRSK1	-0.4506587235854086	-0.00875314438819939
BRSK2	0.169363982699876	0.014049927912833613
BRWD1	0.5988971907654146	0.023492940102154917
BRWD3	0.0553456639606187	0.0005864980009906764
BSCL2	0.1357317069370912	0.0008690901195181949
BSDC1	-0.2271264026110435	-0.007516975420815096
BSG	-0.011381659779632	-0.00046429204739052823
BSN	0.0036271264654695	0.0001001195718263546
BSND	0.4066184376192285	0.0024295451647748903
BSPH1	-0.5754151229255574	-0.002546787334068517
BSPRY	0.4569233822985348	0.011899655645200742
BST1	-0.4302378972404741	-0.013428155010772437
BST2	0.7817494116096326	0.022882587027225555
BTAF1	-0.6625510784338449	-0.482453131538565
BTBD1	-0.2048703142312508	-0.0037878472398215957
BTBD10	0.5897358020273845	0.015308361949026846
BTBD16	0.8778913757939718	0.002126252912173
BTBD17	0.5722132135673992	0.018433276461860198
BTBD2	0.3325865538293782	0.04034940071058016
BTBD3	-0.4089485551480634	-0.011807571632790033
BTBD6	0.5927616490477832	0.016165795692831143
BTBD7	-0.1491597565456198	-0.0023145119423183826
BTBD8	0.4526624678552776	0.005899549943557832
BTBD9	-0.8967335602448159	-0.007570224715586735
BTC	-0.0521056832641297	-0.0005495065357035118
BTD	-0.1590310064096826	-0.0006265821652541494
BTF3	0.125041808030578	0.0009728252664778967
BTF3L4	-0.1392612611487084	-0.009588834136394317
BTG1	0.3288725018557505	0.01005626336174514
BTG2	1.2545688114763958	0.03846884346630072
BTG3	0.1822282920869537	0.0056545439034581734
BTG4	-0.9209158694210484	-0.02825738253731545
BTK	-0.409474059063324	-0.042821159200606175
BTLA	-0.3415057258464128	-0.01067683501286225
BTN1A1	-0.4652012360541512	-0.017665086536684284
BTN2A1	-0.552505999775314	-0.006420672223388923
BTN2A2	-1.1509314951653251	-0.008451289968998982
BTN3A1	-0.1092092797330737	-0.0007030893429215286
BTN3A2	-0.3663784264394886	-0.00547332731257952
BTN3A3	0.4856704821548182	0.0041651100549597204
BTNL2	-0.5693714573702547	-0.007581180954884942
BTNL3	-0.2443395893366971	-0.004190668296713692
BTNL8	0.5081980241119533	0.018286997699644526
BTNL9	0.1576426163458258	0.003149541831973254
BTRC	0.3810278793618981	0.012470661463635563
BUB1	-0.7266420403897563	-0.02459610642515286
BUB1B	-0.308457657568244	-0.010675102613121788
BUB3	-1.0811647972896177	-0.6844886766584488
BUD13	-0.4427261973330684	-0.00021383675331187202
BUD23	-0.9629478227854732	-0.0036582387787620126
BUD31	-0.4942857408919604	-0.00023626858414635708
BYSL	-0.2361513103447114	-0.024670491240401656
BZW1	0.6085441504258322	0.03294110340670072
BZW2	0.0576996591838174	0.005434327000909474
C10orf120	0.0257117201767798	1.6558347793846192e-05
C10orf53	0.1242779994298635	0.0013098901139907615
C10orf62	-0.5089955314695909	-0.0004713298621408411
C10orf67	-0.3311606444721287	-0.0015528122619298112
C10orf71	-0.5429970739120169	-0.03784852504288932
C10orf88	-0.0333266160554082	-0.00014360438858275395
C10orf90	-0.7808840401450039	-0.002224738630373116
C10orf95	0.8640496453875974	0.0005970583049628299
C11orf16	0.2817478357293616	0.0003414783769039862
C11orf24	0.0375692856409247	0.0013034287960262418
C11orf42	0.1099295499614068	0.0001600574247438083
C11orf52	0.3999038092018057	0.003398382570596945
C11orf58	-1.09266101363333	-0.0005026240662713318
C11orf65	-0.2267207606200433	-0.000864032818722985
C11orf68	0.1867148077333274	0.004095962737246004
C11orf71	-0.0077396649238912	-6.1298146197218296e-06
C11orf87	0.3465746848266637	0.0020527618582283293
C12orf42	0.7469314556761458	0.0005721494950479277
C12orf43	0.4840742975641511	0.00027495420101643787
C12orf50	-0.2241952860900259	-0.0016552337972026612
C12orf54	-0.6957108427106453	-0.0010686118544035513
C12orf57	1.025863678978439	0.006701967414766142
C12orf60	-0.297939718256428	-0.00019157523883888322
C12orf71	-0.3501779299051579	-0.00020905622415337926
C12orf76	0.8903033491672498	0.008962683816066705
C14orf119	0.8092375646727249	0.015148117973108737
C14orf180	-0.7506732578307848	-0.0017948597594734063
C14orf39	-0.7685879019678159	-0.018740478813681252
C14orf93	0.900856177632883	0.00344667573562341
C15orf39	-0.5155642918675498	-0.011576480609593962
C15orf40	-0.1378064536284457	-0.0020104583519853945
C16orf46	-0.5243379303918052	-0.0003193217996086093
C16orf54	-0.7672819721971393	-0.0036300110104646663
C16orf74	1.137493810329131	0.006393852707860045
C16orf78	0.0684045666354514	3.700687054977921e-05
C16orf82	-0.0953857362975934	-7.79301465551338e-05
C16orf86	0.8886482761439856	0.0016093420280967577
C16orf87	0.739070857887315	0.01045711356824762
C16orf89	0.5021149341494409	0.0007627125849730006
C16orf90	-1.0541830032889676	-0.0011153256174797276
C17orf50	-0.5478175104437395	-0.0003095168934007128
C17orf58	0.1853220521254103	0.0009523700258724836
C17orf67	0.5383535959144191	0.003505220262998783
C17orf75	-0.1981876169732018	-0.00262202217255546
C17orf78	0.1982117586715821	0.005597301853126807
C18orf32	0.2109306687747231	0.0005996758913265378
C18orf54	-0.435028794405326	-0.011938930233659766
C19orf12	-0.105756957986202	-0.0012981666592806293
C19orf18	1.1264922757565032	0.010851500092362396
C19orf25	-0.4623843567785502	-0.014789826035918708
C19orf33	1.3475784827152109	0.006538450798134204
C19orf44	0.4296796423230105	0.020764268715259483
C19orf47	-0.9412189151076344	-0.021849455895308626
C19orf53	0.1407349080784322	8.641123356015736e-05
C19orf73	-0.3301432935416477	-0.000335425586238314
C1D	-0.2384801764609083	-0.000332918326339428
C1GALT1	0.4528403564237188	0.0034171333295733818
C1GALT1C1	0.1211307994051644	0.0009565699229025832
C1QA	0.3846805384845381	0.013313793436949864
C1QB	-0.8783728478165842	-0.02744124613863791
C1QBP	0.5590587532896628	0.04643821534200584
C1QC	-1.3824932233554	-0.036519940988156245
C1QL1	-0.3268954498145144	-0.003172193445000048
C1QL2	0.4154553296715858	0.005161617015839782
C1QL3	0.4147197305719873	0.00874187720072692
C1QL4	-0.9015012402099316	-0.013223220191399277
C1QTNF1	1.0653122178887977	0.017274037613066857
C1QTNF12	-0.3767637528557822	-0.0037567113797250043
C1QTNF2	-0.5662770756895106	-0.005579528026768748
C1QTNF3	0.623146209098347	0.009922980233682077
C1QTNF4	0.7444104236653	0.004686808027396729
C1QTNF5	-1.1865373996671809	-0.03229873455634033
C1QTNF6	-0.0577907851600362	-0.00033934749045973255
C1QTNF7	-0.8584128552320032	-0.007920575415225693
C1QTNF8	0.2033957975800985	0.0014778738652169955
C1QTNF9	0.095150080353344	0.000812105935815791
C1QTNF9B	0.2288788002001531	0.0019461564381019019
C1R	-0.183246361353133	-0.004188462081448561
C1RL	-0.9701894819940744	-0.02634549538354909
C1S	-0.991849055055811	-0.02880825580409603
C1orf105	0.3253534061706747	0.00020139375841964763
C1orf115	0.524006578501071	0.0010909816964392298
C1orf116	-0.533070042773678	-0.0019227836442846564
C1orf122	-0.3649706972473721	-0.0002678884917795711
C1orf141	-0.0909251055011561	-0.00018621461606636768
C1orf146	-0.4002128151992811	-0.000630735396754067
C1orf159	0.1653920833228382	0.0029342209502304724
C1orf162	0.0851374856149787	0.0034437261556402735
C1orf174	0.1588055928308395	0.0001338731147563977
C1orf198	-1.1279478621960364	-0.0047261015426013925
C1orf21	-0.181775448102877	-0.0008505273216733615
C1orf210	2.5941106446462197	0.027531296271630326
C1orf216	-1.137462657095866	-0.004868340172370306
C1orf226	-0.5226241799721066	-0.002483510103227451
C1orf35	-0.1086241169861436	-5.0836086749515204e-05
C1orf50	-0.4604940009480354	-0.004314828788883091
C1orf52	-0.163351158173697	-8.102217445415372e-05
C1orf53	0.4687981605071157	0.0011433987134768552
C1orf54	0.5940211457708295	0.0037732223179363093
C1orf56	0.2126030653351402	0.001888340426306715
C1orf74	0.0407270854301764	3.869073115866758e-05
C1orf87	-0.8625585294005282	-0.001054909081456846
C1orf94	-0.2633791770843495	-0.0002299300215946371
C2	0.3960320065917911	0.0030775647232248087
C20orf141	0.4217464332936361	0.0006773247718695795
C20orf144	-0.6950893979367796	-0.002015759254016661
C20orf204	-0.0726929347631523	-0.004959039316607487
C20orf96	-0.0600359251410465	-0.00035042969504828843
C21orf58	-0.3718625133243557	-0.00035884732535800326
C21orf91	0.6148247254512256	0.005512518488395689
C22orf15	-0.5965526251006625	-0.0004814179684562347
C22orf23	0.0733451272854467	0.0008117838687953242
C22orf31	-0.0399142421904148	-6.825335414560931e-05
C22orf39	-0.3916313878671147	-0.00987341891951783
C22orf42	-0.0493923877692174	-4.28725925836807e-05
C2CD2	-0.0986867607939856	-0.00057494906838576
C2CD2L	0.0519223910604789	0.0006526125332391593
C2CD3	-1.2795406008944767	-0.03791022892330156
C2CD4A	-0.2695881324914442	-0.0012791956886719028
C2CD4B	-0.4633740691452666	-0.0019628525568993493
C2CD5	0.5082239592594041	0.014914848532385734
C2orf15	-0.1570836231811259	-0.0007750505967756752
C2orf42	0.3159333722149107	0.0008666052399855001
C2orf49	-0.310547057865673	-0.27605552778970627
C2orf66	-0.3189979807261617	-0.004646524587257271
C2orf68	-0.4439365724877623	-0.0010143950681345368
C2orf69	0.2120885208860595	0.0021153709073175576
C2orf76	-1.1672252571188415	-0.008186917953431554
C2orf78	1.1143141366286051	0.03364114378481759
C3	-0.4787290826933366	-0.011612052629809572
C3AR1	-0.1331640779133009	-0.003958834872284522
C3orf18	0.4569197183890791	0.0028689989117650274
C3orf20	-0.1189039319413777	-6.111662101786814e-05
C3orf22	0.5563639444012147	0.006900582002408267
C3orf33	0.280700408528368	0.00799097922998558
C3orf38	-0.5020487823191676	-0.010945165503340173
C3orf52	-0.2761134964257893	-0.003638899769395477
C3orf62	-0.1983161830299771	-0.00013822637957189404
C3orf70	0.1775769830726033	0.00011950930960786202
C4A	-0.2017330089171737	-0.0024377416797551265
C4B	0.523806896464546	0.006316587364465961
C4BPA	0.6070516984660156	0.009938043355587142
C4BPB	-0.5481386259645105	-0.0021667919884377097
C4orf17	-0.3092505310438054	-0.00020534235261308677
C4orf33	0.7785616594548785	0.006029960052478034
C4orf36	-0.2194226577898145	-0.00012572918291356373
C4orf46	-0.4427798455450032	-0.4309257435200724
C4orf50	-0.3832746831869272	-0.0015622276086699153
C4orf51	0.5821503781480498	0.0007800815067183868
C5	0.4714327847988949	0.005500677733033505
C5AR1	-0.5655115435593351	-0.015131392371017129
C5AR2	-0.2113663433331389	-0.005423871736271677
C5orf15	-0.4999404819295682	-0.009329389333287672
C5orf22	-0.4173500035174013	-0.0007720975065071924
C5orf24	0.038129135924504	0.0009932258616974048
C5orf34	-0.3418446954890603	-0.00041841790727860985
C5orf46	-0.010409580539449	-0.0004919671858748991
C6	0.7289199438908585	0.017972250136573005
C6orf118	0.2756747099408058	0.001979620092084926
C6orf120	-0.1713346708419308	-0.0005078359643754829
C6orf136	0.4654746000774064	0.013698452005677993
C6orf15	-0.2698902761712514	-0.0012460834050826675
C6orf163	-0.2993344912263765	-0.000531917390909271
C6orf47	0.0690249303699046	0.0005487481964407417
C6orf58	0.0280465908954643	8.739317723026675e-05
C6orf62	-0.4666400265763526	-0.0039333087840120766
C6orf89	-0.1779949854583714	-0.0006742450049163108
C7	-0.0389874545774031	-0.0008958147438249912
C7orf25	0.1089141517545343	0.0021378758847897536
C7orf33	-0.1327448412267544	-7.924867021237237e-05
C8A	-0.9874798585187168	-0.02338352304972321
C8B	-0.1699380137618626	-0.004599202404451049
C8G	-0.2527511508648926	-0.0026877557382972675
C8orf33	-0.2096508820642855	-0.000668157361138878
C8orf34	0.5932848817899341	0.00216370996388789
C8orf58	0.6897688667139251	0.003007392258872714
C8orf74	-0.6989818773811705	-0.004707642944162183
C8orf76	-0.3018747043291132	-0.005515854597501556
C8orf82	0.6823090478396173	0.003420415256820002
C9	-0.8927506787204751	-0.020149382818721123
C9orf152	-0.6294383903098371	-0.0010568270573302163
C9orf40	0.0251126287695725	8.116401618325833e-05
C9orf43	-0.0691542330652786	-3.3816419968921235e-05
C9orf50	-0.096925371975028	-5.670134260539138e-05
C9orf72	0.3699875618936441	0.009640765900262685
C9orf78	-0.0208399391326705	-1.1086847618580708e-05
C9orf85	-0.3400304581145852	-0.008470838772550547
CA1	-0.0747852682120974	-0.0001814290606825483
CA10	-0.4432965916512356	-0.00210964847966823
CA11	-0.0201869803007312	-0.00010026873115373187
CA12	-0.0447876348910242	-0.0002874470407305933
CA13	0.5152662582665367	0.0013092915622552697
CA14	0.1877446716161786	0.0010288408004566587
CA2	-0.1744192303176889	-0.00041616428353800575
CA3	-0.5445567604227107	-0.046884703402114127
CA4	-0.1551910245780203	-0.000771920156251073
CA5A	-0.2800502412258365	-0.0005505787742499945
CA5B	-0.3513703527844969	-0.0022536894427597634
CA6	-0.9661838071790372	-0.004136232878533458
CA7	0.0274266666547499	9.48139866254704e-05
CA8	-0.1867888265265713	-0.00025421959290266357
CA9	-1.1927662882468002	-0.006675912915317341
CAAP1	-0.0074221600907544	-0.00018144212557858207
CAB39	-0.9893835683360624	-0.07039760903781585
CAB39L	0.0650547283165304	0.0050186470159787385
CABCOCO1	0.1151180869641684	0.0032949098850884283
CABIN1	0.0895754925281318	0.006638887628722488
CABLES1	0.5344303471331393	0.008940485277190288
CABLES2	0.8517476869244995	0.024342948892302197
CABP1	-0.9924017643473158	-0.0035934867887016304
CABP2	0.3313670619429183	0.002080985149001527
CABP4	0.4722504039910179	0.002677187540225081
CABP5	-0.5422055296512477	-0.005104322856136846
CABP7	-0.7813032312729956	-0.0037994776136805776
CABS1	-0.6800918763305159	-0.0006059618618104896
CABYR	0.1766376268381389	0.0010027718075601147
CACFD1	-0.4841661645059421	-0.008397377957191058
CACHD1	-0.5376669666613141	-0.010399554469163137
CACNA1A	0.9383897778584724	0.060595581515433004
CACNA1B	-0.0773980008747814	-0.0027660497552629373
CACNA1C	0.3102422883724404	0.00797105511515311
CACNA1D	0.6660925409792268	0.011232984611073681
CACNA1E	-0.3712101260578442	-0.01960954611913168
CACNA1F	0.4759601339310095	0.00752968931878857
CACNA1G	1.492720530204481	0.042818688408915534
CACNA1H	-0.1470816786881762	-0.003811474621525398
CACNA1I	0.0283638280990292	0.0007193066805913805
CACNA1S	-0.5095614733432637	-0.005503263912107249
CACNA2D1	-0.0161207001465191	-0.0004809933302716904
CACNA2D2	0.2263860780355381	0.006747889828005284
CACNA2D3	0.4328552696364508	0.012633746754879091
CACNA2D4	-0.7772273409920307	-0.013365978583039952
CACNB1	-0.4623593132117685	-0.021840004518871095
CACNB2	0.2999018073673632	0.010013421446188891
CACNB3	0.3181382569643408	0.033652346683431006
CACNB4	-0.4010501804054282	-0.016125826703921865
CACNG1	-0.5148941770789599	-0.013068529108441081
CACNG2	1.1646905532324032	0.013418399863790518
CACNG3	0.0033762351127734	5.787542230316163e-05
CACNG4	0.1180239989925642	0.0010453385590771412
CACNG5	-0.2390596514308305	-0.00569392277777952
CACNG6	0.9994280755970522	0.008736000808793833
CACNG7	0.0744096003533174	0.0018053257237721865
CACNG8	0.3866933014624737	0.0034052212126785436
CACTIN	-1.4234501528607693	-0.007070276909259441
CACUL1	-0.3730404731199729	-0.038627221870153834
CACYBP	-0.7711717745619597	-0.05163534850934514
CAD	1.287314398551768	0.011137844176269897
CADM1	-0.1421712675117881	-0.009992223194531002
CADM2	0.721813134310076	0.02059405053500078
CADM3	0.2871662027681951	0.013617421335267811
CADM4	-0.5616357789735417	-0.01494625135004389
CADPS	-0.0775199713100992	-0.0023738165614578576
CADPS2	1.3515829069403105	0.08011237364307303
CAGE1	0.399248742006034	0.0011338664272971366
CALB1	0.4722327381548987	0.0058731585644324754
CALB2	0.8067084592987335	0.0063092668601753945
CALCB	-0.1220606855191461	-0.003942316020897381
CALCOCO1	2.287209883460259	0.06660126459647928
CALCOCO2	0.4409225981415049	0.012803951327431161
CALCR	-0.3753625605463564	-0.011575806004689085
CALCRL	0.8132268510171451	0.023084257392972683
CALD1	0.7342279330834885	0.03947723327809993
CALHM1	-0.447194295674016	-0.003822169645125815
CALHM2	-0.0244233918771117	-0.0001818321525250966
CALHM3	-0.3556112300774389	-0.0021717177820829194
CALHM4	0.2773513911607876	0.005865981923050658
CALHM5	1.0553876231715165	0.008433602496763589
CALHM6	0.3072592997297405	0.002050648566396288
CALM1	-0.0829799307435639	-0.00354141748427382
CALM2	0.4035975649678819	0.017224736877699265
CALM3	-0.4462687268729516	-0.01904585672548383
CALML3	-0.1756381842446672	-0.0015494800614064541
CALML4	-0.0470595319026667	-0.0015773884498454852
CALML5	-0.1112793870888291	-0.003554597461778468
CALML6	0.1144224929201296	0.011899824841200557
CALN1	-0.213623524204647	-0.0009243489892335076
CALR	-0.0346571193312769	-0.0042275100731484876
CALR3	-0.7450685801428657	-0.02294438692549955
CALU	-0.2659236224317404	-0.010857395580265527
CALY	-0.0497791785324496	-0.0010933996564652553
CAMK1	-0.5825376771317825	-0.04087899895504571
CAMK1D	-0.1489199256491062	-0.006468188050643278
CAMK1G	-0.4094079782157862	-0.008216818122790829
CAMK2A	-1.4263895030512947	-0.06865212678185882
CAMK2B	0.720679165799199	0.018782340419058723
CAMK2D	0.4061337738897462	0.02366622727210329
CAMK2G	-0.123754559078642	-0.009572786408410194
CAMK2N1	0.0482394795713867	2.638699532554852e-05
CAMK2N2	0.2360114336187062	0.006241322362046685
CAMK4	0.5522700334319295	0.051065648641283365
CAMKK1	1.0052430818056104	0.021775575638073134
CAMKK2	0.0326389994375171	0.0011384156613811589
CAMKMT	0.3421902353342367	0.00019504843414051493
CAMKV	0.3868841991720856	0.004913429329485487
CAMLG	-0.0900039766628032	-0.0039157130086919165
CAMP	0.0641408214262295	0.0005780370826931802
CAMSAP1	0.3112106658025619	0.0043488578439250004
CAMSAP2	0.2192332746145088	0.002860336533895496
CAMSAP3	-0.236878768218841	-0.008655787069484668
CAMTA1	0.307212063285433	0.0033264922212546686
CAMTA2	0.4931145728733507	0.0018679180020442524
CAND1	-0.4845418267907827	-0.006248166856467143
CAND2	0.4801827690424123	0.024001455527815938
CANT1	-0.228920970181052	-0.0019428522739265883
CANX	0.0429668123016626	0.0024952976244190556
CAP1	0.5699006485838342	0.037680691083065945
CAP2	-0.8582675291732219	-0.0683910480621682
CAPG	-0.8451094543979423	-0.0018026184662308109
CAPN1	-0.5447730075117025	-0.016560009882340736
CAPN11	-0.3087697022472399	-0.009166137380911562
CAPN12	-0.7211567539228406	-0.006079351435569547
CAPN13	-0.620731827670795	-0.01603536530421965
CAPN15	0.6017078930868546	0.025014802239299805
CAPN2	0.2770428626864218	0.010700780571263042
CAPN3	-0.2538027705573408	-0.011168337115605225
CAPN5	0.017152634992774	0.0007073918197369925
CAPN6	0.5247111509153598	0.00579648408416198
CAPN7	1.3860225693276271	0.04912479792467909
CAPN9	0.2176701917528813	0.005350333313285822
CAPNS1	0.7285204737061026	0.03250585501629259
CAPNS2	0.1281211593310424	0.002852873854824321
CAPRIN1	0.4889076650887255	0.0013987648298188437
CAPRIN2	-0.4252158350492306	-0.010776244907652652
CAPS	-0.2481346007553562	-0.002558515868388478
CAPS2	0.1743578847985098	0.0008416255099224067
CAPSL	-0.1222259172349694	-0.0007273664334653028
CAPZA1	1.0358341411803187	0.06769486862855736
CAPZA2	-0.5908988914126176	-0.033313697700060554
CAPZA3	1.2731887109094369	0.10410609451364282
CAPZB	0.903026078711815	0.1380103786356054
CARD10	0.0971371940837628	0.0029939625960497367
CARD11	-0.3519313325319513	-0.018186051608588584
CARD14	-0.9816952597940588	-0.03259719110146172
CARD16	-0.1612668968880772	-0.004344046401474135
CARD18	1.133538468791614	0.14649284401428422
CARD6	-0.2397147261079911	-0.002081682681521795
CARD8	-0.2664846552386534	-0.008020921638028228
CARD9	0.3184610051156746	0.0014263868419131067
CARF	0.2591964206842098	0.0017163986977708373
CARHSP1	0.5213340229732262	0.000749156991012526
CARM1	0.8490003517141055	0.03316365173865639
CARMIL1	-0.008765747299887	-0.0003336331079809991
CARMIL2	0.0718734048550871	0.0016771659022934576
CARMIL3	0.5573707197035682	0.019777742617961416
CARNMT1	0.3068389863569789	0.00045228066589018696
CARS1	0.178786713649767	0.006159917432089072
CARS2	-0.181119719380172	-0.022996227410542296
CARTPT	-0.8881195073531898	-0.008218657921046419
CASC3	-0.0534358878923006	-0.0019303180142214672
CASD1	1.268171266959479	0.006087222081405498
CASK	0.3386233727210117	0.014291938069063018
CASKIN1	-0.3188160068031487	-0.00383344366580106
CASKIN2	-0.8727561125434649	-0.020625845207739708
CASP1	-0.3470334265639829	-0.016426133179553003
CASP10	-0.0031583912796491	-5.7905945721086596e-05
CASP14	-0.2075451530051342	-0.006190449278684138
CASP2	0.0716652206467885	0.0008884337403582371
CASP3	0.4186631669022256	0.009715078787966146
CASP4	0.5008342159529134	0.018853904059547424
CASP5	-0.3405061266516895	-0.010208033170891
CASP6	0.114387452877958	0.0018342028068980567
CASP7	-0.0723045135452023	-0.001416445420350513
CASP8	0.5612379952073066	0.019000151089748157
CASP8AP2	0.113497469144088	0.002570490681175305
CASP9	-0.3035475841437473	-0.00952775157110394
CASQ1	0.615062026175248	0.02144290741854767
CASQ2	0.6183088437684541	0.01177074545882006
CASR	-0.3275088463859975	-0.008916428342858782
CASS4	-0.1575145852563096	-0.0028258116594981945
CAST	0.851165170086637	0.028079938961158152
CASTOR1	-0.1708278201520076	-0.002821904761091013
CASZ1	1.115535796258221	0.029056360885137886
CAT	-0.8045824911513764	-0.009599473701927073
CATIP	-0.0644127673121788	-5.359142240373276e-05
CATSPER1	-0.8094448936359366	-0.02224921179137099
CATSPER2	0.3934263768527101	0.04273554675924878
CATSPER3	-0.7550741677803592	-0.017569065735913398
CATSPER4	0.1234360490297077	0.008005444959821693
CATSPERB	0.0931241716044197	0.0005861235360782176
CATSPERD	-0.1726133007405323	-0.0011247482676253085
CATSPERE	0.3976626642681375	0.002513228038174629
CATSPERG	0.4898407845141426	0.0053529800931705505
CATSPERT	-0.7490203328763589	-0.010923712534668818
CAV1	-0.0614279012712867	-0.0017070813763290574
CAV2	0.6416791237506871	0.01644495258348261
CAV3	0.2522710302030985	0.006851681180316155
CAVIN1	0.217382614030749	0.0028398864696977046
CAVIN2	0.9898885952097608	0.011527252691217665
CAVIN3	0.0492389436069652	0.0005768834632992044
CAVIN4	-0.5699161567074325	-0.0043062864800813595
CBARP	-1.1691727471961133	-0.008010002491040573
CBFA2T2	-0.8900979590449573	-0.024633461016569193
CBFA2T3	1.1052275523337425	0.030717589362011705
CBFB	-0.076660411762662	-0.002250826349763519
CBL	0.7385933440586272	0.06369333561823977
CBLB	-1.2580111224121908	-0.06175954003258168
CBLC	0.1646142750342032	0.008092602374956464
CBLIF	0.5594662149454916	0.009384486289495677
CBLL1	-0.6030155259992314	-0.01875679793620609
CBLL2	-0.3684348792650925	-0.006434715166364841
CBLN1	0.6239255861458785	0.01576347993397562
CBLN2	0.1642696738460915	0.0010038519768734652
CBLN3	-0.383275340087658	-0.017135857179979102
CBLN4	-0.0442215061565777	-0.0005922586319550452
CBR1	-0.1232309072408343	-0.0025815642757882375
CBR3	0.7560250385131457	0.004797734894404423
CBR4	0.847803640015959	0.005863409974350373
CBS	-0.4715988404721414	-0.0015161902721179347
CBX1	0.1805515104008267	0.003831844705236745
CBX3	-0.6721951443974944	-0.04798532257795954
CBX4	0.1966271362476771	0.0020030406369550865
CBX5	0.2301091703934205	0.014263086817665775
CBX6	0.612594553078684	0.0092538533188066
CBX7	0.3110222333186733	0.006300999424803002
CBX8	-0.4685459143697621	-0.012078176580623727
CBY1	-0.3515379174449043	-0.008040726785717297
CBY2	0.3943742137211681	0.0016185117731116738
CC2D1A	0.0518113459041368	0.0030773867013221094
CC2D1B	-0.1062897267367105	-0.003214413915971599
CC2D2A	-0.312225096520925	-0.00271042606289815
CC2D2B	0.0836315024228975	0.0008895046597699378
CCAR1	0.8678030185078298	0.004240085548429256
CCAR2	0.1027097763082346	0.0030485288706047107
CCBE1	-1.1031869285292926	-0.0258090581929428
CCDC102A	-0.2367499506649664	-0.002422425495203936
CCDC102B	0.8078102796069411	0.0056530563366893735
CCDC106	-0.3406941279129791	-0.008772192405503386
CCDC107	0.0412828769606889	0.00031527733134878113
CCDC110	0.6578281213884809	0.0037943526041687575
CCDC112	0.1206381188830957	0.000494254373064043
CCDC116	-0.2973502845625319	-0.00015373009711882896
CCDC117	0.0682083922528441	0.0007208944977203093
CCDC12	-0.6508539669902169	-0.00034300004060384433
CCDC120	-0.1500228936635472	-0.003502884544150164
CCDC121	-0.7010240961575112	-0.00642488584128359
CCDC122	0.7366212439825759	0.011047845417250672
CCDC124	0.3672594007384231	0.0002849932949730163
CCDC125	-0.1530700186708637	-0.0005801353707625734
CCDC126	-0.0569762455488858	-0.00043774849455208956
CCDC127	0.5266157782708143	0.014677308356185866
CCDC13	1.0032802417477311	0.009008453290652876
CCDC134	-0.0283032738624246	-0.0003133738482047652
CCDC136	-0.2199012492538526	-0.002349205045778907
CCDC138	0.004082985224913	0.0001248168583255904
CCDC14	-1.2186621283368655	-0.03013873309589902
CCDC141	-0.0548091940141807	-0.0011092832776530032
CCDC142	-0.0195425429491972	-0.00013582067349692052
CCDC146	0.5178676009593857	0.025030612624770947
CCDC148	0.8501379185196973	0.006766247693498271
CCDC149	0.0704625083809268	0.0005768765561146476
CCDC15	1.3852885103491257	0.002072391611482292
CCDC150	0.0624568970736744	0.00043138978808786907
CCDC152	0.0203270013677413	2.9108265958605538e-05
CCDC157	0.6763285535011855	0.0172287935718892
CCDC158	-0.2234779203968747	-0.009483955985802567
CCDC159	0.7925848440251615	0.0006633935144490601
CCDC167	1.0527256387329755	0.005495227834186132
CCDC17	-0.4348188543885232	-0.007164510263759696
CCDC170	-0.1604484808135805	-0.0009540266669175497
CCDC171	0.2930891277963492	0.007560527140634624
CCDC172	0.5623130903317931	0.009393440173992604
CCDC174	0.0112129123550615	8.232520251086152e-05
CCDC178	-0.3773131703341428	-0.010587030246405713
CCDC18	-0.283896393594934	-0.0024943137141250904
CCDC181	1.1843867335132052	0.0019471317898957096
CCDC183	-0.1962330555568593	-0.012657817015639653
CCDC184	0.2164622395684051	0.0004236166028353688
CCDC185	0.1157303845170674	9.570902799561474e-05
CCDC186	0.7150579316631611	0.008711550781452292
CCDC187	0.8012510534740998	0.0034101244835857687
CCDC190	-0.7096419603071006	-0.00044210694127132363
CCDC191	-0.4980641849061148	-0.0013512481336502896
CCDC197	-0.2697634158742314	-0.007888421806994275
CCDC198	0.4869513982884311	0.0003686222085043423
CCDC22	-1.1577236899586338	-0.09785312172268365
CCDC24	-0.9247250126031884	-0.004270380108201524
CCDC25	1.087603314451477	0.00339440994440306
CCDC27	-0.4014381726486355	-0.0019939434035457725
CCDC28A	-0.0966461127137845	-0.018904462877379815
CCDC28B	-0.7316819026189861	-0.024921085603202667
CCDC3	0.5121320664857676	0.00360950680459169
CCDC30	-0.0080952432052293	-9.412339274720109e-05
CCDC32	0.1070534187275661	0.00012685830119216584
CCDC33	-0.3621351519431176	-0.0048938944433592904
CCDC34	-0.3505025670937903	-0.0005926998409555993
CCDC38	-1.0971931748390913	-0.010108440719792548
CCDC42	0.2958956711362438	0.005647760674977486
CCDC43	0.2281934996360099	0.00015083590325940256
CCDC47	-0.4999850682825079	-0.0019694411839647984
CCDC50	-0.4008094017865397	-0.0028144836193450813
CCDC51	-0.7451294390645953	-0.018510505525242676
CCDC54	0.7240193790161266	0.0004083469297650954
CCDC57	0.941244074961472	0.027326197984281455
CCDC59	-0.5589390713000364	-0.00024034380065901564
CCDC6	-1.291973983885704	-0.03691298869359845
CCDC60	-0.4217866493777846	-0.00045637315462676293
CCDC61	-0.1726526709161845	-0.01014058197359118
CCDC62	-0.0584393708556078	-0.0022258387571483895
CCDC63	-0.0853596515758343	-0.002461857711098637
CCDC66	-0.4149434220223494	-0.011055752536363478
CCDC68	0.01625058829998	2.554592480756856e-05
CCDC69	-1.2182899333877288	-0.009536773598559142
CCDC7	0.4381290755722528	0.0032088573494911793
CCDC70	0.0608438488889953	4.3259976560075664e-05
CCDC71	0.6677492391399995	0.00034188761043967974
CCDC71L	-0.2672618269779897	-0.000934881870769008
CCDC73	-0.4862124224649653	-0.0036621519660061186
CCDC74A	-0.9878375437987006	-0.0023233939030145438
CCDC74B	-0.3954678099937034	-0.000753366178038005
CCDC77	-0.4865503803671242	-0.0035931745590112125
CCDC78	-0.3159740180055295	-0.0014259907432589544
CCDC8	-1.4005954783597212	-0.0017339372022093348
CCDC80	-0.3016838786836835	-0.007545415489757608
CCDC81	0.510709818079333	0.01812355931418129
CCDC82	0.4205400026638294	0.008989042556939355
CCDC83	0.704496987467247	0.0006565911923194741
CCDC85A	0.5292946113632617	0.002533733304595934
CCDC85B	0.5337089639097888	0.002747000037243683
CCDC86	0.9026947992815186	0.0004585689580350115
CCDC87	-0.9667039752008496	-0.0020455456115249975
CCDC88A	0.376150675279457	0.012040583115695417
CCDC88B	-0.0611500827403248	-0.0015456906414271902
CCDC88C	1.1096041534753585	0.03267007509077498
CCDC89	0.2169735763359976	0.00108096235730594
CCDC9	0.5248774708379382	0.0006293280875346879
CCDC90B	-0.4683712884284491	-0.0037188680301218856
CCDC91	0.7552445048668082	0.010700304144952938
CCDC92	0.3009010862439275	0.0013143359447134752
CCDC93	0.6675173801307706	0.36389643226090945
CCDC97	0.1651058876613311	7.066531991904971e-05
CCER1	0.2188769947935946	0.00011819357718854109
CCHCR1	0.2580782950675432	0.005065818853880806
CCIN	0.0088756969985221	0.00019586888136338573
CCK	-0.3881497411430001	-0.012394785683919423
CCKAR	0.317087420030087	0.009454912690457134
CCKBR	0.3446770726778074	0.011479469905534376
CCL1	-0.740273676011563	-0.02430022368875557
CCL11	-0.9502037342783968	-0.03132441630422163
CCL13	-1.353001676882757	-0.041066306896745446
CCL14	0.025777139071944	0.0008696948951483186
CCL15	-0.5485242946632619	-0.018936155700365127
CCL16	0.6787715301984114	0.0183729877794106
CCL17	-0.4046415293583704	-0.013197788121552608
CCL18	-0.0753023583146793	-0.0029367166719141777
CCL19	-0.362162715339062	-0.011387120095690787
CCL2	-0.0798034159847814	-0.003034604696237297
CCL20	-0.1532245462810885	-0.004873153469923739
CCL21	-0.0575623620936706	-0.0019319079965877727
CCL22	1.1718747967568437	0.03826054023931419
CCL23	-0.0913861459487766	-0.0031400279747999644
CCL24	-0.0912801535687231	-0.0030003786478039287
CCL25	-0.4048412783157946	-0.012975972652577846
CCL26	-0.5978442078636897	-0.0189444872587846
CCL27	-0.6294333936977754	-0.0198057511660942
CCL28	0.4829517198029392	0.01470781167487871
CCL3	-0.3464094120301609	-0.011430124959347188
CCL3L1	0.6355512214910539	0.020816844708717978
CCL3L3	0.8511807313199998	0.02787957367365527
CCL4	-0.6221091797925985	-0.0260222048815446
CCL4L1	-0.0221759159571485	-0.0008966388098953852
CCL4L2	0.6532112597579353	0.03123786886414398
CCL5	-0.6500975465921233	-0.022331500822986027
CCL7	-0.2049022306893808	-0.006211816025579268
CCL8	1.2702674738934745	0.03581011035653094
CCM2	0.680983903915846	0.016649375466838517
CCM2L	0.2227056636358144	0.00474452145809739
CCN1	-0.3317328991622242	-0.010760420050125067
CCN2	-0.0716004123237005	-0.0031430432997734807
CCN3	0.0422881567005394	0.0014106906193732938
CCN4	0.316629446029564	0.0071517092974697615
CCN5	0.6066127340275096	0.006256603738759734
CCN6	-0.4784736933698026	-0.012084810073441105
CCNA1	0.3543868607466056	0.01789263821223537
CCNA2	0.6631508167925279	0.02395101805009573
CCNB1	-0.9178854564266866	-0.07145462912644827
CCNB1IP1	1.3526569807537243	0.7973899374973398
CCNB2	-0.6540075706355657	-0.04331230537291097
CCNB3	0.2200362285321954	0.006655215768184781
CCNC	-1.6999471351875282	-0.0016098499370225893
CCND1	1.745721839948242	0.03630228566172369
CCND2	0.5020396676101898	0.01807041579596117
CCND3	-0.423684790261337	-0.012391932745563584
CCNDBP1	-0.5364212829576013	-0.013187917241512626
CCNE1	0.6835344530005958	0.16636681758472102
CCNE2	-0.0348247147926399	-0.002556865384790414
CCNF	0.3393390626325015	0.0758151333733535
CCNG1	-0.2807108683511617	-0.007319535892256542
CCNG2	0.3530199999882965	0.011662015699613375
CCNH	-0.1919909877388507	-0.012261312440953962
CCNI	-0.6560103814963619	-0.020046365237765828
CCNI2	0.2327423108072855	0.005876743347883959
CCNJ	-0.0902041174854744	-0.00027124378127882154
CCNJL	0.064754187804629	0.0003095897718939312
CCNK	-0.7850112665267164	-0.000805421559456411
CCNL1	0.3642223983506168	0.0207552133700099
CCNL2	0.1777825030795358	0.017973988843844147
CCNO	0.7902238494237381	0.02422194143253642
CCNP	-0.6918259198019755	-0.020638550839532532
CCNQ	-1.43820845651299	-0.05747943917299816
CCNT1	-0.9678821629805512	-0.016921483855388976
CCNT2	-0.3879143835133478	-0.05054252877110462
CCNY	0.1022494470973723	0.0031207553748589
CCNYL1	0.1290028384958749	0.003958452099245922
CCPG1	-0.153232589437112	-0.0026403507485908764
CCR1	0.951738606058582	0.028292333542303465
CCR10	-0.7534059994230509	-0.026589204531638308
CCR2	1.0692977617647603	0.03649299401350774
CCR3	-0.6210160975641148	-0.01879008406399742
CCR4	-0.1041950011287454	-0.0035967072439631624
CCR5	-0.1845991936721607	-0.008673208515492798
CCR6	0.2010613448298619	0.005748142787340922
CCR7	-0.0637985868828143	-0.0022383096221966566
CCR8	-0.5084954649339922	-0.0145851754207017
CCR9	-0.075372164955333	-0.0022038821032939367
CCRL2	0.4533679980251195	0.015882841074814014
CCS	-0.1871772880033525	-0.0045384877022172886
CCSAP	0.0311369508052362	1.7218733795295618e-05
CCSER1	-1.0568835222648425	-0.006721779201604399
CCSER2	-0.5689234692164535	-0.01211977666471811
CCT2	0.1313537542165411	0.03479482136943644
CCT3	0.244855037587432	0.21051877081150883
CCT4	-0.4755533078883168	-0.020167740234235627
CCT5	-0.3223555124638625	-0.032868335117352813
CCT6A	0.0090826325045281	0.008908654678903864
CCT6B	0.7105959445769542	0.6947674199115025
CCT7	0.4785004911735382	0.39617974517253385
CCT8	-0.1884253021303725	-0.02658153422213591
CCT8L2	-0.2474657909477261	-0.02946451439919101
CCZ1	-0.3320744766366325	-0.006153007977600163
CCZ1B	-0.0374462405883532	-0.0006938413918615964
CD101	0.0069791861553782	0.0002915275848963028
CD109	-0.6553420601005443	-0.017180447447595868
CD14	0.387893973862191	0.013384669462088763
CD151	-0.2513994800461797	-0.003927362677281419
CD160	-0.023246997500173	-0.0020073084931474376
CD163	0.1468169428258064	0.001536439306672064
CD163L1	-0.2887941013501284	-0.0022811846065646643
CD164	0.3737161565477115	0.009974110502101874
CD164L2	-0.1528763412035869	-0.0011821927465273374
CD177	-0.3082294574565873	-0.00249727506431327
CD180	-0.4103889354263448	-0.015862353132099077
CD19	0.5644087361755067	0.018592188178357366
CD1A	-0.5052122114686428	-0.00482427140731407
CD1B	0.3033373311434428	0.003640351311052457
CD1C	-0.3856361604406279	-0.00993745821839454
CD1D	1.7185434574305778	0.037629227543899926
CD1E	0.2653091262360914	0.005003730120812683
CD2	-0.8334701719370174	-0.04458648684777075
CD200	0.6178635768698711	0.07772785583380666
CD200R1	-0.1501936261550778	-0.010232841943571606
CD200R1L	0.2432133717931372	0.014698356910946455
CD207	0.5871602475367811	0.005107706993322459
CD209	-0.4221475474073215	-0.029040374081244463
CD22	0.4023194037455391	0.024558381043435197
CD226	1.6699592769690192	0.1951447612694917
CD24	0.3604047421278942	0.0020121396753000334
CD244	-0.9762217319765624	-0.05172413224704618
CD247	0.3626057886242311	0.011589243610219051
CD248	0.270819057728848	0.004647796668742489
CD27	1.0507298570976644	0.057234306045966875
CD274	-0.057629960843839	-0.005716258186139547
CD276	0.5516197833451233	0.06038967902127407
CD28	0.7975904014521921	0.024470073516553253
CD2AP	1.43457683941989	0.03840505656810987
CD2BP2	-0.3329549452725354	-0.04052361343417501
CD300A	-0.5698680519561737	-0.013705326649545978
CD300C	-0.3997023542020318	-0.003277959006810863
CD300E	-0.3421290840126116	-0.0023500846780826292
CD300LB	0.2686372103465225	0.004692017515912361
CD300LD	-0.1615026487143633	-0.0006482716319394543
CD300LF	-0.017336385255414	-0.0012331717559881086
CD300LG	-0.0818069592239921	-0.00042858665937449457
CD302	0.6776996604560905	0.01059312339258915
CD320	0.4166704435496269	0.012556363816368005
CD33	0.1961097912340273	0.01127239080013189
CD34	0.3223639769444383	0.00892432433772983
CD36	-0.071506907796698	-0.0010578016870365534
CD37	0.4605852100702668	0.004254886170629125
CD38	-0.2031913313373287	-0.010307083473417335
CD3D	0.5307977548502794	0.016746138367771463
CD3E	0.1472672961733927	0.00457250227888767
CD3G	-0.8713327525207545	-0.02343100904803561
CD4	-0.373384556833816	-0.019101980543061194
CD40	-0.1995084117831643	-0.00788437292525887
CD40LG	-0.5494933228447297	-0.044075958412021464
CD44	0.5555229863102286	0.020332696821940676
CD46	-0.0724941436352445	-0.003865025267913061
CD47	0.6967819648932094	0.06273337064523032
CD48	-0.1404165265662684	-0.009616706654944025
CD5	0.4613848100205522	0.02658637690781428
CD52	-0.105233453472409	-0.0006528683453428255
CD53	0.1049358893643239	0.0008437894863785284
CD55	0.205923949193683	0.005336519143354295
CD58	-0.3231828723176657	-0.02823648755439445
CD59	0.0470861840353265	0.0013290075443970904
CD5L	0.1741860535262054	0.0010916239974487292
CD6	0.3282655026256963	0.01125064357149049
CD63	-0.2142184492662836	-0.006638415524312863
CD68	0.2212479422989536	0.007495659037146249
CD69	-0.3598104898652781	-0.009789723808254486
CD7	-0.2047489040778807	-0.013068303551674813
CD70	0.4478902648257752	0.05332491914962714
CD72	-0.1846814162181663	-0.007909905056624063
CD74	-0.3014377009166964	-0.00797664444165762
CD79A	-0.0932189764069967	-0.002732900731323922
CD79B	0.7215120333291093	0.08886430807294642
CD80	-0.2938046850923804	-0.023417702425288178
CD81	0.2315475547388887	0.004675871320397118
CD82	0.5474896901045312	0.009972524705254036
CD83	-0.2938222510622843	-0.015934862141860868
CD84	0.1582741497668811	0.004427561065578732
CD86	-0.4275130013871225	-0.01535327441881573
CD8A	-0.5020650344255841	-0.03348372127591106
CD8B	0.8701389058179371	0.04204946262365181
CD9	-0.1072936697975989	-0.005390219383291773
CD93	-0.6496280629142408	-0.017367156633949315
CD96	1.4307600608752846	0.05994455427049179
CD99	0.2121794489815958	0.0052951503287847045
CD99L2	1.2308196488856746	0.014058422029572176
CDA	0.0811642872786002	0.0023694290385241758
CDADC1	-0.6760258195662281	-0.020934491554507387
CDAN1	0.0342911229203175	0.003512131100621839
CDC123	-0.2328514620120962	-0.0014508974597973714
CDC14A	-0.0281401361646292	-0.001088798148481833
CDC14B	-0.4352624444371913	-0.011294189908256239
CDC16	0.1858808800287185	0.012029467031938546
CDC20	0.061948098923744	0.0038524283758697916
CDC20B	0.001027259846228	2.956042933505693e-05
CDC23	-0.4227078619464437	-0.015378112017611623
CDC25A	1.4016848038762408	0.02156772407724372
CDC25B	0.0439864384667449	0.0013256192960722911
CDC25C	1.0235846878057475	0.03460535112533671
CDC26	-0.4131565771559033	-0.10201207730898693
CDC34	0.4525426680939655	0.054077491209224594
CDC37	0.8934463144368094	0.03730227707405123
CDC37L1	0.1735028756550692	0.0030402908901037778
CDC40	-1.3413160130463484	-0.000712238802927611
CDC42	0.3515011958128443	0.01666396869109532
CDC42BPA	0.7486474025986535	0.03533765469746164
CDC42BPB	-0.0158103136997517	-0.001109583625762274
CDC42BPG	-0.0815541086658555	-0.0035288462819715676
CDC42EP1	0.1482092648697386	0.003202802213835051
CDC42EP2	-0.5665512602929073	-0.002050915562260324
CDC42EP3	1.7706497468538664	0.0070648924899469265
CDC42EP4	0.1728735391964133	0.0012082131654437326
CDC42EP5	-0.7953606443076632	-0.003526629096860178
CDC42SE1	-0.0451337647382825	-0.0003300180877663216
CDC42SE2	-0.2475247646989524	-0.001519059480957471
CDC45	0.0115194150520846	0.000330733925560401
CDC5L	-0.980205941938451	-0.024156195233131186
CDC6	-1.4806944066719727	-0.43692478621517233
CDC7	-0.2804735614275101	-0.0321049671559228
CDC73	0.3310364380976585	0.00029528450278311136
CDCA2	0.5280661752011475	0.008860422353700053
CDCA3	-0.0529528328744261	-0.0015423042103005346
CDCA4	0.7800869511513728	0.0021007741594506473
CDCA5	2.1503180838850353	0.04144523074880017
CDCA7	0.6035781076092904	0.014433966865368571
CDCA7L	-0.1285126446439533	-0.0039237480662691815
CDCA8	-0.1041330398329105	-0.032937384632189426
CDCP1	-0.7152749639583158	-0.03932510224346424
CDCP2	0.969975456797397	0.02390116523094466
CDH1	0.3162663836376557	0.014802531819776836
CDH10	1.4537353550172734	0.033201861773239506
CDH11	0.2826702971957433	0.008786240847735289
CDH12	-0.0483157029685331	-0.001212192671777527
CDH13	1.076834786911819	0.032624863539067385
CDH15	0.4858047268105753	0.014478924077862386
CDH16	-1.573013960202513	-0.047088172898662226
CDH17	0.676400255616848	0.026713075295076178
CDH18	-0.7111666165113968	-0.018132615221191084
CDH19	-0.0848990700354706	-0.0016371087674939798
CDH2	0.1935020098743616	0.009237592449392148
CDH20	0.0847214378422527	0.0024329455305159707
CDH22	-1.037165716108782	-0.02412032589382583
CDH23	-0.3098662111766851	-0.0045804423336137596
CDH24	0.3160032615838622	0.00578380769676943
CDH26	0.7863666410377359	0.0101213250367967
CDH3	-0.5723090207479185	-0.023137309090796847
CDH4	0.2265968199764578	0.008045320093264134
CDH5	0.5676037721109297	0.03360668413914392
CDH6	0.3265062400454181	0.011918130774137852
CDH7	-0.1879717650001514	-0.0044511713952035846
CDH8	-0.2121655208817989	-0.004093097228851665
CDH9	-0.0113890018512445	-0.0006368046495104849
CDHR1	-0.6346872165570447	-0.008928779762524507
CDHR2	-0.0956251418948018	-0.00309251708887789
CDHR3	0.1538323820518078	0.005972080736015283
CDHR4	1.2007678923399276	0.09566878028639905
CDHR5	-0.5494993887077139	-0.03054007702559732
CDIN1	-0.8541650920611137	-0.017438634519519696
CDIP1	-0.6740982545079286	-0.0024961858364428596
CDIPT	-0.3352612572896097	-0.04417067064790608
CDK1	-0.1340857825658708	-0.003912086792141846
CDK10	-0.4676035671758024	-0.06835662746759469
CDK11A	-0.264758893510713	-0.01447013256593451
CDK11B	1.4233719389902186	0.04526038091601097
CDK12	-0.3002765519389738	-0.0003810509444105577
CDK13	0.0439476399310699	0.0005599808280016927
CDK14	-0.2594152754576779	-0.036879513220165326
CDK15	0.4705318043868082	0.01656271951441565
CDK16	-0.2603628475511931	-0.009560784124927361
CDK17	0.2643727985178753	0.018026259266941326
CDK18	0.7268126019115944	0.019480758169036463
CDK19	-0.5444375267909249	-0.010627964960485646
CDK2	-0.620006624300605	-0.019974133408468292
CDK20	-0.0982182126071622	-0.0011977711027443428
CDK2AP1	0.4107883853883373	0.10456207561674737
CDK2AP2	-1.0675012397710155	-0.022775138950514615
CDK3	-0.2374292755764092	-0.009595466743145
CDK4	-0.5830342700962936	-0.026176489624513292
CDK5	0.6708560420152138	0.1793500085525573
CDK5R1	-0.7129056714762194	-0.02172080999853745
CDK5R2	-0.4694538000013654	-0.013146114761438234
CDK5RAP1	-0.8508404201270376	-0.030095927340733575
CDK5RAP2	-1.230458854694522	-0.02906220768902992
CDK5RAP3	0.8843666663381476	0.027650608189728525
CDK6	-0.3658149972800946	-0.022383122238577146
CDK7	-0.0529062317955423	-0.004646436901211706
CDK8	-0.4483716834465682	-0.01052148992375717
CDK9	-1.1904145802598065	-0.10592785100983862
CDKAL1	0.6862651986371437	0.02714041607570176
CDKL1	-0.9341238213994758	-0.029325883249015142
CDKL2	0.3749173072552849	0.010143762665098989
CDKL3	0.161501008972417	0.0040984111046930265
CDKL4	-0.2493387484656645	-0.007608571909429753
CDKL5	-0.0856658156628824	-0.0023357641298641513
CDKN1A	-0.0562799935619593	-0.002820865837312524
CDKN1B	-0.0966734267638891	-0.0236593710990604
CDKN1C	0.5317150289880127	0.04953563553058124
CDKN2A	1.459623819420104	0.05358570965855086
CDKN2AIP	-0.8496062598591854	-0.024506042959378343
CDKN2AIPNL	-0.1199141142495516	-0.0009147048634955796
CDKN2B	-0.0107255849362847	-0.000296562423488272
CDKN2C	-0.9168589003643892	-0.02636611139777874
CDKN2D	-0.6621773062062297	-0.01661667732193913
CDKN3	-0.4366182436052451	-0.2264786857587203
CDNF	0.0937389200558296	0.001471513567036413
CDO1	0.0163062419950893	3.9933986645973695e-05
CDON	0.386171225099137	0.00911943348071612
CDPF1	-0.5287917628113312	-0.003341435149204802
CDR2	0.1010872804379788	0.004023678110553308
CDR2L	0.2564139573298192	0.00333312503133032
CDRT15	-0.2537815396917096	-0.0015087312534672133
CDRT4	0.097490044227459	6.707315042849179e-05
CDS1	-0.4358233857104401	-0.003697089780981663
CDS2	0.8127988736248126	0.011375120236379254
CDSN	0.0137060633098096	6.848919835911857e-05
CDT1	-0.6041482424686584	-0.04229158526929102
CDV3	-1.113987738409923	-0.00476563954491765
CDX1	0.0821317830441903	0.0022169010879287848
CDX2	0.0422651035330635	0.0009406521442318613
CDX4	-0.5728823483040888	-0.015202005994597301
CDY1	-0.0392644459426732	-0.0010084680295916184
CDY1B	-1.1902715603217693	-0.03057093475530432
CDY2A	0.2689055659456328	0.006052257572738358
CDY2B	-0.290673757226296	-0.006542194253892244
CDYL	-0.6108941495782391	-0.016751328475584894
CDYL2	0.9766473224505584	0.025808882143078457
CEACAM1	0.3343885699368042	0.010491441381767233
CEACAM16	-0.2653953211832532	-0.0021966770734337866
CEACAM18	0.2258787760712087	0.0061459356181215175
CEACAM19	-1.4847573402461904	-0.0650665209216088
CEACAM21	-0.5842798328963247	-0.015019497384432923
CEACAM3	-0.4667826864608996	-0.012083603404413308
CEACAM4	0.1497164436301365	0.004344920910590191
CEACAM5	1.0586264514971608	0.047092997694851195
CEACAM6	-0.4830406675404325	-0.014387366282691782
CEACAM7	-0.4198375642835669	-0.008153665335951153
CEACAM8	0.2020890086297025	0.0038178655510323393
CEBPA	-0.4011995264506667	-0.012388238977743686
CEBPB	1.0775417552762585	0.03311609076490525
CEBPD	-0.318748999447542	-0.0104001423539744
CEBPE	-0.0789977912480458	-0.0026139579146065876
CEBPG	-0.343721507017706	-0.010361828550555764
CEL	0.7955661076588534	0.007057466941041689
CELA1	-0.076328066649985	-0.00024760824821255133
CELA2A	-0.7651047736309138	-0.005795668660254172
CELA2B	-0.1490787316075839	-0.0009822797625623702
CELA3A	-0.5670402492393427	-0.0031861991604758668
CELA3B	-0.6881320553023822	-0.004015938674744702
CELF1	-0.2384930385633088	-0.0001605058149531068
CELF2	0.4638470914303586	0.0003005729152468724
CELF3	0.0458233092858496	0.00021724830932421296
CELF4	0.5771894878784627	0.0007468831973147307
CELF5	0.9170856101954934	0.0005915202185760932
CELF6	-0.1861138346675863	-0.0012886521912383675
CELSR1	-0.6716676126740888	-0.007245278537915396
CELSR2	-0.3609214823050164	-0.011011714425126051
CELSR3	0.4769310701029923	0.003101959679949862
CEMIP	0.3644914958403553	0.002355708537616216
CEMIP2	-0.1415683814817828	-0.0010825734131911932
CEMP1	0.1496369683206186	0.00014469894836603817
CENATAC	0.0368740989960334	0.02012533012055009
CEND1	-0.3324211928813983	-0.002125833528476542
CENPA	-0.1972071785568518	-0.18823504076122927
CENPB	0.4207955617964833	0.010465606417440336
CENPC	-0.1431715506769148	-0.0038995635257871287
CENPE	0.4663129257307318	0.014646422684276555
CENPF	0.2400780434770771	0.010178348731254162
CENPH	0.9340198309182896	0.05629804530859991
CENPI	-0.6600327820440459	-0.06388523300682525
CENPK	0.8264930919294025	0.056981739729980725
CENPL	0.9773077300746764	0.037375179521245847
CENPM	-0.3148446966766417	-0.0016296361499982975
CENPN	-0.0612413559353894	-0.0020708764509551926
CENPO	0.1651784213660587	0.1613523935919567
CENPP	-0.7390361722377136	-0.01586636758177147
CENPQ	-0.026955255105015	-0.022763901622970904
CENPS	0.3388090883407776	0.03078182210302467
CENPT	0.3554139196187191	0.0966860918652371
CENPU	0.166117760525563	0.02218270126954158
CENPV	0.2136203305141551	0.00024438165810819343
CENPW	0.4988790318941571	0.005240724230048121
CENPX	-0.1063187989844275	-0.0033906128184123777
CEP104	0.8310647719395032	0.028382524091277915
CEP112	0.4202010844673025	0.006782465704386729
CEP120	-0.3559070527894668	-0.012844329628119069
CEP126	-0.0805581068233736	-0.002124800625573302
CEP128	0.3956905018925153	0.011834707221103241
CEP131	-0.8939014666462628	-0.01898289154570004
CEP135	-0.0118256213638268	-0.00032404567661158194
CEP15	0.5894281531462793	0.006529095652401336
CEP152	0.3343791224860816	0.009013523625734815
CEP162	-0.2330255038926839	-0.006230169872074797
CEP164	-1.6361569322126597	-0.048945634627141715
CEP170	-0.034168664452893	-0.0006668356554626598
CEP170B	-0.1996779383368318	-0.0037529468510407536
CEP19	-0.0635842944447596	-0.0007246702037869251
CEP192	0.7021712855217791	0.006215620219438789
CEP20	-0.9171486649808744	-0.0195701182133619
CEP250	-0.1754690922934321	-0.003474288027409956
CEP290	-0.6945480440431351	-0.024047336928905465
CEP350	0.1774792736018878	0.0005498307896186484
CEP41	0.5765617466105663	0.032376824880916345
CEP43	-0.8229267219354931	-0.06279506937073168
CEP44	0.3622601067872496	0.017128744629221523
CEP55	0.0151909486963392	0.00011180538240505652
CEP57	0.0712256070397007	0.008266372727420623
CEP57L1	0.8235809811087087	0.007189861965079027
CEP63	-0.3611434990427422	-0.005608919683632829
CEP68	0.1337823733406291	0.0006856346633707241
CEP70	-0.14187142827067	-0.023213003093647024
CEP72	0.0986666586218255	0.004715871615488771
CEP76	0.1244740618234762	0.011589282000136574
CEP83	-0.6404601665802688	-0.0039061665559730597
CEP85	0.3097285162997816	0.00153129778458612
CEP85L	-0.4156476482534398	-0.0025466731408488254
CEP89	-0.5826850455499157	-0.009044437277025792
CEP95	-0.1751446731238808	-0.0015538835399550703
CEP97	-0.264245809138276	-0.0008487575389521425
CEPT1	-0.0950966400919597	-0.001446419895798707
CER1	0.2720255791343267	0.006446462174325274
CERCAM	0.3398655229589739	0.003549895387306482
CERK	0.5845456429613444	0.009887005005048178
CERKL	0.27996713957478	0.00313647186465626
CERS1	-0.6052450243955404	-0.0037918600778380604
CERS2	-0.1333315728450769	-0.0011473181843318868
CERS3	-0.2686308774349266	-0.0016477818021858395
CERS4	0.7991099560026562	0.005481894298178222
CERS5	0.6099492685363359	0.003724960182951403
CERS6	0.5562960991555791	0.0015598542620322438
CERT1	-0.4955198576478331	-0.03595194775178088
CES1	0.7405844799636977	0.016199544914725923
CES2	0.4040856092289364	0.007858252842675125
CES3	0.957796221079903	0.010548209782752973
CES4A	0.2286179473292333	0.003542206475919141
CES5A	0.4068972819806026	0.0058336863317559
CETN1	-0.9126366670926463	-0.05866884814405077
CETN2	-0.0034495432895753	-0.00021601729987978443
CETN3	0.293727944434391	0.029841290514811953
CETP	0.5558859876280212	0.015528675064388774
CFAP100	-0.1363677052942699	-0.001996286837802817
CFAP107	-0.0178508567035775	-7.865087463596247e-05
CFAP119	1.1882166006848311	0.010781877434614158
CFAP126	-0.7731711038130277	-0.0007476564573871977
CFAP141	-0.7228369443466705	-0.0024395746871700126
CFAP157	0.280147707087233	0.001633821427732743
CFAP161	0.0400116862060615	0.001974096574034662
CFAP184	-0.4828039883770098	-0.004791829584641822
CFAP20	-0.7066802790702531	-0.026252465687180832
CFAP206	0.1137449538832054	0.003761318135009836
CFAP20DC	-0.0440883516788895	-0.001125972413527159
CFAP210	1.271842603762353	0.01708593353894345
CFAP221	-0.5107798801011365	-0.0032700127924074757
CFAP251	0.3775617224739613	0.000966180447810867
CFAP263	0.2430270333043907	0.008805841524751293
CFAP298	0.5679731425604881	0.1135690697206824
CFAP299	0.7411946813530712	0.0006314978685128166
CFAP300	-0.0964254054306043	-0.04058284965979472
CFAP36	0.3849035308576797	0.02578391772509425
CFAP410	0.4332951517002552	0.013189071122604068
CFAP418	0.5373144258097599	0.03284549353532481
CFAP43	-0.7379056209986687	-0.011893562799256543
CFAP44	0.3343884930720119	0.0023189841994544027
CFAP45	0.0445579575362329	0.0009959149088923415
CFAP46	0.7134791552921468	0.33895896361703776
CFAP47	-0.231930222186151	-0.0022610877360927863
CFAP52	0.1655648498527404	0.001242895327844522
CFAP53	-0.2711734342308751	-0.0043710445863674756
CFAP54	-0.1222601499969314	-0.042493349033683465
CFAP57	-0.8234142726657392	-0.06333290878208533
CFAP58	-0.5666515528471255	-0.051488226697901214
CFAP61	-0.2046722032514115	-0.006636905534833521
CFAP65	-0.5372999763562077	-0.012233245861678137
CFAP68	0.0111717050781322	1.0534917888678665e-05
CFAP69	-0.5516490008662056	-0.015870390105919868
CFAP70	-0.1006785310774651	-0.006510578569186436
CFAP74	0.2463935227150214	0.005950896360613197
CFAP77	-1.0520817731374366	-0.0007680196943903287
CFAP91	0.146090465455543	0.013829215640952611
CFAP95	0.2184594905835353	0.002562966743526036
CFAP96	0.2783580858161048	0.0016244977888227878
CFB	-0.4135662502160108	-0.0059412927506032115
CFC1	-0.3814728038134974	-0.008641121951983343
CFC1B	0.4936190727501805	0.01585553823580855
CFD	1.1225116324492614	0.04524058632260258
CFDP1	-0.7672560384471536	-0.04163745069445013
CFH	0.5711452603639514	0.008234772363927452
CFHR1	0.0158491963055239	0.0001421831400568549
CFHR2	-0.2210601545671906	-0.002259013719522121
CFHR3	0.2961351501387361	0.0018837156900325003
CFHR4	0.0008216094752097	1.415633125786313e-06
CFHR5	-0.2684331946640403	-0.0002950080809357803
CFI	0.6259842739008589	0.023036221279551607
CFL1	1.9935576963754191	0.1989510774251777
CFL2	0.4748307737032419	0.04060990192096976
CFLAR	0.0503501366279106	0.0009420007061715795
CFP	0.2156079304559598	0.0011243953573278303
CFTR	-0.402555063567319	-0.0021419954932417047
CGA	-0.3945487950430685	-0.018556024379670556
CGAS	-0.2736302269844081	-0.0004430073374877567
CGB1	-0.3475218954939623	-0.004638027217262421
CGB2	-0.1463653654373707	-0.001962027723687954
CGB3	-0.6875076228185171	-0.009153476490205736
CGB5	0.4832079856338485	0.006433431120729059
CGB7	0.2916098449324256	0.003891824990468152
CGB8	-0.095198744394932	-0.0012674760828741247
CGN	0.0532680247995154	0.0008916534671190884
CGNL1	0.3387895724570566	0.007167770984473946
CGREF1	0.4449242653954671	0.003749376784487601
CGRRF1	-0.1496023947786064	-0.004316477896547131
CH25H	0.0705983832696704	0.000328564875737046
CHAC1	-0.3742826056653353	-0.0016838974428883436
CHAC2	-0.0954653836516657	-0.00042033408421828406
CHAD	-0.1463288821549722	-0.004069845199376242
CHADL	-0.5449541185688892	-0.014113221762697093
CHAF1A	2.30942219922126	0.0620587933374737
CHAF1B	0.9270733425704484	0.028523265530864983
CHAMP1	0.1635852240971732	0.0003446740671727439
CHAT	-0.3084134372963281	-0.0008506042600632729
CHCHD1	0.0704102275152381	2.8164091006095238e-05
CHCHD10	0.7319351503894822	0.0005321168543331536
CHCHD2	0.0452324691354694	4.288038074042498e-05
CHCHD3	0.0290640354093704	0.00030212064808040533
CHCHD4	0.7365581357496178	0.16312258409192484
CHCHD5	0.1879835556024358	0.0014600682763641188
CHCHD6	-0.4288243891640109	-0.06969940091716167
CHCHD7	-0.7190369763846879	-0.02520512217018885
CHCT1	-0.027635639178555	-2.2965216157379205e-05
CHD1	-0.2403222765669093	-0.0004465187898613175
CHD1L	0.1623422311541465	0.004390707983795046
CHD2	-0.0007624840282322	-3.413793491201206e-05
CHD3	-0.9796091048810972	-0.029506805848123527
CHD4	-0.0030441501109992	-1.7805233999234323e-05
CHD5	-0.3620975679490654	-0.038830981089289826
CHD6	-0.8115214001817816	-0.009465585611720301
CHD7	-0.1788384672063085	-0.014801208061395711
CHD8	0.3890180210361299	0.021670248861817617
CHD9	-0.3828264665078484	-0.011359609740687386
CHDH	2.4409478289739885	0.04290698093770477
CHEK1	0.6077108313985625	0.061767121192518495
CHEK2	0.2052521566797037	0.017947864336543332
CHERP	-1.279118335410388	-0.0026771946760139422
CHFR	0.6222019331969321	0.011534379437604726
CHGA	-0.0369739418041153	-0.000963356053706224
CHGB	-0.1722851156729485	-0.005524322234053094
CHI3L1	2.651303668379292	0.05343437413251624
CHI3L2	-0.3146500117009756	-0.0033802850757035812
CHIA	-0.2880401238130183	-0.002137545758816409
CHIC1	1.07735383270972	0.00646627770392374
CHIC2	-0.2886247758885205	-0.0018264175818225577
CHID1	0.4047652652466842	0.002801785166037548
CHIT1	1.4443651734846856	0.01429054902645748
CHKA	-0.0648245217757347	-9.924634283864982e-05
CHKB	-0.0494369828713698	-0.00015004124301460733
CHL1	-0.3117159558868224	-0.008400745011149863
CHLSN	-0.3834296407588394	-0.001191315893837714
CHM	-0.4990942091579138	-0.04314469800486501
CHML	0.0365444367961305	0.00047456605623455065
CHMP1A	0.4123844270657928	0.01478439409473574
CHMP1B	-0.2015849661888359	-0.020745108870493103
CHMP2A	-1.0522651111031671	-0.08248916658959948
CHMP2B	0.0537314865724362	0.004599791371006546
CHMP3	0.0529372492300338	0.0022290816905782634
CHMP4A	-1.1394336534771563	-0.09036278588900588
CHMP4B	0.4799558404154755	0.05784859748943685
CHMP4C	0.1388592240835469	0.013495172551783587
CHMP5	0.5353572554582349	0.06565728452390884
CHMP6	-0.1807678103563484	-0.020296971282431513
CHMP7	-0.1784739136613227	-0.022409720021056664
CHN1	0.6478299737338796	0.04863453961812354
CHN2	-0.4333753620994168	-0.03263749851970708
CHODL	-0.2015111716263324	-0.0030541033171686935
CHORDC1	-0.3435228101829805	-0.037785791506076936
CHP1	-0.101623925076724	-0.00258744675637847
CHP2	0.2846277778124695	0.004322926689415787
CHPF	0.8618961784448818	0.010508238207599998
CHPF2	0.8273840572637865	0.007860975928063237
CHPT1	-1.2199699301939912	-0.007332019280465887
CHRAC1	0.6711488187290152	0.0008053785824748182
CHRD	-0.5684427828992792	-0.011352370817281503
CHRDL1	-0.4600907366641442	-0.013135590531761316
CHRDL2	-0.1020546053130261	-0.0019899627489986956
CHRFAM7A	0.0857180798469388	0.00219335422712347
CHRM1	0.5494518084952383	0.01370607536291372
CHRM2	1.1849730693692264	0.021637608246682073
CHRM3	0.5788414395720233	0.0160865824471461
CHRM4	-0.0032830069632242	-6.165487076935048e-05
CHRM5	-0.2734766932629178	-0.006695256404462753
CHRNA1	-0.3100643166125516	-0.006914744324776514
CHRNA10	-0.4685590551944952	-0.004657008449578088
CHRNA2	0.184733555872098	0.0027852278218836214
CHRNA3	0.3492860857966923	0.007249781996796145
CHRNA4	0.4910203046284508	0.00964216572198889
CHRNA5	0.1565051887527384	0.0016905690489070803
CHRNA6	0.6856866394656542	0.008694506588424496
CHRNA7	-0.1835114911123909	-0.004696242569057195
CHRNA9	0.9590657565794686	0.022117015412479128
CHRNB1	-0.6985010976331102	-0.016779393367342573
CHRNB2	0.100354554823869	0.0014810325200906587
CHRNB3	0.2300204607256226	0.0026597265873703744
CHRNB4	-0.6187519294242222	-0.009278803933645637
CHRND	-0.4642838693157668	-0.00839564520883701
CHRNE	-0.1101424643125233	-0.002704327926265384
CHRNG	-0.2822714057796386	-0.006558011570478344
CHST1	0.1562065598376614	0.0009227121489610659
CHST10	-0.4412172286521486	-0.004151854121616718
CHST11	-0.1065823478227843	-0.0009662755653613625
CHST12	-0.4003760644016137	-0.006776364889997312
CHST13	-0.0791229724161178	-0.0016433050141103508
CHST14	0.0204570453563915	0.00015559628698071375
CHST15	0.4792390342889648	0.002781503355013152
CHST2	-0.0546960837178823	-0.00038664661580170996
CHST3	0.092701617408669	0.0008668528243884638
CHST4	-0.1758707559494177	-0.0008935993109789913
CHST5	0.284270557544827	0.0014597293129926866
CHST6	-0.4936070993679444	-0.002664491122388164
CHST7	-1.3633639514942304	-0.0075380392878116
CHST8	0.323341078069788	0.0024063043029953625
CHST9	0.847334132673716	0.004954362673743218
CHSY1	0.2793123850053775	0.0019054690905066852
CHSY3	0.1527501377209311	0.0012533148800002397
CHTF18	0.1085354841949651	0.09280717303833592
CHTF8	-0.2793574855475796	-0.06600798347260985
CHTOP	0.7220459660601957	0.011264639116505113
CHUK	0.3171709716118785	0.009829762752195338
CHURC1	0.1832889077563675	0.00036089585937228754
CIAO1	0.583068376886384	0.13586775931881898
CIAO2A	-0.098089340463577	-0.003018895631447509
CIAO2B	-1.3677506229963945	-0.012413704654315277
CIAO3	0.1224425394668524	0.0031972195905584496
CIAPIN1	-0.7519275483202035	-0.008073446086314025
CIART	0.0322184406506255	0.0009167757287135486
CIB1	-0.8237361278423989	-0.05173392377301402
CIB2	0.4008673719740713	0.009385507780028932
CIB3	0.4277492127461939	0.007351297970256088
CIB4	-0.1396404458251176	-0.007846536291359183
CIBAR2	-0.1681032180648283	-0.0019518464649507215
CIC	0.2946957220261061	0.008516116975110415
CIDEA	-0.5121828915857964	-0.0029373688832445423
CIDEB	0.552283878220648	0.010273032418782272
CIDEC	0.1957947693461829	0.005482449336462468
CIITA	-0.1514911961553485	-0.0036612392286824624
CILK1	0.5099071066418428	0.025479548211786242
CILP	-0.1354262727691992	-0.0015253061101994905
CILP2	0.6376560952939601	0.007477155373416976
CIMAP1A	0.2229991123573048	0.00022500610436852053
CIMAP1B	-0.7837001299141354	-0.0007664587270560244
CIMAP1C	0.0027880302479428	1.5836011808315104e-06
CIMAP1D	0.8634215989197116	0.0005802193144740462
CIMAP2	0.6709538894153831	0.000628683794382214
CIMAP3	-0.3568971816504483	-0.00017559341337202057
CIMIP1	-0.1476591967971592	-0.00013761837141495236
CIMIP2A	0.5326174826296092	0.0029128850125013325
CIMIP4	0.4668606037404094	0.005396441718635392
CIMIP5	-0.2694694187910268	-0.0011767729518604142
CIMIP6	0.1740728891387546	0.0008324165558615244
CIMIP7	1.014976836905089	0.007315953040411882
CINP	-0.8401072840935919	-0.022960132074277866
CIP2A	0.0042743430937407	0.00013742440480685723
CIPC	0.9949148429422372	0.014162612789282747
CIRBP	0.850110325312521	0.0006044284412972024
CIROZ	0.1213084249048936	0.0012522668702932168
CIRSR	0.2679635826538395	0.00014952367912084245
CISD1	-0.5270476931056349	-0.0018567890228111518
CISD2	0.5302658965946312	0.001393008510354096
CISD3	1.1911706381425673	0.006316777894070035
CISH	1.2061104805761054	0.05767620318114936
CIT	0.4497985896790465	0.02814434755480762
CITED1	1.22875706169	0.03519897478917174
CITED2	-0.5679758982558757	-0.015636944454882513
CITED4	-0.5240299746379569	-0.014162434094565423
CIZ1	0.8007136198241565	0.015544253501646349
CKAP2	-0.0905987038484039	-0.001467427206232598
CKAP2L	-0.5584597399458529	-0.014437301197080189
CKAP4	0.803099528929669	0.008945725652747582
CKAP5	-0.9180260836072116	-0.5239009614451308
CKB	0.6922986264952881	0.00361726032343788
CKLF	-0.7778078552193055	-0.005951007900282907
CKM	0.1534934347679814	0.0007416802767988862
CKMT2	-0.6651292388940927	-0.05019996417629275
CKS1B	0.0334096713086891	0.01228476954987629
CKS2	0.6087715971829233	0.01733903263096402
CLASP1	-0.0961695466900748	-0.005262301425334202
CLASP2	0.1576608252793929	0.004791312480240751
CLASRP	0.5072423937327241	0.0002876064372464546
CLBA1	0.9352617969960694	0.023458236392255413
CLC	-0.0364496778940078	-4.5890144468555814e-05
CLCA1	-0.3881609569471617	-0.0067947575513600655
CLCA2	-0.0703827241156734	-0.0006511105807940947
CLCA4	0.6160139369789046	0.011188045123410865
CLCC1	0.5795300097898697	0.009622516282550996
CLCF1	0.0483555343354845	0.0018938445022492504
CLCN1	-0.0447255035490536	-0.0006272751872754768
CLCN2	-0.5895838103638656	-0.005816244289239535
CLCN3	0.7122825486581986	0.018597697345465566
CLCN4	0.2587874177282432	0.0023443552172001552
CLCN5	-0.0693710664979144	-0.0006289180888700919
CLCN6	-0.6296152337378262	-0.011245557689791314
CLCN7	1.8290847134384405	0.024977980846715344
CLCNKA	-0.301125513449774	-0.0028278696968068277
CLCNKB	0.0082987869561125	5.273049231913883e-05
CLDN1	-0.3562506226928358	-0.009087240883648855
CLDN10	-0.1899398912380295	-0.004473084438655595
CLDN11	-0.2473503253585126	-0.0034070033814881523
CLDN12	0.4894251784846559	0.002239120191567301
CLDN14	-0.0607867089822339	-0.0011416351813953347
CLDN15	0.910638284081926	0.006486476497515559
CLDN16	1.0412158301647405	0.016367912850189723
CLDN17	0.3732484384246894	0.00241566389348459
CLDN18	-0.0226203102192788	-0.0005463483527262409
CLDN19	0.0857010991557434	0.002122130617294518
CLDN2	0.5260902060348409	0.013208020712710716
CLDN20	-0.4450495601347258	-0.0027401701417495068
CLDN23	0.6312899368693587	0.0041709326128958535
CLDN4	0.2466093296503422	0.0036870560876022668
CLDN5	-0.2530252605244508	-0.002680802635256556
CLDN6	-1.0566590701807392	-0.014525892237774623
CLDN7	-0.0277158029410385	-0.0003860257033627842
CLDN8	1.431114959381433	0.009217811453375808
CLDN9	0.0265532540509065	0.0002935462235327714
CLDND1	-0.139073197847931	-0.0009530686248518711
CLDND2	0.3400776363244712	0.002002717200314811
CLEC10A	0.8980709866051055	0.032102445487186104
CLEC11A	0.6920908228812256	0.005772729553652302
CLEC12A	-0.0231819791851394	-0.0006668759952189052
CLEC12B	0.2923452126778434	0.008925591688267237
CLEC14A	-0.2445074428574791	-0.004537080109663382
CLEC16A	0.3549408492629015	0.01502216156335378
CLEC17A	0.3669282283667169	0.005583546851056331
CLEC18A	-0.1020665752424287	-0.0007188548894324253
CLEC18B	-0.5914281383948294	-0.004067251307741242
CLEC18C	-0.5178026765347371	-0.0031694701830691256
CLEC1A	0.1669106311007136	0.004625761230325176
CLEC1B	0.1011075821540001	0.005044459488827373
CLEC2A	0.8626897619435221	0.029173579679644086
CLEC2B	0.6311081046778038	0.03237332133755262
CLEC2D	-0.0716620309905552	-0.0020385697955883236
CLEC2L	-0.4250832178593912	-0.01786752289628379
CLEC3A	0.2402354415691266	0.003503833915285712
CLEC3B	-0.0131144387090055	-0.00015621919390167353
CLEC4A	-0.4096544185543658	-0.013922515068988678
CLEC4C	-1.035982279816424	-0.040932695857826724
CLEC4D	-0.0549826962773174	-0.001667130333824541
CLEC4E	0.1207599381327161	0.004747918487563999
CLEC4F	-0.0020312983253195	-2.2529129726118574e-05
CLEC4G	-0.7239086688057417	-0.018724621627329314
CLEC4M	0.0080720794592612	0.0005770810326220425
CLEC5A	0.2063517281537327	0.006076439338942967
CLEC6A	-0.3478007204528978	-0.0141986166117691
CLEC7A	0.5882640583802538	0.0264754122114617
CLEC9A	-0.5381698810498811	-0.015634911384261145
CLGN	-0.4261193127730724	-0.022637162371756697
CLHC1	-0.0864368797675362	-0.0024291356321070696
CLIC1	-0.6537504812311543	-0.019541909384961663
CLIC2	0.152271235422899	0.013978194869351283
CLIC3	-0.8777547066643798	-0.01128265899946394
CLIC4	0.9716041139098408	0.02479047896640959
CLIC5	-0.0260147362250717	-0.0010766198586745924
CLIC6	-0.0838715620698521	-0.0005512877774851379
CLINT1	0.0695159720649859	0.0037063135666167884
CLIP1	-0.2974579486489928	-0.00935564740090812
CLIP2	0.289470376918339	0.006173534728537415
CLIP3	0.7802485166211383	0.01380649750161104
CLIP4	-0.3837762505286384	-0.0024458060446190125
CLK1	0.3887773198976395	0.009813128331536318
CLK2	-0.4404105247174593	-0.014218213379978455
CLK3	1.1152833302661138	0.015405408640965831
CLK4	-0.0505333841020789	-0.0013815827213508373
CLMN	0.606208911654999	0.01127548575678298
CLMP	0.132587335473561	0.006626317264962158
CLN3	-0.7007130721655033	-0.0016782078078363804
CLN5	-0.1148223144437638	-9.036516146724212e-05
CLN6	0.4556580662411116	0.0014102617150162406
CLN8	-0.6557233930530517	-0.0031789470095211947
CLNK	-0.4067158000455848	-0.011676810619308739
CLNS1A	0.1420597161986793	0.008431670335540212
CLOCK	0.1870679133095141	0.005570508322530711
CLP1	0.0011315856809563	8.758473170601762e-07
CLPB	0.0226728255165198	0.0005477981373046348
CLPP	0.3058666558120104	0.06571239233465231
CLPS	-0.2458371138342362	-0.0017245473535471671
CLPSL1	0.1338020922153336	0.00020485100318167574
CLPSL2	0.8831854016735841	0.01084728310335496
CLPTM1	0.1778578252679513	0.006003413034094428
CLPTM1L	0.0261170174789383	0.00048212014266120105
CLPX	-0.6256917236229208	-0.05978171573355197
CLRN1	-0.0063571329068068	-5.2713346063241995e-05
CLRN3	-0.6525081457037942	-0.005597214873847147
CLSPN	-0.0883164779696374	-0.0217217910225442
CLSTN1	0.01402180174263	0.0004476880860386906
CLSTN2	-0.0929241991662436	-0.003020686942297081
CLSTN3	-0.3376035745619136	-0.008430636463960106
CLTA	0.1145740443764975	0.010459922807307964
CLTB	-1.2328035808808775	-0.1793852490539765
CLTC	-1.098886610405709	-0.24272207450641298
CLTCL1	-0.3430193973900339	-0.05911424784921149
CLTRN	0.9244666840351278	0.006057105713798157
CLU	-0.2483929837806341	-0.01669573440481532
CLUAP1	-0.1816295963554886	-0.012203874208721634
CLUH	0.4470867322704501	0.012697710283213053
CLUL1	-0.2998231214497432	-0.006271100408242829
CLVS1	0.7640702042446703	0.002550466341768709
CLVS2	0.3409031919984189	0.001185661301770501
CLXN	0.0525648142889262	0.00027475628428821723
CLYBL	0.3038105032632163	0.001150226565354537
CMA1	-0.6758469748246897	-0.0023053140311270165
CMAS	0.8240183859409339	0.001559042786200247
CMBL	0.5921622324351726	0.00042576464512088913
CMC1	-0.3595328880352326	-0.012298181968133166
CMC2	0.0507553526058775	4.243147477851359e-05
CMIP	0.2536355402005439	0.005908693544511871
CMKLR1	-0.5770116873568516	-0.019891323898252742
CMKLR2	0.4123700072128316	0.013032129337947118
CMPK1	0.2402785974046593	0.003069799360441927
CMPK2	0.9649167246537084	0.017359816793244866
CMSS1	-0.0045276965657534	-4.532224262319153e-06
CMTM1	0.0932262534279053	0.0007106637298809221
CMTM2	0.158896252311301	0.0003053985969423205
CMTM3	0.2321028167480945	0.005287302165521593
CMTM4	0.1343412198728157	0.0012797344605084422
CMTM5	-0.5078170628742624	-0.004057458332365357
CMTM6	0.1350547967040584	0.0013731021180901617
CMTM7	0.8601694063803456	0.007772490756052803
CMTM8	0.304090659390175	0.002264259049819243
CMTR1	0.6757097706047805	0.01567241241940728
CMTR2	0.2588594422286331	0.006733969530135661
CMYA5	-0.0956191710602833	-0.00037061990702965807
CNBD1	0.7430267042393062	0.00046513471685380567
CNBD2	0.1565950218909508	8.393493173354962e-05
CNBP	0.7398437525636912	0.0005156710955368927
CNDP1	-0.0653990701855249	-0.00017343833413201203
CNDP2	-0.0163265708912973	-3.915111699733092e-05
CNEP1R1	0.1804931587839907	0.016617644142924454
CNFN	-0.9852964148873642	-0.005175762067403324
CNGA1	0.1758979636247105	0.003696495705573291
CNGA2	0.6177118720797393	0.01952278371708016
CNGA3	0.3738141793382857	0.009764026364316022
CNGA4	0.1819127074309948	0.0046264039753850595
CNGB1	-0.5794670494498586	-0.011908047866194593
CNGB3	0.0107947673168819	0.00025890169932809545
CNIH1	-0.8980645721728663	-0.0762968718580902
CNIH2	-0.5485947985135045	-0.007477895698537579
CNIH3	0.0152754620944845	0.0007336957198601849
CNIH4	-0.2328826264257906	-0.0032300820285257156
CNKSR1	0.3761334427543499	0.003984381559096828
CNKSR2	-0.0964719516500866	-0.0020458806786433866
CNKSR3	-1.0203026698245794	-0.01898987329077507
CNMD	0.8094785472816257	0.002715800526129854
CNN1	1.5291979031105147	0.004122717546785948
CNN2	-0.4730997571811824	-0.00047215355766682
CNN3	-0.0498896475446466	-2.9285223108707553e-05
CNNM1	-0.5775866279222603	-0.010948732118894368
CNNM2	1.104070966784854	0.012696816118025821
CNNM3	-0.5407473932206466	-0.006726897571664843
CNNM4	0.3934790107736075	0.004081557778754631
CNOT1	0.4493230823944375	0.004484693685378881
CNOT10	-1.0910044371451435	-0.12195029397520986
CNOT11	-0.7034034283206206	-0.026955826180102824
CNOT2	-0.2736195395934508	-0.007733582667069294
CNOT3	0.8199743796874936	0.02493624086067637
CNOT4	-0.3753781887485022	-0.010892348902915289
CNOT6	0.0565508741929449	0.0007125410148311057
CNOT6L	0.6478375053661469	0.018765909017941177
CNOT7	0.1520038384168491	0.008275088963413266
CNOT8	0.2746101181107301	0.006805937167256335
CNOT9	-0.5015714233230918	-0.008640570909586903
CNP	-0.0133059486069789	-6.932399224236006e-06
CNPPD1	0.2311170836415021	0.0008391861307022942
CNPY2	0.1060178593201396	0.0008411456958459876
CNPY3	1.1215863634785372	0.01183834406651596
CNPY4	0.5546919540087308	0.00207177444822261
CNR1	0.8054962967498206	0.01988609257415957
CNR2	0.3917024076576951	0.009433369083620271
CNRIP1	0.005507714456351	2.0240850627089924e-05
CNST	0.8256922915301901	0.001278171667288734
CNTD1	-0.5508444662664873	-0.007600551945544992
CNTF	-0.0172823608020148	-0.00021763676957977236
CNTFR	0.3681318407955323	0.019222372198979515
CNTLN	0.7047553135429065	0.0036999653961002597
CNTN1	0.0878843268360894	0.002399593659932585
CNTN2	-0.2879960293431915	-0.006197098559406795
CNTN3	0.0751566253510875	0.0020023979692290242
CNTN4	-0.5821470433303748	-0.016580712088135736
CNTN5	0.6156764522596105	0.018554641241747882
CNTN6	-0.2370318406368731	-0.006260247943060455
CNTNAP1	-0.1874190204785152	-0.005258040619524743
CNTNAP2	-0.437768986429988	-0.011465169754601387
CNTNAP3	-0.2699163913779512	-0.009105089630352428
CNTNAP4	-0.0750323937249327	-0.002244068831525287
CNTNAP5	0.79060687112843	0.019578588556624442
CNTRL	0.7511288329387574	0.027017352991974167
CNTROB	0.992921527868112	0.006430159814473893
COA1	-0.0209949069217849	-0.00032277569901552106
COA3	0.1838923645048836	0.002463238222542916
COA4	-0.1451103671546822	-0.0002503153833418268
COA5	0.0381987022783706	0.0001379737126294746
COA6	-0.336164384116406	-0.0013937375365466193
COA7	-0.0242338897551912	-0.00030922443327623974
COA8	-0.4421784843506051	-0.00031792633024808507
COASY	-0.5861442738986445	-0.011224076700885145
COBL	-0.3014700766816012	-0.001483232777273478
COBLL1	0.2556076929446524	0.0028270210839678555
COCH	0.6901540037941807	0.0047675838582102005
COG1	0.2198876431485479	0.015455242773981985
COG2	0.6394118821622753	0.037346129801452015
COG3	-0.8456589634196103	-0.06644173343795194
COG4	-0.4818381690319363	-0.07879836864897577
COG5	-0.231839345679086	-0.03240650373902264
COG6	-0.6315152214233856	-0.08415634992210178
COG7	1.0214499694536698	0.08825429881076653
COG8	0.065534985679946	0.0031269363067329436
COIL	-0.1754293440175063	-8.859181872884068e-05
COL10A1	-0.0528811521784565	-0.0016400560536626498
COL11A1	-0.6848508193321531	-0.03329265288019396
COL11A2	-0.0655113827727812	-0.001646432071845537
COL12A1	-0.4198425456631424	-0.01174803411274605
COL13A1	0.2753513246818404	0.006937201274034288
COL14A1	0.0045644537953237	0.00012110865255132373
COL15A1	-0.6886635785444837	-0.025130022644666756
COL16A1	-0.4170217697024299	-0.014749225950835538
COL17A1	-1.0359214560589471	-0.05814937909295688
COL18A1	0.3229474119740014	0.011357091636889706
COL19A1	-0.2786342741798644	-0.008435374016521216
COL1A1	-0.3038091291836169	-0.026505827475624657
COL1A2	-0.3518794078566216	-0.013007222311420015
COL20A1	-0.0271405665762842	-0.0006642110858214032
COL21A1	0.3742343707306345	0.006065590680802124
COL22A1	0.1488178417071196	0.005137340713571476
COL23A1	0.3289595009753884	0.00766969076524118
COL24A1	-0.4394661918300953	-0.013271000060885217
COL25A1	0.9757433758066394	0.02612552888722277
COL26A1	-0.6792836432758476	-0.014056416430307113
COL27A1	-0.4131138323048048	-0.01745529875637492
COL28A1	0.5921365068893023	0.01742420885172461
COL2A1	0.210208149852851	0.017440970193291046
COL3A1	-0.1113967410231648	-0.005030119840901006
COL4A1	-0.6865825819876177	-0.02893259000495821
COL4A2	-1.2930645236868077	-0.07695414899817299
COL4A3	0.4597578966969709	0.025906897720977616
COL4A4	-0.0197607231055182	-0.001034750504697355
COL4A5	-0.4330339264731057	-0.011015517021622862
COL4A6	0.2690346758681708	0.016077512229881886
COL5A1	-0.0417316408410129	-0.0017788111908481749
COL5A2	-0.4778369885180599	-0.012892041950217255
COL5A3	0.2358785612044698	0.006626536419917169
COL6A1	-0.0056216459245658	-0.0001420871007434006
COL6A2	-0.7197634048682043	-0.01940122257822245
COL6A3	0.9130295202576086	0.02068650984047664
COL6A5	0.5070465094205816	0.005662695417209056
COL7A1	-0.1525129121292905	-0.004168635427229897
COL8A1	0.1299248422558748	0.0034375514764059356
COL8A2	1.221690238541581	0.03102971036871762
COL9A1	-0.6697727045514422	-0.016507218076374845
COL9A2	-0.41068738894732	-0.011277475700493407
COL9A3	0.1362963155338315	0.0035544716128067923
COLEC10	0.3969912606840365	0.0035943588742332663
COLEC11	0.5941578052142334	0.005385446346461812
COLEC12	-0.6400888704639112	-0.016433641660290453
COLGALT1	-0.2608512534187345	-0.003661047341731939
COLGALT2	0.4144164794201737	0.005041376472146413
COLQ	0.1653298748368327	0.002001152805025023
COMMD1	1.0503934887532167	0.11634053242081753
COMMD10	-0.4453666424425866	-0.15925776693775967
COMMD2	0.5973005581825974	0.5345039612986282
COMMD3	-0.878621344209322	-0.18263462571407071
COMMD4	0.0679884435329169	0.009542653968949618
COMMD5	0.0427846995055452	0.0009695868601946653
COMMD6	0.1382674674504773	0.009450304865305223
COMMD7	0.7173160696893723	0.052588593017136954
COMMD8	0.0344970478657575	0.03385236703524223
COMMD9	-0.0924205893977591	-0.025017144502900615
COMP	-0.5176643587822574	-0.005927256908056847
COMT	-0.1421692351040021	-0.009300995698974024
COMTD1	0.5116122220298092	0.0016366474982733596
COP1	-0.0356956988456694	-0.00845277718235336
COPA	-1.9785801205697895	-0.1959565965611114
COPB1	-2.366843137739482	-0.2314464899101307
COPB2	-1.330585920277335	-0.19494813493759316
COPE	-0.6899804984066455	-0.06702539559571996
COPG1	-1.635604126944086	-0.10503031901171447
COPG2	-0.5726486373523316	-0.03570578783619258
COPRS	0.643011088131894	0.013144432663592177
COPS2	-0.3589310025698711	-0.04545897040647675
COPS3	-0.2186449685767649	-0.10937867604530667
COPS4	-0.5579600637776871	-0.055835621542296925
COPS5	0.3228707323229528	0.04315651643594749
COPS6	-1.242714452580595	-1.2086864454400332
COPS7A	-1.0474413086297378	-0.3015950132003036
COPS7B	-0.122463199683421	-0.013701672633379874
COPS8	-0.7943904439781408	-0.5171243473164504
COPS9	-0.4854419911285615	-0.004688398750319647
COPZ1	-1.8710527018431593	-0.09019222443964764
COPZ2	-0.8307625684457931	-0.024652048456060463
COQ10A	-0.3119046905280238	-0.03722707243328175
COQ10B	1.395269921922343	0.03692721375359673
COQ2	0.9048987811577556	0.02156645265133279
COQ3	0.2129287675984446	0.0011242638929197875
COQ4	-0.4240512304539741	-0.003612068381006951
COQ5	0.7174926429992661	0.012493699392546222
COQ6	0.1245756659364008	0.0077837367590381954
COQ7	0.1393420409725385	0.010012561696122727
COQ8A	-0.3126853504527541	-0.003827581374892163
COQ8B	0.2318022933760497	0.0019508481010528343
COQ9	-0.4158413154414748	-0.02388592515895831
CORIN	-0.3995290313200476	-0.024315736375169414
CORO1A	0.1904469316285936	0.004686137199653174
CORO1B	0.6072460379670855	0.01829632312394829
CORO1C	1.021329938843634	0.008033781298944026
CORO2A	0.3041733875353385	0.0017681599017429226
CORO2B	0.3798381691746882	0.0018053708180872932
CORO6	0.1665049399926888	0.01816818652730224
CORO7	-0.4898630203871147	-0.015470364046845469
CORT	0.2269675339849654	0.007106580456603252
COTL1	0.0933711968632245	0.012147312598314917
COX10	0.2705115530329306	0.0016777126519102357
COX11	-0.8992902416618461	-0.003280610801582415
COX14	-0.3804528244780732	-0.00912249782533524
COX15	-1.2783089183456258	-0.02461767314950006
COX16	-0.3735104600194796	-0.009448320596652755
COX17	-0.0446061294130596	-0.0019086070653259943
COX18	-0.4350905019320074	-0.010506130350152182
COX19	-0.9200117752434928	-0.0006246879953903316
COX20	0.0848302041781857	0.0019745078324514506
COX4I1	-0.0553955567333612	-0.0014444945373791264
COX4I2	-0.2399992054438457	-0.0006103179794436996
COX5A	0.4464547427247357	0.04752153572510631
COX5B	-0.1378562382770818	-0.0002939095000067384
COX6A1	-1.1380701935443178	-0.003133107242827507
COX6B1	-1.0778267844780205	-0.049578954259204465
COX6B2	-0.3564186662551004	-0.0019022064218034707
COX6C	-0.6918987315415127	-0.007727816932587155
COX7A1	-0.7687493237635974	-0.0017904171750454184
COX7A2	-0.1405647524192448	-0.001490126940396414
COX7A2L	-0.3017544270364553	-0.007950323889129488
COX7B	0.2876747052547924	0.00035240151393712063
COX7B2	0.7775629480597541	0.0010232728396466363
COX7C	-0.7704430736280075	-0.00463960818938786
COX8A	-0.2577009053541663	-0.00021621105959214552
COX8C	0.5142388586220815	0.0010248780452338084
COXFA4	0.781552337987309	0.014810416804859507
COXFA4L2	-0.2056742735606972	-0.0007443351960161631
COXFA4L3	-0.5603905154594296	-0.01097468785475747
CP	0.0857172898458574	0.0005563052110996146
CPA1	0.2749201755193548	0.0009822897871306548
CPA2	-0.1393377600427798	-0.0005797844195380067
CPA3	0.655599042921898	0.003378957467219462
CPA4	-0.3586580761516519	-0.0028617327896140305
CPA5	-0.3612683894179929	-0.0015733238359153592
CPA6	-0.3018711770941477	-0.0015649001820560616
CPAMD8	-0.3460529875790565	-0.0026798343358122134
CPAP	0.5694587299571698	0.003000478048144328
CPB1	-0.1491537474772866	-0.000532926339736345
CPB2	-0.5228603289852833	-0.0012595705325255475
CPD	0.7127539044082967	0.004516721492235376
CPE	0.4056959093940877	0.0013939711446780852
CPEB1	0.3551098511762008	0.00929464524468588
CPEB2	-0.1304039253825396	-0.002711097608702998
CPEB3	-0.3358865738026776	-0.0003637651594282998
CPEB4	-0.8800799891170341	-0.0157323098854561
CPED1	0.1214113254643638	0.0008092064842199847
CPLANE1	0.0321829306411409	0.0008607002970666723
CPLANE2	-1.1582877585544673	-0.042587924306530654
CPLX1	-0.9467984405918995	-0.08937682599343472
CPLX2	0.2091296685085984	0.009421082436643849
CPLX3	0.2708316021322008	0.0018338007780371317
CPLX4	-0.2377712475622855	-0.0012803981681229074
CPM	0.8617264391595671	0.0037915963323020955
CPN1	0.3876070942743395	0.003025660977905494
CPN2	0.821956226617758	0.021900201702003547
CPNE1	0.3844049243927577	0.002398686728210808
CPNE2	0.8484288099987543	0.09327032436959305
CPNE3	0.6618320505670731	0.01801506841643573
CPNE4	-0.0617950141254708	-0.0033123981421676113
CPNE5	0.7042934242490209	0.002507988883750763
CPNE6	0.3861563381871747	0.009067723133311237
CPNE7	-0.1819303828779849	-0.0036840902532791946
CPNE8	-0.2327618330646571	-0.001462675358978305
CPNE9	0.1876088491591598	0.0011609235585968807
CPO	-0.5237293451437847	-0.0021268648706289097
CPOX	-0.2610886244248261	-0.005528290533571268
CPPED1	-0.2246460428620559	-0.0031459431842402307
CPQ	0.3841333309033286	0.0004455946638478611
CPS1	0.7109155761193607	0.012301683129169419
CPSF1	2.921556620639058	0.13608026427612605
CPSF2	0.7401055758956708	0.07892855914139382
CPSF3	-0.2007190966311497	-0.021113240336437376
CPSF4	-0.2574654589276627	-0.009590588345055436
CPSF6	0.028775435998366	0.0006677627677780814
CPSF7	0.970297881775955	0.0010508326059633592
CPT1A	0.4432731897681004	0.020133025006077353
CPT1B	-0.4285473232058689	-0.003723219144012589
CPT1C	-0.3620003325530356	-0.0026704764532437435
CPT2	0.0268440050111639	0.000391278217042725
CPTP	0.1543535229783229	0.0011074865273694666
CPVL	-0.2721640357514646	-0.005941068736418721
CPXCR1	0.3576710257198669	0.00019493070901732747
CPXM1	0.3248308715562734	0.002079567239703262
CPXM2	-0.3702806592896145	-0.0031359069035237458
CPZ	0.9209982942157724	0.0045985444830193515
CR1	-0.4009712830644406	-0.0005713840783668279
CR2	0.2653801613545667	0.004289074167812507
CRABP1	-0.390919019325979	-0.000895595473275818
CRABP2	-1.8011469879202733	-0.00744774279505033
CRACDL	0.4986265887496638	0.008981262116558945
CRACR2A	0.0672026318303809	0.0016609802483196943
CRACR2B	-0.1208842371277158	-0.0004441286872072279
CRADD	0.0681127142961716	0.004184981391785376
CRAMP1	-0.1618280407755636	-0.004473088875077353
CRAT	-1.3497246952876645	-0.013931858304759272
CRB1	-0.1643854860736872	-0.0036253575098690975
CRB2	0.097654369064886	0.0012451908599463615
CRB3	-0.4359294074364274	-0.01250725062875854
CRBN	0.5458790526841302	0.01944584949376677
CRCP	-0.0567503699641052	-2.826168424212439e-05
CRCT1	-0.0502290047259909	-2.340671620231176e-05
CREB1	0.973108366579314	0.022995523810635767
CREB3	0.1335509001289611	0.004171863018228486
CREB3L1	-0.2817178522951701	-0.00893355481413214
CREB3L2	0.8138474503391252	0.02544656822975343
CREB3L3	0.4400972340000708	0.014088832752044266
CREB3L4	0.0484527450519094	0.001489001308190228
CREB5	0.1316433673747304	0.003021215281250063
CREBBP	-0.3783999880673828	-0.008938186118139648
CREBL2	-0.8259576657911561	-0.011907831667711097
CREBRF	0.7739578154615175	0.024101046373471657
CREBZF	0.2309672752704817	0.006171907529777812
CREG1	-0.3898380665939533	-0.0008439994141759089
CREG2	-0.192087946802083	-0.00041587040482650965
CRELD1	0.1922119064388524	0.0018106361586539895
CRELD2	0.059858676586975	0.0007393145145257283
CRH	-0.4345043518666796	-0.016644123702605026
CRHBP	0.7343103069960472	0.0019848407598103157
CRHR1	-0.8750605308271507	-0.028603978631677907
CRHR2	0.951040741957274	0.03551281234542657
CRIM1	0.1249978697243611	0.0035946887375331764
CRIP1	0.4558434454606915	0.00402099503240876
CRIP2	-0.4185987027438184	-0.010005346192982746
CRIP3	0.1500994185851336	0.00019002586392877913
CRIPT	-0.1555463773507445	-0.0024647878954998973
CRIPTO	-0.4111802962369398	-0.02248457213912458
CRISP1	-0.2977089839393147	-0.0015480867164844364
CRISP2	-0.9015919866670524	-0.007414692498349839
CRISP3	1.0429175352857405	0.009121356763609086
CRISPLD1	0.9036451094125778	0.008421972419725225
CRISPLD2	-0.165672898803399	-0.0009057337377581823
CRK	-0.1223482799233139	-0.01339958361720134
CRKL	-0.5945076682529701	-0.018071844099553785
CRLF1	-0.0663728717231982	-0.0019631767998287562
CRLF2	-0.3065269194492174	-0.01914843013107316
CRLF3	-0.6535806533961189	-0.012026537603141985
CRLS1	-0.4322737635571747	-0.013208124845489472
CRMP1	-0.6712803549199989	-0.008685025231954946
CRNKL1	-1.7323444041388218	-0.10561930597593984
CRNN	0.2675862238765367	0.0015450428566631228
CROCC	-0.17147423796305	-0.004292000176215141
CROT	0.4499683814984813	0.0006119569988379345
CRP	-0.4050855541886642	-0.018983929411497562
CRTAC1	0.41910959179208	0.003984893998759097
CRTAM	-0.2720316758535607	-0.006566844655104956
CRTAP	0.1083409280988018	0.0031668053283279768
CRTC1	0.0471958911741751	0.0013148775281125182
CRTC2	0.3420894867533607	0.007094935955264702
CRTC3	1.656051054687195	0.04604153142241339
CRX	-0.3332201484147395	-0.010265846332361295
CRY1	0.1127078451710109	0.006989689726125412
CRY2	-0.2007733529009148	-0.014493226025858338
CRYAA	1.1605102322593497	0.07093618794685275
CRYAB	1.3846259335399842	0.04532434530849784
CRYBA1	-0.1636165279978836	-9.244333831880423e-05
CRYBA2	-1.2817925264802208	-0.0026994550607673446
CRYBA4	0.5221103405378164	0.00030177977683085784
CRYBB1	-0.0336682332162864	-7.467614127372323e-05
CRYBB2	-0.2364794733814321	-0.002148652495143692
CRYBB3	-0.8877434372781874	-0.000947222247575826
CRYBG1	-0.476079773760216	-0.003930990691938104
CRYBG2	0.6461872290998134	0.0028445161824973784
CRYBG3	-0.1896460383717712	-0.0032884623053665127
CRYGA	0.0635649638049287	5.015275644208874e-05
CRYGB	0.2350778699917656	0.00013352423015532288
CRYGC	-0.1081705092174578	-5.841207497742721e-05
CRYGD	0.0820517752760845	4.455411397491388e-05
CRYGN	0.038262756032394	2.5789097565833555e-05
CRYGS	-0.5669664941599777	-0.000330541466095267
CRYL1	0.1447899938852401	0.00031955151650472495
CRYM	-0.5927870284855408	-0.0003076564677839957
CRYZ	-0.0138945291176606	-3.1290479572971674e-05
CRYZL1	0.0360556769734193	0.0001831267833479966
CS	0.4124302101387742	0.014844600553524897
CSAD	-0.6474470375450999	-0.01254169656428613
CSAG2	0.0834359238466743	0.0003536014452622056
CSDC2	-0.525219731492046	-0.013319572390638287
CSDE1	0.2645578200353551	0.0005812335306176752
CSE1L	0.2823088887613503	0.0813464593699168
CSF1	-0.3625577041236508	-0.035734412433835266
CSF1R	-0.3348204142786207	-0.029887074639752518
CSF2	0.071436724682078	0.0031548600721346106
CSF2RA	-0.2812878513543861	-0.01707107841084634
CSF2RB	0.2339011148898137	0.011934336585022964
CSF3	-0.4130555817333879	-0.025309154659549877
CSF3R	0.8656106151637498	0.03137492235722528
CSGALNACT1	-0.5430089731773816	-0.003837987422417733
CSGALNACT2	-1.0961159578055777	-0.009245738104090047
CSHL1	1.1303252946308848	0.046851983462450175
CSK	0.3631738846376515	0.018704181406608327
CSKMT	-0.5371852106980941	-0.01345863826883005
CSMD1	0.083539974039227	0.001879900035804725
CSMD2	0.4209711070015062	0.007190607478692727
CSMD3	-0.0828728817133297	-0.00136814840420536
CSN1S1	0.1146411280302347	0.0005674735837496618
CSN2	-1.0699808913264908	-0.0035041874190942573
CSN3	-0.02249483055581	-0.0001781365631714594
CSNK1A1	0.4184347856785242	0.0368306298354237
CSNK1A1L	0.1322861447548119	0.002837802377280225
CSNK1D	0.8513506164291907	0.11007367524997935
CSNK1E	0.2930853266936619	0.04385406434784594
CSNK1G1	0.2964119920884542	0.021169744474957397
CSNK1G2	1.3256236656080609	0.11522453463831826
CSNK1G3	0.5392698583942012	0.023726255959769668
CSNK2A1	-0.5793496220151007	-0.004459833390272245
CSNK2A2	0.5048902043389218	0.01881220901366823
CSNK2B	-0.778763026813859	-0.025594046876237474
CSPG4	0.4921086092286343	0.014046256033212908
CSPG5	-0.1327711271378947	-0.0027275172647937707
CSPP1	-0.0750181008074606	-0.003059463205230666
CSRNP1	-0.9198021903696694	-0.004120713812856118
CSRNP2	-0.2193280736672911	-0.00011536656674899511
CSRNP3	-0.1134054163497899	-0.00018099504449426467
CSRP1	0.1558932745133338	0.004329312126509793
CSRP2	0.2661037438461752	0.007179745112713653
CSRP3	1.3096558792826671	0.008634561212110625
CST1	-0.4117577155623623	-0.0021781983153248965
CST11	-0.4745195081141552	-0.0024532658569501827
CST2	0.2443628685765526	0.0012210812542770332
CST3	-0.3499076964374876	-0.0031302742523297645
CST4	-0.8009979211143909	-0.0037334513103141763
CST5	0.1841738446414734	0.0007936050965601089
CST6	0.5702741770494735	0.011146008790431958
CST7	1.0400509530779436	0.0038107466920775856
CST8	0.9462261892480104	0.006365263575071366
CST9	-0.2385784593126877	-0.0011988567580462556
CST9L	0.1505019534375712	0.0007206033530590909
CSTA	0.0075286514440367	0.0005671483705821727
CSTB	-0.2457114617054472	-0.00592533189902686
CSTF1	-0.6837926699265825	-0.0004738683202591217
CSTF2	0.2575851738964284	0.00016202107438085346
CSTF2T	0.75848036107689	0.00042929988436951974
CSTF3	-0.6343073266357979	-0.021623536765014353
CSTL1	-0.3588856693103578	-0.002007965319791452
CSTPP1	0.0075356050047707	3.6072941157837336e-05
CT45A1	-0.5798264020867211	-0.008064805426624204
CT45A2	-1.270111834295812	-0.017175722335182265
CT45A3	-0.337476801501569	-0.003169582119702736
CT45A5	-0.7542583024940979	-0.008723751526646735
CT45A6	-0.600366989814116	-0.0041353278258396305
CT47A1	-0.5286294170869786	-0.0002923320676490992
CT47A10	-0.4801298875892998	-0.00026551182783688277
CT47A11	0.7320123126816283	0.00040480280891294043
CT47A2	0.2094916050812935	0.00011584885760995531
CT47A3	0.684672620607022	0.0003786239591956832
CT47A4	-0.1130979349498521	-6.25431580272682e-05
CT47A5	-0.2132152338677637	-0.00011790802432887333
CT47A6	-0.2514809875893609	-0.00013906898613691657
CT47A7	0.1989792325300021	0.00011003551558909117
CT47A8	-0.3826690724836022	-0.00021161599708343203
CT47A9	-0.3370581715629155	-0.00018639316887429227
CT55	0.1489530350653791	0.00033171840909059923
CT83	0.6941275607409183	0.0003900996891363961
CTAG1A	0.3434769981850388	0.00465651766439457
CTAG1B	1.0454016813446263	0.014172510593989099
CTAG2	-0.141366213339215	-0.0006032096323184304
CTAGE1	0.1233576839155952	0.00027940515406882317
CTAGE15	-0.0064388400240948	-3.362362260582305e-05
CTAGE4	0.272919504531906	0.0013042823121579789
CTAGE6	0.0428333056516072	0.0001974187057482576
CTBP1	0.0518908418775585	0.001388650819485343
CTBP2	0.489981508028218	0.013249099977083015
CTBS	0.0128357230491438	0.00010520158611078259
CTC1	-0.061101554585429	-0.0013202823914819498
CTCF	-0.1011985514371361	-0.002940121514903115
CTCFL	-0.1869882828477051	-0.00010807922748597355
CTDNEP1	0.7397859492364065	0.009910912361920137
CTDP1	-0.3655817795682566	-0.009989156544923043
CTDSP1	-0.3100374345246245	-0.01982844412502236
CTDSP2	-0.1834983101754334	-0.02071934469683871
CTDSPL	0.6282167415575062	0.014997418271202344
CTDSPL2	0.324359932899789	0.013169661995597232
CTF1	0.4438780976424809	0.002355661064188646
CTH	-0.795912253512006	-0.004437210813329434
CTHRC1	-0.4879001227263527	-0.008058646327071168
CTIF	0.0832301643367709	0.03418221234229012
CTLA4	0.5205385534468819	0.01630482910961668
CTNNA1	-0.7681365901889692	-0.10774882391557727
CTNNA2	-0.0335709606063031	-0.0010670865538319504
CTNNA3	0.3639327662833718	0.008595364074080675
CTNNAL1	0.2133456960755637	0.009207360205533102
CTNNB1	0.1307329418322177	0.0037090242927218485
CTNNBIP1	-0.8725360110913261	-0.005350390820012011
CTNNBL1	-0.2762545424976083	-0.016254264771474278
CTNND1	0.0787317568506958	0.0023954137021824197
CTNND2	0.3800758686467114	0.0240390385401672
CTNS	0.160283622756447	0.00096314428914349
CTPS1	0.7264821981981318	0.020858030392466562
CTPS2	0.0626004387615116	0.0002624836397270181
CTR9	-0.0253074858760336	-0.0019857518792629762
CTRB1	0.5345762053924229	0.004446604876454174
CTRC	0.1242267567411968	0.0008995259455630061
CTRL	-0.8494186430538867	-0.005728479328755412
CTSA	-0.0083697473011797	-0.00020988815307168332
CTSB	0.0558911870860755	0.0028072466537723143
CTSC	-1.025856733720672	-0.023543412038889426
CTSD	0.5356864851210209	0.019023298459617696
CTSE	0.1033040301859704	0.0014623718513125969
CTSF	-1.1532541118652555	-0.03420782346614721
CTSG	0.6517345434736141	0.005376809983657317
CTSH	0.119394348276539	0.0034755694783300504
CTSK	-0.7500835520915408	-0.01407456777144567
CTSL	-0.4083034541067302	-0.009794791560566351
CTSO	-0.3229872364988251	-0.009577217536663163
CTSS	-0.4390684631721485	-0.010327329322272105
CTSV	0.2105083289805869	0.0036430571413380367
CTSW	-1.0122145285041415	-0.02844424046549488
CTSZ	-0.4462041687345446	-0.01252807444555981
CTTN	0.2196480709519743	0.0425820732751045
CTTNBP2	0.6505567947995277	0.02166809516438787
CTTNBP2NL	0.1252100343132058	0.016484527067505108
CTU1	-0.5226086165222057	-0.0002728016978245914
CTU2	-0.614368141327074	-0.08930701049586877
CTXN1	-0.5096803176901359	-0.0037441116137517383
CTXN3	0.6575549987687269	0.002089709786087014
CUBN	-0.1024668656019396	-0.001498065575100357
CUEDC1	0.2301335920854505	0.001059535057961414
CUEDC2	-0.3311864218134298	-0.0270797889659969
CUL1	0.977560371358334	0.5007777841168478
CUL2	0.6907475917007043	0.14562478877752588
CUL3	-0.2799729063683535	-0.025387663176575925
CUL4A	-0.8039632105661961	-0.047889676563796606
CUL4B	-0.0938224550129769	-0.006613169564044689
CUL5	0.4087919783930736	0.17060810580641408
CUL7	-0.0912208332079709	-0.004129567119324842
CUL9	-0.7684561050341983	-0.08626765080724413
CUTA	-0.5073224996098171	-0.003224034485020388
CUTC	0.5232570410286269	0.0019344812806828338
CUX1	-0.3949338737231986	-0.009458666275670605
CUX2	0.12719061915483	0.0033792003697055233
CUZD1	0.0754173872647759	0.0012538140632768994
CWC15	-0.5176511134871628	-0.0007247115588820278
CWC22	-1.6919476200319736	-0.00240933341092553
CWC25	0.4358411967213899	0.00024668611734430666
CWC27	0.1557964395194065	8.677861681230941e-05
CWF19L1	0.424599995775439	0.012192813478687505
CWF19L2	-0.219533786511413	-0.00013062260297429075
CWH43	0.2822036778219353	0.0020298910545731804
CX3CL1	0.6143178217101578	0.056374717862697765
CX3CR1	0.3200617853928008	0.009315078202072074
CXADR	-0.4432219409105747	-0.042738562096183985
CXCL1	-0.1167580203867497	-0.003976311142291148
CXCL10	0.2839445921964969	0.01002494777208952
CXCL11	-0.4156539533829058	-0.017484899203005316
CXCL12	0.4481631306670399	0.017075463441544887
CXCL13	0.5354349051475795	0.016487111599304268
CXCL14	-0.740065735089004	-0.03285003784913071
CXCL16	-0.3360079908229488	-0.009187130485081067
CXCL17	0.586088878696245	0.01519494026907885
CXCL2	-0.2353353487027666	-0.007542968596621074
CXCL3	-0.6997272376471415	-0.023170767747447443
CXCL5	0.041426659245883	0.0014828258410471361
CXCL6	0.6195326144073521	0.021280945304892544
CXCL8	0.1555917965263401	0.007239686292370605
CXCL9	-0.8266082463103138	-0.02868743918819944
CXCR1	-1.112821747256215	-0.034271571350249656
CXCR2	-0.5313190330637539	-0.0225582121867878
CXCR3	0.37001879095287	0.013168228732430738
CXCR4	1.473951061833229	0.07407341061242892
CXCR5	0.0878918412947726	0.0028027829270490033
CXCR6	-0.1193743602761362	-0.0035782464492771825
CXXC1	1.2725662839469405	0.09085868754124365
CXXC4	1.4041104822725736	0.00851171774353634
CXXC5	-0.0342003967663661	-0.0008069241613056417
CXorf38	0.9004319089359476	0.0013101284275018037
CXorf58	-0.2631589889251791	-0.00015289537256552905
CXorf65	0.4997244550933025	0.0006136616308545754
CXorf66	-0.3590547373800269	-0.0009134352518947884
CYB561	-0.216815461132723	-0.0005782468348409722
CYB561A3	0.2782248867686332	0.0006574454074342803
CYB561D1	-0.8170074509170633	-0.0023987338758924975
CYB561D2	-0.311802472563449	-0.0005138504747845639
CYB5A	-0.076868572732207	-0.008094183840128666
CYB5B	-0.1778889032958875	-0.005973865150482494
CYB5D1	-0.1110662906868421	-0.0021780099603689734
CYB5D2	0.3363504895627904	0.0019141706361018402
CYB5R1	2.403427973791764	0.0125771385868523
CYB5R2	-0.4150143848985018	-0.003193120677409073
CYB5R3	0.3686480291497142	0.002528556831937889
CYB5R4	-0.4392740403134793	-0.02908257711299421
CYB5RL	-0.4786803496706298	-0.02500721882749304
CYBA	0.2297312281575121	0.006445109605959002
CYBB	-2.087557870968632	-0.05456250007350714
CYBC1	-0.4310772622066168	-0.010070395922408775
CYBRD1	-0.3433042833211089	-0.00040990531428540403
CYC1	-0.0001610488388196	-5.044049631829872e-07
CYCS	-0.1888587811614235	-0.040262803555803875
CYFIP1	-1.2680418103492506	-0.06602566902307512
CYFIP2	-0.0610235852702923	-0.001822957562779442
CYGB	-0.391466149386464	-0.0012957529544691958
CYLC1	0.2843726473483081	0.0001794391404767824
CYLC2	-0.2235680569786587	-0.00014800205371987208
CYLD	-0.5178828888421374	-0.014376946877146577
CYP11A1	-0.2551501444293817	-0.001967207613550533
CYP11B1	0.871096850208303	0.0016481152405941092
CYP11B2	-1.1096617480314983	-0.0020761771305669334
CYP17A1	-0.211443491511767	-0.0007681742046622495
CYP19A1	-0.5480311946480301	-0.0033862847517301775
CYP1A1	-0.1740712608619884	-0.002487826460239538
CYP1A2	-0.4203299981214657	-0.0043331819506341905
CYP1B1	-1.4697766402888426	-0.010938077757029567
CYP20A1	-0.6189501049238788	-0.00160369972185777
CYP21A2	0.0291932137170424	0.0001715101305876241
CYP24A1	0.1951367739218735	0.005052676487159071
CYP26A1	0.5662356303526118	0.005135190931667837
CYP26B1	0.3648954854866015	0.005752577328696273
CYP26C1	-0.2494344649579145	-0.0008949708602689972
CYP27A1	-0.3656794727738218	-0.011485992239825743
CYP27B1	-0.0545591262638976	-0.0006336496924289067
CYP27C1	0.1065165385708999	0.0012331419670353083
CYP2A13	-0.7304890726962079	-0.0051389906264178225
CYP2A6	-0.8771876103085416	-0.010581514143151938
CYP2A7	0.603883495582222	0.005588941751613464
CYP2B6	0.6443319385460139	0.003980682716337274
CYP2C18	-0.2213098989213436	-0.0010979184085487855
CYP2C19	-0.0959212217039288	-0.0007699596466174364
CYP2C8	-0.3663722790506254	-0.0019095323184118596
CYP2C9	0.6638269600366387	0.004906345061630796
CYP2D6	0.1404521595322668	0.0006751535308716065
CYP2E1	-0.1067582561848268	-0.0007613998831101848
CYP2F1	-0.0073332828954312	-2.432449936414529e-05
CYP2J2	0.5224265797531111	0.0028137895585502565
CYP2R1	0.6942055021190298	0.005786202860162113
CYP2S1	-0.1547970908710683	-0.0005845138151291539
CYP2U1	-0.3991254927648979	-0.0015258567588402046
CYP2W1	0.2304175304627158	0.0009677536279434063
CYP39A1	0.3425287588107424	0.00020414714025120245
CYP3A4	-0.1666990594607866	-0.0006102852566859398
CYP3A43	1.03818035728555	0.004327135729166172
CYP3A5	-1.3166334412690095	-0.006342223286592819
CYP3A7	0.8974285899711096	0.003927147509713576
CYP46A1	0.251828820862035	0.0009967384729719345
CYP4A11	-0.044696638917803	-0.00020305683060357901
CYP4A22	-0.605747771910257	-0.0023169852275567327
CYP4B1	0.6461012945667606	0.002870628051760117
CYP4F11	-0.0891519177388698	-0.0003080198757877952
CYP4F12	0.0305433782658656	0.00011041431243110414
CYP4F2	0.6056664386696786	0.0025813503616101702
CYP4F22	-0.3723916392342691	-0.001476532849563877
CYP4F3	-0.7310844818923873	-0.002894363463811961
CYP4F8	1.252777432740313	0.004720465366565499
CYP4V2	0.4919776241005191	0.0018301567616539312
CYP4X1	-0.788322665391122	-0.0021560624898447184
CYP4Z1	-0.9638509453297884	-0.002647698546820929
CYP51A1	-1.1174535660251714	-0.04689952616607645
CYP7A1	0.0903996849536295	0.0014239758373895718
CYP7B1	-0.02101720383689	-1.086589438367213e-05
CYP8B1	0.2332645891915623	0.0002717532464081701
CYREN	-0.0211607303681178	-2.1330016211062743e-05
CYRIA	-0.95416543260342	-0.047447784467070264
CYRIB	0.3475052632053789	0.0122297527279869
CYS1	0.0671297032284654	0.00024958823660343435
CYSLTR1	0.4262069605084973	0.008020788789809411
CYSLTR2	0.7073475154182185	0.01878856470453872
CYSRT1	0.6229405575197574	0.003588137611313803
CYSTM1	-0.397494282904155	-0.0018610682325572538
CYTH1	-0.9480527469779344	-0.023725968045869787
CYTH2	-0.3269829229578083	-0.008158877893643232
CYTH3	-0.0222654875401912	-0.0003656883673601003
CYTH4	0.4696887317368184	0.007846619952395288
CYTIP	0.3999106082225029	0.011634599325017278
CYTL1	0.3664569936533155	0.01283772140166295
CYYR1	-0.1430627139722375	-0.0003773994394587625
CZIB	-0.2785171549612445	-0.009267101297025487
D2HGDH	0.3468423027053717	0.0010824948267434652
DAAM1	0.1746524480893398	0.011442355136573098
DAAM2	0.3107120533043839	0.04525645341199673
DAB2	1.1208664327207578	0.032907517598248726
DAB2IP	1.7779919160571434	0.042017504960262415
DACH1	0.2338822513115951	0.006713823906150648
DACH2	-0.426937279668525	-0.01241448221820137
DACT1	0.0402263713823607	0.00019019028389580142
DACT2	-0.6981816852891947	-0.005217511734166152
DACT3	-0.0846907829199974	-0.0003693365043141087
DAD1	-0.388919794577108	-0.016663268598656193
DAG1	-0.6138496630540085	-0.02154796472218486
DAGLA	0.085948367758024	0.0013477563548135744
DAGLB	0.0138894784236562	0.00016999332642712823
DALRD3	0.6238115119766818	0.008485707997418804
DAND5	0.5100713524184406	0.03248083365065388
DAO	0.9667911014132948	0.07114615715300437
DAOA	-1.011602100334524	-0.003918946536695946
DAP	-0.100847130724208	-0.0001106293024044562
DAP3	-0.1066833999104903	-0.00014786319227593959
DAPK1	0.6746986978759463	0.04520076456550114
DAPK2	0.7142136249130451	0.08515783313925711
DAPK3	0.3819462819635134	0.012322350948706868
DAPL1	-0.3570738026967993	-0.00035278891706443766
DAPP1	0.181637746681375	0.01982049255561832
DARS1	-1.8077964342491035	-0.3641498591400997
DARS2	0.4128780987091588	0.0006420254434927419
DAW1	0.4580456034683415	0.0018514203292190363
DAXX	0.3891359613339149	0.03374042266341843
DAZ1	0.9671610372392352	0.020997066118463796
DAZ2	0.0805760797580712	0.0011324162249199327
DAZ4	0.4200672661108235	0.010301729634101836
DAZAP1	0.441586595708994	0.00041862409273212627
DAZAP2	0.0089765789756494	3.306971694629239e-05
DAZL	-0.0473437021648623	-0.0014167602872835043
DBF4	0.1557537335414403	0.010244857577421777
DBF4B	-0.0833789978171869	-0.0021167426175849238
DBH	0.5129179282255536	0.0008268237002995924
DBI	0.0415641461501197	0.00016442776216987355
DBN1	0.5371165545245721	0.042871032032487766
DBNDD1	-0.0479813446859129	-0.00017580364692918487
DBNDD2	-0.8277055727596666	-0.003734607544291616
DBNL	0.8410457225375265	0.06589509131509266
DBP	1.0313755256850332	0.029842850835696436
DBR1	-0.7356522998481752	-0.09868849167693254
DBT	0.4029874676437255	0.008129466184776874
DBX1	-1.0877394471776705	-0.008606194506069729
DBX2	0.6692788585793729	0.00741761758963519
DCAF1	-0.32838833436791	-0.011843325278978674
DCAF10	0.4106128087679805	0.00960710788674444
DCAF11	-1.689002394444017	-0.05074776594346493
DCAF12	0.0095073899788312	0.00025832529311482257
DCAF12L1	0.3611267831383439	0.008961361123578005
DCAF12L2	0.8400874917724944	0.019069145975743853
DCAF13	-0.9853109257576164	-0.0006118780848954798
DCAF15	0.2965844575670409	0.023404962468903032
DCAF16	0.2685194709079243	0.006797033367092287
DCAF17	-1.0546362946000598	-0.03664650196476288
DCAF4	-0.4958441521807269	-0.01672680662966464
DCAF4L1	-0.605792628864781	-0.015364718445897442
DCAF4L2	-0.1371441099055897	-0.002648664194606654
DCAF5	-0.1241434835363343	-0.0043322351449674576
DCAF6	0.7222540032555378	0.029237564305787427
DCAF7	0.0189416943851924	0.00027177543103874054
DCAF8	0.7352992115664416	0.020025874027012038
DCAF8L1	0.1884039358251922	0.0057191898759095345
DCAKD	0.2403617640329765	0.00296606416816693
DCANP1	-0.9241689654800712	-0.0006025581654930065
DCBLD1	-0.3220697031939934	-0.024094678635349035
DCBLD2	-0.3941931564838496	-0.009856011491565692
DCC	-0.1158367024276745	-0.0031699871986357406
DCD	-1.0089470778229623	-0.007956556655711882
DCDC1	0.5472650714897955	0.0034806058546750997
DCDC2	0.2974988538479621	0.0012518751769922244
DCHS1	0.0535174203292698	0.0011662516238154475
DCK	0.5032192568680762	0.02310279608281338
DCLK1	0.4282843878561987	0.007995212952499518
DCLK2	-0.2801367545321487	-0.0034213101831011322
DCLK3	-0.1901678030424677	-0.01177442969317743
DCLRE1A	-0.1891727738042998	-0.005005133249314164
DCLRE1B	0.2376474174207881	0.022238570027402507
DCLRE1C	-0.2776589317578717	-0.013396210480522036
DCN	0.0603859294623266	0.003163498072672366
DCP1A	-0.1396368889218759	-0.006306839725045446
DCP1B	-0.004522671645262	-0.0004344975876319656
DCP2	-0.5022772606417618	-0.0009734133311237345
DCPH1	-0.4375195652467749	-0.0037705436132967063
DCPS	0.1107899853030541	0.0004718545474057074
DCST1	-0.2524274896494722	-0.0015446038091651204
DCST2	-0.9786918657792592	-0.013798576615621776
DCSTAMP	-0.1065457060701978	-0.002045251373723517
DCT	-0.1730483738235267	-0.000561195876309697
DCTD	0.2690959312284003	0.0036621265280872995
DCTN1	-0.5277947428566753	-0.027979982703060926
DCTN2	-1.1692178387736567	-0.19351958293110547
DCTN4	0.7688975021117606	0.06677029018588318
DCTN5	-0.1028194349403567	-0.013275634161759095
DCTN6	1.039525047011546	0.14035771137254596
DCTPP1	0.3924508176220156	0.38277023330373333
DCUN1D1	-0.4193292321825734	-0.04102214012595679
DCUN1D2	0.4201806358187678	0.018256428445689643
DCUN1D3	-1.7704085021331688	-0.06064888405757597
DCUN1D4	0.3700853331822564	0.011529268384626833
DCUN1D5	-0.3477318289187924	-0.03201810361135565
DCX	-0.8051006811801632	-0.021297328319258856
DCXR	0.3375531994304934	0.009313430325486743
DDA1	-0.337387490798961	-0.011987714935577884
DDAH1	-0.0126708280754395	-3.072675808294079e-05
DDAH2	0.707230300539448	0.010401943260334202
DDB1	-0.984183447920172	-0.12156830785399549
DDB2	0.052037692277841	0.009471224258413007
DDC	0.3453170242214397	0.001093273698685078
DDHD1	0.2786652585464981	0.003262334181803853
DDHD2	-0.2408222965809707	-0.01173478886779754
DDI1	-0.0847657145782743	-0.001372695981880574
DDI2	0.4712637379814852	0.015077612032979637
DDIAS	-0.2259230857383834	-0.005923251461888937
DDIT3	0.2460423021761994	0.007720069315382609
DDIT4	-0.5718468247477411	-0.017539113961837965
DDIT4L	-0.4687880361847728	-0.0060679923403757
DDN	0.1915458900486565	0.0005633364626330987
DDO	0.6461148976298499	0.018642353141314058
DDOST	-0.9458001787602964	-0.16788426073084642
DDR1	-0.033707782009985	-0.0009582785347618635
DDR2	-0.7530485640576301	-0.051171909073408135
DDRGK1	0.4491339764748925	0.01396088052474556
DDT	-0.0609648698303749	-0.00019764810799007543
DDTL	0.45843850774992	0.0007871389178066127
DDX1	0.2666426428975146	0.0256622212377426
DDX10	-0.8303192639384287	-0.0007115836091952334
DDX11	0.3165909461759446	0.0077662925006420965
DDX17	-1.0192160883654855	-0.026509810458386275
DDX18	-0.8567193231117396	-0.0004052282398318528
DDX19A	-0.7529300874915791	-0.10476871581427824
DDX19B	-1.346173481987608	-0.29759318696907255
DDX20	0.3563204276314982	0.011949918181477554
DDX21	-0.7487035540712851	-0.0010197342406450902
DDX23	-0.4239456381278248	-0.00039511733473513274
DDX24	-1.4328464176512683	-0.0006705721234607936
DDX25	0.5381539706153703	0.07078823514077519
DDX27	-0.8895065120547887	-0.00035313408528575113
DDX28	-0.4270161759387722	-0.0002796955952398958
DDX31	-0.4008318448607093	-0.0002765739729538894
DDX39A	0.7337001383252223	0.11209764193388076
DDX39B	0.1176822200443591	0.016988487603383635
DDX3X	-0.5472053223043323	-0.055782657761025936
DDX3Y	1.73318734279925	0.16342743411456967
DDX4	0.4845071491766782	0.016158797932191393
DDX41	-0.9247062384081312	-0.029807905595086108
DDX42	0.6793250945385559	0.32743673354286756
DDX43	0.1822255986945555	0.000405451957095386
DDX46	-0.1271203617595659	-7.868750392917129e-05
DDX47	-1.2404275511292506	-0.0006450223265872103
DDX49	0.2013651306028442	0.00011840269679447238
DDX5	-0.3481655441206691	-0.014850653118923017
DDX50	0.8855985263409862	0.0009298784526580355
DDX51	-0.4705691937885196	-0.00021034442962346826
DDX52	-0.4240268538653085	-0.00022558228625634412
DDX53	0.8146846106456875	0.00048636671255547546
DDX54	-0.5401092162413306	-0.0006713557557879739
DDX55	-0.1760292335462819	-0.023088698388864518
DDX56	0.0320742707296762	0.001915571670788452
DDX59	0.577772063624868	0.0008874578897277972
DDX6	-0.3999229170773256	-0.00047070927340001225
DDX60	0.449871057026292	0.0008839966270566638
DEAF1	-0.282251920429689	-0.002892517680563453
DECR1	-0.1327022716812182	-0.010316141898226222
DECR2	0.0562517364373594	0.0011043340897382398
DEDD	-0.0615934499685892	-0.0010352011136220787
DEDD2	-0.3942480533645628	-0.0028977231922295366
DEF6	-0.4543032523224308	-0.0018508314499615832
DEF8	0.6892316937430224	0.005762666191385411
DEFA1	-1.28125130303183	-0.0022063147438208114
DEFA3	-0.7218628340400703	-0.0012228356408638791
DEFA4	-0.8301682327038233	-0.006457878682203042
DEFA5	-0.1022606954492717	-0.00013682481051112554
DEFA6	-0.1883398376742755	-0.00013202622620966714
DEFB1	-0.1459622903517622	-0.0007141934866911724
DEFB103A	0.2964419090842988	0.0004381411416265936
DEFB103B	0.7339747229055102	0.001084814640454344
DEFB104A	-0.1611212662851604	-0.0005988877467819412
DEFB104B	-0.3052249873469241	-0.0011345212779685168
DEFB105A	0.7338574003588112	0.0010362066493066415
DEFB105B	0.0831218824343196	0.00011736809799725928
DEFB106A	-0.3685504594798365	-0.0027070031248793993
DEFB106B	0.5736761607788683	0.004213651400920788
DEFB107A	-0.0685495330253319	-4.188376467847779e-05
DEFB107B	0.4522240943431808	0.0002763089216436835
DEFB108B	-0.5031791902637364	-0.003387905488045737
DEFB110	-0.1083712202463633	-0.0007779969901486421
DEFB112	-0.1526247946049955	-0.000750456115072763
DEFB113	0.1994630201944374	0.00030497895787729476
DEFB114	0.6073181022130458	0.006927070273842001
DEFB115	-0.0355202900238704	-0.00013025290351753276
DEFB116	-0.1880694271591382	-0.0011801356554235923
DEFB118	0.5981054846839545	0.0037943811948350074
DEFB121	0.4545585930696868	0.0003604649643042616
DEFB123	0.4709926621229692	0.0031485859462920492
DEFB124	-1.044487658727686	-0.003328782168365135
DEFB125	-0.4350889093816297	-0.0006165209845937693
DEFB126	0.573287850426124	0.00045691041678962076
DEFB127	-0.7506714715284424	-0.0007356580420978735
DEFB128	0.1150003478608262	0.0007970674110233864
DEFB129	-0.2805454298234148	-0.001968026190211255
DEFB130A	-0.2658829526408127	-0.00016644272835314875
DEFB131A	-0.793059362380818	-0.0011673833814245642
DEFB132	0.163362161792791	0.0019616528388078343
DEFB134	-0.6805461023699992	-0.003923348280163046
DEFB135	0.0427339343546979	0.0002864028280451853
DEFB136	1.2292891310290164	0.0032551576189648354
DEFB4A	-0.0425625949160569	-0.00014569176239766275
DEGS1	1.2055304615567743	0.004882398369304936
DEGS2	0.9455227017003328	0.006092002767055244
DEK	0.0676248821884682	0.0011402907634619505
DELE1	1.4950737276574322	0.038967601637663316
DENND10	-0.3583756128422444	-0.0041521398503902435
DENND1A	0.296105392867466	0.006692870194983335
DENND1B	0.3674230136440427	0.0038858657922993954
DENND1C	0.1726773725419859	0.0027117254583993466
DENND2A	-0.1116815417660421	-0.0005017851671548271
DENND2B	-0.129363411032007	-0.0013090283562328788
DENND2C	-0.9052146190192524	-0.0039241053734484594
DENND2D	0.4095744303895249	0.002609398696011663
DENND3	0.4959191324455002	0.003847836548644636
DENND4A	-0.7492862390793745	-0.009941529820105141
DENND4C	0.3458118221544232	0.004336480249816467
DENND5A	-0.1803369761897453	-0.005760143356476654
DENND5B	0.0011240636174276	4.685771595608693e-05
DENND6A	0.081658393367678	0.0011359499101377686
DENND6B	0.8965435720363557	0.008907160388181193
DENR	-0.6616075034388877	-0.0004168127271664993
DEPDC1B	-0.4299398595042042	-0.0020301760165788523
DEPDC4	-0.3789251215077973	-0.00044751056850070856
DEPDC5	0.014124005833455	0.0007205361575937068
DEPDC7	0.9009710318811798	0.004207534718885109
DEPP1	-0.6864153350174864	-0.0018238055451414614
DEPTOR	-0.180469645808306	-0.0035476722972996788
DERA	0.0511677917835945	0.0003491178433394653
DERL1	0.1305650851143064	0.003949463259622654
DERL2	0.2258600461419071	0.020487087205393967
DERL3	-0.5610546189535115	-0.013512439442876372
DES	0.6429434991533904	0.03171447398273929
DESI1	0.5122489602299937	0.002343026744091991
DESI2	-0.6263295515570392	-0.0005323801188234832
DET1	0.1677690115377094	0.006861417033869239
DEUP1	0.4353104287041576	0.004975598200088521
DFFA	1.0323736918145507	0.3407741671836814
DFFB	-0.5714989645960121	-0.016679197281734615
DGAT1	0.2625941359505989	0.005551765222267562
DGAT2	0.6076611139845218	0.007507653063278767
DGAT2L6	0.3707692168114747	0.0016210030158997674
DGCR2	0.1826112575414442	0.005516320867811946
DGCR6	-0.8317458359746571	-0.0035149579028289006
DGCR6L	-0.2525304283646273	-0.001099012424242858
DGCR8	0.2103658907844614	0.00300360418862054
DGKA	0.2751780519291314	0.007169764143013519
DGKB	-0.1679118700070571	-0.0071789040902817194
DGKD	-1.1561631675114152	-0.08080886843004285
DGKE	0.60626519114578	0.011560870929958878
DGKG	-0.6153421710534421	-0.004333854910729393
DGKH	0.0543684436474515	0.003623765505989937
DGKI	-0.634759679244981	-0.019384925844462476
DGKK	-0.4383070721029624	-0.0010703458700754341
DGKQ	0.1700513928456221	0.001885359792479412
DGKZ	-0.4318893256444282	-0.016971954829849097
DGLUCY	0.6263858094399645	0.00029377494462734337
DGUOK	-0.6359661096546252	-0.001958139651626591
DHCR24	-0.231539819487532	-0.0009009214376259869
DHCR7	0.1931236625427438	0.0028159361235357474
DHDDS	0.6767494424076501	0.05330078608402652
DHDH	-0.2815751099613299	-0.0012473777371286915
DHFR	0.4012291814553435	0.08447760046787821
DHFR2	-0.0174602251154236	-0.002703785700023806
DHH	0.0201148271374905	0.0005446290595746928
DHODH	-0.3220663523121251	-0.0029662311047946722
DHPS	0.1736640599393216	0.01246404324590505
DHRS1	0.4675169157434953	0.001874742832131416
DHRS11	0.4555100194975232	0.012747447895638185
DHRS12	-0.6203584426614166	-0.0063028417774399935
DHRS13	0.8481228164950879	0.0037995902178979937
DHRS2	-0.7829209667915573	-0.0145036109098136
DHRS3	-0.1054514419485994	-0.0011386646701609764
DHRS4	0.2170100399837431	0.006595803155265888
DHRS4L2	-0.0110867394013157	-0.00012598970655655162
DHRS7	0.0040914775744668	2.1742111830716575e-05
DHRS7B	-0.2770353764970251	-0.0018877190554507288
DHRS9	-0.3164879199290572	-0.0016333941547538643
DHRSX	-0.937090771344378	-0.016153570716434387
DHTKD1	0.5302984099971738	0.025737503030802834
DHX15	-0.4854683617987523	-0.0004082788922727507
DHX16	0.4802973307489077	0.3997812468168223
DHX29	-1.2555513330303911	-0.0007370086324888396
DHX30	-0.6443186257316108	-0.12748810488038517
DHX32	-0.2817930119718866	-0.0005370974808184158
DHX33	-0.4351331930118561	-0.004835635173940756
DHX34	-0.2392026870745707	-0.000256903685918089
DHX35	-0.0979219346825706	-5.7676019528034085e-05
DHX36	0.3958763521127413	0.002701064350465234
DHX37	-1.0076555528142663	-0.00047460576537551943
DHX38	0.8244942312034191	0.0005367457445134259
DHX40	-0.7007279097155372	-0.0008724062475958438
DHX57	0.1075707071588959	0.0006817831419730822
DHX58	1.2483196756507315	0.12197206718815733
DHX8	-1.351969585546844	-0.0008693164435066208
DHX9	-0.1030942737487451	-8.195994763025235e-05
DIABLO	0.2414779333978424	0.008493020395535516
DIAPH1	0.7609019061865587	0.08937021158732988
DIAPH2	-0.0113562767723166	-0.0017083474274131307
DIAPH3	-0.2045192881511828	-0.011688890875704551
DICER1	0.6093149874761392	0.31182913114066374
DIDO1	-0.7116040725550203	-0.020869924239893638
DIMT1	0.0609082409580979	0.010641035144825452
DIO1	0.3765101629750915	0.0007823881186622402
DIO2	-0.1369017093206778	-0.0003825033758419738
DIO3	0.3014369627973433	0.002335835024716613
DIP2A	-0.4131864733715453	-0.01459622535832321
DIP2B	-0.2180400464497899	-0.007421647101057948
DIP2C	-0.7864798659960809	-0.038090792869922195
DIPK1A	-0.0433042226707132	-0.000274505467509651
DIPK1B	-0.6220001513002145	-0.0029109607080850036
DIPK1C	0.3169677403718538	0.0012330045100465113
DIPK2A	-0.7661494444418662	-0.003977847915542169
DIPK2B	-0.0034356850307789	-2.0651902720011968e-05
DIRAS1	-0.3180769240276862	-0.004014448858153428
DIRAS2	-0.3145692879120645	-0.0049031914906853494
DIRAS3	-0.1842089096085887	-0.0010728326895604206
DIS3	0.3467255529443175	0.00015741340103672013
DIS3L	-0.8623470541150421	-0.0008787316481432279
DIS3L2	0.1660293635142818	0.00016453509924265324
DISC1	-0.0099841820337257	-0.0008354563842180992
DISP1	-0.4083932812327683	-0.0021926635269387327
DISP2	0.1443179294077343	0.003054633293844104
DIXDC1	0.5412370227204248	0.0037247931903619637
DKC1	-0.0607205192368482	-8.470512433540324e-05
DKK1	0.3914684660400491	0.009906501001609481
DKK2	0.0342205137156831	0.0006677448841341243
DKK3	-0.2427788021423289	-0.0028395408698566786
DKK4	-0.5097188322729348	-0.00569661766948232
DKKL1	-0.7061981897647094	-0.0034208240312202523
DLAT	0.5485797817883857	0.024979031783952357
DLD	-0.3669791074165262	-0.03409712980739169
DLEC1	-0.776277965308287	-0.008408642920219363
DLEU7	-0.5711058322109833	-0.0030365697098657983
DLG1	0.610428488431161	0.04143588579470721
DLG2	-0.1736741848562115	-0.008812922836343596
DLG3	-0.6745363958362197	-0.030155149575858204
DLG4	-0.1328937037657173	-0.006866883460982145
DLG5	0.021531481017843	0.0006192238625921468
DLGAP1	-0.8021771065475598	-0.013706800219578156
DLGAP2	0.3583163428632226	0.004843720322825044
DLGAP3	0.1158371820005293	0.0027204362192824304
DLGAP4	-1.5167547304885811	-0.06480182910539414
DLGAP5	-0.407465002364534	-0.01452368254428145
DLK1	1.2168263077453825	0.017506480089532817
DLK2	-0.4709305042485084	-0.0047201364440828
DLL1	-0.4374851721547695	-0.008046664771442676
DLL3	1.034003581460443	0.07677579992701934
DLL4	-0.1243353161236477	-0.0031813677336557738
DLST	0.4825692067491989	0.039658019979855914
DLX1	0.4885836222220101	0.007560342970263385
DLX2	0.4187789039219884	0.0127585180868873
DLX3	-0.4250955504806998	-0.006729262564109478
DLX4	-0.4907998610604585	-0.009395872540141417
DLX5	-0.2301585808265267	-0.006564813200915022
DMAC1	0.4660657046731724	0.007780966939518613
DMAC2	-0.4389314025969906	-0.00957660534186114
DMAC2L	-0.0395482581144495	-0.0011591198970764005
DMAP1	-0.0452366854205784	-0.0037808369307665217
DMBT1	-0.3174499185482893	-0.005787112015135314
DMBX1	-0.4558811139263911	-0.005203427034355828
DMC1	0.6387234108074175	0.185465478072739
DMD	0.5509020237271569	0.04756543163062645
DMGDH	-0.263397008431411	-0.004486704641620655
DMKN	-0.6565802521912492	-0.007106824649718081
DMP1	0.118258959452927	0.0029704285435386206
DMPK	0.7814853450597901	0.019019008842720113
DMRT1	0.1624693472790057	0.003963602196218623
DMRT2	0.0223561421844746	8.933514416916052e-05
DMRT3	-0.1666730778072142	-0.0021995846078218056
DMRTA1	0.7004338697268788	0.0073111287322091606
DMRTC1	0.5685993374454272	0.00036845237066463686
DMRTC1B	-0.5073158460384974	-0.00032874066823294635
DMRTC2	0.8508057221585733	0.013319363580392464
DMTF1	-0.2627118075114631	-0.011345472119190047
DMTN	0.1065451182105508	0.0007286620634419568
DMWD	-0.5269606299493514	-0.013550265638517623
DMXL1	0.1878248548076909	0.0058770397069326475
DMXL2	1.8097232159467405	0.21348399916915725
DNA2	-0.8950752552098076	-0.0038255516407667174
DNAAF1	-0.6263363787508663	-0.018606574803551986
DNAAF10	0.1998946345295585	0.005164877566974733
DNAAF11	-1.0854129153343968	-0.24263645933259706
DNAAF19	-0.2258613025758483	-0.002756863059240804
DNAAF2	0.3638200689765669	0.026177217782932964
DNAAF3	-0.7037265382922229	-0.004775488288851024
DNAAF4	1.2370297374195087	0.09833396788695158
DNAAF5	0.0131024860129956	0.0015192463556928527
DNAAF6	-0.3335366213729118	-0.022924639060202975
DNAAF8	-0.1770631761861593	-0.0005526141728770032
DNAH1	0.2976564748839163	0.023545520132742432
DNAH10	-0.1485314373289596	-0.004873167927325835
DNAH11	-0.1166899691327495	-0.003392644162565559
DNAH12	0.5335034373923851	0.026719452654922825
DNAH2	0.9779709934412292	0.02750250027755425
DNAH3	-0.2732429369604228	-0.018358373205559924
DNAH5	-0.0833207317196275	-0.005181716305643635
DNAH6	-0.3185761206418061	-0.038395112635871115
DNAH7	0.1713792159814693	0.005259456759255311
DNAH8	-0.2655959418169742	-0.007213851375690837
DNAH9	-0.0374087303002083	-0.004024618249347909
DNAI1	0.3095060107300621	0.014969567714970185
DNAI2	-0.6792834649200389	-0.06117355171683902
DNAI3	0.0551502210713712	0.005579768466674909
DNAI4	0.3336739816202692	0.013632584193077718
DNAI7	0.9028398903758168	0.00559851016022044
DNAJA1	0.3126931188507386	0.008413633748916823
DNAJA2	-0.948152782580184	-0.09024897445711223
DNAJA3	-0.3000119776989449	-0.006937176960332703
DNAJA4	0.0774612151076883	0.0005330880823711109
DNAJB1	0.4031576454334866	0.08748158064025768
DNAJB11	-0.15963651798615	-0.004606950272562303
DNAJB12	0.3715909984210143	0.010826303738996252
DNAJB13	0.3807026745345196	0.03446082539619018
DNAJB14	0.6279032201773345	0.013585941974976985
DNAJB2	-0.3415757655312043	-0.02436699038569952
DNAJB4	-0.7748422688168606	-0.07904011015747031
DNAJB5	-0.1975870199388036	-0.0076689450048847835
DNAJB6	-0.0528025345643205	-0.003509414854748433
DNAJB7	0.0974838345182528	0.0006124909322781823
DNAJB8	0.0486819365140978	0.0014891804379662517
DNAJB9	0.653024977091494	0.04342354887667598
DNAJC1	0.5008609745122484	0.03534225294450779
DNAJC10	-0.3336835694997857	-0.01888482161584037
DNAJC11	0.2689150194657652	0.00670378252026206
DNAJC12	0.0930078969331335	0.005172913211627018
DNAJC13	-0.6298737292954921	-0.05196962165671246
DNAJC14	-0.4531338090357432	-0.0020608525634945598
DNAJC15	-0.351848663211305	-0.01571145020703761
DNAJC16	-0.3385182143143656	-0.00775579080815643
DNAJC17	0.1564577700713083	0.009391690564070422
DNAJC18	-0.9430047556576788	-0.03867451103903272
DNAJC19	-0.5647182001125536	-0.023143845995212783
DNAJC2	-0.1645281567139319	-0.015275945766418435
DNAJC21	0.070487238140314	0.06821973417657824
DNAJC22	-0.2208417475461723	-0.005491230052735575
DNAJC24	0.1108707227477064	0.0051891933074836505
DNAJC25	0.430626059708362	0.012965289405699363
DNAJC25-GNG10	0.5353441246567373	0.004475476882130324
DNAJC27	-0.1685206471491976	-0.001957030275343632
DNAJC28	-0.4532631196995141	-0.011003415493825403
DNAJC3	0.0335091862702345	0.0007855558537331073
DNAJC30	0.558726096667193	0.00047882826484378437
DNAJC4	0.5744190276378606	0.015569627744124211
DNAJC5	-0.4593528258875157	-0.01040985374026288
DNAJC5B	0.3540389933180624	0.0018693258847193694
DNAJC6	0.2729804290296095	0.008103151055314927
DNAJC7	-0.291069110393123	-0.024378493340976016
DNAJC8	-0.3048524798164027	-0.0011297832901995884
DNAJC9	0.0463911729653957	0.002086953307021291
DNAL1	0.7475097621651012	0.022097883589124723
DNAL4	-0.3121257846802865	-0.030388878522257377
DNALI1	1.3003248068107376	0.08769780594573658
DNASE1	-1.1269330480021384	-0.0010311437389219566
DNASE1L1	-0.3260408653259843	-0.0015411951703959278
DNASE1L2	0.2701381750747937	0.0015967867528671055
DNASE1L3	-0.0493030498465755	-0.00010338849552826882
DNASE2	-0.3798808323057628	-0.00047067235122684014
DNASE2B	-0.0572018405073448	-8.116941167992227e-05
DND1	0.2086591573174673	0.0010161700961360657
DNER	-0.9229486213145406	-0.02966079984318539
DNHD1	-0.4017941023816189	-0.01716223328912847
DNLZ	-0.8072993804334252	-0.018432259454055966
DNM1	-0.572594686380465	-0.01811002474084135
DNM1L	0.5134767390006726	0.05532044342971546
DNM2	1.374255199434196	0.07805906958306176
DNM3	0.2099476879242246	0.01669147103303963
DNMBP	-0.3254140126158834	-0.012042921778888611
DNMT1	0.1968304817516315	0.005146920267323412
DNMT3B	-1.350921705851798	-0.023362839981000996
DNMT3L	0.2996430846074334	0.008194938720928696
DNPEP	0.4539345482408267	0.026847504921155455
DNPH1	-0.9411910029445858	-0.010232628584013536
DNTT	0.8751679290916752	0.0004087034228858123
DNTTIP1	0.0119312621631978	0.00035289094100090135
DNTTIP2	-0.1468906304713536	-0.0025927665184498623
DOC2A	-0.4115736212246397	-0.013973747587818969
DOC2B	0.1909684960756777	0.005837715956537391
DOCK1	-0.5883451393854983	-0.02578187235301192
DOCK10	0.0276818559765474	0.0006675202750184641
DOCK11	-0.1862716316325638	-0.0055371105219095915
DOCK2	-0.1493131550401087	-0.011865468491572316
DOCK3	0.2915510001431202	0.011488858711639793
DOCK4	-0.0572176590519546	-0.002238297604453412
DOCK5	-0.5332397057213466	-0.015137075526311865
DOCK6	-0.991522696876188	-0.01651381051647291
DOCK7	0.3557952477390739	0.021543758045848665
DOCK8	-0.5103074122074562	-0.015566927609388452
DOCK9	-0.0811790657478183	-0.003392473157601327
DOHH	-0.1747320592283265	-0.00018521598278202608
DOK1	-0.4829285709001344	-0.026869179827741677
DOK2	-0.6026677130649831	-0.031026539204011463
DOK3	-0.2182918683460886	-0.0030877384777554234
DOK4	0.0052024099686064	5.7663512092033335e-05
DOK5	-0.899599480902649	-0.0042443103508986975
DOK6	-0.1213815711171018	-0.0005244897687969969
DOK7	1.0912981093317324	0.029083094613690668
DOLK	0.0385245483101538	0.00017104899449708286
DOLPP1	-1.6610615418223156	-0.010149086020534348
DONSON	0.3055676164910711	0.08957439666580908
DOP1A	0.754526735735118	0.08394034482379614
DOP1B	-0.2723349455381769	-0.02399189169707677
DORIP1	0.4568351797165554	0.00032435297759875436
DOT1L	0.0970149811649146	0.0030380241351793008
DPAGT1	-0.3724096001604424	-0.002553985037900314
DPCD	-0.8200590101665939	-0.0058511210375386475
DPEP1	-0.8698308278664122	-0.004935420117314023
DPEP2	0.1335615461349421	0.0007316501497272128
DPEP3	-0.1407166895106022	-0.0008941138451503664
DPF1	0.3967902334020108	0.008894449871939474
DPF2	-0.1688871738245913	-0.003825970035822292
DPF3	0.7625291100493118	0.013863541749806536
DPH1	-0.3599084232782987	-0.002138935759542929
DPH2	0.4164071720060591	0.031148505687569234
DPH3	-0.4278722814256875	-0.016983106594348388
DPH5	-0.7516794323904333	-0.017631392766150004
DPH6	-0.2906437996726516	-0.0064935637722863815
DPH7	0.8064871909224071	0.03900736596334406
DPM1	1.0811813176597558	0.016339893253791888
DPM2	-0.4105805885804977	-0.0047019689004238596
DPM3	0.3741016202382227	0.006416965091946235
DPP10	0.4346768722122463	0.002501130722709265
DPP3	-0.6045419056359831	-0.06409171920981002
DPP4	-0.5027001949185754	-0.003929607423678504
DPP6	0.1443425752582267	0.0020124241842501963
DPP7	0.0481131206734883	0.00033039279966484415
DPP8	-0.1433484514898099	-0.0032895602647881575
DPP9	-1.009260261563644	-0.012849901650228314
DPPA2	-1.220761772391216	-0.005710723571246109
DPPA3	0.0075682610345185	3.0772549366352224e-05
DPPA4	0.2433445621185596	0.002415194779026704
DPPA5	-0.4715506315767887	-0.0006224468336813612
DPRX	-0.8877975724962748	-0.0005255761629177946
DPT	-0.9566509467798868	-0.007555629177667547
DPY19L2	0.1782317915154323	0.00110075954439931
DPY19L3	0.3189557179758515	0.009998623847106992
DPY19L4	0.2864613558177442	0.002071688525273926
DPY30	1.1044836207622335	0.030508046572694413
DPYD	0.7513615130564655	0.0033721104705974167
DPYS	-0.1505944244743831	-0.0037278143834388795
DPYSL2	0.0224405109641638	0.0003323888484011942
DPYSL3	-0.0805357290716789	-0.002583505652890388
DPYSL4	-0.101915483863622	-0.0007470404967203492
DPYSL5	-0.4205935953708715	-0.007796964070985215
DQX1	-0.8962851222128712	-0.17780952397020044
DR1	0.0381725457537036	0.0012194219741020616
DRAM1	-0.0797018953897383	-0.0003851992604186052
DRAM2	-0.5767447733968103	-0.00344085931808537
DRAP1	-0.5284239153034156	-0.012083998095158508
DRAXIN	0.0768929807870151	0.0020774176619227872
DRC1	0.4272985635868996	0.00309962378025937
DRC10	0.6518177343085293	0.00382486646492245
DRC11	0.5045966745898453	0.00040620032304482543
DRC12	-0.7605773748735767	-0.009868491438984658
DRC2	-0.7733496736506092	-0.007613627537090248
DRC3	0.0156049273786443	0.0016975664199584415
DRC4	-0.3687762656009548	-0.017266842307967906
DRC5	0.4863885910726166	0.010063379949292437
DRC7	-0.1289055139334371	-0.0036353933039507936
DRC8	0.4421024056472061	0.0036181660878167347
DRC9	-0.6078072334202694	-0.005010762832316701
DRD1	0.1495688290258663	0.0031994268216923058
DRD2	-0.528380892555814	-0.03616397342919758
DRD3	0.4286052162802457	0.011761355739946223
DRD4	-0.4014586977964315	-0.013676493457831031
DRD5	0.1796834664001023	0.004325160719716862
DRG1	0.2360783368385436	0.0011988057944661245
DRG2	-0.0358140847556832	-2.4783346650932775e-05
DRGX	-1.3108932916462694	-0.005399569468290984
DRICH1	0.2195843966781308	0.000114183886272628
DROSHA	0.3576688312606568	0.000277193344227009
DRP2	-0.7319318433578279	-0.05137210028975587
DSC1	0.4096452462699473	0.02207086657853222
DSC2	-0.0066038231189252	-0.00037565847812006
DSC3	0.587393155679115	0.04074863799577157
DSCAM	0.1898234502181521	0.0051466832057647585
DSCAML1	-0.3432893374647279	-0.010790613744528792
DSCC1	-0.081049218940548	-0.07956010164095333
DSE	0.0564204276927077	0.00022720506231853392
DSEL	-0.3378857971641321	-0.0025662426294615834
DSG1	-0.2324411523685558	-0.012346809131512947
DSG2	0.554969969918337	0.025348808345989963
DSG3	0.1396723206935163	0.009645910139414928
DSG4	-0.2228997760499041	-0.007903357359401451
DSN1	-0.1007307098492575	-0.003146323722141558
DSP	0.6827409064568208	0.029163277819303106
DSPP	-0.1264142017291934	-0.0003543390074469291
DST	0.0231452064817614	0.002496812294426493
DSTN	1.3740498179252747	0.05374183647869334
DSTYK	0.0333784828743425	0.0009963143353162493
DTD1	-0.6830201224184671	-0.0037176785263237162
DTD2	0.153718281075271	0.000135579523908389
DTL	0.4738950262485168	0.013072868194091584
DTNB	0.1394805339320207	0.005033434028004831
DTNBP1	-0.3038320384426811	-0.02371895191306634
DTWD1	-0.5356251759602376	-0.00119497976756729
DTWD2	0.5888767566652413	0.0003321264907591961
DTX1	-0.5592856161914131	-0.016604071373490674
DTX2	-0.8769775071086798	-0.025563894332218017
DTX3	-0.2855196679685206	-0.006343961502592558
DTX3L	-0.1454014470487931	-0.0044228212163301885
DTX4	-0.1116705563093338	-0.0021327959549519663
DTYMK	0.2158323225459087	0.02186446177086819
DUOX1	-0.1565073202727804	-0.002964092138646188
DUOX2	0.3558334464265	0.005793680174716273
DUOXA1	-0.6621098655795441	-0.005128040908913569
DUOXA2	0.2178559014481333	0.0013565886983175261
DUS1L	0.0917337230100504	0.0021766577795824756
DUS2	-0.2874710853871671	-0.001071692206323359
DUS3L	-0.3756587033462835	-0.0009673211611166799
DUS4L	0.1752414384127039	0.0004051582056101714
DUSP1	1.1201943208060066	0.023454628689036163
DUSP10	-0.7719752421174355	-0.02209238747891677
DUSP11	-0.3450890202983967	-0.004887840883506491
DUSP12	-0.0932471982114487	-0.04518218391577177
DUSP13B	-0.4992579955194918	-0.002997045747103509
DUSP14	0.3050531356154002	0.0017781547275021678
DUSP15	-0.5906502845354505	-0.0033832448298190603
DUSP16	0.6568240574238797	0.0069084754359843665
DUSP18	-0.3120954284076895	-0.00032894858154170473
DUSP19	0.470397093749218	0.010435759524826402
DUSP2	-0.0268163709425558	-0.00013059572649024674
DUSP21	-0.0321381500285709	-0.00012672072556265508
DUSP22	0.2482657163973633	0.004080247048990666
DUSP23	0.7730685242419042	0.003427785836488603
DUSP26	-0.1899135982789763	-0.0018734976470221013
DUSP28	0.1833647887236981	0.004237926996982111
DUSP29	-0.0999796048168559	-0.0009517058582516513
DUSP3	-0.5513816567580522	-0.014021635531357268
DUSP4	0.0305359063614601	0.0005203318443992801
DUSP5	0.2511601375494579	0.0003448428688554057
DUSP6	0.1360535921118695	0.010919933410082868
DUSP7	-0.4965777037102788	-0.014685292431824076
DUSP8	0.3533479795796203	0.0013815906001563153
DUSP9	0.3100332317746465	0.0006275072611118845
DUT	0.5151135545575871	0.016874604933751997
DUX1	-0.305841472437045	-0.0005725352364021483
DUX5	0.3027301603009698	0.000549757971106561
DVL1	-0.5744539359515377	-0.025539073084533463
DVL2	0.4105740281068062	0.012624740790256184
DVL3	-0.3683547168122514	-0.011101842810004444
DXO	-0.1104388950176547	-0.00041094312836069315
DYDC1	-0.2204945597736641	-0.006455419226493565
DYDC2	-0.7808885233092393	-0.01653609536959645
DYM	-0.3134717776721297	-0.005052851584297059
DYNAP	0.6217793909825272	0.014660936259977008
DYNC1H1	0.7363703921400286	0.10700198168186756
DYNC1I1	-0.1547422042456486	-0.01967144797252383
DYNC1I2	-0.200929511576716	-0.020792185857958573
DYNC1LI1	-0.1002333844220301	-0.01255623606654771
DYNC1LI2	-1.4850874234023714	-0.3115654010801239
DYNC2H1	-0.3964215240095676	-0.012187186912626137
DYNC2I1	0.4345137772875718	0.020894029494650176
DYNC2I2	0.2728522747694404	0.01897687571021458
DYNC2LI1	0.3801357288640395	0.09227072560289717
DYNLL1	-0.7520711210596553	-0.211607243048071
DYNLL2	0.459348002988389	0.09754392647859336
DYNLRB1	-1.039744114258482	-0.12125287911659566
DYNLRB2	-0.5485968776639936	-0.01576722286094084
DYNLT1	-0.9665346431429528	-0.08239997793186615
DYNLT2	0.0480354975044209	0.0035682688966184022
DYNLT2B	-0.8714090115183996	-0.07214046642756222
DYNLT3	-0.2320815519782044	-0.016909229795579992
DYNLT4	-0.0996244068125045	-0.0023754443560373576
DYNLT5	0.1785337749927076	0.005913574229083453
DYRK1A	-0.0369700758372378	-0.0018278375194688739
DYRK1B	-0.3300466145362131	-0.011338421395777065
DYRK2	-0.4352560651627258	-0.01444266675422957
DYRK3	1.0011451742171396	0.0025218846938529745
DYRK4	0.4330752868800798	0.003559878858154256
DYSF	0.5627275910357774	0.021820325070003303
DZANK1	-0.5247323904481108	-0.009392185056630736
DZIP1	-0.1862499601948999	-0.005473141330287328
DZIP1L	-0.4129956878313051	-0.012111098545653022
DZIP3	0.1226262567664636	0.0021823794916727528
E2F1	-0.0968984668184537	-0.003152785414872028
E2F2	-0.8136831906070108	-0.022219246885905646
E2F3	0.3162410870061367	0.010355314394015946
E2F4	-0.4570991750031656	-0.011909719004707478
E2F5	-0.1655295427745652	-0.03858063265263901
E2F6	-0.8983479516856187	-0.03719160519978461
E2F7	0.1623862230577554	0.005059629938033544
E2F8	-0.4744762948772292	-0.016566339835638457
E4F1	0.2525883726619112	0.009807501333716688
EAF1	-0.0500183711087754	-2.5959534605454432e-05
EAF2	0.7966928220721787	0.0006094700088852166
EAPP	0.2249602366449888	0.0513487487358752
EARS2	0.2300142374841786	0.0016294208583379213
EBAG9	0.603279783995976	0.020068102014626145
EBF1	0.0327685534929197	0.00023413131470691125
EBF2	-0.6861842565242847	-0.008041393302208093
EBF3	-0.0283123927715085	-0.0003620305663692792
EBI3	0.1213069469631783	0.007295035869524654
EBLN2	-0.5152362276436824	-0.0005420285114811538
EBNA1BP2	-1.5710115593719296	-0.04489951036684975
EBP	-0.3570724142068011	-0.002342037964782408
EBPL	-0.777460757460055	-0.004580021322197185
ECD	-0.1258511851833484	-0.0012624132385741678
ECE1	-0.5518898718319623	-0.004423397322733177
ECE2	0.483365835111998	0.011734189013178863
ECEL1	-0.1503718224813653	-0.0016151437452723448
ECH1	0.0743906274662869	0.00128242002689132
ECHDC1	0.3202019016930477	0.002618931353947437
ECHDC2	1.6687741727642826	0.01592177438234402
ECHDC3	0.2682957006498303	0.008102798455325525
ECHS1	0.232374540822659	0.003757263950561573
ECI1	0.1562561649893352	0.0027322953010035156
ECI2	-0.282994140527703	-0.004200765021993223
ECM1	0.5170347373827473	0.004128522378001238
ECM2	0.2699541101600923	0.0050759471333402155
ECPAS	-0.5019741146572334	-0.06263432213047096
ECRG4	-0.8809949034859001	-0.008570318421110838
ECSCR	-0.5013245466343088	-0.013829538943454043
ECSIT	0.973967789241826	0.004162738331219565
ECT2	2.526789679368563	0.05949578979041219
EDA	-0.7720450351073281	-0.0796040194798464
EDA2R	-0.5736317423816262	-0.0022434737444545403
EDAR	-1.2797388374653258	-0.06723235956507835
EDARADD	0.0819995397041729	0.0012657448948736128
EDC3	-0.0913683890430451	-0.008529147748779218
EDC4	-0.4512231510752607	-0.01161448390867721
EDDM3A	0.2069843788072911	0.00012253475225391632
EDDM3B	-0.3605611407284654	-0.00023111969120694631
EDEM1	0.3708235309772925	0.008916822625879976
EDEM2	0.7923545810714517	0.00533254633061087
EDEM3	-0.322845144944486	-0.00471676756763894
EDF1	0.8807832241509237	0.0195930228212373
EDIL3	-0.2648125452004458	-0.006531866239914196
EDN1	0.2629444175207622	0.008071341840217317
EDN2	-0.6314011406342506	-0.02132557352492181
EDN3	-0.2426171421539501	-0.006833797043050313
EDNRA	-0.0393252357422022	-0.0013224290275387757
EDNRB	0.1425227358756402	0.0040379541528286385
EDRF1	-0.0994173672203457	-0.0032805742835369674
EEA1	0.3629678251643232	0.018593026844042456
EED	0.1185702858189794	0.007905199525837174
EEF1A1	-0.7938630070550764	-0.06635027626665622
EEF1A2	-0.2572645437346745	-0.004349828905465876
EEF1AKMT1	0.2369020298011408	0.0012662413492870975
EEF1AKMT2	-0.0218138631360766	-4.7401524594694455e-05
EEF1AKMT3	-1.433673243953927	-0.00882712616302433
EEF1B2	-0.8139608646616504	-0.21956024551642758
EEF1D	0.494270272491469	0.056664132578966984
EEF1E1	-0.6688157106191808	-0.10063402471402565
EEF1G	-0.3492365091315789	-0.0005451581907543947
EEF2	-1.8195384550016744	-0.004521553060679161
EEF2K	0.503603388816193	0.016209985879215624
EEFSEC	-0.0041872269429855	-5.652756373030426e-06
EEIG1	0.3856107084567525	0.009262754827839653
EEIG2	1.1399858921661046	0.006942514083291577
EEPD1	1.023250795809265	0.001074413335599728
EFCAB11	-0.6882441634843051	-0.004422656994550144
EFCAB12	0.281367806255596	0.0006071917258995762
EFCAB13	-0.5234937674224265	-0.0034116088822919535
EFCAB14	-0.9689856054116742	-0.010719887752669351
EFCAB3	0.0372700025525597	0.00016715596144823027
EFCAB5	-0.1306783171701887	-0.0008109896363581911
EFCAB6	-0.4323293221981523	-0.002532152840114578
EFCAB7	0.3584868952629564	0.001546512466164394
EFCC1	-0.2587317808077425	-0.0024351835209624724
EFEMP1	0.4016261436144432	0.017885215427438386
EFEMP2	-0.3874307408525855	-0.012453573733965507
EFHB	-0.2099821780568357	-0.00019612335430508454
EFHC1	0.2692257389593692	0.03512022842151075
EFHC2	0.1877186374277209	0.004919542331068282
EFHD1	-0.1891356163388733	-0.0011993089432047956
EFHD2	0.0563089423736879	0.00038031059679188807
EFL1	-0.7917452871789347	-0.0004869233516150448
EFNA1	-0.6649080397078808	-0.021025057123602902
EFNA2	0.0708623792421164	0.0017653235916796038
EFNA3	-0.4061043980347856	-0.010411704556815834
EFNA4	-0.6842371530921805	-0.020595538308074632
EFNA5	0.1024531025453537	0.002858339107912823
EFNB1	-1.0921752673561294	-0.03703566331604635
EFNB2	0.898627964370218	0.023597970344361924
EFNB3	-0.0833162651199429	-0.002412089191487467
EFR3A	-0.0518765252716111	-0.0013754541910514968
EFS	1.946133900570549	0.019548915031231164
EFTUD2	-0.7638128621149552	-0.0005881359038285155
EGF	-0.4120364055965709	-0.009063564813907769
EGFL6	0.5492734470701033	0.004929729187454177
EGFL7	-0.5251842054211633	-0.003575979254712701
EGFL8	0.2308046885096089	0.0018145864610625449
EGFLAM	0.4064380799129907	0.010542190916783153
EGFR	-0.0375125235200173	-0.0037132521656759528
EGLN1	0.0502381628231583	0.001747383779315092
EGLN2	-0.8096075437773647	-0.018639594480386264
EGLN3	0.7150043115445546	0.05936966800479054
EGR1	0.0550344943791665	0.0015815812994684868
EGR2	0.0246192438573215	0.0005604817056557814
EGR3	-0.2835005270512064	-0.00830259643522163
EGR4	-0.7670908182281823	-0.012605603415943719
EHBP1	-0.5325013999610071	-0.016404238127198784
EHD1	0.2741366172206883	0.0026045720002137594
EHD2	-0.7372340332834175	-0.013450834937255953
EHD3	-0.2721543103377232	-0.0028793926033731116
EHD4	-0.222386245122948	-0.0029966546530317243
EHF	-0.0845433237708645	-0.001438927370580114
EHHADH	0.6114161974182266	0.01438050896327669
EHMT1	-0.0091064713198632	-0.00024376202429009813
EHMT2	0.0228520372599416	0.0005533392302122259
EI24	0.2668064560536145	0.0009162133700881123
EID1	-0.0634105310983678	-0.0009493824716047628
EID2	0.2545528922742539	0.00019015101052886766
EID2B	1.3960425694790644	0.002602223349508976
EID3	0.5633468532731372	0.017029412027593664
EIF1	-0.8484092519569246	-0.0004360823555058593
EIF1AD	-0.8741695015529238	-0.0004038663097174508
EIF1AX	-0.7693421579034563	-0.0003808243681622109
EIF1AY	-0.0689941959287657	-3.5669999295171866e-05
EIF1B	-0.136143239280886	-8.046065441500364e-05
EIF2A	0.1655172881519958	0.00022146213154737037
EIF2AK1	0.6010563991786975	0.04011510513758544
EIF2AK2	0.3213081455273222	0.011350210240752657
EIF2AK3	0.0941752468971582	0.0028892965748048135
EIF2AK4	-0.495969761283193	-0.01757072073297968
EIF2B1	-0.4188403358470964	-0.06424885099793705
EIF2B2	-0.2994652862859226	-0.030826058174414018
EIF2B3	-1.0950388998857288	-0.5115671327818162
EIF2B4	-0.1979128365127084	-0.021610498444495658
EIF2B5	-0.4885374141134372	-0.04747655444095794
EIF2D	0.8161884957677585	0.000571331947037431
EIF2S1	-0.4405290029006924	-0.00035506637633795805
EIF2S2	-1.2278401730207096	-0.0017435330456894076
EIF2S3	0.2007597799949694	0.0394567248808713
EIF3A	-0.7021671307637144	-0.09005574318896943
EIF3B	0.5254846802281756	0.0005706763627277987
EIF3C	-1.001100771221079	-0.0023646000216241887
EIF3D	0.7214241357699621	0.0007033885323757131
EIF3E	0.8835518198173796	0.17198866303837185
EIF3F	-0.502570248867904	-0.04627566337525886
EIF3G	-1.3302483418327429	-0.25537176492665714
EIF3H	-0.7048540283916306	-0.0028969500566896015
EIF3I	-1.1102304163568606	-0.03134180465375418
EIF3J	-1.0152576151414374	-0.0012761788222327868
EIF3K	0.1952783775247334	0.02881683961456986
EIF3L	0.7820747635165636	0.08686035153520362
EIF3M	1.0857422055469066	0.009873739617243568
EIF4A1	2.5839167575206003	0.833413927053937
EIF4A2	0.2095343605074512	0.03318437574228606
EIF4A3	-2.4973371942198037	-0.28806784535325436
EIF4B	0.2398250236343063	0.047320594888355876
EIF4E	-2.17806383921838	-0.23650288391768856
EIF4E2	0.342905454199651	0.0037380123562303956
EIF4E3	-0.4052166395245589	-0.043921836774706464
EIF4EBP1	-0.2966481015564803	-0.0011575208922733862
EIF4EBP2	-0.6762328322252025	-0.00933539424886892
EIF4EBP3	0.2964752876678883	0.0005247612591721622
EIF4ENIF1	-0.8637853720561411	-0.02010114939311846
EIF4G1	-1.591896081243538	-0.2528535897525611
EIF4G2	-0.6884077944893703	-0.002428014291164009
EIF4G3	-0.1814013926815575	-0.006038670960976367
EIF4H	-0.5895549972014242	-0.0004574946778283052
EIF5	-1.088503967289585	-0.19539517016021885
EIF5A	-0.0463857510677153	-0.0011472123954067348
EIF5A2	-0.7844838855973177	-0.00810764095764828
EIF5B	-1.7058063055781307	-0.0008290218645109715
EIF6	-0.0155145069835277	-7.571079407961517e-06
EIPR1	-1.3644472915443786	-1.2836037895203742
ELAC1	0.1535709466964991	0.0075372620638641755
ELAC2	0.2079441070591596	0.006372655104935006
ELANE	0.2587436739476783	0.008557688272145512
ELAPOR1	-0.0418239635464215	-0.0018799453374481
ELAPOR2	-0.3596774519142234	-0.024675671588575296
ELAVL1	0.4701774451421369	0.0018595517955371514
ELAVL2	0.1144284560832996	0.0010521696536859397
ELAVL3	-1.518886196946414	-0.0015249617417341995
ELAVL4	-0.2087901231039602	-0.0004125692832534253
ELF1	-0.1826004051301318	-0.004667996756746689
ELF2	-0.8722512055327643	-0.025795084901220434
ELF3	-1.438617303223885	-0.04199467769840843
ELF4	0.6343592592568733	0.019788202733258906
ELF5	1.2182594410965768	0.016149247151176223
ELFN2	0.270710420474725	0.017058817146214794
ELK1	-0.790372187107967	-0.016398642138116096
ELK3	0.1809317603462931	0.003327877868049369
ELK4	0.0218766500881812	0.0006443110983971127
ELL	1.088798894512346	0.06323526219548803
ELL2	1.14514645732657	0.036044629890811114
ELL3	-0.5913684901858178	-0.04175416361805986
ELMO1	-0.4775980327744315	-0.023799665169215473
ELMO2	0.6540723881452216	0.03229678638183475
ELMO3	-0.987915551489789	-0.027693248739361766
ELMOD1	0.2337032120333034	0.0015569307985658675
ELMOD2	-0.1902220430537302	-0.001148560695958423
ELMOD3	-0.1767248176685893	-0.0007390631874900404
ELN	0.2987610971931097	0.00804802643618799
ELOA	0.4975717529558364	0.0005453386412395967
ELOA2	0.1537148852631838	0.0023250913544909184
ELOB	0.4254782771447652	0.044597356575482854
ELOC	-0.4793329613400769	-0.2790719640888448
ELOF1	0.7062101907793349	0.6274409185201895
ELOVL1	-1.425318463054306	-0.005773965093832994
ELOVL2	0.2999289547152593	0.0013190875428377106
ELOVL3	-0.2429543630248448	-0.0010578232966101744
ELOVL4	0.4394302171762264	0.001550749236414903
ELOVL5	0.1351675026452076	0.0006363686024536374
ELOVL6	-0.4842260832669834	-0.002704886901129369
ELOVL7	0.0197343926954782	9.511977279220491e-05
ELP1	0.3944766488972265	0.01641614574385808
ELP2	0.2912533492692222	0.020609669500988703
ELP3	-0.1497947985467991	-0.021990026221468655
ELP4	-0.4414300793485111	-0.05460754939588691
ELP5	0.2018018606501059	0.008944463869594644
ELP6	1.1257225774917452	0.008197511809294889
ELSPBP1	-0.158519569762052	-0.00794373267991595
EMB	-0.0585434771099791	-0.0025229311460545495
EMC1	0.7430273372057203	0.022458744294380103
EMC10	-0.5803156413943906	-0.04528667202313545
EMC2	-0.3697719317039099	-0.04117928140227422
EMC3	0.4112235781262773	0.004190368261106765
EMC4	0.6027763805386777	0.05967606722609017
EMC6	0.2393377306682401	0.011927395807851744
EMC7	-0.1308145576525338	-0.003930715828343335
EMC8	0.5234471016449959	0.11316769303434317
EMC9	0.0939601693585534	0.0067385414658873745
EMCN	-0.6662576904914996	-0.022345616681394405
EMD	-0.4474620376756486	-0.01840903569201386
EME1	0.0937531676241201	0.008465067257949427
EME2	-0.5207716216835271	-0.4633013486010198
EMG1	0.2204448565457725	0.0005711726233100966
EMID1	0.0526421822365061	0.0012720456915629335
EMILIN1	0.3388951253267331	0.0050010753644466
EMILIN2	-0.0596319503159796	-0.0014331942938942536
EMILIN3	-0.8669691876874133	-0.007735966061734789
EML1	0.942282596016868	0.02037214972588469
EML2	0.0254345728007507	0.001053500005407094
EML3	0.2588311762543973	0.0026361955301510364
EML4	0.8581515034526168	0.029249235843678993
EML5	-0.6886501333044167	-0.018333932498963486
EMP1	-0.216029206960827	-0.001659536367873073
EMP2	-0.1598312888226893	-0.0007117287291274355
EMP3	-0.2443609511413489	-0.001507951429493264
EMSY	-0.3367982182144316	-0.008546928383627632
EMX1	1.7038090488909008	0.022083069082674964
EMX2	-0.4094180307674636	-0.005975865577081898
EN1	1.5486419150150978	0.025735331343720896
EN2	-0.2581839690514802	-0.0003663630520840504
ENAH	1.153359897702053	0.09565851655551057
ENAM	-0.8312012177464903	-0.010509708197186622
ENC1	0.2059257425569973	0.0037781195986932295
ENDOG	-1.2797271465771476	-0.03688941472723286
ENDOU	0.2978648451461399	0.008066477871402616
ENDOV	0.1063546929666129	5.8601435824603705e-05
ENG	0.4054855306959302	0.025102798234323646
ENGASE	-1.3415330340012273	-0.001894244644009733
ENHO	-0.1434172186545265	-0.0015322695641049613
ENKD1	-0.4757797595708387	-0.00450420698385713
ENKUR	0.2030683290122493	0.00568672548565903
ENO1	-0.7423537405981778	-0.02251707365982393
ENO2	-0.3192597286977562	-0.006389025690699497
ENO3	0.8038135314508458	0.004103468078056568
ENOPH1	-0.6508398122689367	-0.0014741521747891418
ENOSF1	-0.2361376820533128	-0.0015025440709052291
ENOX1	0.2920169669869282	0.001634710981192824
ENOX2	-0.8377893503828886	-0.017012150548874935
ENPEP	0.4189691484897614	0.00942848171761359
ENPP1	-0.8026014893760292	-0.0034568046147425576
ENPP2	-0.3337406447297074	-0.004301583169921198
ENPP3	-0.0517914681325275	-0.00034803866585058485
ENPP4	-0.9416249368399636	-0.008694964666780223
ENPP5	0.863573171194298	0.004391269575523006
ENPP6	-0.7532199677309752	-0.0052732929940845575
ENPP7	-0.2443888615053364	-0.0017515349704087459
ENSA	0.1656324933432274	0.007339175780038407
ENTHD1	-0.1427323674172571	-0.0002580601202904008
ENTPD1	-0.198623577769222	-0.004719097584218945
ENTPD2	-0.5291987221318301	-0.007386555763516084
ENTPD3	-0.3633451327621562	-0.0062084782835069635
ENTPD4	-0.4536771134233476	-0.003474259334595996
ENTPD5	0.7644634550003218	0.018452618876797767
ENTPD6	-0.1920883277904815	-0.0014235665972552583
ENTPD7	0.1289689098884003	0.000970104140180547
ENTPD8	-0.904468604568263	-0.006243546777334719
ENTR1	-0.1220720318577607	-0.0008424190918504066
ENTREP1	1.8982306749245537	0.0035876559756074064
ENTREP3	0.3235846975004923	0.001770979049420194
ENY2	-0.5859237822838707	-0.06723475401707416
EOGT	-1.1960748959455283	-0.007452742676636587
EOLA1	-0.9385841718426792	-0.002614895502753704
EOLA2	-0.6913007417342313	-0.007517204265618031
EOMES	-0.212456154180413	-0.0038093388444548053
EP300	-0.0243475982067188	-0.0006312114835091848
EP400	0.387436983625857	0.0012967515841957435
EPAS1	1.1105930097087586	0.07169766352077804
EPB41	0.2877506132421733	0.02435492415420431
EPB41L1	0.1740837596198351	0.009909369848839875
EPB41L2	0.5963160679185041	0.07179764720952372
EPB41L3	0.5951755439904298	0.022871405804464236
EPB41L4A	-0.1023755677826008	-0.00047911765722257176
EPB41L4B	0.0477431348713988	0.0012618033115161988
EPB41L5	0.1017941686207954	0.008423874630045302
EPB42	0.6596426107762337	0.0046517996911939995
EPC1	0.2913583487700006	0.004334538154651299
EPC2	1.2853926454000295	0.035174769741371806
EPCAM	0.7971847344827527	0.025706018948130842
EPCIP	0.5401679110318637	0.006642984969869859
EPDR1	-0.8049569753259013	-0.0009289203495260901
EPG5	-0.5591889081022171	-0.012807103562265078
EPGN	0.4265286073705836	0.00885046860293961
EPHA1	-0.6618616723430556	-0.03803785217122775
EPHA2	0.0699845189129827	0.0048502070987453535
EPHA3	-0.696830187530368	-0.05503564821114846
EPHA4	-0.3166076445548862	-0.01240405429837133
EPHA5	0.852944414970674	0.07491922563336412
EPHA6	0.1763306787788839	0.004864963427509406
EPHA7	-0.250403547426032	-0.018805807218789855
EPHA8	0.0698460402707261	0.0038260962399901057
EPHB1	1.4023190271494528	0.1227786401030432
EPHB2	-1.1325963029979924	-0.09372007888047788
EPHB3	0.6721686129199169	0.03550730697749461
EPHB4	0.3746829378923014	0.0213898995583957
EPHB6	0.3067541843207909	0.015209792721177775
EPHX1	0.7248610557041107	0.005370495561711756
EPHX2	-0.2847421210767293	-0.0016258775113481242
EPHX3	0.3022124543798861	0.0011387365281034108
EPHX4	0.9720600266829472	0.0031776642272265546
EPM2A	-0.308801501042341	-0.014525713807530677
EPM2AIP1	-0.0383767713853669	-0.0004745287781800617
EPN1	-0.7204515544027803	-0.07370291446695883
EPN2	0.1463880658296543	0.02943337006797361
EPN3	-0.7587091779689181	-0.07124051568374751
EPO	0.0705155180462824	0.0025888362140331655
EPOP	0.4002995747138971	0.07632191751410104
EPOR	-0.3141543631531386	-0.009536469847876676
EPPIN	-0.1425066403042137	-0.00362479890277798
EPPK1	0.8489049755755336	0.03397572383745958
EPRS1	-1.3268863930843082	-0.3407006384930786
EPS15	-0.3621514520109787	-0.03992900834147046
EPS15L1	-0.4972387604860089	-0.01533931852223289
EPS8	0.1905032149044729	0.011705660543020241
EPS8L1	-0.1646498314381225	-0.004730060357554383
EPS8L2	-0.2250164641686281	-0.006811923419776879
EPS8L3	-0.477022494519389	-0.011971833544953106
EPSTI1	0.4470489014037514	0.0002798526122787484
EPX	-1.0363199622631418	-0.007700893639577407
EPYC	0.2504307607724066	0.008485595898012226
EQTN	-0.4254211642802186	-0.003998533523069774
ERAL1	-0.0386070471124824	-1.5674461127667852e-05
ERAP1	-0.0755015481727336	-0.0010895628416807187
ERAP2	-0.2938452060654799	-0.004254878583828149
ERAS	-0.4963673928107515	-0.002198907550151629
ERBB2	0.6177837137896137	0.057327239721107204
ERBB3	-0.5215818727195585	-0.016007869255635968
ERBB4	0.2587925128429866	0.02377992642011635
ERBIN	-0.2161336563656199	-0.0013849844699908923
ERC1	-0.0478915826045479	-0.0017533108391524985
ERC2	-1.1784155776938507	-0.050524567893623855
ERCC1	0.0682116743727572	0.009455093031505366
ERCC2	0.3635247150868152	0.05757722552374032
ERCC3	0.548421478179441	0.02232952890555412
ERCC4	-0.55107325669085	-0.005942222926897436
ERCC5	0.0710729065621174	0.001382154813913497
ERCC6	0.6042281317413805	0.0009383662885943638
ERCC6L	0.5734649529000173	0.40835292366104436
ERCC6L2	0.3080496774702689	0.020596201435662178
ERCC8	0.7374679535264881	0.10042322363556246
EREG	0.3736841245949567	0.009641424098674477
ERF	-0.627067226805212	-0.004561287007781112
ERG	0.2629490267474996	0.008458018394360072
ERG28	0.0196452223640652	0.00027811741300807103
ERGIC1	0.0803289212479536	0.0010887781985947631
ERGIC2	-0.1627300870292223	-0.001102496339622981
ERGIC3	0.3203340226994305	0.002408591516677018
ERH	-1.3452245707390875	-0.0006995167767843254
ERI1	0.2835599977823133	0.0011047497513598926
ERI2	-0.2726543787858555	-0.004746094771525387
ERI3	-0.4826366241922799	-0.0036410106929065595
ERICH1	-0.2170322674160864	-0.0006586929316078221
ERICH3	-0.289062590951938	-0.0006859455283289488
ERICH4	0.211349571795826	0.000817500143706255
ERICH5	0.415352011712181	0.002222133262660168
ERICH6	-0.2826205328767428	-0.0001537455698849481
ERLEC1	0.4135539120789122	0.012193637097646726
ERLIN1	0.0094828034917061	0.0012719189495390474
ERLIN2	1.1706280212025484	0.15210672256297433
ERMAP	-0.1514328632552224	-9.721989820985277e-05
ERMARD	0.2858926209456929	0.001099543020157135
ERMN	0.4160451371647709	0.0005325377755709068
ERMP1	-0.3431080292751773	-0.0023273017625735277
ERN1	0.3363704072451847	0.010230033195547801
ERN2	-0.2520365673389229	-0.0076299030030512124
ERO1A	1.0995658198650065	0.03972291480844322
ERO1B	0.10585470842066	0.0013048709907014758
ERP27	-0.6169552076754115	-0.019566734411425674
ERP29	-1.096575139968929	-0.027629307226657133
ERP44	0.3939558976162644	0.010249550588282351
ERRFI1	-0.7088020429961255	-0.012576274648880253
ERV3-1	-0.397552469250271	-0.002999930932962545
ERVFRD-1	-0.6223564978430022	-0.005692072529272098
ERVW-1	-0.4178120223127542	-0.003396811741402692
ESAM	-0.386589944291798	-0.034229060257540085
ESCO1	0.3949808008687132	0.016146025177911257
ESCO2	0.3757252173837846	0.18273320802416887
ESD	-1.4915207012444962	-0.020418918400037154
ESF1	-0.1076168028641655	-5.294746700916943e-05
ESM1	0.5175756414118368	0.009488714234003203
ESPL1	1.5587593905412729	0.10900404418055122
ESPN	0.4367328264801585	0.01151795483276122
ESPNL	-0.2597323847427775	-0.006467336380095159
ESR1	-0.5493386552158059	-0.017854604971824128
ESR2	0.2671918186086099	0.008503112435400402
ESRP1	-0.53332642061349	-0.0008170560763798667
ESRP2	0.3080319956574329	0.0002097697890427118
ESRRA	-0.3927059637082534	-0.005210815432444814
ESRRB	0.1938867768009592	0.004688763923377596
ESRRG	0.33736126859531	0.004383334962858863
ESS2	-0.5999789651672088	-0.0008357706984779219
ESX1	0.4850044420054923	0.0062357021108646144
ESYT1	0.8295392184034067	0.02084632055847761
ESYT2	-0.863722079189941	-0.02300696502338246
ESYT3	-0.1181209122246773	-0.0031752082415115505
ETAA1	0.0775095954064909	0.0019681236465616168
ETF1	-1.6191098489925495	-0.0038437667815083123
ETFA	-0.5095532981932539	-0.0024856009885866927
ETFB	-0.3860169887354075	-0.027856529975101952
ETFBKMT	0.2126404218233719	0.001414058805125423
ETFDH	0.1882378733295117	0.002669589519559135
ETFRF1	-0.2583626399948857	-0.00015114214439700813
ETHE1	-1.089096669495946	-0.020104724518895164
ETNK1	0.0856598491068245	0.00011838191146563146
ETNK2	0.3740721853812182	0.0007739553515537405
ETNPPL	-0.521488093526047	-0.002443693206263056
ETS1	-0.0260668331700488	-0.00081192971958068
ETS2	-0.1572451747343886	-0.004909980581081283
ETV1	0.3025332285402186	0.008831247474317521
ETV2	0.3223945473744175	0.0017557607050010776
ETV3	-0.971708102763132	-0.022554316773235057
ETV3L	0.3563753090510024	0.0029686063243948503
ETV4	-0.5021741773257543	-0.010193633625535487
ETV5	-0.9544973211718994	-0.03065654496139907
ETV6	0.64829582046057	0.03672012356670714
ETV7	0.2916102710142861	0.006299365074450608
EVA1A	1.243369525288938	0.00489514582106255
EVA1B	-0.3705662045096083	-0.0015393320135329129
EVA1C	-0.840846624072299	-0.008479938203769136
EVC	0.5688952996076351	0.004736053369233563
EVC2	0.1785440559097285	0.0019273830835455192
EVI2A	-0.137545471199627	-0.003607267527681418
EVI2B	0.0437883695071065	0.0011666535287778385
EVI5	0.8170199478296876	0.005326153039901733
EVI5L	0.1885562120532901	0.0038022360160545944
EVL	-0.0313732981049414	-0.0012836384919636772
EVPL	-0.3997677813984654	-0.008819277025431546
EVX1	-0.0834204575193703	-0.0004669877211934349
EVX2	0.536705876298292	0.0005506602290820476
EWSR1	-0.4374048067269723	-0.00025981845519582156
EXD1	0.2325345602874073	0.0003406631308210517
EXD2	-0.0144053789147793	-0.00021328604021222234
EXD3	0.9540437568557738	0.0019252603013349514
EXO1	-1.1145583599898483	-0.4480023055897195
EXO5	-1.2842726741301251	-0.0015809396618541843
EXOC1	0.3328979032538097	0.01607930162506226
EXOC2	0.3364508217975872	0.014853967331541677
EXOC3	-0.5976574883779766	-0.020928769928019984
EXOC3L1	0.4323005355146216	0.01084858193873943
EXOC3L2	-0.6189726300448012	-0.012333029653642663
EXOC3L4	0.0234459515280572	0.0005473926303255515
EXOC4	-0.3455305429445669	-0.01548840658749021
EXOC5	0.2164317228509917	0.008198650093318416
EXOC6	0.1148382697317401	0.012732004126888293
EXOC7	0.1599951679795901	0.01845528263127774
EXOC8	-0.6758807431246397	-0.03622450430850819
EXOG	1.1372382160152676	0.0013749210031624587
EXOSC1	-0.0196480570570808	-3.497354156160382e-05
EXOSC10	-0.2002239774543077	-0.0005840533422342155
EXOSC2	0.2107675856391797	0.037184249761221
EXOSC3	0.5591663300816314	0.0003013906519139993
EXOSC4	-0.1192388237961128	-8.024772841478391e-05
EXOSC5	0.1385705825723345	0.00014702338810924692
EXOSC6	-0.403954083472238	-0.0002969062513520949
EXOSC7	-0.0719579188600292	-3.878531826555574e-05
EXOSC8	-0.1922270342911218	-0.0022605899232635922
EXOSC9	-1.0399653067209278	-0.0015037898335184617
EXPH5	0.2523052029106594	0.0005979633308982628
EXT1	-0.0799019484540546	-0.0009381287767990551
EXT2	0.5091460440799155	0.005676469245446977
EXTL1	-0.7278431289432105	-0.011990487706210449
EXTL2	0.312500428850522	0.0025815660427341617
EXTL3	0.6378121905402395	0.008931284104134974
EYA1	0.1188134997965592	0.003518899423474694
EYA2	-0.0401247113688464	-0.0010959663663286706
EYA3	0.1714661107602409	0.0046895981292925885
EYA4	0.4076523495168133	0.01092834418584673
EYS	-1.270847264887224	-0.010986474604950051
EZH1	-0.3587980812624313	-0.006904710275814228
EZH2	-0.9022220640097725	-0.029207634878188362
EZHIP	0.2019326863225791	0.00018900899439793403
EZR	1.3819785469914665	0.04996543436647647
F10	-0.3522119500700314	-0.0033365038030134077
F11	1.7940699003385312	0.06056779983542881
F11R	-0.2537394399842397	-0.017161159544454085
F12	1.5125891215946186	0.02152565578941302
F13A1	0.0650938330984146	0.0006489855159911935
F13B	0.8272511233007538	0.009267694334338343
F2	-0.0514045591532391	-0.0015284631618624114
F2R	-0.9100915250037244	-0.04772610966272031
F2RL1	0.6597729292549794	0.0197489830913893
F2RL2	-0.2054936127753748	-0.007359548247937274
F2RL3	-0.6246597089518635	-0.016818338003819974
F3	0.3902917403209501	0.012194665426328086
F5	0.3499588345115793	0.005725326532609437
F7	0.1380676800078442	0.0010986045298224164
F8	-1.145458215338908	-0.009719212957150633
F8A1	1.099959141476017	0.016265095825005862
F8A2	-0.0517103650616056	-0.000764641168165962
F8A3	0.3914708371268166	0.005788679268594237
F9	-0.3965188705662616	-0.0022316082035469206
FA2H	-0.2785890993822572	-0.012284943515459393
FAAH	-0.0959913492148837	-0.0003420171772526306
FAAH2	-0.2780342214289866	-0.0008410535198226844
FAAP100	-1.1402313808859788	-0.05001054836565903
FAAP20	0.0892318158720512	0.0021837702298367094
FAAP24	0.0884559355878805	0.02491927543820417
FABP1	1.1722943478802033	0.037942478863490656
FABP2	0.7001715275807426	0.005065741002046673
FABP3	0.567349097005611	0.004769703858526171
FABP4	-0.984359860094565	-0.00811604704647969
FABP5	0.2104301417653762	0.005860479448165727
FABP6	-0.4757107559976775	-0.0056062512594326295
FABP7	0.5582973583426079	0.0011411598004522903
FABP9	-0.5176636986659691	-0.0033208126269421915
FADD	-0.4305428628549489	-0.013784260297164046
FADS1	0.3060717802448356	0.000701822592101408
FADS2	0.1980264079980148	0.0007334898152246467
FADS3	-0.6983066708523565	-0.0023770359075814215
FADS6	-0.8045563766346062	-0.0011022422359894105
FAF1	0.546586200030279	0.01667087910092351
FAF2	0.618062230886096	0.019449800343754552
FAH	-1.3618290382719858	-0.003352823092225629
FAHD1	0.1619002681387665	0.0001551004568769383
FAHD2A	-0.250610050559846	-0.006236431108181767
FAHD2B	-0.1350939675677441	-0.0019848005715052963
FAIM	-0.1986098583212764	-0.0010689182574851095
FAIM2	0.4916246341670666	0.010078796625059032
FAM107A	0.309029239017545	0.010357423974912036
FAM107B	0.5784632817827493	0.0005177246371955606
FAM110A	-1.6119383994509875	-0.008972049131344195
FAM110B	-0.1589479898152073	-0.002035805853553175
FAM110C	-0.0978093834592971	-9.732033654200062e-05
FAM110D	0.0805399402077417	0.00044409723030548775
FAM111A	-0.7438644532127991	-0.002195887865884183
FAM111B	-1.1124738959387177	-0.0014862651249741268
FAM114A1	-1.059000831427669	-0.08191371431093021
FAM114A2	0.0563643944054158	0.007325285790111054
FAM117A	0.6451765881352653	0.008431812830339783
FAM117B	0.2822494239128992	0.0029353940086941518
FAM118A	-1.0884506607791162	-0.0006987853242201926
FAM118B	0.1042990518544605	9.094877321708957e-05
FAM120A	-0.8217988979603147	-0.006030360313232789
FAM120AOS	0.1606390696951977	0.00010088133576858415
FAM120B	-0.3077898704525571	-0.038520517866878434
FAM120C	0.2632308273017836	0.0022206152591178465
FAM124A	0.3987751067549986	0.0002639891206718091
FAM124B	0.8569988894566638	0.00044306842584909516
FAM131A	-0.7006037766871684	-0.003179339938606371
FAM131B	-0.0897819249364857	-0.00033632309081207544
FAM131C	0.028600644151626	3.3233948504189415e-05
FAM133A	0.8235692966071371	0.0005929698935571387
FAM133B	-0.5730854668592514	-0.001242449292150857
FAM135A	0.4797388418894129	0.025551370457872022
FAM135B	-0.046735658965051	-0.001964907309867639
FAM136A	-0.2803917381524139	-0.007183916723202998
FAM13A	-0.1559883099615695	-0.0018475255431848294
FAM13B	0.7542047195923384	0.01786484719298372
FAM13C	0.034301465679054	0.0002046082427755571
FAM149A	0.3229815100577998	0.002255056903223558
FAM149B1	0.7602827996331091	0.004529764920214063
FAM151A	-0.4580550941024941	-0.0003183482904012334
FAM151B	-0.1097218309827281	-6.166366901229319e-05
FAM153A	-0.3799367621661815	-0.002014044776242928
FAM156A	-1.1353399468122456	-0.0015565510670795888
FAM161A	0.0109031075439831	6.171158869894435e-06
FAM161B	0.6124987197565024	0.0026086320474429437
FAM162A	0.1689175181151511	0.0032874727375570706
FAM163A	0.0276159306371259	0.0001614151145740009
FAM167A	0.4669689417732748	0.0012836976209347325
FAM167B	-0.4490458924101246	-0.001132044694765924
FAM168A	-0.3485241320983751	-0.00378566912285255
FAM168B	-1.1451638078993382	-0.003296926602942195
FAM170A	-0.8749659432920309	-0.0004558572564551481
FAM171A1	-0.198306442968964	-0.002586907548530135
FAM171B	-0.0042031053425534	-9.675968809092182e-05
FAM174A	-0.7202102493425341	-0.004520039524873744
FAM174B	0.0228294065144347	0.00044435156839695694
FAM174C	-0.1360275612124535	-0.001100598997769961
FAM177A1	-0.2474363929367492	-0.0036192521194858304
FAM177B	-1.028327110986276	-0.02358673894469221
FAM178B	-0.4802367019290313	-0.01334049534288656
FAM180A	0.2450870088422842	0.0066244567619981
FAM181A	-0.8425853706239195	-0.0017921790833170766
FAM181B	0.3290892714456688	0.0024408551263125256
FAM184A	-0.4137948109452688	-0.018035660629860485
FAM186B	0.3252008451645951	0.0003261764477000889
FAM187B	0.4691700872169483	0.0064351369162676635
FAM193A	0.4969192105722393	0.011967305348211239
FAM193B	0.0532711152990634	0.001403320990323227
FAM199X	0.116653553021977	0.0033856360693568384
FAM200A	-0.918398141431922	-0.0008660494473703025
FAM200C	0.1769019145476506	0.0004097048340923588
FAM204A	0.4024327761474608	0.0002470937245545409
FAM209A	-0.5989918575043378	-0.0006325354015245808
FAM209B	-0.043550874365259	-7.016045860243225e-05
FAM20A	0.764118565859106	0.020148278344572907
FAM20B	0.8779625789437743	0.006334500007079332
FAM20C	-0.7474577280463088	-0.024978542355851552
FAM210A	-0.4515566470405786	-0.017453567521412444
FAM210B	0.1261206483204053	0.0033182342573098633
FAM216A	0.8076103935929783	0.002008527048865737
FAM216B	0.347880486624573	0.0004557234374781906
FAM217A	0.1130572515907966	7.269581277288222e-05
FAM217B	-0.0359776534284166	-0.0003095877077515248
FAM219A	0.5797819060980036	0.0034960848937709618
FAM219B	0.4319372633180812	0.001984751724946583
FAM220A	0.434208990478776	0.006767147116611724
FAM221A	-0.0725719326405734	-9.078748773335732e-05
FAM221B	0.1798051774798122	0.0001075234961329277
FAM222A	-0.0772499737529342	-0.001984242825817868
FAM222B	0.420705774607795	0.007411573631265525
FAM227B	-0.4170790531061337	-0.0005809911209768442
FAM228A	-0.6568011720959268	-0.0003349685977689227
FAM229B	-0.4930131706927432	-0.0008598149696881442
FAM234A	-0.1707555738090748	-0.0015671946564196886
FAM234B	-0.7065435851497754	-0.007793175744202023
FAM241A	-0.2976766456266327	-0.0016259098384126679
FAM241B	-0.1669626592497859	-0.001991864524849946
FAM24A	-0.5970889957206547	-0.0029794740886460664
FAM24B	0.3874189390192364	0.0017619813346594871
FAM32A	-0.0886504570325717	-4.574363582880699e-05
FAM3A	-0.2399643219924147	-0.0011847038576765514
FAM3B	0.3262678010451053	0.0017664138748582
FAM3C	-0.8783212862192687	-0.004915964238969247
FAM3D	0.5541845416650607	0.0029632247442830796
FAM43A	-0.9117805509314882	-0.0044294299164251705
FAM43B	0.6192742803033582	0.0029365986371985243
FAM47A	0.332538343184995	0.0006783782200973898
FAM47B	0.3400017323157726	0.0006052030835220751
FAM47C	0.8111003162118209	0.010847655629016894
FAM47E	-0.7086569943248701	-0.023952606408180605
FAM50A	0.2475900691832458	0.00011488179210102606
FAM50B	0.4856788891932899	0.014072060135486382
FAM53A	0.636662920127212	0.001396201783838976
FAM53B	-0.1527775067903671	-0.0007684708591555466
FAM53C	-0.4756770630797016	-0.011401503524957368
FAM72D	-0.3987570447444655	-0.00032777829077995066
FAM76A	-0.8107213164418079	-0.022414012235666664
FAM76B	-1.069939503522065	-0.032117444016725345
FAM78A	-0.2895698840628882	-0.0005021141789650482
FAM78B	-0.1223677125170531	-0.0002150000708924623
FAM81A	-0.2513233450533991	-0.0016152551386581962
FAM81B	-0.0594373124360817	-9.29005193375957e-05
FAM83A	-0.8699529878157445	-0.0011048402945259956
FAM83B	-0.0624045368294472	-0.00020393802635863345
FAM83C	-0.3554950639400371	-0.0004397473940938259
FAM83D	-0.0868738727077649	-0.0027898675481371617
FAM83E	1.2284646367880474	0.0030195660772250207
FAM83F	-0.1324560223392312	-0.00033511373651825497
FAM83G	0.5824653084813973	0.005283542813234754
FAM83H	0.3888836703377175	0.0014532582760520502
FAM86B1	-1.2902974639402782	-0.009814002510729756
FAM89A	-0.5097737785063079	-0.0018204021630460255
FAM89B	0.112099218408886	0.0003970554316042742
FAM8A1	-0.4928149014658216	-0.0006790989342199022
FAM90A1	-0.1519403756421436	-0.00013780992070742425
FAM91A1	0.1856889715764149	0.015083700850123758
FAM98A	0.5559765313858437	0.16258810890888198
FAM98B	0.7021511188917514	0.2459312379963115
FAM98C	-0.0648045881828846	-0.0065444857514131505
FAM9A	-0.4832634618754725	-0.0031721413637506015
FAM9B	-0.5620525405369123	-0.0006092649539420129
FAM9C	-0.4007016557431493	-0.0003814679762674782
FAN1	-0.1407707356228453	-0.0038369879408718948
FANCA	-0.7790074845431971	-0.033146768467313036
FANCB	0.4498930517467077	0.01393138824038855
FANCC	-0.175707024350672	-0.007544156797520454
FANCD2	-0.3153184820541708	-0.0998626245404841
FANCD2OS	0.2139129416804893	0.00014332167092592784
FANCE	-0.5394487098639913	-0.16294749564764682
FANCF	-0.3472474381363557	-0.010105247697206087
FANCG	-0.1335021450610823	-0.004265260032556518
FANCI	0.536899214316684	0.027843056355248915
FANCL	0.1557651253084147	0.004193820233803757
FANCM	0.3746968778517714	0.025039493559322477
FANK1	1.1608257021213484	0.003526588483044656
FAP	-0.0575603495887813	-0.0005886696952444664
FAR1	0.0448609807772971	0.0003559718824678525
FAR2	-0.0695207804736799	-0.00025889538648398396
FARP1	1.0976207376067766	0.023125771320637176
FARP2	-0.1820971783853938	-0.003325276574495676
FARS2	0.0861425441374118	0.00013593293464883582
FARSA	-0.0272006567130405	-2.4208584474606042e-05
FARSB	-0.2750763382089741	-0.0001887023680113562
FAS	0.3149644159321061	0.00916577946804022
FASLG	-0.2373007668246881	-0.00731123662586864
FASN	1.2019769832648466	0.004578330329255801
FASTK	0.0207929685931402	0.00017031520574641137
FASTKD1	0.0087820767255368	0.00012344087045414528
FASTKD2	-0.2103176331553937	-0.016391315057598766
FASTKD3	-0.3097395596045021	-0.02694269559219762
FASTKD5	0.1104131910443567	0.002014157431031155
FAT1	1.2429363094810288	0.03331939364825794
FAT2	-0.7971416843323519	-0.02069220384189919
FAT4	0.2157453410255373	0.003248909090503566
FATE1	-1.0137477321738309	-0.006060183942935161
FAU	-0.7741233494266397	-0.0011356389536088805
FAXC	0.1285967311506308	0.00012139531420619547
FAXDC2	0.2279482823712404	0.0010895927897345292
FBF1	-0.0331080031984496	-0.0008912674461022633
FBH1	0.2437825381817633	0.0056009038147260114
FBL	-1.821700046309988	-0.2521524336100433
FBLIM1	0.1835001310569059	0.007471391336112981
FBLN1	-0.799289642875264	-0.04948641965933623
FBLN2	-0.2396689020138971	-0.008245808573788128
FBLN5	0.7484072527555163	0.021807838938042994
FBLN7	-0.0694557115194035	-0.0006523280425902376
FBN1	0.3375472912220149	0.008674965384405783
FBN2	0.9344707040055384	0.023710325172732527
FBN3	-0.3720591216405646	-0.004049863539057546
FBP1	-1.082459856670897	-0.004482466266474184
FBP2	-0.4657405907225316	-0.0014931643338564364
FBRS	0.2046819332010787	0.00485935377612681
FBXL12	0.0131826086497933	0.000827300971035078
FBXL13	0.5025614957455236	0.011770492791855908
FBXL14	0.5347508602815251	0.013582671851150736
FBXL15	0.5717872972611581	0.01478298878338998
FBXL16	0.6957613721894045	0.016290556768442717
FBXL17	-0.4435747545668227	-0.010703458827697432
FBXL18	0.1891508070947546	0.005059027486556306
FBXL19	0.4256982463588533	0.01584108314350565
FBXL2	0.3185169146376515	0.005630104983135128
FBXL20	0.776280857288395	0.016950092518892106
FBXL22	0.3854471757917243	0.01147668965919859
FBXL3	0.7772211524579006	0.13931378269346884
FBXL4	0.0647328061874704	0.0015408997184865455
FBXL5	0.7072533320192395	0.018199749992851087
FBXL6	-1.169386698857977	-0.029619395695373703
FBXL7	0.4209534459997436	0.009236981465572374
FBXL8	-0.284394868255483	-0.007600737248996038
FBXO10	0.1458860847905348	0.001454484265361632
FBXO11	-0.4554137756692925	-0.013017091949955387
FBXO15	0.2182561935489501	0.0058700003254990125
FBXO16	0.6314644892360763	0.013830335243248545
FBXO17	-0.1401145891579924	-0.0033174931274937863
FBXO2	0.8251525004650492	0.02125592841197967
FBXO21	0.7745581497384052	0.02156834623761563
FBXO22	0.9736223157011764	0.015580877918165925
FBXO24	-0.4050108714820479	-0.011671603294369656
FBXO25	0.2429539733473485	0.007044207503233022
FBXO27	-0.5572284758188935	-0.014676283596118016
FBXO28	0.7604617502486396	0.023394084822898897
FBXO3	0.734637569387299	0.021465375139927488
FBXO30	0.574388344192616	0.016881273435820982
FBXO31	0.2922118906532259	0.007921572143718301
FBXO32	-0.720418862130447	-0.01679152283853646
FBXO33	-0.5903444345762088	-0.012021774065709916
FBXO34	1.384761075979038	0.032613892861458306
FBXO36	-0.0787616303451219	-0.001184968728542359
FBXO38	-0.4193853148745799	-0.009860168138016248
FBXO39	0.3536561203630698	0.00961838550551441
FBXO4	0.2199385525874631	0.0429898493044033
FBXO40	-0.0372299117043188	-0.0009324231386346644
FBXO41	0.6194058484710454	0.016593263274690837
FBXO42	-0.0583300710004682	-0.0013640487103459488
FBXO43	-0.4525585187640478	-0.011038807389692654
FBXO44	1.543284512770135	0.03165739521045378
FBXO45	0.2802029035454656	0.007261458245380742
FBXO46	0.3520843935806408	0.007293780297416555
FBXO47	0.4485810250955298	0.010816185677103414
FBXO48	0.2895475067920058	0.004631891466151717
FBXO5	1.025049007116141	0.02423625872425404
FBXO6	0.17830225541291	0.006285154503305077
FBXO7	0.3449165300157665	0.010091912751731312
FBXO8	0.6320282679636211	0.015872125893370417
FBXO9	0.0492868184021578	0.0030314350526431176
FBXW10	0.7140151390161933	0.011606316084708222
FBXW10B	0.5345313996827612	0.010877713983544191
FBXW11	-0.6325664093131136	-0.019717727544699064
FBXW12	-0.9427019086324904	-0.024407495116403808
FBXW2	0.0026912817827471	7.607446215291227e-05
FBXW4	-0.2686013396276042	-0.005705898257709196
FBXW5	0.3776834914641641	0.010752271318493288
FBXW7	0.4582685882026853	0.013386941998576842
FBXW8	0.6267335739792246	0.01704527301151297
FBXW9	0.1052567606037675	0.0030886543831569534
FCAMR	-0.6059016157513935	-0.007984571492371863
FCER1A	0.2166565015644622	0.011361466942040398
FCER1G	-0.698419152872951	-0.04166698824124738
FCER2	0.6946356958083917	0.010311866904275576
FCF1	-0.3332147709170208	-0.013424223475934017
FCGBP	0.6993598411079684	0.015733498345405966
FCGR1A	0.8968076041681154	0.0717455051410534
FCGR2A	-0.9469668286962776	-0.06828388408363119
FCGR2B	-0.669375746451715	-0.03674939785594561
FCGR2C	1.6047883927873956	0.10044531029295586
FCGR3A	2.035142947840546	0.117944674399151
FCGR3B	0.1275117290941819	0.005795663110788756
FCGRT	-0.3906441133507534	-0.012712731380773569
FCHO1	-0.847132926937451	-0.11935764087377909
FCHO2	0.1422583567662009	0.016161971912208088
FCHSD1	-0.5141626322489696	-0.040516015421218805
FCHSD2	-0.5483825481094966	-0.013577951891191136
FCMR	0.59415697240791	0.014940671228169305
FCN1	0.5220560727860497	0.015401176203261252
FCN2	0.2981242210308175	0.014782489499813084
FCN3	-0.1814831368625604	-0.004821099530753917
FCRL1	-0.137687715717902	-0.003629998937186768
FCRL2	-0.6380363678277107	-0.01670762032793643
FCRL3	0.0356902432917638	0.0010923355861877228
FCRL4	-1.3076662298439814	-0.03939475284027978
FCRL5	-1.0955829135270851	-0.04127279951839235
FCRL6	0.5292030131184841	0.012743208555893096
FCRLA	0.7317233978597841	0.018396257945592832
FCRLB	-0.2622006861196548	-0.007270300624725788
FCSK	1.0476108601723193	0.007027373650035918
FDCSP	0.470161266139289	0.0019055636116625384
FDFT1	-0.3082239455898118	-0.0018339324762593804
FDPS	-0.915938032993107	-0.018054970506360127
FDX1	0.3045281813251175	0.0008450657031772011
FDXR	-0.1762646244351452	-0.008591842853466718
FECH	-0.0722531207567361	-0.00018525700162027133
FEM1A	-0.0814343503947244	-0.0012720859875159898
FEM1B	1.1181932444156826	0.030464056750860856
FEM1C	-1.3434348405691665	-0.006362507404935572
FEN1	0.4962747238033327	0.46672950439642513
FER	0.4077476676957097	0.023826734961798796
FER1L5	-1.4095164871622958	-0.10965051608581648
FER1L6	-0.3318734929658007	-0.01001162766229931
FERD3L	-0.6359574056822239	-0.004898779895970171
FERMT1	-0.0922298887680145	-0.0018479180513559386
FERMT2	-0.2410065010212204	-0.005005223013208705
FERMT3	0.5201657401518966	0.01666923130890768
FERRY3	0.319312475463124	0.0003164386631839559
FES	-0.2444044656210811	-0.024990112205289922
FETUB	0.8848176692171388	0.005110706857398194
FEV	0.2622329518255725	0.0008480613662039014
FEZ1	-0.2365743487141251	-0.0069321015660212945
FEZF1	-0.2849910985505243	-0.0007546564289617883
FEZF2	0.8406297769762111	0.014627798749163048
FFAR1	2.6246409769647796	0.03381324970623726
FFAR2	0.5066477393443289	0.012435668762206553
FFAR3	-0.5850450802794205	-0.01709384715560411
FFAR4	-0.5822213372503969	-0.022902840743418862
FGA	-0.2680400915143702	-0.009142311441372139
FGB	0.1885983189053319	0.0043681256641663925
FGD1	-0.4476151565891403	-0.001843726829990669
FGD2	0.1989712147340579	0.001282170507746269
FGD3	-0.4553225952168993	-0.001961074417599185
FGD4	-1.5244118531804771	-0.00769980427041459
FGD5	0.0619285791843124	0.0006434379377250059
FGD6	-0.3184275829326271	-0.0022496908734190102
FGF1	0.2857826496203317	0.02020540489345669
FGF10	-0.0842773798523561	-0.004532184656320154
FGF11	-0.4884512084480117	-0.010285805547498231
FGF12	0.0218004549389407	0.0011548791003903837
FGF13	-0.1912273271001427	-0.006197677671315625
FGF14	-0.5643911459345335	-0.01370285263214454
FGF16	0.3235739653112441	0.02185224417332956
FGF17	0.4237915111045919	0.013736778040944241
FGF18	-0.2918752246009634	-0.01146456694710124
FGF19	0.2685315405788308	0.010997709244406014
FGF2	-0.6671495370042173	-0.057866549391134794
FGF20	-0.0413541809332059	-0.0023644666490369804
FGF21	0.5596214875312157	0.01918774194298279
FGF22	0.6755066009572183	0.020403676881912778
FGF23	-1.0959106530492195	-0.02935944639518859
FGF3	-0.265339501017235	-0.008190499717400011
FGF4	-0.139523820210391	-0.006756999088969026
FGF5	-1.3199375453639082	-0.02345924999375274
FGF6	0.114380106582293	0.006486381464175254
FGF7	0.2595461134505466	0.011486991889094291
FGF8	0.0365940407984622	0.001305089871036356
FGF9	-0.3950053799818102	-0.021545963456487818
FGFBP1	0.3609570672966908	0.012293114840923398
FGFBP2	0.6395163961642748	0.006707887479367078
FGFBP3	-0.4232446353885913	-0.005409912929536974
FGFR1	-0.2193591004401834	-0.012086686434254106
FGFR1OP2	-0.1702241247875104	-0.009978708419168647
FGFR2	-0.0981391390860857	-0.005963424786565997
FGFR3	0.0885573970103552	0.0032056892143778482
FGFR4	-0.7639654379869492	-0.0256218728592063
FGFRL1	0.2542486416582069	0.015932999626794852
FGG	0.9718295996941558	0.07168215127344094
FGGY	-0.323193757802063	-0.00035454355230886316
FGL1	1.3768811297571055	0.04131469517949171
FGL2	-0.0605401717091463	-0.0008349095080408366
FGR	0.3764807694315057	0.03702010701973882
FH	0.931833064470906	0.015744251457300427
FHDC1	0.1568277729295709	0.002152304355685431
FHIP1B	0.1618353783792021	0.003885667434884642
FHIP2A	0.4010577857048107	0.013303487809614276
FHIP2B	-0.7259081294928501	-0.021561649170326127
FHIT	0.64681628318929	0.03798363941400786
FHL1	0.3387079761721243	0.003951367250024001
FHL2	1.230847477473055	0.03306425578735867
FHL3	-0.7096592929046767	-0.013064827582375097
FHL5	0.9156098435397496	0.016542323043232655
FHOD1	-0.1533166754976432	-0.0062691188610986305
FHOD3	-0.6343761263148922	-0.04114373242440496
FIBCD1	1.031355723833561	0.03450916251947094
FIBIN	-0.0273086329351225	-0.0005604004564616488
FIBP	-0.183030594843689	-0.004648428017245169
FICD	0.0575412718082288	9.005209037987807e-05
FIG4	0.7835382564130999	0.02381564530367617
FIGLA	-0.2105107218010737	-0.0010580268877721964
FIGN	0.842245534130534	0.009641184629192223
FIGNL1	0.5185129098616719	0.015235983343375366
FIGNL2	-0.0275450755565286	-0.0006567021463431984
FILIP1	-0.5492776037543374	-0.030535989825514878
FILIP1L	-1.8213721187220069	-0.0491861540660878
FIP1L1	-0.4930975851564854	-0.01925200901726466
FIRRM	1.0744200064318512	0.03524634831099688
FIS1	0.5100213211513023	0.011487720237611932
FITM1	-0.0054287880120835	-2.6389338526737893e-05
FITM2	0.9223934573159144	0.006358058101278597
FIZ1	-0.4897230963470317	-0.009461939944521
FJX1	0.0842591449188954	0.0005099363450491549
FKBP10	-0.8286956250230573	-0.00469207462888055
FKBP11	-0.7125703230360001	-0.0029792565206135163
FKBP14	-0.269022652075188	-0.0024728562178751284
FKBP15	-0.3732699585657559	-0.012878933380394276
FKBP1A	0.1318568419562683	0.0034194434824519056
FKBP1B	0.0249304932823732	0.0002625180942633898
FKBP2	-0.2441709867462929	-0.008875859539214494
FKBP3	-1.0423760461263905	-0.05021646602213886
FKBP4	0.3417331943362485	0.028159156946501212
FKBP5	-0.137925163387972	-0.004093067148701457
FKBP6	0.4060282499382918	0.017974870624768175
FKBP7	-0.64616769409701	-0.004332554388920452
FKBP8	0.2506055155599977	0.03966909887453872
FKBP9	1.4266825545767357	0.009848389674243207
FKBPL	0.0048710636058208	3.375159972473232e-05
FKRP	-0.7379947200668302	-0.005509868580018955
FKTN	-0.1749647134557527	-0.001293339161864924
FLACC1	0.9462738991326654	0.0013787210710362935
FLAD1	-0.7703349977543369	-0.0026045026274074128
FLCN	-0.1840622379171614	-0.00566396318518689
FLG	0.3522498358199538	0.0003057528574917199
FLG2	-0.2314853974613815	-0.0009041819624841562
FLI1	0.104608322460625	0.0034665105897001914
FLII	0.4911464703887379	0.008939356907545418
FLNA	-0.2077037657746589	-0.005426468584628739
FLNB	0.799613911294119	0.024590526614028038
FLNC	0.3060229813120106	0.007770535541474574
FLOT1	-0.3114908905825108	-0.03767482321595468
FLOT2	-0.3809851419059116	-0.025284840912869633
FLRT1	0.2817696805116632	0.014672029033922814
FLRT3	-0.9781643464175268	-0.03653248201000179
FLT1	-0.0498584223146029	-0.002248265837432389
FLT3	-0.1386139309688574	-0.010256599208109635
FLT3LG	-0.0033351701795314	-0.00017078739455344392
FLT4	-0.1255518940543686	-0.008065453674052639
FLVCR1	0.2075152057081472	0.0022845348996409923
FLVCR2	-0.3061065692936048	-0.004169171473778897
FLYWCH1	0.4142896285558789	0.0005402336756368661
FLYWCH2	-0.0470199889544144	-0.000195274014127683
FMC1	0.2390463035934971	0.00010255086424161026
FMN2	-0.458539940823931	-0.01073854687415564
FMNL1	-0.7823807646887742	-0.027263622507109717
FMNL2	0.2275090901954263	0.01902226254032979
FMNL3	0.1245027829510151	0.011550994693846328
FMO1	-0.2422336127974862	-0.0005593174119493956
FMO2	0.1135312757757915	0.00037760502323028254
FMO3	0.0443213355741001	0.000223601137971335
FMO4	-0.4629593831780511	-0.001062028825010449
FMO5	-1.4996905792528992	-0.005923777788048952
FMOD	-2.218942270908241	-0.08520294531833464
FMR1	-0.1028512022233947	-0.01017362951912931
FMR1NB	-0.5256751085017353	-0.000401090107786824
FN1	0.6378881698523667	0.02172073007164294
FN3K	-0.0496977148991593	-0.00010600522587990678
FN3KRP	0.4310177176538044	0.0009197918094732187
FNBP1	0.0156393959664267	0.0009779783479685609
FNBP1L	0.0695184391329934	0.0071542120896154835
FNBP4	0.2835246705185386	0.02582626223753368
FNDC1	-0.9124993145718714	-0.022585270534968387
FNDC11	-0.2721563196863494	-0.002414026555617919
FNDC3A	0.1884532760366976	0.002970023630338354
FNDC3B	-0.3057118570920087	-0.00623529903724861
FNDC4	-0.4289868812515574	-0.004834682151705052
FNDC5	-0.1762810805076074	-0.00448035994218135
FNDC7	-0.3551832383989776	-0.004942374762321773
FNDC8	-0.0664914939286007	-0.0002849825429779826
FNDC9	-0.3821029258060299	-0.0011692349529664513
FNIP1	0.2459041456868772	0.0022731379227294932
FNTA	0.2299534958584444	0.04148016135042549
FNTB	-0.069854959361515	-0.0018749769642224243
FOCAD	-0.2650581935583082	-0.04191259191460103
FOLH1	0.6770913689101012	0.004463386303855388
FOLR1	-0.0407724996093175	-0.0021073266423075753
FOLR2	-1.5472022380602932	-0.04412001902052732
FOLR3	-0.0701087026662026	-0.0019322659541832097
FOS	-0.2378538091245542	-0.0010605901348863871
FOSB	-0.0612691198187636	-0.001457653629608205
FOSL1	-1.2440951565607263	-0.03869260346419515
FOSL2	-0.1507638409473235	-0.004653778242361982
FOXA1	-0.2986712815872818	-0.009140834572978759
FOXA2	-0.3146515241542864	-0.009284107871696375
FOXA3	0.4332776293278062	0.011905169421040132
FOXB2	-1.3357645553402837	-0.026576371593050284
FOXC1	-0.0328598528341183	-0.0010107690731774787
FOXD1	-0.6617647622426532	-0.006152426994569947
FOXD2	0.7187130950021181	0.006702718323989753
FOXD3	0.359682614101998	0.0057811786564614135
FOXD4	0.3098535213579849	0.0010364600289424594
FOXD4L1	0.5715538732164002	0.0012019777953740894
FOXD4L3	0.1255753776593865	0.0002861862856857419
FOXD4L4	-0.2128248336739639	-0.00047864305093274484
FOXD4L5	-0.4291560929736296	-0.0009763301115150074
FOXD4L6	0.4592755085446149	0.0010251029350715805
FOXE1	-1.4714601226230202	-0.03945867464825891
FOXE3	-1.2549047131173603	-0.01842200118856285
FOXF1	-0.8974457603481499	-0.01789506846134211
FOXF2	0.2273755969639325	0.004549785695248289
FOXG1	-0.5083095719252763	-0.014704887606226317
FOXH1	-0.2022138522981698	-0.002337794346419141
FOXI1	-0.4906104864174868	-0.0150857818468513
FOXI2	-0.4114709272389205	-0.008950315609300999
FOXJ1	0.1527027398309908	0.00443555648387079
FOXJ2	0.0664251198283853	0.0019963405513222917
FOXJ3	-0.4819429608382583	-0.014030805418884214
FOXK1	0.8423056094001402	0.003207499760595734
FOXK2	-0.0935414518708245	-0.0031043601632370524
FOXL1	-1.0354258999340948	-0.024528204143538776
FOXL2	1.6397918591666067	0.04518282488747668
FOXM1	0.2821518874540024	0.008609864845658883
FOXN1	0.1057462167057275	0.002524690923849244
FOXN2	0.4302362791871393	0.013141997384050357
FOXN3	-0.670774855800085	-0.018439600785944338
FOXN4	-0.1400443210263633	-0.004752263989708612
FOXO1	-0.2806623838044606	-0.009470952141481522
FOXO3	-0.417111186101563	-0.012639303161249562
FOXO4	-0.3654455843194091	-0.010749581862755419
FOXP1	0.4442728243568487	0.012604020027003797
FOXP2	-0.5473020186116277	-0.012187868652462339
FOXP3	-0.7442738465570152	-0.026504335949741865
FOXP4	-0.0375138695366764	-0.0010318940093453578
FOXQ1	0.0332383810393527	0.0007207078160762846
FOXR1	-0.0873882184005761	-0.0025431719318935657
FOXR2	0.0143405985829973	0.0004417764799478148
FOXRED1	-0.1748110106297941	-0.0038430452576853932
FOXRED2	1.3168886822179573	0.0063078967878240156
FOXS1	0.9357921015913272	0.022539488558928705
FPGS	-0.0837738017551876	-0.0005599440909316739
FPGT	0.0687007990409574	3.5174809108970184e-05
FPR1	-0.0319148426159489	-0.0009516367771223644
FPR2	0.4311515235478801	0.012802182188707205
FPR3	-0.2230761314541831	-0.007057013418553083
FRA10AC1	0.9110725653734176	0.01756730120553024
FRAS1	0.0911396129786828	0.0025886384274335277
FRAT1	0.6498497678304781	0.009646369953675616
FRAT2	0.6831300794960733	0.006072343276640595
FREM1	-0.4632054713423572	-0.006053632304973266
FREM2	-0.2317832030857855	-0.003779688692719904
FREY1	-0.2353977295262685	-0.006221797389108803
FRG1	-0.0104509878240972	-1.0513693751041783e-05
FRG2	0.2743696464155007	0.0001953511882478365
FRG2B	0.750945678110547	0.0006743492189432713
FRK	-0.5599133921852822	-0.06051152003364001
FRMD1	0.4875495758874303	0.012617783023966697
FRMD3	0.9634383893102926	0.016237790613435672
FRMD4A	-0.1089125717464477	-0.001146522642774855
FRMD5	-0.5209575587066153	-0.0034685354258686446
FRMD6	0.305619439688556	0.007964748217723458
FRMD7	-0.0292332275509504	-0.00011795607316808488
FRMD8	-0.0629108385800997	-0.0005152397679710166
FRMPD1	-0.2588364916929232	-0.004397373157371072
FRMPD2	0.4885226313829864	0.011910670275748592
FRMPD4	-0.603866128667683	-0.013691456735282374
FRRS1	-0.0472478936318219	-0.0004175296360244101
FRRS1L	1.0182349475161072	0.01563092467931976
FRS2	-0.9510508964899412	-0.09445266873400203
FRS3	-0.8697395524299629	-0.023163773499867202
FRY	-0.6440006506577336	-0.019198947397408354
FRYL	0.6311210222721985	0.00958231048115879
FRZB	0.5690348993715119	0.015520426880357987
FSAF1	0.2472556249378937	0.0014803194265031695
FSCB	0.2364574013502559	0.0007325450293830928
FSCN1	0.0122905218744235	0.00016110416072994324
FSCN2	-0.0612948734967637	-0.0005341848225242957
FSCN3	-0.475423438181408	-0.001406302530140605
FSD1	0.6678170680666004	0.006205356196474851
FSD1L	-0.1711118098922049	-0.0020778107075210437
FSD2	0.3349499356852399	0.0025911727024610157
FSHB	-0.2608487062857069	-0.010528636331809988
FSHR	0.4921268150250743	0.012622560678578133
FSIP1	0.592804340121336	0.00919854494566277
FSIP2	0.1200338707835407	0.00014944216912550818
FST	0.2612667129212286	0.006848845612517087
FSTL1	0.0719793656426624	0.0029068147021132787
FSTL3	0.6235906100458062	0.01975971566052146
FSTL4	1.0567740243552757	0.017973612606234528
FSTL5	-0.3322318202356391	-0.007402124954850039
FTCD	0.2001532574314249	0.0002001532574314249
FTH1	-0.4666351674417842	-0.02381285922972169
FTHL17	0.0102405570350716	3.357878651799977e-05
FTL	0.0154288461937148	0.0005632454591477525
FTMT	-0.7523623451688122	-0.018923417705685966
FTO	-0.2323616677486076	-0.00975407808875105
FTSJ1	0.3377814376522584	0.0041016799974113735
FTSJ3	0.2733405580439796	0.00011097626656585572
FUBP1	-0.5370281284366821	-0.0010917781851117747
FUBP3	0.6005105586710703	0.003565231186830144
FUCA1	-0.7589654658728112	-0.004186453509754427
FUCA2	0.3764929411208573	0.003481806719485688
FUNDC1	0.0883499591496822	0.0007467338547331139
FUNDC2	0.4402941320450132	0.001758975057519828
FUOM	2.5723180782214614	0.010947785740910541
FURIN	-0.6688716035676467	-0.015250941432945912
FUS	0.4703399255139986	0.015246539025461778
FUT1	0.2314743918290691	0.0011210304796281816
FUT2	-0.3720879612464175	-0.002235876559129723
FUT3	0.3294615847817238	0.002216617542411438
FUT4	0.9081008092269336	0.003081186045706986
FUT5	-0.3070002272801337	-0.0015221071268549029
FUT6	-0.016331364656584	-7.254392180454612e-05
FUT7	1.0817171112591988	0.0051305842587023795
FUT8	-1.0440637251727918	-0.01556490201487598
FUT9	0.394776015622152	0.001719249548034472
FUZ	-0.41327166148839	-0.013492906475934444
FXN	0.0085184149253223	0.00024663366733285657
FXR1	0.7907982504659298	0.07377831357546939
FXR2	0.1949728629262543	0.01823503197804086
FXYD1	-1.2899578608819429	-0.031874858742392806
FXYD2	0.2951786693436912	0.008203310399730521
FXYD3	0.0280936059418224	0.0003482202456488886
FXYD4	-0.1680313776036163	-0.0024630039329138075
FXYD5	0.4634234239600019	0.006070846853876025
FXYD6	0.0154283642610236	0.00039721866626431365
FXYD7	-0.0158213172730741	-0.0003996464743178518
FYB1	0.2416301027065006	0.014833430375049365
FYB2	0.3054551779459837	0.004942570234343963
FYCO1	-0.3068111623835292	-0.02519717352190972
FYN	0.639944073844672	0.05881406010669458
FYTTD1	-0.1761236649631445	-0.004388825607216598
FZD1	-0.039237228577164	-0.0011971278438892737
FZD10	-0.3977510071804126	-0.021752604831689587
FZD2	-0.1858252103244256	-0.004625375310185277
FZD3	-0.0799874935477797	-0.002604152827435064
FZD4	-0.0843471487509214	-0.002560863783226725
FZD5	-0.2903931482175966	-0.00890955218046408
FZD6	0.8780293912353607	0.02577016263275784
FZD7	0.6970126359582194	0.017566112451419043
FZD8	-1.1250077517647474	-0.046020692101440525
FZD9	0.3847108976039104	0.00989322544278216
FZR1	-1.013058276701842	-0.020848739334523907
G0S2	0.0815325125189427	0.00047019799969674254
G2E3	-0.0764814456690935	-0.00012550605234298243
G3BP1	0.7131748064069718	0.0026415994829314237
G3BP2	-0.6064944261379989	-0.12867870940484694
G6PC1	-0.2011579175072333	-0.0022099208817344647
G6PC2	-0.1746223552121441	-0.003358337135439955
G6PC3	0.8873217472755466	0.004814607800717116
G6PD	-0.0412286569709987	-0.00040123728964175934
GAA	0.6688336772873055	0.004713270923843642
GAB1	-1.5589852789240894	-0.10764013858331375
GAB2	0.7204379348900298	0.017786892174499944
GAB3	1.2615252068741631	0.028448654940219253
GAB4	-0.3471972624832119	-0.004801738140142821
GABARAP	-0.5361182332229051	-0.1395376370338584
GABARAPL1	-0.0483870462594413	-0.013598647093707122
GABARAPL2	0.1107684589471205	0.025182212225497318
GABBR1	-0.8350647901773922	-0.022661153211043894
GABBR2	-0.8434415610005088	-0.025122750335961157
GABPA	-1.1985430855428794	-0.03482966206587607
GABPB1	0.5098906633806656	0.013067477921119699
GABPB2	-0.515081949935075	-0.003476803162061756
GABRA1	-0.2809299546584238	-0.007719674224058827
GABRA2	1.1778147751162868	0.030365242717272988
GABRA3	-0.9800858118402912	-0.024927502538345966
GABRA4	0.2863771774825802	0.008395719712256803
GABRA5	0.3219646759125767	0.008356271198635017
GABRA6	-0.3468945603924974	-0.0076445154273694655
GABRB1	0.3231170841289766	0.008355484678491206
GABRB2	0.464811212525142	0.01698513132809374
GABRB3	-0.5803567106652148	-0.015364363558150896
GABRD	-0.7789503043593851	-0.019475315509593347
GABRE	0.1926035490349548	0.004711468016493065
GABRG1	0.3891444522576978	0.007317472280253749
GABRG2	-0.2784285981518976	-0.007116078111566199
GABRG3	0.3520029904472322	0.008250246090102229
GABRP	-0.4662021773996775	-0.011992118609251904
GABRQ	-0.587374675721768	-0.019135492185663763
GABRR1	-0.6004483420566799	-0.014596298747055831
GABRR2	-0.9358717015633444	-0.022743554091392396
GABRR3	0.0601311068120347	0.0015106737964387478
GAD1	-0.0483813819802819	-0.00046320335107921884
GAD2	-0.8151959668469113	-0.02022990311327295
GADD45A	0.7341763653277145	0.022204429992971397
GADD45B	0.306472472246309	0.29575451694691113
GADD45G	0.8509638328125236	0.8344730046964497
GADD45GIP1	0.2403394316503905	0.00012521684388985344
GADL1	0.1436404722290929	0.0010426861879109853
GAGE2B	0.4288283167988549	0.0002881726288888305
GAGE2C	-0.22976269804175	-0.000154400533084056
GAGE2E	-0.404559156461924	-0.00027226831229887485
GAGE6	-0.3049635377727439	-0.0002043255703077384
GAGE8	-0.1488486944505281	-0.0001001751713652054
GAK	-0.4443937080192172	-0.04025762600946089
GAL	1.5932122719817674	0.05896159976150125
GAL3ST1	0.0595928379829735	0.0003653040968356275
GAL3ST2	1.0138632399742222	0.00732617577205373
GAL3ST3	-0.0507289640629173	-0.00035672607529043445
GAL3ST4	-0.3691529768131416	-0.0036520303996124097
GALC	1.0201662542317107	0.06567830344743754
GALE	-0.1011053721585518	-0.00028117403997293255
GALK1	-0.0237452837281963	-0.00011381114490924488
GALK2	0.2339582637658329	0.007152805998112809
GALM	0.9023804007492464	0.007158583719143773
GALNS	-0.0262869979191512	-0.00018989727296794828
GALNT1	0.5656185427338165	0.014461169282075486
GALNT10	0.0915318343342111	0.0016028139510263703
GALNT11	0.0746579195647385	0.002033308439345653
GALNT12	-0.0766110725367676	-0.0018057995907641493
GALNT13	0.2538952672997653	0.00736702507596999
GALNT14	-0.0036765284163132	-0.00011929231752411439
GALNT15	-0.5211802184377488	-0.028818660178515317
GALNT16	0.7824617922188011	0.02003728157513906
GALNT17	-0.099455137289439	-0.0025566932142996085
GALNT18	0.3125077272842914	0.0077105031552853216
GALNT2	1.7623114603862684	0.045538128136381174
GALNT3	-0.0240573286163837	-0.000789994557104808
GALNT4	0.149755449154006	0.005469069003104298
GALNT5	0.0260118950200995	0.0009523214885808627
GALNT6	0.1717847344355387	0.004564148609217828
GALNT7	0.3674792484814986	0.01227748169176687
GALNT8	-0.4980594186798274	-0.013779809936614784
GALNT9	-0.2933304848033683	-0.007135850703811541
GALNTL5	0.2578248887418525	0.009193004232979493
GALNTL6	-0.0545151162700055	-0.0013419441021024553
GALP	0.0441394384905654	0.0014790684443803557
GALR1	0.6825580489993384	0.02364722360758208
GALR2	-0.2576564710246402	-0.00808087990074579
GALT	-0.4219293312047244	-0.03400581637777597
GAMT	1.120714610142901	0.005565468753969647
GAN	1.0507173724573586	0.03076605538292392
GANAB	0.3917564338178907	0.008076450639589635
GANC	0.6569472618559443	0.005570912780538407
GAP43	-0.2632213677393124	-0.0009849743580805069
GAPDH	-0.1586572347666042	-0.01558823197305363
GAPDHS	-0.4169998711504712	-0.009399177095731622
GAPT	-0.1224302980336746	-0.002784677128775929
GAPVD1	0.3636200313887811	0.010575888612942697
GAR1	-0.5371786730894006	-0.0004990389873000532
GAREM1	-0.1146608708719847	-0.0005493402323476787
GARIN1A	-0.5563957238568886	-0.0017359546584334925
GARIN1B	-0.3851123209179593	-0.0015500770916947863
GARIN2	0.0249212542111512	6.222837176524455e-05
GARIN3	-0.527348411377591	-0.0006096147635524952
GARIN4	0.4533811538563351	0.002463219808901469
GARIN5A	0.5729252853296747	0.0010811100134170961
GARIN6	-0.2413472336361031	-0.0003666064478932406
GARNL3	0.4638905380920215	0.03773842305486213
GARRE1	0.9051362678292348	0.022385830175952637
GARS1	-0.945121018730736	-0.006081853755532286
GART	-0.5246953500302615	-0.0019817743370642974
GAS1	0.9591953925063028	0.039264663392245505
GAS2	0.9230230242364372	0.01935025468009267
GAS2L1	0.3623798389456538	0.0013614610549188212
GAS2L2	0.4270035256523364	0.0018596003542159251
GAS2L3	-0.178534904286566	-0.00452103938124871
GAS6	0.7536861808885592	0.010244102570637298
GAS7	0.8155112698315221	0.03920978185349958
GASK1B	1.0144865603361033	0.009655883081279031
GAST	0.4939702615619136	0.016558377137816906
GATA1	-0.2800919121962842	-0.00910802880079877
GATA2	-0.0305015284298446	-0.0008366874263590672
GATA3	0.3591928187781423	0.011502431635732452
GATA4	-0.0261972085172774	-0.0006514983786161716
GATA5	0.0130231095261316	0.000373177203471301
GATA6	0.0999678418596067	0.0029068649055936434
GATAD1	-0.1875705260948448	-0.002010005757632357
GATAD2A	1.712891185096835	0.03877643064822214
GATAD2B	0.4133851526756136	0.012021653624959518
GATB	0.2285800386042655	0.0008521463839167018
GATC	1.7793132051643776	0.05858566659324229
GATD1	0.3005653400081397	0.0016038166542834335
GATD3	0.001348757621142	1.6891840447182407e-05
GATM	-0.6070283718163801	-0.0021500944929736185
GBA1	-0.052271062496069	-0.000595367401830226
GBA2	0.7405669304609661	0.0014989074672529955
GBA3	-0.2852462687429159	-0.0009473028584952238
GBE1	0.1097207655131696	0.003311811586249511
GBF1	-0.1907807838208735	-0.007260353509087161
GBGT1	0.3504230843358721	0.0025458237077001108
GBP1	-0.52347857671257	-0.007581540226528152
GBP2	-0.1435854307225113	-0.001766675139609779
GBP3	0.2887280129616633	0.004224957013668019
GBP4	-0.2926764257373454	-0.0014730404507360595
GBP5	-0.0820452085772088	-0.00029495252483506567
GBP6	-0.287820135183405	-0.0031545086816101185
GBP7	-0.3030712012452233	-0.0008007141136898799
GBX2	0.1777517351912023	0.001326738951467134
GC	-0.8744973202440426	-0.004180971688086768
GCA	0.9551090160459448	0.022955090091648235
GCAT	-0.0090159639509735	-5.636780662148632e-05
GCC1	-0.0955542785944608	-0.003412243288608195
GCC2	0.151302829954075	0.010487858263926618
GCDH	-0.6028134986787301	-0.0032485619443796765
GCFC2	0.4053253180859431	0.02427493330016713
GCG	0.6483487962497585	0.022489274695515375
GCGR	1.3060577029611702	0.03822700290797049
GCH1	-0.796500034224919	-0.024491579552382032
GCHFR	0.2747260933654593	0.012493993274074357
GCK	0.2701386606043957	0.02214920906027561
GCKR	0.4266673181539085	0.003994886099875045
GCLC	-1.0043443403508003	-0.08337363672554099
GCLM	0.3302798987237856	0.002954023414185539
GCM1	-0.5252967918315122	-0.014229239497132003
GCM2	-0.8040583393372721	-0.0005604286625180787
GCN1	0.4101213461646719	0.003613169059710759
GCNA	0.0796893190981672	0.0003593988291327341
GCNT1	-0.3472909913579944	-0.006307151694052536
GCNT2	-0.2854964479741882	-0.0033839893978380533
GCNT3	-0.2104753477519609	-0.0033941254578481214
GCNT4	0.1614021816070405	0.0010426580931814815
GCNT7	0.5858392690533383	0.01158438570626071
GCOM1	-0.3712025146660317	-0.0024395429263851603
GCSAM	0.6070044156330947	0.006219367242576689
GCSAML	0.2991585284932779	0.0022505696098549296
GCSH	-0.0696499034243419	-0.0005022454535929294
GDA	-0.7202111480824773	-0.002597081399985413
GDAP1	-0.0531289661999754	-0.0002101250613209027
GDAP1L1	-0.8028698458347161	-0.003127178049526219
GDAP2	0.1438835758497185	0.00047352084812142363
GDE1	-0.94138195546655	-0.08831857229796079
GDF10	-1.1966679111423175	-0.025851616884407486
GDF11	-0.1989112453849073	-0.005388306726231753
GDF15	0.513800581494922	0.014147499011462679
GDF2	-0.434420251280203	-0.011891819958544277
GDF3	-0.4312504257458174	-0.0028186527826746625
GDF5	0.0153135344863079	0.0002694110122176149
GDF6	-0.3939131257396661	-0.012464593037780252
GDF7	-0.6427088555290826	-0.017859593677442148
GDF9	0.4576487253778913	0.008559404110742701
GDI1	0.7544694423111427	0.14147660088330083
GDI2	-0.5087958535461894	-0.08712060520686046
GDNF	-0.2095015535349509	-0.006899305161013004
GDPD1	0.7406180877350338	0.003483126866617864
GDPD2	0.2349077137589517	0.00038289957342709126
GDPD3	0.1628414577774411	0.0010978771083355078
GDPD4	0.5048367814239557	0.0009829172134324417
GDPD5	0.3338016761523074	0.004082060697666567
GDPGP1	1.270948242366476	0.0008833090284447008
GEM	0.1745240291244354	0.0014497711099366848
GEMIN2	-0.3069483615692215	-0.08693053853165765
GEMIN4	-0.0327329901262098	-0.0021284299499666664
GEMIN5	0.1404593957680734	0.0045354338893510895
GEMIN6	-0.733967885844012	-0.0032881761285811733
GEMIN7	0.5931247322202867	0.022168036866733215
GEMIN8	-0.702936231084143	-0.6162613820465439
GEN1	0.0328475902015962	0.0006213121686631922
GET1	0.3608806686036175	0.014729705369725251
GET3	0.1799679939813021	0.17530394344928266
GET4	0.1195857236561525	0.012528398338836816
GFAP	0.2456622763423379	0.00970931014787822
GFER	1.931258092419807	0.07520125886073487
GFI1	0.1734996786046453	0.004800215607954721
GFI1B	-0.1489893608328402	-0.00011695664825377956
GFM1	0.5882713330445442	0.0007635761902918183
GFM2	0.7037299892806461	0.00032934563498334237
GFOD1	0.3001664316618476	0.0036431199810798443
GFOD2	0.581680757581239	0.004669733121862188
GFPT1	-0.1756294489163189	-0.0023801302917139536
GFPT2	-0.0912758933535975	-8.917654780646476e-05
GFRA1	-0.1385666267402515	-0.007580148749198718
GFRA2	-0.9781735085546436	-0.034254658096075065
GFRA3	-0.2603755069626493	-0.008685866536767017
GFRA4	-0.373066771460097	-0.01289020308748927
GFRAL	-0.7430303034931249	-0.02954585698810062
GFUS	2.2220616374193902	0.02798242220002238
GGA1	-0.4795850462786046	-0.046816133047624824
GGA2	0.3627114455239437	0.02816744543649842
GGA3	0.6610063320921304	0.022786210279879923
GGACT	0.035788534876883	0.0004948838602775381
GGCT	0.2749159284298937	0.001582690999970898
GGCX	0.1892062369637903	0.0014937832408291243
GGH	-0.4968213104473006	-0.0004491264646443597
GGN	-0.0409708072431793	-0.0010703213684208162
GGNBP2	0.6226852731272561	0.02010028061654783
GGPS1	-0.3200617005540963	-0.02036424575945493
GGT1	-0.7529685707432514	-0.003196351582805102
GGT5	-0.0192199271343438	-7.449643757271657e-05
GGT6	-0.1975835991809603	-0.0011588278091963322
GGT7	-0.1926445867946598	-0.0020582147653141454
GGTLC1	-0.60580912213988	-0.000490099579811163
GGTLC2	-0.2952064683190625	-0.0006819269418170343
GH2	-0.7015214369004479	-0.04615379685511737
GHDC	0.4596808230741318	0.002292428264670695
GHITM	0.4674015220488476	0.003969173725238814
GHR	-0.4904564735211502	-0.02683875914402438
GHRH	0.7291911973592791	0.02297171029040937
GHRHR	-0.5046996367904072	-0.015943966225845756
GHRL	0.6775960273353754	0.02577100970764633
GHSR	-1.110491543404874	-0.033128183722854206
GID4	0.2476654294683518	0.014923328118045006
GIGYF1	0.5804557807743537	0.0006588173111788914
GIGYF2	-0.0607078236557557	-0.0023286306997874775
GIMAP1	0.7469963794841076	0.0005445603606439145
GIMAP2	0.2228594565150607	0.00013616712793070208
GIMAP4	0.2581823158491225	0.000193894919202691
GIMAP5	-0.6661637141129733	-0.0009506156200392129
GIMAP6	1.0297353760884838	0.0010142893454471564
GIMAP7	0.2749967164208161	0.00023347221224127287
GIMAP8	-0.3658838137879268	-0.0006578590971906923
GIN1	-0.068996671948985	-7.762125594260811e-05
GINM1	-0.6108460975345382	-0.000927264376057429
GINS1	-0.4037283630171278	-0.02628917608622329
GINS2	0.2312357778889164	0.032254384950391284
GINS3	0.123906779629852	0.0035059423296266625
GINS4	-0.7444810431675121	-0.0017480414893573182
GIP	-0.2807843757162097	-0.00877170389737439
GIPC1	-0.5244431469399891	-0.015736441067081313
GIPC2	1.08015568870744	0.007495200323940926
GIPC3	0.6072119267428966	0.010516910571186968
GIPR	0.0321441724595964	0.0010967591643214292
GIT1	0.208679715104018	0.006311726663036128
GIT2	-0.3034301557234101	-0.012965570554061312
GJA1	-0.0607290360873148	-0.004616378407213322
GJA10	-0.1890432331134764	-0.001421037983314002
GJA3	-1.0234716677702578	-0.010985944881845948
GJA4	-0.1122342253575593	-0.0024422167437804904
GJA5	1.143348484491557	0.010134640966533161
GJA8	0.4002074858400933	0.004409085871500309
GJA9	0.7122545239275274	0.004814128327226158
GJB1	1.2797680869964974	0.017654400760116682
GJB2	0.1001141140246694	0.000927557266438562
GJB3	-0.0203084004280211	-0.00011872290890221134
GJB4	0.6512384069290791	0.0035420856952872613
GJB5	-0.520829341239298	-0.0035708059635366275
GJB6	0.6172774375197643	0.004737604332964191
GJB7	-0.2131733274798249	-0.0012579358054584466
GJC1	0.7638096970907575	0.019876619747392785
GJC2	-0.2404512664306789	-0.002465346834713751
GJC3	-0.068866540554664	-0.0004387487298737643
GJD2	-0.4081648212486342	-0.0030542973574035296
GJD3	-0.4246174210959001	-0.003841513808654608
GJD4	-0.346773177683198	-0.0025331780629757614
GK	-0.0590434241826776	-9.092687324132349e-05
GK2	0.3992901879891393	0.0006149068895032744
GK5	1.086539053208857	0.0007268946265967253
GKAP1	0.2850719080699655	0.0004278929340130182
GKN1	-0.7134932879227815	-0.0017373561560919731
GKN2	-0.2809829168213716	-0.006608999186555482
GLA	0.0229583394263656	0.000816857716790088
GLB1	0.006745865304684	0.0004367070822293281
GLB1L	0.5193876318651163	0.0024239820779144976
GLB1L2	0.8016905264436103	0.005178920800825722
GLB1L3	-0.8217308875151559	-0.0039122607554596565
GLCCI1	-0.1444223328242414	-0.003530837192887054
GLCE	-0.5975434173867069	-0.01136288562502562
GLDC	0.2464316095835317	0.0007802024759414613
GLDN	0.4813412071695262	0.0042617950482789855
GLE1	-0.0051682177490441	-0.0001535684221950964
GLG1	-1.0122286460926218	-0.037015177130315
GLI1	0.3258145861366603	0.009618372397340348
GLI2	-0.1823614125680976	-0.005158457277313777
GLI3	0.4976396323671459	0.014653496614682978
GLI4	0.3464788647146438	0.00019887886834620553
GLIPR1	0.3972334280801648	0.0021402937104959283
GLIPR1L1	-0.6968652320617019	-0.0032794477820823694
GLIPR1L2	-1.2661546950959053	-0.006594133652059474
GLIPR2	0.369984324788482	0.0004610004686864485
GLIS1	1.0820674731144906	0.017945006974130713
GLIS2	-0.3408913860418849	-0.009278040853901982
GLIS3	-0.1673601096744171	-0.004177308337473451
GLMN	1.5134291486628784	0.11925973034378347
GLMP	0.187547292874999	0.006304589797285967
GLO1	0.276771714374657	0.0022894556213071625
GLOD4	0.2659592511856908	0.009851130663917986
GLP1R	0.1429765224978398	0.00432732742991962
GLP2R	0.0237183055005599	0.0007442329899965686
GLRA1	0.1269489297788675	0.002851146013903585
GLRA2	-0.3602041819571989	-0.00701857848543602
GLRA3	-1.1287975747180126	-0.0248662817734631
GLRB	-0.1018653969458072	-0.002669280861567932
GLRX	-0.2001384360534723	-0.004885579362501312
GLRX2	-0.3726440892619721	-0.024022873858362295
GLRX3	1.196519182700091	0.23696224849947412
GLRX5	0.2235439469149967	0.004081241838827095
GLS	0.6372672587983789	0.009135226154874762
GLS2	0.9722999839821802	0.019090137885506123
GLT1D1	-0.692242181802467	-0.0009206821017972811
GLT6D1	-0.1913976140782102	-0.001398542366069482
GLT8D1	0.7886705497059283	0.004481226063429085
GLT8D2	0.1211149299806233	0.001024995652426015
GLTP	-0.1498262992895185	-0.002667057953652719
GLTPD2	-0.3206761771864299	-0.002140834158896606
GLUD1	0.3805998921714317	0.0014470407900357832
GLUD2	-0.3348190950146053	-0.0022339130019374464
GLUL	-0.1629427296463573	-0.004407437894204319
GLYAT	0.3101369702502018	0.0006311287344591607
GLYATL1	-0.3889336625962655	-0.0032876562499262324
GLYATL2	-0.3754912286074741	-0.0016243750549559328
GLYCTK	-0.1456501039525227	-0.0029296061909010415
GLYR1	-0.1399511932773214	-0.003978952376067524
GM2A	-0.3978985372932289	-0.02422207345772531
GMCL1	0.1079178244330138	0.0021134626736961423
GMDS	-0.4475984453541993	-0.0015545094007151342
GMEB1	-0.3740665036938679	-0.007589435293444887
GMEB2	-0.181829788951482	-0.0004007528548490663
GMFB	-0.3009459990291565	-0.004268918996228585
GMFG	-0.5520162995983435	-0.005044324945729663
GMIP	0.8309978373744846	0.03634535241324783
GML	1.1866174314005191	0.02960135844371735
GMNN	0.3763435855787701	0.01095197468392779
GMPPA	0.2903655051004186	0.0024704297173943615
GMPPB	0.1269850740359815	0.007075735310358925
GMPR	-0.3332286923294495	-0.008172766908072079
GMPR2	0.6299960087749474	0.025611857740736713
GMPS	-1.5833525382040152	-0.0253953913602542
GNA11	-0.8783711501432261	-0.0440485564373825
GNA12	-0.3758901564341643	-0.008372577344414574
GNA13	-0.4674202700762956	-0.017794222261534497
GNA14	0.3338202539293496	0.01775890368878747
GNA15	0.2819726458691625	0.010057682305507156
GNAI1	-0.2075229461061095	-0.006359748206367832
GNAI2	0.0235998306839023	0.0008283304571742869
GNAI3	1.5843327451946805	0.07614620039954674
GNAL	0.1729697530080299	0.00535912185744779
GNAO1	0.5237631005289642	0.035381768730033125
GNAQ	0.8941951188920272	0.02736058224785825
GNAS	-0.2020002321776418	-0.004921331656543887
GNAT1	0.1467771156048951	0.008516742132974037
GNAT2	0.0064288474102291	0.00037237169969528996
GNAZ	0.2859319010328632	0.010796788583000915
GNB1	-0.2089641998710039	-0.005299959001328272
GNB1L	0.2578083940077727	0.004078013176414949
GNB2	0.0969602338985201	0.0026900647292805416
GNB3	0.1439443534314498	0.003873398606486882
GNB4	-0.3036405843507425	-0.007698807016213075
GNB5	-0.3276889907678169	-0.00813094692792184
GNE	0.7440879763163939	0.02324828473202941
GNG10	-0.8191291557083591	-0.013296923584613794
GNG11	0.415757662262683	0.01460182485632769
GNG12	0.1354605660394554	0.0026027393158820954
GNG13	0.3011773953684546	0.013316859713611589
GNG2	0.4486231357366153	0.02107048281614161
GNG3	-0.7596732217783446	-0.025908655228750445
GNG4	0.5986206992940657	0.01840459339979605
GNG5	-0.6046190974265067	-0.013732108940750819
GNG7	0.2703874364851006	0.006732106393606035
GNG8	-0.1455837375854186	-0.0033296456623161086
GNGT1	-0.4461929247154901	-0.017691549464969182
GNGT2	0.0466333972183493	0.00223490556168939
GNL1	0.3303567854314976	0.00022332118695169237
GNL2	0.2122973340695768	0.00013565799647045958
GNL3	-0.583009572109297	-0.00032823438909753425
GNL3L	-0.5789027109067242	-0.003230277126859521
GNLY	-0.1107546632894998	-0.0006650817530534463
GNMT	-0.5323726457128076	-0.005547855340973168
GNPAT	-0.4501800022553947	-0.0013145256065857523
GNPDA1	-0.1769965813225864	-0.014129814083563393
GNPDA2	-0.0615571837517003	-0.006327586032204777
GNPNAT1	-0.1136082225336054	-0.001350347333034434
GNPTAB	0.2686237474901384	0.00747203816018569
GNPTG	-0.2239643880558623	-0.0021986583975444
GNRH1	0.702916440193852	0.0228321318103767
GNRH2	-0.6225701771168243	-0.016275852140365137
GNRHR	-0.6196410393409422	-0.022119945822392954
GNS	0.7712484370836976	0.0020492070973313846
GOLGA1	0.0477292714650683	0.0012440157314655403
GOLGA2	-0.0632063662314867	-0.0013065387963710616
GOLGA3	0.1414245047025312	0.0016345844253518559
GOLGA4	1.1081843142528038	0.035387649707034785
GOLGA5	-0.2835512006471948	-0.014008563516774012
GOLGA6A	-0.0179470066088881	-6.498611093078381e-05
GOLGA6B	0.0292520952052377	0.00010469324873954573
GOLGA6L9	0.0783358066050873	0.000722412808512115
GOLGA7	0.0206011334852355	0.0015537374874564616
GOLGA7B	0.1960188456193208	0.005331124544308667
GOLGA8A	-1.134792690534881	-0.005168980705386383
GOLGA8B	-0.6946320201522613	-0.004837417388340348
GOLGA8F	-0.2149415735757776	-0.0017036269121616134
GOLGA8G	0.416484700017008	0.0032439993284324752
GOLGB1	-0.3261538216003626	-0.028642828612943844
GOLIM4	-0.3159058179823048	-0.009386825475526207
GOLM1	-0.0019844309487987	-8.948592920512857e-05
GOLM2	-0.2185681883117957	-0.005936093426360059
GOLPH3	-0.3592167612492151	-0.06663255391116191
GOLPH3L	0.5315825251442294	0.018973243487447836
GOLT1A	0.17527069262771	0.0012803524096454215
GOLT1B	-0.7521562481917858	-0.004868707394545429
GON4L	3.622473393018367	0.18106933255002308
GON7	-1.2922172613445415	-0.0011888398804369782
GOPC	-0.8057877387271849	-0.027803705924781517
GORAB	0.2762230288540929	0.0022219380441023235
GORASP1	0.3362471694894378	0.011801603154740286
GORASP2	-0.0489852096101033	-0.0036048705604171125
GOSR1	-0.4502271074435305	-0.03234656653428045
GOSR2	-0.7090150462677619	-0.03905609382365967
GOT1	0.6522865103460408	0.002557615407066826
GOT1L1	-0.6229938375574466	-0.0020284679350870464
GOT2	-0.0350964255298639	-0.0002456749787090473
GP1BA	-0.2054770865578071	-0.012504719056648468
GP2	0.4716484893560789	0.015970017849596833
GP5	-0.3627810660707438	-0.01834293626266895
GP6	1.123174049549791	0.0481134067605644
GP9	0.4047802676372707	0.022456804468248142
GPA33	1.1608996748145728	0.08963654659145762
GPAA1	0.2863359195213056	0.008383629387664307
GPALPP1	0.1113754754799144	0.0016430110142796972
GPAM	-0.5545637660189614	-0.002693516211554096
GPANK1	-0.4097809212213094	-0.000336430136322695
GPAT2	0.2269527656456356	0.0017284722631571608
GPAT3	-0.2988488949162385	-0.0014918536834218625
GPAT4	-0.3071426388534084	-0.0013323847673460856
GPATCH1	-0.4643234362954548	-0.00023309036502031829
GPATCH11	0.1119046980175983	0.00035820693835433214
GPATCH2	0.2016001751455336	0.00566698092334095
GPATCH2L	0.5152172451756492	0.011750559710721031
GPATCH3	0.4711563090259337	0.00025630903211010795
GPATCH4	0.4901508008631036	0.0004416258715776563
GPATCH8	-0.5461718982914174	-0.0010011330895681682
GPBAR1	-0.8293800503737025	-0.02296055731454558
GPBP1	0.198090643425242	0.00026068728674761844
GPBP1L1	-0.5852102026885826	-0.013016245328199455
GPC1	-0.3705709410139827	-0.007841281111855874
GPC2	0.0471504416292407	0.0025877105374959883
GPC3	-0.0970888310238121	-0.00427540376296459
GPC4	0.1295754709940976	0.005319332235249695
GPC5	0.859620151672863	0.047650464247530146
GPC6	0.3366875685220022	0.014821996829044103
GPCPD1	-0.4061147510703751	-0.015615924408158063
GPD1	0.3421002639835709	0.0007970936150817203
GPD1L	0.4574081522726936	0.001336089212788538
GPD2	-0.7985985832379956	-0.004730898007101886
GPER1	0.4189376483067785	0.014582800599910652
GPHA2	0.6314438891609462	0.048193691952430895
GPHB5	0.6360855602752817	0.04659390337572466
GPHN	-0.5857852401163972	-0.06735768740526417
GPI	0.4036765242938689	0.010155693998185155
GPIHBP1	-0.2292930481571326	-0.003238305719123184
GPKOW	-2.161072296652123	-0.0013830862698573588
GPLD1	-0.5278641016948616	-0.00503582353016898
GPM6A	0.172346203509063	0.0013194825340653862
GPM6B	0.1493559954948804	0.0009906783181175417
GPN1	0.1113766711412108	0.00011482934794658834
GPN2	-0.1560870377819331	-0.0005562942026548096
GPN3	-0.1948621906421765	-0.02677737765147597
GPNMB	0.3735585440400919	0.015347279223343138
GPR101	0.6954749549394491	0.002455722065891195
GPR107	-0.1548915259879194	-0.0009999796917780075
GPR108	-1.4350897507494658	-0.00954047666298245
GPR119	0.042298587462628	0.0001445765719472625
GPR12	-0.2183445212289579	-0.0016915150059607369
GPR132	0.147276469859742	0.0004860123505371486
GPR135	0.6261121294586453	0.020128878849965986
GPR137	-0.894562117612266	-0.007793425168638061
GPR137B	-0.1922323409162868	-0.0014763443782370826
GPR139	-0.7298435042907315	-0.009091660532949642
GPR141	-0.5798748725286902	-0.002380966226602802
GPR142	0.0550696635797241	0.0013631944522524905
GPR143	0.6624561583203226	0.006725254919267914
GPR146	-0.4020285889136205	-0.00537110194788597
GPR148	1.398747485664834	0.004825678825543678
GPR149	-0.6587237711597438	-0.0025650703648960422
GPR15	-0.7695983986088577	-0.01970017980758954
GPR151	-0.1712185628773445	-0.0009113964101961047
GPR152	-0.8412328038018888	-0.009600148756987155
GPR153	-0.0100838478674686	-0.00013430676974681427
GPR155	0.1558611253075824	0.0017771285507570545
GPR156	1.0907985211077809	0.008737296154073324
GPR157	1.7159166051260244	0.01236489505653813
GPR158	-0.0650998510303957	-0.0015485301564600225
GPR15LG	0.5760779032345208	0.0034979450284400105
GPR160	-0.5305910873369053	-0.0027076063186802276
GPR161	0.3873930701522433	0.0037158743289003177
GPR162	-0.0634728216523735	-0.0006530718619812709
GPR17	-0.5942528126109845	-0.0070484326103788875
GPR171	-0.0901524305588205	-0.0005640837580065399
GPR173	-0.1645741847875768	-0.004140357340885857
GPR174	-0.4340031339978947	-0.004330049267896995
GPR176	-0.6889512974697621	-0.016262695376773734
GPR179	-0.2119936726643717	-0.0027652454662340643
GPR18	-0.6261432010804967	-0.004594638809528684
GPR180	0.5730427585024334	0.0031219369483212567
GPR183	0.2627489772458621	0.0014656137950774188
GPR19	0.6195878831671358	0.018792100496459227
GPR20	-0.2778364662297953	-0.0014258567446913096
GPR21	-0.2399491818898293	-0.0007920722494183266
GPR22	-1.0401306261083283	-0.026769841924150044
GPR26	-0.6838329965659957	-0.004042820675698167
GPR3	1.8801692027632733	0.00906993623413003
GPR31	-0.5473504931763218	-0.01587644840507239
GPR32	-0.857239911500845	-0.01303519009428185
GPR34	-0.0419724442113578	-0.0004451177708614494
GPR35	0.3648907457120273	0.0014062889339741531
GPR37	-1.2537757029201009	-0.03251291152812406
GPR37L1	-0.1892904991108028	-0.005761056340437284
GPR39	-0.1609032171647919	-0.0056467375031812065
GPR4	-0.8492306127664386	-0.03113619118646871
GPR42	0.8896951925293464	0.02221657865265031
GPR45	0.4315807864018384	0.013777353444305886
GPR50	0.4678941538791541	0.0042372494575296194
GPR52	0.7059921815081642	0.0024264951278435603
GPR55	0.9657129997108038	0.0056639067433038644
GPR6	-0.4473673726651567	-0.002378204953087973
GPR61	-0.1720893559208254	-0.005980621386316444
GPR62	-0.2637336864071208	-0.006769516262697977
GPR63	1.2023755346048792	0.04062105506109124
GPR65	-0.7301885888796342	-0.021880831254367118
GPR68	1.1679186041876242	0.012934698541377937
GPR75	-0.8368471586828619	-0.004036113846327443
GPR78	-0.7049622059043206	-0.002056374754622903
GPR82	-0.3281000489658912	-0.001212001580880002
GPR83	-0.8155514458876916	-0.026512761954362966
GPR84	-0.1158203006629808	-0.003969972445824993
GPR85	-0.0769589861866019	-0.0019833100330149175
GPR87	-0.4168632056462029	-0.0019300766421419193
GPR88	-0.5644377648532185	-0.003029337483967224
GPR89B	0.2530992562395165	0.0020452950896715327
GPRASP1	0.388463685967286	0.0010212710304079947
GPRASP2	-0.4725467339081458	-0.00026698890465810235
GPRASP3	-0.5997716530061965	-0.0004252381019813933
GPRC5A	-0.1214116930691492	-0.0006693426638902195
GPRC5B	0.0978383718105489	0.001698474134631129
GPRC5C	0.2140257732485592	0.0017768419695095385
GPRC5D	-1.0447434138465372	-0.005768028387846732
GPRC6A	-0.2147357894513663	-0.004278825340607925
GPRIN1	0.5835736150215133	0.004549539902707718
GPRIN2	0.1407577294626716	0.0005262931504609291
GPRIN3	-0.1363414497350352	-0.00044038288264416366
GPS1	-0.925024840223539	-0.11424889299116908
GPS2	-0.3378799848374891	-0.009392049938527684
GPSM1	-0.3483470009341643	-0.0016417594154027166
GPSM2	0.2503716252570651	0.001176746638708206
GPSM3	0.1131603172831412	0.0010037320143014624
GPT	0.0989603766486065	0.00032112642222472814
GPT2	-0.1173117814848141	-0.0003661300700141048
GPX1	-0.766576727631922	-0.0029214239090052546
GPX2	0.2379953643557875	0.0025336986489317135
GPX3	0.0483703504901534	0.0008208448478179032
GPX4	-0.4187945323337029	-0.005150335158639878
GPX5	-0.1526408577865173	-0.00268754758304721
GPX6	-0.5680439412411002	-0.007655528196106307
GPX7	0.0024220295800067	2.2142194420421252e-05
GPX8	0.0539785197266064	0.0004983296941160303
GRAMD1A	0.4838655304700638	0.00591428837893559
GRAMD1B	-0.4159944392953015	-0.00513337138090402
GRAMD1C	-0.075879601377328	-0.0002947163717495419
GRAMD2A	-0.6752716456010596	-0.0050334748463102975
GRAMD2B	-0.2104531800751717	-0.0032266681569125323
GRAMD4	-0.3348694523770653	-0.00677909719392131
GRAP	-0.5464788643617899	-0.038812021904703044
GRAP2	0.2721774789475153	0.01679607222585117
GRB10	0.3152660569892864	0.01622548288901061
GRB14	0.0814428890744385	0.0049534379563964245
GRB2	0.2787420360320111	0.014592981812383875
GRB7	-1.101763500131169	-0.10577811012059327
GREB1	0.6034379201753672	0.0015538526444515705
GREM1	0.1071037762771771	0.002959277338538403
GREM2	-0.2112355863685965	-0.008128345363463593
GRHL1	-0.0015429710628091	-3.4056457298322453e-05
GRHL2	0.0480180471806934	0.0005180667110325011
GRHL3	0.4088797513775227	0.005304805894371979
GRHPR	0.0482109693660268	0.00027268124273424756
GRIA1	0.6004224196011659	0.016290060666199233
GRIA2	1.1572003376298188	0.04364496793404624
GRIA3	0.9302323036344932	0.01856929724515175
GRIA4	-0.0426763092911048	-0.0013297084448922435
GRID1	-0.314059278227309	-0.00765833549957293
GRID2	-1.14849752200106	-0.04489017414493344
GRIK1	-0.3251290219997497	-0.00815553638784172
GRIK2	-1.0717224882057947	-0.044665106418464696
GRIK3	0.3659898664716257	0.010140115240462861
GRIK4	-0.8739872595750591	-0.02228230518286613
GRIK5	0.0890396439626083	0.004521076961845399
GRIN1	-1.1264146987029895	-0.03702525114636727
GRIN2A	0.1528457680410249	0.004188738273164287
GRIN2B	-0.2488619459733967	-0.00941842920730917
GRIN2C	-0.7621715798328603	-0.017553573655130605
GRIN2D	-0.0606874265673094	-0.0019317414750640253
GRIN3A	-0.2319096890851203	-0.009068596481984544
GRIN3B	-0.1340693168785325	-0.0019564735412084247
GRINA	0.3736168792868808	0.0010498634307961351
GRIP1	0.0855337043509478	0.004525844898321701
GRIP2	-0.0444777788737958	-0.003635079911797583
GRIPAP1	0.8947599796173433	0.10272381421994872
GRK1	0.7439120352508987	0.01806367203996232
GRK2	0.3685362795442078	0.01864056501934603
GRK3	1.0565985189478238	0.09220406975598183
GRK4	0.1109852963425852	0.0031524263573147896
GRK5	0.2279704768369715	0.003597602094964247
GRK6	-0.0310519449293711	-0.0005399001664869753
GRK7	-0.31113424857818	-0.008151717312748316
GRM1	-0.28017004235561	-0.020976611241206873
GRM2	-0.2338922302363952	-0.006154640146440503
GRM3	0.3649817127039327	0.01770489790155507
GRM4	0.4989812944808294	0.01472194411236239
GRM5	-0.0130792230842035	-0.0005254316289617072
GRM6	-0.2234408978667762	-0.007093578184576544
GRM7	-0.3322750316661185	-0.026073289459808652
GRM8	-0.2161911339231936	-0.014712887619142943
GRN	-0.0016241763682083	-4.74925411827789e-05
GRP	-0.5395344750700157	-0.016569103729400184
GRPEL1	1.2253644646624982	0.08627178513456318
GRPEL2	-0.3596016113285205	-0.030656396967367695
GRPR	1.11626448989518	0.03797196915276433
GRSF1	-0.1975986132959183	-0.00021162811483992847
GRTP1	0.9693521038716532	0.009801119122246285
GRWD1	0.8657389690361192	0.11003715444242883
GRXCR2	0.1861765993838301	0.00036416142839477164
GSAP	-1.476240838627204	-0.0975913293599672
GSC	0.7585576573242454	0.0022096784557855266
GSDMA	0.0005883073995528	1.0533055681593331e-05
GSDMB	-1.09205929998603	-0.013348240823729244
GSDMC	-0.0692727412676417	-0.0005169131953391424
GSDMD	-0.0346256616454636	-0.002503850844906764
GSDME	0.122553275648386	0.0005231799337429598
GSE1	0.0009972608267759	2.174626958867527e-05
GSG1	-0.1429342588648956	-0.0017876787756232494
GSG1L	0.946363797073866	0.00708447938489496
GSK3A	-0.1225202797938273	-0.00817492062868354
GSK3B	0.4989914276101185	0.01797367122251647
GSKIP	-0.0273298652799864	-0.0012934405341059165
GSN	0.1860765110551586	0.006600133847126476
GSPT1	-0.7251340600938172	-0.0004242034251548831
GSPT2	1.2402184751810637	0.0007329691188320087
GSR	-0.3481992248908127	-0.02617901052419086
GSS	0.2865979326964482	0.0008110721495309483
GSTA1	-0.4057285182058607	-0.0018566136993100185
GSTA2	0.3539644526720039	0.0016151397975423538
GSTA3	0.4489581133967038	0.004573985259285617
GSTA4	-0.1439958332987085	-0.0008888862789529275
GSTA5	0.1225715281453601	0.0006582091061405837
GSTCD	-0.4875888088240196	-0.0007440605222654539
GSTK1	-0.2381921285108031	-0.0009234708822363836
GSTM1	0.6748056851736282	0.005969331091045914
GSTM2	0.246750253235527	0.0019981835507012972
GSTM3	-0.3181023336251953	-0.0022187637770357373
GSTM5	-0.888854676369307	-0.005598006751773896
GSTO1	-0.5292781866424882	-0.008254622598876245
GSTO2	0.532587973631583	0.00806764262457122
GSTP1	-0.2230648122399807	-0.006610971840356308
GSTT1	0.1471008407297043	0.00071638109435366
GSTT2	-0.3361589664829758	-0.0013016075182220822
GSTT2B	0.2636223943141374	0.0010181096868411986
GSTZ1	0.0223332231278191	8.634024061214863e-05
GSX1	0.0287688878681244	0.00017551898488342695
GSX2	-0.4797026191765068	-0.006368531972187304
GTF2A1	0.2904806608816025	0.00016702638000692143
GTF2A1L	-0.7919082695670205	-0.024233976865289962
GTF2A2	0.7204356423759174	0.002051080273844237
GTF2B	1.5213964071883457	0.14019972171522044
GTF2E1	0.5518029460372003	0.0364217534531854
GTF2E2	-0.1647293845940527	-0.012948059087861731
GTF2F1	0.2429749247871376	0.005119724640189776
GTF2F2	-0.2795537068371598	-0.00017388240565271342
GTF2H1	0.4181350239687122	0.045970600805168155
GTF2H2	-0.1273671788447563	-0.021392846093122957
GTF2H2C_2	-0.6766669490511132	-0.10638625439676508
GTF2H3	-0.0468828980360193	-0.0003929255684398777
GTF2H4	0.2163277881606072	0.00012460480598050974
GTF2H5	0.4359396623615835	0.0005562590091733805
GTF2I	0.0605153434048728	0.0018206041063355983
GTF2IRD1	-0.8336819029594477	-0.013492307917495701
GTF2IRD2	0.287913970015795	0.005696089982792488
GTF2IRD2B	0.0383051241593775	0.0008483435847577335
GTF3A	-0.7569538880129488	-0.028911096798766567
GTF3C1	-0.1031295321580333	-0.00019182092981394195
GTF3C2	-0.2893901209970834	-0.009686466130014375
GTF3C3	-0.5640189695982653	-0.07200435371582334
GTF3C4	-0.3136350832413149	-0.011511034825122739
GTF3C5	0.2908426260882348	0.004497881212454551
GTF3C6	-0.0540241447696303	-0.00041247434531612733
GTPBP1	-1.8119260901852812	-0.0015328894722967479
GTPBP10	-0.1814010133366863	-0.00047581485798212813
GTPBP2	-0.2747788540878279	-0.00017118722609671676
GTPBP3	0.9200166798624184	0.002493245202427154
GTPBP4	-1.6313837454721116	-0.0010473483645930955
GTPBP6	-0.0747236348847998	-3.190699209580952e-05
GTPBP8	0.0433648037771632	2.1162024243255642e-05
GTSE1	-0.4502265680626751	-0.010439403433669246
GTSF1	0.3433881187366907	0.004911480262290886
GTSF1L	-0.5976450042960747	-0.004456041152031533
GUCA1A	-1.0365166787951927	-0.004725479538627283
GUCA1B	0.2416709976562304	0.0016365959961279924
GUCA1C	-0.811535649848773	-0.007888938052179923
GUCA2A	1.1254104255221904	0.006431720581859318
GUCA2B	0.4715743502419949	0.0022116837026349557
GUCD1	0.2444613286451418	0.0012320850963715147
GUCY1A1	-0.2445972923053438	-0.02248240471953798
GUCY1A2	0.0131206344003381	0.001271350111489561
GUCY1B1	-0.4874626992791013	-0.019276712442992058
GUCY2C	0.4311884841827391	0.014175321417507549
GUCY2D	-0.1344808559393332	-0.0033912037442221654
GUCY2F	0.4759684910735887	0.018099653810055356
GUF1	-0.2558111373388169	-0.000106161621995609
GUK1	-0.5206914132262328	-0.021966408649775084
GULP1	1.6851174837705425	0.036238451488485514
GUSB	-0.5678437217073091	-0.010745874589589118
GXYLT2	-0.6212573886120586	-0.00350078538482895
GYG1	-0.4479949779052801	-0.011132675200946211
GYG2	-0.1296059045493664	-0.0008316810894932842
GYPA	-0.173706300256735	-0.0010368529062324513
GYPB	0.0733354673522807	0.0011352330346133053
GYPC	-0.9002901165390524	-0.0041152261227000095
GYS1	-0.2954012819540177	-0.008125012260145257
GYS2	0.6388275842177102	0.0339683791356083
GZF1	0.2019862419442662	0.0004253830255346246
GZMA	0.3444662312375825	0.018879160735438185
GZMB	0.181481160020853	0.007047820849409826
GZMH	0.2997147845270007	0.006458254176987811
GZMK	0.4282887624970874	0.006045295882646389
GZMM	0.4409401106386609	0.01190670580757576
H1-0	-0.9181078638042184	-0.02521399626365525
H1-1	0.2394114983022046	0.004406368626252076
H1-10	0.6500057424012803	0.014667379577284891
H1-2	0.0633967317151078	0.0015039606664775025
H1-3	1.0308293845221002	0.020695961553050205
H1-4	-0.0834103486202189	-0.002445174369801717
H1-5	0.0508047742008933	0.0012687984308931092
H1-6	1.0636680624155097	0.0006339461651996437
H1-7	-0.8669766369151406	-0.0006415627113172041
H1-8	-0.4834833914638248	-0.014525775013139152
H2AB1	-0.1470547480631353	-0.004246499959819158
H2AB2	0.0671707763952352	0.002064023617072787
H2AB3	-0.4928009164924636	-0.01514278656198042
H2AC1	0.7697830913203423	0.01679666705260987
H2AC11	-0.442340788453302	-0.008543369988187076
H2AC12	0.0814526753546829	0.0016661144743800387
H2AC17	-0.1339461064546928	-0.0025870351000659366
H2AC21	0.3219579612067217	0.007415657720474421
H2AC4	0.4038056378414295	0.00867212987828254
H2AC6	-0.5531180664638371	-0.012620494922505372
H2AC7	-0.0707393264736757	-0.001418535713776619
H2AC8	-0.5105576938426561	-0.010964737032964883
H2AJ	0.9444319705646216	0.023133861118980404
H2AX	-0.2834711462889439	-0.007687454016209869
H2AZ1	0.0178057375751151	0.0006506394567322809
H2BC1	-0.4599079193280135	-0.05361284587982452
H2BC10	0.0395538048448954	0.0012601842223583675
H2BC12	-0.5880612429241883	-0.017930575358001424
H2BC17	2.7113034384273274	0.08629807714170341
H2BC18	-0.3004908208956853	-0.009586859149855945
H2BC21	0.6119688023983306	0.019625227524112065
H2BC3	0.1642165337260579	0.0050049915149027934
H2BC5	-0.9899185842188418	-0.030398419884192195
H2BC8	1.4104531902001285	0.04493703863977609
H2BW1	0.2043642867499831	0.005594472349780787
H3-3A	0.9544336520708838	0.029827960494519263
H3-3B	-0.6249493551214017	-0.019530917246254047
H3-4	0.1798856230471455	0.005604696357279912
H3-5	0.3731072802330377	0.011177921008501577
H3C1	0.6430833008976939	0.020387026805058692
H3C10	0.3775733171538753	0.011969829300412156
H3C11	0.7208760831107115	0.022853213586775778
H3C12	0.3144190171769561	0.009967711682543862
H3C2	-0.943857698181674	-0.02992217674775543
H3C3	1.2439191913857002	0.03943472620530947
H3C4	-0.2362746235521163	-0.007490378115849191
H3C6	0.4152450796354334	0.01316409951460251
H4C11	0.3540229017291814	0.013776093174987637
H4C12	1.751383857881894	0.06815160006175815
H4C13	0.1654751262188051	0.006439133586552364
H4C14	-0.2312987592408666	-0.009000528618339842
H4C15	0.2996713137406171	0.011661109831588634
H4C16	-0.0275429446242629	-0.0010717786041639424
H4C2	-0.2859698652924139	-0.011127945368123704
H4C3	0.2766956665864146	0.010767058473877152
H4C4	0.6103831025691235	0.023751837670272308
H4C5	0.3393133208899467	0.013203699255790497
H4C6	-0.1323160789687052	-0.005148815580909226
H4C7	0.387840025453972	0.006209318807518092
H4C8	-0.3193901621373424	-0.012428429379250405
H6PD	-0.8805116460068083	-0.0033600324411619804
HAAO	0.5455552588335624	0.0032416893479890276
HABP2	0.5304557972116754	0.008665525903249928
HABP4	-0.0593600400114694	-4.624147116893466e-05
HACD1	0.7889395454157119	0.0034358317202854254
HACD2	-1.2165282705168987	-0.034570083863278714
HACD3	0.0517559611320923	0.00029267996020198195
HACD4	1.06604778408574	0.004817469936283459
HACE1	0.8327741118437688	0.027292505967455832
HACL1	0.983856284205506	0.016633074340778285
HACL2	-0.768024031784868	-0.003671922895963454
HADH	-0.7353081406273381	-0.002647109306258417
HADHA	-0.0157957310352958	-0.0002235253898804709
HADHB	-0.989461011478844	-0.04332058200456675
HAGH	-0.2842532525188486	-0.046022875608821734
HAGHL	1.2839299046360728	0.022911729148230718
HAL	0.0252678299693375	0.000276935416463939
HAMP	-0.3097143886791163	-0.007880682619940115
HAND1	-0.0984876000373465	-0.0030890635751713727
HAND2	0.1223449186630615	0.0037266262224768536
HAO1	-0.7759321650228881	-0.002262618193206742
HAO2	0.2931813656093904	0.0008801304595593899
HAP1	-0.0750988629840235	-0.004618429875791477
HAPLN1	-0.2882087948539907	-0.002453233261797169
HAPLN2	-0.2756617386643051	-0.002720505698878027
HAPLN3	-0.2656191772274424	-0.0031571495405253803
HAPLN4	0.842739889736364	0.02092775968182313
HAPSTR1	-0.8041103913927994	-0.00857985787616117
HARBI1	0.3626145323867037	0.00035826315799806325
HARS1	-0.0671664858261221	-0.001042356693535589
HARS2	0.9277003361285504	0.001710679419821047
HAS1	-0.5804104239903218	-0.0024307588556714676
HAS2	0.9684186637496052	0.004872114297324264
HASPIN	-0.065033041639916	-0.0009572863729395635
HAT1	-0.2812842559969291	-0.00869505892137707
HAUS1	0.681270294767657	0.17111329739620287
HAUS2	0.2104358435586162	0.017288567163401672
HAUS3	-0.4996512525616157	-0.10107994804446742
HAUS4	0.1962548731118664	0.026224361164700033
HAUS6	-0.0293332698837285	-0.0009470832847359421
HAUS7	-0.0497931660809878	-0.01024549164599013
HAUS8	0.2742264763916512	0.0408048996870777
HAVCR1	1.1202063632576131	0.04178929838132526
HAVCR2	0.0131624820271382	0.001575220036597764
HAX1	-0.5356522014259023	-0.039202242013556085
HBA1	-0.133432456206659	-0.0016849850569776899
HBB	-1.2414133378065175	-0.002014813847259978
HBD	-1.0077662257877298	-0.0016063793639056413
HBE1	0.7996437742656556	0.0016904469387975958
HBEGF	0.3621321219686902	0.014669610128829672
HBG1	-1.0063535381115127	-0.001468269812104697
HBG2	-0.1777471169980427	-0.00047760650337374074
HBM	0.3717899494616848	0.0036416825549772025
HBP1	-0.140378066559943	-0.0037017696151856972
HBQ1	1.3483716517557256	0.016502720645838326
HBS1L	-0.0804530246564252	-4.264010306790536e-05
HBZ	-0.6433405768795879	-0.019210792966201373
HCAR1	0.4264747689216571	0.004545368087167022
HCAR2	0.0338114673398303	0.0010203624613813987
HCAR3	0.047211608542117	0.0014508127304992554
HCCS	-0.4616881204715929	-0.007781291582428227
HCFC1	-0.3570656734109327	-0.005903723844176361
HCFC1R1	-0.6002034423256959	-0.0008498880743331854
HCFC2	-0.2928479824059098	-0.009722553015876207
HCK	0.1052448522790936	0.0030486276359685044
HCLS1	0.4981957006807196	0.05686953742840482
HCN1	0.0962488950895993	0.0015310311741902562
HCN2	1.441423493323876	0.03560604313208639
HCN3	-0.4681369251238397	-0.004860665693560828
HCN4	0.7356472053931101	0.01671831838976382
HCRT	-0.5227065535297382	-0.017477739030373855
HCRTR1	-0.2541768041180553	-0.00934938538587443
HCRTR2	0.6680735228661445	0.020733661782150796
HCST	0.695656564353156	0.0395884237642094
HDAC1	-0.3277669493254881	-0.02040840909975152
HDAC10	-0.3541654121079325	-0.02275123190840148
HDAC11	0.6038258588215258	0.01767337906184724
HDAC2	0.7100479199354606	0.042122882802251266
HDAC3	-1.2819721571191622	-0.10303979410060979
HDAC4	0.4669667133477692	0.011778301410770782
HDAC5	0.1562621460891416	0.00457832461826576
HDAC6	-0.5232988495488959	-0.015036992441787526
HDAC7	-0.6281851973109168	-0.01818219235096718
HDAC8	1.4708629904683006	0.0067556737152209044
HDAC9	-1.4950739182229338	-0.0403729760876921
HDC	0.677022639958927	0.0019301915465229007
HDDC2	0.1669024302085887	0.0006729505986010296
HDDC3	-0.2170691667762115	-0.0011148672405626222
HDGF	1.1463156322294572	0.021990919088689907
HDGFL1	0.8514556929577803	0.0007007480353042532
HDGFL2	0.5838261073661476	0.00771993261770257
HDGFL3	0.027893020803355	0.00013450014631377781
HDHD2	0.4397721164657017	0.004162443082347866
HDHD3	-0.7623871109762204	-0.0028597140532718025
HDHD5	0.8233501576732001	0.0009163887254902718
HDLBP	0.6614976542653028	0.2211657872247156
HDX	-0.279093506581829	-0.00014736137147520573
HEATR1	0.4925338211881245	0.026354499704134164
HEATR3	-0.2883682326507427	-0.01198256517133631
HEATR4	1.5736029310235358	0.001885176311366196
HEATR5B	0.3962403571366947	0.10491652176265402
HEATR6	-0.3122245675695912	-0.011680633297345977
HEATR9	-0.3158695047361262	-0.000570460325553444
HEBP1	-0.1169502431666321	-0.0007988871110712639
HEBP2	0.5481978073300721	0.0005843788626138568
HECA	-0.0657456724698098	-0.0009969673773321957
HECTD1	-1.17806296502472	-0.06367076907069104
HECTD2	-1.4098680463089155	-0.040963716085505544
HECTD3	-0.3355573984603323	-0.008921800110263315
HECTD4	-0.1314961399725476	-0.008199047319568288
HECW1	1.4107436463884655	0.0432477572236848
HECW2	-0.5677051449549656	-0.053612938479257036
HELB	-0.3992620364979968	-0.0691006799187448
HELLS	0.2737598572822435	0.019082704611716066
HELQ	-0.204897966898724	-0.008286688475285095
HELT	1.298142979554744	0.013791471014789598
HELZ	-0.503027156995651	-0.023862602273559696
HELZ2	0.0205731740010658	0.0009008992895066714
HEMGN	-0.1549043743907114	-0.001761107832447998
HEMK1	-0.7515450053906552	-0.0007244893851965916
HEMK2	-0.4099306211267853	-0.00021603343733381586
HENMT1	-0.0930390188057944	-0.0006461559856062422
HEPACAM	0.5821552611620329	0.0178523732387949
HEPACAM2	0.401554353089967	0.009102835630196463
HEPH	1.0196604605528885	0.012882390258625193
HEPN1	-0.7486791158032553	-0.00039829728960733186
HERC1	-0.2363951479443581	-0.007473396207112937
HERC2	-0.7864229569378334	-0.06696706047508426
HERC3	-0.4270348003467916	-0.016726099059983134
HERC4	-0.3724895978604957	-0.014396350467710298
HERC5	-0.1676216136601335	-0.005710868377400749
HERC6	-1.115192903258046	-0.03774704938947835
HERPUD1	0.9113228440565936	0.007540285211724255
HERPUD2	-0.1868717857438607	-0.0033154792226675767
HES1	0.2626202007666841	0.01248496434444816
HES2	-0.3072736455930407	-0.003195645914167623
HES3	-0.5096215890583091	-0.005854532815101855
HES4	-1.1886082065728614	-0.022773733237936022
HES5	0.0976168121338269	0.0028918004426524884
HES6	-0.1613491802294612	-0.004295760574429175
HES7	0.0445677383857894	0.0006942762285738274
HESX1	-0.3541400461260872	-0.0008170010864128832
HEXA	0.1462423325611292	0.0005102394983057798
HEXB	-0.0676908595291208	-9.077344262855098e-05
HEXD	-0.2916122081820669	-0.004840471043614129
HEXIM1	0.8950118449231494	0.024845528815066627
HEXIM2	-0.1693705663936567	-0.004893793145378317
HEY1	-0.1728204652383116	-0.005273098035351364
HEY2	0.6390981957746181	0.01853320857926815
HEYL	0.009999475787692	0.000191969936172111
HFM1	0.5089316289352526	0.17021269222902416
HGD	0.4054596755788388	0.0007736170610044244
HGF	-1.113733578284757	-0.028869088082719187
HGFAC	-0.2189116784041479	-0.002144020978290225
HGH1	-0.4335578384761742	-0.025996127995031405
HGS	-0.0525354002209743	-0.006393295529891467
HHAT	-0.3027485313583328	-0.009220206522518025
HHATL	-0.2446478751047198	-0.0015924130190566213
HHEX	0.0319885017743762	0.0007122559805082605
HHIP	-0.8615699641624996	-0.013206144410682795
HHIPL1	-0.3770448980752742	-0.0020409440332814595
HHIPL2	-0.6451869106267745	-0.0032478709080951827
HHLA2	0.5511046759155783	0.05517384462928812
HIBADH	-1.1940980949618454	-0.0358623480859891
HIBCH	-0.3415183188139636	-0.00042723941683626846
HIC1	-0.3916871271451049	-0.01102951781327901
HIC2	-0.5663937491371737	-0.01377129761652124
HID1	0.2225310432117422	0.006257127873027767
HIF1A	0.2640762256730929	0.007850193960584033
HIF1AN	0.2677373902748985	0.002494777002581504
HIF3A	-3.98390310346608e-05	-1.3305439584956013e-06
HIGD1A	0.2179451909359225	0.010033978645498935
HIGD1B	-0.1577407312182978	-0.003851397693425959
HIGD2A	-0.3624321548127832	-0.014414651661214013
HIKESHI	0.2731086577954352	0.011193358339745912
HILPDA	1.0469108626852992	0.0010521454169987257
HINFP	1.292076302446001	0.0023477026415443837
HINT1	0.1686317882245816	0.0012330356354981406
HINT2	-0.3601297375027722	-0.009689290587512086
HIP1	0.0441714839089884	0.0018899211105299777
HIP1R	-0.8712976427378295	-0.029903806396405046
HIPK1	-0.6498023547297961	-0.02042393781151222
HIPK2	-0.1166816802997937	-0.002747503526019242
HIPK3	-1.3090541724420903	-0.05386496108764713
HIPK4	-0.0792220867864919	-0.0017184855065725821
HIRA	0.6462362284337444	0.09020294523723892
HIRIP3	0.108190043084197	0.0001726713087623784
HIVEP1	-0.3264336753219085	-0.003916224802836936
HIVEP2	0.0918013110591677	0.0010327647494156366
HIVEP3	-0.653393953401375	-0.017603086498586443
HJURP	0.0997637568475757	0.00456409211201974
HJV	1.0028349780667594	0.02481013735737163
HK1	-0.4381430311337529	-0.012477437240627016
HK2	0.249241464358529	0.006219073018674016
HK3	-0.0519985843749062	-0.0002747605198370043
HKDC1	-0.4301912230296599	-0.01764171186522332
HLA-A	-0.0530352610166948	-0.0014928895623589418
HLA-B	-0.3269285881909101	-0.011047243923559043
HLA-C	0.6539058210590237	0.03052824716196158
HLA-DMA	0.0177190068953811	0.0005608951632732888
HLA-DMB	-0.1224727949544446	-0.005627135036976912
HLA-DOA	0.7740936841262721	0.021369630243989867
HLA-DOB	-1.0883832477644693	-0.028821476784050913
HLA-DPA1	1.5854324980972865	0.04310156789327283
HLA-DPB1	-0.3779138321695329	-0.010450451200984093
HLA-DQA1	0.1866672285350202	0.005981564671176188
HLA-DQA2	0.1333529785887434	0.004126474569450075
HLA-DQB1	-0.2669241431470051	-0.007263005935030009
HLA-DRA	-0.0385687889524284	-0.0010086123998949551
HLA-DRB1	1.5013673182932543	0.03965411361076143
HLA-DRB4	-0.5200977947217558	-0.0133301064787186
HLA-DRB5	-0.3107336669663635	-0.007626025654688493
HLA-E	-0.2300074470296293	-0.007507443071047101
HLA-F	0.4201401641295379	0.035902237445361404
HLA-G	-1.19407691954942	-0.04035024726541401
HLCS	-0.1967476558025901	-0.004090777259447453
HLF	0.4978378109508488	0.016492371001179718
HLTF	0.7757947697462138	0.0470441948374104
HLX	-0.2270633598283605	-0.004152761787900886
HM13	0.4529639409106591	0.006629580239168407
HMBOX1	-0.4251102031978001	-0.006864254451034879
HMBS	-0.2684047554381875	-0.018351369938819754
HMCES	0.1286327082637356	0.000727803863356216
HMCN1	-0.0195119217747387	-0.0004868419602015053
HMCN2	-0.2458609650255125	-0.002668574914386913
HMG20A	0.1130502614326094	0.0034210139612121933
HMG20B	0.2687182039787028	0.005527802174045894
HMGA1	0.2309945665649142	0.006357894450132699
HMGA2	-0.000695070148629	-1.7936285185371343e-05
HMGB1	0.361912597383175	0.011050639248497866
HMGB2	2.0613337143478923	0.0598054750543754
HMGB3	0.8036506583179251	0.023194965300371954
HMGB4	-0.8326116725410929	-0.0019316590802953356
HMGCL	-0.4197517476877932	-0.008246862586822074
HMGCLL1	0.7665378860304195	0.0209226515992003
HMGCR	-0.1719198374781758	-0.0009068771426973774
HMGCS1	-0.6919492164770783	-0.020025010324846645
HMGCS2	-0.1053351734637786	-0.0015212505751638905
HMGN1	-0.3543163846132892	-0.00519215230012314
HMGN3	0.2166270036925423	0.0023913454937619745
HMGN4	-0.9276397536964998	-0.0007866385111346318
HMGN5	-0.0759185897588956	-0.00026928323787480264
HMGXB4	-0.28779644088215	-0.004533369536775626
HMHB1	-0.8709415886952971	-0.0010764838036273871
HMMR	0.361508779038764	0.015440762970303688
HMOX1	-0.2071342862308167	-0.0015303081066732737
HMOX2	0.4364376110625905	0.001960914186504219
HMX1	0.3496476789825591	0.0008580354042232001
HMX2	-0.3342890224979228	-0.0027602244587653486
HNF1A	-0.2098891281193585	-0.005411991168557659
HNF1B	-0.1441442077028803	-0.003854704402390425
HNF4A	-0.2818727829271661	-0.008600220479890765
HNF4G	-0.9689231389492572	-0.015947505943965826
HNMT	-0.5853487397142905	-0.0038615456358951743
HNRNPA0	1.0601146389599436	0.000657271076155165
HNRNPA1	-0.4507927963854408	-0.00038407546252039557
HNRNPA1L2	-0.3689832551521655	-0.0004936995953935975
HNRNPA2B1	-0.7814518517420372	-0.0006024993776931107
HNRNPA3	-1.2794690268162607	-0.20915608128268096
HNRNPAB	1.3538159085746715	0.0013890151221976129
HNRNPC	-0.881741310030902	-0.0006507250868028057
HNRNPCL1	-0.0874746431276937	-6.333164162445023e-05
HNRNPD	0.7513557441981756	0.07354946244381522
HNRNPDL	1.0552119134139009	0.0008346726235103956
HNRNPF	0.1109497590520435	9.830148652011054e-05
HNRNPH1	-0.1999355814905567	-0.000252118768259592
HNRNPH2	-0.7095099581979052	-0.0006172736636321775
HNRNPH3	0.2994795763584003	0.00022850291676145942
HNRNPK	-1.4806565853732	-0.0012407902185427417
HNRNPL	-0.8845059655843144	-0.023717142961177808
HNRNPLL	0.0154023908185309	1.1490183550624051e-05
HNRNPM	0.3353131813914525	0.015458943601690135
HNRNPR	0.1697674306285723	0.0001648441751403437
HNRNPU	1.6623943833928752	0.01800871835529502
HNRNPUL1	-0.8291113556677902	-0.01699263723441136
HNRNPUL2	0.1284586367213234	0.005479916983894936
HOATZ	0.0374085308538279	2.872975169573983e-05
HOGA1	0.0719654211451026	0.0002323763448775363
HOMER1	-0.6890831064097818	-0.02197141484787589
HOMER2	0.2045426396511457	0.015460150875392195
HOMER3	0.8278516844245489	0.02352506131629241
HOMEZ	0.453605695184371	0.010894701586938223
HOOK1	-0.2482989010609274	-0.005046426865162288
HOOK2	-0.2987530797595865	-0.004174476783480702
HOOK3	-0.1123104111186773	-0.012419959123970049
HOPX	0.495289252446719	0.013401041303450876
HORMAD1	-0.0899736145468108	-0.0026319081727233097
HORMAD2	0.322667402160064	0.020218016751947454
HOXA1	0.0299358845476787	0.00014845205147193867
HOXA10	-0.1785456639367174	-0.00495285671760454
HOXA11	-0.9711709461692132	-0.029443960745958207
HOXA13	0.7388054937901606	0.022487022814491116
HOXA2	-0.5031568680175473	-0.013918325283101394
HOXA3	-0.19903806392288	-0.0035834813028675317
HOXA4	0.4013636592975437	0.004901854371000901
HOXA5	0.5076959325772618	0.009463959879172737
HOXA6	0.3386114734065183	0.007018061397823499
HOXA7	-1.1267345519556784	-0.05593110315907987
HOXA9	-0.1416727658333887	-0.004067566779842423
HOXB1	-0.2061223706756042	-0.005995481395841299
HOXB13	-0.7842555503364339	-0.02138743311322489
HOXB2	-0.2350529859314392	-0.0026960577486336073
HOXB3	0.0862066748941195	0.0013452551617227349
HOXB4	0.7669727631081188	0.007227184346767804
HOXB5	-0.2275572914250689	-0.002889977601098375
HOXB6	-0.1716905742124165	-0.0022735265837208196
HOXB7	-0.3116950947788742	-0.00851675676973796
HOXB8	-0.5639010462350358	-0.014831161417027677
HOXB9	-0.248083937698491	-0.00730284687403048
HOXC10	0.1693123611569581	0.0044383542353685
HOXC11	0.010459450202747	0.00021384345939516242
HOXC12	-0.366834695162454	-0.008763314032735864
HOXC13	-0.2169831333774609	-0.006716495910565924
HOXC4	-0.3906139962170445	-0.006011158787784098
HOXC5	0.6316357339277067	0.012078138504165607
HOXC6	0.1409227983866853	0.0026300421862907077
HOXC8	-1.2994713323340197	-0.03251147326366484
HOXC9	0.5265480932192375	0.015318337127934055
HOXD1	1.1028444143034024	0.014839874438866581
HOXD10	1.4281217618680937	0.031061648320631036
HOXD11	1.1250389472741056	0.033799545092955956
HOXD12	-0.583499945998771	-0.010626117516583619
HOXD13	0.373516317283727	0.010889494714089776
HOXD3	-0.1560342851270591	-0.0034151223985759427
HOXD4	-0.5230389694351043	-0.006317787711806625
HOXD8	-0.0168615018636398	-0.00046070681542023027
HOXD9	0.2385672189026239	0.00665268546631857
HP	0.5274578433339987	0.03312171527215845
HP1BP3	-0.6024290241325031	-0.014723365349798376
HPCA	0.9107329828927898	0.024769204935735204
HPCAL1	-0.0427588036610676	-0.001076495640971038
HPCAL4	-0.0808176537464141	-0.001910852605180215
HPD	0.7725332658229891	0.0006790567406584074
HPDL	-0.8416251566046086	-0.017174202945673643
HPF1	-0.1489080054319421	-0.000308686295260416
HPGD	0.5404195671635946	0.0033160144641158165
HPGDS	0.2673516557250348	0.0038581517437679767
HPN	0.2336810897366875	0.0013847941377796102
HPR	0.5026658034299729	0.013930880076258268
HPRT1	-0.3334397774928963	-0.015639992763304304
HPS1	-0.6393455284120239	-0.016867853076094425
HPS3	0.857000399828511	0.03170387279125594
HPS4	-0.0942419746651637	-0.0022193985033646052
HPS5	0.4996985927677049	0.01383615433514498
HPS6	0.4483447198163565	0.011059767548429881
HPSE	0.0037246505653148	2.4321968191505645e-06
HPSE2	-0.9428760787051924	-0.0008561314794643147
HPX	-0.2023506445815909	-0.0021797211434328974
HR	0.1078027213607958	0.002054719869136768
HRAS	-0.451939004659275	-0.01759760096342285
HRC	-0.108102742285124	-0.002755971311816951
HRCT1	-0.3828718525582856	-0.0024702891927060587
HRG	0.3545273276037632	0.0027156793294448264
HRH1	-0.3334025332761995	-0.011635748411339363
HRH2	0.607662010285842	0.024362385316379978
HRH3	-0.599801376896238	-0.02449888723932684
HRH4	0.2731894902897259	0.010805190719939238
HRK	0.3318090724007193	0.0029912587876924843
HRNR	-1.0064804238742382	-0.0027486980376005446
HROB	0.7067566907414129	0.0068202020656546345
HS1BP3	0.1445392533880219	0.004690443311694699
HS2ST1	0.301189167614823	0.0016908759869896164
HS3ST1	-0.3319296948759063	-0.010069087294060617
HS3ST2	0.2733010047693579	0.002612211003585523
HS3ST3A1	1.2940192705439482	0.02516867481207979
HS3ST3B1	-0.4320827485736992	-0.007640951325777297
HS3ST4	0.40702355501752	0.004021799747128115
HS3ST5	-0.2055372639239076	-0.0014130686894768647
HS3ST6	0.5278086344253379	0.007603611187531418
HS6ST1	0.9081784554374528	0.016854883954463686
HS6ST2	0.18119130254728	0.00349191878269118
HS6ST3	-0.2828376693737684	-0.006734082070120053
HSBP1	-0.1026656371791281	-0.008717647249791304
HSCB	-0.0949058756115148	-0.024949710733635513
HSD11B1	0.2797718258343969	0.0023327374838072014
HSD11B1L	0.120479129170182	0.0012237065149815385
HSD11B2	-0.4720823398327711	-0.014424003811250488
HSD17B1	1.2976956668375248	0.010702096164409067
HSD17B10	0.3451736300500334	0.005345013661324767
HSD17B11	1.210261634235708	0.005064944939276438
HSD17B12	-1.2659277962862878	-0.017695138736489733
HSD17B13	-0.1995990324222207	-0.00072713927511415
HSD17B14	-1.0343309194350108	-0.018410056035023756
HSD17B2	-0.1955800138516193	-0.0012921971515176488
HSD17B3	0.1797474310553428	0.00117716592598144
HSD17B4	0.1244609272937214	0.0007216244564489967
HSD17B6	0.2410006299801115	0.0014546798025599531
HSD17B7	0.1684419198205876	0.004636532284981494
HSD17B8	0.5177111041590381	0.0039283918583587814
HSD3B1	-0.0128673550870958	-0.00012481334434482927
HSD3B2	-0.2629455730734099	-0.0019876055868619054
HSD3B7	-0.0560264638579758	-0.00024399525010148463
HSDL1	-1.1701356054471757	-0.00890356182184756
HSDL2	-0.4861796525974932	-0.0014750690659807943
HSF1	-0.0627100480201756	-0.0031307364373592468
HSF2	-0.1233135928362113	-0.008898432172653844
HSF2BP	-0.7517749241180457	-0.11846544431744575
HSF4	-1.010293422577763	-0.01998865536570104
HSF5	0.3307184786964532	0.0022459091888276136
HSFX1	-0.9841823615689016	-0.0006141297936189946
HSFY1	0.2826654384147444	0.00020662843548117815
HSFY2	0.1078627875766385	7.884769771852274e-05
HSH2D	-0.001944207459407	-4.868101057609187e-05
HSP90AA1	0.5019231598349219	0.023317342313291127
HSP90AB1	-0.3638596504393784	-0.012318104605974716
HSP90B1	-0.0844672984866808	-0.003193539621184428
HSPA12A	0.6711542731908284	0.08132510559107907
HSPA12B	-0.4007491052290969	-0.018105844574250598
HSPA13	0.1465291690928307	0.004356898313806228
HSPA14	0.6614949190642729	0.011440554625216601
HSPA1A	1.984439785801967	0.14570153795315202
HSPA1B	0.2226752277235045	0.016349260569915147
HSPA1L	-0.2576858143763606	-0.03848589174873821
HSPA2	0.0350131465315652	0.002509252159331151
HSPA4	-0.0945545718764859	-0.007508389443567993
HSPA4L	-0.303243718843001	-0.023636634908936555
HSPA5	-0.506641641528189	-0.01817576888982378
HSPA6	0.5044604221104925	0.01131807403047101
HSPA8	-0.6135741169292119	-0.06639608234114389
HSPA9	-0.2055067922215943	-0.01414544352219678
HSPB1	-2.124518324840736	-0.1637663705520233
HSPB2	-0.1457804978270384	-0.010707140223902489
HSPB3	-0.4421949812571978	-0.02725689864469367
HSPB6	1.005261957168704	0.038357780499686245
HSPB7	-0.2729968090668161	-0.007717346795509825
HSPB8	0.0001588277335466	1.2288660572233989e-05
HSPB9	0.2562632548524517	0.01748996714367983
HSPBAP1	-0.3582995216074186	-0.009682686271918881
HSPBP1	0.6040293608373777	0.16867761513128107
HSPD1	-0.4358771490385023	-0.04860596852073051
HSPE1	0.7959153637410438	0.13959798339263288
HSPG2	-0.1238439185792822	-0.008170974060023881
HSPH1	-0.1088977512479761	-0.013046168395010034
HTATIP2	-0.2054077429593241	-0.005199486197529371
HTATSF1	0.5437757628354685	0.0003230028031242683
HTN1	0.3607100052786497	0.0003159819646240972
HTN3	0.7480133522686027	0.0011429644022664248
HTR1A	0.7832832872360624	0.011833843903562432
HTR1B	0.3515747495909032	0.0054701515288848625
HTR1D	-0.0837570537521865	-0.0024551705166378428
HTR1E	0.7653500363670598	0.01897838485179398
HTR1F	0.6023615195818235	0.013888649556998105
HTR2A	-0.373858644657043	-0.009907627942056296
HTR2B	-0.1481637156244503	-0.00470627226309504
HTR2C	0.2079479713813773	0.005192044949450228
HTR3A	-0.1590593786112912	-0.0028295072861162594
HTR3B	0.3594028357972051	0.007546021940398119
HTR3C	0.3291361166822663	0.007952586851276918
HTR3D	-0.3069043845468313	-0.007584834959690388
HTR3E	-0.1768189071017911	-0.004199979500388844
HTR4	-0.3315031737933553	-0.009673925617637694
HTR5A	0.7175014342999654	0.02613068473577044
HTR6	1.1652558345318085	0.03380290650393323
HTR7	0.2369099607165098	0.007234993290321493
HTRA1	0.3736945742142047	0.010216062269867928
HTRA2	0.4016148335141893	0.019490367870443604
HTRA3	1.4931470963766922	0.017471314174703673
HTRA4	-0.2427512902802602	-0.0019102099032153675
HTT	0.0282549740928846	0.0018295943374365567
HUNK	0.023568640010208	0.00033267135374408593
HUS1	0.1270988547519801	0.07245371894220426
HUS1B	-0.2782574469653679	-0.14593545715035078
HUWE1	0.2216051733546896	0.005777468474530112
HVCN1	0.7571425322008005	0.006191911628338146
HYAL1	-0.2902676979268881	-0.0015032964075633534
HYAL2	0.1140828889506086	0.0013023702602601478
HYAL3	1.3626818413479551	0.006262885742835202
HYAL4	0.3368453919911507	0.0029878186269615067
HYCC1	0.378744401862935	0.0014676345572188733
HYCC2	0.3017244822342221	0.002672675463630739
HYDIN	0.4104950037581917	0.014421920967036548
HYI	0.7408045899168967	0.008414058532276112
HYKK	0.2752413785243869	0.00042772510222689725
HYLS1	0.4983411968135958	0.0035765947695311773
HYOU1	-1.4319188264095344	-0.05066415191602214
HYPK	-0.1864699894758319	-0.0016064389593342917
IAH1	0.2128265185180936	0.0003356274197030336
IAPP	1.4252785808302382	0.04522836520548595
IARS1	-0.6678429528989839	-0.013236647326457861
IARS2	0.1118620542103565	0.0008186065127113888
IBA57	-0.4680713858294019	-0.003730997016446163
IBSP	0.7653831941331357	0.021684071272985866
IBTK	-0.6633778130488008	-0.01907874590328351
ICA1	0.0413590981428837	0.0004944480182981747
ICA1L	-0.199033201512647	-0.002678588825957203
ICAM1	-0.1201737433545191	-0.007236141782349013
ICAM2	0.2495945922733872	0.013882201627653523
ICAM3	-0.2297092454464291	-0.007340358938240641
ICAM4	0.7255810976726111	0.042312261710778315
ICAM5	0.2265560481663988	0.011611224024576105
ICE2	-0.2091216173357857	-0.003314577634772203
ICMT	0.5988599711127326	0.005069349655469281
ICOS	-0.1859290698562714	-0.009795858974447513
ICOSLG	-0.3694756953501286	-0.02620617211979392
ID1	-0.0882790024123405	-0.0026352165010107764
ID2	-0.178122360449201	-0.005235372418322916
ID3	-0.337348526976138	-0.010400455086674334
ID4	1.1665836742874367	0.03394291858706726
IDE	0.2997681059218079	0.008865941500743392
IDH1	0.6356634876268883	0.009998350996883325
IDH2	0.4361302304280057	0.016531516384373557
IDH3A	-0.2216059095860357	-0.0013495799893789575
IDH3B	0.3419588938083459	0.013677671834546217
IDH3G	0.5954338400597956	0.010100344228934311
IDI1	0.2127450969364731	0.0019108764606834013
IDI2	0.9441902310939648	0.0036615697161823954
IDNK	-0.4088641161562647	-0.08750100949860222
IDO1	0.881696664832003	0.003913851495189261
IDS	-0.1935473461346573	-0.0010852199697770236
IDUA	-0.6312610104263228	-0.003971894277602423
IER2	1.051729238978898	0.000669951525229558
IER3	0.4625062787494223	0.014087016238149903
IER3IP1	0.6180565272626093	0.05641310952589466
IER5	0.3032875125310588	0.002539729629935086
IER5L	0.4745557939316814	0.0024895196949656006
IFFO2	0.8144463401790603	0.0042872455347025724
IFI16	0.6980681501123444	0.018590950973791955
IFI27	1.118045911577553	0.01016527342806311
IFI27L1	-0.5821388222798396	-0.0026301031990603155
IFI27L2	0.7745222732063637	0.0064269858230664055
IFI30	-0.5359011059673812	-0.002405660064687574
IFI35	-0.49915392725675	-0.004853772788644637
IFI44	0.1268464420491118	0.00032815174558105224
IFI44L	0.616768582902277	0.0014703763016390282
IFI6	-0.2008024172769604	-0.0036375357889721375
IFIH1	-0.1389412494892156	-0.004815703707296213
IFIT1	-0.2581060108440935	-0.007880492723091864
IFIT1B	0.1117229027323389	8.435079156291587e-05
IFIT2	0.5789394008371741	0.0062253353772021335
IFIT3	-0.527691272686555	-0.004894864245440484
IFIT5	-0.6851009918907002	-0.0159491510912155
IFITM1	-0.5669072205503983	-0.011120452038316615
IFITM2	0.3168194723883231	0.008988168431656725
IFITM3	-1.2600364549940668	-0.03711185370894025
IFITM5	0.3868949575742303	0.002221163951433656
IFNA1	-0.2555702065104163	-0.012971465831436178
IFNA13	-0.6594744848079388	-0.033367430507827284
IFNA14	0.0286134746149768	0.0009109385778424014
IFNA16	-0.3267968480614616	-0.00873135818650613
IFNA17	0.3760358840728082	0.010150336618777312
IFNA2	0.4597499713519638	0.01350561515843529
IFNA21	0.2909963302638711	0.0080568153960158
IFNA4	-0.2453929296701316	-0.006657510181950671
IFNA5	-0.0920902672805899	-0.002811423769809129
IFNA6	0.9523199519786738	0.031803677116279794
IFNA7	-0.3457268210195567	-0.009459777276737111
IFNA8	-1.0117583097655265	-0.03583749109020472
IFNAR1	-0.8908854764281828	-0.030413939279781737
IFNAR2	0.2272433441163119	0.013614603232696478
IFNB1	0.3877863384522579	0.020229262131700485
IFNE	-1.259362338486391	-0.0771875770881694
IFNG	0.0401134173765714	0.002052082092733263
IFNGR1	-0.2091917937654243	-0.00909649596009571
IFNGR2	-0.24618599499165	-0.00949539382682794
IFNK	0.3251209390980707	0.014303045473741425
IFNL1	-0.3672748887212395	-0.01851138894132791
IFNL2	1.0303742662124116	0.04471721277935245
IFNL3	1.0103571823548294	0.04157114626798946
IFNLR1	0.0591550221780137	0.0020204397824900577
IFNW1	2.714466995389781	0.09088849840663604
IFRD1	0.9608190262184256	0.00045831067550618904
IFRD2	1.056440776760221	0.0005673086971202388
IFT122	0.6125495705947914	0.054871577984310825
IFT140	-0.0610540911352787	-0.0047812069308948105
IFT172	-0.2466891310961716	-0.00751267079840281
IFT20	-0.76902067569215	-0.09462645610256769
IFT22	-0.3416081330164685	-0.02813211297017221
IFT25	-0.1073357261716304	-0.009794063005982758
IFT27	-0.0752593489946069	-0.005689004709200325
IFT43	-0.7200433278199012	-0.003754305911252965
IFT46	-0.6776606246708716	-0.1349723772581962
IFT52	0.0531574581086995	0.005442951608124067
IFT56	0.915776610555161	0.10281790317347014
IFT57	0.1650493477517789	0.015002325513245696
IFT70A	0.5270182714479058	0.08473821382956587
IFT70B	-0.0058235672718343	-0.0005050954601880043
IFT74	0.0930082488918354	0.01301529532517677
IFT80	0.575252101374529	0.06211399615011752
IFT81	-0.2646635779742038	-0.03222226129120336
IFT88	-0.0391600400542216	-0.0037989154856600373
IFTAP	-0.1594414277355026	-0.0028339119365708237
IGBP1	0.2691998978015472	0.007586322319945401
IGDCC3	-0.2468600445626029	-0.006185078416516016
IGDCC4	-0.4696923369764787	-0.012165031527690799
IGF1	0.2591034015762193	0.011548238608252093
IGF1R	-0.6783438256747806	-0.021174502518438276
IGF2	-1.3233561722038163	-0.055943558823744126
IGF2BP1	0.4918039238586156	0.0008950831414226804
IGF2BP2	-0.8873854621782016	-0.0017224151820878892
IGF2BP3	0.960514308804948	0.0008183581911018157
IGF2R	0.2707177682266432	0.007910914623118968
IGFALS	-0.4068184233643458	-0.017942319744061106
IGFBP1	-0.4604281370723118	-0.017026172080797018
IGFBP2	-0.3034772128455335	-0.01418755970052869
IGFBP3	0.2792181082847795	0.013874906236887263
IGFBP4	-0.4053317703640492	-0.016232726739539443
IGFBP5	-0.7905423331076182	-0.03897531810687179
IGFBP6	0.3975366191917741	0.011422817215856435
IGFBP7	-0.6406204252671331	-0.02352934759963653
IGFBPL1	-0.0942677014058498	-0.0006576114850072082
IGFL1	-0.1777012010339308	-0.0038543390504259594
IGFL2	-0.0888172567063389	-0.0011532920783318106
IGFL3	-0.280343112116745	-0.002915848709126265
IGFL4	1.0722265261357558	0.011921014517577332
IGFLR1	-0.6277369596162814	-0.016262781412779002
IGFN1	-0.3959046786159076	-0.005269095367699114
IGHMBP2	0.5944841374242522	0.005598257122124183
IGIP	0.0497613371540698	3.11505970584477e-05
IGLL1	-0.3898754642180099	-0.01384057897973935
IGSF1	-0.4400060813689948	-0.014654842546075741
IGSF10	-0.3153147684142495	-0.010216513811390097
IGSF11	-0.4706733175367081	-0.012782075284344382
IGSF21	-0.6955159798003736	-0.01829902542854783
IGSF3	-0.3537761290893023	-0.011277675443108776
IGSF5	-0.0566701615029655	-0.00016581689255767707
IGSF6	-0.1765872330070764	-0.006763997373103054
IGSF8	-0.7557361967692866	-0.010777553902126796
IGSF9	-0.1934343648913833	-0.005075717734749898
IHH	0.9600090903239816	0.02743801981054972
IHO1	0.6578208987481127	0.023486179548003867
IK	-1.6828650486181158	-0.0010871308214073028
IKBKB	-0.6676346159222635	-0.026557169752155798
IKBKE	0.5107111441965293	0.046754583828903865
IKBKG	0.708384807894453	0.022766779340919824
IKZF1	-0.0846970809395499	-0.0023478030836443235
IKZF2	0.0739894483852103	0.0021735140357639375
IKZF3	0.0209769093238012	0.0006215248463549057
IKZF4	0.7240416831500975	0.018730234301409875
IKZF5	-0.2551668633688773	-0.001068893990652227
IL10	0.636772701049832	0.0333350508999587
IL10RA	0.7072873735082862	0.030586642467365834
IL10RB	-0.716153566792455	-0.030278972803984998
IL11	0.2111701971804965	0.00843793873893828
IL11RA	0.9587649541986504	0.0633714871776682
IL12A	0.128076937352494	0.005654852937987315
IL12B	0.5586618627704356	0.020744232288391815
IL12RB1	-0.8420640776430293	-0.04645246484317771
IL12RB2	-0.7642090614777441	-0.03289996430567836
IL13	-0.4872790924051947	-0.03752049011519999
IL13RA1	-0.5785216873876441	-0.02865360065462262
IL13RA2	0.3875667741801094	0.01845786762032771
IL15	-0.2960497674192807	-0.0034134538183443063
IL15RA	-0.2229470291458961	-0.0026597580577105403
IL16	-1.0524877312632843	-0.027113136445073467
IL17A	0.594978026130738	0.03292132414186599
IL17B	-0.9446441144920557	-0.03655772723084255
IL17C	-0.0988505839282705	-0.0036728922964388185
IL17D	-0.6699344461301928	-0.02868927272107938
IL17F	-0.4077230020790953	-0.017527196413376148
IL17RA	-0.8706296414977701	-0.024439444666483904
IL17RB	0.8362099566606827	0.052331691507738844
IL17RC	0.4472097183093858	0.013940421339140172
IL17RD	0.0890564884223738	0.007260419275122447
IL17RE	0.045450310862276	0.0012158867161876077
IL17REL	0.9309141447022276	0.025344137589518145
IL18	0.7297106630535404	0.09101608129200504
IL18BP	-0.2208602278925028	-0.016483019667845378
IL18R1	0.2839519708600281	0.024520388491646866
IL18RAP	-0.1941035248027401	-0.016047314809541736
IL19	-0.0294355103391824	-0.0017474979423062415
IL1A	0.6608421862870388	0.08457326131664267
IL1B	-0.1389795664955227	-0.013259623500638336
IL1F10	-0.2923222762479804	-0.015534298082093927
IL1R1	-0.2085030278492547	-0.009625333777632993
IL1R2	-0.060362613632113	-0.003588014116906429
IL1RAP	-0.0024807440028527	-0.0001495045180759208
IL1RAPL1	-0.2211011117614985	-0.006289000022944064
IL1RAPL2	-0.3661674595344303	-0.010558072528215763
IL1RL1	0.4425523749700409	0.013923140268932458
IL1RL2	-0.3308150107765027	-0.03441964779624122
IL1RN	0.2688943175414952	0.010148878226968652
IL2	-0.7430986804819251	-0.03032065545970399
IL20	-0.1019329854760035	-0.005969399495445718
IL20RA	-0.0047878806973663	-0.0002771799893319298
IL20RB	-0.5099515495705944	-0.019257300366434357
IL21	0.0189674315303172	0.0007807184492193863
IL21R	-0.3709301896214279	-0.00919313381957747
IL22	0.5736629473071643	0.036494715718839874
IL22RA1	0.3901885237273676	0.025849989696938105
IL22RA2	-0.163529946953135	-0.00899905298083102
IL23A	0.2091452320829787	0.013655928783626013
IL23R	-0.2554970397529169	-0.012458035658352226
IL24	0.1406768722747145	0.007875091309938518
IL25	0.8911910712132627	0.035292948802187626
IL26	-0.1576963189471297	-0.003946823470608762
IL27RA	0.3720035923005977	0.026677493614652763
IL2RA	0.1528458316959472	0.015761156472822686
IL2RB	0.4893188182800131	0.016978873675498177
IL2RG	1.483830071975128	0.06367708370874064
IL3	-0.2100153626901491	-0.0153968562849029
IL31	1.0349579962450743	0.0421590139770431
IL31RA	-0.0114813640350213	-0.0003262199963270602
IL32	-1.0657773943413693	-0.006656845605056192
IL33	0.1167939730404256	0.009895953335715262
IL34	-0.3326097117198194	-0.01199058010749949
IL36A	-1.5358669309504167	-0.08365099239421445
IL36B	-1.0309443404631806	-0.09980056687853821
IL36G	-0.1036711380548681	-0.010232859681705756
IL36RN	0.5834245792596199	0.033835125049582394
IL37	0.1854681272997348	0.02253604668006348
IL3RA	-0.3424031218059368	-0.02855950198671138
IL4	1.461952568094842	0.05915060090511731
IL4I1	0.4302521115011689	0.002189122743317947
IL4R	-0.7490086891017269	-0.02829230521343953
IL5	0.8509440233462248	0.026400538324316623
IL5RA	0.7290434959051314	0.03297901158076452
IL6	0.621800619352029	0.03150974638566407
IL6R	1.091437514540028	0.036768346989824466
IL6ST	0.294315216380886	0.021056193525537725
IL7	0.0448254917063876	0.002028936231106222
IL7R	-0.5130030230007372	-0.015175142423384807
IL9	0.6333267705407799	0.04008008467367325
IL9R	-0.6170358508822643	-0.01840556239596706
ILDR1	-0.3037466515335888	-0.0008179897325799547
ILDR2	-0.0916533026069622	-0.0020890537263204894
ILF2	0.0207432570370077	0.0008046516837225656
ILF3	-0.11848185897804	-0.015573255544073579
ILK	0.4462452358425073	0.024471642488367258
ILKAP	-0.5708943232811658	-0.059429528159246084
ILRUN	-0.8697776214028295	-0.009055254816424859
IMMP1L	-0.1267343039661534	-0.006162962467570074
IMMP2L	0.4601197748914367	0.018462305967518897
IMMT	0.0933607485526517	0.010784100065316797
IMP3	-0.5736304644883485	-0.00030517140710780143
IMP4	-0.2817049597985067	-0.005061111307739971
IMPA1	-0.4535659716125036	-0.009146157817566135
IMPA2	0.4709473829604628	0.006523563148768331
IMPACT	-0.2831291344896522	-0.0025184336512854566
IMPDH1	0.4602605297404227	0.0023634378202170704
IMPDH2	0.453528619602955	0.012793135301760154
IMPG1	0.6894024493757056	0.01627679182976041
IMPG2	0.4209643661016741	0.011247325933504528
INA	1.0267930562091123	0.039681444450257355
INAFM1	0.2857426050613245	0.0018504691103771373
INAVA	-0.1127762893325294	-0.00035028315466683626
INCA1	-0.2349811709422075	-0.000753114652869775
INCENP	1.1660337632312974	0.03184088397255704
INF2	-0.7393015526128186	-0.03894640579164328
ING1	0.2451742011078562	0.002224955875053795
ING2	-0.1195023977419162	-0.0035275912789436243
ING3	0.6328255153283755	0.013292499949472528
ING4	0.1729894495465751	0.0038824022161737855
ING5	0.6470087233530524	0.019074464173171338
INHA	-0.5753559373522603	-0.011427719627690595
INHBA	-1.070835852000144	-0.030167587622548054
INHBB	0.0163029915336808	0.00046062472279261734
INHBC	-0.3388102227505006	-0.00454818843020272
INHBE	0.582590076140838	0.015605840369584628
INIP	-0.21899777005223	-0.00012001077798862204
INKA1	-0.201360290135963	-0.0006477760533673929
INKA2	-0.6625276009326944	-0.0028243551627760762
INMT	0.1758603604950126	0.0008406125231661604
INO80	-0.381907193618111	-0.00020890323490910668
INO80B	0.5076155967701286	0.015400041974812161
INO80C	-0.2517592627871737	-0.00954897707825471
INO80D	0.0241173025382034	0.0002326837348885864
INO80E	0.2092061657666662	0.0014623510987089967
INPP1	1.052868220459101	0.0007117389170303521
INPP4A	-0.0549400702456319	-0.0007615792537449493
INPP4B	-0.9118559337949308	-0.0674016550583199
INPP5A	-0.2635458505921639	-0.0009110780054971106
INPP5B	0.591217245585053	0.022890158097316496
INPP5D	0.6588385676034225	0.0203469114832965
INPP5E	0.0847090829757507	0.003158293449667889
INPP5J	-0.3365226789869294	-0.01033595756240455
INPP5K	0.5007943631191767	0.01821188780919198
INPPL1	-0.1024473776188526	-0.01008041216818462
INS	0.0131054086504298	0.0004738915767995415
INS-IGF2	-0.3298588111931237	-0.008293969948639903
INSC	-0.2806438100800643	-0.0022687245606872394
INSIG1	0.5079538512512375	0.002378747885409545
INSIG2	0.0712217007767344	0.0004813162538491711
INSL3	0.4010567674925744	0.009720412873717527
INSL4	0.0997625599573061	0.0011183382971214012
INSL5	-0.0444201590776409	-0.0006151747830662489
INSL6	0.6197290202438009	0.012772615107224737
INSM1	0.6957264677588281	0.012169647374037421
INSM2	-0.5266490255278098	-0.0005250690784512264
INSR	0.8882274099680356	0.07450362692070886
INSRR	0.3021419724628322	0.018815589193150413
INSYN1	-0.6183856964178831	-0.0022478320064790052
INSYN2A	-0.4840140330956953	-0.004149452305729396
INSYN2B	0.5645231493866892	0.0019532500968779446
INTS1	1.0333138580087504	0.022304079625118878
INTS10	0.5370837409431604	0.13330149908338768
INTS11	-0.0830033102131129	-0.007895108860850873
INTS12	-0.568525852144663	-0.0017976787444814242
INTS13	0.0569438625433444	0.002002658701786879
INTS14	0.3628368169929965	0.0591754193202048
INTS15	-0.3515304229027606	-0.0046975010412495894
INTS2	-0.5604065787080099	-0.0020589337701732283
INTS3	0.1682641326976098	0.003772986647478504
INTS4	0.0465604458629483	0.003781825654772113
INTS5	0.539776026932391	0.015150973299965283
INTS6	0.3610605206645891	0.019589699609177946
INTS6L	-0.2782803685749861	-0.000980938299226826
INTS7	1.039365345444617	0.15079943923986858
INTS8	0.9125436669896634	0.05569527762738012
INTS9	-0.2391487735992616	-0.03962766923171844
INTU	0.2457847587924485	0.022940812031410764
INVS	-0.5108558891593629	-0.0015243939732515388
IP6K1	-0.0902245065993661	-0.003360050850266993
IP6K2	-0.0697990069135413	-0.0013327422380071574
IP6K3	-0.7750490762197243	-0.005561752170952741
IPCEF1	-0.9791796292957938	-0.015027469770802547
IPMK	0.052007649935035	0.0009472673359167275
IPO11	0.4585433609570297	0.0035798480189915306
IPO13	-0.8481648058719249	-0.10231242420271855
IPO4	-0.5223566165495616	-0.0003316964515089716
IPO5	0.1223236719037192	0.012291571847573322
IPO7	-0.266345887836852	-0.038778895885494304
IPO8	0.0503615331772789	0.0072682268296780685
IPO9	0.3899989556871452	0.0004855486998304958
IPP	0.501309040203722	0.002277446969645509
IPPK	-0.7928915651371617	-0.0034022977060035606
IQCB1	-0.0172628974103386	-0.001968781660956886
IQCC	-0.8834473326238048	-0.0016635313273306244
IQCE	0.5718344045590084	0.002848307169108421
IQCF1	-0.4167387202640402	-0.0007997216041866931
IQCF2	0.0478519502283124	4.6224983920549775e-05
IQCF3	0.1030362251513177	0.00045902638304912033
IQCH	-0.5265197852945293	-0.0019344336911721006
IQCJ	0.6186295108807226	0.0018843454901426812
IQCK	-0.0699458144024155	-0.00012079642147297157
IQCN	-0.0522953350041772	-0.00022089549505764451
IQGAP1	0.0095235691710384	0.0003389247796589146
IQGAP2	-1.3731381939271072	-0.10907523243459977
IQGAP3	0.0501244782287198	0.0017941054492405678
IQSEC1	1.721125550441637	0.03313510909710239
IQSEC2	-0.227887398136973	-0.006032863090880087
IQSEC3	-0.5189151774801294	-0.01191117898387889
IQUB	-0.0726279845631606	-0.0020167338753498435
IRAG1	-0.3001118540787679	-0.009142007298947428
IRAG2	-0.8868687507783773	-0.017472201259084812
IRAK1	0.5655120615223374	0.017120877662588765
IRAK1BP1	0.0862135190152468	0.0008129072707947621
IRAK2	-0.1374726123327009	-0.006315079392727281
IRAK3	-0.4423353803016455	-0.008446836422240221
IRAK4	0.2737577446267427	0.0084514490921168
IREB2	0.9942814227475666	0.003539641864981337
IRF1	-0.0701610504845879	-0.001963316675710223
IRF2	1.4536494694152484	0.04579868018339681
IRF2BP1	0.1792376449791038	0.005499727898538821
IRF2BP2	1.3302273290814934	0.03805514343036337
IRF2BPL	0.0444763082868789	0.0013147196729601403
IRF3	0.4682471539229976	0.013752418910718439
IRF4	-0.3449758800383071	-0.009915296744061022
IRF5	0.468533542363503	0.013005085535383753
IRF6	0.4868264932648171	0.014792709824344732
IRF7	-1.3217161239887805	-0.03272436951383822
IRF8	-0.0110812655026398	-0.00034021701346204715
IRF9	-0.2423389835016872	-0.01896714522172655
IRGC	-0.3330471867780774	-0.002334327732127544
IRGQ	0.0331854741559807	0.00022466566003598933
IRS1	-0.5985287212567337	-0.05394718923303318
IRS2	-0.4620054388908453	-0.01804269840500418
IRS4	0.890950757062385	0.09737111728859099
IRX1	0.7545190706561745	0.01500964787256328
IRX2	-0.3540844881280183	-0.0047280901699734285
IRX3	-0.2062510125804281	-0.0037523246718757287
IRX4	1.8393552934700117	0.03440146205376963
IRX5	0.3750088403872634	0.008111066208736119
IRX6	-0.603687256928548	-0.008058621192739186
ISCA1	0.6644769027854781	0.0008139842059122107
ISCA2	-0.5535597268707414	-0.0003526175460166623
ISCU	-0.291427588665978	-0.004493230562052049
ISG15	-1.0422503499911873	-0.048260360205991934
ISG20	0.1441095129652068	0.00032539928027543695
ISG20L2	0.0274724285082991	0.00015016429422636289
ISL1	-0.6399546245239143	-0.01705415078893779
ISL2	-0.6175356931541025	-0.01125458800773352
ISLR	0.3104569610160066	0.009820995504780354
ISLR2	-0.05702846619126	-0.000616990975723242
ISM2	0.9112537751804548	0.02339826318530854
ISOC1	0.0584023296526904	0.002179107724001184
ISOC2	0.0912852593260339	0.001949396712907454
IST1	-0.6864725589815738	-0.1083947035357495
ISX	-0.7839846563407677	-0.0009235339251694244
ISY1	-1.3589113563269328	-0.001679614436420089
ISYNA1	0.4147122967189529	0.001778701040627589
ITCH	0.5461301993691229	0.05969366918164324
ITFG1	1.5401940714925253	0.0611149007568234
ITFG2	0.2184898577737992	0.0172259588767441
ITGA1	0.7092259517791225	0.02394985116562919
ITGA10	0.4507784660614843	0.009744027322385045
ITGA11	0.396055730368137	0.010133877972929521
ITGA2	0.3810428070839007	0.010260720709155279
ITGA2B	-0.6233720555661579	-0.014447270759801276
ITGA3	0.2374790077940412	0.006650837092279918
ITGA4	-0.66576049317681	-0.018032122957693898
ITGA5	-0.975674832963736	-0.024751894837457017
ITGA6	0.229571044595405	0.009009056503057479
ITGA7	-0.240721680169975	-0.0038375850252697417
ITGA8	0.0629845807987813	0.002352537077415281
ITGA9	-0.1082211765338148	-0.00328765112192076
ITGAD	-0.8859562465461588	-0.026668168977285925
ITGAE	0.5242906562162228	0.013946655746007744
ITGAL	1.0206027817976853	0.0342565323710393
ITGAM	-0.4415091458916866	-0.016022366904409308
ITGAV	0.9311447894344824	0.033217659218285726
ITGAX	0.1487275233701895	0.00475645492490203
ITGB1	-0.8152546475323232	-0.04921692307152636
ITGB1BP1	-0.0202461109241865	-0.0005075700008693555
ITGB1BP2	-0.7382793186321386	-0.036359518163314196
ITGB2	-0.3393480910403493	-0.010417307698756642
ITGB3	1.4285724425881206	0.04339574508849934
ITGB3BP	-0.649713994864193	-0.019809779703409244
ITGB4	0.7727243097376109	0.04333978836025338
ITGB5	0.7901504815936551	0.05160472795288162
ITGB6	-0.1917244272912729	-0.005926393772000537
ITGB7	-0.3428545322712628	-0.010390206600480617
ITGB8	-0.4396025367196253	-0.027945972861803302
ITGBL1	0.2648939071842582	0.002399673905182195
ITIH1	0.8354570945884361	0.020566447297483532
ITIH2	-0.1466920129827315	-0.0020030794372791986
ITIH3	0.4045477910629421	0.011577348684639277
ITIH4	0.4798516832682894	0.0124886199087405
ITIH6	0.4303232406928763	0.005446170934209043
ITK	0.4836872285885629	0.014651369841176157
ITLN1	0.4822018368278163	0.00028546348740206723
ITLN2	-0.6261182294388274	-0.0005541146330533623
ITM2A	0.3362342297315996	0.00022729433929856132
ITM2B	-0.1364984100435709	-0.0008193999554915562
ITM2C	0.5103932054750091	0.0010320150614704683
ITPA	-0.2480564668130481	-0.00615080815109634
ITPK1	-0.6568156953007237	-0.00045911417101520584
ITPKA	-0.126572084748738	-0.0032097414971432466
ITPKB	-0.6281645860134761	-0.0131587917478103
ITPKC	0.1435379951454024	0.0019133614752882139
ITPR1	0.0771445973269025	0.002691729289930282
ITPR2	0.3101658724168038	0.019534866976555137
ITPR3	-0.4610441302384306	-0.05127410085620659
ITPRID1	-0.4050480146262591	-0.0011766644824892827
ITPRID2	0.3156414845966989	0.003340749472971461
ITPRIP	0.2301045521134947	0.001566551790788672
ITPRIPL1	0.4666297678954737	0.0025841956546051336
ITPRIPL2	-0.038266183081809	-0.00026109016716718283
ITSN1	-0.4567691653676283	-0.016646952231823213
ITSN2	-0.9403313645672652	-0.03223926083418869
IVD	-0.3272196483075084	-0.0018124696319752889
IVL	-0.4463057807733086	-0.019287996927680077
IVNS1ABP	-0.2120400781547002	-0.005732503512912319
IWS1	1.1097486122015146	0.019686940380454866
IYD	-0.1215329967062493	-0.00042961914335659125
IZUMO1	-0.6135538061394212	-0.033673673542349854
IZUMO1R	-0.346913728953457	-0.012963472223532781
IZUMO2	-0.2498563113280873	-0.007718561169547273
IZUMO4	0.1408727157184137	0.004628513947644201
JADE1	-0.0258979773979173	-0.0006714568599958017
JADE2	-0.1600007533353575	-0.004479061088869998
JADE3	0.1310067433774656	0.0013386269038309433
JAG1	0.4510707694641086	0.02404297415397592
JAG2	-0.577804398758353	-0.0243249873833279
JAGN1	-0.1594783813334513	-0.0007141441916111949
JAK1	0.0271883226704751	0.0009549626454777674
JAK2	-0.8628824600759819	-0.034455759513294035
JAK3	-0.7581762097819567	-0.04042671368178371
JAKMIP1	-0.3583385966163333	-0.021908463458526
JAKMIP2	0.3517933764393978	0.005004612573226873
JAM2	0.0047559581550116	0.00028352644541101654
JAM3	-0.7336094890482421	-0.0541286425399355
JAML	-0.2581109017572975	-0.012206838876807872
JARID2	0.0328009221720907	0.0006988564477985644
JCHAIN	0.0506911483983092	0.0018264020767910806
JDP2	-1.1981822568375091	-0.036175518698438075
JHY	-0.3027963400547721	-0.0012714418318899878
JKAMP	0.0685560055544304	9.364750358735192e-05
JMJD1C	0.8614264411828396	0.02116180195409764
JMJD4	-0.0192953593608179	-1.5108266379520416e-05
JMJD6	0.6162327706989511	0.005926926788582512
JMJD7	0.400903337214096	0.0014925631244480794
JMJD8	0.7004098959384655	0.004195455276671408
JMY	-0.1346392164548244	-0.0021769814908580557
JOSD1	0.2628062292963945	0.002017037809849828
JOSD2	0.3889076079606914	0.004001859285915514
JPH1	0.8982238478062251	0.02472271318701854
JPH2	0.1387316965979296	0.0007445730156410883
JPH3	-0.2597865332241003	-0.0005946513745499654
JPH4	-0.1070994665670796	-0.0007519453547674659
JPT1	0.9926919904027304	0.0051550495061613785
JPT2	0.2186248798418051	0.0012221130783156905
JRK	0.4883922769972428	0.0016297650283397993
JRKL	0.903639430808991	0.000910868546255463
JSRP1	0.1736526896700504	0.0005259939970105827
JTB	0.2464749885973811	0.0015680738774565383
JUN	0.5704143305420115	0.02171282149208167
JUNB	-0.1222147000309727	-0.0039505901785011925
JUND	-0.9812922757060178	-0.030128616741001868
JUP	0.0345779976250808	0.000860196846919135
KANK1	0.992284502357614	0.019560904394975646
KANK2	0.1889970611505166	0.003995775866844222
KANK3	0.2529872760477968	0.0036136702510667297
KANK4	-0.2691416617325958	-0.00237436773980496
KANSL1	-0.3534186396221442	-0.01310511657582873
KANSL1L	-0.2347150831835942	-0.0070114089648603255
KANSL2	0.2886974946366389	0.005468507943407214
KANSL3	-0.6218759660773703	-0.01635222852800445
KARS1	-1.1262603461092944	-0.2466082179047833
KASH5	-0.0144028127499289	-0.0003718374167649144
KAT14	0.0538842338894403	0.001306153829480033
KAT2A	0.4377919769971945	0.00693637608354355
KAT2B	-0.0247115721634648	-0.002263777702750683
KAT5	-1.4228441972793129	-0.12851697927505665
KAT6A	-0.6105686393977844	-0.07959555953781337
KAT6B	0.5714425729280864	0.011645428193701474
KAT7	-0.0854109551772338	-0.003603402787972316
KAT8	1.461892130964106	0.0782667809075563
KATNA1	0.2193866138052388	0.02403797188802621
KATNAL1	0.3001786257739054	0.0675323861548586
KATNAL2	0.9822836802201192	0.060981153151745224
KATNB1	0.8285285880245106	0.35690360280614236
KATNBL1	-0.2512140741745368	-0.009334612568177436
KATNIP	0.2995191530161492	0.006728098734201759
KAZALD1	-0.9972444987562188	-0.021211390488544774
KAZN	0.1339640094166279	0.0021928568701407823
KBTBD11	0.0575157249643281	0.0008152854013693509
KBTBD12	0.7033198470615714	0.0141346189663964
KBTBD2	0.1326090139240597	0.002897772172268552
KBTBD3	-0.3377215860353998	-0.004993551371119421
KBTBD4	-0.3788257006981164	-0.010321863866921577
KBTBD6	0.0789953980072507	0.0013299665208500726
KBTBD7	-0.2313908542473466	-0.004996422715762955
KBTBD8	0.6604307449405051	0.015000363509833694
KCMF1	0.821426076894998	0.004934306443908253
KCNA1	-0.1726128466276654	-0.0016256677895393526
KCNA10	0.8393310908798276	0.01252114121374527
KCNA2	0.8637462635195244	0.01861632321763631
KCNA3	-0.1119743426807317	-0.0041241270152740294
KCNA4	0.6452563764091288	0.007174605649293103
KCNA5	1.068600628148361	0.025145241380959086
KCNA6	-0.3261209540586109	-0.0031030408778676827
KCNA7	0.0234001811346205	0.000286909620891582
KCNAB1	-0.2345796767560279	-0.009572023710029718
KCNAB2	0.1681601139028392	0.013606843776562136
KCNAB3	0.3926205021648559	0.04390164669056769
KCNB1	-0.3718122123840031	-0.02135912435261144
KCNB2	0.356526169295463	0.015353442954539817
KCNC1	-0.6532294032649388	-0.005616466409271944
KCNC2	0.5829170146890021	0.00470239155749618
KCNC3	-0.1686436917468987	-0.002049189498416566
KCNC4	-0.3306862686606993	-0.002025784081815444
KCND1	0.034655223703181	0.0009747821323230751
KCND2	0.1130608606636506	0.00431417632120358
KCND3	-0.4048550993239228	-0.018196212439113707
KCNE1	0.689162450360478	0.004072260919180065
KCNE2	0.1873459860694269	0.0019993563633329235
KCNE3	-0.1179984295041038	-0.0007189644309685045
KCNE5	-0.1402924946925105	-0.0007850768002992889
KCNF1	0.1823937644415545	0.003898484321173786
KCNG1	-0.2772356737842151	-0.005818899557056891
KCNG2	-0.8871339300336338	-0.007216834520823611
KCNG3	-0.1965531635947823	-0.003932242590877215
KCNG4	0.2282262404868375	0.002910112792447665
KCNH1	-0.1682768505369823	-0.0059235134157523146
KCNH2	0.0295469790852926	0.0007618688557142697
KCNH3	0.6375444401743455	0.0157084574614557
KCNH4	-0.1800822473124453	-0.004397248314875289
KCNH5	1.6479642429726633	0.04989046949175441
KCNH6	-0.3768490400574229	-0.007116417272444375
KCNH7	-1.1333825733409495	-0.05521839897317106
KCNH8	-0.2034270622005486	-0.005722810113825833
KCNIP1	0.5398152414701073	0.01413722135886064
KCNIP2	0.2077804436107118	0.00463267277074443
KCNIP3	-0.7540419448920934	-0.024330671435833177
KCNIP4	-0.1058589267532594	-0.0031037837324055656
KCNJ1	0.0174164176107441	0.0005010355018258862
KCNJ10	0.1490575514550679	0.001747252618156306
KCNJ11	-0.1899029927381497	-0.005085412242534911
KCNJ12	-0.1319849775053078	-0.0020330965934917612
KCNJ13	0.9555242278530904	0.005842075129093794
KCNJ14	-0.0012617706528274	-3.316185629760973e-05
KCNJ15	-1.209393596164544	-0.016331651122606
KCNJ16	0.1384182464329393	0.0022629999109321243
KCNJ2	-1.0499751766317402	-0.026675669337505994
KCNJ3	-0.4134265650687669	-0.010230653779191705
KCNJ4	-0.402509746652059	-0.007204924465071856
KCNJ5	0.0926534487707834	0.0021821740254494904
KCNJ6	0.0253247767239575	0.000476105802410401
KCNJ8	0.1617788038339545	0.0037353108017221747
KCNJ9	0.3685764548172362	0.0072123040678636775
KCNK1	-0.5362390408267858	-0.005033139637200211
KCNK10	0.716951826361927	0.004688864944407002
KCNK12	-0.2217419541012932	-0.0010945182854439832
KCNK13	-0.3392646389156797	-0.002469846571306148
KCNK15	1.2166207892623089	0.01029626173952692
KCNK16	-0.9007285692375602	-0.007621064424318996
KCNK17	-0.1628515894729373	-0.0010463214623636222
KCNK18	0.2614118277442238	0.0018123682017507033
KCNK2	-0.3214382187439849	-0.0023278555801439387
KCNK3	-0.0019442593026133	-4.2962297809846085e-05
KCNK4	-0.2178174614892658	-0.0021078195748316254
KCNK5	-0.3743323105518832	-0.0033379212131911425
KCNK6	1.3732819911859582	0.008784884897616575
KCNK7	0.3197515895543851	0.002111319745827605
KCNK9	-0.7680156053672509	-0.01968423996556264
KCNMA1	-0.6223051813008085	-0.008845445847009692
KCNMB1	0.2335036779251457	0.021576206847639313
KCNMB2	-0.105926227781181	-0.0007705073808803106
KCNMB3	-0.3645701735547605	-0.002324499426585153
KCNMB4	0.2191082220181619	0.0025758362580455114
KCNN1	0.2383391323891515	0.0020833223562135733
KCNN2	0.4247909955009988	0.006549852359629901
KCNN3	-0.6152035337629472	-0.0036100143361209743
KCNN4	-0.7240981466319657	-0.005121546191127893
KCNQ1	1.026221131249481	0.015392290747610964
KCNQ2	-1.2841148562707818	-0.025734945834522738
KCNQ3	1.329750312570245	0.03355491938739756
KCNQ4	0.4158911347308955	0.005827466579849308
KCNQ5	-0.6687937622595366	-0.01728430599183546
KCNRG	0.0658222830569175	0.0003634706470402984
KCNS1	-0.9998180692450132	-0.010995999125556655
KCNS2	0.1143365760636975	0.0036952438018026394
KCNS3	-0.8060224320768803	-0.013080132027743612
KCNT1	-0.1840635216737574	-0.004774239625173919
KCNT2	0.4562832050981004	0.005192046590811284
KCNU1	-0.3671940887671292	-0.001954941328596196
KCNV1	-0.0696251153678677	-0.00046133601442749134
KCNV2	0.2973527811658472	0.0025090627674774183
KCTD1	0.3478281796983326	0.012982686807240263
KCTD10	0.6182738731590863	0.004839847879089328
KCTD11	0.4655401040268395	0.0020227717519966174
KCTD12	0.8806752618301115	0.02761005013363582
KCTD13	0.006699077689822	1.4014470527107625e-05
KCTD14	0.5448910849227152	0.011584384465456926
KCTD15	0.8455449901758223	0.022655532466770982
KCTD16	0.3757898514825746	0.008382744217021792
KCTD17	-0.1049571755967652	-0.0007816160866691104
KCTD18	1.061464539472076	0.0030644481254558835
KCTD2	0.3403207978706146	0.010824583617870639
KCTD20	0.6696921770924276	0.01121935304282944
KCTD21	0.036096044868164	0.0008090567496750278
KCTD3	-0.9036478965708796	-0.011840498388768236
KCTD4	0.2329283731810867	0.0004660896747353545
KCTD5	0.5798590041935225	0.016406530664651527
KCTD6	0.3745554126531638	0.010456838010451025
KCTD7	0.2793776582780443	0.005998517700887889
KCTD8	-0.2627448607248281	-0.00584633589598815
KCTD9	0.2036716739556753	0.0007820992279897931
KDELR1	1.0594165808063063	0.05973520390876358
KDELR2	-0.5837726436818995	-0.035667340983676694
KDELR3	-0.1983298147696301	-0.006220217980619909
KDF1	-0.2958352995540663	-0.0006857462243663257
KDM1A	-0.1996115675276391	-0.006316109219709556
KDM1B	1.180956335159934	0.002750447304587486
KDM2A	0.3313338879246312	0.009421147769248964
KDM2B	-0.8917075983820071	-0.02678065430220682
KDM3A	0.5512568136428863	0.012282001807963506
KDM3B	0.7659950741623291	0.029534472074476927
KDM4A	0.4251312612116058	0.0120405675800351
KDM4C	0.2294807649659136	0.004046663809408921
KDM4D	-0.5120871190297571	-0.012884111914788688
KDM5A	0.4028398361598864	0.07680947156060554
KDM5B	0.5179502828006612	0.050834230505470895
KDM5C	0.3309617243699752	0.022453436266432227
KDM5D	0.4886043252095838	0.018250348755228376
KDM6A	-0.2347531624425556	-0.005982449591686086
KDM6B	0.0149869860254794	0.00027634503532381467
KDM7A	0.2696924961311664	0.008419799729215015
KDM8	0.4320145457722457	0.009893997127275971
KDR	-0.4609385476379234	-0.04138121905274221
KDSR	-0.7104719345592789	-0.004647196923952244
KEAP1	0.2532131945765655	0.00764906418176889
KEL	-0.8329859862265889	-0.020955428455502297
KERA	-0.195017397844685	-0.0008947398213114148
KGD4	0.3812281438047924	0.009362200755558093
KHDC1L	0.147780449021034	9.797843770094553e-05
KHDC3L	0.7252655846252323	0.0030765766099802353
KHDC4	0.416098709607018	0.0003441136328450039
KHDRBS1	-0.924255375503502	-0.011790725825298174
KHDRBS2	1.2730278974406404	0.0019528247946739422
KHDRBS3	0.4070707896992137	0.12795863203405083
KHK	0.1267801966184906	7.746270013389775e-05
KHNYN	-0.536860790668647	-0.0016653421726541431
KHSRP	-0.698462164410999	-0.30807838994056785
KIAA0232	1.0497828737368111	0.015388767146107915
KIAA0319	-0.3352039572024788	-0.008946593617734158
KIAA0319L	-0.4418955486537476	-0.01150740198249224
KIAA0408	0.0511002535045087	8.114720256515981e-05
KIAA0513	-0.2345925738449383	-0.009719170334395795
KIAA0586	-0.146541412902882	-0.0011131285724102918
KIAA0753	0.0467398191572571	0.0011785445400502377
KIAA0825	0.5427887245831247	0.03124726129680132
KIAA0930	1.5849515773558869	0.014335887017183996
KIAA1143	0.4579705655227827	0.00020333893109211553
KIAA1191	-0.5684989957322832	-0.0045906293905381874
KIAA1217	0.1380377050117861	0.002613467868988146
KIAA1328	-0.2371646850798139	-0.0021415971062707195
KIAA1586	0.5193372587658747	0.00043520462284580294
KIAA1755	-0.499321353126151	-0.011652662417904986
KIAA1958	0.0320384089099209	0.00015256690322904332
KIAA2012	0.202299727966515	0.00011753614194854521
KIAA2013	0.2366820421131964	0.001666478258519016
KICS2	-0.1043747455193799	-0.00895462254234416
KIDINS220	-0.0389571693759834	-0.0022065730306250753
KIF11	-0.4197377269829134	-0.03126332511886833
KIF12	-0.725659201853816	-0.01784468543278719
KIF13A	0.0657950027562346	0.0045529483957286775
KIF13B	-0.1457178284775908	-0.0050999782788872005
KIF14	-0.8334646968599468	-0.030806522125337358
KIF15	0.6471973830527582	0.023615585310212094
KIF16B	0.178908902881528	0.0054805164219698475
KIF17	-0.0804257468345432	-0.0024726091606811964
KIF18A	-0.3393222906165519	-0.014847046825927229
KIF18B	-0.0380357428476907	-0.002186218427399566
KIF19	1.1727260912572115	0.02944363397319481
KIF1A	0.2705438389208723	0.009136265440357859
KIF1B	-0.3589616296163121	-0.010799719588636366
KIF1C	-0.5997830870035925	-0.03437416849926289
KIF20A	1.459588571878152	0.08438027492884785
KIF20B	0.7838679255677958	0.026332475223598963
KIF21A	0.013360939758259	0.0019521936299587389
KIF21B	-0.3334881118109118	-0.03567789215397859
KIF22	-0.8585148572636045	-0.07175810582952112
KIF23	0.048267245963133	0.00160700968709655
KIF24	0.4322544628462214	0.016759802287936543
KIF25	-0.3380152473145647	-0.0038209243556438397
KIF26A	0.2247937763757126	0.002387984286439195
KIF26B	0.7239895683016482	0.01163161640433428
KIF27	-0.8456899676733531	-0.020495296366563713
KIF2A	-0.0112735765574141	-0.0003886790989699659
KIF2B	0.8028829884680583	0.061973734996860944
KIF2C	-0.25031848993174	-0.014722982622315152
KIF3A	0.4378390118319201	0.05476446576092473
KIF3B	1.067825780492058	0.15689777757925905
KIF3C	-0.1279295075386317	-0.010679427359817435
KIF4A	-0.8817704755762488	-0.06029370157895273
KIF5A	-0.6297070127204407	-0.05382042867020335
KIF5B	-0.2731777329726149	-0.028541882718711775
KIF5C	0.3299464761577586	0.01385610226624507
KIF6	0.617900760248611	0.07807361475969274
KIF7	0.7991962664874745	0.018431863494000625
KIF9	1.6580806567125626	0.14423477824676909
KIFAP3	-0.0623732059916556	-0.01609241189225913
KIFBP	0.6177150070936925	0.03313485069551276
KIFC1	-0.8126795812440804	-0.0260154987547855
KIFC2	-0.1585752092803181	-0.00231805240925969
KIFC3	1.4003971325036848	0.04892567461828124
KIN	-0.0424746196888013	-0.00018166394840900317
KIR2DL4	-0.1425846453691211	-0.0036655660631493654
KIR2DL5A	-0.4308092785934144	-0.010850362490653735
KIR2DL5B	0.0953816769075419	0.0024055258916082065
KIR3DL1	-0.6183053887470332	-0.01658109561002919
KIR3DL2	-0.1487967007233512	-0.003987007595882195
KIR3DL3	0.5219012119102381	0.013735396095053646
KIRREL1	1.0237273965019622	0.0375103955352284
KIRREL2	0.0902016306945422	0.0017113955391675493
KIRREL3	0.2608211063818499	0.007458701179201762
KISS1	-0.0790701256077205	-0.002500592722344161
KISS1R	-0.5862529316931406	-0.017889508210616186
KIT	0.2354896651187177	0.020181464300674107
KITLG	0.3802012821613622	0.02361392143376004
KIZ	-0.510601124052741	-0.0005764686690555447
KL	0.5989464094232008	0.00878175225496297
KLB	0.3697330291330862	0.0060473534245007576
KLC1	0.7399664926028949	0.032050168694109184
KLC2	-0.0376675770102191	-0.0003585576655602756
KLC3	0.2209393105098568	0.005806064140888527
KLC4	0.31140228817182	0.034565031182495674
KLF1	-1.1113209289340469	-0.015829655311736565
KLF10	1.105034592262369	0.02113931174997912
KLF11	0.2143507790125472	0.0005661004073721372
KLF12	-0.5496570627216391	-0.00034408532126374607
KLF13	0.0442107579605905	0.0011512481372937767
KLF14	-0.3696935453698051	-0.007109946264552091
KLF15	-1.055976022031905	-0.02844693805751749
KLF16	-0.1003716825191791	-0.0011531702604628486
KLF17	-0.1172546361972057	-0.00019264936727200895
KLF2	-0.6727833832774579	-0.01191768485137689
KLF3	0.2160350452462105	0.0010948656093077947
KLF4	-1.0146872176322947	-0.030574555241696305
KLF5	0.1055536511480137	0.003098316322147646
KLF6	0.1803996716992187	0.0027943909146208976
KLF7	-0.3779363151212581	-0.00104839533814637
KLF8	0.6500086042372405	0.02036476957075274
KLF9	-0.1310012772854563	-0.0015594392048060718
KLHDC1	0.4467174687371529	0.0005132783715789888
KLHDC10	0.3413995025203382	0.0006206642955819748
KLHDC2	0.0948251751537272	0.0008038330097781454
KLHDC3	-0.37688448195695	-0.00022462315124634219
KLHDC4	0.5735741581110816	0.003962823858389463
KLHDC7A	-0.3529714975477025	-0.0024852723142333734
KLHDC7B	0.7328500919468388	0.0014356533301238571
KLHDC8A	0.0387867056553247	0.00010200903587350396
KLHDC8B	-0.2867811763811	-0.0002727288987384261
KLHDC9	-0.8687818571415358	-0.005969400140419493
KLHL1	-0.8588401320476602	-0.0082586067097703
KLHL10	0.2175610983908898	0.002774556687779018
KLHL11	0.0736227792194454	0.0014794497484147554
KLHL12	-0.2656951245967426	-0.005010212964520775
KLHL13	0.1407138695078831	0.0035368431100806417
KLHL14	0.3771066174045633	0.0002586951395395304
KLHL15	-0.5316761435802678	-0.012261515223248136
KLHL17	0.0500988882612533	0.0010318868015170343
KLHL18	-0.5439925103827377	-0.014714997405853055
KLHL2	-0.8447164523312565	-0.0036711377018316406
KLHL20	-0.575287279960827	-0.01525661866456113
KLHL21	-0.2283060754604781	-0.004871366732100221
KLHL22	-0.0878263077987449	-0.002457116613285486
KLHL23	0.1037146990155564	0.0004324902948948702
KLHL24	0.7415991539456573	0.013164126581689363
KLHL25	-0.8789680701510785	-0.01697814724303823
KLHL26	-0.1940079807150321	-0.00404390235002413
KLHL28	0.8474389074843394	0.0040202501771057055
KLHL3	-0.3436355422035332	-0.007301568000740674
KLHL30	-0.0316356455271448	-0.00048782165402857277
KLHL31	-0.7361229314814477	-0.014188033381373422
KLHL32	-1.0761672374381428	-0.0032726245690493923
KLHL34	0.3020433495802058	0.008188093163769799
KLHL35	0.8430082683261227	0.002539140904198282
KLHL36	-0.0730682322226635	-0.0014546423670887848
KLHL38	0.8197286829993431	0.006399621828175871
KLHL4	0.8207848208236381	0.002936768088906977
KLHL40	-0.583908587816973	-0.010330510735657885
KLHL41	0.6276818141344818	0.016541298847886
KLHL42	0.0679610623064042	0.0015811820756208
KLHL5	0.2630982470711113	0.0028380407911560773
KLHL6	1.0180278182037796	0.009623416965480329
KLHL7	-0.0961124759970366	-0.002529295918338015
KLHL8	0.4843630936235376	0.0036065675951208608
KLHL9	0.364952848739209	0.00908002687663152
KLK1	0.8274784251566903	0.02577760790048122
KLK10	0.1617238624342479	0.0010526606205845197
KLK11	0.1130415625784827	0.0017514659705910112
KLK12	0.8128465563203203	0.009334729852782558
KLK13	-1.3273179576532754	-0.024303191804631474
KLK14	-0.1831188411345762	-0.001364967841817131
KLK15	-0.4043901527043868	-0.004382780475010144
KLK2	0.8098850046402123	0.016848037751530334
KLK4	-0.0212662950116706	-0.0005466501132749928
KLK5	-0.6170398905996062	-0.005463271191368913
KLK6	-0.6928718114430674	-0.01624715110652849
KLK7	-0.444223292431512	-0.0034458400793912383
KLK8	0.2721794922582705	0.0073553785987875014
KLK9	-0.4019719912702109	-0.0021605994530773834
KLKB1	0.0999134863476769	0.003861556333851365
KLLN	0.9946993728012616	0.0012384007191375709
KLRB1	-0.0259642533943171	-0.0006848591117819022
KLRC1	-0.2168021561661513	-0.010334091575815768
KLRC2	-0.6073525449938546	-0.025305951139713945
KLRC3	1.296634168031751	0.04620685521197948
KLRC4	0.313866336566526	0.007348552538032073
KLRD1	-1.3009155254916744	-0.11126600397977741
KLRF1	-0.2387664803204251	-0.008167962525281423
KLRG1	0.4565485287581277	0.020950098887652962
KLRG2	-0.4727680040334501	-0.02681398288476519
KLRK1	0.7376145714929851	0.05050594493926768
KMO	0.2032861909100903	0.001161780581051166
KMT2A	0.9663927176035056	0.13194739609071224
KMT2B	0.4663323220246836	0.010493876242521455
KMT2C	-0.3521352254377106	-0.01087604857286913
KMT2D	0.5318938502686891	0.00676356220001665
KMT2E	0.8310393090726216	0.025016776321013127
KMT5A	0.2888566233338562	0.006166511194931162
KMT5B	-0.4070531382383969	-0.010990841785574955
KMT5C	0.3262741613847209	0.006433800188345311
KNCN	-0.319551429390655	-0.0008583151393432994
KNDC1	1.2296905152453783	0.020273907524850553
KNG1	-0.508080169733474	-0.014798851103826898
KNL1	0.8576527100264157	0.025650677251470043
KNOP1	-0.0003102556620987	-1.6403216855158267e-06
KNSTRN	0.3659498417931919	0.00200979653112821
KNTC1	0.5630710304786881	0.017216459827916367
KPLCE	-0.3366019276509523	-0.0007247039502325004
KPNA1	-0.124063182098003	-0.0037767313894274076
KPNA2	-1.3113498671445978	-0.03972734422514559
KPNA3	0.8621453943628972	0.10812251605244529
KPNA4	-0.3358589673606684	-0.025559203275114226
KPNA5	-0.066441675032154	-0.0017163213494306021
KPNA6	0.7980661308511668	0.005200996974757055
KPNB1	0.3655813084657941	0.042562072675513145
KPRP	-2.0620311958446704	-0.0020826515078031173
KPTN	-0.3688444084219302	-0.030750558330136322
KRABD2	-0.662053079015544	-0.00042437602364896366
KRABD3	0.0490395742391918	0.00033891249756705453
KRABD4	-0.518823064617869	-0.0005063713110670401
KRABD5	0.4469000179951203	0.0010949050440880446
KRAS	-0.2483402508193323	-0.008399363963211457
KRCC1	-0.205172353237074	-0.00042429642649426905
KREMEN1	0.3948147314819485	0.015058628673453
KREMEN2	-0.3889498095950714	-0.00909286864871358
KRI1	1.2964413616081938	0.0007687897274336589
KRIT1	-0.3986905407622531	-0.013810640332004446
KRR1	0.8117446737361806	0.0008710020349189218
KRT1	0.6620626932918976	0.003162673485855395
KRT10	0.452813824069524	0.0045856455963520695
KRT12	0.4154363540350523	0.0022848999471927877
KRT13	-0.0145771387782936	-0.00011209819720507777
KRT14	-0.4985430699267749	-0.04344603437183873
KRT15	0.1762322744949753	0.0016033612333552854
KRT16	1.0292826260858583	0.045042437000143244
KRT17	0.7099835828723771	0.006755493791030667
KRT18	0.7961290587585297	0.07020584491756218
KRT19	0.4137118371557068	0.0033791982858878133
KRT2	0.5702476064590521	0.004421129692877031
KRT20	-0.5609751075717184	-0.004711629928494863
KRT222	0.1048855045292838	0.0007928295287368563
KRT23	-0.0817396251539844	-0.0006603744316190399
KRT24	0.508122290880094	0.0014725383989705122
KRT25	-0.5158828391197763	-0.001803010522723618
KRT26	0.124469952593659	0.0007552836723383228
KRT27	-0.0077872871757453	-2.6165284910504207e-05
KRT28	0.5405590914186214	0.0018681722199427554
KRT3	-0.6384607323467344	-0.01609878736612291
KRT31	0.6566472624797817	0.002893187838485918
KRT32	0.8246646863801901	0.0021911340717121652
KRT33A	-0.2552925857272506	-0.0012728888324360715
KRT33B	-0.2157094920346765	-0.0012946883711921283
KRT34	-0.109176013226097	-0.00048725254702807093
KRT35	0.5725111759897502	0.0025866054931216916
KRT36	0.334622075635642	0.002133884976328489
KRT37	0.1236027038381855	0.0004588132366473446
KRT38	0.4099170861022265	0.0012826305624138667
KRT39	-0.1917856557928761	-0.000619275882555197
KRT4	0.4632305522472978	0.0019006349558706628
KRT40	0.824589437402695	0.002504278121391985
KRT5	-0.6943652473850173	-0.04857918143755058
KRT6A	1.0826219977347318	0.013997219808712347
KRT6B	0.2118279305242593	0.002308288958922854
KRT6C	-0.1270385406995918	-0.0015045174375052657
KRT7	0.1356525001010481	0.001158472350862951
KRT71	-0.2295500269221158	-0.000414337798594419
KRT72	-0.0175831728173157	-0.0001086464248381937
KRT73	0.0364786171496942	6.6682912149641e-05
KRT74	-0.0151387941022643	-9.523815369734471e-05
KRT75	-0.1789693367026487	-0.0038394291802819223
KRT76	-0.0129259662141281	-0.00011338657563033169
KRT77	0.2742533209581218	0.001872875928823014
KRT78	-0.2689018238638088	-0.0018723633995637004
KRT79	0.122515777516867	0.0009590535064020349
KRT8	-0.8523863319759732	-0.03982689897524538
KRT80	-0.2764901928906802	-0.003874733563169993
KRT81	0.8043405154160557	0.003749835482869652
KRT82	-0.426127024561626	-0.002063307052927393
KRT83	0.2979022770207163	0.0013232819145260217
KRT84	0.3390564343615339	0.0007625379208790898
KRT85	-0.5753579581474668	-0.00086763980088638
KRT86	0.6424756454716903	0.0028519493902488336
KRT9	0.0803286983388145	0.00041537969911000975
KRTAP1-1	-0.7157215878065204	-0.0017434977878966835
KRTAP1-3	0.3617702915686854	0.0007112403932240354
KRTAP1-5	0.4146110621753792	0.0002906423545849408
KRTAP10-10	-0.8837641361469213	-0.0013442052510794673
KRTAP10-11	-0.8377357175042709	-0.0005177206734176394
KRTAP10-7	-0.3832440536976041	-0.00023952753356100258
KRTAP10-8	0.7469930816402467	0.0009516691860096743
KRTAP11-1	-0.3342589678362586	-0.001477758896804099
KRTAP12-1	-0.5466115149865817	-0.0008139045458150202
KRTAP12-2	0.105135114072146	0.00039888262278972195
KRTAP13-1	-0.2007249395086466	-0.004156612047345054
KRTAP13-2	0.2666879280410555	0.004555029810941229
KRTAP13-3	0.1255769215956163	0.0008716294127951727
KRTAP15-1	-0.3014900350992603	-0.0073328406336842095
KRTAP17-1	-0.8509070224139745	-0.0003709954617724929
KRTAP19-3	0.8831160484521585	0.0020196864028100866
KRTAP19-4	0.7381370286201715	0.0025546922560544137
KRTAP2-4	0.1040972955948619	0.0005551508774073985
KRTAP20-1	-0.303840657376237	-0.0002695066630927222
KRTAP20-3	0.3527032618348107	0.00015730565477832558
KRTAP21-2	-0.6038716038663609	-0.0035755237664927227
KRTAP25-1	-0.3361244279041493	-0.0007381292436775119
KRTAP26-1	0.3331624280884036	0.001739441037049555
KRTAP27-1	-0.2537976340054944	-0.006130481849402717
KRTAP3-1	-1.0315459128619906	-0.008932156059471976
KRTAP3-2	0.3293826577830053	0.0020681937082194903
KRTAP3-3	-0.4651287645175533	-0.003139154031728967
KRTAP4-1	-0.2073334256155347	-9.247070782452847e-05
KRTAP4-11	0.5190184663383726	0.0002890932857504735
KRTAP4-12	-0.1281319999744503	-0.00011647198797677532
KRTAP4-2	0.6699904695820277	0.0002807260067548696
KRTAP4-4	-0.4010791103625783	-0.00018610070720823633
KRTAP4-5	-0.6361199341604191	-0.00026526201254489475
KRTAP4-7	0.2269454746851518	0.00010167157265894801
KRTAP5-1	0.5958729937088124	0.00029972411583553265
KRTAP5-11	-1.4715443315263708	-0.0006636664935183932
KRTAP5-2	0.661031166913481	0.0002915147446088451
KRTAP5-3	0.539112719413839	0.0002458354000527106
KRTAP5-4	-0.5343464064608506	-0.0002703792816691904
KRTAP5-5	0.2854598843802952	0.00011960769155534368
KRTAP5-6	-0.0790074338729863	-3.697547905255759e-05
KRTAP5-7	-0.6914242690508889	-0.00029592958715378046
KRTAP5-8	-0.1784728275121189	-8.156208217303834e-05
KRTAP5-9	-1.278353524818733	-0.0006673005399553786
KRTAP6-2	0.1019818988653847	0.0004338309977733465
KRTAP6-3	0.7416662113468722	0.010657001790843206
KRTAP8-1	-0.2225758252668178	-0.0009481730156366437
KRTAP9-2	0.2239515336357136	0.00010279375393879254
KRTAP9-3	-0.0717197275001542	-3.313451410507124e-05
KRTAP9-4	-0.3410412092303903	-0.00017972871726441568
KRTCAP2	0.5345684090675543	0.022081951841762534
KRTCAP3	-0.333595661925518	-0.0021276731317609538
KRTDAP	0.285189350010042	0.0016720651591088762
KSR1	0.0831254098292543	0.009082365403354154
KSR2	0.9487412773290744	0.07355211626621382
KTI12	0.8995572874755187	0.0643291407419493
KTN1	0.6065561035130212	0.5755720046333691
KXD1	-0.2326779058781602	-0.03121025090496702
KY	0.071939003936492	0.000930674893926397
KYAT1	-0.1037563903818384	-0.00032496501467591785
KYAT3	0.621764367341828	0.001616587355088753
KYNU	0.0457539823344155	0.00012650976115465885
L1CAM	0.5577283040097241	0.014406679820875182
L1TD1	0.0970423322831744	7.307287620923032e-05
L2HGDH	-0.7143574853583228	-0.0141235618430194
L3HYPDH	-0.769009452627939	-0.0030968010657327102
L3MBTL1	0.2979801773126668	0.007075837290466585
L3MBTL2	-0.6192894729759761	-0.006836336492181801
L3MBTL3	-0.0130795906622215	-0.00033846056756630576
L3MBTL4	-0.4900751357769757	-0.002527807550337641
LACC1	0.3145674945680217	0.00022869056855095177
LACRT	-0.239193420952799	-0.00912762094355881
LACTB	0.8466066129980078	0.016200664146329875
LACTB2	0.0251053368971402	0.00037346699168185765
LAD1	0.0344414762508448	6.809079854792018e-05
LAG3	-0.1093861431143156	-0.005836188279721195
LAGE3	-0.2953342706405566	-0.02928357427109375
LAIR1	-0.2128253109864297	-0.0063458122976823746
LAIR2	0.267220901131208	0.010185926309319386
LALBA	0.5501682655377017	0.014138224087787858
LAMA1	-0.1094347270378844	-0.0031689013908360185
LAMA2	-0.3738364922186055	-0.005080437929250848
LAMA4	0.0987000641992538	0.002665099133508251
LAMA5	-0.0527878119691802	-0.001469084807102285
LAMB1	-0.3856608277286929	-0.021730444999200932
LAMB2	-0.6212967638159086	-0.016300963192237995
LAMB3	-0.0086101703350153	-0.0002902144013120257
LAMB4	1.1720042974925802	0.03256648341442633
LAMC1	0.4233951595136367	0.018538357059304584
LAMC2	-0.1172244880688764	-0.003300572686067284
LAMC3	-1.28197697311985	-0.05316614902922642
LAMP1	-0.8553139214040602	-0.018588537453874437
LAMP2	1.1800900666207672	0.028186451241237025
LAMP3	1.0912087419300622	0.010438502825302976
LAMP5	0.0048323619357739	2.789239309328695e-05
LAMTOR1	0.469787344407233	0.036365768543219504
LAMTOR2	-2.3556063268724317	-0.17099110766134296
LAMTOR3	0.6136400276327562	0.026611727078349738
LAMTOR4	-0.5226326714166396	-0.01621885969207258
LAMTOR5	0.0647140564512634	0.001963424472731331
LANCL1	-0.1024244523624668	-0.00010846749505185235
LANCL2	-0.0800964470795531	-7.76935536671665e-05
LANCL3	-0.2558335785369217	-0.00018829351380317434
LAP3	0.90559637238181	0.031704023400714786
LAPTM4A	1.055096635255243	0.009575001964941331
LAPTM5	0.1690347488490457	0.00338678022793948
LARGE1	0.2477839580974524	0.004276255548845833
LARGE2	-0.1447409487734728	-0.0021204548995313764
LARP1	-1.0432017434478904	-0.03582563427348745
LARP1B	-1.2459978883120535	-0.03962522484409992
LARP4	0.2891337042355397	0.0005964828318379184
LARP4B	0.9860177834666108	0.0011240602731519363
LARP7	-0.3930849292921134	-0.0003753961074739683
LARS1	-0.5992997684252279	-0.09802087082386186
LARS2	0.4785896429706604	0.005140052765504893
LAS1L	-0.0542887031315868	-0.00074994414505974
LASP1	-0.3204444921739518	-0.013085350837923324
LAT	0.3539827995091268	0.009055233994242972
LAT2	0.4004646391416773	0.012253817493096184
LATS1	0.797438646039602	0.014860269168947983
LATS2	0.3240591799489664	0.0064082702834908105
LAX1	-0.0010002226865031	-3.3553470241432994e-05
LAYN	-0.2016908031243288	-0.0032540794176079205
LBH	-0.0630695126763773	-0.00027391089355350656
LBHD1	1.011667106091928	0.0018614674752091475
LBP	0.5456373237449585	0.015165989413491123
LBR	0.2853757919095336	0.00901958727909272
LBX1	0.1001476941800915	0.00032107350754137336
LBX2	-0.2809956115195273	-0.0019548864693413512
LCA5	-0.4426848773507407	-0.005413150680244857
LCA5L	0.008977499476495	6.37222912841615e-05
LCAT	-0.1836919890312904	-0.005356091016174365
LCE1B	0.2312832304601245	0.004212824042831168
LCE1C	-0.1078831560504592	-0.0006726514779746131
LCE1E	1.2209969028838803	0.012152582174403261
LCE2A	-0.2116839282470504	-0.00024724682819255486
LCE2B	-0.7525241339520794	-0.005366249599212278
LCE2C	1.271377079370417	0.01027272680131297
LCE3D	0.2855518451748802	0.001399204041356913
LCE3E	-0.5934912067297471	-0.004007252627839252
LCE4A	0.7102663309724155	0.005194887944732248
LCE5A	-1.0306263172659582	-0.01255302854429937
LCE6A	-0.4973415833135552	-0.001100119582289584
LCK	1.4297286494415138	0.05354905683618246
LCLAT1	0.4026649036426447	0.001646496790994774
LCMT1	-0.0966403966466762	-6.909788360237349e-05
LCMT2	0.1867643311428604	0.00017817317191028882
LCN1	-0.193867531078084	-0.0015827345237214776
LCN10	-0.4512605786825845	-0.0018109087022532117
LCN12	-0.4311888050244998	-0.005667114464437001
LCN15	-0.9747219686319402	-0.010043535164783512
LCN2	0.6436511380273489	0.01824300420510915
LCN6	0.99591600942975	0.006894726533282159
LCN8	-0.5332579765854659	-0.0029382514509859172
LCN9	-0.0968003976638123	-0.0005109124988696012
LCNL1	0.2893367046022531	0.0012661374193394593
LCOR	0.1997588862104977	0.005087059796236534
LCORL	0.8755674199896331	0.015202477113279999
LCP1	1.3230484918164995	0.1592183016021812
LCP2	0.1672549076639846	0.008265235772031128
LCT	0.978656176591752	0.009938253473289242
LCTL	0.8680752045531045	0.013067136054137882
LDAF1	0.01518243648554	0.00015926375873331458
LDAH	-0.0474399090101007	-0.00016001481309106967
LDB1	-0.5361810555568245	-0.016024307026371257
LDB2	0.981149366781271	0.027733168001439403
LDB3	1.025162866752745	0.039305769474166995
LDHA	0.5587063270483853	0.04104424290395553
LDHAL6A	0.1429605222961149	0.0038409203525297184
LDHAL6B	-0.9780530659596532	-0.04783853156221856
LDHB	0.2587371590481635	0.02230417805858789
LDHC	-0.198987503629903	-0.014856606008512189
LDHD	0.1662779421181359	0.005201174029455292
LDLR	-0.1679337773569291	-0.00679795930740849
LDLRAD1	-0.6897468048029113	-0.005611090257071683
LDLRAD2	-0.090057593475424	-0.001651656264339276
LDLRAD3	0.0688895982369079	0.0005482234227693131
LDLRAD4	0.3607822080795799	0.00074717995293281
LDLRAP1	-0.4232117268566755	-0.02512311774139283
LDOC1	0.4424333107703536	0.012634568055668987
LEAP2	0.3435035437426927	0.003205918573750551
LECT2	0.1676565476516181	0.0002702623548144084
LEF1	-0.7611972681587638	-0.021656062279116827
LEFTY1	-0.4096667846387635	-0.011183903220638244
LEFTY2	0.557847198352387	0.015009436718869326
LEKR1	0.4644475735977889	0.003477318983526645
LELP1	0.0935427885730303	0.0011931382682490016
LEMD1	-0.5582375839437791	-0.0037775937305475527
LEMD2	0.0023941337805642	2.486307931115922e-05
LEMD3	0.3925607375396093	0.03267322274615922
LENEP	-0.3154863465863535	-0.000375744238784347
LENG8	0.0477735989772466	0.0008036474819952422
LENG9	0.0797185879986871	0.0002707243248435414
LEO1	0.3233582600294741	0.0008281205039354831
LEP	0.1674084087512496	0.01239341190826376
LEPR	0.2509021953686047	0.015670598416136942
LEPROT	-1.021394287132252	-0.041215302274360634
LEPROTL1	-0.5745017735887008	-0.013875941337487891
LETM1	0.7200991817210078	0.03451363368070619
LETM2	-1.0338909132092338	-0.016877235267227533
LETMD1	-0.6829532399654807	-0.01241608990257244
LGALS1	-0.3659769751467268	-0.011242812676507447
LGALS12	0.0043838508389534	3.149796827788018e-05
LGALS13	0.0586519995289439	4.117370366931862e-05
LGALS14	0.5314394949510544	0.00045491220767810255
LGALS2	-0.3750915346677681	-0.009170612931092262
LGALS3	0.1779882621940858	0.011543072768073046
LGALS3BP	1.2871896273342622	0.08091660154311373
LGALS4	0.5368954472806639	0.020708057401615205
LGALS7B	-0.7711368896977484	-0.0007117593491910218
LGALS8	0.3946170704752142	0.013074452778984799
LGALS9	0.642356998459764	0.04223561500572794
LGALS9B	0.7294532256155926	0.03730132014507894
LGALS9C	0.1751648324213403	0.023129114802578614
LGALSL	0.1984621412897081	0.0003354010187796067
LGI1	0.0278601246843624	0.000912753404909081
LGI2	0.3899651411076627	0.013066951948235563
LGI3	-0.7588794865143592	-0.010989333844214437
LGI4	-0.4400034114680317	-0.009797555963158662
LGMN	0.0333309754726807	0.00021318491912326575
LGR4	0.7763460924007068	0.022249302662111857
LGR5	-0.3014344399966727	-0.011981114686547749
LGR6	-0.0756140668851905	-0.0023225616784455115
LGSN	-0.618872719974836	-0.0003521385776656816
LHB	-0.2272973022835111	-0.005501276607167819
LHCGR	-0.155087456474248	-0.004125636517127945
LHFPL1	0.4451209171920043	0.0016255815895851997
LHFPL2	0.4687114234378352	0.0027991446207707516
LHFPL3	0.3108315947137399	0.0021643203939917706
LHFPL4	-0.8259125734343598	-0.004717612619457063
LHFPL5	0.4217987477809832	0.0021967278784433605
LHFPL6	-1.0017002982140562	-0.007007895286305537
LHFPL7	0.9489341334522376	0.002390365082166187
LHPP	0.4919454215935452	0.007379181323903178
LHX1	0.293892379738918	0.00511754800839378
LHX2	-0.2986037811823687	-0.007512572530767214
LHX3	-0.0725290584341332	-0.001285142386394406
LHX4	-0.0555096651883092	-0.0014667873929358824
LHX5	-0.7231597543569985	-0.013741481652291688
LHX6	0.6707689348536142	0.0125923452140069
LHX8	-0.5563892446061366	-0.009774089859996001
LHX9	0.3168334045077713	0.006582530812053456
LIAS	-0.4079868948816474	-0.00497050434034311
LIAT1	-0.2113949762610977	-0.0005680183012135696
LIF	-1.0950303484244843	-0.03171864907246361
LIFR	0.0347742554904736	0.002085829392829588
LIG1	0.9246098853427078	0.049123598598372724
LIG3	0.8739421067301655	0.08707085209352639
LIG4	0.0104492760112875	5.684406150140401e-06
LILRA1	-0.0167306348913856	-0.0005366183835063017
LILRA2	-0.7318504333558312	-0.02273786111393232
LILRA3	-0.0203193037166306	-0.0006517416667109264
LILRA4	-0.4718143334522137	-0.014394111684960135
LILRA5	-0.8771002364623577	-0.025838495865944593
LILRA6	-0.5978283146639616	-0.01810104571139543
LILRB1	1.55586185666845	0.0428095389862324
LILRB2	0.4098132563425408	0.012653803916088632
LILRB3	-1.009972779200745	-0.0271197890670984
LILRB4	-0.1069812900662752	-0.0028298690848331115
LILRB5	0.1790533035457793	0.005292994706116782
LIM2	0.908475876587004	0.008874900838378443
LIMA1	0.1321922454626299	0.0020616702602351757
LIMCH1	-0.0251009099711077	-0.00039759841394234593
LIMD1	0.3326132446064871	0.008737084709323203
LIMD2	0.504417942780598	0.011611196624866586
LIME1	-0.296672135459006	-0.004057881468808284
LIMK1	0.1387719867881745	0.0035002458227581254
LIMK2	-1.1124356183172832	-0.026837509291904458
LIMS1	0.613258453445322	0.008345221034483942
LIMS2	-0.5108597892593553	-0.006973746983179459
LIMS3	0.1753737543424115	0.003091839289056715
LIN28A	-0.4378063120181772	-0.010430735383833071
LIN28B	-0.5803162919798822	-0.004791091306585908
LIN37	0.8509367454668051	0.016823019457878736
LIN52	0.1448772057860069	0.0001973227542805414
LIN54	-0.3524045279154643	-0.009532190075585393
LIN7A	0.4869185355227602	0.00963709165506647
LIN7B	0.5502396604454513	0.007384766482838401
LIN7C	-0.0611126203593131	-0.0009154059403621509
LIN9	0.4520237126104763	0.2563593722987677
LINGO1	-1.181588086466867	-0.0914986366517348
LINGO2	-0.1270616272502671	-0.00510902097010599
LINGO4	-0.0996597303146574	-0.002668189959714323
LINS1	0.3771997715058692	0.011284308364369583
LIPA	0.5776904660631024	0.005399672786291818
LIPC	0.6100353665110472	0.01593412377326855
LIPE	-0.5512698161896317	-0.00042006759993649934
LIPF	0.9777877200531838	0.008255461720409031
LIPG	-0.5136664893276418	-0.010253810459958386
LIPH	-0.8424168275783921	-0.014969747026068028
LIPI	0.5799519473384656	0.005621474225551747
LIPJ	-0.5485642814369733	-0.004976026596914785
LIPK	0.5556139846359937	0.0045971501088782115
LIPM	-1.0250415934469337	-0.008611374426547691
LIPN	0.195421283956109	0.0020532914305268373
LIPT1	1.187029296543438	0.015737634413572902
LITAF	1.2100274408796612	0.0020630967866998224
LIX1	-0.0847695141948001	-0.002104911806971081
LIX1L	-0.1599326813592405	-0.008662273887779183
LKAAEAR1	-0.2994550426705562	-0.008986346375500722
LLCFC1	-0.6177678196000156	-0.005752653936115346
LLGL1	-1.9856114862333776	-0.052823222368266545
LLGL2	0.3755708525582728	0.0027127482680284047
LLPH	0.1790593015288042	0.00010260097977600482
LMAN1	-0.2542841692531002	-0.00638863546831489
LMAN1L	-0.5899345885598046	-0.003480024137914287
LMAN2	0.3670506777162953	0.011176326085783476
LMAN2L	-0.106786533222509	-0.0007664069489379471
LMBR1	0.4581346179171867	0.005968577802225108
LMBR1L	-1.1366776226717683	-0.005809559329475408
LMBRD1	-0.5415557279618178	-0.004274499360802628
LMBRD2	1.0380927117917986	0.00923487276409984
LMCD1	0.5282174456181687	0.014583027238626404
LMF1	0.3346764506235849	0.005288557272753889
LMF2	-0.6729378891938449	-0.010127715232367366
LMLN	0.3728867089012581	0.004941494666359472
LMNA	0.0101969501974745	0.0011420890129677365
LMNB1	1.8218000655535136	0.06921382809050909
LMNB2	-0.0197688129287586	-0.0008209592633054872
LMNTD1	-0.2400486890153755	-0.00014835008981150204
LMNTD2	0.864063600686643	0.00122005780416954
LMO1	-0.276273631863095	-0.006812907761743923
LMO2	-0.1903597624326281	-0.004899669925253414
LMO3	1.388982715428223	0.022604304710878903
LMO4	-0.453234546971922	-0.011551588898673375
LMO7	-0.7204880362610926	-0.018796812378015646
LMOD1	0.2821486814128872	0.0021748020363305345
LMOD3	-0.1071756305949524	-0.0013296208731609796
LMTK2	0.0362424790531104	0.0016776643553684802
LMTK3	0.506809439144426	0.012935297315283185
LMX1A	-0.3117533454983625	-0.008653337610998048
LMX1B	0.912459702926379	0.02535360530551237
LNP1	-0.6069132413861683	-0.0003835691685560584
LNPEP	0.4009095709811823	0.003158365600189754
LNPK	0.9264740642859784	0.0343592171481098
LNX1	0.7123422625332636	0.041885725036955895
LNX2	0.5111517641791563	0.010489345352720466
LONP1	-1.1543321180324124	-0.3010532793792073
LONP2	0.8776289121859909	0.016633700772661086
LONRF1	0.0989586280609301	0.002829721969402296
LONRF2	0.3073089018300421	0.007859732473205157
LONRF3	-0.9454976955624868	-0.06645808752339163
LORICRIN	-0.2754475604708717	-0.007437084132713536
LOX	-0.542383666656698	-0.01443662605540133
LOXL1	-0.080606416309093	-0.0022911567771696597
LOXL2	-0.0782039741139097	-0.0008698628040690175
LOXL3	-0.6991508027544088	-0.006441276345776369
LOXL4	1.526579611981639	0.014056745067126931
LPA	0.5983243162183175	0.013410841223717369
LPAR1	0.0196872704428652	0.0008387958444887147
LPAR2	0.0964609785382683	0.0021505975165106916
LPAR3	0.7724784824455244	0.015934686135886278
LPAR4	-0.0348394553396618	-0.0010227470509511117
LPAR5	-1.7742634124691956	-0.018345883684931483
LPAR6	-0.0413865139380154	-0.000985992308059279
LPCAT1	0.2288233608990475	0.006465632885563486
LPCAT2	0.0528024007825717	0.00040531122840702034
LPCAT3	-0.5015588163655805	-0.05023713416480928
LPCAT4	0.4252214460531295	0.0025334693755845457
LPGAT1	-0.857801000181586	-0.004385936513928449
LPIN1	-0.5530747360098466	-0.016777522116858696
LPIN2	0.4026351347834293	0.011995305935467927
LPIN3	-0.2836774867639942	-0.010727547839467205
LPL	0.3173797321020073	0.0018820618113649034
LPO	0.5945699498014055	0.004452734354062726
LPP	1.0250895010034853	0.018366528589479444
LPXN	1.0799288684168489	0.024026257464538053
LRAT	-0.6835594729294119	-0.001028757006758765
LRATD1	0.5369598667478381	0.0005224619503456465
LRATD2	-0.8497863119398172	-0.000530266658650446
LRBA	0.4923309646220724	0.01616667188529499
LRCH1	1.454270434441315	0.03422189186327303
LRCH2	0.1775726023316855	0.0038602508020885115
LRCH3	-0.3871764356148658	-0.009746392413733018
LRCH4	-0.0574707992505087	-0.002864057280649101
LRFN2	0.0750554163750395	0.002413256802706645
LRFN3	1.082806348460569	0.04866240010616643
LRFN4	0.9440071524031378	0.04492341236856052
LRFN5	-0.4149933098014889	-0.011629772513876925
LRG1	-0.3383536321241178	-0.01070923081036045
LRGUK	0.9159670259950338	0.04406808958764707
LRIF1	0.6461798583617093	0.014765209763565058
LRIG1	-0.0208770906733708	-0.00066679339901679
LRIG2	0.034879850686545	0.00191309005045562
LRIG3	0.1855964008813313	0.004781148883103976
LRIT1	-0.4133917934347267	-0.006213278655323943
LRIT2	-0.0247261716514334	-0.0008753064764607423
LRIT3	0.5254715634069761	0.014649621716223088
LRMDA	-0.1182711435347857	-6.907034782431484e-05
LRP1	0.1989057752170573	0.005806855201686771
LRP10	0.0340494720878175	0.0014197948871178142
LRP11	-0.2689725799853211	-0.007286198219222362
LRP12	-1.107449271227654	-0.03486914775387392
LRP1B	-0.5109267043702188	-0.014374411900751735
LRP2	0.2361208051668903	0.006092152894110937
LRP2BP	0.3136314525649843	0.018195955983462693
LRP3	0.1983591881607018	0.002913499755704388
LRP4	-0.9713314978071184	-0.025839360504664965
LRP5	-0.6078543510807414	-0.01541336278035436
LRP6	1.2253552203757507	0.03154799550379408
LRP8	0.4222233601840715	0.024042664798961583
LRPAP1	0.09073163899529	0.0035965114381343007
LRPPRC	-0.4770903891247889	-0.03217640711374314
LRR1	-0.3523077168282961	-0.009512660662080823
LRRC1	0.1739062495064163	0.004966414673404237
LRRC10	0.3102409587510535	0.000174045177859341
LRRC14	0.7032186001082328	0.0015428616086374629
LRRC15	0.7799069571268327	0.03710485339226619
LRRC17	-0.1141368225409251	-0.0019362170575842534
LRRC18	0.0874306910365896	8.052366644469903e-05
LRRC19	0.3631279643371244	0.009930097312763004
LRRC2	0.213353142883857	0.00014017301487469406
LRRC20	-0.2927393498949305	-0.0027763399944035205
LRRC23	-0.6706186383023647	-0.0015591883340529977
LRRC24	-1.0899540039714477	-0.02740362356785014
LRRC25	-0.6986350083540216	-0.02173104193485184
LRRC26	-0.4685193637562349	-0.012350638947978106
LRRC27	-0.535530453955908	-0.0003700515436835324
LRRC28	0.1857245442523533	0.0006034190442758959
LRRC3	0.2555617562493871	0.0009765014706289081
LRRC31	-0.0813517651873935	-0.0012389060320388155
LRRC32	-0.6544919032056064	-0.018505104071235314
LRRC34	-0.4314638721520792	-0.0004012614011014337
LRRC36	-0.8303383272582132	-0.03869957841852355
LRRC37A	-0.1491116766105891	-0.003798172626624926
LRRC37A2	-0.6993450684070924	-0.020369124462424972
LRRC37A3	-0.4297943113247728	-0.010813195078619959
LRRC37B	0.4515736660336923	0.01309112057831674
LRRC39	-0.2133691683758103	-0.00040881532660805254
LRRC3B	-0.5442752169531019	-0.004623617968016601
LRRC4	0.8914737027754907	0.054058965336305755
LRRC40	0.1208595544118984	0.0038778996628601723
LRRC41	-0.4457010470572869	-0.010975833984832747
LRRC42	0.1964162498208843	0.0001724534673427364
LRRC43	-0.221958736205807	-0.0001176381301890777
LRRC45	0.493335636277221	0.013393569189290272
LRRC46	0.0918210000236648	0.0004600232101185607
LRRC47	0.231065205611999	0.00013540421048863143
LRRC49	0.1514355928296789	0.013039967462970821
LRRC4B	1.8736826790607344	0.06645765094360519
LRRC4C	0.2698960637436366	0.013874277052805384
LRRC52	0.2521621632830506	0.01204603870219461
LRRC55	0.0866440658835117	0.0022738002209809973
LRRC56	-0.6398343844291039	-0.0003966973183460444
LRRC57	-0.02651992573223	-0.00015853611602727094
LRRC59	0.6174388032662725	0.00038836900725448543
LRRC61	-0.6870530487653009	-0.018788839724584686
LRRC63	-0.2836551097356948	-0.00016338534320776022
LRRC66	0.0507435312479237	0.0021357952302251087
LRRC7	0.1940077624400735	0.0015671947049909138
LRRC70	0.0008933751343637	1.2564427889691077e-05
LRRC71	1.3878705048347295	0.0011144600153822877
LRRC73	0.3730766789500895	0.0038550013235912747
LRRC74A	-0.3953700844476924	-0.00024394334210422623
LRRC75A	0.4793339846893077	0.0002823277169820022
LRRC75B	0.4463958108740254	0.000245517695980714
LRRC8A	-0.5589442269333358	-0.018964977619848084
LRRC8B	0.1190162597958162	0.0020744534082410768
LRRC8C	0.1069460658339699	0.001094486037744848
LRRC8D	-0.0088679189459548	-8.133655257229742e-05
LRRC8E	0.046826346447564	0.00037540681947012056
LRRCC1	-0.4764358396727041	-0.01996409098980532
LRRD1	0.8677949246178153	0.013351024915245088
LRRFIP1	-0.3094747849902109	-0.010966548480913114
LRRFIP2	-0.2279999646417157	-0.011779846173178883
LRRIQ1	0.9977455897834168	0.0006664940539753224
LRRK1	0.3491109266207348	0.010528138214101498
LRRK2	0.6137683178815893	0.010718849903484075
LRRN1	1.0173651046707866	0.05625927292318983
LRRN2	-0.0879814406691235	-0.002366700753999422
LRRN3	-0.5824809940886488	-0.020141610294591387
LRRN4	0.9037506789421093	0.020006328779741473
LRRN4CL	-0.647902508073545	-0.004391483199722488
LRRTM1	0.284982037752557	0.008561430378162318
LRRTM2	0.5773732024797573	0.03052687596150973
LRRTM3	0.066543116039377	0.0018726563715801476
LRRTM4	0.4722768837366866	0.012623488825397895
LRSAM1	-0.1651221157090364	-0.004765424259362791
LRTM1	0.1467916970779862	0.002934072441194788
LRTM2	0.2663875822778883	0.0069718958033768924
LRTOMT	0.7399842482833703	0.007723215599333535
LRWD1	-0.160423397691764	-0.022397191821940245
LSAMP	-0.5495013135027207	-0.017935722872728804
LSG1	-0.2653371030169755	-0.00013293388861150473
LSM1	-0.5366773912798493	-0.08855123288378385
LSM10	0.7911527017108828	0.00047390046832481884
LSM11	1.258114802851117	0.0007146092080194345
LSM12	-0.0529438897628703	-0.0013305328936306937
LSM14A	-0.1189949777500524	-0.00015338452631981754
LSM14B	-0.4697884512037573	-0.0007253533686586012
LSM2	-0.8454310731697154	-0.00037452596541418394
LSM3	0.1445970095978139	7.157551975091789e-05
LSM4	0.5239817390267132	0.0009882295598043812
LSM5	0.0587271141214926	2.730810806649406e-05
LSM6	-0.6861608291077835	-0.0003142616597313649
LSM7	-0.4922267515298727	-0.09780693220924029
LSM8	-0.0643170908086123	-3.4281009400990355e-05
LSMEM1	0.3350347796959366	0.0008355767405616659
LSMEM2	-0.7341361283426345	-0.02165701578610772
LSP1	-0.2651585229302471	-0.004667055162095279
LSR	0.8097735556805367	0.006109741477609649
LSS	-0.3329412632623373	-0.002611924210293036
LST1	-0.5993836849438482	-0.00799517897346599
LTA	-0.1987811652712012	-0.015446886790894504
LTA4H	-0.842160658378903	-0.014795078446400567
LTAP1	0.3793790072658232	0.0020057768114144074
LTB	0.7019261900410736	0.03171583297081587
LTB4R	-0.1026418000981867	-0.003466213589315765
LTB4R2	-0.0989178907763376	-0.0033541078404440553
LTBP1	-0.19520703920596	-0.005604394095603112
LTBP2	-0.6214710796322764	-0.015715760661741008
LTBP3	-0.3346216255329668	-0.008385952557481681
LTBP4	1.1131871349387734	0.03051357255580672
LTBR	0.9422044565150686	0.034370676369213184
LTF	0.8376733961218787	0.03375656251691947
LTK	0.3522969052425866	0.010000299952216064
LTN1	-0.0324723208983703	-0.0005241032592996967
LTO1	-0.3766694091653164	-0.0006994750928199925
LTV1	-0.489492404527421	-0.0005707481436789728
LUC7L	-0.2844423249845019	-0.00015928770199132104
LUC7L2	-0.257683961288243	-0.00012909966460540975
LUC7L3	-0.5346280168952123	-0.0002935107812754716
LUM	1.142166545831682	0.07198047788485842
LURAP1	-0.4435989654541328	-0.0005953098116394462
LURAP1L	-0.6759941041820989	-0.005497184055208828
LUZP1	-0.5773966413279852	-0.006586363487628327
LUZP2	-0.2446059531810781	-0.0004830967575326293
LUZP4	-0.534178288214557	-0.0003034132677058684
LVRN	-0.3031326655557718	-0.002140116618823749
LXN	-0.2346505037655683	-0.004102629407837196
LY6D	0.705000902137429	0.008412070764303803
LY6E	-0.2183047996703963	-0.0010028922496858005
LY6G5B	-0.4193288198474138	-0.002062259136009581
LY6G5C	0.3053153108944728	0.002176898166677591
LY6G6C	0.1418834122333297	0.0008507329397510449
LY6G6D	0.0880219162382817	0.0004500560577263344
LY6G6F	0.187832007194591	0.0047234114849223794
LY6H	0.5722686732628571	0.0026587602559792344
LY6K	-0.0703203883615635	-0.0004510349709510683
LY75	-0.0172894424933429	-0.0013560628430803637
LY86	1.4131532814019503	0.010368305625646109
LY9	-0.1493099132941608	-0.006611293650752146
LY96	-0.435599394090729	-0.016839401376759402
LYAR	1.4794359964975263	0.0007130881503118077
LYG1	0.6469322010313519	0.00043473843909306843
LYG2	1.0101845800303697	0.0006323755470990115
LYN	-0.677411731881556	-0.023077385470008968
LYPD1	-0.5042527574944775	-0.00511060169720653
LYPD2	0.4624508033980942	0.003245479738247825
LYPD3	0.2251812795075862	0.0016073439731251503
LYPD4	0.3300097014651262	0.0031624829691403043
LYPD5	0.1268886421351636	0.002773405051148271
LYPD6	0.6398799347031237	0.006513337855343096
LYPD6B	-0.7878799615996916	-0.007421041358307496
LYPD8	0.1665616814318005	0.0019199565018643645
LYPLA1	-0.7439894593971785	-0.000554272147250898
LYPLA2	-1.3772459688726202	-0.001156886613853001
LYPLAL1	-0.0274363362136413	-0.00022536206565884967
LYRM1	-0.6301537610580545	-0.000265924887166499
LYRM2	-0.1995740522086558	-0.0008769283854048336
LYRM4	0.3265280794217962	0.0003098751473712846
LYRM7	-0.393929225548038	-0.010662876277134291
LYRM9	1.365528347910841	0.0008357033489214347
LYSMD1	-1.0263681813033745	-0.0007687497677962275
LYSMD2	0.9719268378078968	0.0008582113977843728
LYSMD3	0.6791679112310788	0.0018582034051282316
LYSMD4	0.3987594467694946	0.006153655782546841
LYST	-0.423694207962063	-0.00386324378819809
LYVE1	-0.3876147101820704	-0.014936732856866083
LYZ	0.5940019266137975	0.010280391343904993
LYZL1	1.030913873752018	0.004370043910834804
LYZL2	0.2314320833866654	0.0010018694889808745
LYZL4	0.0799443385675746	0.00039548464289379157
LYZL6	1.724688295318026	0.012041773677910459
LZIC	-0.3164983580512829	-0.0017515019134557996
LZTFL1	0.9581407815572076	0.08530519006360131
LZTR1	1.0983848829761276	0.03143248019612784
LZTS1	0.3557815150365206	0.006204829622236919
LZTS2	-0.2605392889929676	-0.0010088081269807704
LZTS3	-0.0274292155727551	-0.00010442302368547867
M1AP	-0.6547950844952652	-0.08758997406767814
M6PR	-0.9641414870841178	-0.046959475269919046
MAB21L1	1.307285874955063	0.005192539495321511
MAB21L2	-1.0105437982410344	-0.004067438787920164
MAB21L3	1.281262496422577	0.004757327649217029
MAB21L4	-0.9085230964896438	-0.0050368520469385855
MACC1	0.6473260763220683	0.012189150017144545
MACF1	-0.290116746386952	-0.0016559863883767222
MACIR	-0.1627602466143666	-0.00011962878126155946
MACO1	-2.675319306270265	-0.02592384407775887
MACROD1	-0.0644836510704822	-0.000139478137265453
MACROD2	-0.4170059065375127	-0.0006280108952454941
MACROH2A1	0.8992053834626142	0.026175868712596702
MACROH2A2	-0.1325334514422721	-0.0037825047041624457
MAD1L1	-0.1127517137781268	-0.010466403334882177
MAD2L1	-0.8439388432313106	-0.6248523195284623
MAD2L1BP	-0.1307484760253865	-0.005274001277436015
MAD2L2	0.8110845874139272	0.10337435283507986
MADCAM1	0.5562423696382335	0.03718090871372844
MADD	0.6470395858654612	0.01497831937319956
MAEA	0.3673159807789177	0.030647008856288994
MAEL	-0.0657463915410434	-0.0023468174460575444
MAF	-0.5247732339935632	-0.015762088856230667
MAF1	0.3765767135569876	0.22275755310050552
MAFB	-0.4794573919090734	-0.01397090894283849
MAFF	-0.0352974402400584	-0.0010058358570807042
MAFG	-0.2088345557975443	-0.003124582623842858
MAFK	-0.5750138713616038	-0.00870916009564285
MAG	-0.4371017350299392	-0.026581904914110725
MAGEA1	-1.1509723839420456	-0.011227735605354654
MAGEA10	1.328202603022704	0.024615578841819776
MAGEA11	0.7975183866687824	0.015605839790334733
MAGEA12	0.2129053574381122	0.0018397151936227275
MAGEA2	-0.0654352292726126	-0.00032220306893834447
MAGEA2B	-0.2135554883812221	-0.0010515472247891377
MAGEA3	1.1373315691112786	0.017911834881933528
MAGEA4	-0.46605294583924	-0.01058965503535921
MAGEA6	0.4008536949286512	0.006313044841431328
MAGEA8	0.6667658935021746	0.009930144451927888
MAGEA9	0.2378408449905175	0.0038511189620864597
MAGEA9B	-0.370231289845447	-0.005994785045177479
MAGEB1	1.288448387195663	0.020369080553176235
MAGEB10	0.1641990688086111	0.001257272269867535
MAGEB18	0.3546740398073148	0.007077875138394775
MAGEB2	0.1326204876813491	0.0009463798000941072
MAGEB3	-0.0037478897368248	-1.5759876343348284e-05
MAGEB4	0.789080634993966	0.0033796323596791567
MAGEB6	0.7356477487497128	0.007875109150365675
MAGEC1	0.0229195758047229	0.0005122525192355568
MAGEC2	-0.1808734125816257	-0.0022582045560815968
MAGEC3	0.1931669817769764	0.0016871204188401118
MAGED1	0.5836885975695693	0.01584072484944054
MAGED2	-0.3193144446705102	-0.00795476144563175
MAGED4B	0.8427503149794193	0.024859448791262912
MAGEE1	-0.208312063324038	-0.00394438891904066
MAGEE2	0.3088322003071156	0.005554964786924088
MAGEF1	0.221638610781505	0.004216896208728915
MAGEH1	-0.4476057581625197	-0.006660373681458293
MAGEL2	0.8353145941298263	0.023410526815082513
MAGI1	0.1331537780493386	0.00406465222873411
MAGI2	-1.2426430979247864	-0.06889461863514601
MAGI3	-0.3745239972072816	-0.020212311081282575
MAGIX	0.619501177341357	0.02185290403071637
MAGOH	0.5293410169604067	0.00026625853153108457
MAGOHB	-0.6130943838510036	-0.0005107076217478859
MAGT1	0.0269885255010731	0.0005328074704421851
MAIP1	0.216409609769671	0.0004888693084696868
MAJIN	-0.2971110504853589	-0.001057121117626907
MAK	-0.0237156756109592	-0.0012157129631689904
MAK16	-1.2601065172461796	-0.0006716367736922138
MAL	-0.6774161445049873	-0.005863714146835171
MAL2	0.0715992095150374	0.0021355896222050204
MALL	-0.1349202272903208	-0.0008844020898880528
MALSU1	-0.103367312167937	-7.855915724763213e-05
MALT1	-0.3180458826892868	-0.011606130351097452
MAMDC2	0.6797831381802557	0.0066455599588501795
MAMDC4	-0.2797133463669565	-0.00778162529592873
MAML1	-0.8109692303744929	-0.025327380033825786
MAML2	-0.8999565558437378	-0.017512254620163294
MAML3	0.6272398413952415	0.009732880618929962
MAMLD1	0.6304817643854806	0.017114427494243873
MAMSTR	0.9612051433332016	0.012090038292845011
MAN1A1	-0.4982318865556953	-0.005387879621213289
MAN1A2	0.1319819860571859	0.0016794707725776906
MAN1B1	-1.623706847930947	-0.03184576240846966
MAN1C1	0.3347092693023853	0.004291642250995185
MAN2A1	-0.6764485187129187	-0.003777288528492938
MAN2A2	0.6797350976208081	0.004485571909199713
MAN2B1	-0.1571964888758209	-0.0008260675490424389
MAN2B2	6.450535214268947	0.025479614096362343
MAN2C1	-0.1225659364123685	-0.0006179774513911619
MANBA	1.015231437997923	0.005510676245452726
MANBAL	-0.3887566343409581	-0.005135086383009716
MANEA	-0.0109413729520023	-2.5712226437205406e-05
MANEAL	0.0054338828861031	1.9735862642326458e-05
MANF	-0.6701633284207629	-0.014093534796688643
MANSC1	-0.0844586809629298	-0.002063325575924375
MAOA	-1.0218260006540738	-0.02610663249071093
MAOB	-0.386803947413214	-0.00952582081294522
MAP1A	-0.126517886883249	-0.004032757644403562
MAP1B	0.2374307166873372	0.008722492238942706
MAP1LC3A	0.2659589801703685	0.007163871089869047
MAP1LC3B	0.7148084871729757	0.040929219167037414
MAP1LC3C	-0.339013209235235	-0.0010543310807215808
MAP1S	0.5376598080564438	0.05003462173773266
MAP2	-0.9085656677525902	-0.03629628986104822
MAP2K1	0.216264033487852	0.006774038320939988
MAP2K2	-0.1794725441207105	-0.016530857093870404
MAP2K3	-0.1418525269332583	-0.016683984955255176
MAP2K4	0.0790121237436183	0.0031608800103634497
MAP2K5	0.4071288832340248	0.03351729244112432
MAP2K6	-0.1869421459547824	-0.020434832916463218
MAP2K7	1.1274757033430296	0.0423558797474876
MAP3K1	0.4472332152438665	0.011884775461890509
MAP3K10	-0.0784206609046438	-0.0017145109093582272
MAP3K11	-0.5344434258803136	-0.013135016077860467
MAP3K12	0.4611038033376405	0.02373762379582173
MAP3K13	-0.955294179996738	-0.025342044006953467
MAP3K14	-0.1945351287313819	-0.011534571387869827
MAP3K15	-1.129809696408039	-0.03133075269109133
MAP3K19	-0.18531568116003	-0.0006521258820021456
MAP3K2	-0.6579822766240835	-0.017220712143805512
MAP3K20	0.1839969472656367	0.005235449137496427
MAP3K21	0.2542356130870376	0.006182755874663668
MAP3K3	-1.1104473587908128	-0.03331786255315955
MAP3K4	-0.3834429783337746	-0.012901322449018182
MAP3K5	0.6930086876872824	0.02422619770417202
MAP3K6	0.1353568932958588	0.004140973436600207
MAP3K7	-0.6596581382571611	-0.02670560006920291
MAP3K7CL	-0.6032731048962501	-0.002709299514089059
MAP3K8	-0.0698754193061884	-0.00207026892320375
MAP3K9	-0.019798962082014	-0.0004835104530048639
MAP4K1	0.3435384835601845	0.03561669582158569
MAP4K2	-0.5024309741834313	-0.015126186908766383
MAP4K3	0.3621015090167765	0.01500983175176342
MAP4K4	-0.8008223353680768	-0.042400339368398196
MAP4K5	-0.059235792865555	-0.0013931073766121225
MAP6	1.0619441723562988	0.01707500034731693
MAP6D1	-1.2137946617173427	-0.0024591479846393363
MAP7	0.1153743224227057	0.0008928818812293194
MAP7D1	0.4421034289931634	0.0023820532754151645
MAP7D2	-0.1452295976749228	-0.0010135573621732862
MAP9	0.2876596632761202	0.006321608760156017
MAPDA	-0.1438988574433865	-0.0006735905516924923
MAPK1	0.1969443289596459	0.015958398975600106
MAPK10	-0.6138318420083909	-0.036457928424246375
MAPK11	0.2527049671545568	0.0062809819586265095
MAPK12	-0.5257475429422018	-0.028471332440492
MAPK13	-0.3418683814236279	-0.01999143734050949
MAPK14	-0.3269811644433662	-0.01324731489625854
MAPK15	-0.3230579160406901	-0.01531649885740516
MAPK1IP1L	-0.7837484093697227	-0.001966424759108634
MAPK3	-0.5228406977246925	-0.05589167058676963
MAPK4	0.2100455787864444	0.019297727505425792
MAPK6	0.5964002367107257	0.03843620605529614
MAPK7	0.4744593360061356	0.014055857829181766
MAPK8	-0.6255065029362356	-0.03648079026424713
MAPK8IP1	-0.692525492241332	-0.006361539171728875
MAPK8IP2	-0.0401229140528038	-0.00041178146692392537
MAPK8IP3	0.880257381677551	0.025780978194572115
MAPK9	-0.2967684895449197	-0.005396734982374364
MAPKAP1	-0.6032211791756786	-0.012350350422442844
MAPKAPK2	0.1608859006577869	0.00882829202679474
MAPKAPK3	0.1613759637238725	0.005540843714459162
MAPKAPK5	-0.0518390464603388	-0.006031006504242277
MAPRE1	-0.1074746885599985	-0.008334017249696525
MAPRE2	-0.672334945214973	-0.05934229926950915
MAPRE3	0.1288734582715406	0.014065378109214212
MAPT	1.2853765804063997	0.14471926381137612
MARCHF1	-0.4641868195224617	-0.001381419974898846
MARCHF10	0.5880454843219984	0.002597984949734589
MARCHF11	-0.2222746833498452	-0.00019826901754806193
MARCHF2	0.1032030485448204	0.00022529225497334293
MARCHF3	-0.5448762385498163	-0.002202934632456907
MARCHF4	0.3708914708993507	0.0005644968187088117
MARCHF5	0.3900808613706559	0.0014300364377848244
MARCHF6	-1.0429361931202838	-0.04784469785939302
MARCHF7	0.3944431312011844	0.0004693873261294095
MARCHF8	0.600903755426299	0.0009362080509541738
MARCHF9	-0.214127914017204	-0.0005316796105047175
MARCKS	-0.6715806077777217	-0.00460704296935517
MARCKSL1	-0.3793150475860325	-0.003091796952873751
MARCO	-0.0011252992313666	-1.246156368815373e-05
MARF1	-0.1641729228382196	-0.004361089522274465
MARK1	0.745968554330952	0.009596139482913367
MARK2	0.2908772424432242	0.005332943362954073
MARK3	-0.344426430795502	-0.009034305279766017
MARK4	-0.0818373358262005	-0.002813567605704773
MARS1	-0.1832879324622677	-0.010818020349787965
MARS2	0.133686937293072	0.0030502011612787306
MARVELD2	-1.0787821560553694	-0.020968288767248214
MARVELD3	1.2511665635809552	0.026932611447643643
MAS1	-0.1498322633766567	-0.00042672228609671824
MAS1L	0.4999987135279057	0.0013044966435943061
MASP1	0.3514827688349668	0.009730448972427221
MASP2	0.0370829995924262	0.0008483848646755265
MAST1	-0.6392165512346852	-0.015179475442170071
MAST2	0.3845364211268516	0.013552986162615884
MAST3	-1.130055116665239	-0.0525905050193669
MAST4	-0.5894411447788863	-0.023908911714521187
MASTL	-0.5684044999059777	-0.017028830412683188
MAT1A	0.2383967880231547	0.005780406919197433
MAT2A	-1.4619669224535643	-0.05253870529221374
MAT2B	-0.5662594829664376	-0.004108778808404471
MATCAP1	-0.1808749961372751	-0.000286686868877581
MATCAP2	-0.0667529741444868	-6.408285517870734e-05
MATK	-1.1158570393458636	-0.03369776673120573
MATN1	-1.0284244842225163	-0.018953863244220975
MATN2	0.4800703974018167	0.012327247664483848
MATN3	-0.3033094669646708	-0.007401357612871897
MATN4	0.59825496188782	0.008811697333645702
MATR3	0.4209819192859524	0.0003106846564330329
MAU2	0.0452604115144456	0.000292427518794833
MAVS	0.8902118388386244	0.023579931187157486
MAX	-0.5083821859054394	-0.013104567606084512
MAZ	0.2705228395678983	0.0019959175103319536
MB	0.3096716495943237	0.0005809440146389513
MB21D2	0.1983092104240938	0.005439621641932893
MBD1	0.1342490057035562	0.0031018232767806657
MBD2	-0.0023524539574809	-5.572257689085008e-05
MBD3	0.1416403629131247	0.004104029515407789
MBD3L1	-0.9098693243114196	-0.006655694107338035
MBD3L2	0.3312200090239537	0.007328905139673024
MBD4	-0.0431573352751592	-0.0016004034640087284
MBD5	0.0213908343794398	0.0004391110481411402
MBD6	-0.7192525858047916	-0.020955424087422604
MBIP	0.3830693674504545	0.010917093902970503
MBLAC1	0.4876245363361687	0.00046373093405569643
MBLAC2	0.0346373580563253	6.57070682328491e-05
MBNL1	0.3448851749821041	0.007073939824057937
MBNL2	0.4556706588258636	0.008682348733268007
MBNL3	-1.4967914599740193	-0.001957803229646017
MBOAT1	0.3614169570636801	0.0031324007668709153
MBOAT2	0.2012917255957794	0.024052750874890873
MBOAT7	0.1730730844364556	0.01461982958851628
MBP	-0.0032877918917993	-3.732630134759746e-05
MBTD1	0.0983216414618519	0.0017809982134399855
MBTPS1	0.2421789618943587	0.015526093247047337
MBTPS2	-0.1287385644560992	-0.00037308435979377554
MC1R	-0.3530230133657643	-0.0069404324427709265
MC2R	-0.281018608154967	-0.005546464269154584
MC3R	-0.7176501738279066	-0.01682530832539527
MC4R	-0.5256745631219855	-0.011537505311401337
MC5R	0.2636171063344453	0.004031496407172671
MCAM	0.3399898236944267	0.011927862984671573
MCAT	0.4043603433731585	0.0009631863379148636
MCC	1.0697023623294482	0.04156007618122372
MCCC1	0.2194240503871951	0.004010193944876377
MCCC2	0.0815471843117494	0.0029016934593649787
MCCD1	0.0189320424220876	7.366457706434285e-05
MCEE	1.075469467722069	0.027072792910967647
MCEMP1	-0.9056756296208436	-0.005735643762388803
MCF2	0.1862229408700326	0.0016193946938058037
MCF2L	0.6385189732104557	0.013440185867106881
MCF2L2	-0.5366683940481636	-0.005522317774755603
MCHR1	-0.6128583813667081	-0.014602576652824556
MCHR2	0.1089677989176192	0.0033150183786718112
MCL1	-0.1515306729720671	-0.006955560950763824
MCM10	0.0482730117377126	0.0009238488986363436
MCM2	0.2364643250329668	0.08742748196578874
MCM3	-0.4542011559272165	-0.09060677179129671
MCM3AP	-0.0771395764975118	-0.0026266025797402766
MCM4	0.2524882480361446	0.24387057164242296
MCM5	0.4144167121777972	0.04325888850067936
MCM6	0.0212083676013477	0.01848934883301692
MCM7	1.3414934537138608	0.13988825436637398
MCM8	-0.8806227017608126	-0.037383314312448256
MCM9	-0.3616158706341152	-0.2295595405324665
MCMBP	-0.2964800147547827	-0.0001799633689561531
MCMDC2	-0.6247999635230728	-0.6085682852707068
MCOLN1	0.0718887716386593	0.00040286467626304666
MCOLN2	0.8724920022395434	0.005071796009018466
MCOLN3	0.4679056386249782	0.0027489456269217468
MCPH1	0.1974738117274986	0.009039758679449703
MCRIP1	0.0362549338695939	0.001625272430440025
MCRIP2	-0.164856351243943	-0.0004513766897059159
MCRS1	-0.4096182638475257	-0.033634574881048034
MCTP1	-0.4101955322596963	-0.006421200861993286
MCTP2	-0.2506426454735749	-0.005619658754163022
MCTS1	0.5953447954501003	0.0002685005027479953
MCU	0.1442782034627393	0.012584810575240898
MCUB	-0.0508318047224687	-0.001428882030748595
MCUR1	-0.3004863278679364	-0.028801314039813834
MDC1	-0.0163892384209766	-0.0004963644748176973
MDFI	-0.2165741695134312	-0.0056965503807117806
MDFIC	-0.8265534643647043	-0.0030152670380024418
MDGA1	-0.6393345694834908	-0.017425703025842024
MDGA2	-0.2085819429926009	-0.007013776415069199
MDH1	0.4652938745478818	0.001672266185125087
MDH1B	0.3810196048619758	0.0012840360683848584
MDH2	0.3642674032948477	0.029287099224905754
MDK	-0.3525470467480815	-0.005861094652186856
MDM1	0.2050087298959789	0.00011357483636237231
MDM2	0.2117006085662013	0.00684978489076801
MDM4	0.3152972996053789	0.009614360556866819
MDN1	-0.6191316017649819	-0.05620600507142859
MDP1	-1.3850780710433237	-0.006874142466588016
ME1	0.0126370216082263	7.869073355442516e-05
ME2	0.842996801527827	0.007675485877910865
ME3	0.2944790427779973	0.0038132091249322873
MEA1	-0.7006344045177766	-0.005109026077743627
MEAF6	0.3730325240509795	0.03344348487874246
MEAK7	-0.4057712710251425	-0.006692385573017675
MECOM	0.4989266901129213	0.014691894243755194
MECP2	-0.1025954936711867	-0.003052010745730462
MECR	0.2020736704528754	0.00509650004249197
MED1	0.23267393222667	0.07738921125004826
MED10	0.0963344840474898	5.741535249230392e-05
MED11	1.1389902548462234	0.0015456097758263251
MED12	-0.0405015069577653	-2.7622027745195932e-05
MED12L	-0.170105794645121	-0.00033357746329908225
MED13	0.3688582804619267	0.06774820037244207
MED13L	0.0592430870466614	0.0038691067719304095
MED14	0.750341629566512	0.03014197360131635
MED15	0.2366360225988186	0.00637355463267658
MED16	-0.438473702169974	-0.01637918514455938
MED17	0.7430829076730153	0.030689324086895536
MED18	0.8011829485753241	0.001198569691068685
MED19	0.2167510899554491	0.00037129461709368424
MED20	0.8754110092018044	0.04193656439581244
MED21	0.8537248932803125	0.5097027879347181
MED22	1.4112662345168316	0.011445369161931503
MED23	-0.1597211751468765	-0.0001386379800274888
MED24	-0.5663258168786508	-0.0005555656263579564
MED25	0.0800153874591516	0.010687175210594124
MED26	-0.228298377397734	-0.009759299036998334
MED27	2.055550671156986	0.003718491164122988
MED28	2.16448989399544	0.0020584298891896634
MED29	0.7665476100211045	0.0009811809408270139
MED30	1.3514343223473917	0.0006784200298183906
MED31	0.9210738125564152	0.0005093538183436976
MED4	2.041353789151801	0.2733311483060587
MED6	0.9015075251035536	0.00946492750606221
MED7	0.3987967601663358	0.026433445654105235
MED8	1.3102045940348486	0.0008201880758658153
MED9	-0.2596814719048897	-0.00015243302400817026
MEDAG	-0.0676425492017248	-0.0019065728917998152
MEF2A	0.1203485669331799	0.0034360719345092193
MEF2C	0.7310187512063702	0.020905674246999774
MEF2D	-0.3299710651032047	-0.009566851090537214
MEFV	0.2507356349629777	0.007288132701468872
MEGF10	0.5323864586930448	0.030777793563503613
MEGF11	-0.3351644438267762	-0.017109809692913095
MEGF6	-0.253956795894575	-0.004538715856227843
MEGF8	0.2341055387277107	0.004790969850062599
MEGF9	-0.6504087877855089	-0.026894403374930792
MEI1	-0.2883319485030036	-0.007253278496541559
MEIG1	0.0372357509233183	0.0006382952423275224
MEIOB	0.0108290374253357	0.00024604655934105246
MEIOC	-0.9157152788364414	-0.032875094225507086
MEIS1	0.0749698368161421	0.0016388406328008663
MEIS2	-0.6824330844120244	-0.015455062062679117
MEIS3	0.2990066793939013	0.010276261557409601
MELK	-0.2678697753843646	-0.0074049920707253735
MELTF	0.943547824647582	0.020381576560212417
MEMO1	-0.3737221182627608	-0.0004208111051638687
MEN1	-0.9787329769465146	-0.04058903528694891
MEOX1	0.3499809923325489	0.00527246364948985
MEOX2	-1.143292028667387	-0.014606698958254536
MEP1A	-0.8051768967488795	-0.022243011772687796
MEP1B	0.0625923425652086	0.0018573025809374348
MEPCE	-0.0264902331552456	-0.0006792095781004971
MEPE	-0.0357391154229058	-0.0002978855270499199
MERTK	0.1707185999738505	0.011475192134442308
MESD	-1.2171143699588465	-0.017151575701460066
MESP1	-0.4127068472385389	-0.005101882045562818
MESP2	-0.2255551258700363	-0.0045226058288200975
MEST	-0.5263676319511461	-0.0068854149935529425
MET	-0.1960082660594182	-0.005385327109982515
METAP1	-0.1645964474226188	-9.727650042676773e-05
METAP1D	0.0584579931315769	0.00016210401495386274
METAP2	-0.2965010417993736	-0.00015655255007006926
METRN	-0.3201738120920037	-0.0030973614581780435
METRNL	1.218126099772933	0.008458667636823246
METTL1	0.3889905723804742	0.0005811519151364285
METTL13	-0.2089189412268468	-0.0006775241263986641
METTL14	0.8223171408637338	0.004124742778572488
METTL15	-0.4306282932435404	-0.0013017893304752227
METTL16	0.2235771103613915	0.002622335927428761
METTL17	0.1610425608178667	6.538327969205388e-05
METTL18	-0.2136895206895239	-0.0003474591606411659
METTL21A	0.4152054973003042	0.003372714254570371
METTL21C	-0.1562483055094465	-0.00029905925674508056
METTL22	-0.1697660298132601	-0.00010525493848422126
METTL23	-0.4355651749992468	-0.00028660188514950435
METTL25	0.1792981676616193	0.0004789054058241852
METTL25B	-0.4484639592008911	-0.0012139919375568123
METTL26	0.6311370130367914	0.0007062423175881696
METTL27	0.1157314831765689	0.00013378559455211363
METTL2A	-0.700942685105761	-0.02215469544813779
METTL2B	-0.0343569620554725	-0.0010683984490390283
METTL3	0.2697757266810341	0.016723667072683985
METTL4	0.6190920289842149	0.0032044203420222963
METTL5	1.263028480808143	0.0006668790378666995
METTL6	-0.6453051615562881	-0.06378196216822352
METTL8	1.0943314817126413	0.056195015917425845
METTL9	0.2290934011106722	0.010003592452898613
MEX3A	0.3699654879764698	0.009049725801392428
MEX3B	0.9020014635001508	0.026250046590781388
MEX3C	0.0367624898112304	0.00084855178982282
MEX3D	-0.1141924375109248	-0.002556083521244541
MFAP1	-1.1751552519333817	-0.000631058370288226
MFAP2	0.1770480382703934	0.004362640711020763
MFAP3	-0.7526362555458523	-0.023629015242862032
MFAP3L	0.3475668937467335	0.008748258715605283
MFAP4	-0.5580737926188191	-0.016796905010241215
MFAP5	0.4295290489202693	0.010588750113982479
MFF	0.1937336994129041	0.006807995931068863
MFGE8	-0.1481508749647955	-0.0026991607909836093
MFHAS1	0.9051791685960416	0.034777888836628516
MFN1	-0.3290551163963484	-0.026348759390321202
MFN2	0.593517515536839	0.07603730946797105
MFNG	-0.6939632281605638	-0.004594730533651093
MFRP	-0.5054760467999388	-0.00653327790488921
MFSD1	0.7779014816500145	0.0064122419132410695
MFSD11	-0.5094547986622526	-0.003081182622309304
MFSD12	0.2059930336752915	0.0014821198772937223
MFSD2A	-0.1121377700129556	-0.0008670492377401728
MFSD2B	-0.8519225833629978	-0.0062786694393852935
MFSD6	-1.0331448573468935	-0.007522327706342732
MFSD6L	-0.8418484639614364	-0.004431490314293001
MFSD8	-0.1795545918893036	-0.0036783553694442733
MGA	0.0537181416563941	0.000870985948816774
MGAM	0.2537905061435237	0.006970102460725735
MGARP	-0.8539930900444381	-0.005437374004312938
MGAT1	0.0486335405788534	0.0004930468343884157
MGAT2	-0.6114060051871697	-0.004265168292185696
MGAT3	0.3420377247353893	0.003402933323392388
MGAT4A	0.5539788238995391	0.005256151081158827
MGAT4B	0.8347929759614656	0.01877449402937336
MGAT4C	-0.0821188683562016	-0.000732007592527181
MGAT5	0.4050075393459856	0.003487924928847628
MGAT5B	-0.8050399794759884	-0.0047722769983336594
MGLL	0.2408144309393695	0.0031060245302559878
MGME1	0.3168819409042196	0.0005561278062869054
MGMT	0.4429775514824836	0.038039811278455314
MGP	0.5047962246901277	0.012703196994327065
MGRN1	-1.2970219733890458	-0.028480008491676666
MGST1	-1.8010310595693673	-0.012648641131355666
MGST2	-0.3131904559419528	-0.002586639975624588
MGST3	0.2272423563292772	0.0013966315219997377
MIA	-0.5226836802927397	-0.0016799053484608654
MIA2	0.0208763979330175	0.0008080836111912414
MIA3	0.2737405967430956	0.008742453438184243
MIB1	-0.0936009258836753	-0.0023105388554385247
MIB2	1.1489414605259698	0.030661800757056556
MICA	-0.3392195114198026	-0.009975428172322135
MICAL1	-0.0192169994090286	-0.0008109573750610069
MICAL2	0.0145623655574731	0.00039369355284628527
MICALL1	-0.0513066164234	-0.0038925303748105116
MICALL2	-0.42439799315089	-0.014500830629979608
MICB	1.440726023310324	0.04243514429058229
MICOS10	0.3878771358374229	0.013137010713677677
MICOS13	0.3754891952992733	0.02572851966190621
MICU1	-0.4301200619750269	-0.03382292119346821
MICU2	0.0420808282900494	0.00011067257840282993
MICU3	-0.6134952963729564	-0.0038650203671496256
MID1	0.3633971764824103	0.005998597192195147
MID1IP1	0.478831851613886	0.014994619433288841
MID2	-0.3078548907268445	-0.007020322928134963
MIDEAS	-0.4382387767352281	-0.011655836744826861
MIDN	-0.5978149926562726	-0.016117690017005765
MIEF1	0.1331499681544525	0.000810350706187998
MIEF2	-0.3098414611491398	-0.0009787891757701327
MIEN1	-0.1191885544524347	-0.0002177574889845982
MIER1	-0.2662053261941167	-0.002290963037226568
MIER2	0.4629333881522416	0.0005657046003220392
MIER3	-0.3111280970613657	-0.0022678126994802946
MIF4GD	-0.5649563978874119	-0.017238514568738598
MIGA1	0.3922839128758195	0.0017370331662141286
MIGA2	0.2051337738031596	0.0019335909518685827
MIIP	-0.7239885528995441	-0.0006327659952342016
MILR1	-0.2589117431421352	-0.0074051347656082095
MINAR1	0.1135865194200585	0.00045945747105413664
MINDY1	0.1384834188654477	0.00043968485489779646
MINDY2	0.0901623078170351	0.0002750852011497741
MINDY3	-0.2026084593471215	-0.0013218175887806207
MINDY4	0.1856689696474263	0.00790448504479988
MINK1	0.0736981056230908	0.003969969553704655
MINPP1	0.333688486993584	0.0009556838267496245
MIOS	-0.6678223946833793	-0.039273967208934855
MIOX	-0.5689172609783816	-0.0007942084963258207
MIP	0.0108018197267419	4.075526582899719e-05
MIPEP	-0.5037279490931957	-0.10283606080737591
MIPOL1	-0.0929665914822583	-0.001992552955239242
MIS12	-0.674831139453726	-0.14096480188934934
MIS18A	0.157991461443653	0.0048776703891498996
MIS18BP1	0.1363346702263971	0.0026830663100554947
MISP	0.7390072271139208	0.0021253847851796363
MITD1	1.2382512302532098	0.009467668906516043
MITF	0.1743303119672313	0.005877197807351269
MIX23	0.0453288070311836	0.04395584279501608
MIXL1	-0.2181414782962492	-0.00533661312503944
MKI67	0.3863750996474631	0.00780554976307805
MKKS	0.133329584138365	0.09072238224235665
MKLN1	0.3101390620855186	0.014516368939974784
MKNK1	-0.5579172222753218	-0.010768918224358262
MKNK2	0.300870612173022	0.008276649670267663
MKRN1	-0.3725658165200595	-0.012291318852813283
MKRN2	-0.1188719957387537	-0.009127705064795941
MKRN3	0.2341300900280681	0.0040167358245215366
MKS1	0.8703593941521903	0.12078238420468192
MKX	-0.1404481153909494	-0.0006056122735657738
MLANA	0.0383998554255359	0.00012030674704820397
MLC1	-0.2755122005585358	-0.0010893752410084507
MLEC	-0.144475130288667	-0.0034760716347453278
MLF1	-0.7107687368542277	-0.027041196593619095
MLF2	0.4854644712646875	0.001129190360161663
MLH1	-0.8242484269085933	-0.08363401513313425
MLH3	0.3195256934490897	0.025649605515932226
MLIP	1.0772956023786109	0.005662265686101979
MLKL	-0.0016115459959882	-4.6634918031906524e-05
MLLT1	1.1637653302072877	0.003725212821993528
MLLT10	0.5064528203687163	0.027074461324091206
MLLT11	-0.0407623540428061	-0.0012185905741096885
MLLT3	0.18567987869502	0.0037570466655150346
MLLT6	0.4972065460551896	0.0119568230195352
MLN	0.0092632371663919	0.00025805526098134557
MLNR	-0.4075395155209314	-0.011169843041397686
MLPH	-0.0445296149834964	-0.002457901158244051
MLST8	0.247729845818478	0.024435824261688853
MLX	0.4336947939133224	0.011158099657801958
MLXIP	-0.0481035224147771	-0.0014374294567983691
MLXIPL	-0.1180616379115458	-0.003443503792966056
MLYCD	0.722349045964056	0.0003777885510392013
MMAA	0.5967136123962288	0.00037473614858483164
MMAB	0.0878926523081449	0.0008499219478197612
MMACHC	0.3642517445727157	0.0006654879373343516
MMADHC	0.2974612598857636	0.0005047917580261409
MMD	0.8096493318693412	0.0029714130479604824
MMD2	1.2861430243238523	0.0025015481823098926
MME	0.1052632252427403	0.0025225279297170287
MMEL1	-0.0797328405176027	-0.0021150730604104465
MMGT1	-1.1368447014151608	-0.07796480962305173
MMP1	0.1637496627917459	0.002880192818844019
MMP10	0.1223352639426597	0.0025894705318742777
MMP11	-0.722813723904562	-0.008499566579393745
MMP12	-0.779549261658449	-0.0177612503776261
MMP13	-0.8395041032348832	-0.006428922422572736
MMP14	-0.0684812468041461	-0.0007456922964503469
MMP15	0.4306677454991968	0.01200529407353561
MMP16	0.6282252991952438	0.009886381533435552
MMP17	0.1794033544480484	0.0040860908009087505
MMP19	-0.1467049034551834	-0.001338388834221638
MMP2	-0.4839128039626222	-0.013296472114480972
MMP20	0.2175430799306277	0.0027956461201884965
MMP21	-0.2620507799309142	-0.0020290591890050687
MMP23B	0.0586766214047181	0.00033703851334870074
MMP24	0.4950603985719985	0.01204828492004673
MMP25	-0.3975078985804873	-0.004452088464101458
MMP26	1.0202194692745392	0.006550829212211816
MMP27	0.5827653433404807	0.004475637836854892
MMP28	-0.0801671151907849	-0.0004632055915723552
MMP3	-0.489741618970688	-0.010929073968949873
MMP7	0.4351470886801564	0.009476633297276445
MMP8	-0.2583107145803118	-0.0019308725914878306
MMP9	-0.0533075672317487	-0.0015411750762370866
MMRN1	-0.5701562165932874	-0.005937606839602495
MMRN2	0.0274060889680019	0.0005093147573813473
MMS19	0.5000163262773204	0.03901127377615654
MMS22L	0.3013049566666349	0.025116178577817356
MMUT	-0.8208586527150514	-0.017107515181234385
MN1	-0.5008537495824238	-0.01885463940303034
MNAT1	0.2596480685858563	0.0009895187893806984
MND1	1.1980576173387296	1.1348289285260609
MNDA	-0.3138061790462343	-0.006535641290995922
MNS1	-0.4001729475146498	-0.02314360224656226
MNT	0.4569106859611583	0.009643556937896206
MNX1	-0.0415412696261942	-0.0003559671394268581
MOAP1	0.3773676871983611	0.006397514401073816
MOB1A	0.61308951073092	0.017355337869770882
MOB1B	0.0105510348388568	0.0002749177637612528
MOB2	-0.3716659015079494	-0.007012220563750482
MOB3A	0.6915176003643295	0.01387184306330845
MOB3B	0.2640667098718049	0.0069584218718319315
MOB3C	-0.2343222012319175	-0.0029578491461504947
MOB4	0.351028974905147	0.032859471311895906
MOBP	0.2060696278686148	0.00010056197839988402
MOCOS	0.9148764981750844	0.002479315310054479
MOCS1	1.1344858590224922	0.03977280524561053
MOCS2	2.631529048710707	0.02225747269399516
MOCS3	0.1576802991948698	0.016026625610166566
MOG	0.7363692016994533	0.012543312981748487
MOGAT1	0.6556256775797232	0.006238278322171066
MOGAT2	-0.2572308015420149	-0.010506334858182056
MOGAT3	0.0421833542747214	0.0002317131650310446
MOGS	-0.0980340526732367	-0.0028938672008612743
MOK	-0.5861736015497657	-0.036996933035415014
MON1A	-0.6565937546255427	-0.06475655904994415
MON1B	-1.060184420376212	-0.09175578103030002
MON2	0.6795981032682904	0.0534381580561922
MORC1	0.9714453022819528	0.03788928112490301
MORC2	0.6816574063911356	0.023121137567380927
MORC3	0.1546738332416737	0.007694249834607057
MORC4	-0.3260719121412354	-0.009688574725452526
MORF4L1	0.1716417085028304	0.015747440188300675
MORF4L2	0.6746288402247561	0.10222178575737571
MORN1	-0.205682361553472	-0.0009206342503133406
MORN3	0.5816989084143052	0.003427369968377086
MORN4	0.4865617753664295	0.0017837354684933306
MORN5	-0.2937790704299274	-0.0003672238380374093
MOS	0.5075640448271272	0.012881467893667661
MOSPD1	0.5801082392944068	0.002253140401419476
MOSPD2	-0.3431363566020948	-0.002787639761035418
MOV10	-0.1829860191907887	-0.012786148090956361
MOV10L1	0.0289055190442741	0.0010382573385512813
MOXD1	0.3384152732344586	0.0014978259993357137
MPC1	1.1671288474198471	0.014678979513999418
MPC2	-0.1305459580300615	-0.0021110586873041245
MPDU1	-0.9108610839924134	-0.007471793471989768
MPDZ	-0.0067984686009853	-0.00043787576565226127
MPEG1	-0.3247787099001503	-0.005026275314414726
MPHOSPH10	-1.0456272835621234	-0.0027583647740368816
MPHOSPH6	-0.0789696714368963	-5.054058971961364e-05
MPHOSPH8	-0.3571386259360983	-0.01159629118414511
MPHOSPH9	-0.0420869026499498	-0.0002616963606773878
MPI	-0.3576160876204101	-0.00999358156855236
MPIG6B	-0.1777031511349055	-0.016930134614924718
MPL	1.8249272418438665	0.15666087907608672
MPLKIP	-0.2450885203901435	-0.0010345186445667957
MPND	0.2856508037857906	0.0005030310654667772
MPO	1.182287191207889	0.007262790215590062
MPP1	-0.4933475978424792	-0.04754440135167756
MPP2	-0.3537709174190695	-0.02413814346642053
MPP3	-0.2499876122913088	-0.004676518263133514
MPP4	-0.272970262351192	-0.006534362140162834
MPP7	-0.8709183033223349	-0.007111047946626864
MPPE1	-0.2214575868072265	-0.0015209707061920315
MPPED1	0.4102312205083147	0.0030307882571154287
MPPED2	0.4406813500784888	0.0009822787293249516
MPRIP	0.5603089983690757	0.006696813148507193
MPST	-0.2122146372318051	-0.002265603467086751
MPV17	-0.917323061146382	-0.00941632122266761
MPV17L	-0.0937611672838228	-8.832301958136108e-05
MPV17L2	1.1355731028604548	0.010592625903482322
MPZ	-0.3277369597108807	-0.004705975004488536
MPZL1	-0.4279049530953926	-0.024671715880621052
MPZL2	-0.2049015247293557	-0.0009265646948261464
MPZL3	-0.6156795861163005	-0.0055195674895326344
MR1	-0.3932041279731041	-0.01756521480481451
MRAP	-0.091806976630921	-0.002283147701834374
MRAP2	-0.1772274645000194	-0.0014208325828966553
MRAS	0.7775700319607117	0.019135220916521156
MRC1	0.1595690930952945	0.006868332474100761
MRC2	-0.2104505258642453	-0.013371395061836554
MRE11	0.498191887184217	0.3326790910806661
MREG	-0.0588212561501895	-0.0002755187638074876
MRFAP1	-0.1367635229853263	-0.00011214608884796755
MRFAP1L1	-0.2012594234542745	-0.0005258908734860193
MRGBP	0.4815893628091997	0.01263594170138778
MRGPRD	0.0296186666397008	0.00012836730121646328
MRGPRE	-0.5205714372389861	-0.0024732348983224233
MRGPRF	-0.9849417492652304	-0.006105653903695163
MRGPRG	0.6390611353280659	0.0039871024233118025
MRGPRX1	0.3517616164856571	0.003476108294111264
MRGPRX2	-0.1064725595137998	-0.0009937083979422935
MRGPRX3	-0.7555769532017346	-0.003966023427355905
MRGPRX4	0.8454512817022022	0.007888060458281547
MRI1	0.5412029430080838	0.000523343245888817
MRM1	-0.1282207579408902	-0.0009883256022083814
MRM2	-0.0591390834484725	-3.572000640287739e-05
MRM3	-0.4958879381895091	-0.00023951387414553288
MRNIP	0.5242674751368888	0.0009101283368376388
MRO	-0.8985059062942425	-0.0070308087167524486
MROH2B	0.4394452572392345	0.04919457821216058
MROH5	0.0175952968609318	8.132546209122679e-05
MROH7	0.9781314228447086	0.018253888613127954
MROH8	0.8826313768950055	0.0233094120324202
MROH9	-0.4582347114906718	-0.01130969091430127
MRPL1	0.5977714720351937	0.0002528573326708869
MRPL10	-0.295252883991706	-0.0001417213843160189
MRPL11	-0.0972666095384362	-0.00010893860268304853
MRPL12	0.0059690381747466	8.953557262119901e-06
MRPL13	0.6686657131400828	0.00046672866777177784
MRPL14	-0.3907520105499018	-0.0001563008042199607
MRPL15	0.996062672310172	0.0007480430669049392
MRPL16	0.3968981993444808	0.00015836238153844783
MRPL17	-0.2524274140727379	-0.00010097096562909516
MRPL18	-0.7226680869142698	-0.0002890672347657079
MRPL19	-0.3893206432478989	-0.00020478265834839482
MRPL2	0.682427295231296	0.00027501819997821224
MRPL20	-0.5270235549835688	-0.0004785373879250804
MRPL21	-0.7764327098325525	-0.000340077526906658
MRPL22	0.4953338642608038	0.00030809766357022
MRPL23	-0.3800615117024515	-0.00015392491223949285
MRPL24	-0.262640520531283	-0.00010636941081516961
MRPL27	-0.7224670170269991	-0.0004103612656713355
MRPL28	0.7219779927299181	0.0004331867956379508
MRPL3	-0.3833652761241648	-0.0003273939458100368
MRPL30	-0.1303397315699679	-5.226623235955712e-05
MRPL32	-0.3647091075134024	-0.00014697777032790117
MRPL33	0.1731817631036909	6.909952347837267e-05
MRPL34	0.6931003118805216	0.004010278404540698
MRPL35	0.8134524020756615	0.0003440903660780048
MRPL36	-0.5341783254507356	-0.00021580804348209719
MRPL37	0.2191206706010957	8.764826824043828e-05
MRPL38	-1.1572355725102863	-0.0017034507627351413
MRPL39	-0.0400991981911416	-1.688176243847061e-05
MRPL4	-0.7613390353749618	-0.0008496543634784574
MRPL40	0.1974898386510981	7.860095578313704e-05
MRPL41	-0.0645229301283974	-2.5680126191102166e-05
MRPL42	0.6757639548105383	0.0002716571098338364
MRPL43	1.249406094687341	0.0005010118439696238
MRPL44	0.8417391258722398	0.00033753738947476814
MRPL45	0.0662134977590002	2.6551612601359082e-05
MRPL46	-0.7097060680100491	-0.0006827372374256672
MRPL47	-0.1344557650761874	-5.351339450032259e-05
MRPL48	0.1703090211585483	0.0035618428685098786
MRPL49	-0.0336537219892588	-1.346148879570352e-05
MRPL50	0.2199629776765297	8.820515404828841e-05
MRPL51	0.2773244864439048	0.0002315659461806605
MRPL52	1.199975891870183	0.0010667785678725927
MRPL53	0.181046617956407	7.278074041847561e-05
MRPL54	-0.4680874637723011	-0.000348257073046592
MRPL55	0.1884661233479927	7.689417832598102e-05
MRPL57	-0.7860020598214709	-0.00031361482186876687
MRPL58	0.1398789556298009	5.581170329629056e-05
MRPL9	-0.0277354937008192	-1.1094197480327681e-05
MRPS10	0.4602025413104154	0.0002940694238973554
MRPS11	0.1392909243778478	5.641282437302835e-05
MRPS12	0.8615960145731918	0.0003455000018438499
MRPS14	0.340389455003895	0.00020593562027735647
MRPS15	0.4579059621092261	0.00018316238484369045
MRPS16	-0.3409975757327919	-0.00013708102544458234
MRPS17	-0.1969631315620558	-7.957310515107054e-05
MRPS18A	0.6491384396568689	0.0003174286969922089
MRPS18B	0.5477497517997035	0.0002185521509680817
MRPS18C	-0.824103020619614	-0.006864778161761386
MRPS2	1.6161705064650769	0.002275568073102828
MRPS21	0.3331105267013189	0.0001342435422606315
MRPS22	0.2159556924251394	0.00016801352870675847
MRPS23	0.2889781727767576	0.00011703615997458681
MRPS24	0.1997900988879157	0.0004429346492345091
MRPS25	0.5866303096971093	0.02947641317135065
MRPS26	0.9947006044724648	0.000395890840580041
MRPS27	-0.5195480143984503	-0.254993645918745
MRPS28	0.3246574334813948	0.00032238483144702505
MRPS30	-0.1858965905926626	-0.00013310195886434643
MRPS31	-0.5727313682450481	-0.00023653805508520488
MRPS33	-0.7560958163629776	-0.000303950518177917
MRPS34	0.5560740648207202	0.00040871443764322935
MRPS35	0.1046919312986689	0.00010448254743607155
MRPS5	0.0082317417714237	3.6960520553692415e-06
MRPS6	0.157527032051339	6.348339391668962e-05
MRPS7	0.2896949630748945	0.0005069661853810654
MRPS9	0.4089781176218027	0.000178314459283106
MRRF	0.7726543329804958	0.00031987889385392523
MRS2	-0.303014420823978	-0.0032931607255149925
MRTFA	1.130899326442674	0.029373979105022017
MRTFB	0.1861176919065451	0.005217251139524272
MRTO4	-0.3928943822748436	-0.00016973037314273241
MS4A1	0.7035475399611659	0.0024124645145268383
MS4A10	-0.6506219089064348	-0.0007059247711634817
MS4A13	-0.3358786240181307	-0.0011893462076482007
MS4A14	0.2183474328600152	0.0007170529695122899
MS4A15	0.154276213196665	0.00019994197230287786
MS4A2	-0.8549236302058778	-0.018154303287421816
MS4A3	-1.199321800559462	-0.003950566011042868
MS4A4A	-0.5588184746907832	-0.003494850740716158
MS4A5	0.1162636886745934	0.0003333279954300593
MS4A6A	1.1007717106457966	0.00975503889974305
MS4A6E	1.3176528920156685	0.0065882644600783425
MS4A7	-0.2447180621192387	-0.0008851452306852864
MS4A8	0.0330763592539648	6.668194025599304e-05
MSANTD1	0.6173338231067834	0.0020452269559527734
MSANTD2	-0.034161915754731	-2.8320228160672e-05
MSANTD3	-0.1715769116616712	-0.00011547126154830471
MSANTD4	-0.5540597813237197	-0.007746863862468248
MSC	-0.5145490234259436	-0.0037582660671030914
MSH2	-0.7898377274436582	-0.08052395631288095
MSH3	0.4188557282757275	0.3142301747654618
MSH4	-0.2969208103307748	-0.0038472029394558487
MSH5	0.0229547950681008	1.8340881259412538e-05
MSH6	-0.6023632221117606	-0.07412922756596171
MSI1	0.0149562885825126	0.00020709972800205198
MSI2	0.725585605000517	0.1773570661870914
MSL2	0.1312692169989016	0.003969056045178788
MSL3	0.8848083162805427	0.00820128828360435
MSLN	-0.2451381870800743	-0.005368771435240707
MSMB	0.4295344755604941	0.018337685830628614
MSMO1	-0.0948182476559978	-0.0009793776800388013
MSMP	-0.2289224650423098	-0.0071279587940224
MSN	-0.6135697281389401	-0.023061018232102062
MSR1	1.9810386495884829	0.010925428152480482
MSRA	0.1906006626298208	0.0005750421991541694
MSRB1	-0.3943855544631972	-0.001490383010316422
MSRB2	-1.1852924367338022	-0.0206430530781559
MSRB3	-0.1941554185612751	-0.000371225160289158
MSS51	0.1098121832382337	0.0001224405843106306
MST1	0.0721813011752765	0.0020259125800864857
MST1R	-0.1096632963781465	-0.0028659405875464806
MSTN	-0.0445964257238891	-0.000971934502226439
MSTO1	-0.5853438437859193	-0.05888441999717591
MSX1	-0.2983753827558398	-0.008873683883158675
MSX2	-1.1709220832286058	-0.004735208904576482
MT1A	0.1330971489894983	0.0008687250914544553
MT1F	-0.6495238996258516	-0.006307526589266644
MT1H	0.4969026849922915	0.004086527681376606
MT1X	0.5891187232111653	0.0031971473108669945
MT3	0.0566030181865516	0.0002924111919517255
MT4	-0.3328751391330417	-0.0010066144207383182
MTA1	-0.6559304469889035	-0.008373608086260342
MTA2	0.0981718365356042	0.0028118377420527753
MTA3	1.3465184845669658	0.03802164244871741
MTAP	-0.7187813896238517	-0.03928715319406049
MTARC1	0.1835055929182709	0.001976538741322696
MTARC2	-0.2084344308373426	-0.0013431514723158356
MTBP	0.7434623435934561	0.03594343046336923
MTCH1	0.3180625397214826	0.00018034146002208064
MTCH2	-0.1532266273350286	-9.116984326434202e-05
MTCL1	0.6072048138930288	0.015255413744248457
MTCL2	0.5057289211659931	0.00380915023422226
MTCL3	-0.4647134000149303	-0.010216724099328243
MTCP1	0.5383763692952679	0.0008457892761628658
MTDH	0.4326811743198923	0.026091972855012465
MTERF1	0.1147121874066451	0.001496535196907092
MTERF2	-0.0148721677286525	-0.00016870987071383395
MTERF3	0.2738580008356459	0.02672278986354149
MTERF4	0.1942864517184418	0.0009341292598622681
MTF1	0.0700310879807733	3.774675642163681e-05
MTF2	1.590196388156004	0.11420631440097603
MTFMT	0.464940692799541	0.0012055912164292096
MTFP1	1.296145826824441	0.013110515038329221
MTFR1	-0.8652456165318674	-0.0006627781422634104
MTFR1L	0.3188292840686925	0.00836863104823504
MTFR2	-0.2973675797434027	-0.0010752811683521443
MTG1	0.159353697189897	0.00012907649472381657
MTG2	-0.5701795467086989	-0.00025886151420574926
MTHFD1	0.3926194657848836	0.0015190447131217147
MTHFD1L	0.5364353695697134	0.002191874920061849
MTHFD2	0.061920555431929	0.0007557403790466935
MTHFD2L	0.5265727171907392	0.006930750103664509
MTHFR	-0.6887106154419893	-0.0025303228011338687
MTHFS	-0.4514149113024287	-0.005927077785400889
MTHFSD	1.0517760115934294	0.005166323768946925
MTIF2	1.4258134264280435	0.0011377991142895788
MTIF3	0.6213481034613487	0.00025226733000530756
MTM1	0.0515636365258729	0.0038264343393119757
MTMR1	0.4511224815204884	0.023365888930353698
MTMR10	0.2711147538473297	0.00798324504178847
MTMR11	0.3214236717034051	0.0037410501149559316
MTMR12	-0.8763057625645154	-0.014238216030148245
MTMR14	0.0805438981481367	0.0013025559208516666
MTMR2	0.3841954119729527	0.007819529219885506
MTMR3	0.1039841378902128	0.0031062141670564368
MTMR4	0.3605212506375685	0.017783071208948707
MTMR6	-0.4790811571883198	-0.005303907491231888
MTMR7	0.06891510597767	0.004385895174630875
MTMR8	0.0810504916900194	0.0014754431507251133
MTMR9	-0.414546666695488	-0.05621418619057496
MTNAP1	0.1400363758414534	7.491946107517757e-05
MTNR1A	0.4368773315429676	0.005721345533886704
MTNR1B	0.1921201633722322	0.004516552920717807
MTO1	0.6720962797580213	0.005259153389106517
MTOR	-1.5349771600640372	-0.16695486076868513
MTPAP	-0.2829719873930406	-0.00018761042764158588
MTPN	0.0885866408576745	0.0034085481802807413
MTR	-0.3650206820898616	-0.0009632895800351447
MTRES1	-0.2077924211212293	-8.831177897652245e-05
MTREX	-0.6195279551002638	-0.08988607194958707
MTRF1	0.6391696671455488	0.01478015938307367
MTRF1L	0.8627035859614314	0.0007548656377162525
MTRFR	-0.5956882017340185	-0.0002454235391144156
MTRR	-0.6232725742390843	-0.054919662879076916
MTSS1	-0.4449168768288385	-0.010549868983365419
MTSS2	-0.787298526526037	-0.008033594164671682
MTTP	0.5067706304887166	0.013598176327903732
MTURN	0.4271136861030918	0.007872559462252189
MTUS1	1.0285883629968815	0.029880491945059408
MTUS2	1.0167466238303882	0.013236007549023994
MTX1	1.0310995288835103	0.027743795023668614
MTX2	-0.162647576137917	-0.01164605439420327
MTX3	0.7513066308931788	0.018932175791877212
MUC1	0.8333677020830581	0.021273377331074227
MUC13	-1.3564568471675087	-0.046603787898134096
MUC15	0.1236952158213169	0.004089982311131843
MUC16	0.3524077516146159	0.0014346519568231013
MUC17	-0.5210358735823564	-0.0018720818937814064
MUC2	0.058695917782149	0.0016741836629002359
MUC20	1.7548823412564187	0.0141899786113994
MUC21	-0.2500216126452533	-0.000659306992545533
MUC4	-0.3439503952423458	-0.0046938910438722925
MUC7	-0.158938150919255	-0.003732821412489623
MUCL1	-0.5593011576574517	-0.0025011947770441243
MUCL3	0.5259922611668121	0.0014580505479544032
MUL1	0.0120625271399618	0.00018279553627898113
MUS81	-0.4923321794079423	-0.030370987483317145
MUSK	0.6201680957794604	0.01861930673958674
MUSTN1	-0.1153949814848709	-0.00037884172421483116
MUTYH	-1.119158668848838	-0.038205838637161635
MVB12A	0.1055493512850595	0.0028604929691763976
MVB12B	0.5945338192999217	0.007739046725827081
MVD	-0.9595397782792036	-0.0041260210466005755
MVK	0.4056423906234557	0.010847688810052452
MVP	0.9228718974538506	0.027716611696231495
MX1	1.0504913693312623	0.023829346221910352
MX2	0.3506660884321854	0.0106511317700392
MXD1	0.3667827471321214	0.00632113386407498
MXD3	1.6387361213647624	0.04486204005848174
MXD4	-0.9208321463856796	-0.027714285109769796
MXI1	0.3504601971391818	0.009622585632850515
MXRA5	-0.7907966696817746	-0.02399118936480568
MXRA7	-0.2323630422943177	-0.00035226237211818565
MXRA8	0.5428234123560758	0.03510004748976857
MYADM	-0.3766203858702097	-0.00246046098089008
MYB	-0.3984516244002021	-0.011902148472458438
MYBBP1A	-0.9673903728667654	-0.0005262603628395204
MYBL1	0.2410861993682586	0.006990053264483289
MYBL2	-0.0582540950416328	-0.0018027312251583686
MYBPC1	0.8159265584017331	0.01751794320888521
MYBPC2	0.7889579549731209	0.020277797358719155
MYBPC3	-0.5961372387050856	-0.010161755370966889
MYBPH	0.0040247524442406	9.957237547051246e-06
MYBPHL	-0.228526899487985	-0.0005829721205938496
MYC	-0.3385944016056819	-0.08174955513487263
MYCBP	0.0738513317224096	0.0021904304988866687
MYCBP2	0.2735148178020019	0.008072242817790481
MYCBPAP	0.5265958234405759	0.000284361744657911
MYCL	0.8458749363534881	0.022435986811839916
MYCN	-0.9352902991856876	-0.0271000364189053
MYCT1	-0.0825053780834914	-0.00022028935948292203
MYD88	-0.1778902237113836	-0.011251912430192437
MYDGF	-0.0333210635884307	-0.0006932114068937122
MYEF2	0.5045175706704296	0.011338023365676565
MYEOV	0.5990291554481436	0.00034144661860544185
MYF5	-0.4497371068360369	-0.014149179118168558
MYF6	0.051067796411954	0.0016000561971793426
MYG1	0.2724400359097499	0.0006966291718212305
MYH1	0.0182196671150514	0.0005875660447932926
MYH10	0.7799860407369968	0.09747797545506544
MYH11	-0.1329211888556384	-0.005955268024299167
MYH13	-0.0240838704476552	-0.0016001323525422116
MYH14	-0.1042647844099992	-0.010247038747030313
MYH2	-0.0720051232313341	-0.002362272077850378
MYH3	-0.6399390705904056	-0.0300080228981253
MYH4	-0.5188081550747163	-0.017072938767198766
MYH6	-0.4471825232132291	-0.020165248701777355
MYH7	-0.6808499998162127	-0.05178272758602188
MYH7B	0.8761126385458713	0.022156888628825085
MYH8	0.2506723395211264	0.00928239673246731
MYH9	-0.5523788858457264	-0.03415690078515634
MYL1	-0.2866182702794676	-0.0162793445153332
MYL10	0.7875469921496523	0.06733133009383452
MYL11	-0.5867841403955388	-0.03661004930341807
MYL12A	0.1820656121138507	0.007573565332711962
MYL12B	-0.3308261586318259	-0.014773042113704185
MYL2	-0.4131275504868388	-0.07295212850271843
MYL3	-0.302167512893802	-0.0018973098134601827
MYL4	-0.1370085983283229	-0.007896764581849548
MYL5	-0.1011632803136259	-0.004630445666515284
MYL6	-0.5790344350421549	-0.0607441864425323
MYL6B	-0.7151190035011821	-0.06404391259655536
MYL7	-0.9844867383222032	-0.043788001147094954
MYL9	-0.2875673059594159	-0.02420540284452191
MYLIP	0.5898250289532616	0.015134910242940692
MYLK	-0.0577347030652766	-0.0029632336348253217
MYLK2	-0.1528218554421561	-0.0002231199089455479
MYLK3	-0.2280513456330236	-0.0027286343504991273
MYLK4	1.0727329756266393	0.002158338746960798
MYMK	0.7757168698110023	0.004658179803215068
MYNN	0.5087496247101146	0.0006863032437339446
MYO10	-0.2164085617865795	-0.006184091061613296
MYO15A	-0.235708056168114	-0.00220457744934037
MYO16	-0.9872953640395604	-0.0319992300438862
MYO18A	-0.4134243864108383	-0.009608396164574293
MYO18B	-2.160494520447918	-0.016949079512913915
MYO19	-0.5836091950736979	-0.013687386452063438
MYO1A	-0.6077202631331177	-0.017707753027172785
MYO1B	0.4993563922641222	0.048130465868377416
MYO1C	-0.434812979470692	-0.019162208005273393
MYO1D	0.1488652426029225	0.01494205099578314
MYO1E	0.1135878129196164	0.006177018854381659
MYO1F	-0.0230848312762959	-0.0029448626714232394
MYO1G	0.5978629086307835	0.015014729087353497
MYO3A	0.2990915534128786	0.008016251814571971
MYO3B	0.0399871130744712	0.0025654132264057742
MYO5A	0.1246010114459319	0.0037401485605725376
MYO5B	-0.1493177113847812	-0.016984143081461938
MYO5C	-0.598753190662879	-0.022414924445655536
MYO6	-1.2070116729792733	-0.03546683099882297
MYO7A	-0.3938821119826205	-0.012967780772803816
MYO7B	0.1968815561860948	0.005131520880434374
MYO9A	-0.3091659852088434	-0.007225827406301089
MYO9B	-0.0549657271188454	-0.0008101948177317811
MYOC	-0.1572026225583982	-0.004868093612765917
MYOCD	-0.0733026320968008	-0.002014283027387989
MYOD1	-0.4624178907709406	-0.014872284202974992
MYOF	0.7639787709106317	0.05491479405305621
MYOG	-0.6344024435359854	-0.019981139361609397
MYOM1	0.4153411316288565	0.009942436008931568
MYOM2	0.3306770882865999	0.0005320594350531392
MYOM3	0.0466860982137526	0.00019131963047995816
MYORG	-0.5268969223674919	-0.002494856927410074
MYOT	-0.3842409368719934	-0.000982888316518559
MYOZ1	0.5145921402060029	0.023711891228552405
MYOZ2	0.5398060691002124	0.016654096843879754
MYOZ3	0.5292067512569271	0.0041024107357436985
MYPN	-0.3136390295465115	-0.010349460696975787
MYPOP	0.312214845624622	0.003148686718124313
MYRF	0.4217158038958523	0.010328241753213318
MYRFL	-0.2323347680521122	-0.0031790366312570515
MYRIP	-0.4693257154443051	-0.01125255335349266
MYT1	-0.0921509679370587	-0.002762778169720957
MYT1L	0.5243922943591329	0.01622784394123773
MZB1	-0.6366741483999498	-0.028650973352146142
MZF1	-0.8501779823811761	-0.006535318150564101
MZT1	0.6102461582068426	0.44315953959749266
MZT2A	0.5783742337791075	0.5661913589187844
N4BP1	-0.3333446979251426	-0.0020390695172080972
N4BP2	0.1204633424686558	0.0034589844156449824
N4BP2L1	0.1845015997013514	0.002303871475470775
N4BP2L2	0.2875449988242398	0.00443681933185802
N4BP3	-0.1274330943415415	-0.000586701966348457
NAA10	-0.2258936912719659	-0.020606474305211273
NAA11	1.4169628779411512	0.031433904484246496
NAA15	0.2261022155034	0.000266800614294012
NAA16	0.0144724173063686	9.189984989544062e-06
NAA20	-0.1573157769084656	-0.0031516642745841998
NAA25	0.029191346540794	0.0059314772776635554
NAA30	-0.3449811745801983	-0.010382208448991067
NAA38	0.0624462331425634	0.004578745152712177
NAA40	-0.3391795922956204	-0.0018556515494493392
NAA50	-1.3400477272707696	-0.1258974839770888
NAA60	-0.4475071018260462	-0.03385883483126048
NAA80	0.3454450543445371	0.001079861239881023
NAAA	0.7418659298482622	0.0003931889428195789
NAALAD2	-0.3787966475005597	-0.0008606259831212716
NAALADL1	0.0664868084271259	0.0006632059140605809
NAALADL2	0.0733617746929485	0.0007336177469294849
NAB1	-0.0234505972599623	-0.00039354792321668724
NAB2	0.4105680120803592	0.007165232946826429
NABP1	-0.1008397132689239	-0.0008926331418565144
NABP2	-0.1709291034645634	-0.001380423439579814
NACA	0.9288566863331416	0.036317367578939504
NACA2	-0.0860994411848186	-0.0026459219270506605
NACC1	-0.2615247985125379	-0.007591018801624925
NACC2	0.8393049678848995	0.017213305586351403
NADK	-0.1279682810351249	-0.0014398990982072252
NADK2	-0.1448062136541222	-0.00028787475274439495
NADSYN1	0.0419101301144193	0.00015557040298472442
NAE1	-0.2140215909536816	-0.010665765985176722
NAF1	-0.2266840195176254	-0.0001756801151261597
NAGA	-0.5879883906301987	-0.0066807240943403175
NAGK	0.5876665097375251	0.005181455616355759
NAGLU	-0.3448535033214671	-0.003568888905873863
NAGPA	-1.5267632477405506	-0.001522182957997329
NAGS	0.2249905266926679	0.001293245547429455
NAIF1	0.0169458782557599	5.6616179252493824e-05
NAIP	0.7635754556966726	0.042584603164203434
NALCN	-0.3303387944320745	-0.008249550713352196
NALF1	1.1675548283057628	0.03788248395920878
NALF2	-0.2263145262691741	-0.006324812065644608
NAMPT	0.1988413361326726	0.0016633077767498061
NANOG	-0.4116755166248536	-0.009537286693647984
NANOS1	1.1129125916304163	0.0008758622096131378
NANOS2	0.1480984611915708	0.00024214098404821825
NANP	0.1331313331972967	0.0003996602622582847
NANS	0.571317751356337	0.1271610485081367
NAP1L1	-0.2595256666118393	-0.016120436781594395
NAP1L2	-0.2498000649743317	-0.0007131791855017169
NAP1L3	-1.5351606263740665	-0.0069128283005624215
NAP1L4	0.0329072364470129	0.0011283562305316253
NAP1L5	-0.2954321862810737	-0.003369108652349364
NAPA	-1.413727528355864	-0.2516293627720602
NAPB	0.0657561719874847	0.013368624302087562
NAPEPLD	-1.0957919152701727	-0.004147572399297604
NAPG	-0.6167417939245197	-0.0835734470111238
NAPRT	-0.524896597249892	-0.0033908320182343024
NAPSA	-0.0438776060204173	-0.000469797527660608
NARF	0.8010394289019552	0.002722733018837746
NARS1	-0.1591771702496658	-0.04839925120894314
NARS2	0.0226758333590102	0.0019781263230732545
NASP	0.403098025452321	0.01337116460227894
NAT1	0.1935447595216077	0.00023380206950210212
NAT10	-0.0359174159502831	-5.595933405054107e-05
NAT14	-0.2174780718635646	-0.0033687353331666157
NAT16	0.3491989851377002	0.0008496011308400245
NAT2	0.3290836598240451	0.0004238597538533701
NAT8	-0.0668580760825355	-5.66956485179901e-05
NAT8L	-0.6248545086022221	-0.0003792866867215488
NAT9	0.3062591938158019	0.0017034136360034903
NATD1	-0.551654613729079	-0.0035703086600545994
NAV1	-0.3919960450880673	-0.003687114800098361
NAV2	-0.8151486311931142	-0.020122759109633216
NAV3	0.3528796475510695	0.005604787442053637
NAXD	0.1869876762759663	0.0007311218142390282
NAXE	1.0952957075650107	0.008771128026180606
NBEA	0.4790747856080517	0.009878522079238027
NBL1	0.0142786211298583	0.0007877229704920227
NBN	0.6572594794390482	0.06442325965565662
NBPF1	0.2650640119529298	0.0012036556782782542
NBPF10	0.0775765786921026	7.13704523967344e-05
NBPF11	-0.24795107108469	-0.000769392173575793
NBPF14	-0.317226964745892	-0.0005272312154076726
NBPF15	0.1716540573024284	0.0005316126154656207
NBPF3	-0.4715690473533667	-0.0018320457489678296
NBPF8	-0.5268838345424854	-0.002178664655833177
NBR1	-0.2761438152257471	-0.007760193495473944
NCALD	0.4101109363233783	0.010404104343587784
NCAM1	-0.1037892223879594	-0.0029815529915389097
NCAM2	0.2031083163339604	0.008987339889461413
NCAN	-0.4490521576746287	-0.012504755434765384
NCAPD2	-0.0218146863617855	-0.002047548276603549
NCAPD3	-0.320564759125869	-0.13007075383911698
NCAPG	-0.2762201919784609	-0.1090091938835317
NCAPG2	0.3088893677203483	0.01898434054009261
NCAPH	1.1150243089776202	0.029065338662119626
NCAPH2	0.2081273994744069	0.008066601748829063
NCBP1	-0.1192612488746469	-0.013639193466300117
NCBP2	0.5932297863276541	0.0325724678778925
NCBP3	0.4483620683604311	0.0003613798270985074
NCCRP1	-0.3486007798941027	-0.0006236467952305498
NCDN	-0.3635261476947697	-0.00269881812048597
NCEH1	-0.4361828599106704	-0.0014014555288929841
NCF1	-0.8499184117076459	-0.13974698492661797
NCF2	0.0624525433821317	0.002300876603284496
NCF4	0.2583534845523829	0.02044997006974387
NCK1	0.2057909207361911	0.005291707735810418
NCK2	-0.245591345929469	-0.020583256293694726
NCKAP1	-1.2016924719364748	-0.029598887276267312
NCKAP1L	0.8612862064498097	0.0323645517797645
NCKAP5	0.7203599542030177	0.011583388063584525
NCKAP5L	0.114660531742134	0.0015980238308901215
NCKIPSD	0.2638545050626796	0.02096561511777546
NCL	-1.241390895950746	-0.002327607929907649
NCLN	-0.0114280698336719	-0.00024724629085149156
NCMAP	0.6497837594830731	0.003250218364934332
NCOA1	0.4558013419119086	0.021873906398352492
NCOA2	-0.1286353616386984	-0.005138725426742724
NCOA3	1.0310253637129962	0.03918308792254871
NCOA4	-0.437764584049729	-0.014662049213577574
NCOA5	-0.166322319888895	-0.00017364050196400638
NCOA6	0.5941088727842432	0.018347270209323
NCOA7	0.7259561006607105	0.004573523434162476
NCOR1	-0.7419011021901893	-0.09369098069008806
NCOR2	0.2736428970862548	0.0013383874096488722
NCR1	0.773444214629343	0.02667609096256604
NCR2	0.8281518639675737	0.03242462992992241
NCR3	0.0941469413186893	0.004368041489421909
NCS1	-0.6382668078056094	-0.038354090747846875
NCSTN	-0.2519006201823135	-0.0034797551671984788
NDC1	-0.1261406507609345	-0.005243792992782808
NDC80	-0.005143430518952	-0.00030812234866833853
NDE1	-0.0160170557201134	-0.0010116692733938026
NDEL1	-0.0184557210894671	-0.0015296101638950332
NDFIP1	-0.221046535308172	-0.00043590376762771515
NDFIP2	0.401016028534601	0.00042708207038935007
NDN	0.7927360653427674	0.02166944034614455
NDNF	-0.3873566159362122	-0.0038112017441963917
NDOR1	-1.047156435254894	-0.13314489358622456
NDP	-0.2349193402496467	-0.006114715507358054
NDRG1	-0.0636743991764371	-0.001931817596613925
NDRG2	-0.960203850013568	-0.0015046394329712612
NDRG3	0.2458316306879326	0.0016067555381763276
NDRG4	-0.0488177107576348	-0.0004916919827508977
NDST1	0.1115911867805361	0.001064914695446656
NDST2	0.5474669043432884	0.005676136864231214
NDST3	-0.2256336504707309	-0.002223393991738582
NDST4	-0.6013748597168663	-0.005906102497279344
NDUFA1	0.1363156395981576	0.00024100605080954262
NDUFA10	0.1384186213379932	0.0007325113441206601
NDUFA11	-0.82429479519735	-0.010892231423737783
NDUFA12	0.5339388104125371	0.0007587270495962152
NDUFA13	-0.0427692069337122	-0.0002611915467441804
NDUFA2	0.426783333279463	0.0006755980165813899
NDUFA5	0.2173583910918431	0.0073762743600927876
NDUFA6	0.0090515408072446	5.023605148020753e-06
NDUFA7	0.9193839486823272	0.0030753393083423845
NDUFA8	-0.7315455643956246	-0.0004096655160615497
NDUFA9	-0.305303264052813	-0.012936615207709846
NDUFAB1	-0.1936521221754674	-0.0008584598576038471
NDUFAF1	-0.1175605187836242	-0.005742596221542475
NDUFAF2	0.0610424163082209	2.4050712025439035e-05
NDUFAF3	-0.2867019282622267	-0.0029854271789945667
NDUFAF4	-0.5908173825363096	-0.009216160350183893
NDUFAF5	1.0014733817593702	0.13562252977799918
NDUFAF6	0.4771643249690878	0.013054738766829273
NDUFAF7	-0.0967391839751874	-0.004815579839100853
NDUFB1	0.73918784764829	0.010151266711753967
NDUFB10	0.4333316246694746	0.0008293967296173744
NDUFB11	0.2110873857207557	0.0010165968496311595
NDUFB2	-0.0138311486775104	-4.583642671726947e-05
NDUFB3	0.5549985954203361	0.00922962664184019
NDUFB4	0.4209028067658523	0.03358930668833531
NDUFB5	0.1955997132417705	0.004111114772915532
NDUFB6	0.0427756233669751	0.0005896619681137518
NDUFB7	0.2769507325927731	0.00011908881501489243
NDUFB8	-0.8245692894920982	-0.0006637782780411391
NDUFB9	0.2155146042207543	0.0013159321733719259
NDUFC1	1.1512983873824054	0.003962769049370239
NDUFC2	0.0466610818539228	0.00034678516033835426
NDUFS1	0.59001993582192	0.06499777617001436
NDUFS2	-0.2952462033895598	-0.008780917335008898
NDUFS3	1.124878391635268	0.004967462977461343
NDUFS4	0.162608315180831	0.004248467450729571
NDUFS5	0.016681937740041	1.5397428534057844e-05
NDUFS6	0.669372061412491	0.00046922981505015615
NDUFS7	0.1454283948151251	0.015168181579217548
NDUFS8	0.7244776534870233	0.007988090607347918
NDUFV1	0.4237596275539854	0.05229787067494755
NDUFV2	-0.6081306778694026	-0.0055668282252165115
NDUFV3	-0.115502393817165	-0.0013164962847280466
NEB	0.1194339309757319	0.0033279070527077936
NEBL	0.7508268372076463	0.02176872249116129
NECAB1	-0.3077228561984525	-0.00020248163937858175
NECAB2	1.0584988253757768	0.003192432457333343
NECAB3	0.3173497111993252	0.001300816466206034
NECAP1	0.4945105042507972	0.016178405657069083
NECAP2	-0.4177199593146175	-0.05516284466721044
NECTIN1	0.1489415223588884	0.00727698489941057
NECTIN3	0.2640323866574581	0.030293491850756797
NECTIN4	-0.4222211440658256	-0.015051339343658552
NEDD1	2.6562044925999126	0.12336476145431034
NEDD4	-0.1036902119925209	-0.013793390450305094
NEDD4L	-0.3970656021249066	-0.02886587514327646
NEDD8	0.0320701764395691	0.005792386987809213
NEDD9	0.8763285254922435	0.02277227306344144
NEFH	-0.9969874524602428	-0.014071480904023867
NEFL	0.4117153945733351	0.013020499353381723
NEFM	0.5377097355161267	0.04767657140927289
NEGR1	0.1579212513643966	0.004120955054353929
NEIL1	-0.7402621943440444	-0.0239149104504787
NEIL2	0.0438596776712762	0.0003365353067717023
NEIL3	-0.1061675212024922	-0.0022295179452523363
NEK1	1.2747960696430929	0.01534089590208498
NEK10	0.44511116961317	0.013409864206935972
NEK11	0.2179916608664249	0.032139164536519625
NEK2	0.4129621851560495	0.012319074945390113
NEK3	-1.0471141408519211	-0.006165408061336111
NEK4	0.2503730308464826	0.011264282657783254
NEK5	-0.3702473313558925	-0.00038172499862792515
NEK6	-0.6064123305225608	-0.018143250516904498
NEK7	-1.2555599112709015	-0.11383659491528755
NEK8	1.1353802388296177	0.03142391887008733
NEK9	-0.3819545771859803	-0.01995063343015531
NELFA	0.6516606215034833	0.11125410794556066
NELFB	0.1999487064077296	0.00017535501551957884
NELFCD	0.7418454069252174	0.019351037439644295
NELFE	0.0818358186913484	0.010405833525698405
NELL1	0.0803364219832368	0.0021278708090699933
NELL2	-0.2526799821408226	-0.007112941497264156
NEMF	-0.1510005673512606	-6.538324566309584e-05
NEMP1	-1.149034118219352	-0.006647162373898952
NENF	-0.9994549590613632	-0.00708213783990882
NEO1	0.0579880985583051	0.0022520837837088953
NES	0.639702542334953	0.03225891980486701
NET1	-0.6807595871981383	-0.0037959154582168195
NETO1	0.4924232038289745	0.012997510465065781
NETO2	0.2579729897391595	0.006798878144575549
NEU1	-0.7296207185407625	-0.007488827055102387
NEU2	-0.8262079400911803	-0.0034469395260604044
NEU3	0.9231272689831154	0.0019496447920923398
NEU4	-0.155290088102043	-0.0009199384819165027
NEURL1	1.3182265851823654	0.01637369241455016
NEURL2	-0.533405941287852	-0.010503296389899094
NEURL4	-0.0645597649717732	-0.002096126449103532
NEUROD1	-0.3988097694313907	-0.007217659207169308
NEUROD2	1.0682509841820262	0.02089392099961625
NEUROD4	0.083673704726926	0.0010318641266924512
NEUROD6	0.0747586299645196	0.0009213253556827395
NEUROG1	-0.797445923179031	-0.022134706489680363
NEUROG2	-0.3666073423848937	-0.010069603873285874
NEUROG3	0.7363907004227784	0.01823671569597011
NEXMIF	0.5996314872117847	0.008313290938704183
NEXN	0.9773954361707168	0.002612578000884326
NF1	-0.5510792161654252	-0.01831952638298723
NF2	-0.0313012835638325	-0.0010252422418497696
NFAM1	-0.0171907159703627	-0.001313937993762732
NFASC	-0.0495061337032697	-0.0017479625687950465
NFAT5	-0.3047315229791945	-0.006542585798363305
NFATC1	0.4955905406921531	0.014062877182680535
NFATC2	-0.0423878981306101	-0.0012582847560071609
NFATC2IP	-0.5664573728772803	-0.018909480021389372
NFATC3	0.1174292854606292	0.0036154128407618518
NFATC4	0.5741379018130577	0.010700208076089956
NFE2	0.2475990725671338	0.007282383922344539
NFE2L1	-0.7753203083941157	-0.025338242998628097
NFE2L2	0.4657415146821096	0.014387686871559729
NFE2L3	0.5901613524140159	0.020778991057145084
NFIA	1.7626647085027756	0.047311683440923
NFIB	0.4755762322817718	0.009674171717075802
NFIC	-0.0708590338395536	-0.0023114216838462385
NFIL3	0.0529537024891727	0.001252513924976402
NFIX	0.2678784917576111	0.007890360974720434
NFKB1	-0.0729087819327542	-0.0017448529692146734
NFKB2	-0.3992693687557091	-0.01163590721364763
NFKBIA	-0.7469381411114374	-0.025225594901615467
NFKBIB	-0.2467197928669207	-0.007138590486811484
NFKBID	-0.2240623489504702	-0.0006323039487382268
NFKBIE	-0.0095659282983227	-0.0002398656520804417
NFKBIL1	0.1613889097412875	0.003715011313334697
NFKBIZ	-0.1088687324291846	-0.002050542575303692
NFRKB	-0.3289531928483663	-0.0007783032542792348
NFS1	-0.8022453414034952	-0.028599244175693202
NFU1	-0.4617964770695544	-0.006442984448074424
NFX1	-0.2076423973205856	-0.006085791023069043
NFXL1	1.0989793046188097	0.03390351154749028
NFYA	0.0592031507499362	0.0014863543027278981
NFYB	0.758772744486752	0.021622746899638973
NFYC	-0.332454957810797	-0.008934062081249548
NGB	-0.3043991161949618	-0.011097782978235916
NGDN	0.0250013915107197	1.5625869694199812e-05
NGEF	-0.0059892143328962	-0.0001380513903732574
NGF	0.1787166284463653	0.009210876313497221
NGFR	-1.1510331188572969	-0.04210709355403764
NGLY1	1.6865886664185976	0.0699040404570516
NGRN	-0.4215943766351804	-0.00017959920444658684
NHEJ1	-0.504383263796343	-0.1298655764626996
NHERF1	-0.0798844936280897	-0.0028039457263459486
NHERF2	1.1882034468201557	0.04021712206452181
NHERF4	0.7983751668714958	0.02391772324913627
NHLH1	-0.0232987924489633	-0.0003681209206936202
NHLH2	-0.4419514507217856	-0.004895054268194497
NHLRC1	0.3993568833466924	0.011009071203218269
NHLRC3	-1.0978781536302564	-0.005101839779919802
NHLRC4	-0.0077267610802733	-3.6825743308582546e-05
NHP2	-0.3820514435271398	-0.0013077620911933995
NHS	0.8667572240429071	0.012988357002282963
NHSL2	-0.1434134622810926	-0.002705781792857374
NHSL3	0.270486823476219	0.001985102797491971
NIBAN1	0.2352543298945569	0.0017406467868898267
NIBAN2	-0.0327842800315077	-0.0001716257059649428
NIBAN3	0.1699284732143237	0.0008778504926251962
NICN1	-0.4029643289630578	-0.0536825049401296
NID1	-0.5822540551788605	-0.01545302262444696
NID2	-0.899063503724647	-0.025069486737858058
NIF3L1	-0.0285831641483098	-0.000872901249925233
NIFK	0.1688093629854269	0.0002641866530721931
NIM1K	0.5958704324686313	0.014089356375720785
NIN	-0.2682193891108664	-0.004004783698814346
NINJ1	-0.5857608476203364	-0.0033089630282072805
NINJ2	-1.124388082019129	-0.006496714337906527
NINL	0.036532778701196	0.00014843267986295932
NIP7	-0.4640517380918451	-0.14085780052866056
NIPA1	-0.3006260410028651	-0.00046867599792346673
NIPA2	-0.0516699545912523	-0.0002603132312307291
NIPAL1	0.7274839983069951	0.0019583869234424305
NIPAL2	-0.0949489163693251	-0.00019179681106603672
NIPAL3	0.0622319364885496	0.00016279874585404573
NIPBL	-0.0633507898171596	-0.0008265377547444812
NIPSNAP1	-0.0455084223717464	-0.0005961603330698779
NIPSNAP2	-0.1277733253548396	-0.004773739208582162
NIPSNAP3A	-0.4715155456220654	-0.0017615820784440362
NIPSNAP3B	0.175407842917263	0.0009908789046396188
NISCH	-0.9350385805372896	-0.013371051701683241
NIT1	-1.41467487902776	-0.0010793969326981809
NIT2	0.8752112620471217	0.002723657447490643
NKAIN1	0.1660485095783797	0.001902417774239496
NKAIN2	0.1497916937878121	0.0019007068024735477
NKAIN3	-0.2809882827265119	-0.004001835122590982
NKAIN4	0.7212625159341045	0.00870203225474497
NKAP	-0.0405820985683255	-2.3618781366765445e-05
NKAPD1	-0.2633894917783987	-0.00015698013709992563
NKAPL	-0.8699375701275528	-0.0017781523933407177
NKD1	1.1132841074198925	0.01903270510045048
NKD2	0.3571277129902224	0.002374899291384979
NKG7	-0.9883668701034432	-0.006577581520538414
NKIRAS1	-0.9778364205161854	-0.00578292459093272
NKIRAS2	-0.419535096402254	-0.002923740086827308
NKPD1	-0.3440311711926366	-0.009171182961653307
NKRF	-0.0717788817367792	-0.0038640007616542976
NKTR	-0.7331801120335351	-0.0004039822417304778
NKX2-1	0.2086578492423996	0.006850445848477221
NKX2-2	0.3919703341117559	0.005416638047090355
NKX2-3	-0.0194992060486106	-0.000574661101458603
NKX2-5	-0.7831032376894076	-0.009723792902389373
NKX2-8	0.3013287598484528	0.004501550343376036
NKX3-1	0.3311619162761526	0.00898442278857202
NKX3-2	0.1869026429918839	0.002113495086952223
NKX6-1	-0.328063425709625	-0.0010977002224244051
NLE1	-0.7141280712943616	-0.0020838257120369473
NLGN1	-0.5711984535309096	-0.02039464078332113
NLGN2	0.3262089392754483	0.009689710332237917
NLGN3	-0.2139014208944755	-0.006079292283241888
NLGN4X	-2.032714113509454	-0.06002401505782067
NLGN4Y	-0.2365005698786831	-0.006532382240619106
NLK	0.4158585226840907	0.014893972989930707
NLN	0.7333244434018384	0.0052960691302480776
NLRC3	-0.0845189543575805	-0.0012006762656037887
NLRC4	-0.4924788874433131	-0.013214685986766419
NLRC5	-0.258412166976589	-0.011381247070149907
NLRP1	0.4699378689013071	0.011817057651392269
NLRP10	-0.7985870415447099	-0.0011835059955692601
NLRP11	-0.0592305004308226	-0.00021311134055009972
NLRP12	1.0764731406308718	0.016072820462759548
NLRP13	-0.3527903562177776	-0.006120912680378442
NLRP14	-0.7747710004718058	-0.017369591059577416
NLRP2	0.8018230780183515	0.017903105685993754
NLRP3	0.2566944086572802	0.016453084817297032
NLRP4	-0.2349175482260048	-0.005081736403224935
NLRP5	0.1506111522100115	0.0017332331396328123
NLRP6	-0.0212184608438568	-0.0012113407111149408
NLRP7	-0.0382713058546421	-0.0003812204776180899
NLRP8	0.1834443225122769	0.003327680010372703
NLRP9	1.0177376406451275	0.031212995700945413
NLRX1	0.7221046119818101	0.026050645981855778
NMB	-0.9671080993995826	-0.029895245568639896
NMBR	-0.0468705627197953	-0.0014045701530241057
NMD3	-0.3386034683848735	-0.00027934786141752064
NME1	0.0635813173895656	0.001059264747710163
NME1-NME2	-0.4419771628944937	-0.054448934605624257
NME2	1.640567719634373	0.04856572620433635
NME3	0.5425479470295016	0.030756500569155416
NME4	0.4646351921284809	0.06195492115360377
NME5	-0.0682909772511174	-0.03726925450697931
NME6	0.6483162324934318	0.028123958165565073
NME7	-0.3106685143429405	-0.28881143101634293
NME8	0.2587482083681268	0.017568744599987442
NME9	-0.2898035854326936	-0.029886284551331955
NMI	0.5935411273643014	0.022217431479500532
NMNAT1	-0.9677599344192824	-0.016408369688078937
NMNAT2	-0.7275176981067324	-0.0012527854761397931
NMNAT3	0.8411121037785629	0.0014080216617253143
NMRAL1	-0.2729157953466784	-0.0031813794263562305
NMRK1	-0.9965299641824674	-0.0023169321667242367
NMRK2	0.2341829959262991	0.004782016776815028
NMS	-0.3035463079629352	-0.008782505328291603
NMT1	0.3825884031105955	0.011968130426105648
NMT2	-0.2641058345052427	-0.009541879694839914
NMU	0.6081425834552828	0.020345410129496488
NMUR1	-0.5644468734659549	-0.018346781175137397
NMUR2	0.3745435197513068	0.011842317007496819
NNAT	1.2333579438995306	0.001295025841094507
NNMT	0.6858911013214555	0.0006221032288985601
NNT	-0.0428869113550136	-0.0006467346232336051
NOA1	0.7633975389043741	0.006438494843119492
NOB1	0.6942034977818674	0.00037278727830886285
NOBOX	0.0331019492737761	0.00045597935124626576
NOC2L	-1.0195036709347498	-0.0004067819647029652
NOC3L	-0.5016878217814125	-0.00019615993831653228
NOC4L	-0.4824253080839918	-0.1592606548312278
NOCT	1.1654946145306757	0.0012132798937264334
NOD1	0.1240840621392037	0.0027518122460611204
NOD2	-0.9586102258966296	-0.08252100268608546
NODAL	0.5837004607869614	0.030030805007028375
NOG	0.7632440326544778	0.038680444330896284
NOL10	-1.5964418162353855	-0.002201493264588597
NOL11	-0.6670514093412431	-0.014771186408452487
NOL12	-0.2768303334719746	-0.0020316578173508217
NOL3	0.6479674471668735	0.013526320459608485
NOL4	-0.40975443534669	-0.008239342185951242
NOL4L	0.7857759055583087	0.01750080096859465
NOL6	-0.3396140379489352	-0.01605525364403591
NOL8	-0.7278551582057204	-0.023338675647866427
NOL9	-0.171149283171006	-0.0016266027872572412
NOLC1	-0.6858709386052145	-0.0003909464350049723
NOM1	-0.6656907629284561	-0.0007695385219452952
NOMO1	0.2595640455672547	0.012790797037463178
NOMO2	0.1741182724909027	0.008684148840483772
NOMO3	-0.1000145926453894	-0.004913416892890044
NONO	0.3426179926173865	0.01229553190106015
NOP10	-0.3710625292173352	-0.0023002166186182607
NOP14	-0.2261236481800669	-0.0001024340126255703
NOP16	-0.8804095796930594	-0.0008839312180118316
NOP2	-0.7361457660467907	-0.00036071142536292744
NOP53	-0.7499504733780276	-0.00929638606799403
NOP56	-0.9855577536125172	-0.0008761608429615278
NOP58	-0.8843782231438568	-0.0038134388981963105
NOP9	0.0146388959574366	6.411836429357231e-06
NOPCHAP1	-1.1470297243495304	-0.0006469247645331353
NOS1	-0.3540335662869428	-0.00885083915717357
NOS1AP	0.5952011383307819	0.027656616093678112
NOS2	-0.2065647978126111	-0.0011951839201437679
NOS3	-0.298742841938059	-0.004620058050572082
NOSIP	-0.2081137810116316	-0.004473613836626034
NOSTRIN	0.2772953964133529	0.006652316559956336
NOTCH1	0.1820898065226608	0.005436655353347084
NOTCH2	-0.1204410280589919	-0.002676079202442741
NOTCH2NLA	-0.4967969397702581	-0.005776258018708791
NOTCH3	-0.4115886952314597	-0.009636114532758934
NOTCH4	-0.5160578018568286	-0.008417934863888588
NOTUM	1.283443482855219	0.006526310110318789
NOVA1	0.0815843302158081	0.00019131525435606999
NOVA2	0.1390976925361004	0.00019431947647293227
NOX1	0.4738873880845658	0.010526934438910545
NOX3	-0.3772523004446697	-0.005147230387267073
NOX4	-0.5305482857312775	-0.013009043966130925
NOX5	-0.5635363806622746	-0.01393569115739739
NOXA1	-0.1080329283394516	-0.009889118194336721
NOXO1	-0.5760061010131694	-0.012342658732510194
NOXRED1	0.8950467127350339	0.004155701887228763
NPAP1	-0.3940010998751307	-0.0038399347193830238
NPAS1	0.5604050857017635	0.007082959878184588
NPAS2	0.1029180442793984	0.0031762566825507934
NPAS3	1.019544564051944	0.05516551727172259
NPAS4	-0.5102744353468226	-0.015387325597883436
NPAT	3.332844560080215	0.1149164804315658
NPBWR1	0.4007173536836486	0.01292113106952925
NPBWR2	-0.4938663604783634	-0.015590867133941455
NPC1	-0.1716171213810029	-0.0024685406739443456
NPC1L1	-0.7511154865215135	-0.015548841686481851
NPC2	-0.1937360763848856	-0.004122509969393981
NPDC1	0.9397754440660712	0.0285099676466324
NPEPL1	0.2873765148076805	0.061617260669459196
NPEPPS	0.0354671097296157	0.00026032858541537925
NPFF	0.316395042218712	0.010117364265027753
NPFFR1	-0.982292988659846	-0.03252175626855018
NPFFR2	-0.3655422922484149	-0.013118581784211115
NPHP1	-0.1145112164835988	-0.007072212730027062
NPHP3	-0.7515662042077546	-0.023055044880277077
NPHP4	0.2527101412976377	0.005212146664263778
NPHS1	-0.8737685303863905	-0.02288312404228918
NPHS2	-0.8857674551719437	-0.00794710560780268
NPIPA1	0.9287445688677978	0.0004996645780508752
NPIPB15	-0.4975734595924369	-0.00041049810416376043
NPIPB5	0.3439774468535876	0.00015650973831838236
NPIPB7	0.6292582996302631	0.00034735058139590523
NPL	-0.4872607376140703	-0.0002830984885537749
NPLOC4	0.8928641497501455	0.06278799273872973
NPM1	-0.0624076938488445	-0.0016772691798815449
NPM2	-0.4258517387971232	-0.004313878114014858
NPM3	0.0399148707083273	3.72804892415777e-05
NPNT	0.5327712827812336	0.017729562748393893
NPPA	-0.1773905139609675	-0.005212797643256991
NPPB	0.1609662505878918	0.004111399972515932
NPPC	-0.590744978701574	-0.014027830264247577
NPR1	0.5030205362005447	0.016480964848074646
NPR2	0.5936024055125919	0.0209025215053149
NPR3	-0.1886818338082326	-0.00922691903689019
NPRL2	0.1596028335737247	0.013011780609931481
NPRL3	0.2453473955233359	0.007550075402439615
NPS	1.547616415169439	0.012124026996437385
NPSR1	0.542835627954699	0.017290400421613072
NPTN	0.4090358847022626	0.01782169349647758
NPTX1	-0.152327768074316	-0.001601421825765284
NPTX2	0.3201235865150483	0.003153857574346256
NPTXR	-0.3027852394263268	-0.007117269837955237
NPVF	-0.0898435114077115	-0.0027608911055589744
NPY	-0.0587691047774265	-0.0020089630777115476
NPY1R	-0.3454656017197714	-0.011060081239058482
NPY2R	-0.2768796943898934	-0.008434863009893713
NPY4R	-0.446820937721302	-0.016968025109966443
NPY5R	-0.6834047986614991	-0.027304071920922872
NQO1	-0.3679871073083761	-0.0010726824178039164
NQO2	-0.6066387118112506	-0.0007134071250900307
NR0B1	-0.369625590584586	-0.014512239937532015
NR0B2	-0.2381151587290358	-0.006681987584254203
NR1D1	0.17092852432352	0.002896725701710693
NR1D2	0.0702598682791825	0.0008698171692962794
NR1H2	-0.0538700097539278	-0.0014404840608200293
NR1H3	0.6934442618958283	0.004899877154555923
NR1H4	-1.1261866238059697	-0.03486448549978521
NR1I2	-0.6794059486257293	-0.019546509141962234
NR1I3	-0.0542592170423784	-0.0015954380179140945
NR2C1	1.167270993087472	0.03181163637461287
NR2C2	-0.2876484636255464	-0.00881239833163224
NR2C2AP	-1.1139843624496466	-0.029336778185111444
NR2E1	-0.2721843764905233	-0.007669066991996984
NR2E3	0.2457089720919284	0.007055778842591816
NR2F1	0.5872446543290469	0.011141205581930679
NR2F2	0.3720548926761825	0.010109847598689907
NR2F6	0.8931783908557984	0.01471511398934928
NR3C1	-0.1090165700934642	-0.0034134178261964574
NR3C2	0.1057242950586488	0.003275973006687292
NR4A1	-0.4489829929730007	-0.011168451950203393
NR4A2	1.0328459967682837	0.028672837716284323
NR4A3	0.0500225353077739	0.0012788261151432396
NR5A1	0.3545119963109061	0.01034891419630797
NR5A2	0.07154310732685	0.0019382458636990204
NR6A1	-0.3745314605464043	-0.010895494718755446
NRAP	0.4948651215233514	0.0036946629972933417
NRARP	-0.8133122836991247	-0.0010459195968370743
NRAS	0.0458835502485747	0.0012147211092807665
NRBF2	0.3836550283029413	0.07070570344109056
NRBP1	-0.307132580546013	-0.008863539141977388
NRBP2	0.1041265115583143	0.0032394799010907163
NRCAM	0.3449157712744314	0.015828529659554932
NRDC	-0.0829244589633504	-0.0008268397803235669
NRDE2	0.4627944817268288	0.00040263119910234103
NREP	-0.1043760295041201	-0.00020906518709675257
NRF1	-1.5246162518139756	-0.005503864669048452
NRG1	-0.4001560641280741	-0.01016636496523785
NRG2	-0.5053829190573584	-0.016463859354131565
NRG3	0.3416200842765826	0.009030043687682909
NRG4	0.2266573436229896	0.0008862302135658894
NRGN	0.5895401505187816	0.0023121764703346614
NRIP1	-1.3678606849163055	-0.004753315880084161
NRIP2	0.0917957577624057	6.0401608607662944e-05
NRIP3	-0.249772362701216	-0.00029373229853663
NRK	-0.2730484243119637	-0.013243394675978864
NRL	0.1493276760090272	0.0035092003862121387
NRM	0.2640965113162435	0.0007682567514189524
NRN1	-0.6699964163180564	-0.029564261866450555
NRN1L	-0.3689290665418887	-0.010754651218762597
NRP1	-0.2744094501772556	-0.007201876019902073
NRP2	-0.1051538413641808	-0.0025081294242184403
NRROS	-0.1041533041530826	-0.005289738011326759
NRSN1	0.0667118876225758	9.926728878239278e-05
NRSN2	0.5395190864967266	0.0025567809509079876
NRXN1	0.4791053472603362	0.012048541272902936
NRXN2	-0.2609715158412149	-0.006163364289621972
NRXN3	0.942906546461584	0.02955257697919897
NSA2	-1.0239634868729628	-0.0005938988223863184
NSD1	0.7265493157363513	0.019321852502692527
NSD2	-0.2742766906768206	-0.00645702185191371
NSD3	-0.3270318531676938	-0.006712655818120083
NSDHL	0.3228688495473447	0.0021448177675430107
NSF	-0.1335535388922516	-0.024082641240128596
NSFL1C	-0.3545372201719277	-0.013691518368599503
NSG1	1.2983871663002824	0.11675486915522029
NSG2	0.2720281167163417	0.0011183075878208808
NSL1	0.2416713121792683	0.007291465159760703
NSMAF	0.0749434131061866	0.008889562832416537
NSMCE1	0.4984388651996387	0.02001381575436109
NSMCE2	0.5548359995884539	0.032699814471745116
NSMCE3	0.70507090560549	0.08973789951093875
NSMCE4A	0.9101475099096517	0.03613103584839335
NSMF	0.8747148932405748	0.00502261291698738
NSRP1	0.1211028102248151	0.00010305849150131765
NSUN2	0.5562638359846772	0.0003293081909029289
NSUN3	-0.430082002165617	-0.005966527616043604
NSUN4	0.1835458043198478	0.0011328447042621007
NSUN5	0.5551776153446193	0.014139818685212108
NSUN6	-0.628746239502447	-0.00038982266849151714
NSUN7	0.0085364108253113	8.234221882095279e-05
NT5C	-0.2555363493038979	-0.0013101348628810844
NT5C1A	-0.2529504056010303	-0.00013482256618534917
NT5C1B	0.6072288171603357	0.0003279035612665813
NT5C2	-0.5604369415255314	-0.0014083780340536603
NT5C3A	-0.3345047702767772	-0.0007268788658114369
NT5C3B	1.223962394177062	0.003335297524132494
NT5DC1	-0.5034165095934946	-0.0008256030757333311
NT5DC2	0.0693315764691455	9.609356498623568e-05
NT5DC3	0.5214724582815196	0.0005657976172354488
NT5E	-0.781860008403612	-0.05932831929767449
NT5M	0.7041106528726115	0.004140170638890956
NTAN1	-0.3659428851685038	-0.004426079196113054
NTAQ1	-0.053452032603638	-0.0003759815973339897
NTF3	0.2261487778392575	0.011353799391419922
NTF4	0.1832242217642057	0.007634770096692687
NTHL1	0.7759979666611931	0.0214881596948151
NTM	-0.1592836456156586	-0.004957384902496143
NTMT1	0.1939751358982905	0.0009766648092478928
NTN1	0.1862240772161575	0.005652459415742029
NTN3	-0.955127598941754	-0.01613974616691776
NTN4	-0.0784511642143632	-0.0024086860948735935
NTN5	-0.4357546438174229	-0.004120931666581369
NTNG1	1.509849882041347	0.0464928074176992
NTNG2	-0.2216634777586013	-0.005473979583248659
NTPCR	-0.2645003657604978	-0.00014097869495034534
NTRK1	0.4581456932929564	0.026774034316040373
NTRK2	-1.2523643365901258	-0.06089245877368509
NTRK3	-0.1633890093329452	-0.007941849576646468
NTS	0.147197137206509	0.003987570446924329
NTSR1	-0.6417740736771032	-0.02037825216146906
NTSR2	-0.7688866447486177	-0.030170343053291013
NUAK1	0.2112587490159347	0.009492278110783977
NUAK2	-0.2472412758295858	-0.0011593143423649277
NUB1	-0.6706362889999185	-0.019968866141261574
NUBP1	-0.3784978191825742	-0.002002631961295
NUBP2	0.2779073840006215	0.0030125160425667373
NUBPL	0.0246192301903485	0.002050338728712604
NUCB1	0.0257600507216267	0.0010256621795322887
NUCB2	0.4686714035137302	0.013733478137162835
NUCKS1	0.2565558776970016	0.004489727859697528
NUDC	-0.0188670310029037	-0.001440818556598747
NUDCD1	-0.0101686970075972	-0.0014609875425665277
NUDCD2	-0.1961187864639482	-0.011758694080018943
NUDCD3	-0.6983109936744976	-0.049100340898234944
NUDT1	0.7062045801082901	0.00313907935858135
NUDT10	0.285755122918559	0.001129304245774145
NUDT11	0.2184855989690365	0.0009488829563225254
NUDT12	-0.3399527219827454	-0.005513353245116165
NUDT13	-0.333394225936289	-0.008999977129150122
NUDT14	0.2313654433688954	0.0010742297535617814
NUDT15	0.4209152682325557	0.0041716912234528595
NUDT16	-0.1124091322011593	-0.001819679032072367
NUDT16L1	-0.4854241034723455	-0.0027106081937895775
NUDT17	0.2992550027767606	0.0011572190957377332
NUDT18	0.955744123407946	0.013143393185106074
NUDT2	-0.373975473200221	-0.00043007179418025414
NUDT21	-0.1798349583319278	-8.290391579101872e-05
NUDT22	-0.7639198514853197	-0.0014292940421290331
NUDT3	-0.4755246562827219	-0.003800868577667796
NUDT4	0.4672478999131991	0.00045182871921606353
NUDT5	0.926644211880758	0.025156537064138815
NUDT6	0.8334691579478952	0.014013116952577963
NUDT8	-0.1794784743295427	-0.0006209955211802177
NUDT9	-0.0708136660671729	-0.00036221190193358937
NUF2	-0.6787727410246709	-0.09894606000464834
NUFIP1	-0.3646353417991725	-0.0007679220298290572
NUFIP2	-0.0709678427443538	-0.0015879054814049163
NUMA1	-0.7299211930402358	-0.06650603958266804
NUMB	0.5615731429766263	0.01694378486989077
NUMBL	-0.1016067187600168	-0.002766242918241457
NUP107	-0.8338018553669919	-0.0272636530667899
NUP133	0.1260737456453084	0.004843375086455813
NUP153	-0.631292912032559	-0.019039162933989946
NUP155	-0.9603576653379058	-0.06556169709728815
NUP160	-0.9353903613739124	-0.028164603780968505
NUP188	-0.3089782936350973	-0.02614852401204465
NUP205	-0.8997432231240028	-0.09174771620517769
NUP210	0.6295217510330334	0.004768627264075228
NUP210L	0.5036149528750381	0.0023861276467219304
NUP214	-1.1189203954399027	-0.11054374046748519
NUP35	-0.7745074992913488	-0.057365446950012326
NUP37	-0.1765054668206017	-0.02462374815974168
NUP42	0.0262524477131944	0.001714232330776168
NUP43	-0.5871914374054217	-0.5727741260428063
NUP50	0.2784018197232554	0.011019700828285895
NUP54	-0.2451432530663236	-0.030718410755234876
NUP58	-0.0008969804337041	-6.086281336812429e-05
NUP62	-1.3913349154972503	-0.08037185272861416
NUP62CL	0.7725398423450991	0.0424734679922912
NUP85	-0.0320193534083481	-0.002683798163980921
NUP88	-0.8318328097774226	-0.08253611505173543
NUP93	-0.766323713668219	-0.08350936037328051
NUP98	-0.9221995086140392	-0.06682903179073359
NUPR1	-0.0038592198432199	-6.879445292523794e-05
NUS1	0.0281490613698081	0.0002923280023254571
NUSAP1	-0.6451567106863798	-0.019601796340784277
NUTF2	-1.8212915727641856	-0.09175849072743245
NUTM1	1.3738509333280555	0.0070780800085061425
NUTM2G	0.1305407661602711	0.0001522105333428761
NVL	0.7016912954727059	0.14415195128543534
NWD1	1.1553939006664726	0.01106520738668281
NXF1	-2.546647326288946	-0.6212266021275992
NXF3	0.1325899106163094	0.006016664963946888
NXN	-0.4944944160689231	-0.020281193980650813
NXNL1	-0.6608928500264499	-0.005710114224228528
NXNL2	-0.5280108716546401	-0.002238766095815674
NXPE1	-0.1211251125610874	-0.00041594363653477416
NXPE2	0.3207394217824111	0.0003563414976002587
NXPE3	-0.8699662680638698	-0.0022227638149031875
NXPE4	0.8620338704310156	0.002810230417605111
NXPH1	0.4443283817728626	0.0038603249808426303
NXPH2	0.0382905096569854	0.0002894379624971526
NXPH3	0.1972788667058363	0.0016904826088023114
NXPH4	0.3886989433461009	0.003534050792902749
NXT1	-0.9817202312705428	-0.9121329561173929
NXT2	0.1090164227410172	0.0939202645855321
NYAP1	-0.2312150970210715	-0.0007946862884614227
NYNRIN	-0.475064320667843	-0.0005943054651554716
NYX	0.4555449817854764	0.013456798761942973
OAF	-0.2819750512916689	-0.0004601832837080036
OARD1	-1.3410328665918554	-0.0008180300486210318
OAS1	-0.7530027183511316	-0.004935179816073317
OAS2	-0.8550998443555247	-0.008386819273438987
OAS3	0.815862583486651	0.04738121953598726
OASL	0.6914862089970875	0.012145263774824845
OAT	-0.0961155080429842	-0.0003582224984762021
OAZ1	0.9222420561614952	0.15109276054505008
OAZ2	0.0414030367876716	0.0035418641850381545
OAZ3	0.2537003005897902	0.023260512059574915
OBI1	-0.3568264374642271	-0.010347253033587658
OBP2A	0.374905286940677	0.005745798427652815
OBP2B	-0.4548147459064899	-0.003120483971664427
OBSCN	0.7708576158098868	0.009917854085010004
OBSL1	0.757193508643056	0.032766791893019606
OC90	0.4605467452707794	0.008127268413793444
OCA2	-0.7236102728024246	-0.003800401152758334
OCEL1	0.2265222245159411	0.0018796814190332792
OCIAD1	0.0934923404744812	0.003384609709857168
OCIAD2	-0.6068963769294532	-0.013392382349702244
OCLN	1.2818216538163871	0.13237628583292593
OCM2	0.5847071350958827	0.0034105967190142836
OCRL	0.5638510873453398	0.01714614771508444
ODAD1	-0.0199447738094458	-0.001687287974731496
ODAD2	0.584341889931619	0.016792817232854865
ODAD3	0.6137466216719429	0.05425029138282638
ODAD4	-0.4190116343928032	-0.002542143585861137
ODAM	0.0041330455842254	4.023106571685004e-05
ODAPH	0.9202737155637466	0.015376853513354643
ODC1	-0.9357340077042156	-0.07778382512442063
ODF1	1.3255683481584204	0.03799741669996112
ODF2	0.515593502922702	0.005363719210904869
ODF2L	0.3103743400659238	0.0024736834903254126
ODF4	-0.4074445469860914	-0.002402293049029995
ODR4	-0.1167967913817289	-0.024933545430588722
OFD1	-0.2222242936052517	-0.0111118813531434
OGA	1.1038069283262757	0.03280072668214361
OGDH	-1.4416302866960242	-0.0242222720770666
OGDHL	0.0198493224093221	0.0002903955868483823
OGFOD1	1.1643483935476715	0.033861579981153384
OGFOD2	-0.0751573179399808	-0.00034662555033919146
OGFOD3	0.2070832397930987	0.003770157463673155
OGFR	-0.1929229603696429	-0.00016031898006717326
OGFRL1	-0.7326238726553713	-0.001520927159632551
OGG1	-0.5004412027574213	-0.0140969282404738
OGN	-0.3417202416570279	-0.002256720475903012
OGT	-0.972482973073692	-0.02054273032320867
OIP5	-0.8078694135151057	-0.02270759347508259
OIT3	0.0968232007969324	0.001585383089848971
OLA1	-0.3745629424022637	-0.00033036451519879653
OLAH	0.4630551567000319	0.0007140310516314492
OLFM1	0.1790644981796689	0.0018461549762323864
OLFM2	0.5276681624299663	0.006536753196182422
OLFM3	-0.083160811389325	-0.0010193020651989566
OLFM4	0.2843199821749587	0.0014278549504826426
OLFML1	0.247315120911021	0.001812819836277784
OLFML2A	-0.3223935016672576	-0.002912180500560338
OLFML2B	-0.0393113860673531	-0.0005638432103640455
OLFML3	0.4317872471988392	0.0030121478364591027
OLIG1	0.2452716626464285	0.00573911163426378
OLIG2	-1.0876002366805049	-0.0419585295308972
OLIG3	-0.0481620826583547	-0.0006091540214628702
OLR1	1.286347942609766	0.04328046287704819
OMA1	0.1237505368167943	0.0028229972458647112
OMD	-0.1117152919959007	-0.0009649966922605903
OMG	0.3672389538305707	0.01720845013754671
OMP	0.2140854312494287	0.0005504136437422812
ONECUT1	-0.0985176088776089	-0.002927549265407026
ONECUT2	0.4292347708794791	0.01150306262479916
ONECUT3	0.3867445490663813	0.005514203780588464
OOEP	-0.3744469696287614	-0.0002512539166208989
OOSP2	0.1744212119479751	0.0004548905207603191
OPA1	-0.7333981931075034	-0.08230341202691026
OPA3	0.469800305119992	0.0052843138319896696
OPALIN	0.486091784437702	0.001144746152350788
OPCML	-0.6021038951530147	-0.01881875724300747
OPHN1	-0.2666195162859414	-0.011819776395988354
OPLAH	1.2743553336282951	0.005534525213947685
OPN1LW	0.6726361058059136	0.006899901173357061
OPN1MW	-0.287654217705543	-0.003278682773407779
OPN1MW2	1.0651958876076877	0.012141102726952424
OPN1SW	0.4037913687017702	0.0072839925000112325
OPN3	0.9491835823303898	0.04002991921761953
OPN4	-0.7787143234799436	-0.04223435004825822
OPN5	0.2871592832502828	0.009714311393073816
OPRD1	0.5157514180140993	0.01623533888766583
OPRK1	0.206308269235583	0.005674715253593946
OPRL1	-0.2615014925372488	-0.008351834668654653
OPRM1	-0.0004279179046147	-1.3104557910920572e-05
OPRPN	-0.0188416201348016	-0.00011227721438328273
OPTC	0.4860912274916689	0.006463555051956721
OPTN	-0.1633977977659285	-0.0041788986778636215
OR10A2	3.7404456692588983	0.019809400264395125
OR10A3	0.2956982346203916	0.0011535188132541475
OR10A4	0.0007695076213268	4.339253476661825e-06
OR10A5	2.1956622528562875	0.012100294675491001
OR10A6	-0.0223896709850504	-8.716298914480121e-05
OR10A7	-0.1508618670622938	-0.0006517232657091092
OR10AD1	-0.8013689104656184	-0.0029666677065437195
OR10AG1	0.2818192762285978	0.0018115343075974268
OR10C1	1.404597788393279	0.005795370474910669
OR10G3	-0.0529023969176349	-0.0002050496904527529
OR10G4	-0.153707316732255	-0.0007024424374664054
OR10G8	0.0471312222552087	0.0001706621557861107
OR10G9	-0.8846300403119327	-0.004608037879984857
OR10H1	-0.2875778404335818	-0.0012038008400549734
OR10H2	0.1259645481167194	0.00048584526208618673
OR10H3	-0.3944339579464178	-0.001448361493579246
OR10H4	0.0976231380434061	0.00035661732327256246
OR10H5	0.2910711665997761	0.0011602096700667076
OR10J1	0.2526250153962608	0.0015637488453028544
OR10J5	0.464233442603458	0.0017784783186138478
OR10K1	0.3106936896373704	0.001245881695445855
OR10K2	-0.4344523506913059	-0.0020727721651482203
OR10P1	-0.9366067596964096	-0.0028987979212603877
OR10Q1	-0.045136265504745	-0.0003902030152885205
OR10R2	0.1703802775295646	0.00071218956007358
OR10S1	-0.0151785318146454	-5.994002213603469e-05
OR10T2	0.8098111959013283	0.0035510220940273246
OR10V1	-0.5002713297116074	-0.0018650115171648723
OR10W1	0.21029962396117	0.000723641006050386
OR10X1	-0.2079721773746747	-0.0009192370239960622
OR10Z1	0.5660850510658968	0.0031117695257092347
OR11A1	0.5151126965658512	0.0018168024807877574
OR11G2	0.0250038478170458	9.158909455383878e-05
OR11H1	0.024839921041591	9.945904385053036e-05
OR11H12	-0.7430495160501072	-0.003009350540002934
OR11H4	-0.0840129503251574	-0.0002723699849541603
OR11H6	-0.3790938861862922	-0.0013006711235051685
OR11L1	0.8027755445367895	0.0034535403925972682
OR12D2	0.2926901758364741	0.0010990516102659604
OR12D3	0.0249759487900679	0.00011821116562339138
OR13A1	-0.0968210424013256	-0.00039880587365106015
OR13C2	0.2433014147259784	0.0009637169037296005
OR13C3	0.6581920768010837	0.0029914829890609258
OR13C4	0.3525031089594194	0.0012147257134741591
OR13C5	0.0608529977019136	0.00023276271620981952
OR13C8	-1.4682793805746064	-0.005257908461837666
OR13C9	0.7831223267036109	0.0029116488106840253
OR13D1	0.0052190887823246	2.226985183417907e-05
OR13F1	-1.0438207787889495	-0.003327700642779171
OR13G1	0.1160093679012817	0.00042761053008412436
OR13H1	0.4921011723745855	0.0022321709178911198
OR13J1	0.39693866845892	0.0015294046895722188
OR14A16	-0.0757572366474194	-0.0003654529095871512
OR14C36	-0.4632685043190588	-0.002422894277588678
OR14I1	-0.4044909633163753	-0.001863489867998541
OR14J1	0.1581539652857817	0.0005997198363636842
OR14K1	-0.0283870361692113	-0.00019939054205254017
OR1A1	-0.2570104257472758	-0.0010797007985643055
OR1A2	1.484280051795298	0.005959384407958122
OR1B1	0.522382105172362	0.0020613197870101405
OR1C1	-0.3862366102907844	-0.0014286892214656114
OR1D2	0.4196785861597485	0.002071113822698359
OR1D4	-0.5283016120828861	-0.0024518477816766744
OR1D5	-0.1420000579330624	-0.0006590222688673426
OR1E1	0.7110814974359831	0.0029744539037747176
OR1E2	0.405778737417858	0.0017160382805401215
OR1F1	-0.4728423288224674	-0.0017972736918541988
OR1G1	-0.004002928804587	-1.54873315449471e-05
OR1I1	0.0473785614661063	0.0001971421942604683
OR1J1	-0.2083763844005594	-0.0010077081949611052
OR1J2	-0.0911480757721123	-0.00036668870883120776
OR1J4	-0.1230854481874479	-0.0005453916209185816
OR1K1	-0.9220999420333416	-0.003203375198623829
OR1L1	0.1869912526367549	0.001085671212808999
OR1L3	0.7191200274458838	0.004918780987729845
OR1L4	0.7862280449066432	0.0031032420932465207
OR1L6	0.8146353760001477	0.004183967291136758
OR1L8	-0.8705368629861412	-0.02428362579299841
OR1M1	0.1054833331649658	0.00041011919934538706
OR1N1	-0.0818154413800439	-0.00030443525737514337
OR1N2	0.3069203533190139	0.003859216522633281
OR1Q1	0.8555740964170445	0.0030826334693906114
OR1S1	-1.1325269836763645	-0.0047373603727182325
OR1S2	-0.7529779552973215	-0.0035962227145000074
OR2A1	-0.4017951329976982	-0.0016939682807182957
OR2A12	-0.3102633714343622	-0.0011901702928222135
OR2A14	-0.755256710249046	-0.0030769158375546133
OR2A2	0.0955759900250442	0.00040677141354658814
OR2A25	0.9401200754335552	0.004665815934376735
OR2A4	-0.1360873145100606	-0.0005604075611524295
OR2A42	1.0490997242644908	0.004397826044116746
OR2A5	0.6847805055460944	0.002787056657572604
OR2A7	-0.196710443205871	-0.0008316917538744226
OR2AE1	-0.5247736878578123	-0.0023578081795451503
OR2AG1	-0.8064395381961784	-0.0026773792668113123
OR2AG2	-0.7864965193709691	-0.0027126264953104724
OR2AK2	0.9199638514417864	0.004267712306838447
OR2AT4	0.2876358242291917	0.001062526734702634
OR2B11	1.0282968592235266	0.004963588939471963
OR2B2	0.2112598081210025	0.0008211668741663367
OR2B3	-0.4178844687371913	-0.001566230988826993
OR2B6	-0.3592366497298138	-0.0019980742457972244
OR2C1	-0.0575914182966692	-0.00021441285031849946
OR2C3	0.2544920172982593	0.0009014107252704345
OR2D2	0.123798871709609	0.00048244420305234626
OR2D3	-0.6566965047739233	-0.0032664084147454946
OR2F1	-0.0158216140281116	-7.308003519584748e-05
OR2F2	0.4209422160282016	0.002101343542412782
OR2G2	0.4781877173139269	0.0026902840976081527
OR2G3	0.045717518774327	0.0002487490196511132
OR2G6	-0.3957597781267964	-0.00149478468198491
OR2H1	0.2259464054423269	0.0011692726481640416
OR2H2	-0.991472150486756	-0.004143362116884154
OR2J2	-0.6930469109628136	-0.00483538829778755
OR2J3	-0.1066466190764659	-0.00043714449159443377
OR2K2	0.9762420666298052	0.004230056874706946
OR2L13	0.0968173911699757	0.00029064580829226707
OR2L2	-0.6258224404542596	-0.0023030265808716755
OR2L3	-0.2747668442701259	-0.001181222663517271
OR2L8	-0.9253461889439633	-0.0037689350275687625
OR2M2	0.244316564396871	0.0010517828097285295
OR2M4	0.2069664325568209	0.0008733983453897841
OR2M7	-0.0796016302873713	-0.00031514285430770295
OR2S2	0.2511366348088308	0.0009088634813731587
OR2T1	-0.2222166338038573	-0.0009855307709201071
OR2T10	-0.4876239460362383	-0.0017651986846511827
OR2T11	0.7369329361675618	0.0028254008772664323
OR2T12	-0.0176227958953889	-7.163666531475587e-05
OR2T2	-0.2554857219894031	-0.0009657360291199438
OR2T27	0.6600120984343479	0.002211040529755066
OR2T29	-0.304528090718636	-0.0010457494635277961
OR2T3	-0.1477104820331055	-0.0005800590629440052
OR2T33	0.6374811263132576	0.0025308000714636325
OR2T34	0.2058482809136965	0.0007896340055849397
OR2T35	0.0385104749911822	0.00014533853261672162
OR2T4	-0.5707865156130405	-0.0020097393214735153
OR2T5	-0.3830294909383627	-0.0013206856847554746
OR2T6	-0.642851782923904	-0.0026999774882803967
OR2T8	0.4823740287481687	0.001952650068372587
OR2V2	-0.4279705537614404	-0.0015561009334765972
OR2W1	-0.4836073572895084	-0.004252359492646647
OR2W3	-0.8597833851424252	-0.003525971662469086
OR2Y1	-0.185310561339564	-0.0007351269968340504
OR2Z1	-0.4361970439514451	-0.0016379199000376764
OR3A1	-0.1737650919458421	-0.0006517928598888538
OR3A2	-1.1850621128019356	-0.00497726087376813
OR3A3	-0.7788731991814168	-0.0028062801366506448
OR4A15	0.8477791458740307	0.0032300385457800567
OR4A16	0.146992566345257	0.0005529860345908569
OR4A47	-0.6297710233099362	-0.002457996303978681
OR4A5	0.3402042050310043	0.0014826099255251166
OR4B1	-0.1713464963707648	-0.0007568374744696681
OR4C11	-0.5085082951444236	-0.002017760915133073
OR4C12	-0.2433029398195274	-0.0009002208773322514
OR4C15	0.3967788946534992	0.001666074578650043
OR4C16	0.377725007374994	0.001704295233275973
OR4C3	-0.0696127954435904	-0.0003169470576546671
OR4C45	-0.782657383498225	-0.0032190698183281997
OR4C46	0.1762594002564932	0.0007991601207629402
OR4C6	0.2163822540594068	0.000940397276142182
OR4D1	0.2052420252178303	0.0008111164836608653
OR4D10	-0.6208626574369261	-0.002554228972695514
OR4D11	0.3936057590344981	0.001603156256547511
OR4D2	0.2735269254321665	0.0010653873745582886
OR4D5	0.3731366006013346	0.0014757552553782782
OR4D6	0.2324776063607265	0.0008355245172604511
OR4D9	-0.4916777947440559	-0.0018418250191112335
OR4E2	0.6683743152763719	0.0032790443907458806
OR4F15	0.496066277610957	0.0021821955552105998
OR4F16	0.1949631609850147	0.0007104457586293937
OR4F17	-0.3426769293176109	-0.001698649538627397
OR4F21	0.4571449498979149	0.0016672076322776957
OR4F29	-0.8499389274168617	-0.003097177451507044
OR4F3	0.0593194037668697	0.00021615990732647318
OR4F5	0.1462074196786222	0.000739955750993507
OR4F6	0.480683113786267	0.0019621484704755417
OR4K1	0.7607965031105354	0.0039051684504663783
OR4K13	0.7187955082970329	0.0029865953369741715
OR4K14	-0.1476258651103505	-0.000579579146423236
OR4K15	0.0736371847612884	0.00028365043570048295
OR4K17	-0.4173886950757085	-0.0020126482876550666
OR4K2	-0.1214568535140578	-0.000556636759654927
OR4K5	-0.3023109735427567	-0.001313541180043278
OR4L1	-0.0125046436496871	-5.076885321772963e-05
OR4M1	0.1159646514715758	0.0004986480013277759
OR4N2	-0.4093553875025871	-0.0021151392872258675
OR4N4	0.4252556795126949	0.0016648759852922006
OR4N5	0.7814358599292994	0.003820439919194345
OR4P4	0.252152747090304	0.0008991766961240241
OR4Q3	-0.6141735675737303	-0.002530395098403769
OR4S1	0.0904026298442223	0.0004643079068799257
OR4S2	0.527348896678294	0.001981777153717029
OR4X1	0.133410810967036	0.0005711316817498812
OR4X2	-1.6825339436459652	-0.007645434239927266
OR51A2	-0.0229312239699759	-0.00011655941143938749
OR51A4	0.1722305273685678	0.0008597747926238905
OR51A7	-0.1141082381732201	-0.0004819931980436818
OR51B2	0.8003603509404317	0.003493572931854984
OR51B4	0.3341771062390102	0.0015495792416302901
OR51B5	-0.4514076602677244	-0.0021672081769453446
OR51B6	-0.924305004048025	-0.0022266507547516923
OR51D1	-0.7832377140015261	-0.0028619506069615763
OR51E1	-0.1708023179323378	-0.0006697158886126965
OR51E2	-0.537908276247281	-0.0025195623659422643
OR51F1	-0.4790178527834489	-0.002184321408692527
OR51F2	0.1464083536834917	0.0006317520461442668
OR51G1	0.5215224465148479	0.0019285900072119075
OR51G2	-0.2847018367160502	-0.0012336130584906456
OR51I1	0.1541493635278783	0.0005248785828124256
OR51I2	-1.2330385583403518	-0.0038014578753633043
OR51L1	-0.3429301630593002	-0.0014584819834912036
OR51M1	1.2975803167976905	0.0063257040443887415
OR51Q1	-0.194411630756873	-0.0008103076769946467
OR51S1	-0.7404314144678424	-0.0028699121624773576
OR51T1	0.485664986858966	0.002318564647264703
OR51V1	-0.3407940814267862	-0.001517556044593479
OR52A1	-0.7680573409537603	-0.002995423629719665
OR52A5	0.3985427990346668	0.001754385401350603
OR52B2	-0.6470428281787409	-0.0030158666221411115
OR52B4	-0.6558786007158944	-0.003097714631181169
OR52B6	-0.3071891954011726	-0.0008929989910312088
OR52D1	-0.7171401920652571	-0.0033791645850114915
OR52E2	-0.8091114395378397	-0.0028237989239870607
OR52E4	0.0050575470055458	2.2141940790279512e-05
OR52E6	0.5787176866521415	0.001222830471895975
OR52H1	-0.4836637133859321	-0.00223646101069655
OR52I2	-0.1653410354758174	-0.0007131158860072005
OR52J3	-0.1918456713606548	-0.0007407161371234882
OR52K1	-0.282314950916854	-0.0010027827056566653
OR52K2	0.1151829972452668	0.00038874261570277547
OR52L1	1.3102729000576616	0.00591195132506017
OR52M1	-0.5443035888143134	-0.002323632020648304
OR52N1	-0.4859491409171307	-0.0019117239203679923
OR52N2	0.7015610988386315	0.0023270781648477407
OR52N4	-0.1395597065049336	-0.0005724739160832376
OR52N5	-0.4657969032061101	-0.001353605800716956
OR52R1	0.8976033437595746	0.003576051721538145
OR52W1	-0.4336761257875051	-0.001256359736406402
OR56A1	1.1869908730430436	0.005218011877897219
OR56A3	-0.3251458690786196	-0.0014647821401991815
OR56A4	-0.4920489016676234	-0.0016080158106497934
OR56B1	0.1530371080056456	0.0007794179910727531
OR56B4	0.7321392591871055	0.003091824091547147
OR5A1	0.3531179023428874	0.0016448231891131695
OR5A2	0.0172311985270902	6.830447096138555e-05
OR5AC2	-0.4561744030160977	-0.0021732148559686893
OR5AK2	0.3978774073042266	0.0016937641228940929
OR5AN1	-0.814172129533097	-0.003549790484764303
OR5AP2	-0.2277854771565273	-0.001076514165041748
OR5AR1	-0.7796799556530223	-0.002869222236803122
OR5AS1	-0.5195173557445903	-0.0019991027849051834
OR5AU1	0.6738049855677806	0.001997157977222902
OR5B12	-0.6685465374061902	-0.003440340481492255
OR5B17	0.5279014777701877	0.002297427231255857
OR5B2	0.042473262109678	0.00015566450563196985
OR5B21	-0.3376615852129808	-0.0012999971030699762
OR5B3	-0.2367256814869333	-0.0009137611305395626
OR5C1	-0.0091137676682886	-4.8813339631353736e-05
OR5D13	-0.1290781204339086	-0.0004817195454593469
OR5D14	0.1486490287794471	0.0006197178009815149
OR5D16	-0.1062052989107769	-0.0004477615402078354
OR5D18	0.0273875825354829	0.00010327857374130602
OR5F1	0.2401920517815324	0.0008685344592420212
OR5H1	0.0642136180511038	0.0002671928647106429
OR5H14	0.9407225689494656	0.005689490097006368
OR5H15	0.3460806811566566	0.0016826442717836642
OR5H2	-0.1812449933989781	-0.0006697002506092241
OR5H6	-0.3919567509633748	-0.0019092213339425986
OR5I1	0.747960218617561	0.0031878064517480453
OR5J2	-1.13090638924942	-0.004753199554015312
OR5K1	-0.7682272594460792	-0.008435903535977394
OR5K2	-0.4286256789703093	-0.0035755954139703203
OR5K3	-0.1064897219645349	-0.001309184641831992
OR5K4	0.171834734495002	0.002324236618779397
OR5L1	-0.3843598474484115	-0.0014071414015086347
OR5M1	-0.1255590214558325	-0.0006352030895450567
OR5M10	-0.4404251318348859	-0.001645428292535134
OR5M11	-0.2996984875527746	-0.0011739189757442182
OR5M3	-0.1467622665296354	-0.0005854346811867157
OR5M8	-0.5698261079976497	-0.0023442646083023304
OR5M9	-1.1812403700397065	-0.004603293722044736
OR5P2	-0.4551620480947608	-0.0024332963091145913
OR5P3	-0.9897677156840696	-0.003564153544178335
OR5T1	-0.4911732074301599	-0.0017554530433553915
OR5T2	-0.149280743208113	-0.0005726409309463215
OR5T3	0.9780816174115952	0.0036384636167711344
OR5V1	-0.7924373162112435	-0.003401933398494868
OR5W2	0.0003672236082166	1.39544971122308e-06
OR6A2	0.410578267668007	0.0019855565024424816
OR6B1	-0.4666466643536182	-0.0021358417827465107
OR6B2	-0.2323091088236741	-0.0008279496638475744
OR6B3	-0.656351824160067	-0.0023490831786688797
OR6C1	0.7250625205805146	0.002755962640726536
OR6C2	-0.9495223507131746	-0.00350848508588518
OR6C3	0.0554555120042402	0.000230639474425635
OR6C4	0.1911396535232797	0.0007815700432566906
OR6C6	-0.7959625472726285	-0.003257874705986869
OR6C65	-0.2390849692177394	-0.0010491048449274404
OR6C68	0.1203090028311557	0.0004945903106388811
OR6C70	-0.1675158502585989	-0.0007000487382306848
OR6C74	-0.499097118960277	-0.0018805979442423238
OR6C75	-0.7602740642279275	-0.0032357264173540597
OR6C76	0.7026711796542957	0.0025275082332165016
OR6F1	-0.0104892653843782	-4.39290434297759e-05
OR6K2	-0.3347992189278627	-0.0013003601663158187
OR6K3	0.1596211804627525	0.0006924366808474204
OR6K6	0.3797875238839224	0.0017401864344361324
OR6M1	-0.5871363738825689	-0.0021048839003690095
OR6N1	0.1075006427367656	0.0003606646563818486
OR6N2	0.0621930472693217	0.00017152842436878924
OR6Q1	-0.2982642060236545	-0.0011858984831500505
OR6S1	0.427187672995797	0.0016151965915971085
OR6T1	0.3903814961720522	0.0016989402713407712
OR6V1	0.3567545104085567	0.0013588779301461926
OR6X1	-0.2442691561165944	-0.0011497749178408098
OR6Y1	-0.5035059781682658	-0.0017874462224973437
OR7A10	0.371637807916805	0.0015972992984264278
OR7A17	0.4285087658651323	0.002221389442244846
OR7A5	0.2223359526215234	0.0010763283466407947
OR7C1	0.0797120031345935	0.00035519668596774865
OR7C2	-0.1806576439446164	-0.0007721307702192905
OR7D2	-0.0819001011010623	-0.0004475021524162044
OR7D4	0.0851844547801143	0.0003534303028826942
OR7E24	0.2405176623973007	0.0012819591405776128
OR7G1	-0.0982655907979739	-0.0004658771659731943
OR7G2	1.1278023549996798	0.006010058749793295
OR7G3	0.8398577683219746	0.0037944773972786814
OR8A1	-0.0005739450733095	-3.7627839006170824e-06
OR8B12	0.7790355139186529	0.003049924036991526
OR8B2	0.0756517324594078	0.00029239394595561116
OR8B3	0.5860435299801696	0.002237514197464288
OR8B4	0.3322915024046167	0.0013454482932362928
OR8B8	-0.4662509282475398	-0.0016603195554894892
OR8D1	0.1391238272899618	0.0005212969808554869
OR8D2	0.2112554808468811	0.0008585422741617247
OR8D4	-0.0665609574819969	-0.00023795542299813894
OR8G1	-0.5205756576487565	-0.0019136361175168288
OR8G5	-1.178948621286307	-0.004602615417501742
OR8H1	-0.3111155275758107	-0.0012164617128214198
OR8H2	0.9390372313091838	0.0034913404260075455
OR8J1	0.3436078278368547	0.0014960684824016654
OR8J3	-0.5462650976237018	-0.002343477268805681
OR8K1	-0.2216547766296582	-0.0009998846973763883
OR8K3	-0.2721255870649722	-0.0010153005653394111
OR8K5	0.375018714421409	0.0014636980423867593
OR8S1	-0.6000048708362629	-0.001958415898409562
OR8U1	0.3604177506331067	0.0014917690698704289
OR8U3	-0.7224140953649226	-0.002756732187912545
OR8U8	0.6866807751797526	0.0029795078835049464
OR8U9	-0.7424219787297623	-0.0034374137615187992
OR9A2	0.445947010548842	0.002204316073142926
OR9A4	1.2721078399465615	0.0048632682721157046
OR9G1	0.3010808132910986	0.0011588600503574385
OR9G4	0.3696347743940797	0.0016204788509436455
OR9G9	-0.1772641393425695	-0.0006730719370837364
OR9I1	-0.749035847599507	-0.0034792715120997102
OR9K2	0.1009810616921771	0.0005331800057346951
OR9Q1	-0.3952124775563012	-0.0015219632510693158
OR9Q2	-0.7736869133585806	-0.0029608998174232883
ORAI1	-0.0895302811311043	-0.0025565371776986832
ORAI2	-1.1950938346411857	-0.037300073672986045
ORAI3	0.1754451401113526	0.01134059841165772
ORC1	-0.0143771888187108	-0.0006874452833666569
ORC2	-0.2644182372493496	-0.22167661570741573
ORC3	0.3763026346331916	0.07031177097857721
ORC4	0.9101944779069064	0.37393428716401644
ORC5	0.3294277689504442	0.15652760441680355
ORC6	1.3302277404014782	0.7848117529652854
ORM1	0.5748938898881089	0.0008261225197692124
ORM2	0.2015061127078881	0.0002418073352494657
ORMDL2	-1.2617836158978195	-0.012225421454433973
ORMDL3	3.4601288477629955	0.023165562635773258
OS9	-0.0906727629705815	-0.002650636879919009
OSBP	-0.6463826169668825	-0.03099598563141292
OSBP2	-0.171529181112205	-0.004150663124553137
OSBPL10	1.1223711389086375	0.005760008684879128
OSBPL11	-0.4301541428276159	-0.001929671484724685
OSBPL1A	-0.1063364197706857	-0.000469262620448036
OSBPL2	0.3198393935668686	0.001917757003826944
OSBPL3	0.98497240628003	0.015021814168176738
OSBPL5	-0.2379459269305106	-0.003409289241060356
OSBPL6	-0.6002264085514764	-0.003378074227327709
OSBPL7	0.9125070841373586	0.007771822835597884
OSBPL8	0.3933691611879542	0.011730661755785982
OSBPL9	-0.8677482940379991	-0.007794115177049308
OSCAR	0.3999706983214053	0.010624021688813167
OSCP1	0.2654665943294575	0.004880337870152747
OSER1	-0.8037217501292196	-0.0057530402874249546
OSGEP	-0.4084878747574761	-0.0548055926925863
OSGEPL1	0.0189180948365765	0.0015733233570838845
OSGIN1	0.7441539931206724	0.0038286722946058597
OSGIN2	-0.441140425230777	-0.0007521444250184748
OSM	-0.1760356190406849	-0.005761821846820658
OSMR	-0.3783941207714949	-0.017044006381910445
OSR1	-0.049717740792205	-6.264435339817831e-05
OSR2	0.3010071830627993	0.006234159768413636
OST4	0.1101818965465648	0.002944721367103491
OSTC	-0.3495298642047762	-0.015914444247107667
OSTF1	-0.5522502016528635	-0.0007797772847338433
OSTM1	-0.3033167051702124	-0.014881324189060963
OSTN	0.0317486274940873	0.0009479822683459527
OTC	0.1991695592303209	0.0006875333184630678
OTOA	0.1884144302194072	0.005119596897921733
OTOF	-0.5958866267682227	-0.022411296032752853
OTOG	0.4376330262837405	0.016242312137494747
OTOGL	0.974902528010021	0.030503725198905544
OTOL1	0.1044356864530544	0.0017818816822620142
OTOP1	0.0019344323898519	1.0318262367470035e-05
OTOP2	-0.1030366267841586	-0.0014924855389685373
OTOR	-0.3048940944599743	-0.0004356936609833032
OTOS	0.3906557463895833	0.003635442375901462
OTP	-0.1504548602076097	-0.0022140937228151843
OTUB1	0.0829892019761502	0.010812165190260754
OTUB2	0.3011974051407334	0.02319942893355985
OTUD3	1.3502158232432713	0.01473895592652355
OTUD4	-0.236993196171314	-0.00622415231104722
OTUD5	-0.6983882193003366	-0.019308339098996406
OTUD6A	-0.7170542553164068	-0.032625968616896504
OTUD6B	0.1814183591095543	0.0021989719307669076
OTUD7A	0.0230938526120292	0.0005758914025861722
OTUD7B	-0.4123043893403752	-0.01550470656114481
OTULIN	-0.2302437267356104	-0.0038512868171065545
OTULINL	0.1757243658478776	0.0005844592408100409
OTX1	-0.8927007056683066	-0.01938856662640995
OTX2	-0.9838736638851476	-0.02470998706847548
OVCA2	0.6714071589751196	0.003210669034219022
OVCH1	-0.4879390608578822	-0.009851489638720642
OVCH2	0.4681767354958672	0.004471556000721028
OVGP1	-0.0091768427412116	-7.56263610303248e-05
OVOL1	0.6169991637241535	0.005567800453446762
OVOL2	-0.5421672349644304	-0.0033717380342437927
OXA1L	0.2872769769804463	0.0006897520217300515
OXCT1	0.2593144030334575	0.002746398842527348
OXCT2	0.1109478097973073	0.002015145069348492
OXER1	1.1358120591182148	0.03582124072047026
OXGR1	0.4964302389882514	0.015806835239624912
OXLD1	0.9819620351002242	0.0017400367261975972
OXNAD1	-0.7307189435543181	-0.001706959452142887
OXR1	0.1540361549613602	0.0007202730605993202
OXSM	-0.1147024988108752	-0.00951216352388707
OXSR1	-0.0242980153301735	-0.0023600662290197516
OXT	0.518790800337571	0.003095624705614286
OXTR	-1.2585026305478992	-0.032552429041751964
P2RX1	-0.3168285099642089	-0.0031166420525179234
P2RX2	0.0773015757632044	0.0008118984502409358
P2RX3	-0.0904163613223428	-0.0008496425473460554
P2RX4	0.0896819714697883	0.0009942143357140733
P2RX5	0.118436830529037	0.001411411709414534
P2RX6	-0.3720910197898597	-0.003781188943104554
P2RX7	-0.1966600289532067	-0.0028366242576210532
P2RY1	0.3188745619300514	0.011333120805555959
P2RY10	-0.8469950065071697	-0.002378361978272133
P2RY11	-0.3128798560486371	-0.008306647298235267
P2RY12	0.3386611880922456	0.0015371831327507027
P2RY13	0.5695381874524865	0.0026568956444658494
P2RY14	0.0538313508249281	0.00025295351752633715
P2RY2	0.5262231163194593	0.010531829450017658
P2RY4	0.7248671789838708	0.02051084169652761
P2RY6	0.2542153015489531	0.007590106258347094
P2RY8	-0.5722048376871263	-0.0037988679174048314
P3H1	0.5171515834548649	0.004577825816742464
P3H2	0.386680367897345	0.0076060028365407765
P3H3	0.0288471825992947	0.00045841057868539206
P3H4	1.3621680816936128	0.03198643089432941
P4HA1	0.5917370817017912	0.015888732380774796
P4HA2	-0.2184961131495863	-0.005375659871819272
P4HA3	-0.1516001178275592	-0.003761805323773054
P4HB	-0.1529019520317803	-0.0024725774663059198
P4HTM	-0.3292205763557103	-0.0021662713924205735
PA2G4	0.2918754302788766	0.03195364648064057
PAAF1	0.06801943688964	0.0001346784850414872
PABIR1	0.242863037871663	0.001157485238496346
PABIR2	-0.6299398743049516	-0.014887369049448922
PABIR3	-0.1751394997824911	-0.0004686733014179462
PABPC1	-0.4589795183613991	-0.011468980204814641
PABPC1L2A	0.2221603266729665	0.0009279636845129811
PABPC1L2B	-1.4015453486888911	-0.005854254921473499
PABPC3	0.016250648476963	0.00012322866740081045
PABPC4	-0.2147585464526512	-0.0019734162833534115
PABPC4L	-0.2309918856093925	-0.008849992113352655
PABPC5	0.1770399986602036	0.0029319594178116317
PABPN1	-1.112542545656957	-0.0008655581005211127
PABPN1L	0.0628514822552613	0.00025850814651588977
PACC1	0.2613649325223668	0.0015504167797226799
PACRG	1.0176088513820951	0.00402667822491895
PACRGL	0.0238656771511081	0.00015830103654330003
PACS1	1.5290262179968823	0.06626799628798487
PACS2	0.3762673250458682	0.013759343542277308
PACSIN1	0.1071256669884086	0.001702869602447743
PACSIN2	0.1696902910742953	0.011542503289164641
PACSIN3	-0.9885283107859582	-0.03276279380437901
PADI1	0.4489023781651909	0.0023966897970239542
PADI2	0.277152669402854	0.000337849104002079
PADI3	1.470871034984969	0.00850751806635306
PADI4	-0.3900138451571396	-0.009427414665138379
PADI6	0.565409489104371	0.004029673428846852
PAEP	-0.101680707271708	-0.0010198574939352314
PAF1	-0.1194745025220926	-0.004440508835238615
PAFAH1B1	-0.9385064687980156	-0.09817059215567883
PAFAH1B2	-0.0569465316523584	-0.0006766386890933225
PAFAH1B3	-0.0780903911913149	-0.0020762673209946806
PAFAH2	-0.3776324019576673	-0.0013957293576355382
PAG1	-1.1696014052584447	-0.017449283365050736
PAGE1	-0.4463070290519927	-0.0008113861788165228
PAGE2	-0.4734725586016424	-0.00529010889725615
PAGE2B	0.0385093052438919	0.00021430428368225842
PAGE3	-0.7365801754895731	-0.002586132996143891
PAGE4	0.748323812610952	0.0005073635449502255
PAGE5	-0.4945037845417457	-0.0056788814616774074
PAGR1	1.299080578634444	0.5407747678710532
PAH	-0.4582105064148898	-0.00592420363743811
PAICS	-0.1129874479895713	-0.009905609565245716
PAIP1	0.124942496989332	0.011713234150252886
PAIP2	2.118096001406765	0.0012560309288342116
PAK1	0.3450455505630985	0.045776503102105154
PAK1IP1	0.2641311650531584	0.00011093508932232655
PAK2	1.222765658835399	0.0793684961493469
PAK3	-0.8229181812584754	-0.024587149419640728
PAK4	-0.0841178630777946	-0.0020558405736213
PAK5	0.0882212181607585	0.0034121320548036564
PAK6	-0.3315053606535947	-0.007906734356948887
PALB2	-0.4153540889874559	-0.00908545534251161
PALD1	0.1230779097348243	0.007921294270533293
PALLD	0.3769835784698036	0.009303577733056283
PALM	0.4642116258185935	0.004949888566103663
PALM2AKAP2	0.1118453452731071	0.0026327275823836683
PALMD	-0.0075773069388477	-4.735816836779813e-05
PALS1	-0.244387373971581	-0.007941856491954467
PALS2	0.0906241167802808	0.003039714125044179
PAM	-1.1266233099758916	-0.012037970067092401
PAM16	-0.8240677208818076	-0.07099673042485125
PAMR1	0.5145006122174322	0.004816240230967382
PAN2	-1.1503341682186718	-0.010961534288955722
PAN3	-0.7055726391372221	-0.022214954543235438
PANK1	-0.2434452190390203	-0.00020838910749740137
PANK2	-0.4047713292177425	-0.0015927751804718168
PANK3	0.1042262703455005	0.00032841697785867207
PANK4	0.3436216070625294	0.0002828005826124617
PANX1	-0.4095561357416696	-0.012104431591845046
PANX2	-0.1052002265559287	-0.0007536544230466732
PANX3	1.126941224255936	0.006255650735844701
PAOX	-0.698377953979913	-0.01980739553077829
PAPLN	0.7107719705436488	0.016990293183875384
PAPOLA	0.2711615076443038	0.010461953287932528
PAPOLB	0.4373394822654394	0.0025116406466504184
PAPOLG	-0.2529495782760168	-0.0005187995850441104
PAPPA	-0.3015434802995856	-0.003300091848398665
PAPPA2	1.0178133557704974	0.010696200555792157
PAPSS1	-0.0046094390801769	-3.747934916091837e-05
PAPSS2	0.6436041057066375	0.00199452912358487
PAQR3	-0.6228182824881534	-0.005560521626054233
PAQR4	2.5593232751697244	0.012942497802533296
PAQR5	-0.4424294780612717	-0.000682226255170481
PAQR6	-0.2561804864912149	-0.0009353149561794256
PAQR7	-0.3413618341162803	-0.0004103169246077689
PAQR8	-0.5864243752891809	-0.0037097205980793583
PAQR9	0.9801423401366136	0.0020828024727903042
PARD3	-0.0356487916205834	-0.0009041246530812362
PARD3B	-0.191088113305365	-0.005848824972050612
PARD6A	-0.666167887884907	-0.03706558128191623
PARD6B	-0.6220032555719975	-0.01914774821952837
PARD6G	0.4114981630406132	0.01450160676371425
PARG	-0.074808733879901	-0.002212617921965832
PARK7	-0.3400794731427025	-0.016083038443864685
PARL	-0.1729953571732923	-0.004973443523374981
PARM1	1.3254796587387907	0.03628102921899818
PARN	0.365550318709129	0.0012501820899852212
PARP1	0.30894396044201	0.03214098492458451
PARP10	-0.3358962612453476	-0.009712776290170472
PARP11	0.6916190090754935	0.0004025222632819372
PARP12	0.258941881085046	0.00022139530832771434
PARP14	-0.1406236211896506	-0.003709229256119414
PARP15	-0.2551592514636358	-0.00038375951420130817
PARP16	-0.5692783256385712	-0.001151080774441191
PARP2	-0.0409377718469363	-0.00268338906902298
PARP3	0.1837948691533171	0.0008099839883586686
PARP4	-0.1313213914146614	-0.0032014842012980304
PARP6	2.3382246985767177	0.003624248282793912
PARP8	-0.406108995187439	-0.010564925509801225
PARP9	-0.0051157014650899	-1.3945402193835068e-05
PARPBP	-0.3498467223886082	-0.010056693881782932
PARS2	0.4264458978765946	0.00032964267905860763
PARVA	-1.066458437411264	-0.13292551255581478
PARVB	-0.0975632628640779	-0.009044212030762886
PARVG	-0.5318311056120124	-0.004014793016265082
PASD1	-0.4616068305034595	-0.00660744017182652
PASK	0.0674468192023933	0.0011820055065219425
PATE1	-0.359995358303141	-0.002363009531901818
PATE2	-0.0966115796841986	-0.00037195458178416465
PATE3	0.4691512687369947	0.002017819606837814
PATJ	0.0435666291911404	0.0038309444046645486
PATL1	-0.5569035702271283	-0.0004889613346594187
PATZ1	-0.4456706435551499	-0.01235443590999231
PAWR	-0.294818173529941	-0.008468357216474025
PAX1	-1.2539147306976424	-0.004945439697871501
PAX2	0.3172372518760707	0.009150074055861507
PAX3	-0.14735070065994	-0.004437761051775413
PAX4	0.2782312394743162	0.001920630246091205
PAX5	0.4458148148872306	0.03481457052417361
PAX6	0.0314930133341476	0.0007776254852467724
PAX7	0.1162856136861782	0.0035857831836269907
PAX8	-1.671099765534206	-0.027932432580904252
PAX9	-0.7827387172344556	-0.0181806721852047
PAXBP1	-0.2225515342136751	-0.0004297470125666066
PAXIP1	0.3598444882998988	0.018998349604281456
PAXX	0.0716155211830051	0.06574698729966374
PBDC1	0.9463137714939376	0.010099060569383301
PBK	0.1476423062496261	0.005363106774517668
PBLD	-0.0031468716959545	-1.6584013837680216e-06
PBOV1	0.5225749128362067	0.000326086745609793
PBRM1	-0.0836103312241408	-0.013590608509490414
PBX1	0.077934998101802	0.002148044417681867
PBX2	-0.1787739335258459	-0.00444557140498721
PBX3	1.227414711717978	0.03640634776426694
PBX4	1.268125183983242	0.02848462788263158
PBXIP1	-0.9280564237708055	-0.023843625639519535
PC	-0.591728605765108	-0.022461426146237733
PCARE	-0.2072410205982658	-0.0006710464246971847
PCBD1	-0.8446552785694327	-0.059303247108359866
PCBD2	-0.3314717165903014	-0.023765527664374838
PCBP1	0.0991631223550305	9.321333501372866e-05
PCBP2	0.8288091372429058	0.001372507931274252
PCBP3	0.0430543719264851	4.150441453713163e-05
PCBP4	0.2402304982217483	0.0010685452560903364
PCCA	0.4462560625121197	0.0849310075612441
PCCB	0.3230666376197469	0.013789453293523657
PCDH1	-0.2741312463951423	-0.007178949080595986
PCDH10	0.2929016148881368	0.008418578215114828
PCDH11X	-0.1391920114048686	-0.0046072555775011495
PCDH11Y	0.2615755125292818	0.005965491138742801
PCDH12	-0.2965159485889385	-0.0033236472677334117
PCDH15	0.2904045180413261	0.008334319263268018
PCDH17	-0.6109435717222396	-0.017264654393298766
PCDH18	-0.0108943430645775	-0.0003958786382806172
PCDH19	0.907593682760432	0.009996236821923398
PCDH20	0.3044095548130523	0.0042577764431701625
PCDH7	-0.6495783819284532	-0.016866302686772285
PCDH8	0.0824314643280095	0.0021123887048695713
PCDH9	-0.1248362415148199	-0.003363088346409248
PCDHA1	-0.3793518048736858	-0.009041470917359427
PCDHA10	-0.0198323200000944	-0.00046387796480220803
PCDHA11	-0.8449243313159209	-0.022673544430862738
PCDHA12	-0.1437419343946748	-0.0027867248821095607
PCDHA13	-0.3981280973820874	-0.01025179850758875
PCDHA2	0.3214739505489857	0.008262202003059481
PCDHA3	-0.1778754537518847	-0.004576201798674738
PCDHA4	0.5512906679180818	0.014537534912999818
PCDHA5	0.0908860378699071	0.0023480407883690498
PCDHA6	-0.069230127872251	-0.0017395454230460508
PCDHA7	-1.7454497685201718	-0.03987829086138036
PCDHA8	-0.3048649927484799	-0.0078920400672799
PCDHA9	-0.8753990629976738	-0.021738784931421232
PCDHAC1	-0.7368497339867455	-0.016470065254071735
PCDHAC2	0.3083501642057439	0.0028852324864731458
PCDHB1	-0.5201644193431779	-0.0045847291920907704
PCDHB10	0.7816820067583127	0.009495091336093223
PCDHB11	-0.0642791453352704	-0.0007996968471160992
PCDHB12	-0.210258309991901	-0.005318273692935144
PCDHB13	0.092928705673544	0.0013010948081352894
PCDHB14	-0.0856828146147719	-0.0011513199799786898
PCDHB15	0.3200009248156107	0.003594570388453755
PCDHB16	0.0620271822681291	0.0014463498361282343
PCDHB2	-0.579119842958918	-0.007346135207933875
PCDHB3	-0.2363466652246161	-0.004303636427075035
PCDHB4	0.8973652110066752	0.010027158867788589
PCDHB5	0.6680005184268683	0.008839650860342748
PCDHB6	0.2430063073912272	0.002983874448456879
PCDHB7	0.5279315054747593	0.013104315828894476
PCDHB8	-0.1049135022586519	-0.0017328563168061534
PCDHB9	-0.3033192414705347	-0.003451469648693214
PCDHGA1	-0.4890885975327518	-0.012314761797277158
PCDHGA10	0.9902986046563164	0.012987766200067589
PCDHGA11	0.683167303836893	0.018171567114757516
PCDHGA12	0.2186226926427937	0.002935009648729505
PCDHGA2	0.0718093385176524	0.0011870801750353118
PCDHGA3	0.7931285071215806	0.018760661707453868
PCDHGA4	0.3617441311412026	0.008668112870405496
PCDHGA5	-0.8432153031495673	-0.021363702920597437
PCDHGA6	0.1572865621937247	0.0038727097343338895
PCDHGA7	-0.8781464060730928	-0.012347616615793758
PCDHGA8	0.8742561114238823	0.00989745343742977
PCDHGA9	0.0609904245178525	0.0007884232177422792
PCDHGB1	0.5513952247117315	0.014863409677329435
PCDHGB2	0.3816617239669259	0.010333872838128484
PCDHGB3	-0.0484670979619651	-0.0006526579411558221
PCDHGB4	0.1807954873921726	0.005795399348356093
PCDHGB5	-0.7853340451719787	-0.024783571797537304
PCDHGB6	0.3770103778436887	0.009745718267259352
PCDHGB7	-0.1633941430067979	-0.00439236135230874
PCDHGC4	-0.329409651534347	-0.008023101472770555
PCDHGC5	-0.3587662521867133	-0.008690753692970943
PCED1A	-0.2176619365233348	-0.002569716822594491
PCED1B	-0.2337935618747978	-0.0007574911404743448
PCF11	-1.279183684002825	-0.002870488186902339
PCGF1	-0.2280191655730553	-0.0051502688927986
PCGF2	-0.5137980333132763	-0.04461976260702486
PCGF3	0.0107104831323576	0.00043814444397848474
PCGF5	0.444702264764146	0.02011699635113567
PCGF6	1.1425268194265528	0.016474094209311462
PCID2	-0.2286369960913136	-0.22166745453946207
PCIF1	0.5037150855119404	0.0009182726008882675
PCK1	-0.512482005986572	-0.002936009412297071
PCK2	-0.3919006209234612	-0.052606387949039886
PCLAF	0.2283921989919065	0.000959704020163991
PCM1	-0.4096168047520681	-0.007582826289570284
PCMT1	0.2473155280918271	0.00026858466350772423
PCMTD1	0.4767370825051464	0.0006822107650648645
PCMTD2	0.7534339417172221	0.0010969998191402753
PCNA	0.2095046381259211	0.11413624130925869
PCNP	0.7797513526255562	0.0022394458847405973
PCNT	-0.1085429370268969	-0.0011598898250694202
PCNX1	0.4776798474445375	0.01140938315621278
PCNX2	0.3810022451885611	0.0020322659758357847
PCNX4	0.6254875122633655	0.007174967253173066
PCOLCE	-0.4985390333751122	-0.01313700206846758
PCOLCE2	-0.0334944674696501	-0.0008318350996087601
PCP2	0.0271878700519253	4.170619265965341e-05
PCP4	0.7054509691484924	0.0017678601286861219
PCSK1	-0.1251025577501478	-0.002591749688909812
PCSK1N	0.0947911205314122	0.0033261256283267228
PCSK2	0.169179159572349	0.004265514150297635
PCSK4	0.2390743050087237	0.002734292826384773
PCSK5	-0.2679088226645788	-0.014149336560207067
PCSK6	-0.2604632073237221	-0.005773948379952271
PCSK7	0.2060457014990789	0.0017792046324445463
PCSK9	-0.2034635930725307	-0.005624344103303966
PCTP	0.0876070755289441	0.009236413973016576
PCYOX1	-0.6426449913125323	-0.0036829984452121226
PCYOX1L	0.2991449859931855	0.00207726278273668
PCYT1A	0.0171210908047265	5.7852165829170844e-05
PCYT1B	-0.4768772341783518	-0.0013018748493069004
PCYT2	-0.7127509582553323	-0.0011211572573356376
PDAP1	0.565506093854744	0.00035117928428379607
PDC	-0.0337755180232536	-0.0008419561132836657
PDCD1	0.3900040962600532	0.02191316015656361
PDCD10	1.1885416628395675	0.03539477071936232
PDCD11	-1.0412761565104018	-0.0005508350867940025
PDCD1LG2	-0.6109578067227004	-0.02286448495879034
PDCD2	0.6355829709044619	0.007305390667575885
PDCD2L	-0.440305832315671	-0.011702448411285904
PDCD4	0.0142562948163182	1.0221763383300149e-05
PDCD5	-1.4044993254044609	-0.1090298781318229
PDCD6	-0.6130130035287868	-0.0278025917620446
PDCD6IP	-0.1709348179290944	-0.036955765766634355
PDCD7	-0.0161349235525258	-7.48660452837197e-06
PDCL	0.8863657063524547	0.022343506725732678
PDCL2	0.0636845968245366	0.0033291759835994755
PDCL3	-0.1547611950617631	-0.010952914058106162
PDE10A	0.2427063425853378	0.012611506973419322
PDE11A	0.9119463363057868	0.01788053181594756
PDE12	1.0188188719075222	0.025055812516821693
PDE1A	0.731311134929923	0.010623025545992062
PDE1B	0.4141239333696722	0.009827160938862321
PDE1C	-0.2303893952464399	-0.003066482850730115
PDE2A	-0.1372499304883322	-0.005425489752203772
PDE3A	-0.1778111473432933	-0.009587221442455688
PDE3B	-0.8307469786327601	-0.025963335323209654
PDE4A	-0.6128858613430761	-0.010277483008862042
PDE4B	-0.1360720104751037	-0.0024675298379555305
PDE4C	0.0842803564689863	0.0020433772425905725
PDE4D	-0.7837533797476949	-0.14613865518775518
PDE5A	-0.4831147318900537	-0.018856451100400688
PDE6A	1.356917015550513	0.13494132644545187
PDE6B	-0.3136382443095056	-0.026053301678302013
PDE6C	0.2196814449819375	0.0171549240386395
PDE6D	-0.1981272733280706	-0.005203614706688446
PDE6G	0.4439975315884198	0.020391918630792944
PDE6H	-0.6235113605015521	-0.010375229038745826
PDE7A	0.2977398596023343	0.0033876841225553593
PDE7B	0.7120282313256926	0.025560389448129713
PDE8A	-0.2356466936657805	-0.014034881428040222
PDE8B	-0.4617611358831418	-0.014475749848800614
PDE9A	0.0190033929634393	0.0017934072041386573
PDF	-0.1971396496876955	-0.0350267872582613
PDGFA	-0.4718140356233904	-0.017170256384406425
PDGFB	-0.0814582979643586	-0.00390282997206835
PDGFC	-0.0175741731703024	-0.0004629388696521058
PDGFD	0.4786770907348545	0.007598041461234346
PDGFRA	0.1518881472268961	0.015776621852457696
PDGFRB	-1.3437144020066198	-0.09995757065087044
PDGFRL	-0.6626476274860719	-0.01873304842903125
PDHA1	0.3388627588368811	0.008739270550403164
PDHA2	-0.278461879376064	-0.004365446882978555
PDHB	0.5045464658288112	0.030511942974531532
PDHX	0.0362934768933462	0.0014824796506625122
PDIA2	-0.1561449470520629	-0.00439469953478031
PDIA3	0.4893734029798484	0.046996485381766755
PDIA4	0.0322370825109109	0.0009121160125637129
PDIA5	-0.2855153877890336	-0.007508769183463796
PDIA6	0.4243945961281407	0.012486537807282155
PDIK1L	0.1232050466539742	0.003014457876482787
PDILT	-0.5927760067757615	-0.003757607106951552
PDK1	-1.169004498455873	-0.039172171738757845
PDK2	0.9774290997698116	0.1220799171321497
PDK3	-0.3682636767369563	-0.08384111822799589
PDK4	-1.1739993854237798	-0.04257860971054965
PDLIM1	1.0015432618759876	0.026243438090936506
PDLIM2	-0.9873226191026772	-0.021333079830951545
PDLIM3	0.1024994248183029	0.0024550662232479914
PDLIM4	-0.4506789921121004	-0.009740975735510938
PDLIM5	-0.1470362811861565	-0.00457003465554693
PDLIM7	0.6615727965128368	0.04692271216546947
PDP1	-0.6854004066453248	-0.019120615144184627
PDP2	0.1919511989023919	0.005867564248048316
PDPK1	0.6610855739281098	0.022039931949189254
PDPN	0.2781906166288767	0.02323142020406086
PDPR	-0.86849970030555	-0.00987136759367288
PDRG1	0.0514573609840865	0.022595184494917302
PDS5A	0.2509697828436235	0.024108910249307003
PDS5B	-0.1865277009357637	-0.014171069023192776
PDSS1	0.7082328090655501	0.011996047319952288
PDSS2	0.9321705097898606	0.010956732172070022
PDX1	-0.7070473443715799	-0.008392651977690653
PDXDC1	-0.2747463937577786	-0.001477860852023091
PDXK	0.4367138472762793	0.0006734127525000227
PDXP	-0.217803884072932	-0.0008191604079982972
PDYN	-0.3062990443659129	-0.01044786040332129
PDZD11	-0.6175127251969014	-0.011031247322917447
PDZD2	0.6721459132934127	0.013120288227487415
PDZD4	0.9989738591188	0.009910819656317614
PDZD7	0.8134345348507924	0.025676061092565265
PDZD8	0.0144918818182606	0.000770243518640551
PDZD9	0.2228870449021556	0.0012321195842191163
PDZK1	0.4149375205622617	0.00951991153425997
PDZK1IP1	-0.0039350879425705	-0.00017690187845825685
PDZRN3	0.8647260775358144	0.04455587587111037
PDZRN4	-0.3993265234568211	-0.02399553079452038
PEA15	-0.3047559699244738	-0.007549719642938989
PEAK1	-0.9381335795065526	-0.006482503034390279
PEAK3	-0.1845924984343842	-0.0006311217521471596
PEAR1	0.5652985938174785	0.03126779582123237
PEBP1	0.9002109702493697	0.07481653373742511
PEBP4	-0.3081660329843462	-0.004709085150033794
PECAM1	-0.0987048370980883	-0.00851674686900855
PECR	0.937433898074676	0.004258762198953253
PEDS1	-0.1098595652556846	-8.503130350789988e-05
PEF1	-0.2147935972328881	-0.00786853384743239
PEG10	0.3682272354904119	0.00236880580590982
PEG3	0.3799858931663696	0.0010533208958571766
PELI1	-0.3729351284892646	-0.007607876621180998
PELI2	-0.6198421077413508	-0.01134249072955898
PELI3	0.2984342462668339	0.005896165403493837
PELO	0.3754180311088878	0.0007515868982799933
PELP1	0.1370350613161366	0.00992846426247673
PEMT	-0.3122052891120088	-0.013702690139126065
PENK	-0.3258244380704655	-0.012216461481014034
PEPD	-0.2190533239147378	-0.01438786042136781
PER1	0.2207352443144583	0.006473502510010118
PER2	-0.1788071266020956	-0.004902176182923053
PER3	-0.0905773384878411	-0.003075191219000693
PERP	-0.4128029612179023	-0.003526988500645757
PES1	-1.0758808846074128	-0.0010263903639154718
PEX1	0.7109673254833477	0.023786122841370883
PEX10	2.889140031180517	0.24229483957492287
PEX11A	0.1830699481767925	0.004400452344325561
PEX11B	-0.4392108931477981	-0.008107393876615205
PEX11G	0.3674215910002028	0.00844371558277566
PEX12	0.1526554939977597	0.012346165732562815
PEX13	-0.8398989015159857	-0.09311959121107732
PEX14	0.7229539082659804	0.013932767720101975
PEX16	0.4142447583858447	0.014907011875273005
PEX19	0.038754581963865	0.003031538419541376
PEX2	0.0654617258297962	0.0025784719187098427
PEX26	0.0005941840824399	2.1404293201732516e-05
PEX3	0.3260321335309981	0.01812282217445406
PEX39	-0.9596255749228528	-0.0009893739677454612
PEX5	0.7301764252564156	0.06900605324528282
PEX5L	0.8483038509595999	0.029016233222073116
PEX6	0.6971204458261815	0.02157936340054945
PEX7	-0.1830431685494476	-0.0005335708363216398
PF4	0.3403402014522473	0.011561016303131388
PF4V1	-1.1457616101929178	-0.037737950154924135
PFAS	-0.1695078362949784	-0.0015416737711028286
PFDN1	-0.0973702577502328	-0.006958078618831635
PFDN2	0.9801365590118132	0.9434745510219763
PFDN4	0.0564535294579859	0.009825510988044614
PFDN5	0.9523258730974428	0.28581204103400454
PFDN6	0.385182748641491	0.14285157044042385
PFKFB1	-0.1404954195909465	-0.0006676342338961778
PFKFB2	-0.1973044821137353	-0.001019077650117443
PFKFB3	0.6957415680015676	0.003367389189127587
PFKFB4	0.3310780263021403	0.0016507550391424714
PFKL	-0.2708436672456395	-0.0009057012232694187
PFKM	-0.3291041200990894	-0.0012318367215308915
PFKP	-0.4711432671171842	-0.0014652555607344428
PFN1	-0.222950105531816	-0.019641458397141924
PFN2	-0.3189346519726169	-0.01776466011487476
PFN3	0.2080790889108717	0.006419031813811481
PFN4	0.0375194746815476	0.0012853046441657762
PGA3	-0.3307162383983253	-0.002778677835022729
PGA4	-0.3907606010503739	-0.003287468936636796
PGA5	-0.4014802098470649	-0.003327467979212474
PGAM1	-0.1994907158053834	-0.0028020465942024154
PGAM2	-0.5664634849081774	-0.00516558051887767
PGAM4	-0.2135639933560183	-0.0027680029178873532
PGAM5	2.1298706398477156	0.09361846397450635
PGAP1	-1.0108626387011743	-0.0060560780684587355
PGAP2	0.2350322231491024	0.002132212328408657
PGAP3	0.4629450551402269	0.002446664616416099
PGAP4	0.8323015639458834	0.003725381800221774
PGAP6	0.2430442156714214	0.0013671237131517454
PGBD1	-1.0738874380054328	-0.0010706657756914166
PGBD2	0.0466148060274002	4.1300718140276576e-05
PGBD3	1.0128406943887027	0.0005661779481632848
PGBD4	-0.01595264615902	-1.335236483509974e-05
PGBD5	0.7837765094969126	0.0012211238017961897
PGC	-0.5438070169909618	-0.007987981272580238
PGCKA1	-0.7199769436823036	-0.0019525774712664072
PGD	0.2241187727877413	0.006765025156597972
PGF	0.3134765966417844	0.01719701261517165
PGGHG	0.0511617516773305	0.0002413811444136453
PGGT1B	0.6363240078702787	0.0015583574952743122
PGK1	0.1097599477949037	0.0010819038054143656
PGK2	0.2258383519813672	0.0020876497257157583
PGLS	0.3346312244141809	0.03638277987443182
PGLYRP1	-0.8985445286556553	-0.020546119192240215
PGLYRP2	-0.5254554469504742	-0.0028474430670246196
PGLYRP3	0.0755040595857313	0.00020378545682188878
PGLYRP4	0.6359887649223535	0.001308228889445281
PGM1	-0.1445578439635162	-0.0023869391195255794
PGM2	-0.2507373283844767	-0.0007870644737988724
PGM2L1	0.1048744700270894	0.00016989664144388483
PGM3	0.2721135769104222	0.0019423467119865938
PGM5	0.4711018801264827	0.00217649068618435
PGP	-0.6890551839942117	-0.003160007073797455
PGPEP1	0.2962185875041823	0.003287433884121415
PGR	0.4573286203822495	0.013798976462793613
PGRMC1	0.4693845367726671	0.05781033831799522
PGRMC2	-0.1547237908875958	-0.009844146471432395
PGS1	0.197484150825869	0.022758863477776448
PHACTR1	0.3252383776869215	0.0008937550618836603
PHACTR3	0.613646528198836	0.002901320785324097
PHACTR4	0.062679218320418	0.0002517824199931191
PHAF1	-0.616664864337485	-0.042456759244771505
PHAX	0.1874593190891755	9.33547409064094e-05
PHB1	0.2688771240402138	0.038051221717047015
PHB2	-1.557418529523189	-0.09028199473792975
PHC1	0.7867800976360446	0.02179066158412789
PHC2	-1.155450251284945	-0.03304703263700071
PHC3	0.5475862733815857	0.014757997653907116
PHETA1	-0.4503311795893316	-0.0015545432319423729
PHETA2	-0.0333522571022775	-0.0001640931049432053
PHEX	-0.5224146970168561	-0.004564859622533288
PHF1	-1.674147895967652	-0.12009332516934355
PHF10	0.6324156012261096	0.014491803502096303
PHF11	0.1038546157672884	0.0027683486378928396
PHF12	0.9823197365063556	0.023915556304983734
PHF13	-0.1992468996017976	-0.00605750424169385
PHF14	-0.4674223387522568	-0.016399512755122927
PHF19	-0.7777131161538036	-0.02713129977014159
PHF2	0.1256786849915689	0.0038500408360317216
PHF20	0.9493046725223242	0.009081048497348553
PHF20L1	0.5696263274171498	0.0075492577172594855
PHF21A	-0.6453444415570083	-0.017413974410974312
PHF21B	-0.1143576078750679	-0.0028193724645519235
PHF23	-0.2846427465472057	-0.0016432425758170187
PHF3	-0.1269250663344638	-0.0037695475450672403
PHF5A	-0.3274016056878479	-0.00013587166636045686
PHF6	0.1468528386611091	0.0015095003285975404
PHF7	0.243760952335468	0.0007052004351065089
PHF8	0.3060788359138038	0.009070340223469663
PHGDH	-0.1901430744042238	-0.00054380919279608
PHIP	-0.2427313706234865	-0.001730431941174835
PHKA1	-0.0529972420140766	-0.001631467098161334
PHKA2	-0.0616358212267357	-0.0016443820745080818
PHKB	-0.3448559199944917	-0.018989491234496687
PHKG1	-0.6960874075436843	-0.03947511688180234
PHKG2	-0.1908254618775354	-0.017340118895349765
PHLDA1	0.5160783376046604	0.00038344620484026266
PHLDA2	0.798990749730404	0.004705256525162349
PHLDA3	0.349147074517567	0.002041462944704214
PHLDB1	0.0406536661482987	0.0014374729813376938
PHLDB2	0.8359176488904565	0.006296967649091809
PHLPP1	-0.6177575316417087	-0.0061559538028096265
PHLPP2	0.1962228839083657	0.0038844282098500077
PHOSPHO1	-0.4845223619172154	-0.000823203492897349
PHOSPHO2	-0.8641292863758194	-0.004961830362369955
PHOX2A	0.262634253259202	0.0026155745282083927
PHOX2B	0.9240719284468945	0.01836130921823979
PHPT1	0.1768209545061769	0.0038684888426861385
PHRF1	0.0305880227365238	0.0007023010020305864
PHTF1	-0.0339868330047205	-0.00023722809437294912
PHTF2	-0.100633746730981	-0.0008490469211692867
PHYH	-0.0984168672838552	-0.0031491429193487982
PHYHD1	-0.3303884801795925	-0.008305636003234777
PHYHIP	0.1384917433045854	0.0041287158513963005
PHYHIPL	0.4855232257645493	0.01339704236852121
PHYKPL	0.0026991681732732	1.099911030608829e-05
PI16	-0.6042254505084954	-0.006177601005998857
PI3	-0.3998108693780889	-0.01687641660731851
PI4K2A	-0.0908196538173009	-0.0004807084276549736
PI4K2B	0.7095291532665037	0.0042316318700814275
PI4KA	0.1501334160862935	0.003990846466405854
PI4KB	-0.1599249330452454	-0.004526035530113491
PIANP	0.0166369266938045	0.0001223479589062383
PIAS1	0.0457696125371884	0.0013553297664512228
PIAS2	0.2233548167277695	0.008014417533825825
PIAS3	0.3410622594258082	0.009364546457054415
PIAS4	1.1252817343625612	0.03710053878193364
PIBF1	0.3927861307421234	0.0498775540261578
PICALM	-0.5267029312285918	-0.016118163101457368
PICK1	-0.0224847501067335	-0.002399819863641773
PID1	0.2801636322232465	0.0010550962389527462
PIDD1	-0.7254441762580053	-0.020395863015493818
PIERCE1	0.9896829680421856	0.001237103710052732
PIEZO1	-0.5162753159751357	-0.010853139692429301
PIEZO2	-0.4214027548609593	-0.010645897796052415
PIF1	-0.0110243663929853	-0.00041904719096376425
PIGA	0.3162674429388469	0.014438557572487177
PIGB	-0.3254264234450417	-0.004480145571567889
PIGC	-0.0423022985102799	-0.0002522909083153093
PIGF	0.9729950214952297	0.02014391593001574
PIGG	-1.006427099670483	-0.006147256724787309
PIGH	-0.8281571040638573	-0.03416148054263412
PIGK	-0.7491778689582969	-0.005244994260577037
PIGL	-0.13487764010274	-0.0001816801812183908
PIGM	-0.1722445565755496	-0.0020428204409860184
PIGN	0.4764692849293089	0.003193297147596228
PIGO	-0.3692501578154444	-0.003217645875203782
PIGP	-0.3797103861808468	-0.003036164247902051
PIGQ	0.6200013211280939	0.018213778810780016
PIGR	0.0279691188621411	0.002244885387232031
PIGS	-0.5239324525196765	-0.05157800635584703
PIGT	0.2723511224919742	0.007577352929971705
PIGU	-0.7422886864864484	-0.08854835969965491
PIGV	-0.5091820826265729	-0.0032002093893080106
PIGW	1.0411420665001074	0.007112041456262234
PIGX	0.4666272952238655	0.06127329676314101
PIGY	-0.3582524987489863	-0.0022179412197549744
PIGZ	0.8246504122742786	0.010530785764742537
PIH1D1	-0.0512312634373504	-0.00337501317272577
PIH1D2	-0.713066847258642	-0.012920058205479335
PIK3AP1	1.3919249144478203	0.027238578650829393
PIK3C2A	0.4014620504150845	0.01180740036475805
PIK3C2B	0.5304852480716278	0.008323313542243839
PIK3C2G	-0.3360959434280586	-0.01531454775824292
PIK3C3	0.3644218045135819	0.047866804022858984
PIK3CA	-0.7139511841475727	-0.026629665217520315
PIK3CB	0.0469096439189258	0.008424784409263399
PIK3CD	0.5127058744556021	0.015637016465021407
PIK3CG	-0.624852387866266	-0.024421105874977273
PIK3IP1	-1.1630795285987126	-0.013049752310877556
PIK3R1	0.5054733755983992	0.062253595465323254
PIK3R2	0.788334703204348	0.020564499067788622
PIK3R3	0.9997818557133458	0.039304424093658766
PIK3R4	-0.3801802915849257	-0.09257390100092941
PIK3R5	-0.6801555909847633	-0.02262401542292618
PIK3R6	0.2324856094420155	0.006282691109561026
PIKFYVE	-0.5683894856931051	-0.02729065276606875
PILRA	0.4356236755208007	0.019106890032017838
PILRB	0.4440223097317488	0.023446154043075262
PIM1	0.3824754765589499	0.0038216949617770274
PIM2	-0.5652941739410128	-0.00215998903862861
PIM3	-0.4182329599543288	-0.00047553087546807184
PIMREG	-0.5930473914285671	-0.016524079467374164
PIN1	-0.3000575386050823	-0.024629022826243758
PIN4	0.2222374177555613	0.003876042803074745
PINK1	0.3830332995491979	0.023373841038390703
PINX1	-0.1485881795822726	-8.855855503103447e-05
PIP	-0.3490528803871991	-0.0004394575764074837
PIP4K2A	-0.0104966096020095	-0.00030180901588657916
PIP4K2B	-0.1988905187501093	-0.007566789785847908
PIP4K2C	0.5445512026477327	0.021573484995295225
PIP4P1	0.0422127619545211	7.665837570941032e-05
PIP4P2	1.0449223446772236	0.05053244458859053
PIP5K1A	1.49917954303073	0.18780372053500258
PIP5K1B	0.0069858261154754	0.0005979657580063478
PIP5K1C	0.2716863854224506	0.03693331892071336
PIP5KL1	-0.5662728857099104	-0.018988828676510427
PIPOX	0.0994813833015801	0.00010475389661656384
PIR	-0.3329735359850797	-0.0006609524689303832
PISD	-0.1678901592826818	-0.0003829574533237972
PITHD1	-0.0376719518793462	-0.00038342512622798565
PITPNA	0.4024714579879525	0.004353131289597694
PITPNB	-0.7095970423309204	-0.0035068285831994085
PITPNC1	0.7248903816015664	0.020400590009412883
PITPNM1	-0.0165596219104389	-0.00019830147237750583
PITPNM2	-0.8975054582306302	-0.021743864736553476
PITPNM3	-0.0325021565535	-0.000188122482131658
PITRM1	0.7688276840232562	0.004305435030530234
PITX1	-0.3879962967021451	-0.010894936011396234
PITX2	0.1018250280434256	0.0036197779219157363
PITX3	-0.1840680676844738	-0.0030533211067500514
PIWIL1	0.2686864846366406	0.03015145993295453
PIWIL2	0.106306095839618	0.003300166439245101
PIWIL3	-0.1922171357174159	-0.006118079212749631
PIWIL4	0.4136395779136257	0.01618158028798104
PJA1	-0.5233834650255057	-0.011704424428365385
PJA2	0.4582444824032227	0.012205341788809835
PJVK	-0.494167464847306	-0.0006379701971178721
PKD1	-0.0540202139931681	-0.000941896451184879
PKD1L1	-0.3790955664480026	-0.0019944217750829415
PKD1L2	-0.5918781691893812	-0.00594955935669166
PKD1L3	0.646089154297163	0.016411956697456535
PKD2	-0.5393436050951459	-0.011522536779252697
PKD2L1	0.2651138089380794	0.005969832749667672
PKD2L2	0.0441555705089212	0.0005445706510865252
PKDCC	-0.6068997914529536	-0.002931932892509219
PKDREJ	-0.496179760858788	-0.004427412006142966
PKHD1	0.8482834829420716	0.01081476612402847
PKHD1L1	-0.8505543302606897	-0.020722905702471445
PKIA	-0.3489829132339094	-0.008371053139741786
PKIB	-0.3447379616050464	-0.003736270027875493
PKIG	1.4774163498199495	0.04086238140332016
PKLR	0.1770108307812742	0.0042303818448416715
PKM	0.0252271124067983	0.001320891605619959
PKMYT1	-0.6935127504666996	-0.02009869302127542
PKN1	-0.1210648157369461	-0.004053734290135903
PKN2	-0.3988469205156465	-0.012215085787712191
PKN3	0.0857221129651083	0.0026381837486141734
PKNOX1	-0.095980275130155	-0.0029688618703259547
PKNOX2	-0.2176846524807766	-0.0037132648020170873
PKP1	-0.002171828551489	-7.381610880800814e-05
PKP2	0.0238458956740885	0.0007119192153499121
PKP3	0.1557477254392337	0.010251159540684923
PKP4	1.485694081084104	0.051794267054754026
PLA1A	-0.1595397760684606	-0.0026643142603432917
PLA2G10	0.3379572655358858	0.0018861394989557786
PLA2G12A	0.3563254308879953	0.00941696848750794
PLA2G12B	0.3094072419562809	0.005489503286788336
PLA2G15	-0.4723964105143399	-0.012872329790105247
PLA2G1B	-0.4991176319215548	-0.0035003119526658636
PLA2G2A	0.2777851792283894	0.0016958785191893175
PLA2G2D	0.0007325633894681	3.837899597423376e-06
PLA2G2E	-0.4745241274284779	-0.0022625310395789824
PLA2G2F	0.4620611633052681	0.0032603035682819714
PLA2G3	-0.3789336909186164	-0.0047135561813366695
PLA2G4A	-0.2298714328240665	-0.002243315312930065
PLA2G4B	-0.5411912300226303	-0.0032368647467653517
PLA2G4C	-0.431438015041471	-0.002731434073227553
PLA2G4D	1.2821519320275674	0.008831462507805884
PLA2G4E	-0.1846169093059985	-0.0021164482482839667
PLA2G4F	0.3539637133326991	0.0029970107607879635
PLA2G5	0.323332562263746	0.0017175425707450188
PLA2G6	-0.4729515798948881	-0.01192500113546971
PLA2G7	-0.5571556425969951	-0.01449384688651823
PLA2R1	-0.0387905217825398	-0.0012466885795690465
PLAA	-0.2221820083921706	-0.01763036454792713
PLAAT1	-0.1355696410186913	-0.00011496305558385022
PLAAT2	-0.0092374880304168	-2.4063656319235765e-05
PLAAT3	0.2453728569246593	0.0006220201923040113
PLAAT4	-0.3093777552911732	-0.004407086124122762
PLAAT5	-0.2652853294260355	-0.0003751134558084142
PLAC1	-0.6613438802770284	-0.004049408578936244
PLAC8	0.3422107694671539	0.0012798682778071555
PLAC8L1	-0.7425994660169938	-0.0013389068372286397
PLAC9	-0.22996441630085	-0.0021621254420605917
PLAG1	0.7548835964463199	0.06494791998745203
PLAGL1	0.0707389942127967	0.0017538318835178684
PLAGL2	0.5550326715263985	0.00571295128802122
PLAT	0.0854918903887242	0.002204579377454031
PLAU	-0.2045857975369782	-0.004748436360833264
PLAUR	-0.3211669853107529	-0.008424531191686358
PLB1	-0.4195913682898915	-0.0036063878104516177
PLBD1	-0.2072026102296621	-0.0004160628413411615
PLBD2	0.0097596169652738	1.2219040440522798e-05
PLCB1	-0.6428169741572098	-0.01976983604020499
PLCB2	-0.5027934414888962	-0.04718364492964248
PLCB3	-0.0492830515791245	-0.001451583001211533
PLCB4	-0.0534945906720175	-0.0015980439071451788
PLCD1	-0.7970841910243971	-0.017467302962108636
PLCD3	-1.2833476915819046	-0.033580075697932116
PLCD4	-0.2320040585497654	-0.007074035749240897
PLCE1	0.6589354845261925	0.0064338460709137445
PLCG1	0.1510774185436205	0.009826075302077077
PLCG2	-0.0460257234933751	-0.0013561479427322974
PLCH1	0.229467179176261	0.017348177680083683
PLCH2	1.4892013345827273	0.03702601278173035
PLCL1	0.7736877326465583	0.11264042330827978
PLCL2	-1.2049889456297105	-0.04174925199923257
PLCXD1	0.1322660805755729	0.000256728462397187
PLCXD2	-0.0981602350466017	-0.00026827192238236243
PLCXD3	-0.5143997727677091	-0.0005344613639056497
PLCZ1	-0.3372901563733723	-0.0711726077668144
PLD1	-0.0774322248829378	-0.0025249874212077187
PLD2	0.50871672361577	0.014846388862002633
PLD3	-0.8776632438845492	-0.001193622011682987
PLD4	0.422098525951275	0.001045115950255357
PLD5	-0.8248548649401781	-0.0018311778001671955
PLD6	0.7682934598636322	0.002748185705932212
PLEC	0.3419841228514787	0.02313351599028828
PLEK	0.1166143518071951	7.626578608190558e-05
PLEK2	0.3798700978421871	0.000574363587937387
PLEKHA1	-0.4350272563270875	-0.01130548833742835
PLEKHA3	0.4299026073807199	0.0018253664709385366
PLEKHA4	0.1653055968620136	0.0005415411353199565
PLEKHA5	-0.1060301646776554	-0.0026192631580321214
PLEKHA6	-0.4526434071445204	-0.007041773484947304
PLEKHA7	-0.0030073286029757	-8.018139521253811e-05
PLEKHA8	-0.5434356212378816	-0.01015626832531477
PLEKHB1	0.3247892054511479	0.03317949086127292
PLEKHB2	0.7554249564568785	0.04088888661814146
PLEKHF1	-0.0278071336250845	-0.00011345310519034477
PLEKHF2	1.207623651055639	0.015242625723624276
PLEKHG1	-0.3340608482818067	-0.0023811857265527182
PLEKHG2	0.5332928572073862	0.012877422622986754
PLEKHG3	0.6169314841637695	0.012151699443573768
PLEKHG4	0.343933360654075	0.0069729049539007165
PLEKHG4B	-0.2986828000556866	-0.002509234203267823
PLEKHG5	0.4042676694950823	0.006752887151245855
PLEKHG6	0.8547759806248585	0.01746307328416586
PLEKHG7	-0.2255571553877786	-0.0010398184863376595
PLEKHH1	-0.2564341147046829	-0.0034987870610306937
PLEKHH2	-0.3566607628985512	-0.002047589439800582
PLEKHH3	-0.0854615438722773	-0.000999814601761772
PLEKHJ1	0.6566317219624842	0.0004031718772849653
PLEKHM1	0.0738619453417654	0.0004242630140431005
PLEKHM3	0.2965163369001624	0.0017138644272829387
PLEKHN1	0.5418851169850536	0.0017009773822160832
PLEKHO1	0.9052101981412436	0.005588767763324037
PLEKHO2	0.0376425331717186	0.0008644984168216895
PLEKHS1	-0.2175785369801043	-0.0009690948037093844
PLG	0.5820404235538666	0.014396187836181337
PLGLB1	0.4934378150961506	0.005593117634114866
PLGLB2	-0.3411786455575023	-0.0038672599473942885
PLGRKT	0.2188975921968617	0.007078053643685523
PLIN1	0.2921832592385355	0.00827784391748695
PLIN2	0.5218674178986401	0.007560293283097599
PLIN3	-0.3065036378820251	-0.059932495336899656
PLIN4	-0.1685862538893039	-0.0046491031235053335
PLIN5	0.7251442605079269	0.019837046390454846
PLK1	-0.3903348384052231	-0.028533867022260212
PLK2	0.2248044625212816	0.00700063576737523
PLK3	-0.4353348398718852	-0.009431529305824393
PLK4	-0.6996369404604306	-0.019359653779480575
PLLP	-0.2490169440995672	-0.0034297103710833393
PLN	0.2129545449962115	0.0006618627258482253
PLOD1	-0.3311970504279424	-0.009943197847947687
PLOD2	-0.3544877719099767	-0.005645572255438289
PLOD3	0.5099457250176387	0.013685413422298369
PLP1	0.2945865115371726	0.002306906971847598
PLP2	-0.6601003041873088	-0.01738572181168534
PLPBP	-0.4464223081261383	-0.012196703880314226
PLPP1	-0.3933979298495728	-0.009059954324435661
PLPP2	-0.9034854962369724	-0.00421656681093795
PLPP3	0.1240399932924522	0.0006544350046109778
PLPP4	-0.1330275145886168	-0.0007377705959084687
PLPP5	0.7450655912356372	0.0043683195614145414
PLPP6	-0.1566113818440508	-0.0001902828289405217
PLPP7	-0.5054726620198602	-0.0005903920692391966
PLPPR1	-0.5119573910137101	-0.002924812574861326
PLPPR2	-0.9133235910376348	-0.005382215921984782
PLPPR3	-0.6548301166434896	-0.0048202044886127265
PLPPR4	0.070176652600045	0.000410112357794663
PLRG1	0.0007619782596217	8.259844334299227e-07
PLS1	0.976717925560736	0.029874871189126233
PLS3	-0.7721028365178688	-0.09760692428407942
PLSCR1	-0.1245987246928135	-0.0025770754228214617
PLSCR2	-0.1929927027639044	-0.0013374394301538576
PLSCR3	0.0631077521416024	0.0002908636296206455
PLSCR4	0.2791365788897778	0.0022794293032139252
PLSCR5	-0.1250369461544925	-0.0003694841758865254
PLTP	-0.1003742835193615	-0.0007758932116046644
PLVAP	-0.3940042200569813	-0.010724400865730975
PLXDC1	-0.3081271079933571	-0.009086976541832093
PLXDC2	1.1384426061354345	0.040999872017361536
PLXNA1	0.6272975391690775	0.03134292154458296
PLXNA2	0.3795630771079726	0.010189370804963524
PLXNA3	-0.8708362944214487	-0.038810561133480706
PLXNA4	0.5185613278068869	0.012966626001811208
PLXNB1	-0.3945077686240347	-0.010108078047685017
PLXNB3	0.1178245547836382	0.005782829148780962
PLXNC1	0.1354535190084205	0.010239202408884525
PLXND1	-0.029879700888741	-0.001487291991437972
PM20D1	-0.7267947189403697	-0.0036804884567140325
PM20D2	0.7244754070566315	0.0007780865871788223
PMAIP1	2.4240429340467644	0.07347031728802338
PMCH	0.6946222642708422	0.021534679436924647
PMEL	0.2259090240981966	0.0029006718694208444
PMEPA1	-1.2350428167935317	-0.005237816586021368
PMF1	0.9471561825755468	0.09806476251914181
PMFBP1	-0.1298106628935747	-0.0005087279878799192
PML	-0.8588219656820748	-0.021437913907355954
PMM1	0.0975755818607994	0.00566357949794638
PMM2	0.2536166146393794	0.0339103166935875
PMP2	-0.3814547855325188	-0.0008594176318047649
PMP22	0.1771134312785038	0.0011145748230356244
PMPCA	0.1473730049546617	0.0012870084522690606
PMPCB	0.8818507711560848	0.006377544777000805
PMS1	-0.1322030555016039	-0.0013127763411309268
PMS2	-0.0039715380123093	-0.0009634792356341871
PMVK	-0.5078740330485814	-0.0014911181610306348
PNCK	-0.5299279447898552	-0.019077406012434784
PNISR	0.1810305133197033	0.001205663218709224
PNKD	0.0666598245306384	0.005941590139889393
PNKP	-0.6904339850913107	-0.020186908856099743
PNLDC1	-0.21425037651739	-0.006001795797381647
PNLIP	-0.1927044968019996	-0.0017709543256103765
PNLIPRP1	-0.6201061927947613	-0.0037683853336137646
PNLIPRP2	0.4223388750666999	0.0029394785704642316
PNLIPRP3	0.5153689501292564	0.0031700344122450566
PNMA1	-0.4207494548787894	-0.0017166577759054609
PNMA2	-0.2399880545289464	-0.002265727222807783
PNMA3	0.101162224787352	0.00022609757239973173
PNMA5	0.0104829843956131	0.00019363120477136958
PNMA6A	-0.0461019703291757	-6.44966564905168e-05
PNMA8A	0.403429983135958	0.0016641486804358269
PNMA8B	0.8285257502642986	0.006965415982471958
PNMT	-1.1684846876987307	-0.0009172604798435036
PNN	-1.2650233113048337	-0.03293614693313265
PNO1	-0.622314527941332	-0.0003596977971500899
PNOC	-0.0387526931134597	-0.0011999771422582795
PNP	0.3397386456894953	0.01035965052300978
PNPLA1	-0.9389967266426946	-0.005311904482617723
PNPLA2	0.2536096353400841	0.0012807286584674248
PNPLA3	0.5019214505667068	0.0030918361354909138
PNPLA4	-0.6355441846395199	-0.002429049873692245
PNPLA5	0.6297792262693875	0.002760952127964995
PNPLA6	-0.2632248495098078	-0.011433434563308012
PNPLA7	-0.9757508890985644	-0.029597451719026755
PNPLA8	0.3374064141134608	0.0019670793942814764
PNPO	0.3457690060204681	0.0009612378367369013
PNPT1	-0.0425406290218146	-3.1905471766360955e-05
PNRC1	-0.0983736984356544	-0.0027966658728272187
PNRC2	0.8289725386636586	0.02508470901996231
POC1A	0.0900265254342537	0.0014732840887315619
POC1B	0.341395732440391	0.010507477853050354
POC5	1.2367508431792715	0.021007449822243108
PODN	0.6080700573505469	0.015518555933643305
PODNL1	0.275415256359979	0.003369154831051623
PODXL	-0.5944201966279614	-0.019474394481925273
PODXL2	0.2308525823114605	0.006348215160982852
POF1B	0.9813255477249287	0.004302131201226088
POFUT1	3.046803550023196	0.009277516809820632
POFUT2	-0.0676130142902404	-0.0009951959573380484
POFUT3	-0.3137898889745927	-0.0014086028116069467
POFUT4	0.3728834380808809	0.0006749190229263945
POGK	-0.272462366910762	-0.0005710811210449571
POGLUT1	-0.1346142812944079	-0.00034595870292662825
POGLUT2	1.092466212850003	0.0008816202337699523
POGLUT3	-0.0688934401733075	-0.0001674110596211372
POGZ	-0.0403913395942714	-0.0008497126110446875
POLA1	0.0007436317795314	1.3073046684162012e-06
POLA2	0.2240571318131803	0.1941381108307709
POLB	0.411329465075203	0.014803747448056556
POLD1	0.951306564321971	0.019617843969447688
POLD2	-0.5298603099800199	-0.4347572725226361
POLD3	0.1828823991448802	0.018175584356614774
POLD4	0.8739358774807543	0.051029989821978726
POLDIP2	0.7956445121914871	0.0006874368585334449
POLDIP3	0.1803160397610016	0.03477430889998868
POLE	-0.3491507029269571	-0.0003955877464162424
POLE2	0.6256055852454374	0.1791102534501835
POLE3	-0.2300215393026725	-0.0022249983496747507
POLE4	-0.1790977434214905	-0.0017436956299516316
POLG	-0.97556079602252	-0.036952291831741015
POLG2	-0.2051623296460242	-0.00039534780922788863
POLH	-0.4746348014335309	-0.26083935220620835
POLI	0.2628783618074228	0.0064024025018197825
POLK	-0.2349307850481726	-0.042217531934726715
POLL	0.47782270289669	0.040953228219869506
POLM	1.7876421299189982e-05	1.119063973329293e-08
POLN	0.1946503692620315	0.005016723966990338
POLQ	-0.2812570889208449	-0.025770180772372413
POLR1A	-0.0334228526981889	-3.0047144575671817e-05
POLR1B	-0.8202352274714153	-0.0010589236786655973
POLR1C	1.2236867491422756	0.06252427444742457
POLR1D	-0.0028360208336758	-0.00024653245505060363
POLR1E	0.254119960420057	0.03677014179294057
POLR1F	0.3280040169748867	0.04183133629685822
POLR1G	-0.1005282459486202	-0.0013376288405923403
POLR1H	-0.1961598804708916	-0.00018811732537158505
POLR2A	0.0472521682183924	0.0009115415771010077
POLR2B	2.541669944432069	0.0020740026746565686
POLR2C	1.6162971543037117	0.001823183190054587
POLR2D	0.5773249003350047	0.00024998168184505706
POLR2E	1.78371194233406	0.0028485879719074934
POLR2F	1.902034014688291	0.18571460119416475
POLR2G	-0.9003978393917822	-0.08237469713243598
POLR2H	1.951816257086288	0.050550089242277774
POLR2I	0.913852938233686	0.07185260112156179
POLR2J	-0.3068469455391655	-0.0060623751030172935
POLR2J3	0.0990182121227201	0.0068990939296505235
POLR2K	0.4213310806531232	0.08935884490247893
POLR2L	-0.0032416491457346	-1.6791742574905228e-06
POLR3A	0.2560825244286226	0.00022099921858190132
POLR3B	-0.982438422182619	-0.0008674931267872526
POLR3C	-0.1745671006006678	-0.0017973428677844755
POLR3D	-0.1051785964775669	-0.0002312877336541696
POLR3E	-0.185421517249662	-0.015165625895849855
POLR3F	-2.144285740513458	-0.005017628632801492
POLR3G	0.1665655113002086	7.378852150599241e-05
POLR3GL	0.1938953488360846	8.434447674369681e-05
POLR3H	0.8619129389245809	0.000592134189041187
POLR3K	-0.7510263387119878	-0.0004671383826788564
POLRMT	0.7789445932752349	0.026454516276813528
POM121L12	-1.2533680329504229	-0.001574230249385731
POM121L2	-0.2162234098167196	-0.0052816892315930095
POMC	-0.1899131702042265	-0.007066099323788654
POMGNT1	0.5337897269294462	0.012715938874913266
POMGNT2	-2.036751581500172	-0.008206072121864192
POMK	0.1357676043757294	0.0050718703966641234
POMP	0.3542732698497586	0.004430541512741081
POMT1	-0.0777178521136406	-0.0008723051721235021
POMT2	0.5648473162737393	0.014273126834921119
PON1	-1.310648717666275	-0.031907743031585466
PON2	-0.5503561230779026	-0.004137577333299672
PON3	-0.7031559398582301	-0.004874980131037109
POP1	-0.0043181847641365	-2.582274488953627e-06
POP4	0.4225503567460186	0.11981457620569032
POP5	-0.238777367137658	-0.00012726833668437172
POP7	-0.1399968617061391	-0.0002925934409658307
POPDC1	-0.4513210759394422	-0.013642984804573398
POPDC2	-0.0193914231044208	-0.0001296704462992619
POPDC3	-0.1753147115655497	-0.0002536803876353504
POR	0.1004161678533838	0.010641703804430202
PORCN	0.2147825781510515	0.005450752268317385
POSTN	-0.5869829025059701	-0.006750303378818655
POT1	0.4783506328639159	0.273109988677957
POTEA	0.2378817054271342	0.0012415046206242133
POTEB3	-0.3988112093274637	-0.0003513526754174955
POTED	-0.3763417962912051	-0.000308223931162497
POTEE	0.3106292719893067	0.0021470695279900876
POU1F1	-0.5008172030065384	-0.005563077490996628
POU2AF1	0.1737126129075284	0.003691393024284979
POU2AF2	-0.044111638171248	-2.7172769113488768e-05
POU2F1	0.4498361219982517	0.007859986559675451
POU2F2	-0.5732259316779016	-0.01756478899847426
POU2F3	-0.507196715856939	-0.013270294873680952
POU3F1	-1.3699407736892664	-0.025530216258473168
POU3F2	0.0191620037416804	0.00032013959651225446
POU3F3	0.3361882620390465	0.006500536234787003
POU3F4	0.812627846315279	0.012785073906078285
POU4F1	-0.9304710295779832	-0.014513487119357384
POU4F2	-0.19545081365315	-0.004229360156640513
POU4F3	-0.0806610608846115	-0.0013600261475754346
POU5F1	0.182980130398372	0.011506705500101622
POU5F2	0.276672761984809	0.0005295516664389244
POU6F1	-0.851645117927156	-0.02467726893705727
POU6F2	0.4393496222168411	0.009138472142110294
PP2D1	0.1043688138695362	0.00017314786220956057
PPA1	-0.4082286459870373	-0.0015716802870500935
PPA2	-0.7147476672554118	-0.015265580677241085
PPAN	-1.065323203624274	-0.009976751801941325
PPAN-P2RY11	0.3358845830997967	0.0001498045240625093
PPARA	-0.8178145712128196	-0.020106789047838382
PPARD	0.5134336028761721	0.012409176747914204
PPARG	-0.4515503690165344	-0.01341375526200517
PPARGC1A	-0.0746514942009899	-0.004032972322714279
PPARGC1B	-0.44947106766982	-0.012294831585040255
PPAT	-0.010078104793393	-8.56638907438405e-05
PPBP	-0.2842975928535743	-0.008364035181752157
PPCDC	0.3201133357934386	0.05110129235938557
PPCS	-0.0594026102204091	-0.00032089290041064993
PPDPF	0.1619961048541919	8.342799399990884e-05
PPDPFL	0.1375978267421567	0.00022125730540138798
PPEF1	0.4089801770495334	0.0021958145705789447
PPEF2	0.4687609999011801	0.0018342617926133177
PPFIA1	-0.8927968405978629	-0.025159014968047778
PPFIA2	0.1829126866665227	0.012181253281243745
PPFIA3	-0.2523686029886617	-0.005086236824633487
PPFIA4	-0.549700693925147	-0.014023414402724425
PPFIBP1	0.3011074205318663	0.009440319848515072
PPFIBP2	-0.0378410816133381	-0.001473910128839519
PPHLN1	-0.8266796887056191	-0.017681025182035782
PPIA	-0.2900394195326324	-0.04891427798591985
PPIAL4A	-0.181427125892355	-0.0002672421564394389
PPIB	0.2471232253165146	0.007433219494295443
PPIC	-0.2609618661788768	-0.0024653067497918493
PPID	-0.2053818956687268	-0.05771929566736497
PPIE	-0.0493467174518209	-0.0022809039740580655
PPIF	0.1221595062760562	0.013635932728558498
PPIG	0.077112646373918	3.678273232035888e-05
PPIH	-0.7444389673226548	-0.01635606855104605
PPIL1	-0.7617247465430758	-0.00039152651972314094
PPIL2	0.2715873273361699	0.0005127568740106888
PPIL3	-0.5582308519088918	-0.00808988150586366
PPIL4	0.118992229313832	7.032440752447471e-05
PPIL6	-0.628565098687937	-0.00047519521460808036
PPIP5K1	0.496453418329925	0.0076880776362572185
PPIP5K2	-0.8067937188934236	-0.019173452729502213
PPL	0.9442135200605156	0.02325314635853032
PPM1A	0.0030242831365396	9.092507250006308e-05
PPM1B	0.0059803603390487	0.00023797049861142588
PPM1D	0.0207890273457097	0.00042122727207876987
PPM1E	-0.1265088994734364	-0.00031715781097990507
PPM1F	-0.1082125634872243	-0.0005174724785959066
PPM1G	-0.7634158293973791	-0.015189684757519653
PPM1H	-0.0053365374853807	-1.0070046234913381e-05
PPM1J	0.3836110840358721	0.0011109376993678856
PPM1K	0.3412372674231307	0.004871503229732614
PPM1L	-0.2330082416509884	-0.0023946256994472077
PPM1M	0.865797456158252	0.0009601693788795014
PPM1N	0.1189718784101096	0.00041580671504333304
PPME1	-0.1431792168808249	-0.005782579032165875
PPOX	0.0012736685246243	8.327244813993674e-06
PPP1CA	0.1550279803534982	0.02289856286609381
PPP1CB	-0.3848025709715058	-0.10711518286591223
PPP1CC	1.4748222249250929	0.4283886620295419
PPP1R10	-0.7344539658844658	-0.056259908240715965
PPP1R11	0.179501192035622	0.004693058665771337
PPP1R12A	-0.461630174867194	-0.013598240061062934
PPP1R12B	-1.176627523121976	-0.04834291841498951
PPP1R12C	0.6900777789529542	0.016463185572480627
PPP1R13B	-0.250079253336279	-0.006332256773727921
PPP1R13L	-0.2537044850637097	-0.006407306770283988
PPP1R14A	-0.3444039151957321	-0.0007339247432821052
PPP1R14B	-1.141160947247632	-0.0014207453793233019
PPP1R14C	1.20562510923084	0.012023699214359168
PPP1R14D	-0.1937798095956834	-0.0003251625205015567
PPP1R15A	0.2697489183573603	0.010778357530805046
PPP1R15B	-0.5055498147778223	-0.014539107123195392
PPP1R16A	0.5641843069399954	0.0037755213820424493
PPP1R16B	0.0474707147183753	0.00040231430723823065
PPP1R17	1.0280070095594531	0.005787679463819721
PPP1R18	-0.2777829862864769	-0.03633484795523004
PPP1R1A	0.6668071575709343	0.0036367662373918757
PPP1R1B	0.159471515727474	0.0034308701893608754
PPP1R1C	-0.3060319940768508	-0.001608198128873851
PPP1R2	0.1722472292636346	0.005276449374032918
PPP1R21	0.8052611958676711	0.009506108417217857
PPP1R26	0.7397904518349285	0.005705263964550969
PPP1R27	-0.785001041460451	-0.012173796150968674
PPP1R35	-1.0827196284588796	-0.0028497180621037707
PPP1R36	-0.0857031437110168	-0.000423459233076134
PPP1R3A	0.4937427115359533	0.014472586360541863
PPP1R3B	-0.6699271784765443	-0.058241459115215326
PPP1R3C	-0.1575684626283341	-0.0072199445260928965
PPP1R3D	-0.7867067693777988	-0.035589040833112866
PPP1R3F	-0.8720532013118054	-0.046532758821997935
PPP1R42	0.1363553708959075	0.00035411489821667177
PPP1R7	-0.4343265128779587	-0.08692610828739467
PPP1R8	-0.0268274302981905	-0.0007988403919892185
PPP1R9A	0.8151187607285248	0.029662986821671747
PPP1R9B	1.140306156202626	0.04574680237453695
PPP2CA	-0.0090763644282296	-0.0011872610781278575
PPP2CB	1.2308034973949995	0.20894858653875947
PPP2R1A	0.4948261214366071	0.11945795328049706
PPP2R1B	-0.8480683295593112	-0.1959580605012927
PPP2R2A	0.1958942870099528	0.02711549131363065
PPP2R2B	-0.6113676407835411	-0.06795657011129451
PPP2R2C	0.3294257026148908	0.0329541001610806
PPP2R2D	-0.3110502371915951	-0.04687682599595934
PPP2R3A	-0.7884957808013555	-0.015402476582173677
PPP2R3B	0.2968766408419785	0.030091416315742945
PPP2R3C	0.6188746349125965	0.018014821747670773
PPP2R5A	1.2252907664108803	0.08533169955438652
PPP2R5B	-0.1260537286648197	-0.028391459468363335
PPP2R5C	-0.5772609316888094	-0.06100089443435156
PPP2R5D	0.4308384458667657	0.09037525743568797
PPP2R5E	0.085223989267011	0.013736317366067565
PPP3CA	-0.0286810596526859	-0.0013700942196088054
PPP3CB	-0.3947416843244575	-0.018885626403135018
PPP3CC	-0.5927454703385755	-0.02458411838229242
PPP3R1	-0.5753993227762493	-0.06250850542979784
PPP3R2	-0.8047434603203342	-0.008411178647268132
PPP4C	0.1050731698619459	0.018206658580998538
PPP4R1	-0.7695423577453733	-0.10592519691657738
PPP4R2	0.8295290931495852	0.09825606202538206
PPP4R3A	-0.324983547468789	-0.02364840278220884
PPP4R3B	-0.460955163778584	-0.021255564512158064
PPP4R4	0.6634182520833335	0.28026037717435215
PPP5C	0.813712635418634	0.03212537484632767
PPP6C	-0.0508093925659945	-0.01881222840695203
PPP6R1	-0.1595557087251687	-0.007526083224857483
PPP6R2	-0.7954127180411223	-0.008683520642854933
PPP6R3	0.778425020535468	0.0557328961952779
PPRC1	-0.3669984196872273	-0.009643984472540959
PPT1	-0.5339137571375141	-0.013525103295807507
PPT2	0.011993078708595	8.545068579873937e-05
PPTC7	0.2437275801037766	0.0008810752020751524
PPWD1	0.4010945524873299	0.0003144581291500666
PPY	0.1973727567841116	0.007109169326606916
PQBP1	0.3850435236752094	0.00033845325731050906
PRADC1	0.5600769493278419	0.0003690907096070478
PRAF2	0.2574828554894709	0.012618204816117012
PRAG1	0.1284022915119075	0.0015415979118919613
PRAM1	0.0912063049661668	0.0032766777122145083
PRAME	-0.7857083079557025	-0.1721400474817069
PRAMEF1	0.30416147564863	0.0003850684281711656
PRAMEF10	0.5279970601998667	0.00038913383336730176
PRAMEF12	-0.2719849514709624	-0.001302535932594439
PRAMEF2	0.6670211079551445	0.00103855186508616
PRAMEF4	-0.3420341020729252	-0.0009918988960114828
PRAMEF6	-0.0305188933408755	-9.589036287703081e-05
PRAMEF7	-0.220919927478425	-0.00030089294122561484
PRAMEF8	-0.1391169190794709	-0.00016958352435787505
PRAMEF9	0.1898117877149611	0.00035646653732869694
PRAP1	0.0523906391611201	0.0005032120891425586
PRB1	0.5950013818053375	0.005233037152977943
PRB2	-0.2375059120110643	-0.002055138656631739
PRB3	0.7164688757409643	0.0014859564482867598
PRB4	0.2854940477055071	0.002214006339956208
PRC1	0.0988499296438992	0.003832906021942191
PRCC	0.3885494526054738	0.03442470440193977
PRCD	-0.2854494615982004	-0.0009142946254990359
PRCP	-0.4109669206055169	-0.0023252508367860147
PRDM1	0.4314349458343671	0.00910068874743014
PRDM10	0.9633700243628964	0.025537975975836024
PRDM11	0.4601184782304238	0.012745281846982738
PRDM12	0.228151059489901	0.0020513061758737
PRDM13	0.2169353888717429	0.004001807118517042
PRDM14	-0.4019495169164366	-0.010243683438615387
PRDM15	-0.046746038523007	-0.0013123482854948986
PRDM16	0.2681710373029532	0.007541237739996347
PRDM2	-0.1817265151182691	-0.0033744796592311385
PRDM4	0.0597511438276908	0.0013685999493732576
PRDM5	0.3148391040115531	0.004375319028448553
PRDM6	-0.349453726358222	-0.00026243974849502475
PRDM7	0.4426954807451098	0.0017198719426947515
PRDM8	-1.0220925277839197	-0.0036437598615496735
PRDM9	-1.3409573220872515	-0.014523908755527021
PRDX1	-0.0945223728441638	-0.004864121306560669
PRDX3	-0.9638087583832118	-0.08609703638637231
PRDX4	-0.2515894747921382	-0.01297924941505162
PRDX5	0.0980830834097718	0.0007690694570160208
PRDX6	0.2391510980805954	0.01951616450996507
PREB	-0.0702432965777831	-0.0038756738886791824
PRELID1	1.252322585196356	0.04949178856695999
PRELID2	0.3986365858206454	0.007932070784659202
PRELID3A	0.5480814662077369	0.0013515688956682792
PRELID3B	0.1178067891091126	0.016644921233226518
PRELP	0.1371116438647976	0.0012128896016279996
PREP	-0.4458239479742609	-0.001454277718292039
PREPL	-0.2736263234783744	-0.001702229358358967
PREX1	0.8247325950546112	0.017822471379130147
PREX2	0.0834294458125255	0.0018255197038238706
PRF1	-0.8262793105454659	-0.020055451425559548
PRG2	-0.6166615834065163	-0.005984084005376835
PRG3	0.6102676487957988	0.006290638923787093
PRG4	0.3090519457399463	0.009932929536081875
PRH1	-0.02039183287849	-0.0001935184940168701
PRH2	0.8399643617303061	0.007524400752380082
PRICKLE1	0.1995453633519335	0.0030304954332258144
PRICKLE2	0.3033127489546697	0.007410840395209444
PRICKLE3	-0.6372757258627672	-0.013730742789439181
PRICKLE4	0.0356077977988321	0.00011223577866191878
PRIM1	-0.5896837218396273	-0.3178990841274649
PRIM2	0.0181818495534459	0.0040469342554555416
PRIMA1	0.0835099728079835	0.0004535426623201584
PRIMPOL	-0.5193936494583303	-0.021587558252436585
PRKAA1	-0.1480660908917544	-0.01856363807946282
PRKAA2	-0.890460094519768	-0.030583742406375954
PRKAB1	0.5999062067178552	0.0293750073181465
PRKAB2	-0.263310063028674	-0.002775288064322224
PRKACA	-0.3040352325389834	-0.02861032345238342
PRKACB	0.2304262763734637	0.022002944278349302
PRKACG	0.0846021184242145	0.010546161674288883
PRKAG1	-0.733229125361081	-0.08214805828895407
PRKAG2	0.6954082287894245	0.07257419357292193
PRKAG3	-0.5323195291227186	-0.013260611789976043
PRKAR1A	-1.0605078160749133	-0.03249289897671927
PRKAR1B	0.3860684265640522	0.015414940135849476
PRKAR2A	0.3731309288709095	0.03679817220524909
PRKAR2B	-0.5400914836428049	-0.03719231983809447
PRKCA	-0.0949922094636673	-0.013472080122765687
PRKCB	0.2084944699465123	0.00591582209026234
PRKCD	-0.1598009344918891	-0.00984134055068299
PRKCE	-0.6188271408510474	-0.030640607052098763
PRKCG	-0.8514943402503163	-0.06129737456593977
PRKCH	-0.3604179284231345	-0.016994065743079215
PRKCI	0.0725317014045022	0.005143730668503082
PRKCQ	-0.3609348047953142	-0.035462927375554
PRKCSH	-0.891242519185406	-0.023616144273374887
PRKCZ	-0.2090522953867385	-0.017184725837676065
PRKD1	0.1129319769106639	0.0028115544971678884
PRKD2	0.0521906916741456	0.0011744471347432982
PRKD3	0.5571899233808668	0.015134949888794486
PRKDC	0.2243473118100397	0.10607163337109858
PRKG1	0.2909914233608737	0.017244442739788736
PRKG2	-0.695383100345749	-0.049820026841170845
PRKN	0.1394324123814435	0.004143234133914593
PRKRA	0.2704986633038531	0.11257505169914436
PRKRIP1	-0.2518115922941452	-0.0003822499971025124
PRKX	2.0124662901546264	0.05157749855037292
PRL	0.3471949135443044	0.013307981036153188
PRLH	0.8606892283211374	0.0264713579062449
PRLHR	-0.3350941143354529	-0.011554715250515086
PRLR	0.2232756451310153	0.024393534057498816
PRM1	0.7907529455894318	0.00034476828427699226
PRM2	0.3470329620946246	0.0015505432746387826
PRMT1	0.2950278099443653	0.021642060026278862
PRMT2	1.183031586404249	0.08701907136955095
PRMT3	0.4036251827138832	0.017645685737885546
PRMT5	-1.0264551296634443	-0.06290732907655384
PRMT6	0.0063955387460791	0.00019163592298751414
PRMT7	-0.5669602432027542	-0.015767164363468596
PRMT8	0.0976316997299971	0.0025132352144495856
PRMT9	-0.6591153446307735	-0.023755176135837705
PRND	-0.8697718311936616	-0.0074226328074067085
PRNP	-0.4602949152056845	-0.022553069960332923
PROC	0.7669581287471497	0.046095717453961196
PROCA1	0.5079170556840523	0.0005124883091852088
PROCR	-0.1293560994255726	-0.005595944861150271
PRODH	-0.3142768552736815	-0.0012193941984618842
PRODH2	-0.0476140983641786	-0.000229547568213705
PROK1	-0.5543407139014394	-0.005812262385256592
PROK2	-0.9333199023543324	-0.010206786452146979
PROKR1	-0.4620318839691032	-0.019775426665761587
PROKR2	-1.1400722025646235	-0.04745208521514476
PROM1	-0.4242224688471868	-0.00324360499680559
PROM2	-0.9478412189162706	-0.007869925640661794
PROP1	-1.2895060905876892	-0.0034777979263149977
PRORP	-0.4236681491697796	-0.08167178011990592
PROS1	0.3387126083582944	0.007358531416583947
PROSER1	0.0132719329493585	0.00024089885496380613
PROSER2	0.3463459768781306	0.001455692140818783
PROSER3	-0.4544016583778812	-0.00182078744512017
PROX1	-0.1927858960291373	-0.006010678666396443
PROX2	0.041015877186085	0.0006918148004976957
PROZ	-0.1022877201101866	-0.0009485140285817602
PRP4K	-0.395243715914101	-0.0002679752393897605
PRPF18	0.2805471748395008	0.00015907024813399697
PRPF19	-0.8208315681498165	-0.051595009879193014
PRPF3	-0.6809168527280859	-0.00079326813342822
PRPF31	-1.1496230775503804	-0.0010691494621218537
PRPF38A	-0.567155231534251	-0.000291517789008605
PRPF38B	0.6858488226893444	0.00034223856252198285
PRPF39	-0.0275636762687456	-2.3401561152165017e-05
PRPF4	0.3871383922579997	0.0003433917539328457
PRPF40B	0.419432103027975	0.00418383522770405
PRPF6	-1.0731203392631938	-0.0009121522883737147
PRPF8	-1.8651403802096191	-0.15726490657851466
PRPH	-0.2978367971259927	-0.00893599742417116
PRPH2	-0.0632284623605327	-0.00038563039193688896
PRPS1	-0.0752447412407545	-0.010788440509616899
PRPS1L1	-0.2671668169746343	-0.01027951044991603
PRPS2	-0.3201655139992969	-0.004486799513186147
PRPSAP1	-0.9097214719216374	-0.08157290494426939
PRPSAP2	-0.8934218904792828	-0.09462767295200371
PRR11	0.1193854023730126	0.0001781230203405348
PRR13	0.4964453679346524	0.005711603958088176
PRR14	0.2151589300520724	0.0007339071104076189
PRR14L	0.0072075076946852	9.157138526097546e-05
PRR15	-0.2018014642747819	-0.00043145153061948375
PRR15L	0.4623160644044249	0.0017161172310692252
PRR16	-0.3073764607361401	-0.0012866778646414823
PRR18	1.2271287560267612	0.0021965604732879025
PRR19	-0.1282222133275748	-0.0025444416012723944
PRR20A	-0.2676190333272964	-0.0001482609444633222
PRR22	-0.4825613990989096	-0.008667285289215516
PRR23B	0.0546702636977198	0.00013006055733687542
PRR23E	-0.3488479621278372	-0.00017023780551838456
PRR27	-0.2061985767260566	-0.0010592420886417527
PRR3	-0.9533570066284304	-0.0008599280199788442
PRR30	0.5150213693540335	0.00032137333447691694
PRR32	-0.1459413901396089	-9.150525161753478e-05
PRR35	-0.3952337498735789	-0.005010773480897233
PRR36	0.2319441899622543	0.0003005996701910816
PRR4	0.4832921892915722	0.013851637437285751
PRR5	-0.2204927378358064	-0.00572002260493649
PRR5-ARHGAP8	0.4426524672584798	0.00565178670195627
PRR7	-0.2860215114496706	-0.0021546000457503683
PRRC1	-0.1399307993356108	-0.0046105799073090405
PRRC2A	0.3872069390230346	0.011453581256301363
PRRC2C	-0.3250229728077391	-0.03801306178472913
PRRG1	0.6286345574991199	0.0005060508187867916
PRRG2	0.6118389139894063	0.015652063097676992
PRRG3	0.5502859527800967	0.002936876129987376
PRRG4	0.6168155687158672	0.010587022421439144
PRRT1	-0.0811617158174783	-0.0004023997870230574
PRRT2	0.5269854053664712	0.020433332107679555
PRRT3	-0.0389926982804239	-0.000993728915676603
PRRX1	-1.155573289755511	-0.01886704510183823
PRRX2	-0.9335805481799946	-0.008099744836009632
PRSS1	-0.8396589885281516	-0.022851319372793645
PRSS12	-0.2662177949413565	-0.0030340842089466398
PRSS16	0.4645950466037664	0.002680713418903732
PRSS2	-0.5791957479812002	-0.017032988556631136
PRSS21	0.7998023454743286	0.00873064240319777
PRSS22	-0.0418203628927281	-0.00021746588704218612
PRSS23	0.216525699056652	0.0012118943376200815
PRSS27	-0.3516759094792047	-0.0017611929546718572
PRSS3	-0.3441578400639694	-0.010771796236162179
PRSS33	-0.661818190522147	-0.0061145382622341165
PRSS35	0.4089705174376739	0.0037543493500778466
PRSS36	-0.4614608148130452	-0.016406316349048197
PRSS37	-0.6835773427684669	-0.00225170376707933
PRSS38	0.2215256650975638	0.0014844434818187752
PRSS48	-0.8620961144341506	-0.008429575806937125
PRSS50	0.888068968846363	0.022499227325722605
PRSS53	-0.5029361543910698	-0.009920415645363851
PRSS54	-0.4587377885646403	-0.007674683202686432
PRSS55	0.4986613080098677	0.0030547991728684496
PRSS57	-0.449299695266624	-0.004129962798890808
PRSS58	-0.366151800005617	-0.0009765268506149805
PRSS8	-0.2992246714544678	-0.020407721042537613
PRTFDC1	-1.1190290911364211	-0.009951525707476193
PRTG	0.313755799863854	0.008199694073641961
PRTN3	0.0531082468612345	0.0011073600553036006
PRUNE1	-1.001717128468279	-0.03136576672659876
PRUNE2	-1.1401256807947795	-0.07539651127095875
PRX	1.1050738472566968	0.03605524441444425
PRXL2A	-0.6947850618758071	-0.0010748324907218737
PRXL2B	0.0289072690601917	0.00014687783409483404
PRXL2C	-0.4327657760740041	-0.0014450049263110998
PSAP	0.7801750226138112	0.015053477061333488
PSAPL1	0.6625494602358641	0.0027482551610583644
PSAT1	-0.233938281385597	-0.0008220591207889878
PSCA	-0.0566733365272264	-0.0003565886334293085
PSD	0.0366855966860101	0.00016369113241297706
PSD2	0.164911711984254	0.0005555875576749518
PSD3	-0.145477148998109	-0.0006709406111792787
PSD4	-0.1144395434533042	-0.0005083404520195773
PSEN1	0.5648847787938841	0.017321061972156868
PSEN2	-0.5821408162241009	-0.02862502821537149
PSENEN	0.2199889608298366	0.002729623025976613
PSG1	-0.4627447913025586	-0.0038518876428024974
PSG11	0.7191946448296274	0.005877977832192544
PSG3	-0.7563407037806533	-0.006754122484761234
PSG4	-0.5666787668389507	-0.005231578375457193
PSG5	0.3189377522717133	0.002723090528895888
PSG6	-0.1456871526127679	-0.0011503457570304155
PSG7	0.7859859989897705	0.008276432569362283
PSG8	0.2689896989507264	0.0027364322074257394
PSG9	-1.1431263853542832	-0.011272369285978587
PSIP1	-0.5897993282314237	-0.01242825144449256
PSKH1	0.2375679946131188	0.0010255810327448338
PSKH2	0.0972699918199509	7.207706393858362e-05
PSMA1	-1.2227594859765771	-0.15860413292602182
PSMA2	-1.4807649022009797	-0.8820531523536664
PSMA3	-0.8498522713538724	-0.11096266151386106
PSMA4	-0.9053136605571768	-0.1043971500808114
PSMA5	0.3895465836189016	0.06464447645838949
PSMA6	-0.4816646207515314	-0.06685601268955406
PSMA7	-0.2385013709755081	-0.030311377738648303
PSMA8	-0.4560144079951715	-0.05209645401259238
PSMB1	-1.419591303403338	-1.3907750195355537
PSMB10	1.0100399191648968	0.8860878202849806
PSMB2	-0.0099654479164438	-0.008708416281711496
PSMB3	-0.5670090488244302	-0.555522012504296
PSMB4	-0.8171768546021156	-0.8017158685130436
PSMB5	-0.7708705947782157	-0.35256614609835957
PSMB6	-0.8450417441198643	-0.8256852179290547
PSMB7	-0.1397303863870309	-0.1368601845202549
PSMB8	-0.1709894926144713	-0.1366527506235741
PSMB9	-0.1870722738825455	-0.183648664198221
PSMC1	-1.2139382997981722	-0.291160673329992
PSMC2	2.4536600282199528	1.4851660638411424
PSMC3	-0.1811817254638074	-0.027859045652491417
PSMC3IP	0.1021862257470088	0.01990914673474122
PSMC4	-0.1087298587426668	-0.015873472077841927
PSMC5	-1.3352851830750891	-0.21367367028085885
PSMC6	-0.6876257869539454	-0.05234207490293432
PSMD1	-2.2810279890663123	-0.9715833426908942
PSMD10	0.3715318409418884	0.3440986728704213
PSMD11	-2.7918545376035437	-0.5850610369001986
PSMD12	-0.8879131517315609	-0.8644642533074821
PSMD13	0.2943205797982631	0.2873083919845695
PSMD14	-1.2193516822241377	-1.1943732630137762
PSMD2	-0.4865172614982682	-0.000440784638917431
PSMD3	-2.346077982530094	-2.301019208797621
PSMD4	-1.1342712654228833	-1.1136071115094093
PSMD5	-0.6769806248516874	-0.4422646724093589
PSMD6	-0.857202684082573	-0.40957144245465343
PSMD7	-1.7399472955863189	-0.6497171995394786
PSMD8	-2.5766703367396717	-0.2958455580534389
PSMD9	-0.0197117829238109	-0.012800969813203264
PSME1	0.2025831275271037	0.12348251955287078
PSME2	0.4991117636978405	0.04993663106973264
PSME3	-0.3915439597690137	-0.046146979554416184
PSME4	0.24031027186464	0.001842939474929924
PSMF1	-0.2250667218884687	-0.02641653128149335
PSMG1	-0.0160054855505906	-0.0015581980402921973
PSMG2	-0.1092260759192232	-0.02340059450493438
PSMG3	0.6831214223190534	0.0017303465627341622
PSORS1C1	-0.3403399255116746	-0.00020284259560495805
PSORS1C2	-0.401114880861375	-0.002568739697036245
PSPC1	0.721461783144145	0.005760150876622854
PSPH	0.9647212424087084	0.0214804831834723
PSRC1	0.6694479668586013	0.01303749915457126
PSTK	0.9534262652261368	0.003712641876790577
PSTPIP1	-0.8914845491341512	-0.025483977321548848
PSTPIP2	0.3349049176785928	0.018472015639480463
PTAFR	-0.5157175935962695	-0.015784052669607425
PTBP1	0.4033326898149644	0.0003464627805510544
PTBP2	0.6104622821529985	0.0004676141081291968
PTBP3	-0.0528429387789063	-4.121749224754691e-05
PTCD1	0.0816341111177451	0.0014881898456764932
PTCD2	-0.2233965309065312	-0.0004119432029916435
PTCD3	0.6104584901444035	0.0036706869012382982
PTCH1	0.2229422783638777	0.0035389857267481943
PTCH2	0.1587262173137958	0.0025656505766601953
PTCHD1	0.1076817354608803	0.0017572582409861057
PTCHD3	-0.2119639504069445	-0.004663418872903185
PTCHD4	-0.1718961313929408	-0.001922314437367257
PTCRA	0.1871510717096019	0.01556123731050998
PTDSS1	0.7051752012353816	0.00964820710330249
PTDSS2	0.0888683190722288	0.0013855459626551192
PTEN	0.5764322417786029	0.049621016669027476
PTER	0.6501999296106968	0.0033400770384101495
PTF1A	0.330006184283604	0.009261623561919346
PTGDR	-1.0246725537773005	-0.019445211053031833
PTGDR2	-1.2656103087654025	-0.04413183146664958
PTGDS	-0.1606448338015975	-0.002538027729231439
PTGER1	-1.1161913925489182	-0.034754851389795664
PTGER2	0.7203651850139862	0.01627665135539102
PTGER3	0.3420967890827622	0.011105830160782792
PTGER4	0.0305038286335945	0.00048510238676005335
PTGES	-0.5148088722093129	-0.000982255328175369
PTGES2	-0.0977458624304695	-0.0004903909918136654
PTGES3	-0.0413414360090411	-0.022767183565975034
PTGFR	0.1403090335983621	0.0035602014185248405
PTGFRN	-0.5519376149519708	-0.025414519418078447
PTGIR	-0.0249588425757811	-0.0005754011567420575
PTGIS	-0.8095274489089108	-0.0005043356006702515
PTGR1	-0.4827299044387509	-0.001862371971324701
PTGR2	-0.8624338436694793	-0.0015610052570417575
PTGR3	-0.0344263776071789	-0.00025145026204283466
PTGS1	0.4935314599224576	0.006032928566092122
PTGS2	-0.6027510357351853	-0.006903307612275077
PTH	0.3249203998098934	0.009557858480807825
PTH1R	0.6809672961733049	0.021127010363776785
PTH2R	-0.2365254787240747	-0.006121279389379054
PTHLH	0.7109022106342366	0.02085715995779787
PTK2	-0.6552221093215611	-0.057881665915357386
PTK2B	0.3519208894883526	0.012307025426297179
PTK6	0.4017826113266498	0.018469544860074766
PTK7	-0.3482118262752031	-0.01693040720532665
PTMA	-0.5853536148445908	-0.059248322187339796
PTMS	0.94287222145321	0.02287785158134069
PTN	-0.2865054408033277	-0.004947089446351059
PTOV1	0.5740662325558241	0.018377582302809597
PTP4A1	1.3466202215574667	0.013472935316682455
PTP4A2	0.0494241694503305	0.0007361235797932224
PTP4A3	-0.0302372607863743	-0.00018009312524364535
PTPA	-0.2717319046346613	-0.023106994242513057
PTPDC1	-0.15458909277886	-0.003180979762110602
PTPMT1	0.0663000694710297	0.0002551889673939933
PTPN1	0.0491229515134342	0.0015307694150616365
PTPN11	-0.5521742522824753	-0.0331751812513834
PTPN12	-0.7928699804336189	-0.019837606910449144
PTPN13	-0.7826412670111202	-0.016862006097754588
PTPN14	0.6056903222019061	0.03442925498492295
PTPN18	-0.3330435146607664	-0.00600544065636294
PTPN2	0.2245457495574099	0.007323784167564481
PTPN20	-0.6002343298776438	-0.01772972163592584
PTPN21	0.5028834641675544	0.025564080900957624
PTPN22	-0.4040519358670844	-0.009865332066130732
PTPN23	-0.3274521707511528	-0.010377286743274781
PTPN3	0.255189338510091	0.010139948365698466
PTPN4	0.2803770463936111	0.023724944911734585
PTPN5	0.2122335579617773	0.00258649037088018
PTPN6	-1.3335601532709092	-0.13448287365660483
PTPN7	0.5304091525997691	0.028947609912284997
PTPN9	-0.5509328147194534	-0.028349349847018916
PTPRA	-0.4799220131608825	-0.059871230985846416
PTPRB	0.5279703041546626	0.010949576137863548
PTPRC	-0.7601570974901203	-0.05495099642046331
PTPRD	0.3268566963832197	0.014265660513645624
PTPRE	0.745243704612109	0.04488230211026426
PTPRF	-0.4665631300716719	-0.01599051815694641
PTPRG	-0.44796265797142	-0.02426255348104805
PTPRH	0.1780649227688279	0.010534855025772165
PTPRJ	0.248038110633228	0.006739443504015438
PTPRK	-0.2910911913021774	-0.014264923829763205
PTPRM	0.6766633420256123	0.02924741963237304
PTPRN	-0.320228612446178	-0.014769263834630177
PTPRN2	0.2370024380598258	0.006247147264818948
PTPRO	-0.2772987067905929	-0.01776458705312575
PTPRR	-0.9149556764386888	-0.02278422625467623
PTPRS	-0.5766469944324748	-0.022602255593775284
PTPRT	0.3952972652323406	0.010816123771287304
PTPRU	-0.4073957501238407	-0.012698932927110239
PTPRZ1	0.6876465991549519	0.017448344806957748
PTRH1	0.7119036301110475	0.007692118723349868
PTRH2	-0.0140441910255919	-6.557232789848858e-05
PTS	-0.2721204692144144	-0.03996769391586712
PTTG1	-0.213785948017784	-0.005919946686560457
PTTG1IP	0.652532054589473	0.005703130157111994
PTTG2	-0.8137900528575333	-0.02401738582998438
PTX3	0.0010235931104049	2.8643206008460318e-05
PTX4	-0.5032766713433228	-0.004673427170094096
PUDP	-0.1656147443487662	-0.000477467307957493
PUF60	-0.9822682794878632	-0.002421291308937583
PUM1	0.7885893171065252	0.02282256342637995
PUM2	-0.5317652505880957	-0.01647993688097567
PUM3	0.1480106130718355	6.305252116860192e-05
PURA	0.1675232295144077	0.000165177904301206
PURB	-0.4016507710584576	-0.0004317745788878419
PURG	0.0808588303853355	0.00010552077365286284
PUS1	-0.228772468587983	-0.00012124940835163098
PUS10	-0.7230631930779978	-0.0002964559091619791
PUS3	-0.4063845721310871	-0.00024139243584586574
PUS7	0.9504630323591152	0.0004913893877296626
PUS7L	-0.1384820357407599	-0.0019049588836498933
PUSL1	-0.4684705459953505	-0.00020659551078394957
PVALB	0.4464113969620785	0.012957090796824328
PVR	-2.2416216639641897	-0.1406371015754493
PVRIG	1.311435524087636	0.07930644044815162
PWP1	0.1272587455298613	0.00029943982823176364
PWP2	-0.2469876344537987	-0.0034331281189078017
PWWP2B	1.0875058053027185	0.0012680317689829697
PWWP3A	-0.8351498582909853	-0.0026532710997904606
PWWP3B	0.0744494454094927	0.0001152477414938947
PXDC1	0.6865935068440313	0.0049146363219895765
PXDN	-0.7219631263047828	-0.01788880234357991
PXDNL	0.3118841732338158	0.0037594518241604157
PXK	0.2970860435819116	0.004748623320613275
PXMP2	1.0026072771486123	0.004741329813635787
PXMP4	-0.1471581674421627	-0.0017110080128500257
PXN	1.3313834420579012	0.04336182732438378
PXT1	-0.2952840598350356	-0.0003425295094086413
PXYLP1	0.3286309997806504	0.0015724993339504122
PYCARD	0.7014368201565978	0.02179013481816471
PYCR1	0.7175621905077635	0.002639193736687554
PYCR2	-0.5004654566655371	-0.002344680664478041
PYCR3	0.1861344424795718	0.005653275286989555
PYDC1	0.2817820399803553	0.005077148796366041
PYDC2	0.5077532586732504	0.0011845883524846932
PYGB	0.37192447067667	0.004954777798354598
PYGL	-0.4297668098755648	-0.008469414522217755
PYGM	0.7336032766309419	0.013101420917351992
PYGO1	-0.1243917102855371	-0.0038001667492231586
PYGO2	-0.4636164110336634	-0.01046706771190702
PYHIN1	0.6164685654920429	0.0006306473424983599
PYM1	-0.2301874524088127	-0.215495047696463
PYROXD1	0.2381644448127665	0.005593768315317447
PYROXD2	0.7664063805861056	0.006934444931543084
PYY	0.0010379862502338	3.573371465054879e-05
PZP	-0.0329822689058225	-0.0004595749349337308
QARS1	-0.6687493294228772	-0.06556886550192484
QDPR	-0.1554535363510162	-0.00021887857918223078
QKI	0.0082072845963747	0.00014992246772197663
QNG1	1.5152346230663176	0.0016379686275346892
QPCT	-0.5481704486226779	-0.000517472903499808
QPCTL	0.1024397106536078	0.0002283381150468918
QPRT	-0.4890079934928715	-0.0006288642796318328
QRFP	0.124136196744762	0.003621052859044708
QRFPR	0.0213615279472594	0.000678719827468273
QRICH1	-0.2190102359362193	-0.00298795664887784
QRICH2	-0.9143571985302718	-0.003945451311658123
QRSL1	0.193803039546728	0.011439224409245621
QSER1	0.4063634777822674	0.012964214031687677
QSOX1	-0.6455103666064972	-0.005256390915276706
QSOX2	-0.16097263950405	-0.0014978504105851854
QTGAL	0.8747481810429515	0.02097471188504789
QTMAN	-0.086255775540879	-5.5117440570621686e-05
QTRT1	0.9094977620371176	0.015618805067463421
QTRT2	-0.5654088462626641	-0.002023598260774075
R3HCC1L	-0.0203162387082935	-0.00024554206102843525
R3HDM1	0.8341013905021075	0.0208567052695052
R3HDM2	-0.400922925999906	-0.010349424411761572
R3HDM4	-0.1438320335491584	-0.0030804506625223254
R3HDML	-0.4063034799465683	-0.0023110541939360806
RAB10	-0.7629691889226455	-0.0756651804038366
RAB11A	1.2174731706619777	0.07329188487385105
RAB11B	-1.1171458464150623	-0.06625568585918451
RAB11FIP1	-0.714730524625699	-0.024394467535999734
RAB11FIP2	0.4369943329485576	0.02003182022236188
RAB11FIP3	0.4225393415324771	0.04234013217892033
RAB11FIP4	0.5939178838944855	0.04942525237981519
RAB11FIP5	-0.0942580472605982	-0.00782172127777896
RAB12	0.5828711888060011	0.029834844670223973
RAB13	-0.0756535419167455	-0.0013063853618183613
RAB14	-0.0804265332140457	-0.003110174465920361
RAB15	0.1540672837724301	0.006811006481011589
RAB17	-0.2992207380241745	-0.00873185957702146
RAB18	-0.6044340769239369	-0.01862140504187265
RAB19	0.5824935645465207	0.010402752569236312
RAB1A	0.50519971738754	0.05867692637569322
RAB1B	0.406546264234099	0.01370792693744535
RAB20	-0.8042596596468025	-0.04720843350194801
RAB21	0.2475958236103287	0.007592030739363508
RAB22A	-0.4470640446680056	-0.029519638869428412
RAB23	-0.2351892422607175	-0.005829400558674144
RAB24	0.5237677331781083	0.012752172999687403
RAB25	-0.0080616591355745	-0.0001563316939570607
RAB26	0.079459987241066	0.0013489922033915773
RAB27A	0.2080435518169059	0.0037389587132534326
RAB27B	-0.030164647080258	-0.00035491723754631563
RAB28	0.294386854091243	0.02746835419469161
RAB29	-0.5362626739418873	-0.01031983889733768
RAB2A	-1.028876094754795	-0.0361228108107461
RAB2B	0.177381861765255	0.0041549927299893335
RAB30	-0.3730863585984489	-0.004191998325212172
RAB31	0.4377111239528726	0.03651298653790073
RAB32	-0.4120337238351511	-0.008093578437293874
RAB33A	-0.3350078591276341	-0.015981214911824658
RAB33B	-0.093993658555005	-0.002723936224924045
RAB34	-0.4390109185230677	-0.00522774201777269
RAB35	0.3898650971982395	0.008011337882326624
RAB36	-0.0399152293783634	-0.0010166009770375373
RAB37	-0.1151657285624249	-0.001721957973465377
RAB38	-0.3818042993552991	-0.007605923447456913
RAB39A	1.4723277369766206	0.040712806582877514
RAB39B	0.1722741427329481	0.002088307158208797
RAB3A	0.0094267404972411	0.00048165930570653404
RAB3B	-0.7751179799534157	-0.008875875988446563
RAB3C	0.2837233677710364	0.004207050097308928
RAB3D	-0.8144699114445701	-0.026771625989183024
RAB3GAP1	0.0156875092374243	0.0008927918382110545
RAB3GAP2	1.0994961766816185	0.03404260062241627
RAB3IL1	0.912654053772232	0.02779670451574087
RAB3IP	0.0834753503577648	0.011869360067370577
RAB40A	0.6379772050277566	0.023766564818899015
RAB40AL	0.4049144874898008	0.014808532636476995
RAB40B	-0.2872574257711165	-0.017565504328478004
RAB40C	0.5169644929730615	0.030302907684601945
RAB41	0.5456123992002629	0.020450643946824255
RAB42	-0.4827560804670139	-0.014066063916567385
RAB43	0.696465814099722	0.018270387701278007
RAB44	0.7838192442651223	0.004678617069018515
RAB4A	-0.5433012366133748	-0.010366730895819805
RAB4B	-0.0938524332511696	-0.0022470149568995026
RAB5A	-0.2433542548756468	-0.018105799917002997
RAB5B	0.1656148993888427	0.01355624197457433
RAB5C	-0.0810461092150005	-0.0046346217554598034
RAB5IF	-0.5131389116758629	-0.012525720834007813
RAB6A	-0.6839328902684373	-0.07812907371981494
RAB6B	-0.071023378938611	-0.008564567219449225
RAB6C	-0.2337833787641648	-0.025419734339785165
RAB6D	-0.8052561604009119	-0.08690807636742881
RAB7A	-0.494214699853431	-0.044386410623236346
RAB7B	-0.4864772680480379	-0.07821824754310379
RAB8A	0.0873337485628807	0.003122443512368674
RAB8B	0.9558013555147348	0.019337773024774112
RAB9A	0.0733094880049125	0.006007859160978588
RAB9B	-0.5126325732875564	-0.028391129806384738
RABAC1	-0.1369704004101442	-0.014005360412337653
RABEP1	0.7134311936144321	0.05683192888332565
RABEP2	0.4252642938439064	0.037013303078998236
RABEPK	0.0251218232729566	0.00132321667543317
RABGAP1	0.2146105509181601	0.015708419274454728
RABGAP1L	-0.1453420129590054	-0.0070932716004513
RABGEF1	-0.4187548353389563	-0.038323186265715264
RABGGTA	-0.4403675967094419	-0.05035911725690165
RABGGTB	0.7577741868298294	0.05480677583665425
RABIF	-0.2749297877722302	-0.008432921380337617
RABL2A	-1.3982668335075872	-0.02345872266575679
RABL2B	-1.3725918161672888	-0.02491803183070096
RABL3	0.4177284075526413	0.02378921508171537
RABL6	-0.8118257437072475	-0.020414170151262446
RAC1	-0.8498685979331457	-0.059411764075712414
RAC2	0.1584746987857546	0.004570251838282377
RAC3	-0.7956551895978071	-0.023956382103600377
RACGAP1	0.7327825227335351	0.04016600841859326
RACK1	0.5919250222007197	0.08235038486363074
RAD1	0.1882975358321069	0.16262919234254575
RAD17	-0.1774022601493269	-0.10640552083304598
RAD18	-0.5666528204799308	-0.0373237213265516
RAD21	0.4151787475090236	0.0422925982937542
RAD23A	-0.5280577243773132	-0.5166923379755404
RAD23B	-0.0904693278724744	-0.013078517445228517
RAD50	0.5559741349153486	0.024243808127118693
RAD51	0.1634102958200078	0.000356724675775077
RAD51AP1	-0.0521000620754833	-0.0024230696870065774
RAD51B	-0.9028667104032322	-0.020789408873744825
RAD51C	0.1734291395297879	0.020447295550561993
RAD51D	0.4027854325013277	0.0024638384906106215
RAD52	-0.7385592873905933	-0.0699400873973144
RAD54B	0.6227432363814296	0.00958339566467382
RAD54L	-0.2198787650758535	-0.0008465332455420359
RAD54L2	-0.4651559993084726	-0.006091217810944449
RAD9A	0.1791881125181023	0.17179803638163071
RAD9B	0.4370140910056516	0.4273503984112436
RADIL	-0.3478718926804296	-0.008053582187444626
RADX	-0.0929169176480879	-0.006540328916331259
RAE1	-1.004164496151557	-0.05471792755979449
RAET1E	0.5806935893964584	0.023086635033635
RAET1G	0.3341513376714526	0.005405232038173417
RAF1	0.3814007024353368	0.042563174189676284
RAG1	0.631641397693521	0.026081104952163175
RAG2	-0.3974374919484457	-0.0017403787772422438
RAI1	-0.3196780741908114	-0.008973043864461886
RAI14	1.8154485033993677	0.04300797504553102
RAI2	-0.2017512250667653	-0.00020679500569343445
RALA	0.4519610272332383	0.0415121683903457
RALB	-0.2296474822379144	-0.012068434486566878
RALBP1	0.0509630079824712	0.0016626171724201404
RALGAPA1	-1.044207005496696	-0.027369709821073902
RALGAPA2	0.4797814830603194	0.0075263321247672306
RALGAPB	-0.7438523392012077	-0.035949639701255164
RALGDS	0.218877324201642	0.0014712933732834374
RALGPS1	0.1663755090424481	0.0006057732284235536
RALGPS2	-1.0474117799228029	-0.004068147353220166
RALY	1.3573329408413324	0.0017496021607444775
RALYL	0.7606080784386046	0.07314767890344061
RAMAC	0.1590188058900583	0.0019530689739416958
RAMP1	0.1417574113172938	0.004426375168382499
RAMP2	0.4152266745933757	0.012720469176168064
RAMP3	0.0343772406341453	0.0010477495400474806
RAN	-3.009803013901907	-0.5190856767925924
RANBP1	-1.2786802828687498	-0.09479879881132337
RANBP10	0.0580438337399369	0.0020520236542079895
RANBP17	-0.3430775206191794	-0.0260786946523463
RANBP2	-1.6504526284558354	-0.05883038394130826
RANBP3	-0.1773482731690409	-0.008048596681230582
RANBP3L	0.0427446046162209	0.0013290579913321564
RANBP6	-0.2828405661094162	-0.0067867593837954415
RANBP9	-0.0718808467113857	-0.0023112567451578957
RANGAP1	-0.8235400264143259	-0.06718521889490713
RANGRF	-0.4476768056612783	-0.031663732787616555
RAP1A	-0.9540616607996424	-0.058311294646413346
RAP1B	-0.2219659918905224	-0.008216959053795249
RAP1GAP	0.1065893229541279	0.0013369498778136263
RAP1GAP2	-0.1105474559751273	-0.002714824423837176
RAP1GDS1	-0.2481360010921592	-0.010609550998697452
RAP2A	-0.005394347469212	-0.0006436697230687835
RAP2B	0.1943223336447686	0.01468921384487535
RAP2C	-0.3071152783368922	-0.014324470812189325
RAPGEF1	0.8412380554802639	0.021510457078630345
RAPGEF3	0.1744632772953413	0.0006681943520411572
RAPGEF4	0.4304406682997104	0.011522896690383247
RAPGEF6	1.4054564585484743	0.03314487966194867
RAPGEFL1	0.8614942443959223	0.009309306804942335
RAPH1	0.4636588240011168	0.012349089118445745
RAPSN	-0.8424982918041043	-0.08002133025384563
RARA	0.608582532462723	0.027008284208163185
RARB	-0.3842888779621643	-0.011398008120357793
RARG	0.0020305323113778	5.6229500766674045e-05
RARRES1	1.0090389048385056	0.007199492586022737
RARRES2	-0.8149521859122704	-0.004041347889938949
RARS1	0.6145183051209513	0.058747949969562945
RARS2	0.5353357244782232	0.07584636544407466
RASA1	-0.2558825338686651	-0.021623609407105414
RASA2	-1.0012829681699118	-0.02372139479891338
RASA3	-0.9722302634689528	-0.10514378630337683
RASA4	1.224075428773736	0.023777665203929824
RASAL1	-0.1271323798152413	-0.0026322759240745715
RASAL2	-0.1870871433098664	-0.0036031112930047164
RASAL3	0.483915925399098	0.008115753984868274
RASD1	0.1363742241705253	0.005664030652474427
RASD2	1.0698045485113048	0.039039307584274534
RASEF	-0.3995789789823499	-0.009285016734612865
RASGEF1A	-0.1616096516863095	-0.0006209042817788011
RASGEF1B	0.8000172927281793	0.007057752556447998
RASGEF1C	0.7045917469987999	0.0024660711144958
RASGRF1	-0.6789000692568025	-0.003325252539219818
RASGRF2	0.144689079269033	0.0005586445350577364
RASGRP1	-0.3349075996442577	-0.008895145846551485
RASGRP2	0.2141362774986636	0.003330889796491712
RASGRP3	0.4041519334608798	0.006604246744684237
RASGRP4	-0.074647999556867	-0.0003816005737347041
RASIP1	2.363940002741405	0.06039630313004015
RASL10A	0.1767141893891769	0.001298672577821061
RASL10B	0.8232906902909387	0.0055769711360308186
RASL11B	0.1444208122390549	0.0005303132225418096
RASL12	-0.1974177065550865	-0.0011406795084752898
RASSF1	-1.0117201523138275	-0.02615498937761707
RASSF10	-0.8937894592474602	-0.005089237180955039
RASSF2	-0.0582240403556688	-0.001489836744620853
RASSF3	0.1695314703603781	0.0006474406853062839
RASSF4	0.1065433017829985	0.0026464290729879
RASSF5	0.0234318560173431	0.00030034953043030384
RASSF6	-0.332125548624335	-0.0012288645299100395
RASSF7	-0.0646937701806034	-0.00031906967453073596
RASSF8	-0.536358100441805	-0.004224892757180098
RASSF9	-0.1599938364246133	-0.0010028413667094761
RAVER1	0.8702299746368183	0.0018422768563061442
RAVER2	-0.2031470965619717	-0.0002519023997368449
RAX	0.2429825266805896	0.004044687139125094
RAX2	-0.9595176217919617	-0.009720873026374362
RB1	-0.7533624286346247	-0.02702009686540945
RB1CC1	-1.6321713540719818	-0.0714368758250225
RBAK	0.5019129130146495	0.001907269069455668
RBBP4	-0.2564312561542228	-0.0052168374752015086
RBBP5	-0.9706665137882172	-0.043817827765427704
RBBP6	-0.1894804820748648	-0.00024424034139450073
RBBP7	-1.2643128956844916	-0.024095275165955037
RBBP8	0.2368016031737523	0.006889505842737149
RBBP8NL	0.8260217670008656	0.00798680446513137
RBBP9	-1.2409212926485649	-0.0018762729944846303
RBCK1	-0.146762736317612	-0.0026641839523736106
RBFA	0.9840941709280294	0.0004044627042514201
RBFOX1	-0.1844435904902365	-0.001594883726969075
RBFOX2	0.4221853841246356	0.0024136338410405416
RBFOX3	0.4652127939298018	0.01495566089925527
RBKS	-1.1255066484825635	-0.07478541476507242
RBL1	0.4597367687503663	0.03550593038735954
RBL2	-0.3801429207004732	-0.012835145574530776
RBM10	0.0659971480497015	7.068294556123029e-05
RBM11	0.4194706564037288	0.0014970907727049083
RBM12	-0.1777827113974872	-0.030196749096285995
RBM12B	0.3999687236073996	0.0007251432959002155
RBM14	-1.7148541387699807	-0.025474158231428064
RBM15	-0.0468516914485299	-4.821039050053727e-05
RBM15B	0.666814619971593	0.00064881062523236
RBM17	-0.5887408857930352	-0.00034500215907471864
RBM18	0.2746285509411265	0.0001661502733193815
RBM19	0.6281423579060705	0.0003172118907425656
RBM22	-0.7314720377961791	-0.08670576947220789
RBM23	-0.1317880556861912	-0.0001139966681685554
RBM24	1.485255241510389	0.00794611554208058
RBM25	-0.0250233618974602	-0.0012424349415707965
RBM26	-0.3519573971491035	-0.0002002637589778399
RBM28	0.26983307559324	0.0001316785408895011
RBM3	-0.0098261136480302	-5.718798143153577e-06
RBM33	0.4995943749483484	0.022762019317021702
RBM34	0.0663252412828506	0.00018060363201320218
RBM38	-0.5021067680391014	-0.0004026896279673593
RBM39	-1.7175571750873655	-0.0015166029856021437
RBM4	-0.4396758872640579	-0.002301263593940079
RBM41	-0.3107046044498386	-0.0012027375238253253
RBM42	-0.3055823016209087	-0.0002759408183636806
RBM43	0.0013345280944745	2.5964578606095874e-05
RBM44	0.1454044089015802	0.0026036113457916952
RBM45	-0.8930907444348872	-0.0007198311400145191
RBM46	0.016683405351366	0.0002641149901174752
RBM47	1.389876118160042	0.0014552002957135641
RBM48	0.3619662212386237	0.00028341955122984235
RBM4B	-0.2501990979462986	-0.0018229506276367315
RBM5	0.4447989933260828	0.000547547560784408
RBM6	0.8942949471737006	0.025988211164867738
RBM7	0.0665941230900157	0.0010962058601847484
RBM8A	-1.1838703916872404	-0.0006215319556358012
RBMS1	0.0586272441421525	0.0004908859152022429
RBMS2	0.4389573280190803	0.004550670619573805
RBMS3	0.1151399161498025	0.0015761503121746463
RBMX	1.0762833350781942	0.0006737533677589496
RBMX2	0.5873558306653426	0.00031658479272861963
RBMXL2	0.5814600219755922	0.0003820192344379641
RBMY1A1	0.2779563981531674	0.00018317326638293732
RBMY1B	-0.0964881332275196	-6.377865606339046e-05
RBMY1D	0.1568974762885037	0.00010339543687412394
RBMY1E	0.8328405581305663	0.0005496747683661737
RBMY1F	0.1736691110210872	0.00013424622281930042
RBMY1J	0.242074573806816	0.00018712364555266878
RBP1	0.3328695308757373	0.028114826316826522
RBP2	0.4314584389859477	0.002682377115175637
RBP3	-0.4971321444237372	-0.01858975940858123
RBP4	0.3978646574004164	0.010157484703432631
RBP5	-0.0649686489168121	-0.001742654069895651
RBP7	-0.4036737104863976	-0.0042942809321542975
RBPJ	-0.3651752333505093	-0.008300067878823725
RBPJL	0.4199165171881505	0.02062210015911007
RBPMS	0.0819906884586159	5.165413372892802e-05
RBPMS2	0.0032495881344181	2.27471169409267e-06
RBSN	-0.2822680425113025	-0.008129037356283002
RBX1	0.8816606525868793	0.3123009546986718
RC3H1	-0.0268125145455541	-0.0008359337659867401
RC3H2	-0.4259982316413366	-0.025506218121293386
RCAN1	0.0795615183438473	0.003108786767767489
RCAN2	-0.1154574965977033	-0.0009651092140602019
RCAN3	0.0975418051187466	0.0004483021363257594
RCBTB1	-0.6026249802550845	-0.017429119678937552
RCBTB2	-0.7740241474618473	-0.006987890003285558
RCC1	-0.1585206635677326	-0.00507424644080312
RCC1L	0.1822628569127182	0.0057644273755785395
RCC2	-1.330545467030516	-0.08773084591412408
RCCD1	-0.3181735389815064	-0.0018123164780386603
RCE1	0.5563066041941466	0.007237548920565847
RCHY1	-0.9216951538995616	-0.039093699952649906
RCL1	1.190543304473458	0.0005357444870130561
RCN1	0.5636430432977333	0.017703464346938504
RCN2	0.8504988291583334	0.005334328656481067
RCN3	0.4584566955691637	0.006368421958151253
RCOR1	0.0981465044317444	0.0017933329289768337
RCOR2	0.9570257151840827	0.024156286076961433
RCOR3	-0.6882853925725108	-0.01355027452357502
RCSD1	0.0408816645976903	0.00020673857787051984
RCVRN	-0.6608741543984051	-0.01342962369152999
RD3	0.5561847938577352	0.00038154276858640634
RDH10	-0.1161051976206016	-0.006031432805995013
RDH11	-0.131820303364239	-0.003495874445219618
RDH12	-1.5181287278433762	-0.007091179287756409
RDH13	-0.1005609932004486	-0.0008816182273883329
RDH14	0.2472282027396969	0.0008220337741094921
RDH16	0.0425811797792542	0.0002486315087310653
RDH5	-0.2589371256324407	-0.002944891929817748
RDH8	0.1387812596473695	0.000625348355971047
RDM1	0.2199334693203317	0.00025556269135022547
RDX	0.6595331537121036	0.039993430907948255
REC114	0.5626586555841879	0.009496552788949925
REC8	0.4699617276485551	0.012506151534455699
RECK	-0.0562921447521281	-0.0019833974281964813
RECQL	0.2592260325709968	0.006968254981540965
RECQL4	-0.0777453703080378	-0.002273274627807025
RECQL5	-0.066586889424883	-0.001978163311034424
REDIC1	-0.7746352017987047	-0.006804395612599822
REEP1	0.6781313267486693	0.004421416250401324
REEP2	1.9910138402932815	0.014737484445850869
REEP3	0.3306919623012839	0.0024748986458628087
REEP4	0.053155904061972	0.0003256862241877024
REEP5	0.8201269691507331	0.01196975311475495
REEP6	0.2124522132870563	0.0025689721630670847
REG1A	-0.89101573625167	-0.034844061381857805
REG1B	-0.6530181171764695	-0.018567264125678558
REG3A	-0.3195261556228803	-0.008605158897079789
REG3G	-0.1838278255855632	-0.0022518908634231493
REG4	0.107500047886403	0.0015325206826685611
REL	-0.115696566154055	-0.004018373135662639
RELA	-0.6554025517913927	-0.016664920684399745
RELB	1.060365119494966	0.03470893145642872
RELCH	0.9995475763807224	0.08576018250588961
RELL1	0.1533061720881392	0.010161899616862306
RELL2	-0.1673946198898767	-0.01200236164072405
RELN	-0.6648018959544286	-0.007907818552377929
RELT	-0.2322852181768549	-0.0191256680090277
REM1	0.1272264707425725	0.0006524173419679119
REM2	0.0489649526714459	0.00032468660116435774
REN	-0.3503203175824294	-0.009003232161868435
RENBP	0.8195402733381629	0.0008392092398982788
REP15	-0.5232492731993097	-0.0011966710878068213
REPIN1	-0.2722212752271582	-0.00450988986668833
REPS1	0.7237002787195688	0.04567996159277918
REPS2	-0.7854945683814732	-0.05015382819115707
RER1	0.671350406645171	0.02135498508497624
RERE	1.4383402036064732	0.048162821717762754
RERG	-0.2920681720615709	-0.0035503806995804557
RERGL	-0.8639826491292617	-0.008738320513293353
RESF1	-0.2877954495769645	-0.007644710527112908
REST	0.0195464108404612	0.0004258576529811282
RET	-1.2602490896060925	-0.0859893158820029
RETN	0.8368288208359524	0.004418456174013829
RETNLB	0.7595092172774407	0.006834823446279689
RETREG1	-0.2637321336297264	-0.005753052762998852
RETREG2	-0.1201626747916707	-0.0004738014267035576
RETREG3	0.2854428154322295	0.00967651144315258
RETSAT	0.2700609981857876	0.0012101433328705143
REV1	-0.5187099870907013	-0.10068264591427929
REV3L	-0.1342397711300748	-0.010546547618834326
REXO1	0.4442348513757321	0.009644338623367143
REXO2	0.3612388545756401	0.0547125144363173
REXO4	0.3482044990945909	0.0040074855800796465
REXO5	-1.378971347524387	-0.0500938921415184
RFC1	0.4708018740243002	0.12877514098874868
RFC2	0.2076690833311051	0.20071590708301304
RFC3	-0.3422467979877475	-0.3329636958391278
RFC4	-0.058687423295388	-0.04617209552795332
RFC5	-0.1964842650597602	-0.18752792280554112
RFESD	0.2087704936932488	0.000925688369035865
RFFL	0.0740951741603221	0.002154761759756327
RFK	0.4440833714620315	0.0724712976390033
RFLNA	0.6102992819177606	0.0003246792179802487
RFLNB	0.1711759302536841	0.00038103762074470084
RFNG	-0.4380636053925347	-0.00337703233397105
RFPL1	-0.2677983290389735	-0.000182102863746502
RFPL2	-0.4806561689629753	-0.00036626000074978715
RFPL3	-0.1544126002385464	-0.00013557426300944372
RFPL4A	0.2628713481572082	0.0004389951514225377
RFPL4AL1	-0.5512253024613295	-0.0013157747969751933
RFPL4B	0.3407853392782952	0.0005728601553268143
RFT1	-0.1602066830261903	-0.0013281134022871176
RFTN1	-0.1944415044749267	-0.000623379463346615
RFTN2	0.3204322049371541	0.0008065278598268169
RFWD3	-1.5882817863609884	-0.04749756682112536
RFX1	-0.3940116071469102	-0.010429093229571565
RFX2	-0.384542692534612	-0.040514264457369116
RFX3	0.2219679103651032	0.0059480740940536705
RFX4	0.1485892685952029	0.00311205364145793
RFX5	-0.5138815741128329	-0.012516099619092157
RFX6	-0.6274432680979594	-0.013874025544182078
RFX7	0.062160698182287	0.0008731713273665855
RFXANK	-0.1538756972666795	-0.0021516438748799796
RFXAP	0.1282346410072896	0.0033161478164485093
RGCC	0.0644533837640812	0.0011176861278529321
RGL1	-0.1051818546904807	-0.0016663961238612857
RGL2	0.4410682154251746	0.005992352774766422
RGL3	0.683079131137978	0.003763766012570259
RGL4	-0.5377168536248836	-0.0029703478994238574
RGMA	-0.0934984771473308	-0.004273534894973049
RGMB	0.433108745631074	0.014116746455099225
RGN	1.3684126416295914	0.0037193455599492295
RGP1	0.2220454453489684	0.010294470937268872
RGPD1	-0.4142194209689491	-0.01517534270661842
RGPD2	-1.4450123620514184	-0.16796968197721893
RGPD5	-0.6766979758531103	-0.01958905300499584
RGR	-0.5922044561896388	-0.022162659568441042
RGS1	-0.6616072631010241	-0.002980540720270114
RGS10	-0.5467976220833007	-0.003145726719845229
RGS11	0.5396278798883325	0.0035815102388188627
RGS12	0.3176305463196177	0.008077344792907878
RGS13	0.0006859085958302	4.270466917638825e-06
RGS14	0.7981820270937419	0.0073281091907476436
RGS16	0.1922055146935481	0.0007822764448027407
RGS17	0.3259217298281051	0.0016618749003935078
RGS18	1.7408180019335011	0.008799834999773848
RGS19	-0.1413485888793075	-0.0015220416050523832
RGS2	-0.3338019078228691	-0.0033116487275106844
RGS20	-0.80843742899723	-0.014428182795313563
RGS21	0.0647924686814521	0.00062958841817767
RGS22	0.0829394054743853	0.00029128319202604116
RGS4	-0.9841846041109336	-0.006550732724962373
RGS5	0.3667586954991175	0.0021095960165109237
RGS6	0.0154004840250526	0.00017650494741112786
RGS7	0.0798327715556118	0.0005446990003239394
RGS7BP	-0.3318184023564819	-0.006059004027029359
RGS8	0.8911529826937771	0.004814008412511783
RGS9	-0.3421314636971849	-0.0042068484776205855
RGS9BP	0.3017054454961354	0.0038838541998717515
RHAG	-0.587217064948475	-0.00800141972698792
RHBDD1	-0.2770379946412216	-0.004328718666269087
RHBDD2	0.0085236332148271	0.0009856558976961763
RHBDD3	-0.1769750222316936	-0.001579679048440097
RHBDF1	0.5629689655022795	0.01274618034793711
RHBDF2	-0.7369304402089707	-0.0065321514220123165
RHBDL1	-0.0009725447433815	-1.0478197065192281e-05
RHBDL2	0.5674926487771329	0.004665357065596809
RHBDL3	0.1816571051972537	0.0029860794952324566
RHBG	0.1916447251423493	0.0011964380190636866
RHCE	0.1761964143147907	0.0012243888830734805
RHCG	0.2833673592266028	0.0017081384414179617
RHD	0.5195697823341364	0.003080529239459095
RHEB	-0.8807602617420501	-0.026732835464394707
RHEBL1	-0.7267709214782567	-0.03491552860965841
RHEX	0.5349305704511429	0.016452859555365802
RHNO1	-0.2387265539134562	-0.009476250557594644
RHO	0.1204500056081454	0.0018405965356980698
RHOA	0.4571699740037929	0.03471611631592602
RHOB	-0.5280960322784529	-0.06146140052466319
RHOBTB1	-1.0004602967798712	-0.06201353149590032
RHOBTB2	0.3622028754384994	0.01367315854780335
RHOBTB3	0.5696665062383124	0.027253415324947104
RHOC	0.3092933476232981	0.012951349638377983
RHOD	-0.4945463214138318	-0.011893344483681241
RHOF	0.8116641674139795	0.08111852855552053
RHOG	-0.3220510568953535	-0.008289916255543294
RHOH	1.2196279719514038	0.03468865877824182
RHOJ	0.7274501606197947	0.02699567546060058
RHOQ	-0.1331616156998515	-0.0040351964405526
RHOT1	-0.3771122230147108	-0.0923321566829218
RHOT2	-0.1237908706342318	-0.00958166096883081
RHOU	-0.0001798934774009	-4.917568098231002e-06
RHOV	0.3837386967472336	0.010175215282949646
RHOXF1	0.6560143370657374	0.001638723813990212
RHOXF2	-0.0939252990037625	-5.0813586761035514e-05
RHPN1	0.1086139344721307	0.005608823576140829
RHPN2	-0.3537933912248512	-0.010187834493710815
RIBC1	0.4524539383502262	0.0061981665014597485
RIBC2	0.922123016635803	0.04116633783167215
RIC1	0.0066565161894299	0.0001994491945838881
RIC3	-0.2068984941873612	-0.0002586231177342015
RIC8A	-0.0403430719519766	-0.0011507457843581807
RIC8B	-0.133846145194258	-0.026337441374454925
RICTOR	0.3123950872983381	0.19469680181272894
RIDA	0.7076541951032109	0.001168337076115401
RIF1	0.1465759206002387	0.04493035666935297
RIGI	1.120968071860485	0.036314881655992275
RILP	0.834299163714867	0.021808580139506623
RILPL1	0.4975340034865793	0.036284159806269256
RILPL2	0.5099483991173327	0.004255009442235024
RIMBP2	0.2584057295434008	0.018108039903483353
RIMKLA	-0.3264025624175596	-0.0013209511701038638
RIMKLB	0.8016626638515136	0.0016313835209378301
RIMOC1	-0.1765991553862111	-0.02506436492565417
RIMS1	-0.4470436936333685	-0.011711203642113355
RIMS2	0.8327470481651926	0.03662421517830517
RIMS3	-0.286196594637378	-0.0028216122265299097
RIMS4	-0.2002241556344453	-0.0008755802325894293
RIN1	0.5320044254800983	0.019658627530340592
RIN2	-0.4481212026080702	-0.012969523845882767
RIN3	0.0536544310965322	0.0027925521752812116
RING1	0.6735586610122	0.0008473367955533476
RINL	-0.7887432825017291	-0.018622228899865822
RINT1	-0.5145535956321583	-0.0141733787916878
RIOK1	-1.065350189387	-0.0007425490820027391
RIOK2	-0.7582361535775448	-0.08307917711133801
RIOK3	-0.5515069810468651	-0.00426976704726483
RIOX1	0.6399485735732287	0.01984480526650582
RIOX2	-0.4100796096353764	-0.000606917822260357
RIPK1	-1.0041305275975885	-0.03799529503376515
RIPK2	-0.2843487892924927	-0.009974102482012765
RIPK3	-0.3743114428768787	-0.026292010059114836
RIPK4	-0.4775112373737302	-0.013547471315530099
RIPOR1	0.4075145011784415	0.011177715252823472
RIPOR2	-1.0152565487305951	-0.024578345788218978
RIPOR3	0.6443936649462676	0.00639302954993192
RIPPLY2	0.0815638783103718	0.001957533079448923
RIPPLY3	0.1885732506353716	0.0004393756739804158
RIT1	0.4131967097041817	0.0033605288400241095
RIT2	-0.4463689112359393	-0.01413382520537478
RITA1	-0.6311218381223955	-0.01697717744549244
RLBP1	0.0343428851227949	0.0003993390682078591
RLF	-0.2242458995539626	-0.003756343063428427
RLIG1	-0.9049671645053544	-0.001407223940805826
RLIM	-0.6891114676034935	-0.026794032083359034
RLN1	0.2289962996136847	0.008781779093885195
RLN2	0.8636397780254319	0.03411722579111666
RLN3	-0.6960730853660577	-0.023514044896750796
RMC1	-0.395479488908556	-0.009354276351154074
RMDN1	0.1022748541297109	0.0024975519378475403
RMDN2	0.0651314844430795	0.00038863956767185535
RMDN3	0.4453756895977824	0.01189331241501918
RMI1	0.18518001393868	0.005318370000318889
RMI2	0.7104589942846613	0.4900199089149994
RMND1	0.2911057892335045	0.0007673548604195178
RMND5A	-0.52580162287105	-0.025150143225168065
RMND5B	-0.5510115475124528	-0.020351060495824934
RMP24	0.3778885384752223	0.01176215864857977
RMP64	-1.2385993437414031	-0.033437227883642916
RNASE1	0.4127147259610809	0.0034486442501307922
RNASE10	-0.6772182439231639	-0.024954815070324664
RNASE11	0.0222101540282929	0.00025570550332773616
RNASE12	-0.1210707337248025	-0.0005685481655716725
RNASE13	-0.2253892595308937	-0.0005199730217377718
RNASE2	1.0017827671355706	0.0075183796673524575
RNASE3	-0.3657149842709871	-0.0003913150331699562
RNASE4	0.0390939306406796	0.0003297963988847731
RNASE6	-0.3407102103625901	-0.00020510754663827924
RNASE7	-0.6340048353795995	-0.016912712988586195
RNASE8	-0.3544042306758975	-0.0016316770780318319
RNASE9	0.0137937660477041	4.8760962978633995e-05
RNASEH1	0.0572946751259849	0.00019039020544364782
RNASEH2A	0.0090184624593928	1.7757352582544422e-05
RNASEH2B	-0.82880324284643	-0.019277134625365115
RNASEH2C	0.1491920460836844	0.0012879749338404474
RNASEK	-0.2558284486006346	-0.0039313157696459515
RNASEL	0.6163268010774099	0.01846761626748351
RNASET2	0.3069266566877289	0.0002645707780648223
RND1	0.2775357875426629	0.008559203687815724
RND2	-0.3911849242043128	-0.01362653564973303
RND3	-0.7900343049144327	-0.013705515121655578
RNF10	-0.053920161776562	-0.0012475507830243151
RNF103	0.1160314593768625	0.003558104701791489
RNF11	0.7691172504861624	0.02046082621468338
RNF111	0.5967691672781534	0.019809155738631026
RNF112	-1.115049669411584	-0.003754372236908803
RNF113A	0.6119664149692761	0.01196027161415953
RNF113B	-0.6046534056838404	-0.002238426907841577
RNF114	-0.0385545348170268	-0.0011326936783894303
RNF115	0.0905641760967276	0.0027007142953805138
RNF121	-0.333913013847487	-0.0047659404466451815
RNF122	0.6631838041676703	0.010635478667436929
RNF123	-0.4118462529511488	-0.015897265363914344
RNF125	0.0438084382586056	0.0007741827209060782
RNF126	0.1374849205415839	0.004042606603604733
RNF128	-0.0536299121801331	-0.0008098653038321899
RNF13	-0.0473821870968247	-0.0024814051382607096
RNF130	0.5288956771892559	0.008536905125511779
RNF133	-0.3221227477569122	-0.0019166303491536276
RNF135	0.1944693620237818	0.008160906777328003
RNF138	-0.6127117762370902	-0.017280922936990892
RNF139	0.2023756152338712	0.010346858080062133
RNF14	0.9228177568250244	0.027726059503807857
RNF141	-0.9686820442085486	-0.025878340811031377
RNF144A	0.4148001754060039	0.012095158314663668
RNF144B	-0.3161478901893182	-0.007592607730786666
RNF145	0.7734422269440302	0.022197018471066723
RNF146	0.2600362812282818	0.003445220689993506
RNF148	-0.0110074008712876	-3.356156525655589e-05
RNF149	0.2569965906178656	0.0029356720546278793
RNF150	-0.1490783291198588	-0.0027894046161616778
RNF151	-0.9974098066774332	-0.01790250862005325
RNF152	0.4904366744818364	0.002113782067016715
RNF157	0.2354788908345949	0.005506673862167001
RNF166	0.0736071198835426	0.0012886398478011804
RNF167	-0.2047221487090875	-0.0035316617873804683
RNF168	0.514616559039134	0.01679245293800598
RNF169	1.0211587178476234	0.02446389940347551
RNF17	0.6018480135295681	0.018312429507664166
RNF170	-0.8862663926143786	-0.0035938102220513047
RNF175	0.1475327997543852	0.004702312926571519
RNF180	-0.0076842113922693	-7.950085106441818e-05
RNF181	0.2818761076626265	0.0028150966872266506
RNF182	0.391240820548802	0.010422655459420085
RNF183	-0.3798245535146212	-0.0030655639714165074
RNF185	-0.16206638145786	-0.06399936577218308
RNF186	-0.3460518152935296	-0.00018582982481262538
RNF19A	-0.0053193697580413	-0.00010822789709710829
RNF19B	-0.472976815837184	-0.00974332240624599
RNF2	0.4031638697754723	0.006890876862202373
RNF20	0.2260343673338465	0.011031381263361045
RNF207	0.3538619207142978	0.0025672682347822303
RNF208	-0.0532490453754704	-0.0001255612489953592
RNF212	-0.4842682915252362	-0.007352645470227661
RNF213	-0.0301101706836927	-0.0005687811242149551
RNF214	-0.3269702732880531	-0.008910593887646022
RNF215	-0.0339432770853092	-0.0008467829334472086
RNF216	0.5883250998514034	0.017894496237080285
RNF217	-0.0376370989236188	-0.001000168266796246
RNF220	-0.3056973048441548	-0.008349204789903556
RNF222	-0.7359007994812482	-0.008523203059591818
RNF24	1.2473057580895128	0.003271683003468792
RNF25	0.1120236647499683	0.00325070270371458
RNF26	0.5655191965565185	0.016789699426566478
RNF31	-0.4512949702095737	-0.00993074581946167
RNF32	0.1670291475765358	0.0005774197631720843
RNF34	0.3190103195569446	0.0076485914216973035
RNF38	-0.2621768604451734	-0.005741411066888852
RNF39	0.0049052134383216	1.3351990979111394e-05
RNF4	-0.2276665228381069	-0.002859719193369461
RNF40	-0.0433365389135618	-0.001464081630655772
RNF41	-0.2831534115914571	-0.008434290671074735
RNF43	0.3450304178384097	0.020254320618368165
RNF44	-0.6048840600328614	-0.012541666100721348
RNF5	-0.8805628142501969	-0.043333376652066435
RNF6	-0.3471117227478472	-0.009785773687707307
RNF7	-0.0088437332686749	-0.0003922637891320752
RNF8	-0.0202418692098509	-0.0007754255256909683
RNFT1	-0.1990464264389933	-0.008403740124254298
RNFT2	-0.2053287798914524	-0.0018325593605312128
RNGTT	0.8854599870743791	0.007987734543397974
RNH1	-0.3168773375120136	-0.057290471990159526
RNLS	-0.4083720359621925	-0.0044002086874926245
RNMT	0.6759494696341278	0.05222655982181125
RNPC3	0.3856319613253714	0.0001874171332041305
RNPEP	0.6309268297863968	0.014382608011810702
RNPEPL1	-0.1849062024605896	-0.0031678130605548214
RNPS1	-1.0230039886785411	-0.0005616291897845191
RO60	0.0453306689091191	0.0016067002288148173
ROBO1	0.1491195055706181	0.003942421488276001
ROBO2	1.063156082964542	0.03420598381330117
ROBO3	0.4937452027394514	0.01296821774995169
ROBO4	-0.4905594389243113	-0.015021420579301337
ROCK1	0.1564002073883879	0.0048347996109972344
ROCK2	-1.6703779600808797	-0.08640865187498391
ROGDI	-0.1283338678924344	-0.0040459818530447795
ROM1	-0.131034870719592	-0.00024267658057268437
ROMO1	-0.2323872739203642	-0.01612581771188191
ROPN1	-0.3284439976810859	-0.006483156070226955
ROPN1B	0.4002084312580153	0.007794859615612364
ROPN1L	-0.1954070159617574	-0.003530809371412995
ROR1	-0.4021996935842002	-0.017135315745461267
ROR2	-0.070512519598909	-0.004030143057675644
RORA	0.3439049067363519	0.007541834604728197
RORB	-0.1473606373782183	-0.0031185931688352342
RORC	-0.7908977573258795	-0.016371583576645705
ROS1	1.0194187866457969	0.025162313910778205
RP1	0.2539645169669722	0.0068532324903537445
RP1L1	0.6393940305617867	0.0015837790137015455
RP2	-1.1761106753941906	-0.11802035405445624
RP9	0.4166972919811663	0.00023210039163350962
RPA1	1.156909411009092	0.1146589779062891
RPA2	1.067191437965216	0.8744854784375231
RPA4	0.4031416175286614	0.391735531743923
RPAIN	0.7442154723814578	0.015000407061320664
RPAP1	0.4969905126260165	0.019014360022558765
RPAP2	-0.5717883596027323	-0.003300934199986574
RPAP3	0.74633448354403	0.05613405551079713
RPE	-0.1691509668692878	-0.0013819633993220812
RPE65	0.0265991098391551	0.00020090307661513847
RPF1	-0.135515921779681	-5.4883948320770804e-05
RPF2	-0.7740734290396731	-0.009631795677540652
RPGR	-0.3232102778546726	-0.001242743518351216
RPGRIP1	-0.3613881372017071	-0.03126513330186848
RPGRIP1L	-0.2379803051564372	-0.011686736825622318
RPH3A	0.5085358471935963	0.04179300152991133
RPH3AL	-0.1540999014556816	-0.0018635301083035573
RPIA	0.2630201980479664	0.001180960689235369
RPL10	-1.2314596090527998	-0.0008657161051641182
RPL10A	-2.173031293190427	-0.0021643391680176653
RPL10L	-1.0591350152130536	-0.0005592232880324924
RPL11	-1.952459745577676	-0.5442169147238479
RPL12	-2.1180653753984786	-0.00123906824460811
RPL13	-2.3439925962243624	-0.0016736107137041948
RPL13A	-0.1083437587820456	-0.00011419432175627605
RPL14	-2.1845751470421044	-0.0012080700563142836
RPL15	1.0372915281174508	0.0006379342897922323
RPL17	-2.210531923286011	-0.002232637242518871
RPL18	-2.684767579486177	-0.0016430777586455404
RPL19	-2.257360423973994	-0.002767523879792117
RPL21	-1.8889600644736009	-0.0016962861378972936
RPL22	0.28047051588397	0.00027738534020924636
RPL23	-1.519644179047428	-0.0007902149731046625
RPL23A	-0.7428625659867908	-0.002296931054031157
RPL24	-0.1461015788371968	-8.795315045999246e-05
RPL26	-1.200987287368389	-0.0005152235462810388
RPL26L1	0.1610523387441577	7.00577673537086e-05
RPL27	-2.0354554239695832	-0.001147996859118845
RPL27A	0.4957014992480421	0.0002894896755608566
RPL28	1.2888120218020152	0.1100039724968674
RPL3	-1.7908565257027855	-0.012872676706751622
RPL30	-2.1885739775383124	-0.0010680241010386964
RPL32	-1.3276555967155244	-0.0013754511981972832
RPL34	0.2333681837412392	0.00012391850556659801
RPL35A	-1.6579156907528902	-0.0009483277751106533
RPL36	-1.4506836381879338	-0.0007804677973451083
RPL36AL	0.3887977790456523	0.00017418140501245224
RPL37	-0.2133321792762687	-0.00013269261550983915
RPL37A	-1.998169953569135	-0.0012588470707485552
RPL38	-1.6404094006622885	-0.6883633563905154
RPL39L	-0.0951285799249404	-5.669663363526448e-05
RPL3L	-0.4454098673490528	-0.0007033021805441544
RPL4	-2.167036981406313	-0.001495255517170356
RPL41	-0.6431991746416632	-0.0004225818577395727
RPL5	-2.370458736587498	-0.001991185338733498
RPL6	-1.75132328149282	-0.0016182227120993657
RPL7	-1.9081126284088727	-0.0011315107886464616
RPL7A	-2.017038165883351	-0.001413943754284229
RPL7L1	0.714816227703091	0.0005282491922725842
RPL8	-1.8766504443574024	-0.0018785270948017596
RPL9	-1.5999679272499916	-0.0008383831938789957
RPLP0	-1.625391484044461	-0.008993291081218002
RPN1	0.0970114848801172	0.0004003663981002436
RPN2	-0.2742717734684388	-0.0346424448914781
RPP14	0.6648272439786089	0.0008184023373376676
RPP21	-0.0300845329659713	-0.015212274178776353
RPP25	0.5028614198869918	0.0008528529681283382
RPP25L	-0.6935993742693827	-0.0009606351333630949
RPP30	-0.0697645141351118	-0.00015878403417151444
RPP38	-0.3251879191546044	-0.0001466597515387266
RPP40	0.0134024334283968	3.0222487381034785e-05
RPRD1A	-0.0560183443698464	-0.010055909016175497
RPRD1B	-0.1565922137145984	-0.01246098199855288
RPRD2	-0.588796636640971	-0.07452163511310114
RPRM	0.6573730289486057	0.005729005947287099
RPRML	1.30586885150174	0.009620335829013319
RPS10	-0.4983698495034282	-0.0012200093915843923
RPS11	-1.8006306039693103	-0.0035670492264632037
RPS12	-1.8153495354672256	-0.0011309627605960815
RPS13	-1.5556159508968583	-0.0007544737361849763
RPS14	-0.7700670898399179	-0.00041968656396275525
RPS16	-1.9269585747529665	-0.001213983902094369
RPS17	-1.1953110001507097	-0.0012670296601597522
RPS18	-1.3762681270951578	-0.00148361704100858
RPS19	-1.5616879841072673	-0.14588352134739627
RPS19BP1	1.1180182583955305	0.011406022272151201
RPS2	-0.2185006333373687	-0.02172551797273457
RPS21	-1.7209483555368033	-0.0013079207502079706
RPS23	0.993205093781025	0.001794721604462312
RPS24	-1.1441287127125384	-0.0011967586334973152
RPS25	0.3123794343485279	0.00046482059831060946
RPS27A	-1.8045569119761635	-0.21962540352897095
RPS27L	0.0756067780038698	4.279343635019031e-05
RPS28	-1.4630512858851166	-0.0012772437725777066
RPS29	-1.1321240728481072	-0.0007222951584770924
RPS3	-1.6972437448916589	-0.001388345383321377
RPS3A	-0.926683615692986	-0.0012982837455858733
RPS4X	-1.799585272718344	-0.0009663772914497508
RPS4Y1	-1.2306518953600896	-0.0006214792071568453
RPS4Y2	-0.1583815220860011	-7.824047191048454e-05
RPS5	-1.3983152378122945	-0.0030189625984367438
RPS6	-0.5675204923733594	-0.0003842113733367643
RPS6KA1	-0.0851969175805339	-0.0025879415684262976
RPS6KA2	-0.4651883155400943	-0.013560704586309289
RPS6KA3	0.887065269662703	0.03508077021935092
RPS6KA4	-0.6078540337911422	-0.01681202686659541
RPS6KA5	0.2691433300562133	0.010300115241251283
RPS6KA6	0.3805376233789344	0.009204444034289666
RPS6KB1	0.3199666468388871	0.01979441664004091
RPS6KB2	-0.5209326657359891	-0.01550347706496877
RPS6KC1	-0.8688316252423722	-0.05893024264531438
RPS6KL1	-0.4572640912036687	-0.010908949423845923
RPS7	-1.1518238968913186	-0.0008016694322363578
RPS9	-1.1170842494616444	-0.0007328072676468388
RPSA	-1.3251659752535114	-0.027698619214748896
RPTOR	-0.0387480653103743	-0.002132848506944243
RPUSD1	-0.3299700221746696	-0.013340687996521891
RPUSD2	0.5132395478285419	0.0005111865896372277
RPUSD3	-0.5405716079933994	-0.0002713669472126865
RPUSD4	1.072114440937403	0.027230634685369102
RRAD	0.2686175067510225	0.0010572785065720246
RRAGA	-0.8702691083819329	-0.09981203430943227
RRAGB	0.493606903736062	0.029400708007231057
RRAGC	-0.1368500327656645	-0.001326076817499289
RRAGD	-0.0786481342786679	-0.014355643949885252
RRAS	0.1217083123552271	0.0028622143816578755
RRAS2	0.566728682644553	0.014132513159107218
RRBP1	0.7140764792324232	0.10396310868792773
RREB1	-0.3035012420605488	-0.0002649565843188591
RRH	-0.5732216064282023	-0.019632266798559502
RRM1	0.498801099491023	0.03475895461803194
RRM2	2.0164084332040413	0.13244980434344064
RRM2B	0.3263350287284149	0.010888494568552292
RRN3	-0.7350673531901053	-0.0032166547375599005
RRP1	-0.6981159349891239	-0.0004412092709131263
RRP12	-0.8417786814848672	-0.00035523060358661396
RRP15	0.708700990201577	0.00030048921984546863
RRP1B	0.7916149727241443	0.0007172031652880747
RRP36	-0.0234290437259904	-1.173795090672119e-05
RRP7A	-0.9780382588087834	-0.0005692182666267119
RRP8	0.0580892758360387	5.710175814682604e-05
RRP9	-0.5786903144806472	-0.0002783500412651913
RRS1	-0.2128154756274302	-8.682871405599152e-05
RS1	0.3804628372545633	0.0028477643368504065
RSAD1	-0.0502264641791722	-5.625363988067286e-05
RSAD2	-0.3904795211964671	-0.000670453337894334
RSBN1	-0.1183108409747986	-0.0026405796597165298
RSBN1L	0.3759159082058764	0.004262134567238227
RSC1A1	-0.6600103584171918	-0.001775427864142246
RSF1	2.017031818521602	0.4791176700443472
RSKR	-0.3011130709993942	-0.0017819871541744148
RSL1D1	1.039216241087414	0.0007659023696814241
RSL24D1	-1.1843654161523438	-0.000630082401393047
RSPH1	0.2212189458890493	0.00016171104944489505
RSPH10B	0.8195736963212064	0.00046060041733251796
RSPH14	-0.324379773259664	-0.0017260247735146723
RSPH3	-1.365919844642796	-0.009566902591878142
RSPH4A	0.0877768489785228	0.0001948646047323206
RSPH6A	0.0607105282404726	0.0002697368769724198
RSPH9	-0.5002286783483039	-0.0005707609219954147
RSPO1	-0.3202258714477387	-0.012109981780539134
RSPO2	0.9869597817787022	0.03825653506130605
RSPO3	-0.3613632235513866	-0.012983057895754218
RSPO4	-0.1384278797799457	-0.005259428864359257
RSPRY1	0.7913799001366395	0.010760392502157887
RSRC1	0.0723923642625596	0.0001610730104841951
RSRC2	0.7768675498661276	0.000638585125989957
RSRP1	-0.3937414141654232	-0.0003858665858821147
RSU1	0.7768859013205416	0.050034559588648164
RTBDN	-0.3930959837725893	-0.005682202445432779
RTCA	0.2025392959999069	8.790205446395959e-05
RTCB	-0.1362993831940826	-0.010122682591058127
RTEL1	-0.892786175374479	-0.5475162994133806
RTF1	-0.6389592719681656	-0.0044075410580364065
RTF2	0.6912288442857775	0.008151661760662173
RTKN	-0.2372486334526675	-0.00648376790362795
RTKN2	-0.5275745840523998	-0.00953432788299497
RTL10	-0.4679063351667081	-0.004541498889128069
RTL3	0.764697432764269	0.0012372804462125874
RTL4	0.4690163133358802	0.0002692153638547952
RTL5	-0.0896853859887367	-0.00016950537951871235
RTL6	-0.3046954950425217	-0.001290690117000122
RTL8A	-0.6554969315380494	-0.00044442691958279754
RTL8B	-0.7027360855689342	-0.00042304712351249837
RTL8C	-0.8384888127245302	-0.0005777187919672014
RTL9	0.2709449561763336	0.0009247351354298264
RTN1	-0.206028041109244	-0.004572586344378561
RTN2	0.511372619277731	0.009219025580338934
RTN3	-0.3024319977099047	-0.008024428195236901
RTN4	0.0680018133223525	0.001997961277224039
RTN4IP1	-1.557443076198973	-0.00618772134173852
RTN4R	0.4130516173503837	0.029182096765804612
RTN4RL1	0.457031571897732	0.023747360475806157
RTP1	-0.4868233140995471	-0.0012316629846718542
RTP2	0.3934733270178054	0.0020126160676960745
RTP3	0.1685953701204961	0.0008364016311677812
RTP4	-0.0690035354604386	-0.0034466575927134474
RTP5	0.4999869999253256	0.0003124918749533285
RTRAF	-0.5033523356431533	-0.09380323121345112
RTTN	0.1659321251983966	0.004844222463041991
RUBCNL	0.2528839474459993	0.000710603892323258
RUFY1	-0.0286114247378473	-0.0007881016944040038
RUFY2	0.3851646227092917	0.03886888790070817
RUFY3	-0.2017622529575839	-0.01692301072907031
RUFY4	0.9459383510175422	0.008443445721182581
RUNDC1	0.3582532364200667	0.0025020406031577456
RUNDC3A	-1.5714458464490366	-0.006552929179692483
RUNDC3B	0.6819351960052491	0.0032160063843607546
RUNX1	0.8347098508358752	0.023351008077133608
RUNX1T1	-0.3685782960466924	-0.010978104547750733
RUNX2	0.2146356621897965	0.006374035260050387
RUNX3	-0.1097063539546893	-0.0029863166610005973
RUSC1	1.115215661727002	0.01794493521284919
RUSC2	-1.0579324426051395	-0.008632728731657938
RUSF1	0.1088995575572855	0.00666476182206343
RUVBL1	-0.9250891937676592	-0.12920998296111025
RUVBL2	-0.9731230006084668	-0.18297826405041123
RWDD1	-0.1876439109057097	-0.03914477154186191
RWDD2A	0.297587361890391	0.004463512840993974
RWDD2B	0.070094250768499	0.0002467317627051165
RWDD3	-0.0241525014928312	-2.1157591307720132e-05
RWDD4	-0.1692941836026865	-0.002598665718301238
RXFP1	-0.3292735146087292	-0.008712906470061583
RXFP2	0.6962162857846261	0.04384909411128732
RXFP3	0.8151083554463882	0.02747811777045319
RXFP4	0.3411298967368315	0.011456165322113012
RXRA	0.111635467796027	0.003104135817536327
RXRB	-0.7045368501974983	-0.019488898350163198
RXYLT1	-0.7146949078586424	-0.003819329587596585
RYBP	0.4972352445991551	0.02743942973795977
RYK	-0.1013037580109211	-0.0031403151945805434
RYR1	-0.0859928675582143	-0.0025655972035993234
RYR2	0.8972670243642497	0.026942236940585326
RYR3	-0.1659971532305025	-0.004905215877961349
S100A1	0.2879659115071976	0.007439023391965434
S100A10	0.2517047772490172	0.0028175832765254985
S100A11	0.3813694598050177	0.013507343527374116
S100A12	-0.0836825579740371	-0.000570631362824959
S100A13	0.2720900167212833	0.0009297315871366251
S100A14	0.6503044367365058	0.0027000640213299724
S100A16	0.2004941208048555	0.0007448356587900383
S100A2	-0.1586810918363864	-0.003958617198042332
S100A3	-0.1057159237729537	-0.0005037363767781244
S100A4	1.0226770233821425	0.045796499784075725
S100A5	0.0514469328473451	0.00022466875574435606
S100A6	-0.4467385328851507	-0.024616186639037575
S100A7	1.1382201687637292	0.003987185251179344
S100A7A	-0.5308808608846808	-0.002892238930099741
S100A8	-0.6541804416747893	-0.030350701591501848
S100A9	-0.0413378171501979	-0.0010789170276201653
S100B	0.0698208307604671	0.002715681212428368
S100G	0.8382848863833444	0.0045351212353338935
S100P	-0.5115310871627723	-0.016458001198375035
S100PBP	1.5972585300053113	0.03588401013509932
S100Z	-0.0776952952782381	-0.000306741025758484
S1PR1	0.1576885975742495	0.00379982213574669
S1PR2	-0.8538623173740524	-0.01996244711788797
S1PR3	-0.4821861862431063	-0.009822132613772074
S1PR4	0.3589502923988781	0.007957569032190729
S1PR5	-0.7412815331917032	-0.0190309208016306
SAA2	-1.2960864969905668	-0.006419516419594277
SAA4	0.4924717217221862	0.0022102130870891713
SAAL1	0.3458203081852607	0.014381629156500438
SAC3D1	0.8562975130056565	0.02944892776977753
SACM1L	-0.1570001012140446	-0.0028129708134520368
SACS	0.5851861122649609	0.012307634313156656
SAE1	1.611273786940083	0.20054880316528437
SAFB	0.3589982058056422	0.0005883980593154476
SAFB2	0.0225549291192902	2.478786710209993e-05
SAG	-0.427344229758605	-0.02125439261127398
SAGE1	1.6288073643716694	0.0029937479357151284
SALL1	-0.0950190978392334	-0.002371011548382391
SALL2	0.4599725315081359	0.008612985652489843
SALL3	-0.5333944895172595	-0.012589710136075877
SALL4	-0.0518894650071371	-0.0011752444929466481
SAMD1	-0.4351315890206801	-0.006070955930016529
SAMD10	1.3895072631005525	0.003297300735337611
SAMD11	-0.2618257161919387	-0.002164775021474949
SAMD12	-0.6385229361911529	-0.0026332685888523144
SAMD13	-0.1992780079267564	-0.004880716970142118
SAMD14	0.3166719433541209	0.0014994416517817625
SAMD15	-0.1050467384684359	-0.0005194561217264155
SAMD3	-0.0461647202334973	-0.001094565516736221
SAMD4A	-0.0676467797430693	-0.001330206276867715
SAMD4B	0.4632166285145151	0.004545081558984422
SAMD5	-0.0992756654741391	-0.00013729824535073436
SAMD7	-0.2833944130951895	-0.00024598635056662446
SAMD8	1.2957114933090248	0.02139090104303869
SAMD9	0.4105637921828624	0.008520430379170944
SAMD9L	1.625861847384148	0.028867177100305546
SAMHD1	-0.1749139412354767	-0.0024816789982489433
SAMM50	-0.4337235080072057	-0.02356419819003149
SAMSN1	-0.5816302517794847	-0.002238113208847457
SAMTOR	-0.2233532955244961	-0.00228267068026035
SANBR	-0.3280194724806937	-0.004948501761843745
SAP130	-0.7087244020938741	-0.05945772498926347
SAP30	0.2975157713420611	0.005370457188495545
SAP30BP	-0.8226816169248685	-0.00666289841547451
SAP30L	1.1708321296464343	0.007996783445485147
SAPCD1	0.3451533732647077	0.0005950444155083561
SAPCD2	0.1172273375985743	0.0007208308988936334
SAR1A	0.4507761130534454	0.013557993152308477
SAR1B	-1.5365993417924582	-0.11601325030533059
SARAF	-0.4704385124328991	-0.013271540874244515
SARDH	0.1706056603161549	0.0023852377368801616
SARM1	0.77932251829047	0.024127825166272952
SARNP	0.4294376719477432	0.11424115667989838
SARS1	-0.4513073753359917	-0.09117672642437974
SARS2	0.1896229220937999	0.005201925621799212
SART1	-1.293092201912806	-0.035408743764978365
SART3	0.9495149600694937	0.0009333732057483122
SASH1	0.5202957472316433	0.006745114067111023
SASH3	0.5871110090343878	0.001978564100445887
SASS6	0.7583652560769882	0.0078862402979446
SAT1	-0.7578616549942971	-0.002838949759608637
SAT2	0.7959905622924291	0.005998584877435746
SATB1	-0.0081224896679586	-0.0002816229617674606
SATB2	0.2860751233391232	0.018958484498807035
SATL1	-0.3202622562292253	-0.0007042567014480664
SAXO1	0.4835584928288953	0.006065274175552833
SAXO2	0.2122768774918079	0.003281163695390875
SAXO4	-0.270177917822049	-0.003908123581295939
SAXO5	0.2203132357017947	0.0019176064035484211
SAYSD1	-0.0100619789413302	-4.69089458244814e-05
SBDS	-0.159517616980863	-0.017386303627595204
SBF1	0.2082133871110008	0.002319913559190771
SBF2	-0.0443338301235361	-0.0010171067306941654
SBK1	-0.5632523384580489	-0.00897204649929826
SBNO1	-0.7172510865834483	-0.15374277040916215
SBNO2	0.1303538454729742	0.0038679896567195638
SBSN	-0.4155790500724242	-0.00868144635601294
SBSPON	0.6551240261975136	0.006701918788000564
SC5D	0.5720985904501446	0.003712347753430988
SCAF1	0.2959813176517826	0.020015144643566494
SCAF11	0.3184314266050191	0.010487220603809699
SCAF4	-0.7609736987859845	-0.00048626219352424416
SCAF8	-0.1133288240498632	-6.981055561471573e-05
SCAI	-0.0658596492250275	-0.0025182754074173767
SCAMP1	-0.3305477620094426	-0.008678200943795905
SCAMP2	-1.241755783408907	-0.03706020135583883
SCAMP3	-0.2126209631432737	-0.007745994308272604
SCAMP4	0.2297766284363132	0.0021111876620728454
SCAMP5	1.0972341068395244	0.07333144706240594
SCAND1	0.2154399710931671	0.0011769485620819718
SCAND3	0.4934756009514112	0.002016834781088418
SCAP	-0.3413688227914113	-0.0019645775751645717
SCAPER	-0.6963372728841233	-0.02037482860458945
SCARA3	1.3525616835158454	0.034720258415851746
SCARA5	-0.3561209119511163	-0.003127809969666654
SCARB1	0.4767632779439912	0.01662330521207314
SCARB2	-0.2959480736655164	-0.009959540523065625
SCARF1	-0.3154597874684967	-0.02057996561486979
SCARF2	0.2914152615118149	0.008642210995394382
SCCPDH	-0.2258125619990992	-0.0008149575362547489
SCD	-0.6805088834959928	-0.007455655327582097
SCD5	0.1615824444537796	0.0010590113409500715
SCEL	0.1162322660278573	0.00223654126290803
SCFD1	-1.04365740155469	-0.1173175285087627
SCFD2	-0.398281056252334	-0.010752791956700513
SCG2	-0.175690946107202	-0.0058067614597891335
SCG5	0.8462056733594723	0.014054630028827474
SCGB1A1	-0.4046481330105601	-0.003744209174746713
SCGB1C1	-0.6052058665796246	-0.0025188668167043975
SCGB1D1	0.0420207678911716	0.00040558445168558836
SCGB1D2	0.5294381510322647	0.005298617015530904
SCGB1D4	-0.2977831947054639	-0.0017092755376093627
SCGB2A1	-0.9561700871060452	-0.034734790754301303
SCGB2A2	0.1833317008171357	0.005980280080654967
SCGB2B2	0.1153142795567299	0.003032188980944213
SCGB3A1	0.6974103446608009	0.004574314450630192
SCGB3A2	-0.0834474366056184	-0.0025945476989418874
SCGN	0.2498317358811008	0.0006712978743125178
SCHIP1	0.770442099417783	0.028429313468516192
SCIMP	-0.2210064174211603	-0.005163151923793147
SCIN	0.606305474082979	0.0063261913165818025
SCLT1	-0.6746094179521096	-0.004117815887179677
SCLY	-1.3880833269006645	-0.042543365886178464
SCMH1	0.918536554007876	0.0274881249152397
SCML1	0.4829946266411457	0.013441740459423084
SCML2	0.6459335388453827	0.022099970098055925
SCML4	-0.0482916150560759	-0.0010661339855929876
SCN10A	1.7731168514700717	0.04126929471796592
SCN11A	-0.8818607680318256	-0.022793455271318593
SCN1A	0.4981233993125338	0.013533016512522918
SCN1B	-0.8031859238770621	-0.06119232598242173
SCN2A	0.4368728657514048	0.01210662085570293
SCN2B	-0.0459107701275914	-0.0008822213587717963
SCN3A	0.0994579197530821	0.0026423980119998853
SCN3B	-0.1331280919121868	-0.008691933120946677
SCN4A	0.3754461809838749	0.009955330934968427
SCN4B	-0.0278247446868103	-0.002086688903042652
SCN5A	0.031439392327427	0.0007861105657549847
SCN7A	0.0666517593110513	0.001597975929482455
SCN8A	-0.2766044675152246	-0.007569004649086606
SCN9A	0.9263929786774194	0.023898159670941388
SCNM1	0.1905476112185995	0.0012155032119634463
SCNN1A	-0.467023832779728	-0.009026636639966583
SCNN1B	0.0054086677758222	9.085480129826131e-05
SCNN1D	-0.6515059047245856	-0.011611789739906288
SCNN1G	0.0035174409151844	6.779163875834894e-05
SCO1	0.1443591533621175	0.019135671933068848
SCO2	-0.2751605017032153	-0.009819652824282646
SCOC	0.1862917585958074	0.007836921700608426
SCP2D1	0.5535537481573897	0.008410695649503377
SCPEP1	0.2018203741343341	0.003898564167152932
SCRG1	1.4601994910235383	0.009697184819887319
SCRIB	0.2222149944650338	0.0070304379948847385
SCRN1	-0.5334289886095491	-0.0018131251322838575
SCRN2	-0.0951604443663132	-0.0007227435749621487
SCRN3	-0.214446560052171	-0.0009900997677608735
SCRT1	-0.213598313017882	-0.003429534513815114
SCRT2	-0.4849224018752283	-0.006488261737090554
SCT	1.7096824811075444	0.057387202160855834
SCTR	-1.0166626526845215	-0.04504425548984041
SCUBE1	-0.1836173863476713	-0.0038093262971687887
SCUBE2	0.5002576488931634	0.007693962639976852
SCUBE3	0.8432431121497479	0.017256970290144592
SCX	0.5371162698268002	0.0055838607411194145
SCYL1	0.1065524679864181	0.004714840155931014
SCYL2	-0.4947756742516157	-0.014804677724956847
SCYL3	-0.1916921656890676	-0.000958269136279649
SDAD1	-0.9008221201941068	-0.0043419626193355945
SDC1	-0.702597778646952	-0.018968032230131764
SDC2	-0.1208634648405311	-0.0036226406316652387
SDC3	-0.0851207406655898	-0.002221651331371894
SDC4	-0.5567157480307926	-0.02096368820784753
SDCBP	0.241615149080705	0.0190762408653689
SDCBP2	0.9134668910944744	0.004454064560976657
SDCCAG8	0.5169460617163806	0.006775095084854884
SDE2	-0.1554539829312113	-0.00015063490946034375
SDF2	0.5573952252303961	0.016528440613756936
SDF4	0.2043811135795663	0.0032155280599473167
SDHA	0.3991393163853335	0.014305153099250352
SDHAF1	0.2614071974226996	0.000918846298940789
SDHAF2	0.5328393835321222	0.024079544581200138
SDHAF3	0.5144240374104172	0.0003863324520952233
SDHAF4	0.2189562235828845	0.002989190364353539
SDHB	-0.1014209304689871	-0.014218403084308242
SDHC	0.7414748876723278	0.010931564268953128
SDHD	0.5201442306549618	0.009052590190318956
SDK1	0.061922191363649	0.0009364492999924638
SDK2	0.4751527530153389	0.012897071175095344
SDR16C5	-0.46918808543549	-0.011277404821527438
SDR39U1	0.0752544468127828	0.0002568434269720277
SDR42E1	-0.8426920975864765	-0.0030783542324833986
SDR9C7	0.0766843715020242	0.0003492973121917202
SDS	0.4105976700829942	0.0018062191506950916
SDSL	0.0373651247857707	0.00021582096076261153
SEBOX	0.8912138958947954	0.0008243728537026858
SEC11A	-0.3900918962735062	-0.011290819845740364
SEC11C	-0.0655428693795798	-0.004346278754298696
SEC13	-1.247899859080848	-0.06373024580325891
SEC14L1	-0.1692963578698002	-0.001447314563428922
SEC14L2	0.167399629896465	0.002993942380698277
SEC14L3	-0.4124389070562747	-0.005058150756138153
SEC14L4	-0.4676689720693091	-0.0027410078452982205
SEC16A	-0.4695366366719052	-0.011668454957933517
SEC16B	0.3440905646964772	0.013667277229744073
SEC22A	-0.1014583645697403	-0.0031135542919161906
SEC22B	-0.3579113140370555	-0.027004050732781802
SEC22C	-0.1719598042810331	-0.005120275132272042
SEC23A	-0.1287725226908888	-0.020789808698353233
SEC23B	0.8383288884699741	0.11567010504442161
SEC23IP	-0.6094030489191425	-0.021707546005548778
SEC24A	0.3197454777788039	0.024148777209244163
SEC24B	0.3015329208040613	0.0155099488473985
SEC24C	0.4089174415517203	0.017226056142807766
SEC24D	-0.3425183588617445	-0.010352959914955088
SEC31A	-0.5139019172355405	-0.022181548453637633
SEC31B	0.5860516399404453	0.023384046485263706
SEC61A1	-0.3648542863099269	-0.07413255330959619
SEC61A2	-0.3855815827825805	-0.09200246472300319
SEC61B	-0.002838618094071	-2.262378620974587e-06
SEC61G	0.8869580629322129	0.0007015838277793804
SEC62	-0.0042324335093886	-1.4449528001052678e-05
SEC63	0.1389293622088646	0.0002982813406624323
SECISBP2	0.4817060424068199	0.03461250597109964
SECISBP2L	-0.2717972413485858	-0.009101674221040093
SECTM1	0.0750845887474981	0.00803059710489991
SEH1L	-0.698867628201475	-0.25731327655698827
SEL1L	0.2912449086681059	0.009666709763603102
SEL1L3	0.9309090586421832	0.007139141570726902
SELE	0.5082038881396427	0.009317918289040349
SELENBP1	0.1878472261804195	0.004080229599864892
SELENOF	0.8948183211900361	0.00421101501952031
SELENOH	1.0603157717917715	0.023325886663647183
SELENOI	-0.1771398419781319	-0.004999240620306838
SELENOK	-0.2270979688292294	-0.002599817547157018
SELENOM	0.5105101594939343	0.0016943832193603678
SELENON	0.1952869667098059	0.0020598869248550323
SELENOO	-0.0781244842856318	-0.00027695129679256475
SELENOP	-0.0943061614310563	-0.0008618640093184235
SELENOS	-0.8842606054483604	-0.05663423899715114
SELENOT	0.3189191355039397	0.008448486818634866
SELENOV	-0.3228409171356171	-0.0009388213870303745
SELENOW	-0.3314838900413418	-0.0023949711055486944
SELL	-0.7096379678477762	-0.03929407355566706
SELP	-0.2872167620055927	-0.007410479676506297
SELPLG	-0.292639971451927	-0.009643072339283899
SEM1	1.3102949484892146	0.0840318356365103
SEMA3A	-0.841467462091585	-0.02397004212514089
SEMA3B	0.4795219823249681	0.011817339732416514
SEMA3C	0.2005326185703388	0.0031202875449544715
SEMA3D	-0.384446569697441	-0.009547346111866249
SEMA3E	-0.1600255919717667	-0.004697871303515155
SEMA3F	0.5889328044372559	0.014252173867381594
SEMA3G	-0.5012808997436862	-0.010132892107418872
SEMA4A	0.3737913837471149	0.003100973319566065
SEMA4B	-0.3854015968606952	-0.008676160748527971
SEMA4C	0.2868803199742814	0.007326636491823172
SEMA4D	-0.1859729568037866	-0.004381708835254016
SEMA4F	0.0198715403901426	0.0004655703198006509
SEMA4G	0.2182133395956724	0.005613756374438268
SEMA5A	0.1438029152959302	0.004390159201069453
SEMA5B	0.6248751196424978	0.015152596776210928
SEMA6A	0.3691062774186403	0.007688852864907696
SEMA6B	0.1020399451661233	0.0025798759336350956
SEMA6C	0.3685439566894434	0.00944172762642685
SEMA6D	0.0644754017758654	0.0015349014146762519
SEMA7A	0.3014324210596977	0.00792586407934369
SEMG1	-0.1699111114376833	-0.0013448464470292635
SEMG2	-0.4324475098212312	-0.002085694339867798
SENP1	0.1421022506905687	0.01270550433649444
SENP2	0.7590671941884506	0.022529873390707403
SENP3	0.4565875267073623	0.01343600114841755
SENP5	-0.2160631658613822	-0.01084377816825105
SENP6	0.2826247425513004	0.008057631410137574
SENP7	-0.2852082586485643	-0.005251539666496014
SENP8	-0.6333201017200968	-0.06457205093117763
SEPHS1	0.9314476282787004	0.004500754939842681
SEPHS2	0.3534939486015213	0.001820847329246436
SEPSECS	-0.4789195683908901	-0.0021455596663911875
SEPTIN1	0.4000169970477552	0.04376785973198013
SEPTIN10	0.256959188928768	0.0031007265328034436
SEPTIN11	0.0863864161174937	0.009357549366679154
SEPTIN12	0.3027490721240609	0.035662629699925875
SEPTIN14	0.5795021842598805	0.01111369288973599
SEPTIN2	-0.1118737960885167	-0.015084950790779502
SEPTIN3	-0.94787567367002	-0.06946980812327576
SEPTIN4	0.1853975693830508	0.003367190655134969
SEPTIN5	-0.0010217404209427	-3.447352180260669e-05
SEPTIN6	1.1051145092955883	0.03163500794309551
SEPTIN7	-0.1803296311795857	-0.03611371358817973
SEPTIN9	-0.6028238650058126	-0.07456207821483896
SERAC1	-0.3713279738161876	-0.005919339230603847
SERBP1	0.362483059632801	0.0003784323142566442
SERF1A	-0.0495769404792406	-3.252247295438183e-05
SERF2	-0.0426968587278841	-6.686328076786649e-05
SERGEF	-0.9321490077104416	-0.011389928725213886
SERHL2	-0.0257729621814468	-0.00017035928001936336
SERINC1	-0.499755066719739	-0.003488790120770498
SERINC2	-0.6952638202245023	-0.0029068980323586437
SERINC3	0.0696910035722625	0.00040225647261909916
SERINC4	-0.2212702694674262	-0.0012191991847655184
SERINC5	0.4590839999753592	0.002581429331861445
SERP1	0.1976086093128945	0.006378213082792296
SERP2	-0.6510625065415037	-0.01221914112277094
SERPINA1	-0.7552195502102734	-0.023465426644583405
SERPINA10	-0.2088564461146715	-0.005791589250759841
SERPINA11	1.1557911317205456	0.010771973347635485
SERPINA12	-0.1550850994814209	-0.0013535827482738416
SERPINA3	-0.9587332681787992	-0.014240065232259704
SERPINA4	-0.7938313064599469	-0.007389775631835646
SERPINA5	0.2230382691741198	0.004091637047999228
SERPINA6	-0.1071126252091995	-0.001873399814908899
SERPINA7	0.7607486545372455	0.006539395434402162
SERPINA9	0.713476923498773	0.012575030776665873
SERPINB1	0.3677431276753741	0.00040378195418756075
SERPINB10	0.2650851414058664	0.0006147324429202042
SERPINB11	-0.2879404377285348	-0.0004514906063583425
SERPINB12	-0.1919946486304827	-0.00013574021658175126
SERPINB13	-0.1722204927765819	-0.002886243238442736
SERPINB2	0.0394689308255567	0.0005410401037567312
SERPINB3	0.0739518234481289	0.001061430521950994
SERPINB4	0.6522399052040562	0.008415851496847936
SERPINB5	-0.1476901879039438	-0.0002552086446980149
SERPINB6	-0.1191481472989921	-0.00015620322110897867
SERPINB7	0.0685349504137182	5.277191181856301e-05
SERPINB8	0.0599392063433107	0.0007356938186577956
SERPINB9	-0.3244082746811535	-0.00027963993277515435
SERPINC1	-0.0783819463178804	-0.0009124442370864457
SERPIND1	-0.1558237915069742	-0.004023370296710074
SERPINE1	0.845062568898248	0.023243445957546315
SERPINE2	0.1805096401753035	0.0009669901424191007
SERPINF1	-0.2279796445492627	-0.006444300612474009
SERPINF2	-0.6256502924971017	-0.012648146313121408
SERPING1	0.300830934152039	0.007703979392699566
SERPINH1	0.4978669423119448	0.01532982102072709
SERPINI1	0.5569186642126316	0.007000467609152779
SERPINI2	1.1017962032596147	0.009087615084485303
SERTAD1	0.696644448217165	0.007139212305329507
SERTAD2	-0.7350362719663736	-0.0010878536825102327
SERTAD3	-0.8686927301061406	-0.009400992725208654
SERTAD4	0.3011416794665373	0.0002195322843311057
SERTM1	1.082981761685099	0.005383502337336627
SESN1	-1.1105270453249694	-0.029541129932689508
SESN2	0.4680817704594927	0.014425812083791104
SESN3	-0.0199172252031566	-0.0006036711786824734
SESTD1	0.5274228685259266	0.05069219416263238
SET	-1.0772367525112352	-0.167649278556571
SETBP1	-0.0394727148693626	-0.0008228876868816022
SETD1A	0.3495962956887162	0.0003527426623499146
SETD2	-0.4487183023399518	-0.003180515326985578
SETD3	0.1474563430175067	0.003816907439008161
SETD4	-1.155826989739043	-0.0007235476955766409
SETD5	0.4414268306637317	0.013631701957726698
SETD6	-0.5489906960420518	-0.001772141966823743
SETD7	1.7130301255966742	0.059500388382474886
SETD9	-0.3231633511571349	-0.0009310336146837056
SETDB1	-0.6336514770498156	-0.005047034014701781
SETDB2	-0.2682875707711064	-0.00013548522323940872
SETMAR	-0.0551108281822625	-0.0019094248640308487
SETX	0.3649946036616675	0.009238378413280467
SEZ6	-0.633666261663211	-0.015259950913373448
SEZ6L	1.258439604286823	0.03372995671369972
SEZ6L2	0.0263115996005717	0.0007428817031225413
SF1	0.7666404526794491	0.008262084158526424
SF3A1	-2.256505864509452	-0.002457334886450793
SF3A2	-1.5002470140860873	-0.01783343625644132
SF3A3	-1.982497026365435	-0.0011518307723183178
SF3B1	-2.1010100677213743	-0.0041137777125984515
SF3B2	-2.2421519086642627	-0.0031614341912166105
SF3B3	-2.22150407688267	-0.43066744485670505
SF3B4	-0.5606704232959322	-0.04261039150006755
SF3B5	-2.478036074673444	-0.0011919353519179263
SF3B6	-2.3744066547838916	-0.0010993502811649418
SFI1	-0.1611768808823564	-0.002319496492777991
SFMBT1	1.5185847790909277	0.015626237376845646
SFMBT2	-0.3342545680755971	-0.0068181246796060295
SFN	0.0578717151491231	0.002359198339769152
SFPQ	-1.6523076623864954	-0.05968961430371214
SFR1	0.2613407529006409	0.00021926489168363773
SFRP1	0.7609080119136595	0.023365963229844657
SFRP2	-0.4779738202276721	-0.012960738109293558
SFRP4	1.0583223445454923	0.03252647893726116
SFRP5	0.2715826658697566	0.007393838078304123
SFSWAP	-0.0405209393330089	-2.419100078180631e-05
SFT2D1	-0.4717420863993552	-0.004122082350957566
SFT2D2	-0.265040747158036	-0.0016641908514053079
SFT2D3	0.3099716478753758	0.0023932910932457766
SFTA2	-0.0017486028718276	-3.2593957530866466e-06
SFTPA1	0.0340847459963292	0.0011004601092374847
SFTPB	-0.0406154466143292	-0.000222694493786367
SFTPC	-0.7153934071707826	-0.00127983880542853
SFTPD	-0.304340368764658	-0.006933786621565203
SFXN1	0.3216018021745395	0.002157626490788985
SFXN2	0.8937108281476618	0.006467785263304628
SFXN3	-0.892394029787611	-0.0012404277014047792
SFXN4	-0.6153830215335441	-0.001311996601909516
SFXN5	0.3318810320732036	0.0061185587073015815
SGCA	-0.1475437936674862	-0.004481347645062559
SGCB	0.1434672503997173	0.005017623615479713
SGCD	-0.4671009995263991	-0.011619137363219179
SGCE	-0.9464711462797066	-0.033188957215444195
SGCG	0.6012630331062777	0.011672920524725275
SGCZ	1.4633389048895558	0.036688833023390946
SGF29	0.1491439653084098	0.005654346012772432
SGIP1	0.3925085330237227	0.02875988523171421
SGK1	0.3532364135967316	0.014496469177596267
SGK2	0.5588916293964317	0.019444398678331254
SGK3	-0.2385518390783864	-0.03122762849455617
SGMS1	-0.5711640664601217	-0.01238226579678898
SGMS2	1.2492157119112604	0.00997123981247568
SGO1	0.7687995369520398	0.06522725911362191
SGO2	0.8931530801729577	0.022110004499681566
SGPL1	0.1314973507131382	0.0007557152745484053
SGPP1	-0.0197159378986134	-0.00016736859682132913
SGPP2	-0.317070059572809	-0.0018852985742199221
SGSH	-0.0892094393551928	-0.0004121476098209907
SGSM1	0.8874638761393405	0.015994761439659336
SGSM2	-0.3803782829608766	-0.0071727932817932495
SGSM3	0.7092531917549847	0.01817674079829675
SGTA	0.8190072044588534	0.04058098797373173
SGTB	0.2082051755812473	0.02010116867649152
SH2B1	0.7140333446876412	0.08815455673513618
SH2B2	0.0789306259805365	0.0051255180592980985
SH2B3	0.5234345028400216	0.02933012893213777
SH2D1A	-0.7344361399647692	-0.04624670929744155
SH2D1B	-0.5322784367966914	-0.03178553913175122
SH2D2A	0.3666393059488375	0.031693768163441306
SH2D3A	-0.0792169075153885	-0.0025080072919372
SH2D3C	-0.0342103886917578	-0.0026760050242466784
SH2D4B	0.1691120296150227	0.018943760445445226
SH2D6	-0.0857962866302665	-0.0025840983570169966
SH3BGR	-0.1667553813171491	-0.0010532269883991138
SH3BGRL	0.2124861751760986	0.001530325433618262
SH3BGRL2	-0.1000026406370541	-0.0001342035437349266
SH3BGRL3	0.3620971952991572	0.0019929829629265613
SH3BP1	0.0234690333783974	0.0021314106733592952
SH3BP2	1.0010767205563826	0.014635741654534313
SH3BP4	0.7271775970038852	0.022193460260558573
SH3BP5	0.3210016239836313	0.06393357244719587
SH3BP5L	0.655976465417093	0.005970041811760963
SH3D19	-0.1133307892367479	-0.003068317787795713
SH3D21	1.3738221290273671	0.009662091033449473
SH3GL1	0.4714656730174346	0.040278255377225465
SH3GL2	-0.4835155123839276	-0.030071280261693607
SH3GL3	-0.6368874950443908	-0.027978467657300086
SH3GLB1	0.8944819818339643	0.11694367982299066
SH3GLB2	0.2265714147532692	0.021991701230196566
SH3KBP1	0.1328184667520483	0.006008574617395914
SH3PXD2A	-0.4988005324322739	-0.021397046439747252
SH3PXD2B	-0.9246514134538908	-0.0618369879261424
SH3RF1	0.0257766398647188	0.0008875670404618624
SH3RF2	-1.288209003248828	-0.04036860553480852
SH3RF3	0.3678892572559765	0.010927046719017014
SH3TC1	1.5330697611821398	0.012793467157064956
SH3TC2	-0.1089105489294263	-0.0008643141163039271
SH3YL1	0.1358175515649106	0.010499783276380108
SHANK1	0.2804776309178914	0.006915736945542448
SHANK2	-0.4111947202044005	-0.008382204371366704
SHANK3	-0.7319419295104683	-0.016465033704337984
SHARPIN	0.7601782287254537	0.019769955194462875
SHB	-0.2691311407226912	-0.019956881478009718
SHBG	0.1890504736315104	0.002140429462455961
SHC1	1.168970253737035	0.040681333800302553
SHC2	-0.3536272808745401	-0.03795375517442177
SHC3	0.1423641638706614	0.007412474920253727
SHC4	-0.0522575485029901	-0.0017648941855914846
SHCBP1	0.1280773050921855	0.005770138749013142
SHCBP1L	0.9623295424561356	0.003015940786057529
SHD	-0.160965060738969	-0.011052022035398349
SHE	-0.2357593570952746	-0.005972727552651686
SHF	1.1539716412174903	0.03734021436651555
SHFL	-0.0809329390185936	-0.00013912372217296238
SHH	0.1740334120170514	0.0037302321531734795
SHISA2	-0.0014853209014058	-6.915654116945406e-06
SHISA3	-0.848248767513756	-0.0011425910898410295
SHISA4	-0.2923732427143394	-0.00020086041774475117
SHISA5	0.136908165912752	0.00012061609416913451
SHISA6	0.0828699026194809	0.0009959304896809214
SHISAL2A	0.8374808146531311	0.0010309388828380044
SHKBP1	-0.6361982252069257	-0.004963618553064434
SHLD1	-0.2635112041258654	-0.0011238752855968158
SHLD2	0.5012475067811248	0.012889078389369845
SHMT1	-0.4810306706331058	-0.038320827345315736
SHMT2	-0.5870511951901631	-0.014737333204053855
SHOC1	0.4022196832625145	0.008801773328833605
SHOC2	-0.0198483199125255	-0.0011776802136897878
SHOX	-0.9104979043609178	-0.016780476377371713
SHOX2	-1.6339238215772691	-0.03294153816681932
SHPK	-0.1394786964889711	-7.503953871106645e-05
SHPRH	0.0527721647014073	0.0011299048184218315
SHQ1	0.3311089974987458	0.0004122307018859385
SHROOM1	-0.1720983289893486	-0.006827829104323417
SHROOM2	0.7553426703545914	0.004998857792406685
SHROOM3	0.7341609691218924	0.005046622501743888
SHROOM4	0.161823353163415	0.004266796352859764
SHTN1	-0.5584073854973481	-0.003397350533365866
SI	0.6921691168804964	0.021014254388491874
SIAE	0.4473493840147243	0.00042050842097384085
SIAH1	-0.0131052869785953	-0.00045953688790444417
SIAH2	0.0889232858461414	0.007511261032137718
SIAH3	-0.3805128992633533	-0.006524274170769456
SIDT1	0.3802550902378905	0.011313729699847957
SIDT2	-0.1150415468061565	-0.003564447286241953
SIGIRR	-0.1874150152857271	-0.006696151081143743
SIGLEC1	-0.5886075337731977	-0.005406948805240595
SIGLEC10	0.2329932128695167	0.006310155184145121
SIGLEC11	0.1732335348323973	0.004350760227315658
SIGLEC12	1.3102250239784528	0.04468260399273718
SIGLEC15	0.39183910703132	0.014389899366618197
SIGLEC5	-0.5487103888864054	-0.021985727861900492
SIGLEC6	0.2798116533229151	0.00918034053387152
SIGLEC7	0.0563230759475173	0.0017162204471967998
SIGLEC8	0.1381641975287663	0.004745387528323007
SIGLEC9	-0.7616642622349534	-0.039851035864395
SIGLECL1	0.668826157931828	0.004062450083277923
SIGMAR1	-1.1020763609001007	-0.006543027354663898
SIK1	-0.3618381778801949	-0.020881319407288167
SIK2	0.4495413929263647	0.022172730123307085
SIK3	-0.7702152770702673	-0.021746258132801927
SIKE1	-0.2095519200713085	-0.011611062339231133
SIL1	0.4317906118604347	0.006091270161515152
SIM1	-0.438705107689099	-0.010880325375797344
SIM2	-0.2638232577531866	-0.00604049730951696
SIMC1	0.1444154675717129	0.0031148972200542757
SIN3A	0.1453832752162061	0.00456009181043152
SIN3B	-0.0432375313672477	-0.0013094486374570966
SINHCAF	-0.0307353551253767	-0.0008885283813195151
SIPA1	-0.5020260317127796	-0.005745185906921049
SIPA1L1	-0.3461082184046242	-0.006034396787884622
SIPA1L2	0.0996163340350659	0.0011067374711295822
SIPA1L3	-0.5492980636012812	-0.004554779543381824
SIRPA	0.6714491751875334	0.023749157326383056
SIRPB1	-0.0107381466881089	-0.0004198937499451223
SIRPD	-0.0342284360069147	-0.0016220171254956737
SIRPG	-0.2656602240985805	-0.011485022808229831
SIRT1	-2.1061256992984903	-0.07786978548016307
SIRT2	-0.1304426821167659	-0.007718293500849039
SIRT3	2.521726690021711	0.13467281388060948
SIRT4	-0.2608304029082775	-0.01353318545489598
SIRT5	-0.2730654521592806	-0.007929547665253348
SIRT6	-0.3529450266953537	-0.00646595288905888
SIRT7	0.6424361120875253	0.019061079445636873
SIT1	-0.3689590678108857	-0.010701288802786929
SIVA1	-0.1442076853077176	-0.011619390035984039
SIX1	0.4224998473910857	0.011928438191392523
SIX2	-0.0894769211626524	-0.0019084532514782133
SIX3	0.3511747168072148	0.009751770711019547
SIX4	0.3084387481511966	0.006266550046187862
SIX5	-0.9625289597247032	-0.008867779305943692
SIX6	0.0005504087818352	1.0996066643503625e-05
SKA1	0.7495325941958992	0.16097036946210552
SKA2	1.7675842803267834	0.2922028925493812
SKA3	1.3730049706845378	0.04176543820325296
SKAP1	-0.3484383846264491	-0.009814463979773192
SKAP2	0.6963320349540347	0.02206536952362345
SKI	0.4724470806538311	0.013696713315235217
SKIC2	-0.0045457465930139	-7.772317524735165e-05
SKIC3	0.1426940360844902	0.004396403251763143
SKIC8	-0.3857412688815588	-0.05131747544692705
SKIDA1	-0.5422984149153571	-0.010511370176304368
SKIL	0.4440993339628672	0.012095933559146614
SKOR1	-0.5762669226760161	-0.013791796260405094
SKOR2	-0.3970106882978012	-0.010728022819183183
SKP1	-0.0442023901536517	-0.0071568531921679
SKP2	0.0290574495230557	0.007184309107327906
SLA	-0.4692259705522419	-0.007261741120266496
SLA2	-0.7060717761979677	-0.048327788793646104
SLAIN1	0.3399152440088889	0.0052754845870179555
SLAMF1	0.2395478028893499	0.024347399137870634
SLAMF6	-0.9879747925661309	-0.02523090025255385
SLAMF7	-0.5241355625760913	-0.012193489727770188
SLAMF8	-0.6935225550753839	-0.023996573928163355
SLAMF9	-0.0583027967691333	-0.0011780663115171074
SLBP	2.1913938899467245	0.16502072548854813
SLC10A1	-0.3704099281797713	-0.0004348612556830515
SLC10A2	0.3258485154694611	0.00038906312747053655
SLC10A3	-0.9695993958572714	-0.001786002087169094
SLC10A4	-0.5220883340126055	-0.0006395582091654416
SLC10A5	-0.0074945732324797	-4.97639662636652e-06
SLC10A6	-0.3507443696695898	-0.00020588694499604917
SLC10A7	0.250528222492052	0.00040986417199699707
SLC11A1	0.0861610703820295	0.0005971823788178464
SLC11A2	0.7238634039954632	0.006312088882840439
SLC12A1	-0.267494094364374	-0.006312593132904862
SLC12A2	-0.470915307594224	-0.015583529358908062
SLC12A3	-0.4523802807108	-0.010862555300427729
SLC12A4	-0.5711812996591328	-0.0054490695987481266
SLC12A5	-0.2927838271321844	-0.007071900560550782
SLC12A6	-0.4721523967672972	-0.01181089220513394
SLC12A7	-0.4751327973362045	-0.007964651081746797
SLC12A8	-0.6880141270669848	-0.004472091825935401
SLC12A9	-0.2794464444574062	-0.0032365487197056784
SLC13A1	0.077296594194495	9.832126781539764e-05
SLC13A2	0.1663195717532204	0.0003436162352421534
SLC13A3	-0.933788904984687	-0.005804431833384815
SLC13A4	-0.3373261933496604	-0.0014130594239417274
SLC13A5	-0.6693171709029304	-0.002742861766360209
SLC14A1	-0.1541958021795362	-0.0005486286641547899
SLC14A2	0.2937229337953351	0.00030018483833883243
SLC15A1	-1.1093782294012635	-0.02523169844950234
SLC15A2	0.6798957774178237	0.015742986726109708
SLC15A3	0.9019832973391688	0.00520805155883636
SLC15A4	0.0920001484658971	0.0007025131336855904
SLC16A1	-0.5932776506759143	-0.017836299289920688
SLC16A10	0.3571507222601611	0.0017364668116289033
SLC16A11	-0.4289776035769729	-0.011022150546306743
SLC16A12	-0.043535135815976	-0.00036843785441060487
SLC16A13	0.0103131339059962	6.790167363707898e-05
SLC16A14	-0.3330712229711213	-0.0024224270046689653
SLC16A2	0.7302179953398223	0.005652617501925565
SLC16A3	-0.2927214165565179	-0.002303717548299796
SLC16A4	-0.5125188885028106	-0.0030910014165604505
SLC16A5	-0.3409899909260179	-0.0029884362804756207
SLC16A6	0.0259648999232791	0.0003367907169048532
SLC16A7	0.4886338399192886	0.01113401067640091
SLC16A8	0.2923754360910673	0.0019568687937575133
SLC16A9	-0.4770560469816448	-0.0037262847829736276
SLC17A1	1.0121374127881868	0.027981550913942214
SLC17A2	0.3252983727351429	0.002432906529686134
SLC17A3	0.7063039549820022	0.005565675165258177
SLC17A4	-0.7250401690870714	-0.009487875652673417
SLC17A5	0.414567939347044	0.002589805917100984
SLC17A6	-0.0087956007310358	-8.103386953503284e-05
SLC17A7	-0.3519954974324153	-0.004412615555812759
SLC17A8	-0.2644519933564229	-0.00311392222177188
SLC17A9	0.1396317558453728	0.0010849387429185467
SLC18A1	0.7120110155461735	0.005740232807333251
SLC18A2	-0.4385762760968829	-0.002052098395857315
SLC18A3	0.4270145638601984	0.006745549065299554
SLC18B1	-0.6897945959012093	-0.005063782128510778
SLC19A1	-0.2525277981346837	-0.002005070717189388
SLC19A2	-0.3264506980319531	-0.0010609647686038474
SLC19A3	-1.0775988402551937	-0.006406325105317127
SLC1A1	0.8338018466882368	0.009904732136809565
SLC1A2	0.1658810583414073	0.001306147453380241
SLC1A3	0.1388930340502006	0.0020160323892386618
SLC1A4	-0.0636739005202604	-0.0004296078068101969
SLC1A5	0.906261078019938	0.005320658789055056
SLC1A6	0.445328009010244	0.0031328825433870663
SLC1A7	0.1179768416761146	0.0006625579428530595
SLC20A1	-0.3611807630320349	-0.000828187489632456
SLC20A2	-0.0272822080890944	-6.635033007267759e-05
SLC22A1	-0.2626025612127398	-0.006560599786777878
SLC22A10	0.2520833959277679	0.0061152911018117215
SLC22A11	0.0142381204000334	0.0006847396862784064
SLC22A12	-0.7320846266746943	-0.01731672975936322
SLC22A13	-0.1914986399184684	-0.004767933136690027
SLC22A14	-0.3896678267853783	-0.010095514056355582
SLC22A15	0.5959582114559177	0.014942460235834225
SLC22A16	0.2536097842431841	0.006500779599505538
SLC22A17	-0.3208198323155046	-0.007771860437843099
SLC22A2	-0.0161143999854574	-0.0003955924052429938
SLC22A23	0.7179055365775178	0.018763179103990005
SLC22A24	-0.2503271841455491	-0.006150038260087851
SLC22A25	-0.0665572697138831	-0.0017400067021300456
SLC22A3	-0.1221316574881401	-0.0029949125049241712
SLC22A4	-0.5722895149154094	-0.014775370696086039
SLC22A5	-0.3500577012835525	-0.0097967148281215
SLC22A6	-0.9526100704634486	-0.02428965157667701
SLC22A7	-0.229571710188859	-0.004958289796658976
SLC22A8	-0.3611656779637896	-0.01432599778211168
SLC22A9	-0.3425156969255187	-0.008965348367025451
SLC23A1	-0.235435791152493	-0.0008148432731787783
SLC23A2	-0.8834602991862214	-0.0031901751403614455
SLC23A3	1.240554354070758	0.006266040042411399
SLC24A1	0.2379473386324457	0.0024784594791955545
SLC24A2	-0.0122517995915934	-9.958262708047115e-05
SLC24A3	-0.5711588307381236	-0.0030528439502952704
SLC24A4	0.9692855982907528	0.006239291396197576
SLC24A5	-0.0230179721490455	-0.00011596454368689122
SLC25A1	-0.1550539922598819	-0.0007620903719573195
SLC25A10	0.8131378965347934	0.008887597209125292
SLC25A11	-0.1110958988793016	-0.0013675905152042028
SLC25A12	-1.3324663205850795	-0.01122469628460871
SLC25A13	-0.9808481116228204	-0.02174344093845468
SLC25A14	0.6732581179425956	0.0013673872375414115
SLC25A15	-0.2436238837644582	-0.0003715264227407988
SLC25A16	-0.0965846575062954	-0.00018930592871233898
SLC25A17	0.5311029035168034	0.00034149916696130464
SLC25A18	-0.0338759633130767	-0.00031176049037024485
SLC25A19	-0.5185014412363873	-0.0002628802307068483
SLC25A2	-0.175604842267759	-0.00017402439868734914
SLC25A20	0.0879015922510899	0.0002383891181849558
SLC25A21	0.8493624505286573	0.003444164736893705
SLC25A22	-0.7509634155253214	-0.004477994846777492
SLC25A23	-0.0648479007531434	-0.00010784205895247746
SLC25A24	0.5310605249054985	0.000541150674878703
SLC25A25	-0.2331742769105838	-0.0001653205623296039
SLC25A26	-0.0105216548427721	-1.397275763120135e-05
SLC25A27	0.592356189764809	0.0017344189236313608
SLC25A28	-0.5847089048561339	-0.0011986532549550747
SLC25A29	-1.232731540290765	-0.11090515848533926
SLC25A3	-0.1935771039888846	-0.0035382023067088327
SLC25A30	1.60676363851179	0.00295323156758467
SLC25A31	0.6887345994924274	0.1073489296152877
SLC25A32	-0.0665926277801454	-0.0005174913104795099
SLC25A33	0.2563462555969809	0.0008787549641864504
SLC25A34	0.3419423390619486	0.0026579178015285264
SLC25A35	0.4904558772495818	0.0005610815235735216
SLC25A36	0.4495489518899462	0.0017078364682299055
SLC25A37	-0.1147804182739878	-0.0003715442139528985
SLC25A38	-0.6145678928347538	-0.00044064517916251846
SLC25A39	-0.677593050476563	-0.0004987084851507504
SLC25A4	-0.0024304322809834	-0.00012470791076953924
SLC25A40	-0.0936268857149694	-4.812421925749427e-05
SLC25A41	0.2320011936791064	0.00010695255028606804
SLC25A42	-0.0273708868034197	-8.301589967477195e-05
SLC25A43	-0.4028482500941586	-0.0006038695268911437
SLC25A44	-0.3498234286097581	-0.0008626645749516635
SLC25A45	0.1781651240297123	0.001785392707901747
SLC25A46	-0.1171027848120776	-0.0004185253529183653
SLC25A47	-0.4865325150151252	-0.00031186734212469523
SLC25A48	-0.3631516382333698	-0.0002382274746810906
SLC25A5	-0.5031858126955348	-0.012771862297838062
SLC25A51	0.2179731905148555	9.961374806528896e-05
SLC25A52	-0.3264092144828154	-0.0001570028321662342
SLC25A53	-0.6584714911688476	-0.000743414313529629
SLC25A6	-0.4571582737609236	-0.010417722742463926
SLC26A11	0.5386267339916353	0.0031342689650973262
SLC26A2	-0.6676257955540748	-0.008327296547945975
SLC26A3	0.2505217586296885	0.006190392655739603
SLC26A4	-0.0799995618971873	-0.001987029118402338
SLC26A5	0.9572562236868364	0.023722723735407177
SLC26A6	-0.5178962619823875	-0.013037520499144622
SLC26A7	0.913272675254402	0.006616660532218143
SLC26A8	-0.0610723817317742	-0.00044839342667468614
SLC26A9	-0.1066487438717031	-0.001840117426762365
SLC27A1	-0.236525121043514	-0.0020005294737860417
SLC27A2	-0.2749642692366091	-0.0028183837596752435
SLC27A3	0.4602556856950591	0.007046514547991355
SLC27A4	-0.5903563328369603	-0.004633706856437302
SLC27A5	0.4217037298832131	0.002264549029472854
SLC27A6	0.1282753666539533	0.0006122583250393192
SLC28A2	0.2925802461677859	0.0017864949831005008
SLC28A3	-0.7687975571055257	-0.004643537244917375
SLC29A1	-0.0167758735878046	-0.00011296873274027619
SLC29A2	-1.1490314389413048	-0.008927974280573937
SLC29A3	-0.3893230244026351	-0.001989829977721868
SLC29A4	-0.3050681408674555	-0.001154072776901584
SLC2A1	-0.8115871439251613	-0.022142532047710176
SLC2A10	-0.8085101863753008	-0.008039016783129616
SLC2A11	-0.3548988300864014	-0.0035688626353488524
SLC2A12	0.8784679333300633	0.006142247789843803
SLC2A13	0.4588399271559485	0.004373662185650501
SLC2A14	-0.6864207820121868	-0.006928731373631014
SLC2A2	-1.1746913053297368	-0.03198214547890741
SLC2A3	-0.1743592012919496	-0.0014677557564756318
SLC2A4	1.3455202735852232	0.07375873035739476
SLC2A4RG	0.16275385124199	0.0005014446156765711
SLC2A5	-0.1776299702027751	-0.0044531833529835715
SLC2A6	0.0632575941490004	0.0014709288367467062
SLC2A7	-0.6552764042018162	-0.005660277579495289
SLC2A8	1.2582156369663469	0.043319106165114356
SLC2A9	-0.4410514894208317	-0.007654448598898534
SLC30A1	-1.3909371415267846	-0.00856956372894652
SLC30A10	-0.059345462921942	-0.0005096588355736379
SLC30A2	-0.3731648242594296	-0.0008844006334948482
SLC30A3	-0.9844112869806164	-0.005577674352032173
SLC30A4	-0.7668508235100634	-0.006558875093481572
SLC30A5	-0.8676271223735148	-0.009228082073564703
SLC30A6	-0.3012405871738284	-0.04977669338401623
SLC30A7	0.2017831403800121	0.004953170746908157
SLC30A8	-0.3092258880623934	-0.0012619508491826274
SLC30A9	-0.0349595778562525	-0.0009181783528166156
SLC31A1	-0.4018603868963349	-0.00039060829606323754
SLC31A2	0.6066994485874099	0.001096912603046037
SLC32A1	0.0560284828760196	0.000548630904321984
SLC33A1	0.085918531492652	0.00048569745852796174
SLC33A2	-0.7437732713827353	-0.004627013521271996
SLC34A1	-1.0190530769680872	-0.08617826155996024
SLC34A2	-0.1593708834034287	-0.0010618881961170453
SLC34A3	-0.019923702274542	-0.0001180678596789359
SLC35A1	0.3227441149462482	0.0008178335872737929
SLC35A2	0.4352574456576411	0.002282054787583012
SLC35A3	0.4001767965781766	0.0021469485136419177
SLC35A4	-0.5485155236943965	-0.002684434972960376
SLC35A5	0.448660626991992	0.0024317405982965967
SLC35B1	-0.7339562295165175	-0.0009145094619775807
SLC35B2	0.7636644641648976	0.005512893766806396
SLC35B3	-0.1117149217628164	-0.00028241532221639983
SLC35B4	0.9120313166790954	0.006468126097888145
SLC35C1	0.7115945437156345	0.006590077069350491
SLC35D1	-0.6500108209508063	-0.0022808879707163793
SLC35D2	-0.013979622008689	-8.983305102783551e-05
SLC35D3	0.1561568083782396	0.000503761863828201
SLC35D4	0.2411682545458601	0.0005216469345826954
SLC35E1	0.969471959730346	0.010013675872054742
SLC35E3	0.2476569464995624	0.00034226190006239523
SLC35E4	0.0906971584987305	0.0005988733375671176
SLC35F1	-0.3295503128768215	-0.0011455168875598315
SLC35F2	-0.5756941631878405	-0.002509450857335797
SLC35F3	0.4896594873610043	0.0028933979108161745
SLC35F4	1.0150551019022889	0.0012840447039063954
SLC35F5	0.603007051695463	0.01592360721412209
SLC35F6	-0.2100454711421188	-0.0010701816754690953
SLC35G1	0.7364994978704524	0.003593381050109937
SLC35G2	-0.5125877375287888	-0.0004423632174873448
SLC35G3	-0.9899123761592152	-0.0011997737999049688
SLC35G5	-0.2599603748784537	-0.00019782984528250326
SLC35H1	0.0942312833587986	0.0003441326468263325
SLC36A1	0.3136250906745795	0.0006197231791729691
SLC36A2	-0.3098110776494242	-0.000335215586016677
SLC36A3	-0.5480232347280248	-0.0013656739009422379
SLC36A4	-0.8775428994864817	-0.0030968488922877937
SLC37A1	-0.2970696176446947	-0.002527765376538707
SLC37A2	0.1372156296142415	0.0010343314160321524
SLC37A3	-0.1383418026773872	-0.005123211978551681
SLC37A4	-1.0537170848257753	-0.008102030665225387
SLC38A1	0.0156338252973208	5.797022420246553e-05
SLC38A10	-0.8242155856568727	-0.010346378246750722
SLC38A11	-0.3440661050689713	-0.0014450776412896793
SLC38A12	0.2212204540717446	0.008695069947289922
SLC38A2	1.0232214750155078	0.07563141532577125
SLC38A3	-0.5313761186376764	-0.015278126163070472
SLC38A4	-0.3763477275681516	-0.011593015400009343
SLC38A5	-0.4179297784888707	-0.00286072933375632
SLC38A6	-0.2882168704567032	-0.0009655265160299557
SLC38A7	-0.12391542330241	-0.00031970179212021776
SLC38A8	-0.1245860608287536	-0.00027035175199839536
SLC38A9	-0.5327914540147296	-0.012134858156639483
SLC39A1	-0.7011461713315532	-0.025967649601435404
SLC39A10	-0.0351517066926779	-0.0002818112325551987
SLC39A11	-0.8058281541905303	-0.008897954478571836
SLC39A12	-1.2197376633604962	-0.006817113800521813
SLC39A13	-0.4456607944275693	-0.002338382188361456
SLC39A14	0.7117083543475533	0.004717914680969931
SLC39A2	-0.6897881169502276	-0.05095257883476246
SLC39A3	-0.4402489835690529	-0.011424901372600492
SLC39A4	-0.1707776276426448	-0.0013407751546224045
SLC39A5	0.5065809329762032	0.0035334020075090174
SLC39A6	0.3465333827362187	0.0021336060375068988
SLC39A7	-0.9431100268603788	-0.04852866954212765
SLC39A8	0.4655636115692872	0.0047026580404613706
SLC39A9	-0.3324350061656372	-0.004127845471558717
SLC3A1	0.7727295292383208	0.005677243851313943
SLC3A2	-0.930975289514703	-0.025490103426912568
SLC40A1	0.1401383863373171	0.0034371742016953764
SLC41A1	-0.0525873349305145	-0.00032888119265543766
SLC41A2	0.1020394353632181	0.0001521407981265582
SLC41A3	0.9635314151298688	0.005202106110286162
SLC43A1	-1.0129219454397766	-0.05457218273251341
SLC43A2	-0.6608595395676973	-0.016509593017480215
SLC43A3	0.326483466482787	0.00035194917686844437
SLC44A1	-0.4254033994728619	-0.0024384122857784444
SLC44A2	-0.1878741086781028	-0.0010380044504465181
SLC44A3	0.6803307748415577	0.004500388075576904
SLC44A4	0.5776849023192887	0.0028410543496062615
SLC44A5	-0.4954165679624984	-0.0034228330680529015
SLC45A1	0.3987487486327284	0.003991474973813611
SLC45A2	-0.4768987212420003	-0.004498108738754546
SLC45A3	-0.3937558867684931	-0.0023058344729162956
SLC45A4	0.1107113983199182	0.0005555497967693495
SLC46A1	-0.8251022168312905	-0.0068541241152175305
SLC46A2	-0.1911219429771757	-0.0021644560042165147
SLC46A3	0.1204228512690663	0.001197484833019595
SLC47A1	0.6297281375468438	0.0033753428172510827
SLC47A2	-0.6252323410482911	-0.0030730169562523508
SLC48A1	-0.1073909377148496	-0.00046833187937445915
SLC49A3	0.1675592658585225	0.0012967411584791056
SLC49A4	0.3063930664401081	0.0024799454797662353
SLC4A1	0.818124143080498	0.02083025880697256
SLC4A10	-0.1922215037903178	-0.005659769957602118
SLC4A11	0.6072411639790343	0.003682917659532843
SLC4A1AP	-0.4630105571855574	-0.23838468945144173
SLC4A2	1.1995517995737666	0.030593369096329343
SLC4A3	0.0561456065037834	0.0014893745037258621
SLC4A4	-0.0312136153135947	-0.0009367830227916042
SLC4A5	0.3771676231351659	0.009922148661816808
SLC4A7	0.5105162170070153	0.03191543182241057
SLC4A8	0.0761438821766528	0.0022888089543480063
SLC4A9	-0.0755733064171824	-0.00048140196187745194
SLC50A1	-0.2330627949550039	-0.0019246325607384222
SLC51A	0.6827923137475801	0.004970045251768636
SLC51B	0.4906740021619882	0.0030559176854648624
SLC52A1	-0.1568288513707635	-0.0009146258611942927
SLC52A2	-0.568552170296639	-0.003272017740057157
SLC52A3	0.2567490551423628	0.0012388141910619006
SLC5A1	-0.0534120602538862	-0.0003126207886659959
SLC5A10	0.6384319109376225	0.0039570009839913845
SLC5A11	-0.3791139124644015	-0.0021306201880499365
SLC5A12	-0.1103425182095786	-0.0005935324054493233
SLC5A2	-0.4152316981693253	-0.0023834299474919276
SLC5A3	1.3669731690745337	0.007347480783775618
SLC5A4	0.7148962418125714	0.004190721769505293
SLC5A5	-0.2221396320309386	-0.0012046632245037798
SLC5A6	0.0145892422269145	8.57117980831227e-05
SLC5A7	0.6487495106050006	0.0012164053323843761
SLC5A8	-0.096517410133718	-0.0005439721235136347
SLC5A9	0.7067811200460973	0.0036321481759168943
SLC60A1	-0.7274360047992301	-0.004180574719581175
SLC60A2	-0.0675730915265681	-0.0003776660085419891
SLC61A1	-0.1973870836001426	-0.0008319865573746011
SLC66A1	-0.5902255542179823	-0.0033648758845967173
SLC66A2	-0.626663247280913	-0.00426883004047758
SLC66A3	-0.3187198420178264	-0.003167119070131141
SLC67A1	-2.09780847711598	-0.013732254291201205
SLC67A2	0.0139050684075955	4.863992928976906e-05
SLC68A1	-0.4064215962822621	-0.0025482634086897837
SLC6A1	-0.1007063543789446	-0.0008764474021599549
SLC6A11	1.1896588801553831	0.008678561530733521
SLC6A12	0.1254124132903113	0.0009344478914261095
SLC6A13	-1.486344354302264	-0.01333250885809131
SLC6A14	0.5094596104818799	0.006726904696802743
SLC6A15	0.488700787609674	0.012435968942303375
SLC6A16	-0.0122466905249105	-8.773529092045882e-05
SLC6A17	0.90603663055584	0.009527881206925213
SLC6A18	-0.5093131041019229	-0.003329889074618372
SLC6A19	0.3839094625979732	0.0036087489484209483
SLC6A2	-0.4316466695435781	-0.006479016509849108
SLC6A20	0.3568856621690992	0.0057990351245856935
SLC6A3	0.1249532697781644	0.003965267063140269
SLC6A4	-0.6557859665034022	-0.01602150694764462
SLC6A5	0.67784829511779	0.011033336699632268
SLC6A6	0.486642220560559	0.006991102140572991
SLC6A7	-0.3218502841774858	-0.0018841115635750017
SLC6A8	0.2026588964317776	0.0017183447828450424
SLC6A9	0.2183616996626721	0.003905398998466891
SLC71A1	-0.3630455781118242	-0.003740095545708013
SLC71A2	0.8342304112338018	0.005476722649749908
SLC75A1	0.6728920526949057	0.0038792226837861313
SLC7A1	-0.0672253631628806	-0.0004403261287168679
SLC7A10	-0.8135779011891662	-0.011386022727142382
SLC7A11	-0.3381837620252125	-0.009601713371419834
SLC7A13	0.6181228340724307	0.001146617857204359
SLC7A14	0.3330175279687981	0.0019138517332366826
SLC7A2	0.0529397575014171	0.000322509002698633
SLC7A3	0.0854237285028796	0.0004953722015881988
SLC7A4	-0.4423587937765569	-0.002572758744604455
SLC7A5	-0.876060378770311	-0.02527434192752347
SLC7A6	-0.9451856475052872	-0.0054480500722204755
SLC7A6OS	0.5699919449321069	0.0021021302929096104
SLC7A7	-0.5497752619392533	-0.00382863492414496
SLC7A8	0.1732615280678482	0.004004420436704108
SLC7A9	-0.0242959081905118	-0.001765194913673444
SLC8A1	0.3671298453204636	0.002489874610963384
SLC8A2	1.319254111860734	0.009484117810166816
SLC8A3	0.7850127821311355	0.009164239218598876
SLC8B1	0.9657030140206448	0.005243767366132101
SLC9A1	0.0727064755460956	0.0011786446750777558
SLC9A2	-0.033048032218228	-0.0008535645761323929
SLC9A3	-0.6887942130229281	-0.006837660152678607
SLC9A4	-0.110531096434749	-0.002626660975675375
SLC9A5	0.5535282312232762	0.014231210824750432
SLC9A6	-0.0951795217548993	-0.0006260908941037275
SLC9A7	0.4845746612564461	0.004916979087769158
SLC9A8	1.4568402964981175	0.01271530210783557
SLC9A9	-0.3072530162218939	-0.0026156449270969824
SLC9B1	-0.2061990890749055	-0.000805413641926581
SLC9B2	0.5913395786327821	0.0023210078461336696
SLC9C1	-0.2904975910687428	-0.002013729301288525
SLC9C2	-0.4384662246397101	-0.002712790531845886
SLC9D1	0.3917207644414939	0.011711275694507342
SLCO1A2	-0.2055454369556857	-0.0049559060304385375
SLCO1B1	-0.7247095484386925	-0.006517312969109161
SLCO1B3	-1.0158783440432702	-0.010961327332226885
SLCO1C1	0.550177451560555	0.012909913900868422
SLCO2A1	-0.0496845617359855	-0.0007211714135978295
SLCO2B1	0.266372087651745	0.0026844978993542865
SLCO3A1	0.6863293353773058	0.018235084111639637
SLCO4A1	-0.2821537083472226	-0.007081211618390246
SLCO4C1	-0.6485153536144211	-0.006177108743177361
SLCO5A1	-0.5869164513279509	-0.005657874590801446
SLCO6A1	0.3323924890414464	0.002509230899773879
SLF1	0.3036257430226685	0.014511488762025418
SLF2	-0.7968036260941416	-0.01054489918772987
SLFN11	0.7870904799648168	0.025649704561093452
SLFN12	0.1434254961430016	7.286015204064481e-05
SLFN13	0.4595875289838186	0.013586326531819647
SLFN5	-0.2311938052103486	-0.0021753025132241702
SLFNL1	0.4515965188888968	0.00042314593819889627
SLIRP	-0.5814306554326665	-0.00035409126915849384
SLIT1	-1.1653162547491855	-0.09964153167858386
SLIT2	0.0919835575293563	0.007419945651663056
SLIT3	-0.59319970323563	-0.029352707715505442
SLITRK1	0.1611021987271874	0.00649709057246874
SLITRK2	0.1220842261454787	0.005803884110956057
SLITRK3	0.1246466720714137	0.006691656590153844
SLITRK4	-0.1719983243656835	-0.007667341303573438
SLITRK5	0.8502436829645872	0.04668518014421955
SLITRK6	-0.8399040774497313	-0.04625267764107925
SLK	-0.6733497768449832	-0.05655868785587121
SLMAP	-0.4908523121245177	-0.023032263041818744
SLN	0.4287795139302683	0.0006397390347839604
SLPI	-0.3718468731710287	-0.016863999392052496
SLTM	-0.0286941812618481	-1.979898507067519e-05
SLU7	-1.433712959282019	-0.0007885421276051105
SLURP1	-0.821016352011473	-0.02388254466366174
SLX1A	-0.1675622416170025	-0.0049089034304117055
SLX1B	-0.4753539661733645	-0.013925969793014886
SLX4	-0.9314337941445084	-0.02072440191971531
SLX4IP	0.2348868046058767	0.0007312026227380941
SLX9	0.1577133695792122	7.11287296802247e-05
SMAD1	-0.0963072106142145	-0.0020279409339035146
SMAD2	-0.3935886654421864	-0.012528320809690234
SMAD3	-1.506954305121195	-0.03187208355331327
SMAD4	-0.8535566609671794	-0.00509914749261793
SMAD5	0.3497980933455423	0.009000304941780803
SMAD6	-0.2136715087347682	-0.0026407661764530003
SMAD7	-0.1597558345892029	-0.005458058088740117
SMAD9	0.4518024507462952	0.009063157161970682
SMAGP	-0.5427558833056247	-0.0027072663459284563
SMAP1	-0.0677097394526216	-0.0026949830496932445
SMAP2	-0.5339496664323834	-0.01596669687532756
SMARCA1	-0.5483104742243647	-0.0015670713353332344
SMARCA2	-0.2934160644121182	-0.007493846285085499
SMARCA4	-1.874718483737963	-0.031609628354305794
SMARCA5	0.4621022225628036	0.0059551113421668495
SMARCAD1	-0.0710880523660431	-0.004885526398856311
SMARCAL1	0.5886052147695411	0.06125437888542184
SMARCB1	-0.794691703754536	-0.024469352250305918
SMARCC1	-0.9669144341167916	-0.01010812349425694
SMARCC2	0.1532025877354214	0.0033925181028131714
SMARCD1	0.5519049738373503	0.012846692076012002
SMARCD2	-0.3324357288594813	-0.04976862053182409
SMARCD3	1.1726559881539935	0.03424272751008477
SMARCE1	-0.5831855412083184	-0.01230171580624827
SMC1A	-0.1770394828463509	-0.01944123672980633
SMC1B	0.7521528794414307	0.06668737859703613
SMC2	-0.6187408883772727	-0.11197230108785829
SMC3	-0.0436544710753487	-0.0018248878543628017
SMC4	-0.3530562951390278	-0.0002909183871945589
SMC5	-0.0246665163462173	-0.0018085243119883062
SMC6	-0.3234454100688564	-0.035573173090192964
SMCO1	0.1545263224199153	0.0015182211177756678
SMCO3	-0.313900700348924	-0.0010798184092002984
SMCO4	-0.3326502889362085	-0.005536964059343191
SMCP	0.0790145907872812	4.108758720938622e-05
SMCR8	-0.4674501484826348	-0.008439344980705489
SMDT1	0.3263579763629485	0.02868653976432681
SMG1	-1.1174067131667689	-0.0833875933767833
SMG5	0.0183427038047523	0.0005540963965339575
SMG6	-0.1850263694974362	-0.005661991932991045
SMG7	0.2892347144858603	0.008314919572039512
SMG8	-0.9411137733548915	-0.026369066815630705
SMG9	0.70574417386153	0.029209339867781004
SMIM11	0.6549533354736438	0.01075040404846439
SMIM12	1.0970674773324702	0.0036356816198798063
SMIM13	1.4321594986815238	0.004399593979949642
SMIM14	0.3634597342391336	0.007468734078879957
SMIM15	0.0149240466224325	0.0012950938418480698
SMIM19	-0.0701510494739273	-0.0004943544456427657
SMIM21	0.797058205401355	0.0006296759822670704
SMIM29	-0.7163447303636147	-0.004075285171038604
SMIM3	-0.6818752167202959	-0.0036732617924722342
SMIM43	-0.4385737748983351	-0.0005350600053759688
SMIM7	-0.0501180687377405	-0.0012292959899992992
SMIM8	0.208307388560429	0.005796986316248178
SMN1	-0.0905634587530015	-5.3160750288011874e-05
SMN2	0.2247555911034122	0.00013193153197770294
SMNDC1	-0.3660401471353353	-0.00021157120504422379
SMO	0.5225122765601606	0.006290002785231214
SMOC1	-0.3026758247947724	-0.008112014780324694
SMOC2	0.4930152864360614	0.011896458861702161
SMOX	-0.2271355758530064	-0.0054031010783913164
SMPD1	-0.9332982697069796	-0.03201586384402823
SMPD2	-0.6342596913274332	-0.0037085164151915016
SMPD3	-0.0051724763489095	-0.0002955242637185953
SMPD4	-1.0774477399081317	-0.029887322857311664
SMPDL3A	-0.8563396947475604	-0.005109778958558693
SMPDL3B	-0.050540380005212	-0.00041554300440285307
SMPX	-0.5098452370997537	-0.002103621448273584
SMR3B	-0.5435053739251021	-0.002782204009122598
SMS	0.8038945517116434	0.005538833461293223
SMTN	0.1749407420530613	0.0022644329651348256
SMTNL2	-0.6243177418301625	-0.003890123849343743
SMU1	-1.2531259902428853	-0.0009924757842723652
SMUG1	-0.6221478369978563	-0.0007988378227052474
SMURF1	-0.718400214274266	-0.05232539800688044
SMURF2	0.4083279906579131	0.01091011558238878
SMYD1	0.0679501057725074	0.0005872927641917815
SMYD2	0.581532486031749	0.0006228212925400031
SMYD3	-1.136820211595071	-0.010140436287428034
SMYD4	-0.1724187068344655	-0.004985831745532239
SMYD5	-0.0533915858029045	-3.454435601447921e-05
SNAI1	-0.8434674118834565	-0.024964948456926546
SNAI2	0.2285885452843429	0.006534203566952941
SNAI3	0.0716323919701974	0.0007547188817979998
SNAP23	-0.0741208137816372	-0.004268914148939613
SNAP25	0.5572646229117465	0.0300538383782534
SNAP29	1.0080573434531184	0.09068584667438598
SNAP47	-0.7837627523621745	-0.045189409012945894
SNAP91	-0.2166187065386323	-0.006792079543518816
SNAPC1	-0.0350167123041425	-0.0006219668439461791
SNAPC2	-0.1878937448978062	-0.01127982518745
SNAPC3	0.0136400116895394	0.0004188438389506864
SNAPC4	0.4786328661004081	0.014692593090684228
SNAPC5	-0.3235319196472929	-0.001037243334389221
SNAPIN	-0.7504634480472777	-0.7011399883878184
SNCA	0.4078290050300734	0.028919970404692567
SNCAIP	1.1688319307701778	0.005665328368443051
SNCB	0.4084926266129088	0.010066892290248524
SNCG	-0.0099290969817084	-7.390226883485562e-05
SND1	0.2086873265451443	0.00018030585013500467
SNED1	0.0919210928131963	0.001808455580006824
SNF8	0.0263144357470191	0.004947640209154531
SNIP1	-1.076028891443484	-0.0005498507635276202
SNN	-0.446662921145512	-0.00266523765047527
SNPH	-0.7431834582377478	-0.0029994884374475498
SNRK	0.2298850426012468	0.002477011334028434
SNRNP200	-2.7269331883979095	-0.0340403069907711
SNRNP25	-0.4450389209823276	-0.00022964008322688104
SNRNP27	0.2744702019732701	0.00012845205452349041
SNRNP35	-0.128173245706128	-7.613490794944004e-05
SNRNP40	0.2998865776555953	0.00027529587828783645
SNRNP48	0.2289108183918836	0.0022135676138495142
SNRNP70	0.5877053889082251	0.011300986923316261
SNRPA	-0.5742907093546133	-0.0005076729870694783
SNRPA1	-2.098785344778568	-0.0009171691956682341
SNRPB	-1.0095874919673151	-0.000589599095308912
SNRPB2	-0.4592978982990541	-0.000348147806910683
SNRPC	-1.1288214801696972	-0.0005700548474856971
SNRPD1	-1.3944894200835205	-0.353812644642431
SNRPD2	-2.4498857999466397	-0.005938523179070654
SNRPD3	-1.8734552072225064	-0.5191531724734287
SNRPE	-0.6188909014832913	-0.0019297018308249024
SNRPF	-1.8449753371518924	-0.0007287652581749975
SNRPG	0.6819821978039868	0.0011600517184645817
SNRPN	0.1326116445010464	7.280379283107447e-05
SNTA1	-0.8929722536983213	-0.02170815548740619
SNTB1	-0.4602077542846244	-0.011152214509579303
SNTB2	-0.6408510449831799	-0.015284938273893824
SNTG1	0.1701221966779616	0.005946111018288114
SNTG2	0.2495415743338925	0.007233212073642209
SNTN	-0.0927853062986824	-0.0003956365460575818
SNU13	-2.6224306295696467	-0.0014895405975955593
SNUPN	0.4867183564625554	0.0007695017215673001
SNURF	0.6342479434011883	0.00026384714445489433
SNW1	-0.2549360816621994	-0.006453451971196915
SNX1	-0.1253979335967885	-0.017015872599416216
SNX10	0.0508853679273883	0.004272844344862796
SNX11	-0.0012911172692903	-2.2936698288942177e-05
SNX12	0.5754456657626805	0.018165668776796297
SNX13	-0.229236783851508	-0.011023538461851317
SNX14	0.2092199370353314	0.005513573000692089
SNX15	0.2993886881648062	0.007776920563769005
SNX16	-0.0048290472219323	-0.00043939983577084195
SNX17	0.8019936011146311	0.010316845684738615
SNX18	-1.493884971154932	-0.1679813894664875
SNX19	-0.1740247306784964	-0.003349105941907663
SNX2	0.0192717763819037	0.0026167603406876483
SNX20	0.3714507470480322	0.027715426040241877
SNX21	1.1303200264498452	0.008713637083901856
SNX22	-0.3569557664366228	-0.003551709876044397
SNX24	1.0232224441058453	0.02362518301195986
SNX25	0.2540814328854907	0.00784222342601067
SNX27	0.0030032239591652	0.00012380790771658536
SNX29	-0.1710211410583963	-0.004913095340325609
SNX3	0.4272062281316525	0.03208276052645897
SNX31	0.5321568910343712	0.0032046487978089834
SNX32	0.4768310730856906	0.08955507432944282
SNX33	0.9111255827279834	0.03382007050528001
SNX4	-0.7757328808504681	-0.05036600875497834
SNX5	1.2654292318970597	0.2671017405519038
SNX6	-1.16878145642785	-0.110868271393833
SNX7	-0.3661591055625238	-0.03322674187516566
SNX8	-0.2470911655785428	-0.007387778759632851
SNX9	-0.574859918098704	-0.0538022894546939
SOAT1	0.2896175988741447	0.03372017703691667
SOAT2	-1.3461269900516726	-0.16867778861541488
SOBP	-0.5543842508191102	-0.015021041275943793
SOCS1	0.1052527232078069	0.009619888395747135
SOCS2	0.9563947724627412	0.014669183020033524
SOCS3	0.9731871130904814	0.04985442942939919
SOCS4	0.2366348366311136	0.006501778771276477
SOCS5	0.2995666723126911	0.013910378428839808
SOCS6	-0.1069458578603227	-0.003080682381524455
SOCS7	-0.1800030870699667	-0.014080741486048145
SOD1	-0.4185396597038815	-0.018637989586273548
SOD2	-0.8045012259756268	-0.06774061222959972
SOHLH1	0.5899781628362419	0.0032006315333866124
SOHLH2	0.8741296792163278	0.0007106674292028745
SON	-2.555045797544118	-0.03720913194963499
SORBS1	-0.0851686609277729	-0.004243784036709068
SORBS2	-0.3438623215093012	-0.018750812391902193
SORBS3	-0.4577156308354514	-0.02302767338733156
SORCS1	0.007087695641608	0.00014280997948275958
SORCS2	1.2027945983408033	0.016990676496162187
SORCS3	0.3836309536329007	0.007578629489017954
SORD	-0.2785825707463357	-0.0008106752808718368
SORL1	-0.4764520238291819	-0.0067575190539692865
SORT1	1.782130022482918	0.027692518419362065
SOS1	0.2485061368270003	0.010513300624603076
SOS2	-0.0470714262040525	-0.002034662397670169
SOST	0.2248875930444326	0.003438981072835463
SOSTDC1	-0.3226209582338053	-0.009098878885068011
SOWAHA	0.0426925213697755	0.00046470809511000633
SOWAHB	0.524088921817353	0.0005759737250772709
SOWAHC	0.0191401107307707	7.167971468673627e-05
SOX10	0.170414931572477	0.004550249087916708
SOX11	0.0689737973931883	0.0010023961975152056
SOX12	0.0147890205028935	4.333183007347795e-05
SOX13	0.5911882397094554	0.016614754288794536
SOX14	-0.3130382636263226	-0.004669591778513854
SOX15	0.0715951186835234	0.0005750519932660599
SOX17	0.5300330811298439	0.01273351474106337
SOX18	-0.126818721207801	-0.0020662574246387015
SOX2	-1.0075657399114868	-0.02945719197205223
SOX21	-0.1008719210233352	-0.0013669154017872153
SOX3	-0.4189110309071132	-0.004496591005756953
SOX30	-0.1349701114150076	-0.0015578250259520175
SOX4	-0.1356447906001502	-0.004119396645735961
SOX5	-0.183840596923489	-0.005355092747784311
SOX6	-0.6220223771461739	-0.01837951719991515
SOX7	0.4306739854265641	0.007100521997727763
SOX8	-0.1044592563359132	-0.002059309779406193
SOX9	-0.3421100758454399	-0.010151774390637584
SP1	-0.3616876127978561	-0.002477560147665314
SP100	-0.575694252537264	-0.008521426326056581
SP110	0.0567896875981813	0.0004856654083396465
SP140	0.7787367601753972	0.004550937626465021
SP140L	0.0150156926797167	0.00025627282696472493
SP2	0.5197777833517461	0.01414575237391777
SP3	-0.4654590310260992	-0.010388580113471508
SP4	-0.5759851567628009	-0.009613192266371147
SP5	0.5548261138189595	0.00897986065215986
SP6	-0.0127802364387831	-0.00022991645353370797
SP7	0.3240375689564786	0.009501429596941866
SP8	0.2831868390767169	0.0029791255470870614
SPA17	0.3314996432212744	0.001384342510092042
SPACA1	0.257495892055932	0.0026359854469765755
SPACA3	-0.0445346792020322	-0.0001804990548058365
SPACA4	0.3900989067492287	0.0018662331698883101
SPACA5	-0.6864766339986592	-0.004822498353840581
SPACA5B	-0.8796463484833026	-0.006179515598095201
SPACA7	-0.2566971443349312	-0.001481142522812553
SPACA9	0.616391328675455	0.011243594226368975
SPACDR	1.1202937698638071	0.006769935251286986
SPAG1	-0.3819849274033375	-0.015416147700143894
SPAG11A	-0.3221597276659154	-0.007860697355048336
SPAG16	-0.8322562989352117	-0.08234593498554665
SPAG17	-0.2716313865059194	-0.00020562495958498098
SPAG4	1.1477767164928585	0.06523848078873759
SPAG5	0.0338862332643435	0.0009107941776790245
SPAG6	0.008870788421476	0.002039465224404704
SPAG7	0.1354153422052117	0.00023562269543706837
SPAG8	0.0568668698355163	0.003961061818392887
SPAG9	0.4376816999049625	0.03824200084749619
SPAM1	1.073440816755416	0.006821716390480669
SPANXA1	-0.4463229236251104	-0.0033344785624031996
SPANXA2	-0.7969707485418329	-0.005954168462356034
SPANXB1	0.7420129437306702	0.00036803842009041244
SPANXC	-1.186121549050693	-0.0031882947238482625
SPANXN1	-0.2806355685233367	-0.0001737134169159454
SPANXN2	-0.3074125155504275	-0.0002068886229654377
SPANXN3	-0.2107163467585936	-0.00012642980805515616
SPANXN4	-0.1523068866302148	-0.0001069194344144108
SPANXN5	-0.2599021847446967	-0.00013644864699096575
SPARC	-0.6488385963687611	-0.020119836034798912
SPARCL1	0.2394897505518947	0.005884023681309501
SPART	-0.4237097593146722	-0.013141358185144558
SPAST	-0.1012560214370386	-0.0033057053318549996
SPATA1	-0.5497249377702396	-0.0032433771328444134
SPATA12	0.2960817205096032	0.0002265025161898464
SPATA13	1.1107619728130105	0.01977600616396284
SPATA16	0.36710085112894	0.0004603444673156907
SPATA17	0.0767155885086266	0.0005119231221180653
SPATA18	-0.5943331296659947	-0.006605418403107866
SPATA19	0.209269819138147	0.0005507981639716028
SPATA2	-0.6499057327902167	-0.001202325605661901
SPATA20	-0.4870685667451896	-0.0029521225830425944
SPATA21	0.1367760957297873	0.00045163466809975767
SPATA22	0.9512898924054564	0.020359506277261578
SPATA25	-0.6014955749318702	-0.0004673620617220632
SPATA2L	-0.388589902828851	-0.0015189979301579784
SPATA31A1	-0.6135211710332082	-0.0014841077127293308
SPATA31A3	-0.2987772989741615	-0.0004377087429971466
SPATA31A7	0.1001643076898147	0.00014674071076557852
SPATA31D1	-0.6943876263680846	-0.0005721754041273017
SPATA31E1	-0.3020280520286775	-0.0014316129666159315
SPATA31G1	0.6087340240154241	0.0008400529531412852
SPATA31H1	-0.285852521305973	-0.0034482389645139524
SPATA32	-0.6964851450362515	-0.001551072417995732
SPATA33	-0.4257671406113299	-0.0034155040019840884
SPATA4	0.135438728413735	0.00015345207929276175
SPATA45	-0.3440502580141013	-0.00017684183261924805
SPATA46	0.4697295790753212	0.0006998970728222286
SPATA6	-0.4280579362445631	-0.0013222709650594555
SPATA6L	-0.0378471730312552	-0.0012072869725240094
SPATA7	0.6976833898377561	0.02438333679143974
SPATA9	-0.9457333301254512	-0.004241613985612649
SPATC1	1.033173078463819	0.015702164446493118
SPATC1L	0.6192403835098299	0.00651626655567394
SPATS1	-0.2565174119360824	-0.0005568993013132349
SPATS2	-0.3971405272984498	-0.012783159292682502
SPATS2L	-0.0999461989874715	-0.0015854465545382603
SPC24	0.309725771716094	0.01396708367553726
SPC25	0.4528434329047635	0.09382915929786699
SPCS1	-0.2128259793306366	-0.07216928959101887
SPCS2	-0.4908899217358748	-0.046250666646110654
SPCS3	-0.9621112363694992	-0.08171787997227979
SPDEF	-0.4409980312928494	-0.011001136888631422
SPDL1	-0.677200327809708	-0.07217330213664744
SPDYA	0.4045951723586034	0.01232437354521542
SPDYC	-0.6697702188300725	-0.01711396863154601
SPDYE2	0.7980473402884233	0.004113934039186822
SPDYE3	0.0980848140806555	0.0005193590905570709
SPECC1	0.1740286376804644	0.006244495577250423
SPECC1L	0.7653239410072967	0.02690649379399353
SPEF1	-0.667512531714672	-0.005997600097456327
SPEF2	0.9891742580566696	0.015613126489166473
SPEG	-0.1215833072705702	-0.0008891387260696799
SPEM1	-0.0285567326147122	-1.9304351247545447e-05
SPEM2	0.1271374875501119	9.115757857343022e-05
SPEN	-0.8262623081175954	-0.0009460703427946466
SPESP1	-0.3458521847833831	-0.004259169655607363
SPG11	0.6720175692691679	0.008259095926318074
SPG21	-0.6050172796814312	-0.0023033007837472085
SPG7	-0.4456891250348809	-0.043648564460291056
SPHK1	0.078364949936765	0.0006190831045004435
SPHK2	-0.7291859449712808	-0.01732181212279277
SPHKAP	-0.94738718535996	-0.0033528032489888986
SPI1	-0.0606310921923843	-0.0017946196978023828
SPIB	0.7609818594785179	0.016320016958376295
SPIC	-0.0589799174077709	-0.00029436876778218455
SPICE1	0.3953198825999865	0.003744469927987072
SPIDR	-0.3829318287698156	-0.009384893259490639
SPIN1	-0.7931211487108702	-0.002860787983400109
SPIN2A	0.7826049814805455	0.0023634670440712473
SPIN2B	-0.0258186934353177	-7.838555326962453e-05
SPIN3	-1.6509832655557557	-0.0073864991300964505
SPIN4	0.8854001629334316	0.004377418405542886
SPINDOC	-0.0841501302290435	-0.0021603021432400047
SPINK1	0.0858037658153241	0.000613411121813752
SPINK13	-0.168454220319123	-0.0026346240057910837
SPINK14	-0.2731054259642187	-0.0026881767077658048
SPINK2	-0.4609165408569682	-0.00641088816677957
SPINK4	0.2622179071888373	0.002787376353417341
SPINK5	-0.6795541552166489	-0.011977821539848651
SPINK6	-0.5409733443317003	-0.004133577324038522
SPINK7	-0.0286745106964478	-0.0002839350049162261
SPINK8	-0.3571137939909817	-0.009681712068889506
SPINK9	-0.135862335918205	-0.0008890831262487336
SPINT1	0.0544904461663566	0.002223155713141183
SPINT2	-0.2618043724500882	-0.013257249812127567
SPINT3	0.6678949894075007	0.00969249208628165
SPINT4	-0.5001292760370276	-0.005267861664498013
SPIRE1	0.5149932980512262	0.007289730133915106
SPIRE2	3.909252143200405	0.032564070352859374
SPMAP1	0.7712612559130639	0.0008298771113624567
SPMAP2	0.0044635171571364	2.3540589486737376e-05
SPMIP10	0.3260171785676907	0.0001714850359266053
SPMIP2	-0.1086452835008813	-5.410535118343889e-05
SPMIP3	-0.0298660355154246	-0.00011910574963551331
SPMIP4	0.0777243636670944	0.00019874119789676037
SPMIP5	0.1899003478144662	0.0004160716620614954
SPMIP6	1.1784454061198937	0.0005703675765620285
SPMIP8	0.1453749130149273	0.003546130253173122
SPMIP9	-0.6614122593720774	-0.0029618040974681626
SPN	0.3976249913177361	0.0396658762588834
SPNS1	0.261808826112261	0.0018766456655726867
SPNS2	-0.2319075281710048	-0.0017958918981562612
SPNS3	-1.045694056634081	-0.006166457851971177
SPO11	0.1456722854395566	0.0013165861158027125
SPOCD1	0.0922725175990284	0.002268519845172113
SPOCK1	-0.955366522131058	-0.036414750357547404
SPOCK3	0.4613950861159916	0.015478882349019287
SPON1	0.54881102244611	0.009575105908617283
SPON2	0.9830306696823268	0.008342981293593907
SPOP	-0.3523837232189598	-0.033782675161278454
SPOPL	0.6962904067644016	0.01890358825324674
SPOUT1	0.7911471132743054	0.0007492163162707673
SPP1	0.2605811352762189	0.0066659260215009555
SPP2	0.2489405676045297	0.0011884422697440247
SPPL2A	-0.5922110646910952	-0.004525676956369349
SPPL2B	1.0841473109866966	0.008117010917357398
SPPL2C	0.0423646919827428	0.0002845636360480834
SPPL3	-0.2473526357659314	-0.002592255622826961
SPR	0.2778756716810963	0.0013643695479541827
SPRED1	0.2927042220153952	0.008382170805854872
SPRED2	0.2113756696338746	0.007192479910631852
SPRED3	-0.0822955584787964	-0.0018327220873227959
SPRING1	0.2253352163662874	0.006688625227400509
SPRN	-0.0108784658999497	-0.00014942660760170907
SPRR1A	-0.7993177872179502	-0.0032332404492966087
SPRR1B	-1.2249367138973315	-0.002860227226950269
SPRR2B	0.7336918232383621	0.0038687569839358834
SPRR2E	0.0248937670749407	0.00016170991091881478
SPRR2G	0.1113331210532103	0.00046926910523928145
SPRR3	0.0616891575680488	0.0023801527664480265
SPRR4	-0.2864387327399991	-0.002515218512189932
SPRTN	0.5182418818855627	0.01385519671221052
SPRY1	0.4983973411100253	0.01575633354185234
SPRY2	-0.2101645904561824	-0.005875781619973948
SPRY3	0.1030893680843489	0.0017441690186190992
SPRY4	0.493019435893442	0.017994716390674736
SPRYD3	0.3568291971316005	0.002458196339039596
SPRYD4	0.025063725229594	0.00015735006699139112
SPRYD7	-0.7207357029009303	-0.0032065531422062385
SPSB1	1.6316278121150998	0.03923249074230757
SPSB2	0.1206406951659622	0.002198314747314163
SPSB3	2.2242806608112846	0.006552730826750044
SPSB4	-0.3684386058227108	-0.006557470306432608
SPTA1	0.0619578828130526	0.00532323541764904
SPTAN1	0.4876966628925329	0.015009352497180592
SPTB	-0.0615101272011968	-0.004407569674728958
SPTBN1	0.7993690521742957	0.02948392812039672
SPTBN2	0.3927849185074048	0.02847847773146088
SPTBN4	1.0363305616349454	0.013322029369817223
SPTBN5	-0.1990301708077485	-0.0031377106427841555
SPTLC1	-0.2751503301348447	-0.00283514900170944
SPTLC2	0.2098363717308373	0.0042598881825077275
SPTLC3	0.7577314477941326	0.005662527109365553
SPTSSA	-1.2287840827560004	-0.0179599081535617
SPTSSB	0.0658020837134201	0.00043396474209000556
SPTY2D1	0.666561058258951	0.00036127609357635137
SPX	0.0376209326450267	0.0012591349946963987
SPZ1	1.0871699133299977	0.00478137327882533
SQLE	0.0157270186754465	0.0012652071984023201
SQOR	1.282271067536393	0.07081598424683237
SQSTM1	0.2511545636367505	0.008299904864503693
SRA1	0.4225127121291765	0.013310417970205449
SRARP	-0.8674369012530541	-0.0007668142207076998
SRBD1	-0.6757722232860033	-0.00037775667281687587
SRC	-0.6003528147728976	-0.027340667537572527
SRCAP	0.8600152550780535	0.0006819920972768965
SRCIN1	0.5023070394638119	0.011119068625570942
SRD5A1	-0.5047221004682265	-0.0027522496138532395
SRD5A2	1.1419872517179457	0.006983252044255237
SRD5A3	-0.1227362056367584	-0.00046185634181112185
SREBF1	-1.058165484000786	-0.03183490858616365
SREBF2	-0.2019035885964242	-0.01185234636137589
SREK1	-0.3356317240759903	-0.00019500203168815037
SREK1IP1	0.0941223118984922	9.016917479875552e-05
SRF	-0.7158603581173315	-0.021313310442227312
SRFBP1	-0.6495782621881019	-0.017854308114502167
SRGAP1	1.0191236498780345	0.0611321321379339
SRGAP2	0.4998767362895566	0.02215153769193541
SRGAP3	-0.3342716167492155	-0.03943201699820446
SRGN	0.3647490060905426	0.0064330782204189
SRI	0.9726122417836962	0.06814996716954182
SRM	0.1181774033108921	0.003298449503810309
SRMS	-0.9063390310218952	-0.09522722931140848
SRP14	-0.2107107918586056	-0.04670109706437391
SRP19	-0.6884196740390431	-0.0003889571158320593
SRP54	-1.2226514237552473	-0.3254050084781878
SRP68	-1.0891725939816987	-0.12657819300958312
SRP72	0.4850722900049778	0.00044529636222456965
SRPK1	0.603548873969339	0.0004502474599811269
SRPK2	0.8719718023106637	0.0013035978444544422
SRPK3	0.1709921950626683	0.00020878147017151802
SRPRA	-0.2965153349829629	-0.0003083759483822814
SRPRB	-0.5475287568140192	-0.0008990422186886196
SRPX	1.044363742705714	0.01338978754522996
SRPX2	-0.5885998249308239	-0.015179989484965947
SRR	-0.2061637116303995	-0.0005514879286113186
SRRD	-0.3721536742660198	-0.002032331215166734
SRRM1	0.7274731860745238	0.00038119594950305054
SRRM2	-0.0335779734075538	-0.00036788027665315943
SRRM3	0.3325277597158136	0.0012795668193864508
SRRM4	0.3089963753559522	0.00030096246959669746
SRRT	0.194038019559049	0.00012573663667426376
SRSF1	0.0477547981713393	0.0006380518583672644
SRSF10	-0.9703534315933724	-0.0005336943873763549
SRSF11	-0.8155546525612426	-0.0005725193660979924
SRSF12	-0.1110732565542485	-9.752231925463018e-05
SRSF2	-1.2859527996614122	-0.000776715490995493
SRSF3	-2.396407688483836	-0.0010400409368019848
SRSF4	-0.1922470690660113	-7.47841098666784e-05
SRSF5	0.1841918525117088	0.0001066470826042794
SRSF6	-0.7168506058379944	-0.010724085063336396
SRSF7	-1.033063884349275	-0.0011766597642738242
SRSF8	0.5230706615322732	0.00020765905262831247
SRSF9	-0.3635281155657607	-0.00019666871052107654
SRXN1	0.9293364640589584	0.0008354734811890036
SRY	-0.476275222181888	-0.000361492893636053
SS18	-0.1254203083506534	-0.0036981432120273662
SS18L1	1.0101701898591533	0.0009778447437836604
SS18L2	-0.7396912762118244	-0.01605425945890144
SSB	-0.271834395080875	-0.0002889599619709701
SSBP2	-0.6602004845876	-0.019152416057886274
SSBP3	0.3678341067710652	0.007750632463773115
SSBP4	0.2061598037170378	0.005892459509840374
SSC4D	-0.5111627816421087	-0.0022302032163045203
SSH1	-0.4876353605984472	-0.010201331743719516
SSH2	-0.2703283315207669	-0.0017803823913957709
SSH3	-0.541110642644224	-0.0028208097801043397
SSMEM1	0.5791920042983454	0.0005293814919286877
SSNA1	0.3260032659931827	0.04531738800244633
SSPN	0.0530059849094977	0.0004898283065486682
SSR1	1.5117342966620952	0.06676876868067476
SSR2	0.492847749197877	0.05700622060647084
SSR3	0.2562234814347885	0.033285992473193374
SSR4	-0.455083946099699	-0.000296259648910904
SSRP1	-0.3971319097206636	-0.03237061909324101
SST	0.1459833647195859	0.004806794250121805
SSTR1	0.0625966155832329	0.0020941697743370566
SSTR2	-0.803262050483891	-0.025239296888254336
SSTR3	-0.3678938964613487	-0.01103129848539354
SSTR4	-0.3608446331210762	-0.011925554280018447
SSTR5	1.5258934813153413	0.04541059000394456
SSU72	-0.4324469730640742	-0.00019546603182496155
SSUH2	0.4104671506102	0.00036942043554917997
SSX1	0.1431044610098573	0.00047038436333940095
SSX2IP	-0.1940741230736986	-0.003965904705011031
SSX4	-0.3613475666903046	-0.0049728652127919715
SSX4B	-0.3244756064491677	-0.004465433295953445
SSX5	-0.2104081902333805	-0.00358135780596237
ST13	0.7561976949288459	0.1029699277230711
ST14	0.6525529982387158	0.009514875267318715
ST18	1.0543824038030611	0.029461553127065138
ST3GAL1	-0.7164204460279631	-0.003542699105608277
ST3GAL2	0.100641797043378	0.0006102918572710442
ST3GAL3	0.026285602650986	0.0001851032138682434
ST3GAL4	-0.1520931131699194	-0.0008138502485722387
ST3GAL5	0.1822479168638564	0.0012110374075603259
ST3GAL6	-0.1311580353302294	-0.000676381988197993
ST6GAL1	0.7412346872736484	0.007254463884347197
ST6GAL2	0.2752668290408005	0.0023631657273152726
ST6GALNAC1	-0.0946665905111829	-0.0008103460147757255
ST6GALNAC2	-0.6954078767518828	-0.00314672064230227
ST6GALNAC3	0.1669608423998924	0.0010127844699977474
ST6GALNAC4	0.4491988632979959	0.003154274418078527
ST6GALNAC5	-0.1921255831300553	-0.0023858154913090268
ST6GALNAC6	-0.6758168871339154	-0.003973127479460288
ST7	-0.8721836706272732	-0.02073355021815154
ST7L	-0.0912690148981401	-0.000672926446843987
ST8SIA1	0.3439900998135412	0.0019339123411517285
ST8SIA2	-0.7315876314922019	-0.012268724580124225
ST8SIA3	-0.6279038349224451	-0.0034145410543082563
ST8SIA4	0.3386856033054493	0.0022593716596506523
ST8SIA5	-0.3283510830832696	-0.0018995110156367148
ST8SIA6	-0.5471790146024675	-0.0026888376777565253
STAB1	-0.4510171998597355	-0.004866926603686406
STAB2	-0.1978446763271615	-0.0025609014903787784
STAC	0.2974821209888471	0.006199527401407574
STAC2	-1.038515064292013	-0.00402943844945301
STAC3	-0.1344749021905085	-0.00338500223793948
STAG1	-0.1000979520166346	-0.005140630423766286
STAG2	0.6442842638487207	0.04972585948384427
STAG3	0.3559953310349083	0.014762414387355578
STAM	-0.26680955050896	-0.038224470253666154
STAM2	0.2973483163918688	0.0388250670196027
STAMBP	0.1502115966909451	0.005690916552233147
STAMBPL1	0.2335797676366495	0.008027202294601098
STAP1	-0.241419372808101	-0.00478131067846444
STAP2	-0.0787244480384797	-0.0027045784123619697
STAR	1.2171865466810596	0.011389214517294676
STARD10	0.0808965919012247	0.0005898170515518293
STARD13	1.2213369209706948	0.006306983859892668
STARD3	-0.9694135395220588	-0.024493202489564336
STARD3NL	0.4914625322264331	0.012551953073063102
STARD4	0.8911967142375625	0.0024374230134397335
STARD5	1.0155554542216976	0.0018899487003065792
STARD6	0.6028469846176842	0.0021232270798234834
STARD7	-0.4250698145925281	-0.003054976757476499
STARD8	0.0304671172694625	0.0003389771467400398
STAT1	0.0972997611142176	0.005129740705702666
STAT2	0.0439260226150785	0.0026919184439198555
STAT3	0.6897443557783748	0.04678673914115872
STAT4	-0.5853120261697586	-0.031124552303603087
STAT5A	0.3395622089345814	0.026577534093309686
STAT5B	0.4495796008483168	0.03009081226437869
STAT6	0.3197125871888639	0.03453247625485638
STATH	0.605569264747241	0.0009616439924186187
STAU1	-0.4906741608261116	-0.0017659363048131756
STAU2	-0.1600032280371792	-0.00047792964214705426
STBD1	0.9939539064941524	0.06189649161911035
STC1	0.4652381625291191	0.009571344717711568
STC2	0.1277887552881662	0.005420543421813433
STEAP1	0.2690025701798572	0.0008656502708387804
STEAP2	0.3671830215393196	0.03749856607470301
STEAP3	0.7417375967746787	0.18052483804061806
STEAP4	0.6090430564317266	0.10818370907091117
STEEP1	0.7206591700226821	0.0009303709884992827
STH	-0.5306481271471514	-0.0165604667520083
STIL	0.0145374301590674	4.176603684700064e-05
STIM1	1.806208747076695	0.09935773696794192
STIM2	0.4665193593478914	0.012853074869393756
STIMATE	0.07919572360628	0.0005709219714776725
STING1	-0.4070388402405979	-0.0071296923256543125
STIP1	0.6023329681049612	0.039821437187355195
STK10	0.3395213946230339	0.010909161930632702
STK11	-0.8385835104463841	-0.0675923466925099
STK11IP	-0.5455378216861122	-0.007206009086651856
STK16	-1.5059626161464863	-0.013930154199354998
STK17A	0.1593247610063015	0.00012889373165409792
STK17B	-0.0625135841420732	-3.144433282346282e-05
STK24	-0.2403279268095568	-0.009122367445837156
STK25	0.0993160506566578	0.006395258449934166
STK26	-0.3238669737283214	-0.013910086521631405
STK3	-0.5768119389931277	-0.08022646534679814
STK31	0.6216232619418789	0.027226477249792352
STK32A	0.3205814851679817	0.001540073454746984
STK32B	-0.1651582331109105	-0.002413622418682846
STK32C	-0.1084731068494719	-0.0006134154192337636
STK33	0.3609997339064896	0.0033128945580598547
STK35	0.0661884650288257	0.0009514591847893693
STK36	0.8913888842423423	0.007915533292072001
STK38	-0.3856336118866889	-0.010861756312400479
STK38L	-0.2224528254841569	-0.014282138754559325
STK39	-0.3516274856336818	-0.01540198712572653
STK4	0.6056543888904583	0.08570372995433319
STK40	0.3925623605168896	0.012272284514479
STKLD1	0.1196233644605249	8.995677007431472e-05
STMN1	-0.0286357711412992	-0.001088302482225076
STMN2	-0.0698484671204321	-0.0006983449742700802
STMN3	-1.1319210325728857	-0.006780206985111585
STMN4	-0.24729680259944	-0.0010643654383879898
STN1	0.201724832734034	0.050328328518814136
STOM	1.0667378794622118	0.03914394648686586
STOML1	-0.5238447161440118	-0.009024272925012893
STOML2	0.318839601941468	0.007705396660119457
STOML3	0.063848482929522	0.00041348277545158447
STON1	0.4823107588346217	0.0328935937525212
STON2	-0.38860791988074	-0.03014664799266829
STOX1	-0.1063534137058188	-0.0010370521370454391
STOX2	0.8116318543105276	0.006450038346205763
STPG1	-0.0216998515408784	-1.206511745672839e-05
STPG2	0.3808764482205881	0.00019462786504072048
STPG3	1.150476397674463	0.0007926782379977051
STPG4	0.2872527962451205	0.00019734267102039778
STRA6	1.0658769485224495	0.008771101409391238
STRA8	-0.3437057340349473	-0.002390129674479024
STRADA	0.1119937920459056	0.007814030858626924
STRADB	-0.1344463343755145	-0.010001731706863276
STRAP	1.3134108180614272	0.004635026776938777
STRBP	0.3415412957093426	0.0031356906359074743
STRC	0.9968624654375438	0.018837710009373267
STRIP1	-0.7000051342055047	-0.021155555165958764
STRIP2	-0.2944027363699236	-0.008816184343333732
STRN	-0.3497689414008966	-0.048841385208279804
STRN3	0.0927565894626448	0.011266122599543375
STRN4	-0.2929288308060609	-0.03023289169866274
STS	-1.2125581751490813	-0.005353444343283193
STT3A	-0.316427232678046	-0.003832250214963815
STT3B	0.4223186767597045	0.016152844748705177
STUB1	0.0762835792268186	0.007458626958902188
STUM	-0.487361395106191	-0.002276952437936124
STX10	-0.4130104152218415	-0.04617745549470843
STX11	-0.2441777850748946	-0.012954364031578383
STX12	0.8969986882577167	0.04740638067442033
STX16	-0.227282824279049	-0.009779298080254642
STX17	-0.4198370536355986	-0.02551223823827442
STX18	-0.536384378584676	-0.019307692091533997
STX19	-0.1800682600225166	-0.007705661051143553
STX1A	-0.9277303365026176	-0.05200114082164472
STX1B	0.3388450188099584	0.010279541335637707
STX2	-0.159094700984901	-0.0044874251359801175
STX3	0.5902642442131302	0.025314662641568515
STX4	0.8900344198756579	0.029404067129432106
STX5	-0.213925570384679	-0.013247768797212017
STX6	-0.0612810012722581	-0.0050765181453938605
STX7	-0.8420732917963842	-0.037464682825312935
STX8	-0.0231954257439754	-0.0007459648919262489
STXBP1	0.0225804795930161	0.001131846539599932
STXBP2	0.4618394878906199	0.026930322378389937
STXBP3	-0.2306789352314905	-0.020235156198506347
STXBP4	-0.0968890738400889	-0.003501861795802333
STXBP5	-0.0010158191075427	-7.253862665051666e-05
STXBP6	0.6193948614520581	0.02106128347395433
STYK1	-0.0706250162678591	-0.0021409973681601486
STYX	-0.3600674052836899	-0.0006297578918411736
STYXL1	-0.0559098509981075	-0.000342727386618399
STYXL2	-0.7593182906963547	-0.013061033918267998
SUB1	-0.0343138572695097	-0.0035160036989775813
SUCLA2	-0.7445572001243685	-0.25238329868335735
SUCLG1	-0.387057801108156	-0.01627578053659796
SUCLG2	0.2594037466139648	0.004403378598772053
SUCNR1	-0.3388692199801468	-0.002760428665958276
SUCO	-0.8045011035481975	-0.014832586846118117
SUDS3	-0.3501781717836764	-0.005878791147904359
SUFU	0.6140616989233989	0.05126309874952319
SUGCT	-0.6139623498674059	-0.007521038785875723
SUGP1	-0.6198228545027111	-0.00037995140981016194
SUGP2	1.1266161130881232	0.0011592879803676787
SUGT1	0.885454353580982	0.08113506787297897
SULF1	0.8510131070403242	0.024298977245322376
SULF2	-0.491992498411161	-0.012015440796197374
SULT1A3	0.0533743752246165	3.645469827841307e-05
SULT1A4	-0.0172908278334446	-1.1809635410242661e-05
SULT1B1	-0.5291063571052208	-0.00026878602940945217
SULT1C2	0.4655050696295639	0.0002620793542014445
SULT1C3	-0.1973846758134577	-0.0002617320801286449
SULT1C4	0.2382435250890398	0.0008755449547022212
SULT1E1	0.1446802794460702	7.682522838586328e-05
SULT2A1	0.1906451383806983	0.007420862011468681
SULT2B1	-0.6345973096035337	-0.00036235506378361773
SULT4A1	0.1200561244821591	7.983732278063581e-05
SULT6B1	0.294301724940226	0.00015568561249337953
SUMF1	0.338717045206493	0.007597423323981637
SUMF2	0.0960414366526536	0.0021799485291419314
SUMO1	0.5056886633035841	0.015145881154605646
SUMO2	1.186606455069391	1.063223115871276
SUMO3	-0.4849822439697523	-0.09754738862310011
SUMO4	0.1546521191464329	0.00380614330431286
SUN1	0.3726699378652114	0.01708020859223837
SUN2	-0.3815962493839153	-0.030517015255730473
SUN3	1.056116758234294	0.038918958657691974
SUN5	-0.0116900476835903	-1.7897463003576747e-05
SUOX	-0.0131376281704957	-9.859789941957023e-05
SUPT16H	-0.2705374233212525	-0.0001988450061411206
SUPT20H	0.2959774596303385	0.00556970383532371
SUPT20HL1	0.5551337819187019	0.0021405958630785144
SUPT3H	0.7832544138942765	0.03450940622176793
SUPT4H1	1.1622650434938273	0.0037680632710069884
SUPT5H	2.9792421234210247	0.001930548895976824
SUPT6H	1.3825789603506378	0.001378431223469586
SUPT7L	1.142132823667284	0.0008623102818687995
SUPV3L1	0.2081694979946621	0.0007329648024392053
SURF1	0.8523050806408459	0.006004489293114759
SURF2	-0.1808083813040161	-0.0010956987907023376
SURF4	0.0485831507559839	0.0008283913035402815
SURF6	-0.2733754496199859	-0.00011427093794115411
SUSD1	-0.2901748741225661	-0.002385237465287493
SUSD2	-0.4746611514498665	-0.007985699211992553
SUSD3	1.2161380212635329	0.010019761157190247
SUSD4	0.0927490061134009	0.001019126079174049
SUSD6	-0.1974979012137986	-0.00048742482019565497
SUV39H1	-0.0633386379926688	-0.0018131951898161297
SUV39H2	0.1418006011340915	0.0015973837717755408
SUZ12	0.810026367836762	0.017513580098998633
SV2A	0.4521018810661562	0.010656945540491434
SV2B	-0.1080669062810184	-0.0026401825873515606
SV2C	-0.1562589909614769	-0.0038197510340533033
SVBP	-0.4804062133433463	-0.0041103555613656705
SVEP1	-0.3526628720342761	-0.01061515244823171
SVIL	-0.31251157665167	-0.0025022801942499217
SVOP	-0.1427750521265165	-0.0013993382858919884
SVOPL	-0.0720808114195374	-0.0006159305335799471
SWAP70	0.1608329580412951	0.0005043721564175015
SWSAP1	-0.1221315519196815	-6.253135458287692e-05
SWT1	0.3441780177356417	0.010629938077765294
SYAP1	-0.2024063426674585	-0.013298906338622693
SYBU	-0.2386607412866272	-0.0014510573070226935
SYCE1	1.2262767089390183	0.04965930160519448
SYCE1L	-0.6003653719835378	-0.011285668262546542
SYCN	-0.4034464530287719	-0.0002602229622035579
SYCP1	-0.1229858689750751	-0.004640502808167534
SYCP2	0.1730228059650012	0.005124589467071405
SYCP2L	0.267091709759331	0.24518698445854875
SYCP3	-0.6651713854671353	-0.012994788186485955
SYDE1	-0.6243110368373936	-0.0067175867563703555
SYF2	-0.349981209361166	-0.00020683889473244911
SYK	-0.2198347968029336	-0.016805490876397062
SYMPK	0.2048594235852409	0.06092375855828555
SYN1	-0.3711007116043807	-0.008906788179216741
SYN3	-0.5615777408522152	-0.008840356796495571
SYNC	0.8866818415395977	0.11104626047073612
SYNCRIP	-0.4197927487391693	-0.001584297833741625
SYNDIG1	0.906309706255802	0.004035797121957087
SYNE1	0.1931833989452476	0.016674431896560104
SYNE2	-0.5337268295775095	-0.01596803928729993
SYNE3	-0.2720943817541026	-0.004151343982422343
SYNE4	0.0385616548680577	0.00037948524555655587
SYNGAP1	-0.3894979954321232	-0.008804602186743145
SYNGR1	-0.075595279798154	-0.0007548944640643659
SYNGR2	-0.2398206581828772	-0.00301814298323151
SYNGR3	0.7260978798275071	0.03740711057295351
SYNGR4	-0.5719703521820443	-0.003006276171068825
SYNJ1	-0.2180836462439134	-0.016399672113896046
SYNJ2	0.1665297596850715	0.00472844599649792
SYNJ2BP	1.0601040374431598	0.006231291532090894
SYNM	-0.0240363601087771	-0.000814375916845477
SYNPO	1.296671565630471	0.013599491380332382
SYNPO2	0.5034706586449794	0.012907980746339982
SYNPO2L	0.647491196363693	0.017743848745150646
SYNPR	0.1279033486291539	0.0008772890682473665
SYNRG	-0.0571575509622583	-0.003606641465718499
SYP	0.8526751357783968	0.06896095428121363
SYPL1	0.1755095404803633	0.0020201148109289815
SYPL2	-0.3671402828327313	-0.0027025196219317353
SYS1	0.0254650673704759	0.0018720134976057947
SYT1	-0.3422598297544955	-0.02437950993324247
SYT10	0.4648959109653362	0.031016460491874336
SYT11	0.7689204139200088	0.04032910678969054
SYT12	0.7972050154684968	0.027458132347781435
SYT13	0.3900595734682792	0.010317465777809452
SYT14	-0.1591039511819849	-0.006322950123923261
SYT15	0.3195351423548716	0.013815421414855228
SYT16	-0.2143171236971802	-0.015354536010160779
SYT17	0.2122480282494705	0.013247885179247201
SYT2	0.3546049278418607	0.005916583221041445
SYT3	-0.7831668632023245	-0.033824193654845194
SYT4	0.5549597614738324	0.028272980008045866
SYT5	0.0265188224944373	0.001565777355361556
SYT6	-0.6044059724760683	-0.10529900411880816
SYT7	0.0304925426872093	0.0008123823222726302
SYT8	0.2704668068518093	0.00684957188352207
SYT9	-0.3594878222465254	-0.004285094841178583
SYTL1	0.7058381845661732	0.0389509743770997
SYTL2	0.2399084424066806	0.048717007857312596
SYTL3	0.0113099838974903	0.0003401364557331233
SYTL4	-0.4156060182328204	-0.01039596894007577
SYTL5	0.4771211604571446	0.007481736917128484
SYVN1	-0.7415721839934921	-0.0652019927054438
SZRD1	-0.7619117814939349	-0.011511725106591863
SZT2	0.600139790920287	0.001792017415687977
TAAR1	-0.3197615458563778	-0.009466860326623921
TAAR2	-0.2743482257974802	-0.00884416375503337
TAAR5	-0.3444678965909516	-0.01165266000587871
TAAR6	-0.7898403560632603	-0.02336110821128305
TAAR8	0.8705858764180949	0.023917605782834323
TAAR9	-0.0819920829620514	-0.0026318638709988884
TAB1	-0.4423976108056842	-0.014139470038960473
TAB2	-0.2840129041279469	-0.008542540130360387
TAB3	-0.5785021553866214	-0.009079012826637636
TAC1	0.2566713788413352	0.008332322971326264
TAC3	0.3017767374306329	0.010182248897646984
TAC4	0.3870343258975214	0.01231388411275554
TACC1	-0.4402713758597332	-0.018734427585583368
TACC2	0.3144932600993438	0.019618718551517266
TACC3	0.8106839097326761	0.06238050548610997
TACO1	0.004910070976992	2.018039171543712e-06
TACR1	-0.1661980198305032	-0.0058573168128864235
TACR2	1.5181136173726	0.06039966838078627
TACR3	0.4254346716836716	0.01356285733327545
TACSTD2	0.4726887052590473	0.019358020546473766
TADA1	0.7790414085183327	0.00047599430060470127
TADA2A	-0.0186361067050743	-0.0006712725635167764
TADA3	-0.0606865880648748	-0.002453194635934499
TAF1	-0.8168085109283266	-0.00045414553207614956
TAF10	0.4447964444087326	0.08427558232212257
TAF11	-0.9048205333343416	-0.0007310949909341481
TAF12	1.6064064974447725	0.002075477194698646
TAF13	0.0716795217987535	6.193110683412302e-05
TAF15	0.9261026080512368	0.014155478364063154
TAF1A	-0.9848419430225304	-0.001845593801224222
TAF1B	-0.5153205246642981	-0.032328633114814743
TAF1C	-0.3039976259458774	-0.009007145659150402
TAF1D	-0.1230034026800368	-0.0006093588568769023
TAF1L	-0.1180831213062694	-6.541804920367324e-05
TAF2	-0.1270130129457989	-0.006078461760547097
TAF4	-0.0090540318088721	-0.00020111720857047597
TAF4B	0.2428271596506027	0.007197154184884213
TAF5	0.2456465210647977	0.00012503407922198202
TAF5L	0.9052972880495772	0.44783789423609316
TAF6	0.0599702367355298	3.4183034939251987e-05
TAF6L	0.7968639232392438	0.23403335620790322
TAF7	-0.2646661208966129	-0.0008149069862406712
TAF7L	-0.4319797957596233	-0.0009909616514725758
TAF8	0.7016439793207154	0.0006553354766855483
TAF9B	1.285103258607638	0.0008507383571982565
TAFA1	0.2272378496836949	0.006497866311705255
TAFA2	0.4254441705168147	0.013771202355458777
TAFA3	-0.0566233622161771	-0.0014539746949869955
TAFA4	-0.0406580736238235	-0.0010565407011886776
TAFA5	0.0108313326890165	0.00025205594300610294
TAFAZZIN	0.0515006855180057	0.0006683758966526779
TAGAP	0.7545540414726108	0.002506628525772013
TAGLN	-0.3722137110961236	-0.0010794197621787583
TAGLN2	0.2415503555863929	0.00018840927735738647
TAGLN3	-0.3734213631815828	-0.00022069202564031545
TAL1	1.6786609633509018	0.04926366329145892
TAL2	-0.5688777558308793	-0.0070722882604894914
TALDO1	-0.0347511349806775	-0.0005052120003490896
TAMALIN	-0.2706005672754095	-0.006855665371922499
TAMM41	-0.3809890542958645	-0.0017018781055396265
TANC1	0.9700711366625816	0.011251855114149284
TANGO2	-0.2200432874815448	-0.00043392536291360633
TANK	0.3319084025409511	0.006587386065230257
TAOK1	0.2484705891135415	0.008417189676810332
TAOK2	-0.4754085961382897	-0.011988853977415389
TAOK3	1.40647248052978	0.05056268567504559
TAP1	-0.6300084686996201	-0.006473967024357296
TAP2	-0.1288615939631981	-0.0030841733899151834
TAPBP	0.2412496506849631	0.007308416917850272
TAPBPL	0.3075607917857113	0.011978877718469883
TAPT1	0.1009216736356174	0.0004905802555427362
TARBP1	0.324561952826155	0.009557375824871787
TARBP2	0.7131676536028546	0.013794801923640016
TARDBP	-0.0818914744821744	-0.0006506277647608757
TARP	0.34594041160195	0.004383410955408308
TARS1	-1.3736894972012414	-0.0006689867851370046
TARS2	0.5506772471172756	0.00022853105755366937
TARS3	0.3623909344557692	0.000510246435713723
TAS1R1	0.408588625021188	0.007007703507738395
TAS1R2	1.2512227283951682	0.024715402553989758
TAS1R3	0.3367818863420385	0.00912779946552827
TAS2R1	-0.8548947134866351	-0.004747230343991285
TAS2R10	-0.4505373502168489	-0.0023396404596760963
TAS2R13	-0.9385069383302146	-0.004570528789668145
TAS2R14	-0.418794292905574	-0.0015185481060756114
TAS2R16	0.6154382981098157	0.003077806928847188
TAS2R19	-0.8640261944983152	-0.003295395905816574
TAS2R20	-0.3280979703477894	-0.001418039427843146
TAS2R3	0.4394002269044228	0.0018670115641168925
TAS2R38	0.0233426352748777	0.0001260502304843396
TAS2R39	-0.2784719293621154	-0.0012458834119661042
TAS2R4	0.3297397387975501	0.0015431819775725344
TAS2R40	0.7552121965067596	0.003210407047350235
TAS2R41	0.2461526313637876	0.0012290400883993914
TAS2R42	0.4754374126625375	0.002291132891620768
TAS2R43	-0.4840878351219145	-0.002042850664214479
TAS2R45	-0.4350321477411592	-0.0018375757920586567
TAS2R46	-0.0891779191422504	-0.00037945204595027544
TAS2R5	0.042254784017071	0.00020011865710484826
TAS2R50	-0.7627932696558986	-0.0035141885933047245
TAS2R60	0.2764916672133993	0.0010736171437896295
TAS2R7	0.0675482325182995	0.00030221079228687193
TAS2R8	0.7289593701414565	0.002173027882391682
TAS2R9	-0.9205653613968676	-0.004247488577485147
TASL	-0.3675429902225888	-0.0005652811189623415
TASOR	-0.5741729493260979	-0.010882874081526859
TASP1	-0.1322028368370056	-6.239973898706663e-05
TAT	-0.2639263836766931	-0.0006935985363023494
TATDN1	-0.085049184402635	-0.013686029704887621
TATDN2	-0.2036320023795914	-0.00044412139718988885
TATDN3	0.183235718738783	0.004562752632314435
TAX1BP1	-0.6204176154078581	-0.03542522542217329
TAX1BP3	-0.078716402879489	-0.0028029336737328443
TBATA	-0.2625782669087327	-0.0011784512618863924
TBC1D1	0.6863366870860688	0.026011474103874922
TBC1D10A	0.8317334552811755	0.0065690308298107245
TBC1D10B	-0.7062225332798594	-0.0025416948972742143
TBC1D10C	-1.207188995968257	-0.023314441079134947
TBC1D13	0.2266809427495927	0.004840544851474803
TBC1D14	0.1679113165598493	0.005363423273554707
TBC1D15	-0.5845645568677333	-0.05789819653496465
TBC1D16	0.8507245104409267	0.00958426233462748
TBC1D17	-0.6984472071988161	-0.04704321319366906
TBC1D19	-0.6404068054835677	-0.005264143941074926
TBC1D2	0.7716667413777292	0.009339482570894656
TBC1D20	0.3535129441550215	0.020924431164535722
TBC1D21	0.2930783649193459	0.017024922218164804
TBC1D22A	-0.4304277665752299	-0.0021155524727172552
TBC1D22B	-0.1938183615192442	-0.0010584420722565926
TBC1D23	0.7414617452799028	0.005471987680165683
TBC1D24	-0.4571010533660005	-0.0023526991216748045
TBC1D25	0.160522691051156	0.00896214236407709
TBC1D26	0.2894279255960809	0.001577961050349833
TBC1D28	0.4697077598358328	0.004968568683543439
TBC1D2B	0.5219380879310612	0.006898977646272768
TBC1D31	0.5041044125806842	0.004577268066232612
TBC1D32	-0.0880558942990166	-0.0026452871206367576
TBC1D3B	0.0428437396695307	0.00048353444591032346
TBC1D3C	0.2212884809451237	0.0028738735020343215
TBC1D3F	-0.1356714208057234	-0.0017926264831060234
TBC1D3G	-0.1204211395346122	-0.0015392230055314132
TBC1D4	-1.029944880314316	-0.07064597923051957
TBC1D5	0.1881449509834351	0.004402779997963365
TBC1D7	0.0903289892361179	0.0009050061431566653
TBC1D8	0.0631509755376085	0.0006320149631803858
TBC1D8B	0.0818340327605479	0.0012164628969855446
TBC1D9	-0.4202817477305663	-0.00682033220217163
TBC1D9B	0.1307075529939248	0.0011384627865770852
TBCA	-0.4588934195161964	-0.01668215247967229
TBCB	0.5647186522801968	0.013982998549109952
TBCC	0.2158410497694532	0.0056375523789283484
TBCCD1	0.111109314486751	0.0006859889076412007
TBCD	1.263323342025371	0.10871402687465129
TBCE	0.3401368124004325	0.01872759275395541
TBCEL	0.1562433621875938	0.0011560446368260066
TBCK	-0.0824958869202905	-0.0022315962370807784
TBK1	-0.2823690303078527	-0.03766915811918878
TBKBP1	0.7538364869795546	0.022944521154196703
TBL1X	0.3689044497965144	0.0036580565241822365
TBL1XR1	0.1051035687463802	0.004419289755079049
TBL1Y	0.3076962108619884	0.000450774948912813
TBL2	-0.5013869493830669	-0.01800731228709285
TBL3	-0.8577485679410588	-0.02387285814293555
TBP	0.3806969207408956	0.00974241489868026
TBPL1	-0.3793974297781107	-0.0026451588804129876
TBPL2	0.3193961632931667	0.0004046749388924422
TBR1	-0.1471610169733311	-0.0034497485598888275
TBRG1	-0.8272045044735142	-0.010725533605003586
TBRG4	-0.2802210949227924	-0.0012111155722563088
TBX1	-0.6768249465229373	-0.01266880934901634
TBX10	-0.2656898959508215	-0.0016042355917510601
TBX15	-0.1431002059503729	-0.004609830034485313
TBX18	0.0761352878120723	0.0018656190925470195
TBX19	0.7922058710416664	0.021647025426213534
TBX2	1.6592597581540098	0.043117524075390094
TBX20	-0.8471843315455161	-0.0018282237874752238
TBX21	1.051947755718713	0.024007551681012464
TBX22	0.5329808143127337	0.0005452393730419265
TBX3	-0.2491221391090172	-0.005139638851958134
TBX4	-0.3841316748640991	-0.007388004502661218
TBX5	-0.4600983578700701	-0.013356195230610265
TBX6	-0.6680580870922745	-0.010680912696431285
TBXA2R	0.4580520438412604	0.01171284881306487
TBXAS1	-0.0073726352254111	-3.363396189832544e-05
TBXT	0.1479369553235345	0.0030158427712255746
TC2N	0.5981986182293195	0.013088585766857511
TCAF1	-0.5300727661557543	-0.0016570074670028878
TCAF2	0.07364351029925	0.00037270980562450427
TCAP	0.3300135034480945	0.014708371835178122
TCEA1	0.0827243334528068	0.04760371768541768
TCEA2	1.419127306724306	0.17933653687805728
TCEA3	-1.161327369315848	-0.0035896628985552857
TCEAL1	0.9059055729701652	0.014734554144359738
TCEAL2	-0.5314507888818606	-0.004578979997006111
TCEAL3	0.120768858369479	0.00020627321009507015
TCEAL4	-0.3915663070866504	-0.0031607232308034417
TCEAL5	-0.0935966463756861	-0.00015069060066485462
TCEAL6	0.5445268656682467	0.0011260815582019342
TCEAL7	0.5398614979628282	0.0004513242122969244
TCEAL8	-0.6245663654158968	-0.01165191011319897
TCEAL9	0.3092386227082437	0.0006818711630716774
TCEANC2	0.3058011953858896	0.01571481762968548
TCERG1	0.1793154220262626	0.006390263694749921
TCERG1L	0.0329783531738173	4.969837823294268e-05
TCF12	-0.4203290476031344	-0.009686903231061835
TCF15	0.3463370485127186	0.0028579733243269544
TCF19	0.457374801790938	0.02179573880454536
TCF20	-0.2789694402951074	-0.0074490419947599576
TCF21	-1.1207795971443413	-0.006719073684880326
TCF23	0.5671232142714318	0.014606825506774997
TCF25	-0.0237692205389626	-0.009436285477085997
TCF3	-0.1098844401207964	-0.002856775674260465
TCF4	-0.9370856712046484	-0.023091665109824945
TCF7	-0.8958525787327065	-0.020150412053434767
TCF7L1	-0.2281270176189674	-0.006722218828178112
TCF7L2	0.628478786901303	0.01951489481207236
TCFL5	-1.043539729251677	-0.0070178046792175285
TCHHL1	-0.2995888902658074	-0.004903970544761002
TCHP	0.1981535606669195	0.021402367934073307
TCIM	0.0303722125222322	3.778303237765686e-05
TCIRG1	-0.5479397439027999	-0.004539680778234697
TCL1A	0.1037509411391435	0.0031669974782723553
TCL1B	-0.0413099645814525	-0.0005049730070436754
TCN1	-0.5809389306703607	-0.007817695190031044
TCN2	-0.0123081902550633	-0.0007370759734244657
TCOF1	-0.3848432448133642	-0.010465427199454626
TCP1	-0.8244412287458187	-0.10925824939831089
TCP10L	0.3883624824756717	0.001847828691619246
TCP11	-0.2137902816002012	-0.001254948952993181
TCP11L1	0.5802106418882266	0.03796434272003044
TCP11L2	-0.5050075297982206	-0.01506437461388092
TCTA	-0.193550852755687	-0.0007120735872881725
TCTN1	0.1554498966558803	0.003909875800688701
TCTN2	0.4480014730944908	0.036474487933461065
TCTN3	-0.4364042398762036	-0.005535351378589766
TDG	0.7784924881290274	0.02022679182656839
TDO2	-0.2102157175103343	-0.0007563561516021829
TDP1	0.2301619243304941	0.006824531218323481
TDP2	0.9824654987875052	0.004958503372380539
TDRD1	0.2503901997672357	0.007067263388430228
TDRD10	1.1601597180252576	0.0022495496932509744
TDRD12	0.4549807373461073	0.019930886180183575
TDRD3	-0.1595417981208772	-0.006319769707164189
TDRD5	-0.1181721042582552	-0.003505693644925399
TDRD6	1.214429117575741	0.04039191245056914
TDRD7	0.0499620160023026	0.0013853467797118465
TDRD9	0.4646931845793617	0.002265379274824388
TDRKH	0.0745604780265292	0.002023944176030135
TDRP	-0.3251829869086736	-0.0011212309388611067
TEAD1	0.900806537209876	0.023525463525773123
TEAD2	0.4623754604218074	0.010361371692592282
TEAD3	-0.7725717528482909	-0.018494595191435235
TEAD4	0.1708017942024182	0.004482351485254061
TEC	-0.1333780411606475	-0.004058827170559664
TECPR1	0.9954338638888672	0.02152028470341342
TECPR2	0.1395659916289084	0.004027874518410296
TECR	-0.7292731192825926	-0.01800794113444506
TECRL	-0.5736239227042597	-0.0016617885040742402
TECTA	0.3398998632226782	0.009289463261875795
TECTB	-0.5087413988281413	-0.004691613179993118
TEDC1	0.3092562863487171	0.018391780605444556
TEDC2	-0.9912948941451112	-0.0030095712986245578
TEDDM1	-0.4921754640731013	-0.0011733463063502735
TEF	0.1760104278960738	0.005578650512166059
TEFM	0.1377450174687266	0.0007407927039468117
TEK	0.8774545046334753	0.04962619441855547
TEKT1	0.641759774817688	0.03752690283246431
TEKT3	-0.2575097924536618	-0.0017945857436095691
TEKT4	0.9108676073324518	0.010852987541366163
TEKT5	1.8966211355525215	0.00882308152259033
TEKTIP1	0.2975534514246699	0.0006147454306433681
TEKTL1	0.3927811171326131	0.002189754728014318
TELO2	-0.3551324789328992	-0.024060935712661786
TEN1	-0.1680834528404979	-0.13173002749324933
TENM1	-0.5478944205939453	-0.008909311173278145
TENM2	-0.2542677004024468	-0.008291415442423388
TENM3	0.3758562400223948	0.02572923891073304
TENT2	0.3604177391105609	0.017480981182340427
TENT4A	0.7902666347396746	0.03227211856286409
TENT4B	-0.5994025915363439	-0.060552249199593
TENT5A	-0.3612448954793376	-0.0055274081457293445
TENT5B	0.2535099109265583	0.001068544274555443
TENT5C	0.1038488907309136	0.0005418835118339072
TENT5D	0.6413153956442106	0.004482794615553032
TEP1	-0.9531894177020483	-0.03319005552438532
TEPSIN	-0.2694880424957872	-0.011447852045221038
TERB2	-0.3054884208294936	-0.12641416342345277
TERF1	-0.603287351570351	-0.017742077722332453
TERF2	0.6243374724600267	0.018167596111114317
TERF2IP	-0.5323918977614495	-0.000432302220982297
TERT	-0.5196110804339711	-0.01508171160959601
TES	1.1173255997373703	0.024150992838323258
TESC	0.2976212396223309	0.004064910890761796
TESK1	-1.203811747515981	-0.0277731408269412
TESK2	-0.1241288038869298	-0.0010842651019523318
TESMIN	-0.4183876498039381	-0.03474625754091745
TET1	0.0778525333274237	0.0020356101889121474
TET2	0.6651338335782215	0.01412943802670216
TEX10	-0.1077401622321245	-4.8052112355527524e-05
TEX101	-0.2461306118524607	-0.0026333514162094774
TEX11	-0.1345499705472589	-0.005083970637128178
TEX12	-0.0339304751456452	-0.008031038092697907
TEX13A	0.6621508042929932	0.002256609941030521
TEX13B	0.3811919888524874	0.001511807427788965
TEX14	1.07555214563722	0.021367994477374648
TEX15	1.0918845860054502	0.01844302254221806
TEX19	-0.9238233120927558	-0.0005450557541347259
TEX2	0.1861597320760509	0.003935789055551869
TEX26	0.2157905489687252	0.0010802474881374383
TEX261	-0.0913969268899497	-0.0011162306681069558
TEX264	-0.3910666462768583	-0.001059790611410286
TEX28	-1.0995392132782862	-0.005680219575795626
TEX29	-0.1131794310855186	-0.0004734295602307243
TEX30	-0.2523413987046408	-0.00017058278552433716
TEX35	-0.1291230822086381	-6.933909514603867e-05
TEX44	0.0494298038092298	9.678355585847196e-05
TEX47	1.044499272459572	0.0010068972986510276
TEX55	0.6022619861362828	0.0014580762684359406
TEX9	0.0956642278166476	0.006598057456742002
TF	-0.8313568840682799	-0.04120620395884429
TFAM	0.1541284379293222	6.812476956476041e-05
TFAP2A	0.1720321346734698	0.005388046457973075
TFAP2B	0.0711598350224612	0.0019208174267612954
TFAP2C	0.7951223779488813	0.023229500271776567
TFAP2D	-0.9126997793623626	-0.025877776844261065
TFAP2E	0.4562589580597299	0.010884513703472916
TFAP4	-1.3260512945732374	-0.023384914579799045
TFB1M	0.4454718582822732	0.00019645308950248246
TFB2M	-0.4734584470459626	-0.00024525147556980867
TFCP2	0.4613341271684075	0.012690379170148553
TFCP2L1	-0.0455643400061634	-0.001009751338876587
TFDP1	1.841374938192892	0.2449396942784185
TFDP2	-0.8448952189610102	-0.03405350180022351
TFDP3	-0.6417973542382875	-0.01431593178363924
TFE3	-0.2865328788279982	-0.008573350267412535
TFEB	-0.3238924836270039	-0.010398892079328589
TFEC	-0.0530011296731188	-0.001082389070184432
TFF1	-0.0653447948213611	-0.005659839403452192
TFF2	0.9628757597294522	0.001935380277056199
TFF3	-0.2212047937911566	-0.00327626420084082
TFG	-0.3230621670692968	-0.0350154160399728
TFIP11	-0.4379498612158209	-0.13297384046123728
TFPI	-0.2793099357370657	-0.008036864090898328
TFPI2	0.1191230687782421	0.0018895301169604762
TFPT	0.6512410712990815	0.013458547979466818
TFR2	0.2157155068928204	0.005733933888718059
TFRC	-0.115701213459737	-0.003247501659387898
TG	0.2473664311751106	0.01009576615554979
TGDS	0.0825390574970156	0.0001635924119590849
TGFA	-0.3969646379821595	-0.013548800058969086
TGFB1	0.2444426903063373	0.01616010625615196
TGFB1I1	0.3220730210075707	0.009596165660920569
TGFB2	0.7191155841359369	0.018646667096644844
TGFB3	0.2324710320256199	0.004374174938594063
TGFBI	-0.1792905345237019	-0.002131047293348721
TGFBR1	-0.5413632675995326	-0.02392771506463174
TGFBR2	-0.909462935272386	-0.04335409812443464
TGFBR3	-0.521812810341673	-0.03266861280425078
TGFBRAP1	-0.3042598419904293	-0.07579782035633974
TGIF1	-0.7128554085186042	-0.02217122891574563
TGIF2	0.6909135557389708	0.01117829041830081
TGIF2LX	-0.5070530849283374	-0.012211359444329151
TGIF2LY	0.020222993543351	0.00033191999302702
TGM1	0.5476163061743965	0.005702876212500165
TGM2	-0.681478314798108	-0.01684273655023524
TGM3	-0.7082298172089947	-0.003580101725991468
TGM4	0.2224617051035609	0.0007238903884069872
TGM5	0.680077794185114	0.003175283221050298
TGM6	-1.2017987404498458	-0.0033650364732595683
TGM7	-1.3138631561044694	-0.004099253047045944
TGOLN2	0.3639759093355013	0.01114166656066903
TGS1	-0.1154812783851235	-0.0011236328386872517
TH	-0.4868738154996718	-0.009128884040618845
THADA	-0.2241051175984586	-0.09090555169240355
THAP1	-0.2294685312766538	-0.004724068653392472
THAP10	0.1191390309146309	6.910063793048593e-05
THAP11	-0.562209581394878	-0.011020432214502399
THAP12	0.1587124690740038	0.0005645402524962315
THAP2	-0.5383363630816278	-0.0041058914412235754
THAP3	-0.0291917050376682	-8.929742571022702e-05
THAP4	-0.6683665539732186	-0.0019061814119316195
THAP5	0.3230646807765014	0.002583548252169682
THAP6	0.0832515258613634	0.00010040134018880427
THAP7	-0.0211336719871751	-3.0728359069352594e-05
THAP8	0.1699279419091527	0.0007543101341347288
THAP9	-0.0685242405027275	-0.0001367743840434441
THBD	0.1181447518888288	0.0033190405148128673
THBS1	-0.4649107983198359	-0.010459563140599669
THBS2	0.2713587959807243	0.0068892571123586295
THBS3	-0.7937134248276927	-0.012693065089844462
THBS4	-0.2625256807669476	-0.005278078811819482
THEM4	0.2996808939422408	0.006628641693108424
THEM5	-1.119254321963503	-0.005675738666676923
THEM6	-0.5688688601436255	-0.02085814562602617
THEMIS	-0.4097735529337433	-0.004847211357653249
THEMIS2	0.3879114717349898	0.0040769495679347425
THG1L	-0.315443770657751	-0.0010043729657742792
THNSL1	-0.214598258626984	-0.0006427217845878171
THNSL2	0.3405901294832203	0.0006283887888965415
THOC1	-0.2869847457978611	-0.002154968456196139
THOC2	-1.1003233513706066	-0.012469964541083083
THOC3	1.050910677715007	0.5189470490304144
THOC5	-0.6914580153085549	-0.4001868580239486
THOC6	-0.3196781019807014	-0.03432000167244414
THOC7	-0.1336198873649025	-0.02068034996746596
THOP1	-0.078098260330258	-0.005489995308175817
THPO	0.3145250565603519	0.02585616132465685
THRA	-0.519235695028122	-0.014094652941538369
THRAP3	-0.0196534663743911	-1.9967921836381355e-05
THRB	0.1080176298237649	0.0028725128299033798
THRSP	-0.2120154209228079	-0.006663432664182929
THSD1	-0.5843085934790337	-0.023287034684513413
THSD4	-0.2112640818315684	-0.0032319179238593336
THSD7B	-0.5987609701030554	-0.004442207637194568
THTPA	0.2166373464727142	0.001512345315726018
THUMPD1	0.7634698153870813	0.005916127599434493
THUMPD2	-0.3792694980700837	-0.0005620773961398641
THUMPD3	-0.0969629168681213	-5.051767968829119e-05
THY1	-0.5601239329926254	-0.04473429790845603
THYN1	0.4060471797877721	0.0005189282957687727
TIA1	-0.1568639852234958	-0.00026666877487994283
TIAL1	-0.5875588695331599	-0.0005904966638808258
TIAM1	0.352185538718797	0.004588273198428487
TIAM2	1.1330009814090838	0.022789181740062312
TICAM1	-0.62580785883633	-0.02103402794334789
TICAM2	0.0947527454123289	0.008287454124743935
TICRR	0.2627173794230187	0.0149935435610511
TIE1	1.0679886834655563	0.06447020486608178
TIFA	0.082024513133855	0.0002894645068493743
TIGAR	-0.1637731659676913	-0.017621992658123583
TIGD1	1.3368710170480838	0.009092059786944016
TIGD2	0.6376929579045355	0.001260081284819362
TIGD3	-1.007764875153789	-0.002562746077516086
TIGD4	-0.6381784162166859	-0.0007460305685573058
TIGD5	0.2660298878380131	0.002109617010555444
TIGD6	0.219926829066406	0.00016582482911607014
TIGD7	-0.4550960365751711	-0.0008314604588228377
TIGIT	-0.8168303914628814	-0.10340827706802638
TIMD4	0.0573127706830027	0.002296866597892016
TIMELESS	0.0631772726270598	0.0012073176799031126
TIMM10	-0.0499097892350696	-0.012884411730190157
TIMM10B	-0.7527796930171367	-0.16011172402658685
TIMM13	-0.0107092001790718	-0.0010881082841945901
TIMM17A	-0.2778334274626239	-0.010003114722364311
TIMM17B	-0.4333864621927119	-0.014756809037661838
TIMM21	-0.1985435314106748	-0.021676982759417474
TIMM22	-0.3412911460947175	-0.005897852295662814
TIMM23B	-0.9388236099372996	-0.02917488250241152
TIMM29	-0.8068341881629142	-0.0010577596206815805
TIMM44	-0.267699003258561	-0.020075015953362748
TIMM50	-0.4893638909596728	-0.023567764988617842
TIMM8A	-1.344495648492244	-0.03714438128089522
TIMM8B	0.6760185400305369	0.04119589381092088
TIMM9	1.0179198540001555	0.22389452564689621
TIMMDC1	-0.7902935541493977	-0.0013838040133155954
TIMP1	0.0893924689843601	0.004867777506074345
TIMP2	-0.2624283605836195	-0.0069546139838265
TIMP3	-1.060525188165259	-0.027688191612618585
TIMP4	0.1846163412498017	0.0020150873647415855
TINAG	0.4551423769168161	0.012312511580353708
TINAGL1	0.6054876816213279	0.015870437622976626
TINF2	0.4216306710750479	0.013759495319863115
TIPARP	-0.3294766510779692	-0.00019966285055324933
TIPIN	-0.4492259029767442	-0.10339293537732148
TIPRL	0.0913794351703627	0.01255918956981465
TIRAP	0.1915007296959722	0.004089115081198094
TJAP1	0.0708180231265305	0.0004225711439960075
TJP1	0.3819694124381684	0.032871905665016334
TJP2	0.1005553369029818	0.00788645451796396
TJP3	-0.2409322240221367	-0.015429299626377634
TK1	0.4129067907039551	0.016320140902573825
TK2	-0.1500129609820092	-0.015580046101669512
TKFC	-0.095622747081485	-0.0004013286695009925
TKT	-0.0213322062642028	-0.0002710043483804324
TKTL1	0.9514688559588876	0.008583200549605124
TKTL2	-0.2511115147632484	-0.001824827377784526
TLCD1	0.4210661477660546	0.0014787843109543837
TLCD3A	0.1977830869607318	0.0013712301418987536
TLCD3B	-0.2404384739372239	-0.0007727692552342376
TLCD4	0.8553951755423845	0.001877592410315534
TLCD5	0.225287774837552	0.0010300157065572877
TLDC2	-0.8653493380012969	-0.0033540940340930268
TLE1	-0.4312850868971521	-0.013301263364995068
TLE2	0.3318730924930624	0.009132151886131598
TLE3	0.2104624740269043	0.006517812358139199
TLE4	0.0556069316502154	0.0016723784693802282
TLE5	1.0650753567662097	0.006728081028692146
TLE6	0.5988873681986442	0.015366252093240813
TLK1	1.573873735458136	0.039779658663704386
TLK2	0.3696067102209514	0.012796153914559558
TLL1	-0.1594118896974223	-0.0026846556343942886
TLL2	-0.2414693582345162	-0.0029263671524441016
TLN1	0.1244047752004782	0.00455532965351591
TLN2	-0.1120109208474698	-0.0038238288158909243
TLNRD1	-0.0362771481618611	-3.243177045670383e-05
TLR1	-0.041576239741136	-0.0008531444394881107
TLR10	0.1465945703457188	0.0057167484597719954
TLR2	-0.3356485747097769	-0.018690255234139214
TLR3	-0.2827019711917675	-0.024327918130907553
TLR4	0.2034168448741428	0.010676333103219384
TLR5	-1.2851641706109105	-0.11418555139460879
TLR6	0.4368028216573156	0.0074570977713336924
TLR7	-0.1028284692613092	-0.005777417545446657
TLR8	-0.7318419933925114	-0.0548347250389207
TLR9	-1.1597577834998627	-0.07216708783606245
TLX1	-0.891120694767293	-0.026632924204510088
TLX2	-0.6371855012274659	-0.007777486227982448
TLX3	-0.9772701548501144	-0.01213183170230932
TM2D1	0.0208448560634989	0.0001459765270126828
TM2D2	-0.5707307628899854	-0.00273380035424303
TM2D3	-0.2731466892248694	-0.0035779484821565643
TM4SF1	-0.4814359000290898	-0.0036218422759188426
TM4SF18	-0.4167937802705137	-0.0022440177129764457
TM4SF19	-0.8732318374675079	-0.00329383049092744
TM4SF20	0.5341772095487896	0.0016468683370389182
TM4SF4	0.6219666972031805	0.002746604934849245
TM4SF5	0.4600956988498965	0.0029142461565152445
TM6SF1	0.9126870905174804	0.002114695988729002
TM6SF2	0.0976438391465137	0.0003611845610029542
TM7SF2	-0.7260173328580051	-0.004200736287916417
TM7SF3	-0.2473626413822677	-0.001168046392607068
TM9SF1	-0.3216141371888921	-0.0022718822651023336
TM9SF2	-1.46579517394885	-0.025756952796629193
TM9SF3	-0.7338512071691817	-0.016764830827779957
TM9SF4	0.7476399503414047	0.009168308711036646
TMA16	-0.1337409901651771	-0.0002492932056678901
TMA7	-0.4787586115861326	-0.0005457848172081911
TMBIM1	-0.0645011840000799	-0.0019960536400664727
TMBIM4	-0.3262028799877332	-0.009473910243483735
TMBIM6	0.2087932488667551	0.0034210773826817823
TMC1	-0.7686637133417126	-0.022378875350230622
TMC2	0.1716499471027591	0.004094194538295011
TMC3	0.2001166461426376	0.004910862496340327
TMC4	-0.0062567079079129	-0.00014819012679891704
TMC5	-0.1186508843837174	-0.0026720179163213158
TMC6	0.278276510684445	0.0034556377096794377
TMC7	1.4505328690440693	0.012760337648980677
TMC8	1.3189775392514544	0.03218832786789249
TMCC1	-1.3582536315939164	-0.027046904565929657
TMCC2	-0.5906664393675785	-0.0534854367511736
TMCC3	0.2995204600948776	0.003814692579768361
TMCO1	-0.4010106778828195	-0.005302965204322405
TMCO2	-0.7931807241787803	-0.0005242924586821738
TMCO4	1.050241843905047	0.004483482431630646
TMCO5A	1.0818395245253107	0.004317621542380515
TMCO6	0.5455368400790168	0.004329380362867077
TMED1	0.2755510297843641	0.01054065354234128
TMED10	-1.4650898187798125	-0.06787321603461237
TMED2	-0.3567519433680916	-0.03428207799795676
TMED3	-0.1367823135918536	-0.0017036237157865368
TMED4	0.2637595452078006	0.007189030164183813
TMED5	0.4313909472860192	0.0045080353991389
TMED6	0.0830480404641769	0.0013644793048264263
TMED7	-0.356593463059043	-0.008760431606971509
TMED8	0.1463275073092543	0.0003887921869206887
TMED9	-0.4010372709313972	-0.011207788610719758
TMEFF1	0.5132831230414017	0.013409008306333578
TMEFF2	0.765107428181849	0.01886142831953894
TMEM100	0.3849964570728246	0.0013228478265022252
TMEM101	-0.2685584572347788	-0.0016986322420099757
TMEM102	-0.3211635051290405	-0.009548191007486374
TMEM106A	0.263990306884088	0.001047513537716061
TMEM106B	0.2900382826331232	0.0006348938006839066
TMEM106C	0.1046211760496332	0.0002912653541221788
TMEM107	0.2319261281722447	0.028430664421994618
TMEM108	-0.5437154642865595	-0.020736764092425093
TMEM109	-0.9841399053898636	-0.006051476278242271
TMEM11	0.0475404924479957	0.00035840777256543956
TMEM115	-0.3647414580576159	-0.004450940012677086
TMEM116	0.2310872041727113	0.0028828128720545737
TMEM117	-0.1463723260483456	-0.0015108551494710232
TMEM119	0.0797867147670742	0.0014676766181403302
TMEM120A	0.2267215119225414	0.007187071927944562
TMEM120B	0.2650242538732225	0.020087248298067024
TMEM121	0.138640126825905	0.0008484775761745386
TMEM121B	0.8089239802371485	0.007323188793086906
TMEM123	0.6781732641804402	0.011396023531288118
TMEM125	0.1778110797192852	0.0018396334307757246
TMEM126A	-0.924821073871513	-0.0180081159504261
TMEM126B	-0.723543333466425	-0.015833298766245778
TMEM127	-0.224351299454322	-0.0014259768593316705
TMEM128	-0.0320046942194895	-4.883916337894098e-05
TMEM129	-0.161940637546965	-0.004729314378921566
TMEM130	0.3928054069633853	0.0029161873412961725
TMEM131L	-0.8895312764021089	-0.0060879520556960335
TMEM132A	0.4417818075412041	0.011777019425433419
TMEM132B	0.1269000719309872	0.006015317209672655
TMEM132D	0.3752207303100037	0.015816304224027276
TMEM132E	0.9094397614953736	0.035072544402069084
TMEM134	-0.5672157584520002	-0.0008667056789146564
TMEM135	0.1473822457736399	0.0024217850625524507
TMEM138	0.3194413553069125	0.0013924448677828315
TMEM139	0.1305047244735215	0.0001487753858998145
TMEM140	0.3603257119412641	0.001807754096809322
TMEM141	-0.5793233507888809	-0.004337393927356351
TMEM143	0.6727985452291663	0.004560228539563289
TMEM144	-0.0600765959104871	-5.8814987396366875e-05
TMEM145	0.4531373134443259	0.003117584716496962
TMEM147	-0.898418416867582	-0.0012739573151182312
TMEM14A	-0.3607840905614511	-0.0031817548946614376
TMEM14B	-0.0786533364001044	-0.0011267876972678955
TMEM14C	0.2984182497392756	0.002997014482131545
TMEM150A	0.4514873360271317	0.003880533653153197
TMEM150C	-0.360328065594131	-0.000896856555263792
TMEM151A	0.3650602089079647	0.0013098360295617773
TMEM151B	0.3140665356307619	0.00092335561475444
TMEM154	0.0045520945817367	8.90071053566977e-05
TMEM156	-0.4102382420427444	-0.00505249418899844
TMEM158	0.6115336911531706	0.004680067338395214
TMEM160	0.333271562906717	0.020252579606278284
TMEM161A	-0.2488049436665091	-0.005798150407204328
TMEM161B	-1.5867595886011805	-0.031998593863731405
TMEM163	-0.1937312332653171	-0.00029970221786144557
TMEM164	0.0552765017897884	5.6160925818425014e-05
TMEM165	-0.564214534822221	-0.01639551016739892
TMEM167A	-0.3305233760739199	-0.006582042511136041
TMEM167B	-0.0391692132510801	-0.00014731541103731225
TMEM168	0.4888479764712602	0.0010774209401426575
TMEM169	0.6148819896218971	0.0036419460245304966
TMEM17	-0.3907998802676468	-0.005231637997142987
TMEM170A	0.1830576299449858	0.0005176869774844199
TMEM171	-0.5183034046902989	-0.0016155517124196617
TMEM174	-0.0835307248902294	-6.899637875932948e-05
TMEM175	-0.1079941274555658	-0.0006056310667708131
TMEM176A	0.0739047518842841	7.67131324558869e-05
TMEM176B	-0.893182435990708	-0.003468227398951919
TMEM177	-0.9210947285349738	-0.04586499091267048
TMEM178A	-0.1715021672135833	-0.0018093478641033039
TMEM179	-0.6186646370004386	-0.004291676586872043
TMEM179B	-0.1190599837786778	-0.000260146064556411
TMEM18	0.8781856829320847	0.005552768073179571
TMEM182	0.5670714978958075	0.003954756626325362
TMEM183A	-0.0205078594793395	-0.0003882547956628554
TMEM184A	0.6642298476427386	0.004532040250466406
TMEM184B	-0.0580270679756202	-0.0003481624078537212
TMEM184C	-0.1825308572981589	-0.000947700211092041
TMEM185A	0.897004264200189	0.005733651256767608
TMEM186	-0.107660285781404	-0.0003335315653507896
TMEM187	0.1788224180165411	0.0017982382355743376
TMEM19	-0.6819544981111038	-0.00358980847805685
TMEM190	0.6980689332079337	0.0035350210777649765
TMEM192	-0.6278980333658466	-0.002767146633043286
TMEM196	-0.4743564300289604	-0.0044504120265317065
TMEM198	-0.2177141197807402	-0.0011632465419884948
TMEM200A	0.914352917519672	0.004136532598858996
TMEM200B	0.1823265037652578	0.0013171266632002224
TMEM200C	0.32528239855207	0.0014172554104913688
TMEM201	-0.5884618849003392	-0.0508266299226121
TMEM202	-0.5999145108112808	-0.004862907024636242
TMEM203	0.1602696691292094	0.001158108629127667
TMEM204	0.1290651621066862	0.0010318759710429561
TMEM205	-0.210791361557213	-0.0009531985369617172
TMEM207	-0.5588917192870615	-0.0003588084837822935
TMEM208	0.0118247746061178	0.0003133328775129095
TMEM209	0.2831147512473514	0.010063596947838354
TMEM213	0.2918268618029136	0.002006017848033228
TMEM214	0.265731977974275	0.0019536615020668696
TMEM215	-0.8359046992652124	-0.004311596438809966
TMEM216	0.0013865948869841	5.058575466695394e-05
TMEM217	0.670652790204278	0.004573181376402972
TMEM218	1.0525139117537337	0.000833591018108957
TMEM219	-0.0994084341101173	-0.002798347420199802
TMEM220	0.1590560279683581	0.00043899463719266837
TMEM222	0.3107835745913879	0.0011694785911873925
TMEM223	-0.8073681820202144	-0.016475962490486516
TMEM225	-0.822882398025474	-0.006964876616887611
TMEM229B	-0.0713934652815181	-8.59577321989478e-05
TMEM230	-0.0383043537338896	-0.00027383782484357677
TMEM231	0.2384746501882916	0.02119085741573159
TMEM232	-0.2631464888182923	-0.0002826193289908459
TMEM234	0.0739691065430857	0.00019180189326622118
TMEM236	0.2221302044696504	0.0018150259007215133
TMEM237	-0.6678037139669386	-0.005461966576535591
TMEM242	-1.1021578521011386	-0.03516214195558263
TMEM243	-0.0040882273803622	-1.1156772521008444e-05
TMEM244	-0.0321455158229492	-0.0005386624086451598
TMEM245	0.1551084928307536	0.0007439003316162942
TMEM248	0.0297691172361358	0.000236307252620446
TMEM25	0.5475798339560881	0.01445282213743699
TMEM252	-0.5118399332809405	-0.0005993645618719812
TMEM254	0.8047192432190158	0.009277608155072033
TMEM255A	0.1999533597957375	0.002055520538700181
TMEM255B	0.5538130529490459	0.001592766340281456
TMEM256	-0.3058623167977223	-0.011233711171346744
TMEM258	0.8203142934640998	0.023722669052688303
TMEM259	0.0938850700373941	0.0012953323113059265
TMEM26	-0.0144858644718249	-7.367510670370145e-05
TMEM260	0.3609758445717324	0.0041959832173018175
TMEM263	0.8022389566009054	0.0033172580855447436
TMEM266	0.6017435069938475	0.004365649143240363
TMEM267	0.2541745037192841	0.0005945141641994055
TMEM268	0.3231849467619106	0.00034710063282229205
TMEM270	-1.0900848105555023	-0.0029181570378570797
TMEM30A	-0.1163792906288441	-0.0009507024251470274
TMEM30B	-0.186292876969327	-0.001335347342116136
TMEM31	0.8388344329681219	0.00047645795792589324
TMEM33	0.5684715498334582	0.006429413228616412
TMEM35A	0.8355841077787981	0.0029186952884713417
TMEM37	0.2693746616901672	0.0024222169579179837
TMEM38A	0.1798766295471267	0.001349974104751186
TMEM38B	0.0950713957955212	0.0006734857678154722
TMEM39A	0.5522421891082018	0.012657390974359984
TMEM39B	0.6817453218362166	0.0038982197502594866
TMEM40	-0.4456142038938976	-0.015907981464808253
TMEM41A	-0.7248042754915958	-0.002307052008889749
TMEM41B	0.911680939560264	0.04045037160734935
TMEM42	0.1472763210695486	0.0008620083072200679
TMEM43	-0.2770931655935433	-0.001532048112566701
TMEM44	0.332300397937274	0.0014767429684332458
TMEM45A	-0.1658321729427687	-0.0007940044440499764
TMEM45B	0.3878194508180641	0.0021605421605074356
TMEM47	0.2726011201411759	0.001719022663610255
TMEM50A	0.6776426394477557	0.008399380515954931
TMEM50B	-0.3064693478435005	-0.003861207313480263
TMEM51	0.1394751604703858	0.0011936284233055616
TMEM52	-0.444818390652851	-0.0002904664090963117
TMEM52B	0.0010673970525635	1.8380577245143472e-06
TMEM53	-0.1027642235951334	-7.152389962221285e-05
TMEM54	-1.2137989046596984	-0.004057729738277372
TMEM59	-0.097775020951347	-0.0010186201682711332
TMEM59L	0.1317197054428466	0.0009385029012802822
TMEM60	0.0565492274336726	0.0004685668985154111
TMEM61	-0.7726396751568988	-0.002067583770719861
TMEM62	0.8303614965758784	0.0019496887939601624
TMEM63A	-1.022494003171362	-0.010192220223612136
TMEM63B	0.2227292525825896	0.001889189520405525
TMEM63C	0.129540203419913	0.0006144091848206474
TMEM64	0.6920765106083613	0.0035427396578042018
TMEM65	-0.0781237920186705	-0.0001551538509490796
TMEM67	0.2051351455108866	0.006146874635233716
TMEM68	0.4890994441194088	0.0017558670043886775
TMEM69	0.2737174809107136	0.007445662915733231
TMEM70	-0.721913733935941	-0.012513652664045602
TMEM71	1.08866435794924	0.008820358628104744
TMEM74	0.1129123663983811	0.0002108073880657775
TMEM74B	-0.4116124345192014	-0.000793177161318501
TMEM79	-0.2547204538327536	-0.001505397882151574
TMEM80	-0.5876921994635933	-0.0025887841386371285
TMEM81	-0.1392085684880567	-0.0010781703629399993
TMEM82	0.1153281684788991	0.00011256029243540551
TMEM86A	0.410101908666907	0.0008579331929311695
TMEM86B	-0.5173897527635297	-0.0008091975733221605
TMEM87A	0.5831470143181687	0.01144775903807997
TMEM87B	0.154059113956692	0.00152056345475255
TMEM88	0.2912703444413421	0.00217462439159906
TMEM89	-0.7607542933807514	-0.0009418138152053702
TMEM8B	-0.4858846849222338	-0.0011879880546348618
TMEM9	-0.7470731321972841	-0.007479696199559209
TMEM91	0.3155113754240549	0.0026102256088832063
TMEM92	0.1059821728987246	7.185591322533527e-05
TMEM94	0.4202753004934628	0.010391727080001361
TMEM95	-0.3404001777063892	-0.004041911710085665
TMEM97	1.1350804784844717	0.00241658633869344
TMEM98	-0.1805811503974136	-0.0011450650746699996
TMEM9B	0.2110566151297398	0.0015886231420815515
TMF1	-0.6796403962722193	-0.03274915213477316
TMIE	-0.4749606784916009	-0.0044085850177590395
TMIGD1	0.4482784522988065	0.022313956520077692
TMIGD2	-0.1340177652667133	-0.004114077358157565
TMLHE	-0.8501517770245339	-0.003625047177232613
TMOD1	-0.1116345640734413	-0.00014869723934582383
TMOD2	0.4529248622412414	0.09096452348280644
TMOD3	-0.4059642282225538	-0.03762517063589451
TMOD4	0.6670910665684224	0.5699205805388663
TMPO	-0.9129114100326974	-0.0278501883858675
TMPPE	-0.2423239095453206	-0.0020381864031856914
TMPRSS11A	0.4290561680844724	0.004507235045727383
TMPRSS11B	-0.7393930721288415	-0.005708853909906786
TMPRSS11D	0.7420574986190258	0.005059348025584518
TMPRSS11E	-0.0031167335739294	-2.436350634740612e-05
TMPRSS11F	-0.5536351455911079	-0.00494230094469182
TMPRSS12	-0.2935634287706576	-0.001443744942694094
TMPRSS13	0.1812404924236542	0.0019887519233647575
TMPRSS15	0.1129416409753789	0.005089263283991548
TMPRSS2	0.0731390859421615	0.0035522922651248416
TMPRSS3	0.8662774278630034	0.004468258972917372
TMPRSS4	0.7359484415111892	0.001097299126293183
TMPRSS5	0.917455181254256	0.011514979979922166
TMPRSS6	-0.1599198909312256	-0.0013714729846261908
TMPRSS7	-0.3900869078839041	-0.0030239537099160246
TMPRSS9	-0.746212796782522	-0.017987459466442694
TMSB10	0.9400170494212556	0.01075755511357685
TMSB15A	-0.4464394228896245	-0.0030094481496989586
TMSB4X	-0.2236386392403802	-0.0022858105316759256
TMSB4Y	-1.4995374095324134	-0.009372108809577584
TMT1A	-0.3505486750633122	-0.0009450792279706898
TMT1B	0.3925607793533726	0.00046636220587180664
TMTC1	0.7128336780561402	0.005369063263118847
TMTC2	0.4160676082798503	0.0033863742637897016
TMTC3	-0.0483653008032657	-0.0003178567568790621
TMTC4	0.0412968914402414	0.00038137679245062937
TMUB1	0.3542348020683777	0.010427964103288903
TMUB2	0.2857206575625689	0.001993473027814043
TMX1	0.6805121822336497	0.019687217432019486
TMX2	-0.6143777925129428	-0.04500255892378054
TMX3	-0.0692898981892725	-0.0020360836582917724
TMX4	-0.1056243147618936	-0.0007089504006818298
TNC	0.3862304047992152	0.013653631040057058
TNF	-0.2974514377903483	-0.012375169617829652
TNFAIP1	0.860245569093224	0.024443017600214865
TNFAIP2	-0.7065406330935686	-0.012733981830245388
TNFAIP3	0.0723876754084089	0.0027591286358669134
TNFAIP6	-0.2041949909378403	-0.005576361007521481
TNFAIP8	0.0433530679348304	0.0004898029615277139
TNFAIP8L1	0.0703491416482986	0.00037622720953510094
TNFAIP8L2	0.3097976384853624	0.0017946577197457045
TNFAIP8L3	0.0273489945596783	0.00015646359787591959
TNFRSF10A	-0.2776093316675897	-0.0075748482238818535
TNFRSF10B	-0.2822106251447429	-0.005672715776034477
TNFRSF10C	-0.4493486623700955	-0.01359189833937065
TNFRSF10D	-0.8806085883808364	-0.012073143746701268
TNFRSF11A	0.2860984672922352	0.008557491255178047
TNFRSF11B	-0.1602677775226923	-0.0040698399424112484
TNFRSF12A	-0.8067497677720764	-0.059229954450290306
TNFRSF13B	-0.3065231720160131	-0.007739710093404331
TNFRSF13C	-0.6673436503116343	-0.022023007803934246
TNFRSF14	0.75578480396131	0.08399943468186792
TNFRSF17	-0.594063150395854	-0.028259584064330774
TNFRSF19	0.0780398237966919	0.00016895621851983794
TNFRSF1A	-0.1183266033418506	-0.0031903218793029762
TNFRSF1B	-0.685865141070537	-0.013755025404169618
TNFRSF21	0.6381862887601755	0.016246308352967788
TNFRSF25	-0.220869064560974	-0.013701833289104582
TNFRSF4	0.1563296544652164	0.008392713829619607
TNFRSF6B	-0.0649221303932459	-0.0011510044497418568
TNFRSF8	0.3636856985484703	0.008250937442969146
TNFRSF9	0.6066059342899319	0.011220996572495161
TNFSF10	-0.5963532329016797	-0.017681873355534804
TNFSF11	-0.0337934368519043	-0.0009501024770912894
TNFSF12	-0.4859080883362458	-0.008423216711308822
TNFSF12-TNFSF13	-1.16034455960117	-0.07715130976788177
TNFSF13	-0.0665992594463817	-0.008783909526902176
TNFSF13B	-0.5303279788030095	-0.015488228620941893
TNFSF14	0.1473581555605468	0.01768916770979916
TNFSF15	0.1213042646789827	0.005403983687184
TNFSF18	0.5025596367960846	0.032529680170536965
TNFSF4	-0.1075851510051209	-0.012550776131106398
TNFSF8	0.3670181590449893	0.011864596027447369
TNFSF9	-0.3368370397457384	-0.03916943200387294
TNIK	-0.5651988516489689	-0.03241358894321671
TNIP1	-0.5927953680812073	-0.022839219941432752
TNIP2	0.1670644916572043	0.00449620666397034
TNIP3	-1.2088026704171495	-0.0357648446096322
TNK1	-1.6943931277534356	-0.018363832718591735
TNK2	0.0776559521021714	0.0014820638458699412
TNKS	-0.002512957748284	-6.132119497362617e-05
TNKS1BP1	0.457653704247024	0.01401244111663538
TNKS2	-0.2713952215366326	-0.006273300545819262
TNMD	0.0089000105165691	7.689609086315701e-06
TNN	-0.1268137682664392	-0.0033472494133926626
TNNC1	0.4034986777064695	0.07858580596878971
TNNC2	0.0736352280941886	0.008930112287122722
TNNI1	0.4089122383358566	0.03603375535439402
TNNI2	-0.5874752925388549	-0.013150634423482266
TNNI3	-0.7275619458881871	-0.06110938295904061
TNNI3K	-0.9050737726178648	-0.023477613661707416
TNNT1	-0.4749710845834786	-0.03212181947929607
TNNT2	-0.742204931296075	-0.0621373968481074
TNNT3	-0.2919243472054155	-0.020798150116649827
TNP1	-0.0262278710592013	-1.5264620956455158e-05
TNP2	-0.379263064525861	-0.0001683928006494823
TNPO1	-0.1790245875485782	-0.013706122422719147
TNPO2	0.4284217202016338	0.07025773473930634
TNPO3	0.5606993702716798	0.042932190082332254
TNR	-0.9137341578476804	-0.022643246165623368
TNRC18	0.7371438229965181	0.01760594306844884
TNRC6A	-0.6374945822310158	-0.01919559936555812
TNRC6B	-0.033312778259744	-0.001028265526543518
TNRC6C	-0.1776436356004525	-0.005332151366183182
TNS1	0.0470428172526541	0.0018165113453939856
TNS2	0.1995091881615503	0.004481375384484743
TNS3	-1.380262059741035	-0.08527259005080115
TNS4	-0.3096557055311451	-0.010279021145106362
TNXB	-1.154174010119938	-0.028253025593725965
TOB1	0.8508671999538526	0.0009827516159466997
TOB2	-0.1882912101550023	-0.004708786583556297
TOE1	-0.447993009620532	-0.0006401820107477403
TOGARAM1	-0.4133046010696211	-0.011745290153196492
TOGARAM2	-0.1329023622361726	-0.0011193036947530458
TOLLIP	0.3807473215656182	0.03389108058719881
TOM1	-0.7114151451090553	-0.0323992685385566
TOM1L1	-0.0445435585333392	-0.0010755487643460085
TOM1L2	0.2860845617988068	0.007289148550071799
TOMM20	0.3210990387943453	0.044429510700857176
TOMM20L	0.878902942483595	0.02673359080152351
TOMM22	-0.5139137095945707	-0.02821386265674193
TOMM34	0.7677858868676062	0.003058091187393676
TOMM40	0.1449476708077565	0.00819882005156994
TOMM40L	0.5363457628179218	0.01644221570494621
TOMM6	-0.5368986234227764	-0.0032063585790808205
TOMM7	0.6018576013227009	0.10778727967848384
TOMM70	0.1918600787036077	0.010263554910249493
TONSL	-0.368285660075476	-0.01142458946120134
TOP1	0.1083130895675115	0.0009227192100256305
TOP1MT	-1.0231707570501851	-0.03429770694707926
TOP2A	0.0101523792303573	0.005738825255164841
TOP2B	-0.4501988013050836	-0.19903018886416962
TOP3A	0.41800189081489	0.000250801134488934
TOP3B	0.1306929839600343	0.0007712192983481623
TOP6BL	0.384381906063902	0.0009459638708232629
TOPBP1	0.0632817157784045	0.008924936784807278
TOPORS	0.0409341872383995	0.002300214783487383
TOR1A	-0.2769211200663222	-0.010362942155121908
TOR1AIP1	-0.4509753478304473	-0.013663200113219063
TOR1AIP2	-0.0305415931370265	-0.0007189796440387409
TOR1B	0.9504806659149168	0.03068626829906309
TOR2A	-0.4617831969455838	-0.004154201639722472
TOR3A	-0.1898510512391022	-0.0014069861407329865
TOR4A	-0.9154796522966622	-0.0013118823417411169
TOX	-0.0098006054689722	-0.0002250611039894776
TOX2	-0.1504943332200833	-0.012741602722078353
TOX3	-0.0605058232650851	-0.00115178885167416
TOX4	-2.1003157693561736	-0.06016564552897695
TP53	-0.3959751234578495	-0.009802760156322523
TP53AIP1	-0.8052517017857068	-0.0005459606538107092
TP53BP1	0.0773134521467535	0.0016391224989633212
TP53BP2	-0.2281791230728816	-0.005400087126642816
TP53I11	-0.151165929778783	-0.004705795394013515
TP53I13	0.1519286404709645	0.003564549762729769
TP53I3	0.0180008278904368	0.0001015966726136253
TP53INP1	0.0346039528406082	0.0002498405395091912
TP53INP2	0.2828048438933571	0.00246238177577946
TP53RK	0.036624546202182	0.0039042498742450056
TP53TG3	-0.1947173097470367	-0.00011799868970670423
TP53TG5	-0.8962671224796902	-0.0008765492457851369
TP63	-0.3261407681646197	-0.009778352511111628
TP73	-0.0898287561287366	-0.002318300538170434
TPBG	1.3981611985897415	0.06714808972347093
TPCN1	0.1252841724463113	0.001381258001220582
TPCN2	1.2137974607501938	0.00858518943988612
TPD52	0.6369734164071812	0.07918917210115717
TPD52L1	-0.3776610224179011	-0.0106413546286692
TPD52L2	0.0258428140314159	0.000651755769872309
TPD52L3	-1.147905504059656	-0.009626335557044275
TPGS1	-0.2541580990617993	-0.008059861637447778
TPGS2	0.2601423724043443	0.0032705099058674162
TPH1	0.5813254402731436	0.019929580068884182
TPH2	0.7208071645818548	0.0038253236224359034
TPI1	-0.075883137453764	-0.0004824649879310315
TPK1	-0.4037692193419347	-0.005544558920003447
TPM1	-0.4083123146260761	-0.023386496132523135
TPM2	-0.7134972903308139	-0.03241846288347086
TPM3	1.2631751657787336	0.0859957021110504
TPM4	0.4971326907244218	0.017442894719447787
TPMT	0.2827958728861364	0.00013630761073111773
TPO	0.8040858124629477	0.006630491609569467
TPP1	-0.5494342261357349	-0.002505969505405087
TPP2	-0.227479207711906	-0.011406489912298102
TPPP	-0.0140547234740357	-1.3689300663710772e-05
TPPP2	0.3030865562784666	0.0008447022323480864
TPPP3	0.5301000337544028	0.004752346802608222
TPR	0.4654785404578908	0.016124642120001795
TPRA1	1.06305744612071	0.009010474913319138
TPRG1	0.6230226251604564	0.004782944693356823
TPRG1L	0.0689086223565307	0.0005125423330878754
TPRKB	0.0211831652524707	0.00015669187337252578
TPRN	0.0729163131509753	0.0017356999182458158
TPRX1	0.0600164968153791	0.0007522467710839617
TPSAB1	0.1854009200767262	0.0010877471980901526
TPSD1	-0.1099964846399595	-0.00010163675180732257
TPSG1	-0.7704995042506357	-0.008127999270339956
TPST1	-0.6930887220860718	-0.008861832400592514
TPST2	-0.1561336138020422	-0.0037339353740758387
TPT1	-0.0288894739992186	-0.00016582558075551476
TPTE	0.35545438025271	0.006338462508666325
TPTE2	1.0894287844767878	0.047389062695955796
TPX2	-0.2873824667289989	-0.00984083780820111
TRA2A	0.4988408236623106	0.0002509169343021422
TRA2B	-0.68883307232829	-0.0003485495345981148
TRABD	0.1711385088031157	0.017297140223239707
TRADD	0.0475807797166334	0.004145760917489985
TRAF1	-0.0887475378191178	-0.002049979376083802
TRAF2	-0.2470804239130209	-0.006276831089086383
TRAF3	0.2459552161946184	0.016732579312936084
TRAF3IP1	0.4746555740792512	0.05068894341149731
TRAF3IP2	-0.2297122185915831	-0.015941798258037276
TRAF3IP3	-0.1477603687120968	-0.0037474984712761988
TRAF4	-0.3366122022485788	-0.009772862067882988
TRAF5	-0.4987362984401222	-0.02225560858159201
TRAF6	0.6677207681480509	0.02222041172243084
TRAF7	-0.6227200502555748	-0.01745920204901555
TRAFD1	-0.107307365008487	-0.006324052249410173
TRAIP	-0.173135128968544	-0.012466248691122072
TRAK1	-0.0644019668035596	-0.0038786728527111804
TRAK2	-0.7610203537160001	-0.017403774469131206
TRAM1	0.4944252916249098	0.009476649564574646
TRAM1L1	-0.0818585112331465	-0.002045562337205098
TRAM2	-0.1954639211385489	-0.010924087624591221
TRAP1	0.3480661740291729	0.031560552263921224
TRAPPC1	-0.5947352349857377	-0.06175552259521404
TRAPPC10	1.358961854547345	0.047151899467229225
TRAPPC11	-0.7056687681531739	-0.022409923070240343
TRAPPC12	-0.8062510014570493	-0.06609403834644453
TRAPPC13	-0.692388298413077	-0.023989177375117878
TRAPPC14	-0.7231468784290718	-0.006369477705203264
TRAPPC2	0.0371148225460266	0.0016055872233411107
TRAPPC2L	-1.002370378254881	-0.12626558943763258
TRAPPC3	-0.6832516718230207	-0.04689292874055755
TRAPPC4	-0.3516058074059757	-0.049329943173250984
TRAPPC5	0.1058015075487061	0.0118565401419382
TRAPPC6A	0.43157436699048	0.033257983869020374
TRAPPC6B	-0.4742963941753977	-0.030506744073361583
TRAPPC8	-0.8976988686479006	-0.05833606328021517
TRAPPC9	0.477808242337052	0.039423480266987825
TRARG1	1.0347782610341394	0.0050704134790672825
TRAT1	0.229961329320576	0.009787384137213036
TRDMT1	-0.2065443218647429	-0.00022554639947629926
TRDN	0.0682271628135837	0.0020625753590174487
TREH	0.7995151360624266	0.005962783884753578
TREM1	-0.0878605560922858	-0.005912927564454742
TREM2	-1.0559875808232926	-0.004621001653682728
TREML1	-0.1976986606720865	-0.0008819337252581778
TREML2	1.044277133606859	0.007921886335541632
TREML4	0.5413293934041127	0.008457189113152453
TRERF1	0.0609667938343157	0.0011956807606785995
TRH	1.0159065555158673	0.03924853386580002
TRHDE	-0.1041881704148499	-0.0017573418703872733
TRHR	0.2079699506051562	0.007052261025020847
TRIAP1	0.08209629773337	0.01596518492391073
TRIB1	-0.4782462842863176	-0.011234483464169888
TRIB2	0.5000847856011582	0.010286744039815825
TRIB3	-1.1000375158316655	-0.026677009796433723
TRIL	0.6825846964756204	0.022211988608013163
TRIM10	0.0436369995348018	0.00023101427553724074
TRIM11	1.2098485681523683	0.03065514301984471
TRIM13	0.3996050623898391	0.003645596984182502
TRIM14	-0.6954497344266934	-0.015195576697223252
TRIM15	-0.7067281957926145	-0.007805106194333634
TRIM16	-0.7531455316235929	-0.005191432149481426
TRIM17	0.2980651368763993	0.00197676798776428
TRIM2	0.0403748578976515	0.0009989143592457957
TRIM21	1.4048767285858572	0.03944893853869087
TRIM22	0.2177030135567261	0.006234796605251079
TRIM23	0.2543177948161658	0.025827752288145347
TRIM24	-0.2681762543667005	-0.008575472085883981
TRIM25	-0.7818937629101845	-0.037607526208454055
TRIM26	0.2031405807264167	0.003606964151378255
TRIM27	-0.0316249570947095	-0.0007061852919248631
TRIM28	0.7126905731760298	0.021483344637818244
TRIM29	-0.0034105447469804	-8.94585887132959e-05
TRIM3	0.2129596772558806	0.006093841164677024
TRIM31	0.8203202662039095	0.01322110173040841
TRIM32	-0.3742681271770343	-0.013244974752668065
TRIM33	-0.4078839635542146	-0.012764728639429146
TRIM35	-0.6584658035176442	-0.01481087131852237
TRIM37	-1.1725099717620044	-0.05550662206321329
TRIM38	0.3988947697238322	0.007257491440355403
TRIM39	1.1234130192465617	0.03394055413747712
TRIM4	-0.5478307665380178	-0.014262226176050755
TRIM40	-0.7633181555755503	-0.016104486446332958
TRIM41	0.3763753047173599	0.013153564149262295
TRIM42	-0.3291118812996321	-0.00037551665656288024
TRIM43	-0.5403373787324789	-0.0005187238835831797
TRIM43B	1.044063793277734	0.001209025872615616
TRIM44	-0.1389965975582723	-8.242498235205546e-05
TRIM45	0.544838396378851	0.007419609281887193
TRIM46	-0.0670659148812975	-0.0011654044028923066
TRIM47	0.3416350112023311	0.009482421370931901
TRIM48	-0.2467653894830482	-0.00016952782257485412
TRIM49	-0.3306625807220266	-0.00017591249294411816
TRIM49B	0.3330725265221936	0.00019851122580722737
TRIM49C	0.7007655012605194	0.0003707049501668147
TRIM5	-0.1465703364904502	-0.004458816206375986
TRIM50	0.163688110218564	0.004397808457242159
TRIM51	0.6989470239754852	0.0009554605817744883
TRIM51G	0.2069677687233459	0.0004518106391230641
TRIM52	-0.1616124423882793	-0.0011962552985580433
TRIM54	-0.411979395821778	-0.005856287111606575
TRIM55	-0.0006377861607111	-8.090955234781014e-06
TRIM56	-0.7132766804992424	-0.020677890967673036
TRIM58	0.3958233083530487	0.009008146851498682
TRIM59	-0.0909608398448165	-0.004874227563924337
TRIM6	-0.5560451422585158	-0.016238742334517695
TRIM6-TRIM34	-0.6641484157590709	-0.020605204598925175
TRIM60	1.07267433770715	0.020261745564950355
TRIM61	-0.5257616978681372	-0.007750253188274211
TRIM62	1.8137500147369825	0.05161025666934084
TRIM63	-0.8766900152966035	-0.020505779457787556
TRIM64	-0.8410862664792249	-0.00046427961909653213
TRIM64B	-0.4595794436080493	-0.0002541474323152513
TRIM64C	1.265143775187738	0.00070468508277957
TRIM65	0.8591879012992796	0.012691923677992958
TRIM66	0.2472453657343259	0.005929685606406338
TRIM67	-0.5500617601971766	-0.007355425857356645
TRIM68	-0.0009033612104575	-2.5458525633113264e-05
TRIM69	0.7438658568756611	0.01646175141265838
TRIM71	0.8199547381194005	0.03470130447195115
TRIM72	0.1381133272623529	0.0032400005442475366
TRIM73	0.104037295628824	0.0010523372452855549
TRIM74	-0.2513813113467235	-0.0007679699061642402
TRIM75	0.1106665528629202	0.002846233073081444
TRIM77	1.1567067621693257	0.001725806489156634
TRIM8	0.800075880770678	0.01051459722508825
TRIM9	1.0454179517189908	0.014645260085631343
TRIML1	0.0965217069949869	0.0011538204854180732
TRIML2	-0.4231645009113953	-0.0014142157620458831
TRIO	-0.5712354018695136	-0.016473857754514903
TRIOBP	0.3618988359056257	0.00034271819760262756
TRIP10	-0.1285425843412511	-0.00824934889268413
TRIP11	-0.0492926117524253	-0.0013078315750153482
TRIP12	0.2805486341750314	0.006925623583244825
TRIP13	-0.1111150441421758	-0.004668498579633516
TRIP4	0.4689768681168369	0.024640044650858613
TRIP6	-1.1503849144024345	-0.0276897648896666
TRIR	0.0533304008196542	0.0003247821409916941
TRIT1	0.3013515533095072	0.09482749868611587
TRMO	-0.476342749253417	-0.004813443481205779
TRMT1	-0.5336892764734448	-0.004135558203392724
TRMT10A	0.3079109600003	0.001028422606401002
TRMT10B	-0.2174320376806072	-0.0012993738571793088
TRMT10C	-0.5894221331693905	-0.13087705871533098
TRMT11	0.2711908945758515	0.00011552732108931274
TRMT112	0.1630357256371758	0.0010342986434422432
TRMT13	0.0114204314797983	1.627411485871258e-05
TRMT1L	0.9878072332712072	0.005415159252792758
TRMT2A	1.5072571955551424	0.0008018608280353358
TRMT2B	0.016980151127476	0.0008099192484783503
TRMT44	-0.3760419131265715	-0.009524389575669803
TRMT5	0.5228199729751499	0.00022899514816311569
TRMT6	-0.2187833099094248	-0.00010961043826462183
TRMT61A	-0.4900414349064338	-0.0002131680241842987
TRMT61B	0.8269420508839209	0.0004085093731366569
TRMT9B	-0.0615147890828771	-0.00015058820367488314
TRMU	0.4360314915097775	0.0003217912407342158
TRNAU1AP	1.2388468856705397	0.0007457858251736649
TRNP1	-0.3830493775066719	-0.0023775874861839126
TRNT1	0.0542691543575752	3.712010158058144e-05
TRO	1.2875059866983736	0.03597034225637916
TROAP	0.2480947876977016	0.005970649160732887
TRPA1	0.0266992583726321	0.000555104280825394
TRPC1	-0.1885902174869506	-0.00726864416238205
TRPC3	-1.2231328624541922	-0.0516993798302138
TRPC4	-0.7628586890739861	-0.0178882734000959
TRPC4AP	-0.1143394010176223	-0.004061449863546961
TRPC5	-0.1184662298198372	-0.002987244451137015
TRPC6	0.5030491335386174	0.016793289224919666
TRPC7	-0.476204007991115	-0.010710304343728168
TRPM1	0.5966672092748323	0.018101689794979864
TRPM2	0.2087738579397643	0.002897572374345989
TRPM3	0.6886325304371519	0.038731448041907174
TRPM4	-0.7330494952615624	-0.012673692723577152
TRPM5	-0.8558608224798394	-0.010199293421492247
TRPM6	0.0392170615373897	0.0006012759874912589
TRPM7	-0.5013299037704682	-0.013121808901288234
TRPM8	0.0053846757885254	0.00013696461335693206
TRPS1	0.8770791857592346	0.023925843108326163
TRPT1	-0.9193443776710368	-0.0029042088890628053
TRPV1	-0.9221186521003044	-0.03145623357909768
TRPV2	-0.813194186510609	-0.016607051676919657
TRPV3	0.6800553443153617	0.011373925633674425
TRPV4	-0.8904867238206038	-0.0277858572433743
TRPV5	0.1275686084005248	0.003990473639376817
TRPV6	-0.0564499142434475	-0.0016942877261028333
TRRAP	-0.0512038915908045	-0.0031755117447869225
TRUB1	0.2058484107183605	0.00010168911489487008
TRUB2	1.2706938936343253	0.0005197138024964391
TSACC	0.4095988124460228	0.0002592760482783324
TSBP1	-0.6404984676875018	-0.0007051888129239396
TSC1	1.2924452684383954	0.07652697678950583
TSC2	0.7606903032607992	0.10159855759381561
TSC22D1	0.0778492933498827	0.0049778395153782
TSC22D2	0.4949549982401586	0.02268230270435175
TSC22D3	-0.4596325555476812	-0.037910033549017196
TSC22D4	0.4868767937399606	0.014580012465336861
TSEN15	1.063604342117174	0.019565001873245415
TSEN2	-0.586933839963696	-0.07778868954574848
TSEN34	-0.9933873382772986	-0.0005990125649812111
TSEN54	-0.3013290278318341	-0.007410886110496127
TSFM	-0.7572469600371955	-0.006622124665525274
TSG101	-0.676964853132437	-0.056663989101744375
TSGA10	0.6808504666539802	0.004744846902111588
TSGA10IP	-0.7402631398548954	-0.0005774052490868185
TSGA13	0.5756471999533991	0.00031948419597413653
TSHB	-0.7794845418834304	-0.028084828044059998
TSHR	0.1827514296340386	0.007383888762933695
TSHZ1	-0.0964063517026578	-0.002750376807725124
TSHZ2	-0.1023183941096651	-0.0029912782517960593
TSHZ3	0.3636134549154107	0.011034941129772883
TSKS	1.266222319209663	0.00748084146189069
TSKU	0.3146992023350971	0.008228125344253448
TSLP	-0.0956152832508614	-0.002276504278919759
TSN	0.0206817270855857	0.00043936261020618257
TSNARE1	-0.5480015223217738	-0.023255540602769117
TSNAX	1.1819774460343146	0.09766797834326145
TSNAXIP1	0.1225401774350742	0.00535083938787995
TSPAN1	-0.4849089101913817	-0.005590999734506631
TSPAN10	0.300189713977121	0.0026452717595663905
TSPAN11	0.08816812977939	0.0006350750388009461
TSPAN12	-0.2986001861281849	-0.007545626703459232
TSPAN13	-0.3685095330988081	-0.0020584942518899418
TSPAN14	0.0779451650255685	0.0005383672548316017
TSPAN15	-0.9137027012539456	-0.04056839993567519
TSPAN16	0.1981579816880577	0.0016292549254392104
TSPAN17	0.0639043250878995	0.0005775672901444357
TSPAN18	-0.3960835361269275	-0.004414351010134607
TSPAN2	0.4249199708335038	0.008945415225986922
TSPAN3	0.3977539047949191	0.005827890213055155
TSPAN31	0.1273569265669946	0.0010118507815747723
TSPAN32	-0.7857061398633638	-0.0058731533954786445
TSPAN33	0.5581393218844926	0.005305114254512101
TSPAN4	-0.592905110483813	-0.007559540158668616
TSPAN5	-0.4122766293967037	-0.0039397154705149
TSPAN6	-0.1941173772938988	-0.0026003963862290683
TSPAN7	-0.2979133046147048	-0.0042780350542671606
TSPAN8	0.2291469798616868	0.002305218617408569
TSPAN9	0.7371612065595936	0.007173315701031405
TSPEAR	0.3433238044941694	0.00436261558370741
TSPO	-0.3067176729508985	-0.004978027831993083
TSPO2	0.3473081966866842	0.0007342095277956505
TSPOAP1	-0.3558143502326326	-0.005048649815450824
TSPY1	0.7660225289105875	0.0026481398824439012
TSPY2	0.3340628123933081	0.0011338091852628877
TSPY3	0.7995431995728969	0.0025089665602597505
TSPYL1	-0.1350431453230676	-0.0001554346602668508
TSPYL2	0.7661737640382873	0.02349854934305427
TSPYL4	-0.1369516082157306	-0.0015123566095263132
TSPYL5	0.0721949770465951	0.00037454754091773533
TSPYL6	-0.0783601673331901	-0.00038702086645862584
TSR1	-0.3666660743661383	-0.0001734330531751834
TSR2	-0.8983741349751615	-0.00047164642086195975
TSR3	0.0496776261100785	3.8847903618081384e-05
TSSC4	-0.6519270661876169	-0.010526014410665262
TSSK1B	-0.5686986372298772	-0.00039069596377692566
TSSK2	-0.5935644963131141	-0.002659762507979064
TSSK3	-0.8036364283009709	-0.002351440189208641
TSSK4	0.0783441673609671	0.003566931595777471
TSSK6	-0.1364774868070926	-0.005764536087757977
TST	1.0456011066749529	0.00599965915010088
TSTD1	0.0587786504845917	0.00012349394466812716
TSTD2	0.1423187980090507	0.0002462115205556577
TTBK1	0.020172174253656	0.0003962621910388184
TTBK2	1.243358460536744	0.008043285881212198
TTC1	-0.2802917431777256	-0.019218203370980756
TTC12	0.3407775751784059	0.06262367265781012
TTC13	0.6785796145041851	0.006827189501526607
TTC14	-0.1448689435145361	-0.06676632947331831
TTC16	-0.3521957164892336	-0.003844568441196474
TTC17	0.5128375185026167	0.004199113601499426
TTC19	-0.3358068038733992	-0.007743033283712838
TTC21A	0.7745543051087573	0.07637182903802858
TTC21B	-0.2569853202973708	-0.024147882607062743
TTC22	0.1141691618323618	0.0033419597051568945
TTC23	1.620618248379324	0.014650388965349087
TTC23L	0.0694685661735882	0.00015929142223603774
TTC27	-0.2989694399837262	-0.025488639605812578
TTC29	0.003806921655436	5.904535487581236e-05
TTC3	0.6766641855365682	0.016581655866573602
TTC31	-0.6351277545861604	-0.0004515758335107601
TTC32	0.4189390474618339	0.0019375930945109818
TTC33	-0.1161868935202756	-0.00039271170009853157
TTC36	0.9109554626292852	0.01918381108751012
TTC38	0.3633137116493604	0.0006684972294348231
TTC39A	-0.5701157688458438	-0.01727963883794868
TTC39B	-0.1499274325914678	-0.0035459337082208043
TTC39C	0.471314199763761	0.0032530106067694786
TTC4	0.0558557642393672	0.0029997896742394547
TTC5	-0.1639652886309956	-0.0006171653464070675
TTC6	0.2765922175514388	0.0017815304732488172
TTC7A	0.4968159556956233	0.022617546383043252
TTC7B	-0.0457369877874151	-0.002493031730316422
TTC8	0.4324688557355974	0.004603630969305435
TTC9B	-0.0397781674295751	-2.899828405616025e-05
TTC9C	0.1327578351181166	0.00322482057285417
TTF1	0.8565007152016416	0.03477564203861705
TTF2	-0.4617421245838657	-0.08643581701147675
TTI1	-0.6569375846716284	-0.06543886668431026
TTI2	-0.6767292684588436	-0.028869947321722725
TTK	-0.560638917869079	-0.019036494456244578
TTL	-0.6314789688214383	-0.001674050746345633
TTLL1	0.3926253346314912	0.041574311433459334
TTLL10	-1.338152487840854	-0.0009768513161238232
TTLL11	0.3917297483619568	0.000334928934849473
TTLL12	0.0196345650859356	0.0002948522638954949
TTLL13	-0.2158811964462521	-0.0007808422875460938
TTLL2	0.461887471189156	0.0007113067056313002
TTLL3	0.6810839496601988	0.004494472983807652
TTLL4	-0.829631172301631	-0.0022176041235622596
TTLL5	0.1857253632325948	0.0007770749197651768
TTLL6	1.428987399964254	0.0008373866163790529
TTLL7	-0.0098337225632988	-0.00030998843636286807
TTLL9	0.0825856254054267	0.00012486946561300518
TTN	-1.0476180425383823	-0.03144216031070447
TTPA	-0.1150568583658806	-0.0002921293633909709
TTPAL	0.1302222700648226	8.907203272433866e-05
TTR	0.3503878240215191	0.01068893095960046
TTYH1	-0.9935054077070602	-0.006449837106834235
TTYH2	0.1743166980601867	0.0013755330643929334
TTYH3	0.5301498700429588	0.003841465958331279
TUB	0.008038475317796	0.0007584462231846881
TUBA1A	0.435588516761951	0.08533832426141763
TUBA1B	0.642395632858612	0.15215590241199228
TUBA1C	1.5035679139833986	0.2645798386878307
TUBA3D	-0.0567291834182443	-0.0027005927766255203
TUBA3E	-0.6985564866328822	-0.02747771940170442
TUBA4A	1.1491484164642705	0.25533618154469506
TUBA8	-0.3772562377204011	-0.08180122453739001
TUBAL3	0.7754888472350043	0.01939962900243087
TUBB	-0.5401484915317245	-0.03118979434651637
TUBB1	0.2851413490331916	0.02064024169111661
TUBB2A	-0.3738665436035131	-0.017414703601051643
TUBB2B	-0.4510382583795843	-0.02785025934016419
TUBB3	-0.3055297597369025	-0.018637009814191315
TUBB4A	-0.7336931695528544	-0.049683500362610634
TUBB4B	0.0489183276788406	0.003448057244770758
TUBB6	0.2354289203129005	0.007470865928289271
TUBB8	-0.8127059115597854	-0.05092821594789396
TUBD1	-0.0098812767065599	-0.001022099499973143
TUBE1	-1.5613509456946049	-0.14354904459621629
TUBG1	-1.181207750503208	-0.038518003536159105
TUBG2	-0.5671063609360318	-0.020103353388821393
TUBGCP2	-0.6538341558053482	-0.04740363013004355
TUBGCP3	-0.0599931726391542	-0.00752932314573177
TUBGCP4	-0.0361959259587722	-0.0037709277623108463
TUBGCP5	-0.0752833125257472	-0.005017030513340845
TUBGCP6	-0.5768493380143421	-0.017188379724813352
TUFM	0.322285346889971	0.0002471928610646078
TUFT1	-0.8400307481324297	-0.004323638260637615
TULP1	-0.1821620438322954	-0.0010084490746555873
TULP2	0.0556156904786804	0.00036850956511173637
TULP3	-0.1441857024117272	-0.004628216861714032
TULP4	-0.2919770223448228	-0.004571776215875235
TUSC1	-0.2529991332703142	-0.0013699903066587513
TUSC2	-0.5835316679627452	-0.0010631946990281218
TUSC3	0.2117945627157965	0.008632534581733148
TUT1	0.002377885020785	7.096560056030755e-05
TUT4	1.2299237062728705	0.0045285790864967096
TUT7	-0.1201044834404725	-0.0030887270006386314
TVP23A	0.4698175829656416	0.001994845457272114
TVP23B	0.2399488067121825	0.0008818118646672706
TVP23C	-0.1089687670292046	-0.0006605686657310383
TWF1	0.0686191337181969	0.0041391747650153556
TWF2	4.112350811466022	0.3034997145878154
TWIST1	0.1918277200815945	0.0027158968609152147
TWIST2	-0.3567107510849807	-0.011127948590847057
TWNK	-0.3872777401252752	-0.0051453720553044065
TWSG1	-0.6977469374047752	-0.02198809923843668
TXK	0.4895406098981326	0.015915454768398188
TXLNA	0.2863096751543194	0.015967490583356392
TXLNB	0.4437298836605016	0.002423208894669999
TXLNG	0.0804352713630478	0.002418286433530032
TXN	0.6347982235647887	0.05101873322790206
TXN2	-0.7475717757885177	-0.08219028374551701
TXNDC11	0.1761940075435207	0.0025056549812764077
TXNDC12	0.6072849842415093	0.0062853995868996215
TXNDC15	0.5713244316663507	0.014621906179636915
TXNDC16	-0.1048369414568771	-0.0016371336777905928
TXNDC17	-0.8020928726574026	-0.0017437499051571933
TXNDC2	-0.7140080075722237	-0.027411481418705242
TXNDC5	-0.1726801446175427	-0.009946376329970459
TXNDC8	-1.2680361257982136	-0.017122291806653277
TXNDC9	1.2236997995962235	0.01860880285245977
TXNIP	-0.6584535490237479	-0.01823982176150684
TXNL1	0.259490596971667	0.03264599302381148
TXNL4A	0.2174819650524432	0.01321877131785255
TXNL4B	-0.6382448439350494	-0.08683767873127103
TXNRD1	1.204166557637787	0.17299418016991738
TXNRD2	-0.4934105480185308	-0.06313582690335516
TXNRD3	0.463301082019109	0.04447597727167043
TYK2	0.6369127239063024	0.030026613455838718
TYMP	-0.98844309707542	-0.0010220501623759842
TYMS	-0.785655854490183	-0.09795950021710847
TYR	0.3147448392681845	0.0002546285749679612
TYRO3	-0.7433651817864837	-0.06251552505787972
TYROBP	0.3210487462943948	0.022890775610790347
TYRP1	-0.6451150613352243	-0.0008212314730797406
TYSND1	-0.2624134406708819	-0.018279195450252292
TYW1	-0.6726374862942934	-0.002829113267353798
TYW2	0.7628405362818578	0.0010878106047379293
TYW3	-0.6372310300354457	-0.00034665368033928246
TYW5	1.1392345465883786	0.006893508241406279
U2AF1	-1.5505165694460183	-0.0008775923783064463
U2AF1L4	-0.2176805091439869	-0.00010013303420623398
U2AF2	0.23273958967676	0.011261105046510032
U2SURP	-0.1984324563478114	-0.00011945633872138246
UACA	-1.1329989639960611	-0.04722226382039183
UAP1	-0.9539458461297204	-0.0035229220097570575
UAP1L1	0.453486009607044	0.0022320581392858705
UBA1	-0.6206353830129325	-0.05294516325406724
UBA2	-0.1861808510223906	-0.02076363322942109
UBA3	-0.7535445042638114	-0.04713646937521419
UBA5	0.2817138994394488	0.03362086361470158
UBA52	-2.5982551667913754	-0.4837197626567171
UBA6	0.5868664385951786	0.030497101348037053
UBA7	-0.0414003375425575	-0.000781886774828741
UBAC1	0.0388462141296689	0.0006692814232400655
UBAC2	0.1138359029615602	0.0027338830455248295
UBALD1	0.0017215705164524	2.45323798594467e-06
UBALD2	0.8038184067617369	0.001573876440439481
UBAP1	-0.0974968373965328	-0.0025080086451884096
UBAP2	-0.5344897595618732	-0.023894899190973103
UBAP2L	0.1527838711028963	0.021611584135246886
UBASH3A	0.7304205302971903	0.037984789257575084
UBASH3B	-0.8873307138682915	-0.07582862081504259
UBB	-0.4182279344494024	-0.05264736884435967
UBC	-1.7785577064283986	-0.13728331224379525
UBD	0.5523217917421701	0.11681219270092677
UBE2A	-0.4250569240434682	-0.29530192212533884
UBE2B	-0.4296056516055209	-0.3262622936892064
UBE2C	-0.0576819572505624	-0.002359480461334255
UBE2D1	-0.6538320615217397	-0.340094669792902
UBE2D2	0.2091157756093267	0.05832782682760706
UBE2D3	-0.0961763394432565	-0.02721751935708382
UBE2D4	-0.4784974305390367	-0.11301248013957077
UBE2E1	-0.2673914492675482	-0.014489140461460635
UBE2E2	-0.1486477032490116	-0.004345418309078356
UBE2E3	-0.9259925990732558	-0.22910260691451143
UBE2F	0.5268726853078814	0.14913184044908115
UBE2G1	0.1460076090032707	0.06767073057518189
UBE2G2	0.2192934613189187	0.10837285494265775
UBE2H	0.5315956426591568	0.08183861759173454
UBE2I	-0.3734965675146787	-0.03325239940583184
UBE2J1	-0.8019945585491123	-0.08758261776091435
UBE2J2	-0.1180143821545061	-0.004179361329619679
UBE2K	-0.1401927244034775	-0.025827285038679447
UBE2L3	-0.35044473573221	-0.19336699450337594
UBE2L6	1.314859583334901	0.7135716661566841
UBE2M	-0.6671843301854559	-0.0795250362364554
UBE2N	0.7260036191683361	0.1523017652327527
UBE2NL	-0.117807904227043	-0.028657597358557798
UBE2O	-0.2353617489405556	-0.007137580398371288
UBE2Q1	-0.0172037886623888	-0.00045543589725941875
UBE2Q2	-0.3914675499790304	-0.011804312502067682
UBE2QL1	-0.6543103396208504	-0.01668033348795434
UBE2R2	0.3451044195672796	0.06328007189395422
UBE2S	0.1162202011498275	0.014082982874330349
UBE2T	0.1954448623277997	0.04474280144297853
UBE2U	-0.6239137598392233	-0.1507874774779435
UBE2V1	-0.6419227836245942	-0.2903448846473221
UBE2V2	-1.1164638603355848	-0.10159039604351587
UBE2W	-0.8185780444768147	-0.012974462004957513
UBE2Z	-0.2719899409610044	-0.03473039556131065
UBE3A	0.0930689779388843	0.002786485199490196
UBE3B	0.0654445785351617	0.0014336943819697873
UBE3C	0.4112901372410256	0.01233582508627008
UBE3D	0.0218715204355195	0.0017524337033755645
UBE4A	0.4577932056213307	0.01382672818938105
UBE4B	1.4722906997768836	0.24005847088932067
UBFD1	0.7105388905746737	0.6937197244958806
UBIAD1	0.6120556169108813	0.0007919999682826804
UBL3	-0.6715490743498926	-0.0060002909793162905
UBL4A	0.1783013029305813	0.023465521273482084
UBL4B	-0.0719141941707817	-4.803868170608217e-05
UBL5	-1.7004014187088368	-0.001083155703717529
UBL7	0.0553857926847921	0.00020747517939723122
UBLCP1	-0.2281545444467237	-0.21814540458184595
UBN1	1.019162903393125	0.0018018800131990452
UBOX5	0.0215848201759272	0.001562503547715194
UBP1	0.0452331342412296	0.0009463224014607644
UBQLN1	-0.9741381583645312	-0.2362567534099914
UBQLN2	0.5731796003716358	0.1356876604367766
UBQLN3	-0.2025840810436316	-0.005844348154027728
UBQLN4	-0.6405404169465809	-0.038856462772813495
UBQLNL	0.2121310864290934	0.00011582357319028501
UBR1	-0.415375280498563	-0.012035498752445863
UBR2	-0.3817907301654881	-0.014692452668958479
UBR3	1.0560690877494854	0.03740174281173578
UBR4	0.867357910470695	0.0030470283394835517
UBR5	0.1234958376201221	0.0033441437869152863
UBR7	-0.011618607076504	-0.0005506522637838306
UBTD1	-0.2804048729168603	-0.0001631956360376127
UBTD2	-0.1099929230171078	-0.0009875164628475937
UBTF	-0.1711425389213831	-0.00016635054783158435
UBXN1	0.6796228139700247	0.025063130133586572
UBXN10	-0.6373598518488038	-0.01019393347046977
UBXN11	-0.1069665047840108	-0.008422221687178658
UBXN2A	0.2734910001296654	0.012274002594819254
UBXN2B	-0.1151987018019319	-0.004797910731348661
UBXN4	0.1180264501192971	0.005104761994109719
UBXN6	0.7756135048667115	0.03602569607404902
UBXN8	-0.0170553582148539	-0.0004966520312165456
UCHL1	0.5316025652878327	0.005739712897412729
UCHL3	0.037579852554897	0.0035301761893019143
UCHL5	0.6092408721964694	0.03348814302202333
UCK1	-0.029118535752092	-0.0010607300203772075
UCK2	-0.5636862454307514	-0.019667013103078914
UCKL1	-0.8844415047526424	-0.005428701956171719
UCMA	-0.0856278066636951	-0.0018295237171765094
UCN	0.0272267153149974	0.0009475713731078546
UCN2	1.019871758548441	0.04291314398444275
UCN3	-0.7577972463549365	-0.029021361143655
UCP1	-0.0685371328452672	-0.0002524222602691191
UCP2	0.4110588465503616	0.00512590381648301
UCP3	-0.8685405407540727	-0.00126459502733793
UEVLD	-0.3100732108420274	-0.009284832225453668
UFC1	-0.3412206014442211	-0.009734000097399297
UFD1	-1.6521169583975863	-0.1384077503067162
UFM1	-0.0933959664806104	-0.08949369620911754
UFSP1	0.2276822648872023	0.0014093532196517823
UFSP2	-0.0801911698549686	-0.0023997207579099355
UGCG	0.0717424718114041	0.00028639594747112516
UGDH	-0.3062255115485859	-0.03744556177767263
UGGT1	0.7911062564055237	0.022021233753304156
UGGT2	0.170749215394271	0.0026860559073672765
UGP2	0.6288906915111147	0.0007823400202398267
UGT1A1	-1.2939092237697196	-0.009926871564761288
UGT1A10	0.2499778967667773	0.0017843422271212564
UGT1A3	-1.41150028559048	-0.010841733693620476
UGT1A4	0.406077774063919	0.0029456881730596683
UGT1A5	-0.3914955719385142	-0.0028692710467373705
UGT1A6	-0.8774988106591475	-0.011296042189615206
UGT1A7	-0.3448976488017609	-0.00231909179054304
UGT1A8	-0.7636926380945697	-0.004023896510120288
UGT1A9	-1.1335124617191157	-0.006346536273165329
UGT2A1	-0.2159304135389584	-0.002715540880665941
UGT2A3	-0.5950432949472771	-0.004518758781829623
UGT2B11	-0.3436461232600571	-0.0021797473598385423
UGT2B15	0.1296950480249301	0.0009199269756408291
UGT2B17	-0.2586480638234564	-0.0019615869160370934
UGT2B28	-0.6886859812584651	-0.0035109211324556556
UGT2B4	-0.1388009006301115	-0.0009400984999677453
UGT2B7	-0.9090511493452982	-0.0061715482529052295
UGT3A1	0.466499234936337	0.003909263588766504
UGT3A2	-1.1788115654213287	-0.008434396750589606
UGT8	0.323173552494835	0.0027514996259410253
UHMK1	0.1658673990580151	0.004900386437769998
UHRF1	0.1562609165275586	0.004386087666012043
UHRF2	0.3936219428176843	0.014602586834650452
UIMC1	-0.4902917114222042	-0.026555669965760847
ULBP1	-0.1902319150294663	-0.007205794709401154
ULBP2	0.3249474001381004	0.0066234028570149005
ULBP3	-0.3506985461291769	-0.013338117804930983
ULK1	0.8754832365860649	0.033088888926770324
ULK2	0.4508928361406901	0.010617173612604829
ULK3	0.2003445478374789	0.040325150244179916
ULK4	-0.1795298548227611	-0.014769023506994442
UMOD	-0.4288358638011659	-0.004540085290062943
UMODL1	-0.757205017693227	-0.01408401332909402
UMPS	0.2115811464765986	0.006521988840141152
UNC119	-0.0077324489431948	-0.001570019630773102
UNC119B	-0.4793314755888928	-0.0033548409976466606
UNC13A	0.1973770932415876	0.006230602702357195
UNC13B	0.0494272363566414	0.005824060687139414
UNC13C	-0.567501814307686	-0.004767582741998871
UNC13D	0.1644647946695468	0.004953515150652081
UNC45A	-0.5905845626789552	-0.02408699138886119
UNC45B	0.4952342392113651	0.053227776030437525
UNC50	-0.5389344697655821	-0.004969514745708433
UNC5A	-0.1148678647656659	-0.0023364123693336448
UNC5B	-0.5178276471094673	-0.014893758786162498
UNC5C	-0.1427805316380401	-0.010992673130812708
UNC5CL	-0.574624653361253	-0.00240308030035676
UNC5D	-0.014644393889249	-0.0007104874139308044
UNC79	0.7191240642976136	0.016936809962337394
UNC80	0.0803312915291362	0.000757845404285871
UNC93A	-0.2241288097879645	-0.0014978528358129668
UNC93B1	-0.0253309486337695	-0.00013169560194696762
UNG	-0.4805005828499217	-0.012516079182074761
UNK	0.3315222789664959	0.009834276883262133
UNKL	0.4970122329321971	0.012054037685304577
UPB1	0.371470708082792	0.0009275623580827316
UPF1	-0.5534697923059759	-0.17874362289500723
UPF2	-0.8781751815374654	-0.0008167029188298429
UPF3A	0.7024420995232787	0.00038634315473780334
UPF3B	-0.1607228047158643	-0.005248242465191833
UPK1A	-0.4015029252030395	-0.002775991224853815
UPK1B	-0.3480884359888324	-0.0018936010917792482
UPK2	0.3701038884458638	0.003240999751120429
UPK3A	-0.1950848048412698	-0.0022555705135747614
UPK3B	-0.0153407100129576	-0.00021121089545840025
UPK3BL1	-0.2492692882385173	-0.00045641206676472516
UPP1	-0.4645168300559381	-0.0004101683609393933
UPP2	0.465245379779904	0.0004908338756677987
UPRT	-0.2571492655715346	-0.0013456621067358405
UQCC1	-0.100966877773779	-0.004376005449593355
UQCC2	0.2148982755600582	0.00010551505329998858
UQCC3	-0.5969740170503633	-0.01204275684595698
UQCC4	-0.1762501394545933	-0.0007814931183416666
UQCC5	0.124720812966391	0.0005344286835609854
UQCR10	-0.4244093254136961	-0.0018211404153501698
UQCR11	-0.4065596636697874	-0.001074943750742918
UQCRB	0.5289319543367745	0.001484711995823326
UQCRC1	-0.2526403414483343	-0.003566776340567584
UQCRC2	-0.7782794492636065	-0.011973051047471322
UQCRFS1	-0.0117328512252701	-4.801082721380525e-05
UQCRH	-0.0287914457872046	-0.0004021013318640994
UQCRQ	1.6911336975425129	0.006866002812022602
URB1	0.5507509410946052	0.054126150237954515
URB2	-0.2941418359888325	-0.039188516808792144
URGCP	-0.3954154519693297	-0.0019450486082371328
URI1	0.2312469852774594	0.113021732807373
URM1	-0.2962805479042279	-0.0009460237894581998
UROC1	0.332080660169506	0.00037292658137035527
UROD	0.1200800213823718	6.700465193136346e-05
UROS	-0.8392715506645397	-0.0010717497701986172
USB1	0.0223271957050786	8.441912696090219e-05
USE1	0.54665860025331	0.02036959276263884
USF1	0.8033560905448002	0.025789337218669175
USF2	-0.0410628906943169	-0.001246546172807378
USF3	-0.7133737258955193	-0.020677137445081626
USH1C	0.2991378202277036	0.013555430323618388
USH1G	-0.45095272442469	-0.0014105801220004304
USH2A	0.2458745972605407	0.005494067875786782
USHBP1	-0.1694546155818861	-0.0004492241859075801
USO1	-0.7303492370908569	-0.03644734832778212
USP1	0.9141063814411718	0.030707575671753282
USP10	0.1791393397171013	0.006626901594154728
USP11	0.9695123448151	0.029601150911894632
USP12	-0.2110986569113231	-0.017018140424220132
USP13	0.0794739524144316	0.005669989661055208
USP14	0.4183573314823863	0.025461645551349513
USP15	-1.1350393948605422	-0.03145194163158562
USP16	0.6921797255522085	0.027217891168163946
USP17L2	-0.4959978422457806	-0.014439489183459164
USP18	-0.2009115779727991	-0.00553832855839818
USP19	-0.7305298711779338	-0.021929045673019214
USP2	-0.3756412855151831	-0.013750724897568792
USP20	0.0986893337303668	0.0030135774947904806
USP21	-0.2601715012650787	-0.00576774201154553
USP22	-0.4487833456253532	-0.011567839516839104
USP24	-0.5798497643258014	-0.013570803884281056
USP25	0.3024457586086635	0.019269121726716562
USP26	-0.797464309714017	-0.022906364832225426
USP27X	0.3115596168396408	0.02292268724935973
USP28	0.2218743573923595	0.008546378372396295
USP29	0.2666879995390843	0.009127663472224698
USP3	-0.1092988742871876	-0.004178823860622044
USP30	0.4958960582688568	0.017248256698707377
USP31	0.1897474846211799	0.0033228579506861026
USP32	-0.1145120838137647	-0.0030088050022066674
USP33	1.1446933100568346	0.03436483786121623
USP34	-0.3693390329653886	-0.010748135198325773
USP35	0.1873299409109283	0.005862677830748412
USP36	-1.6034539060844453	-0.04464496710710921
USP37	0.0384036777385239	0.0013790376639126547
USP38	0.5537858265980409	0.0214265274169048
USP39	-2.0847721954235965	-0.44574931264791
USP4	0.3353767871513556	0.009940232594379029
USP40	-0.7674873238376467	-0.024348535348749346
USP42	-0.5944777754046762	-0.012843692337618028
USP43	-0.7098121859122659	-0.007347265936377865
USP44	0.3595348264700595	0.011064684284616082
USP45	-0.2221846068274116	-0.0070154789605755205
USP46	0.3057504770749842	0.01093271980877021
USP47	-0.3252300208255074	-0.009863901301616813
USP48	0.0061516840188862	0.00016898675999880392
USP49	-0.1686447283834629	-0.004580559467623236
USP5	-0.0547538806252908	-0.0021193037034825057
USP50	-0.6895323014401149	-0.01098493909424247
USP51	-0.1342744082387894	-0.003846827521633077
USP53	-0.1832865412993986	-0.005231731034850033
USP54	-0.4522966686487586	-0.005617072327948933
USP6	0.1525152428898073	0.003113903714081196
USP6NL	0.4464682604083857	0.005813016750517182
USP7	-0.1098243568362387	-0.003906122899594502
USP8	-0.4866541944895594	-0.014753895214339972
USP9X	-0.5253250995551306	-0.049818155166111704
USP9Y	-0.3236456031967829	-0.0346970741819175
USPL1	-0.7691800101721042	-0.012876073370281026
UST	1.6546392388292692	0.008731531263302053
UTF1	0.3719079840660071	0.0002450873614994987
UTP11	-0.93868765158406	-0.00038204587419471246
UTP14A	-0.8915138206516324	-0.019318212979700225
UTP14C	0.0218846508032973	8.710091019712325e-06
UTP15	-0.7166799178215095	-0.000600577771134425
UTP18	-0.0050834687053453	-7.550984414919908e-05
UTP20	-0.6333703605095911	-0.08671156920556557
UTP23	0.1299832820429811	0.000735315426517144
UTP25	0.0587652033861729	4.201712042111363e-05
UTP3	-0.359395623115941	-0.00017394748158811542
UTP4	-0.7592848656569685	-0.0017463551910110275
UTP6	-1.1283493646687732	-0.14126821210716575
UTRN	0.3444585955935077	0.016073471446179852
UTS2	0.6817258902435516	0.022192904630988577
UTS2B	0.0637382887401067	0.00212656426552492
UTY	-0.1426097707353234	-0.005392503260814784
UVRAG	-0.760822134865633	-0.028765163274999853
UVSSA	-0.4110413330138094	-0.03014453823923374
UXS1	-0.3236145537076264	-0.009530124992135888
UXT	0.1627052930548558	0.014633225941474565
VAC14	1.6910479763421324	0.2546430774215273
VAMP1	-1.0576645804873186	-0.0765897229314087
VAMP2	-0.136309945161963	-0.005302593176745522
VAMP3	0.3700886360204378	0.02437255721376195
VAMP4	-0.1175566471001814	-0.005408075993196745
VAMP5	0.1173791483135877	0.0066860336670902685
VAMP8	1.3857333860364651	0.05210218958158505
VANGL1	-0.4059107157203441	-0.018028118528003362
VANGL2	0.6354473208913739	0.013981111954252008
VAPA	0.3280470655819597	0.04393042278740813
VAPB	0.0984381754353496	0.004359433037329893
VARS1	-0.6687774386381709	-0.00719537646230808
VARS2	-0.4839211657899157	-0.012146421261326883
VASH1	0.5066041819087386	0.03385483766441527
VASH2	-0.4544421045621352	-0.0002885707363969559
VASN	0.0701883662100273	0.0013980118781713239
VASP	0.2658794510801445	0.007830415713761335
VAT1	-1.5398976544976395	-0.009177790020805932
VAT1L	0.3704889099297783	0.0009495630761500218
VAV1	0.4174815771309598	0.011564657168104717
VAV2	0.9018980634740208	0.07739457852089615
VAV3	0.0362386983515107	0.0026033518508741774
VAX1	0.4979290701661862	0.0064900075005460715
VAX2	-0.1244103767389154	-0.0012040436260792233
VBP1	-0.244820069523575	-0.23447960424710776
VCAM1	-0.7610876893367214	-0.04312779500395466
VCAN	-0.1220202616763319	-0.006888531852675641
VCF1	-0.928477788528889	-0.001991584856394467
VCF2	-0.1417103799418453	-0.0001873411222831195
VCL	0.4556253041667727	0.013082369358540544
VCP	0.754121778816971	0.09009342067170589
VCPIP1	-0.4060939185329788	-0.012005354513590452
VCPKMT	0.2659237834961486	0.000186146648447304
VCX	1.0187222820778412	0.0005939150904513814
VCX2	0.3537418923475539	0.0003180139612204509
VCX3A	-0.4255462318249658	-0.0002642642099633038
VCX3B	0.8921336374998257	0.000486212832437405
VCY	-0.4679221879581767	-0.0015113886671049106
VCY1B	-0.4898844824335264	-0.0015823268782602902
VDAC1	-0.4530512814194705	-0.011218455830508928
VDAC2	-0.2753767110341162	-0.035845511098599875
VDAC3	0.2159592579400052	0.029711674707385918
VDR	-0.5136605295913834	-0.015818176008766654
VEGFA	-0.3763775726806068	-0.024648214479707577
VEGFB	-0.3840627790934225	-0.014991890581911749
VEGFC	0.8871047517208543	0.03732936795241355
VEGFD	0.3970238811969784	0.014974946750987633
VENTX	0.5861100751168271	0.0009125733869568999
VEPH1	1.953246219361028	0.05925953704919423
VEZF1	0.8534392510466207	0.01992268587643231
VEZT	-0.2710749643224437	-0.00431280268237008
VGF	1.2909520788148576	0.03265592378570064
VGLL1	-1.5976422112255797	-0.010942251504683996
VGLL2	0.5555270600319174	0.012836563776157515
VGLL3	0.0982109607256753	0.002187943783046594
VGLL4	-0.5608397076846893	-0.005559604022278325
VHL	0.1903193781361609	0.005919693937547149
VHLL	0.2384623438930552	0.004391760987478397
VIL1	-0.9084276006541414	-0.008144053439864378
VILL	-0.6355473977892415	-0.004233381216674138
VIM	-0.5768807623224835	-0.02148361646965161
VIP	0.1316250358776591	0.0044247072060633885
VIPAS39	-0.5961741913680094	-0.023553649952567316
VIPR1	0.6079897018832177	0.017932656257045505
VIPR2	-0.404366169827533	-0.02453208679109677
VIRMA	-0.1113196920332247	-0.06355007446823528
VIT	0.8227957940472574	0.008839295215449688
VKORC1	-0.1206294390800093	-0.00013003853532825
VKORC1L1	-0.3868383777241121	-0.005506257468525012
VLDLR	-0.0252663589049186	-0.0007129155828611833
VMA12	0.0446075398056886	0.0041610805281542445
VMA21	0.4448033979985814	0.008242206964913713
VMA22	-0.1841004758504038	-0.011636254676600621
VMAC	0.1056461785725029	0.0006882848533998564
VMO1	0.6716721520522715	0.005407632496172838
VMP1	0.3809166974302485	0.0026161358779509467
VN1R1	-0.0603984152711133	-0.00046512819600284355
VN1R2	-0.6128377056427172	-0.0028466311427104212
VN1R4	0.0849511440936196	0.0003917946765597736
VN1R5	0.834341536351159	0.004845855643127532
VNN1	-1.0715005783326563	-0.003229502743094626
VNN2	-0.8799879012906888	-0.002138370600136374
VOPP1	0.1768388917280736	0.00011901257413299353
VPREB1	-0.1958538882820071	-0.006241667565659284
VPREB3	-0.3914992579720195	-0.007502691779775782
VPS11	-0.7710815397570048	-0.033928358830847966
VPS13A	-0.089910307439519	-0.002700096442716195
VPS13B	0.6175978873707703	0.003041051997413673
VPS13C	0.9465607038033768	0.11793862401178934
VPS13D	0.2000721058490962	0.00604357810138365
VPS16	0.5074098938030541	0.015081236863614374
VPS18	0.2563827164454638	0.007917867431985259
VPS25	0.3314001419193692	0.0345136677801927
VPS26A	-0.2975495194644445	-0.0360996003499848
VPS26B	0.3160832189171275	0.02212961832282593
VPS26C	0.4036136474317594	0.010161377187741976
VPS28	-0.8147005013125241	-0.06590030885066876
VPS29	0.5782567974314489	0.0954811841350834
VPS33A	0.7660492848706915	0.043687024666890666
VPS33B	-0.9418399584986916	-0.09062384080674411
VPS35	0.5940455508338685	0.1264919012757081
VPS35L	0.0787405010510307	0.005084274152865052
VPS36	1.415906885004274	0.1430816384503369
VPS37A	0.5268261790618394	0.053634065985569614
VPS37B	-0.7315984165139218	-0.044037835083639
VPS37C	-0.077449460463854	-0.0025365472796516826
VPS37D	-0.6815794832058316	-0.04513283021892376
VPS39	0.955913371706903	0.03573395366114745
VPS41	-0.2662256912834052	-0.01005667548823063
VPS45	-0.4419984819505997	-0.03758047892936779
VPS4A	0.4495045937298992	0.02045515604227279
VPS4B	-0.2078418022704177	-0.028433589917802225
VPS50	-0.348047764820202	-0.014309983850582604
VPS51	-0.5784390745565592	-0.08478644267035133
VPS52	-0.9966481061890132	-0.059423150035307536
VPS53	-0.1952970662326398	-0.007775947989118785
VPS54	-0.2816488878028735	-0.025652299052197913
VPS72	-0.5208776444716564	-0.014262671660922896
VPS8	0.1233505791079209	0.004061564518286511
VPS9D1	1.1875223492467064	0.02760395700823969
VRK1	0.1030279546637991	0.0085522474886873
VRK2	1.0754159690636236	0.034666033762765905
VRK3	-0.127027600206514	-0.0033777909170914135
VRTN	0.8686618074780944	0.01367099952609025
VSIG1	0.4564901421254967	0.020146279442424544
VSIG10	0.0199345053864739	0.0006334787121713676
VSIG2	-0.2760135829777784	-0.016861669784112483
VSIG4	0.2111497767260463	0.013611559206867846
VSIG8	-0.5140726478197957	-0.007338387047627583
VSIR	1.0829913878164346	0.07443616406739918
VSNL1	0.516322738335826	0.01383331880549345
VSTM1	-0.022127481052583	-0.0008016122560919244
VSTM2A	-0.3190071865606987	-0.00770242851950807
VSTM2L	-0.8568526980689459	-0.022211335639343216
VSTM4	0.5790188864290671	0.016293012445227517
VSX2	0.4159647726991753	0.00556352883485147
VTA1	-0.3368093005938034	-0.03457852684546282
VTCN1	0.3754193623460411	0.0171356413749227
VTI1A	-0.4584450580750737	-0.02594340583646842
VTI1B	0.6284000325072245	0.019359748201482573
VTN	-0.2656364561426205	-0.018704791059282622
VWA1	-0.2306499790365344	-0.001561961658035411
VWA2	-0.7619095619920115	-0.006203467653738958
VWA3B	0.5633108790652527	0.018623057661897254
VWA5A	-0.5694645927944604	-0.019035492943340428
VWA5B1	0.6449520064650593	0.03213666857814097
VWA7	-0.1494728135449577	-0.0008235952026327169
VWA8	0.4342871385909061	0.010735143778828608
VWC2	0.8238854925819239	0.010670964899921078
VWC2L	0.3243089721043792	0.006587688150356255
VWCE	0.6111810804419275	0.010951142599358457
VWF	-1.1637780038948664	-0.04636957078718706
VXN	0.1802670314032889	0.00011302742868986213
WAC	-0.3871203326562984	-0.007870543483235203
WAPL	0.7432035407394448	0.042025187414652644
WARS1	-0.3808917799502295	-0.07976940369141666
WARS2	-0.5771638387102611	-0.0020720181809698373
WASF1	-0.0451853349341836	-0.0023140313726494107
WASF2	-1.0797969570489618	-0.07988445867943925
WASF3	-0.013742263144729	-0.002199119401998403
WASHC2A	-0.3449020910894596	-0.01096995590919135
WASHC2C	0.6747678091475187	0.06583776990633254
WASHC3	-0.5598620908232345	-0.04887540066677755
WASHC4	-0.0439496707706689	-0.004961873880337748
WASHC5	-0.2602325491879607	-0.032719298641951486
WASL	-0.2481647518037958	-0.023969240717721423
WBP1	0.13615567316306	0.0001695138130880097
WBP11	-0.9267303047949254	-0.0007108021437777077
WBP1L	-0.0939039974710939	-9.662721339775562e-05
WBP2	0.8769890222843999	0.022407946508388704
WBP2NL	0.4163836234417885	0.0030067061448731548
WBP4	0.4850867135221053	0.00026776786586420214
WDCP	-0.1443386658867406	-0.010742116531288896
WDFY1	-0.5571081146300794	-0.0004429009511309131
WDFY2	0.2491813379760554	0.00021554185734928792
WDFY4	0.0638363698177392	0.0019269646593182755
WDHD1	0.4357062918817344	0.08200950967056381
WDPCP	-0.1871897368064951	-0.0020892246524972916
WDR11	-0.6797753648981971	-0.07180603134492636
WDR12	-1.5004475549065597	-0.000865758239181085
WDR13	-0.2628611018930678	-0.009019027267053049
WDR17	-0.22870546911971	-0.010065098990489317
WDR18	-0.3361062299769476	-0.001628770790468288
WDR19	0.5247415686507189	0.049810568662600835
WDR20	1.1094293536159152	0.013111236101032887
WDR24	-0.1632720181672763	-0.0070933528292773185
WDR25	0.3075483641080538	0.0003785920362170143
WDR26	1.405032158232931	0.06259980277791001
WDR27	-0.0741331932110289	-0.0015014195621029685
WDR31	0.9797934031795124	0.00496363338050741
WDR33	0.142625179661349	0.0004496971914722334
WDR35	0.7327567245404714	0.05900303697344783
WDR36	-0.9746242147213868	-0.0011900161661748134
WDR37	0.6095928438830003	0.049699494968937136
WDR4	0.2222381987293595	0.004786121847835486
WDR41	-0.8420236447267095	-0.00731886951996456
WDR44	0.1617479525044093	0.003064961952006052
WDR45	-0.4186516094557356	-0.015317206435156999
WDR45B	0.4545924354044803	0.009240955026902274
WDR46	-1.5563062762906332	-0.0006598738611472285
WDR47	0.4011647960989107	0.009758333665106003
WDR48	-0.3167204290398607	-0.032816037093678044
WDR49	-0.3179301052215407	-0.0005735459098196595
WDR5	-0.4297706650319228	-0.0036732498740278444
WDR53	-0.3040187868988437	-0.008001470452390667
WDR54	0.3542936498148171	0.008273819604125423
WDR55	0.907766746033388	0.0010775191275416314
WDR59	-0.0618075870000257	-0.006255545880272601
WDR5B	-0.6393076099016032	-0.01749401343734747
WDR6	-0.6294122935603913	-0.06978860569768262
WDR62	0.1706220551401834	0.0009696451393616622
WDR64	-0.6202797954581589	-0.00200474429892077
WDR7	0.5625780919143526	0.027904435937043802
WDR70	0.2509433787087605	0.00022333960705079683
WDR72	0.6628744901787289	0.0037180630154124905
WDR73	0.5700449890803303	0.02015223045396784
WDR74	0.2919124954177903	0.00014362094774555284
WDR75	-0.3874024034718217	-0.002562279496562629
WDR76	0.5409222873645709	0.014741214175259287
WDR77	-0.0950853198895276	-0.004386666147783467
WDR81	-0.0338817660025796	-0.0015600859155887777
WDR82	0.1212983761241911	8.260419414057414e-05
WDR83	-0.5614469132927252	-0.08426869010993171
WDR83OS	0.0939031898755194	0.0168492371657442
WDR86	-0.19366070221068	-0.00011348517149545849
WDR88	0.9246815493907828	0.0004142573341270707
WDR89	-0.307476155363579	-0.2626790318601931
WDR90	0.2236277220650334	0.014675792888239883
WDR91	0.1149627208326372	0.002771061422949887
WDR93	0.6950663639857041	0.007969630929460084
WDSUB1	-0.4485992051829907	-0.0011291241994455877
WDTC1	1.176452957799926	0.08174818667864346
WEE1	1.0751292169350957	0.033377386539750045
WFDC1	-0.434574000379691	-0.006760667723906853
WFDC10A	1.2156585372557087	0.004358135856061716
WFDC10B	0.2009583349796096	0.0007984074648739889
WFDC11	-0.1056677324544351	-0.0024692435719952392
WFDC12	0.5610908068917327	0.0004729995502097307
WFDC13	0.6581849717829131	0.003878025853744924
WFDC2	0.9137402658902368	0.008347017328907315
WFDC3	-0.3303873991753184	-0.003172379806881407
WFDC6	-0.1317555310479293	-0.0005139783266179723
WFDC8	0.2504239759790064	0.0023802798916804555
WFDC9	-0.2305439826517608	-0.00587495230991482
WFIKKN1	-0.4085183062628612	-0.004956552609887295
WFIKKN2	0.1702265911021284	0.002729753614913731
WFS1	-0.6212224404492181	-0.0035322707963942545
WHAMM	-0.834601195359538	-0.010648676651592345
WHR1	0.2140590642280243	0.005408844434913717
WHRN	-0.5603670184956698	-0.041256461369725196
WIF1	0.009186043910473	6.84543992208448e-05
WIPF1	-0.1296298090092714	-0.0168577085126107
WIPF2	0.7858752981851294	0.12061456901485729
WIPF3	-0.1801282437520304	-0.0280960432039542
WIPI1	0.9552072460084912	0.1171294229200532
WIPI2	1.099923541482865	0.022327347968560677
WLS	0.6691698764140883	0.020275847255346875
WNK1	-0.521468732143052	-0.029678871421189662
WNK2	-0.4242474291307784	-0.03415955449875202
WNK3	0.8701010623936611	0.02613783591430558
WNK4	0.2191682453811684	0.009458424797669703
WNT1	-0.460535929981757	-0.019497249131707663
WNT10A	-1.027743548889973	-0.02777271392165374
WNT10B	-0.062954148352578	-0.0007034496536917065
WNT16	-0.0977503278654537	-0.003008755091698665
WNT2	-0.0631477389638687	-0.001466985123869634
WNT2B	-0.5585989744556997	-0.015756959871446378
WNT3	-0.4646085917470436	-0.011544129679138792
WNT3A	0.6352939714714226	0.021047924568819702
WNT4	0.0069222084399023	0.0001850098649732688
WNT5A	-0.3357862909478815	-0.014439146297049852
WNT5B	0.9262373041325154	0.04052843947962235
WNT6	0.1728399734834798	0.004469123194362337
WNT7A	0.7691041279349232	0.036207884134920314
WNT7B	-0.5847655637183038	-0.01744823489022675
WNT8A	-0.3132018404623902	-0.00908347977709024
WNT8B	1.4029766963623955	0.05063062301832613
WNT9A	0.749375579665492	0.028316655028819946
WNT9B	-0.3446921534736187	-0.008818948746622535
WRAP53	0.5723555640873401	0.0731682182462333
WRAP73	0.781364496029371	0.018355814740721982
WRN	-0.9666499232964364	-0.18613230933042202
WRNIP1	-0.074192712434373	-0.001132774333448007
WSB1	0.3476280383160304	0.011391423187578
WSB2	-0.0273103711812743	-0.0006988177777864468
WSCD1	0.3128577288902179	0.00221096557006717
WSCD2	0.1149611914963293	0.0006713733583385631
WT1	-0.6123809818607844	-0.014452191171914512
WTAP	-0.7220128083606561	-0.019936217664454435
WTIP	0.2622165543608382	0.005790790386504751
WWC1	0.6408067941888792	0.03531358081416075
WWC2	0.2975034354837571	0.007979339643109849
WWC3	1.2438973907166622	0.037820700164740116
WWP1	-0.2741214281674822	-0.025175860205757898
WWP2	0.0513973157837276	0.001724739725754547
WWTR1	-0.4933676066309762	-0.0067872581644223395
XAB2	-1.5049360994231364	-0.0024319767366677886
XAF1	0.6968846310142607	0.017181690577656596
XAGE1B	0.1719137062583099	0.0001005695181611113
XAGE2	0.8061598001898583	0.00048047124091315553
XAGE5	-0.3453255877057816	-0.0004029949608526471
XBP1	-0.1854820133324198	-0.005690031722998642
XCL2	0.3404262832927712	0.00973278743934033
XCR1	0.3739078454326164	0.011868956737567543
XDH	0.3029479322237963	0.006232850757572384
XG	1.1864583904818389	0.02840144095135426
XIAP	0.0511716414941585	0.003530894434738431
XIRP1	0.3638440281591845	0.007597790996020091
XIRP2	-0.0866404965022275	-0.0020414233785854843
XK	-0.7085083139415638	-0.017079301415875336
XKR3	-0.8676693662439703	-0.00542640421648979
XKR4	0.0288622570946183	0.00020523951019983075
XKR5	-0.9749217731494114	-0.006150781466799637
XKR6	-0.7451098897661275	-0.004784350602188304
XKR7	-0.1145505182396506	-0.0006590091314327099
XKR8	-0.4929769800499149	-0.002572846858880506
XKR9	-0.2854150170619173	-0.0015423827522026011
XKRX	-0.5482597784398149	-0.003161265882483973
XPA	-0.767413730551722	-0.0024058420452796486
XPC	-0.1873733390480133	-0.005484979753952493
XPNPEP1	1.2368386338784836	0.0024551246882487895
XPNPEP2	0.1416494859214185	0.0012907101157159653
XPNPEP3	0.571870083403895	0.01584366066070491
XPO1	-2.1003177561717425	-0.1614241217860916
XPO4	0.2216769096046179	0.008092093908206971
XPO5	-0.5348183715197772	-0.0999185118959254
XPO6	0.1059572247868662	0.030199504379853456
XPO7	0.556320249921129	0.03592104221715738
XPOT	-0.2234571593828401	-0.007115546326227779
XPR1	-0.4777934125294498	-0.004770289430694027
XRCC1	0.3976441698182604	0.032611196010965356
XRCC2	-0.1092808721788594	-0.010199402362197305
XRCC3	0.5768390234569853	0.2624271453315209
XRCC4	-0.5738054708714866	-0.003911631894930924
XRCC5	0.5592239403679504	0.2643317352373613
XRCC6	0.0969251588615543	0.05250348622887421
XRN1	-0.7895023154632848	-0.10847840764697078
XRN2	0.1608678419799136	0.000741118148001462
XXYLT1	0.4310041874918671	0.002714895377011271
XYLB	0.1659187151682896	0.00020690063781485715
XYLT1	0.3438775107049845	0.008307049026100312
XYLT2	0.2006982514881599	0.0033289818974341083
YAE1	-0.2095112595113377	-0.0002822116665617719
YAF2	0.2383227822072443	0.006740959894731905
YAP1	-0.2315746119972687	-0.007951577452150214
YARS1	0.0964738315039877	0.009171960108747119
YARS2	1.4475553853390424	0.054940517095158015
YBEY	0.3522600018575634	0.00782122882124348
YBX1	1.6897903764185314	0.0012453755074204576
YBX2	-0.0955964174244871	-0.010611489123370342
YBX3	0.9314135419423922	0.0022996600350557663
YDJC	-0.079584066085151	-0.000826958030690804
YEATS2	-0.0454545189536411	-0.00033413616882821574
YEATS4	-0.8722477773366508	-0.0015072441592377326
YES1	-0.1228305312645532	-0.009144610222114722
YIF1A	-0.9142042687687016	-0.026035623370263855
YIF1B	-0.0182106634393003	-0.00036843814270392367
YIPF1	0.566971058377084	0.01588312722937563
YIPF2	-0.2903197339438134	-0.008221564545554852
YIPF3	1.240716622361136	0.037938632878558816
YIPF4	-0.4509275485241805	-0.004067366487688108
YIPF5	-0.6275103972259208	-0.009321666950791055
YIPF6	-0.7117995580994992	-0.019353118185167287
YIPF7	1.267543966380804	0.02382222130416083
YJEFN3	-0.0220423268825123	-0.000344168891943547
YJU2	-0.3916226993729565	-0.0002059935398701751
YJU2B	0.3856999673302663	0.00018552168428585808
YKT6	-0.3160918655222827	-0.014269335085272408
YLPM1	-0.0751599360313293	-0.0017270250101278845
YME1L1	0.2719661305412714	0.014871651950257803
YOD1	0.2610558420814443	0.00580222714610218
YPEL1	0.7078663016811162	0.004009354732721842
YPEL2	-0.0178412385314186	-0.00012972364536194462
YPEL3	-0.3839026513381073	-0.0007167462500482463
YPEL4	0.2610800012972634	0.0011346536856379067
YPEL5	-0.6792491756965854	-0.00086332570231036
YRDC	-0.1537280313806437	-0.00012590325770074718
YTHDC1	-1.0992912156480958	-0.001355426068894102
YTHDC2	-0.1145009154186876	-0.00010579884584686734
YTHDF1	0.9460173410649366	0.01937065107564564
YTHDF2	0.2923420149103759	0.020468033831935063
YTHDF3	0.3428996708986239	0.008191873137768126
YWHAB	-0.3584587008369945	-0.015249191592306583
YWHAE	-0.5135847953954567	-0.10657757598607898
YWHAG	1.071434033889786	0.07205179591102033
YWHAH	-0.2750084291121453	-0.01621229691301919
YWHAQ	-0.6722906926181519	-0.02107227946942335
YWHAZ	0.0467802303651339	0.004241890948819246
YY1	0.064863892597496	0.000332557177347362
YY1AP1	0.1572003418001986	0.0041810574908598816
YY2	0.2908540232255959	0.008541219246042848
ZACN	0.0703052956399484	0.0005741833494914587
ZAN	0.0358940479973344	0.0006305507411691734
ZAP70	0.4343575560045906	0.004768377249818395
ZAR1	0.6129458637299879	0.0011094320133512782
ZBBX	0.2048270158010267	0.0048879919050757005
ZBED1	0.9295058993937044	0.002729029320619916
ZBED2	-0.2130106406275218	-0.00011204359697007648
ZBED3	-0.1964356153650164	-0.00015341621560007783
ZBED4	0.0636838929142156	0.0013025903456673658
ZBP1	0.0379542140840751	0.0005760311071540077
ZBTB1	0.5661269345396436	0.007518731817621006
ZBTB10	-0.7888494286198245	-0.0017102255612477795
ZBTB11	-0.1683166881305152	-0.004163144964220163
ZBTB12	0.8358117443230266	0.015637201924539504
ZBTB14	0.2196683066356726	0.0009562161387850829
ZBTB16	-1.020218373969318	-0.030617773621193202
ZBTB17	-0.7340494035727061	-0.020411711765146237
ZBTB18	0.7075616298590856	0.0005561434410692413
ZBTB2	1.2329621321512068	0.018244140669441404
ZBTB20	-0.3359985377243881	-0.008994344856344145
ZBTB21	0.8996989450393218	0.010363632147907947
ZBTB22	-0.4932780771842874	-0.0032980572240541455
ZBTB24	-0.3007705057764229	-0.0001765522868907602
ZBTB25	-0.6597511672891687	-0.0006590914161218796
ZBTB26	0.9491441376573234	0.013873639860137095
ZBTB3	-0.0835329750082631	-5.855661548079243e-05
ZBTB32	0.5691220964605032	0.01669690406595824
ZBTB33	1.0141415288097366	0.028628201216770056
ZBTB37	-0.27720136984898	-0.006226497169547788
ZBTB38	1.0292251564600527	0.01787146561677236
ZBTB39	0.5913867455272964	0.0022413557655484536
ZBTB4	-0.4475452322527495	-0.010880719686528846
ZBTB40	-0.0970235655118861	-0.0025497793016523666
ZBTB41	-0.1150276092832934	-0.001483971187363768
ZBTB42	0.4897958083218365	0.00027526524427687213
ZBTB43	0.9471941611516794	0.005095904586996035
ZBTB44	0.0605112952022286	0.0015769243529700774
ZBTB45	-0.3867157940053682	-0.006567981045387174
ZBTB46	-0.9069356511179288	-0.007034192910070656
ZBTB47	-0.4559900459201317	-0.0059392703481097155
ZBTB48	0.9365248711958184	0.002398440195132491
ZBTB49	-0.3262482203916093	-0.002212615430695894
ZBTB5	0.1847088024692957	0.0026485395186072306
ZBTB6	0.1112441082300944	0.0005133915594818857
ZBTB7A	0.0906398553570532	0.0023012552876602236
ZBTB7B	0.6772845348452686	0.01379222226758905
ZBTB7C	-0.7308910766326697	-0.017784772567702754
ZBTB8A	0.6074230700486537	0.0016813470578946736
ZBTB8OS	-0.0167477365045525	-0.0003941077354251294
ZBTB9	0.2312509724041403	0.001641650653096992
ZC2HC1A	0.2003164337057437	0.0008593575005976405
ZC2HC1C	-0.512473057498865	-0.0003828173739516522
ZC3H10	-0.3378657151030076	-0.00023380307485128127
ZC3H11A	-0.1643660142226357	-0.004196757441146557
ZC3H12A	0.0726565364559107	0.001285512099514428
ZC3H12B	-0.2570147554100515	-0.004509837913180173
ZC3H13	-1.4829016864927929	-0.0013479576330219488
ZC3H14	1.2233482884473164	0.000912617823181698
ZC3H15	-0.1096292362765399	-0.03139507253869411
ZC3H18	1.343124362699048	0.0037620913399200335
ZC3H3	0.5510496419132537	0.014803397580357647
ZC3H4	0.4389533263880438	0.000822159580324806
ZC3H6	-6.211243780900044e-05	-4.4627786565766823e-07
ZC3H7A	0.3562300727182063	0.007488312358609415
ZC3H7B	-0.3297848160071472	-0.008111387334511793
ZC3H8	0.4446348186073214	0.00023387791458745106
ZC3HAV1	-0.5107402579105704	-0.003235539533863464
ZC3HAV1L	0.0724736533541372	0.00014661420073541957
ZC3HC1	-0.1794568658761981	-0.014409847959261078
ZC4H2	-0.0967135641504924	-0.0006140344187914762
ZCCHC10	-0.1343266308883015	-0.00048276991141255553
ZCCHC12	-0.0937719240168721	-8.317569660296554e-05
ZCCHC13	1.0612144345954495	0.0026668318741383647
ZCCHC14	-0.6812677803687363	-0.0047232295212964485
ZCCHC17	0.2398816497939969	0.0004089982128987647
ZCCHC2	-0.3300327367147326	-0.0019429027210396308
ZCCHC24	0.903389284862001	0.00176522266262035
ZCCHC3	-1.1701861475054245	-0.015118805025770083
ZCCHC7	0.1360858406526555	0.0008433239545245062
ZCCHC8	0.2748631217995836	0.013997954203887395
ZCCHC9	-1.2828829101764438	-0.007153355107143851
ZCRB1	0.3792476904567396	0.050738410763135816
ZCWPW1	0.3640442144848768	0.0010473552050729905
ZCWPW2	-0.6325304564638725	-0.01174735563744704
ZDHHC1	-0.0674461418941186	-0.0005088136944492308
ZDHHC11	0.5406369689863357	0.0006985029639303457
ZDHHC12	0.1750962345577195	0.00026719685393507996
ZDHHC13	-1.0364389202732625	-0.0033694629298083763
ZDHHC14	-0.1602564002351188	-0.0006141025257009752
ZDHHC15	-0.0512948460859017	-0.0002830449607020056
ZDHHC16	0.3395480267744562	0.002098746353492914
ZDHHC17	-0.5528601890071339	-0.014536905809753578
ZDHHC18	0.1981066007110061	0.0008484905708452393
ZDHHC19	-1.0534072817862872	-0.0017939526008820472
ZDHHC2	-0.907171505927956	-0.004777165150216616
ZDHHC20	-0.8027009935773622	-0.005667069014656178
ZDHHC21	0.3361836464126563	0.002112578034057132
ZDHHC22	-0.5439899916429918	-0.0033640341083202613
ZDHHC23	0.158116419021323	0.0008947808152416669
ZDHHC24	-0.0465134526324577	-0.0001881469158982914
ZDHHC3	-0.3449170340664456	-0.007367082930625211
ZDHHC4	-0.1063717802412323	-0.0003551753742254746
ZDHHC5	-0.352649469557981	-0.001950151566655635
ZDHHC6	-0.4537142547661131	-0.0022204775628253573
ZDHHC7	0.1080767439417286	0.0009485895815765519
ZDHHC8	0.1303516381919201	0.0010159606680678252
ZDHHC9	-0.3967643497954708	-0.0009014486027353098
ZEB1	0.0535977330206898	0.001645771990133301
ZEB2	0.0034674386642381	8.730663812685112e-05
ZER1	2.03242754672369	0.058722929107487574
ZFAND1	0.1853120054542898	0.004311283806894052
ZFAND2A	-0.8240962059039487	-0.0019349778914624714
ZFAND2B	0.153046381706039	0.0008679260306549471
ZFAND3	0.5230952548473783	0.011173314643540001
ZFAND4	0.3866230810544183	0.0018786015508434183
ZFAND5	0.2466410879326377	0.028157779803829584
ZFAND6	-0.8343259638938038	-0.02246255792591288
ZFAT	-0.2473970492971859	-0.0038215422204936306
ZFC3H1	1.154693779276418	0.0013683121284425554
ZFHX2	1.3924881423269488	0.028213202251686314
ZFHX3	0.6277865052202399	0.011875837319251278
ZFHX4	-0.1921369072253199	-0.00423104683400877
ZFP1	0.1729502630578554	0.00013299875229149082
ZFP14	0.3936435699935259	0.0017009338659420255
ZFP2	0.5467194498839572	0.0003154571225830433
ZFP28	-0.1905283544164994	-0.0003783893118711678
ZFP3	-1.341449231587785	-0.0006626759204043658
ZFP30	-0.473121094076933	-0.0019014736770951936
ZFP36	0.0751954035032218	0.005260444842874888
ZFP36L1	0.2696043319161331	0.0014262069158363442
ZFP36L2	-0.1378771571787729	-0.0032162604455092357
ZFP37	-0.2109509113938063	-0.0002535629954953552
ZFP41	-0.13512847028364	-9.310351602542797e-05
ZFP42	1.0304831081482382	0.004780411138699677
ZFP64	0.1029299849944165	8.440258769542153e-05
ZFP69	-2.050869665911982	-0.0011689957095698297
ZFP69B	0.2891357540022401	0.0001853360183154359
ZFP82	0.0826021653163569	7.500276610725207e-05
ZFP90	-0.0896524761278796	-0.00040585675943091096
ZFP91	-0.6320478191731266	-0.007889852926738139
ZFPL1	-1.137621847799034	-0.016215661818527433
ZFPM1	-0.4524602502758624	-0.011633657955092974
ZFPM2	-0.2854900744534682	-0.007307689435785426
ZFR	1.01864308600543	0.003072227547392377
ZFR2	-0.5405832285103918	-0.014175173417999492
ZFX	0.0227443776580902	0.00059308239181236
ZFY	-0.0393654816119483	-0.0005697759808513397
ZFYVE1	-0.0243563881439099	-0.0002075407833742563
ZFYVE16	-1.402450508490381	-0.014229262859143407
ZFYVE19	0.2065800695018229	0.02198755627749602
ZFYVE21	-0.5382455860336516	-0.0027945710826867186
ZFYVE26	0.0086198855034837	0.00045007008179339444
ZFYVE27	0.475083866427759	0.00932589629797691
ZFYVE28	0.3303390070501783	0.008649926899608919
ZFYVE9	0.7256909474281824	0.012046469727307827
ZG16	0.0889781353356757	0.0002163058470010276
ZG16B	-0.7623938815263954	-0.00792508439846688
ZGPAT	0.0756064655434968	0.0003248809824404057
ZGRF1	0.6547915351663338	0.0197354168699133
ZHX1	-0.0271107260913936	-0.0007751769911312172
ZHX2	0.2074193040151546	0.004847596554138178
ZIC1	0.5928822427493796	0.013945776113950908
ZIC2	-0.1950047258305172	-0.0025413015870233003
ZIC3	-0.4100192786104142	-0.007627998659268146
ZIC4	0.188416279259148	0.00013207981176066277
ZIC5	-0.5788071007012152	-0.009657975282300477
ZIK1	-0.1947525264890067	-0.0003708088104350688
ZIM2	0.1511048576689903	9.716042348116075e-05
ZIM3	-0.0436505759242021	-2.575383979527924e-05
ZKSCAN1	-0.5406490150046138	-0.0016257315881188737
ZKSCAN2	0.8684178481405005	0.0011758377663822377
ZKSCAN3	0.6874200315972993	0.0003739564971889308
ZKSCAN4	-0.1896230734859459	-0.00016174848168351187
ZKSCAN5	0.5047967693104451	0.00033568985159144603
ZKSCAN7	-0.5015605823601406	-0.0021737635639488494
ZKSCAN8	0.156298254482522	8.705812774676475e-05
ZMAT1	0.345361891021602	0.0014895458359761693
ZMAT2	1.0168630602882	0.0008836539993904458
ZMAT3	0.0049661762928242	4.628476304912154e-06
ZMAT4	-0.0001166240950816	-2.4339448643529916e-07
ZMAT5	0.6330006004993307	0.00032726131045815395
ZMIZ1	0.1229706028313694	0.0036684590236654123
ZMIZ2	1.1073695020809384	0.03290769949333925
ZMPSTE24	-0.4499256575998077	-0.00428194248337737
ZMYM1	0.0715744273144449	0.0001685577763255177
ZMYM2	0.050841541677951	0.0014373412247773527
ZMYM3	-0.2314571766982858	-0.006433352226328854
ZMYM4	-0.6298054453819294	-0.01606066866268458
ZMYM5	-0.4734798899467996	-0.0017386181558846482
ZMYM6	-0.9586826458584852	-0.028423023084412368
ZMYND10	-0.0554537804901712	-0.002690728336944087
ZMYND11	0.6797934606976639	0.0027531635158255384
ZMYND12	-0.5210576836490477	-0.00044706749257088295
ZMYND15	-0.5661228506491008	-0.0008746598042528608
ZMYND19	0.449434079860345	0.002620650119665672
ZMYND8	0.416128336838699	0.012140128098932204
ZNF10	-0.3236371278915424	-0.00022330961824516425
ZNF100	-0.0093929967177468	-5.053432234147778e-06
ZNF101	0.2710645150730498	0.00014583270910930077
ZNF106	0.0536958810015638	0.0012520268573134631
ZNF107	0.5400075711046214	0.0002932241111098094
ZNF112	-0.3569716347824514	-0.0002673717544520561
ZNF114	-0.3879770620122119	-0.00023821791607549808
ZNF117	-0.2106914628118951	-0.00011440546430685903
ZNF12	-0.5845452034535947	-0.001895095549596554
ZNF121	0.2498529439426152	0.00018289235496599433
ZNF124	-0.4951820356163013	-0.0015523956816571047
ZNF131	-0.5666926799811235	-0.018101297583957045
ZNF132	0.1622333750004563	9.13373901252569e-05
ZNF133	0.2106291270602422	0.002229509309932664
ZNF134	0.9637361601490172	0.0006948537714674414
ZNF135	0.090522890536958	6.155556556513145e-05
ZNF136	0.4646729312065032	0.00047721910034907874
ZNF138	-0.8509286187320722	-0.002173271692241712
ZNF14	0.4246513769672291	0.003528852942597674
ZNF140	-0.4344577452536046	-0.0004579184634972993
ZNF141	0.659665494533471	0.0003905219727638148
ZNF142	0.5173836125006905	0.001342610474439292
ZNF143	0.131081933371375	0.003897590206864464
ZNF146	0.4947534884596588	0.0016346655258707126
ZNF148	-0.1781491920561927	-0.0053631814268516815
ZNF154	0.2687643033988387	0.00023758764420457343
ZNF155	0.3471785396225011	0.0014459986175277173
ZNF157	0.2989102387408439	0.0005272776611388486
ZNF16	0.6499393352684117	0.0003743650571146052
ZNF160	0.2540507752929644	0.00014582514501816155
ZNF165	1.1154864333558518	0.000610171079045651
ZNF169	0.4077313726390361	0.001051131478663435
ZNF17	-0.9257706766596032	-0.0008017174059872164
ZNF174	0.5094120107359319	0.0006489909016775772
ZNF175	0.059809101014258	5.1017163165162076e-05
ZNF177	-0.2911353887169686	-0.00015546629757486123
ZNF18	-0.092459060618823	-5.2054451128397354e-05
ZNF180	0.5284670895772838	0.00039846418554127203
ZNF181	0.5540621908475769	0.0003401941851804122
ZNF182	-0.0441012859910976	-6.262382610735859e-05
ZNF184	0.2753295269910866	0.0005418485091184585
ZNF185	-0.8002629629984879	-0.004214985026113035
ZNF189	-0.2645972515928313	-0.00017622176956082566
ZNF19	-0.7943254741740544	-0.0003868365059227645
ZNF195	0.8893847645080948	0.002074045270832877
ZNF197	0.2063514390325282	0.0003600832611117617
ZNF2	-0.2715574089305387	-0.0001740682991244753
ZNF20	0.4375188540861561	0.00037582869566000804
ZNF200	-0.8143012221470077	-0.0006954132437135447
ZNF202	-0.087625148433037	-8.096563715212618e-05
ZNF205	-0.2736113003049724	-0.00018113068080189172
ZNF207	-0.6635490024666677	-0.021794930535020168
ZNF208	0.3529830202609186	0.00028944607661395325
ZNF211	-0.0740194182315734	-0.0005169516169293086
ZNF212	1.459249137161991	0.007105084048841734
ZNF213	-0.573446575875815	-0.0015959018206623931
ZNF214	0.3082816672774742	0.0001723294520081081
ZNF215	-0.4883127442270038	-0.00035939817975107484
ZNF217	0.4949637302840418	0.0006177147353944841
ZNF219	-0.0588412402861368	-5.478119470639336e-05
ZNF22	-0.0396836430289491	-1.9484668727214007e-05
ZNF221	-0.1169685816512341	-0.00036038020006745223
ZNF222	-0.8016214552503029	-0.0007182528239042714
ZNF223	0.1795248885148409	0.00031201425623879353
ZNF224	-0.1986770893378457	-0.000589673601154726
ZNF225	0.3294144929474362	0.001168433206484556
ZNF226	0.2017137741571188	0.00014362020719986857
ZNF227	0.428404309712186	0.0008915093685110591
ZNF229	0.3420405959272227	0.0002018039515970614
ZNF23	-0.0341226120139272	-3.1836397008994085e-05
ZNF230	-0.2298699472229933	-0.0001891829665645235
ZNF232	0.1948360872426658	0.00012566927627151943
ZNF233	-0.0688385629874433	-7.462100227838853e-05
ZNF234	0.1499462399826157	0.0004624342041063868
ZNF235	-0.4744607616229651	-0.00048252659457055544
ZNF236	-0.1546132967523411	-0.004170539066597648
ZNF239	0.1201498233789572	9.09534162978706e-05
ZNF24	-0.0637069443183068	-3.293649021256462e-05
ZNF248	0.1788666066874805	0.00012717415735479865
ZNF25	-0.7416506006499428	-0.0014284190568517898
ZNF250	-0.2341376987777135	-0.0001423557208568498
ZNF253	0.3569350602676673	0.00018560623133918698
ZNF254	0.0034606716450597	1.2866777176331964e-05
ZNF256	-0.1501928494184051	-0.000271398478899058
ZNF257	-0.0708528941535331	-3.9748473620132065e-05
ZNF26	0.90910595600999	0.0007591034732683416
ZNF260	0.474220178695767	0.0010314288886632932
ZNF263	-0.5347437252707662	-0.0004695049907877327
ZNF264	0.3883777442783596	0.0003289559494037706
ZNF266	-0.1481135797135201	-0.00037235753939978956
ZNF267	0.3966456150618376	0.0005287286048774295
ZNF268	0.3770672737741932	0.0007677089694042574
ZNF273	-0.3699187619283121	-0.00020012605020321684
ZNF274	-0.4547218059381877	-0.003380401905344487
ZNF275	-0.5107740296672312	-0.00037899433001308555
ZNF276	-0.4548165394292425	-0.008060258711765036
ZNF277	-0.2990025705419386	-0.000569599896882393
ZNF280B	-0.0170957152186728	-3.323407038509992e-05
ZNF280C	0.1744225147137537	0.0042588745417657245
ZNF280D	0.2168915306438523	0.006860062222734404
ZNF281	-0.6235338060774687	-0.017131591321978452
ZNF284	0.0992112293548436	5.8733047778067406e-05
ZNF285	0.7541088633949704	0.0004826296725727811
ZNF286A	0.2664395911159493	0.00014014722492698933
ZNF287	-0.8340817870224129	-0.0006789425746362442
ZNF296	-0.2336423299018212	-0.00016588605423029307
ZNF3	-0.5920951766395878	-0.0003019685400861898
ZNF30	0.4414118785282826	0.0021558556147321323
ZNF300	0.7454260171846658	0.0006790831016552306
ZNF302	-0.3271943564550741	-0.0006213420829081857
ZNF304	0.4063891981016255	0.000901777630587507
ZNF311	0.3169269973053022	0.0001708236515475579
ZNF317	-0.0929639124402905	-5.866022874982331e-05
ZNF318	0.62677676146857	0.00431285089566523
ZNF319	0.9153955061812148	0.0211438054017737
ZNF32	0.5638633894666202	0.00033042394622743944
ZNF320	0.0714369206289222	5.172033053533967e-05
ZNF322	-0.4507174541571861	-0.00021949940017454965
ZNF324	0.124028659309919	8.557977492384412e-05
ZNF324B	-0.2995851754463883	-0.0002070133562334543
ZNF326	0.0424664711392728	0.0003420674250268424
ZNF329	-0.2082924661773607	-0.00011372768653283895
ZNF330	-0.4446621817122459	-0.002624840858647388
ZNF331	-0.1989125875302947	-0.00014540510148464543
ZNF333	0.2506496340071112	0.0001513923789402952
ZNF334	0.0116352286582793	1.2694034466182716e-05
ZNF335	0.2513250838208277	0.005821442916541832
ZNF337	-0.7298717190489168	-0.0030683807068816464
ZNF33A	0.6248426308620391	0.004600716291037194
ZNF33B	-0.5368022644378821	-0.003036153607660661
ZNF34	0.112214807274637	6.115706996467717e-05
ZNF341	0.1936770167183983	0.004270965572674119
ZNF343	0.3680720107519935	0.0002996106167521227
ZNF345	-0.5227491334031189	-0.0003099902361080495
ZNF346	-0.1565971338182921	-0.0009258022551337429
ZNF347	0.2433511071647507	0.00013651997111942512
ZNF35	-0.3338195461123304	-0.0001649068557794912
ZNF350	-0.0005814187079027	-1.2446430280073098e-05
ZNF354A	0.3505943679822739	0.00018616560939858744
ZNF354B	-0.4034191175171946	-0.00020534033081625206
ZNF354C	0.3654903829120285	0.00019663382600667133
ZNF358	-0.0776212488770429	-0.0013773114400742492
ZNF362	-0.1467876507257171	-0.0034389410812021
ZNF366	0.4718254805336073	0.008763686475431222
ZNF367	-0.996625145906214	-0.0005421640793729804
ZNF37A	-0.1179830706434718	-0.00035265139815333717
ZNF382	1.3624666923448443	0.003332593529475489
ZNF383	-0.5618358800007606	-0.0005152035019606974
ZNF384	-0.7751582067376974	-0.014662117480443548
ZNF385A	-0.0887603398597495	-5.094843507949621e-05
ZNF385B	-0.5308210129004908	-0.0010335085121172555
ZNF385C	-0.3252841664690761	-0.00022867476902776047
ZNF385D	1.386487829117568	0.009229849478435649
ZNF391	0.3575552382484467	0.000292122629648981
ZNF394	-0.1690889141208827	-0.0001582672236171462
ZNF395	0.9958728804133566	0.01767574775445667
ZNF396	0.0879541500964076	6.447039202066677e-05
ZNF397	-0.7496504724005422	-0.0014955526924390816
ZNF398	-0.2319874184280672	-0.006632984267695297
ZNF404	-0.992742963898216	-0.0019964061003993126
ZNF407	0.5637313566964182	0.0006708403144687376
ZNF408	0.5174363712053569	0.0003409905686243302
ZNF41	-0.019047397918991	-1.0628448038796978e-05
ZNF410	-0.5960510247109025	-0.0033611317283447793
ZNF414	0.2635004289878815	0.0001343852187838196
ZNF416	-0.1179778722033864	-0.00010606210711084437
ZNF417	0.7160270876683107	0.0033309580118329814
ZNF418	-0.5515750588551079	-0.0008869326946390136
ZNF419	0.2059471393357101	0.0001919427338608818
ZNF420	0.1841422051763335	0.00013589694742013414
ZNF423	0.3943605945817536	0.008118701560654562
ZNF425	0.0812522182947372	0.00044875600164183356
ZNF426	-0.12219812534784	-0.0001484707222976256
ZNF428	-0.5023046467068395	-0.0022704170031149144
ZNF429	-0.0100109425670767	-5.5660840672946445e-06
ZNF43	-0.3481498541662395	-0.0002026232151247514
ZNF430	-0.0148566972121354	-7.963189705704575e-06
ZNF431	-0.1327586095686388	-7.301723526275135e-05
ZNF432	-0.0180451502822888	-5.725726184570236e-05
ZNF433	-0.0687167591462875	-0.0002799520767619753
ZNF436	1.122014314060501	0.0006238399586176386
ZNF438	0.9092298343546484	0.0013565709128571355
ZNF439	0.7599839025680345	0.0007979830976964362
ZNF44	0.0812842960349608	0.0007617151381436178
ZNF441	0.014328409858148	8.640031144463245e-06
ZNF442	1.924908841797826	0.0056650067214110015
ZNF443	0.6773408390884088	0.0012903342984634189
ZNF444	-0.1562268762886144	-0.0007989442453399739
ZNF445	-0.4316911599529712	-0.0011370745153161262
ZNF446	-0.652261863890952	-0.0012569086117178645
ZNF449	0.1598973796232605	0.00033754336838470294
ZNF45	-1.3907500290107948	-0.0010889572727154522
ZNF451	-1.058674307634372	-0.045413951774591656
ZNF454	-0.610434165567836	-0.00035344138186377706
ZNF460	-0.2023648665670014	-0.003763581788413092
ZNF461	0.0002480834896433	4.520081181300926e-07
ZNF462	0.7016219825801169	0.01122384685533413
ZNF467	-0.6213307876703835	-0.0005455284315745967
ZNF468	0.0594885641988927	3.2540244616794306e-05
ZNF470	-0.1495208124705983	-0.00010735594335388958
ZNF471	0.2618589356644604	0.00020084580365464113
ZNF473	0.6742189042615365	0.0005892673223245829
ZNF474	0.8790766255194397	0.0004527244621425115
ZNF48	0.1304362644566021	0.00010187072254060626
ZNF480	-0.3455086673527749	-0.0001900297670440262
ZNF483	-0.6556775249357997	-0.0007048533393059846
ZNF484	-1.0613945814547538	-0.0012142354011842385
ZNF485	-0.050291940312296	-3.0124872247065308e-05
ZNF488	0.0393424176320885	0.00012270900059448402
ZNF490	-0.6339832434245767	-0.0003911676611929638
ZNF491	-0.2304168973432792	-0.0001308767976909826
ZNF493	1.0230988464441078	0.0022927645148812454
ZNF496	0.474603098157981	0.001496423568492114
ZNF497	0.2783080972450704	0.00013804081623355492
ZNF500	0.2105482691024174	0.00033414010306553643
ZNF501	0.1688943267870879	0.00020469992406595055
ZNF502	0.5850628109043929	0.00031417872945565904
ZNF503	0.2079697965483772	0.0015416801018131201
ZNF507	-0.1613142418629151	-0.0001422791613230911
ZNF510	0.8863251775080997	0.005167275784872222
ZNF511	-0.3326425108864927	-0.006583660575465464
ZNF512	0.4278263369573957	0.000865920506001769
ZNF512B	-0.2092673358665295	-0.005825793363188315
ZNF513	-0.7064443524405493	-0.0004125635018252808
ZNF514	-1.0611766748882785	-0.0007067436654755935
ZNF517	0.45467706026029	0.0004160295101381653
ZNF518A	-0.1154686238358992	-0.00018024652180783867
ZNF518B	-1.2027508083173235	-0.020089546751324253
ZNF519	-0.0348467112053343	-1.895661089570186e-05
ZNF521	0.7376052179374265	0.016980409722137494
ZNF524	-0.8408302188037957	-0.0006289410036652392
ZNF526	-0.3392085124558358	-0.001987083465966286
ZNF528	-0.1694975264327588	-0.00010813942186410012
ZNF529	-0.0736506746383722	-3.9329460256890755e-05
ZNF530	0.1112662630571897	0.00015265731291446428
ZNF532	-0.1599855835883143	-0.0051500959212914255
ZNF536	1.1187520201393442	0.003935769606850213
ZNF540	-0.1089438833827153	-0.00015339298780286313
ZNF543	-0.0837393068092941	-8.784253284294952e-05
ZNF544	-0.0115989664636267	-1.5705000591750552e-05
ZNF546	1.0324249154441685	0.0015042431018021535
ZNF547	0.16047965865967	0.00016288685353956506
ZNF548	-0.9561117640256444	-0.0006434632171892586
ZNF549	0.3127910438284905	0.0008736253854129739
ZNF550	-0.0848718920334117	-4.7273643862610315e-05
ZNF551	-0.377460391178411	-0.002384794751465201
ZNF552	0.1485021045067404	0.0002528990839749789
ZNF554	0.2859094376923979	0.00015124609253927847
ZNF555	-0.1503715857269758	-0.0003431479586289588
ZNF556	0.8475836120560548	0.0005212639214144737
ZNF557	-0.1049906322683564	-5.396518498593519e-05
ZNF558	0.3558055034893631	0.00020779041403778804
ZNF559	0.314629884535442	0.0009388555754537589
ZNF560	0.1831065184542956	0.0001572884993522399
ZNF561	0.9125631690251816	0.0006597831712052063
ZNF562	0.1086825286741354	8.412027719378079e-05
ZNF563	-0.2986537516650736	-0.00016216898715413493
ZNF564	-0.8129577725077294	-0.000579638891798011
ZNF566	-0.0329718103651434	-3.9961834162553795e-05
ZNF567	1.166025121377015	0.00873819225959935
ZNF568	-0.1198865103835406	-0.00016184678901777982
ZNF569	-0.7906701031192933	-0.0007234631443541533
ZNF57	1.035686157015001	0.0008917257811899159
ZNF570	-0.3961411196629907	-0.00020638952334441814
ZNF571	-0.4197068753487082	-0.0008167495794285861
ZNF572	-0.3682790663693663	-0.00019481962610939476
ZNF573	-0.4716049297658544	-0.0009314197362875626
ZNF574	-0.5562415196536317	-0.010979095114923381
ZNF575	0.8195730328077752	0.00042617797706004303
ZNF576	-0.9525398902155776	-0.007026886770120316
ZNF577	-0.1206333574093224	-0.00011194775567585119
ZNF579	-0.256503891816809	-0.0002536823490068241
ZNF580	0.7303230801643619	0.0004557216020225618
ZNF581	-0.3409003854886683	-0.00022328975249507772
ZNF582	0.2196324943349592	0.00020381895474284214
ZNF583	-0.6591296268080011	-0.0004884150534647288
ZNF584	-0.6531971561365726	-0.0011822868526071963
ZNF585A	0.1278756733175677	0.0005956448863132303
ZNF585B	-0.1581498911798161	-0.0005092426495990079
ZNF586	-0.2576717896705641	-0.0005104478153373875
ZNF587	0.0225035630951572	0.00012190180128646655
ZNF589	0.963793469673089	0.0010254762517321668
ZNF592	-0.0621297033044173	-0.0009374750931603526
ZNF593	0.6443418693152553	0.0002622471408113089
ZNF595	0.7879588166982139	0.0007619561757471728
ZNF596	-0.5905288474462355	-0.0003200666353158596
ZNF597	0.4916553549881371	0.007433828967420633
ZNF598	-0.2835525804917738	-0.008554214248275831
ZNF599	-0.1285299597074248	-7.339060699293957e-05
ZNF600	-0.0092679249594702	-5.143698352505961e-06
ZNF606	0.5629477928184861	0.0006203684676859716
ZNF607	-0.1363894262144655	-0.00033565437791379966
ZNF608	1.0266279603800228	0.02793967994174232
ZNF609	-0.3176804414481752	-0.008458877114440561
ZNF610	-0.3052478242567494	-0.0001706335337595229
ZNF611	-0.0230576238361417	-1.2727808357550217e-05
ZNF613	-0.1953057600765842	-0.0007603253239781423
ZNF614	-0.0760699631368111	-5.8041381873386864e-05
ZNF615	0.9331170322940155	0.009504730090946843
ZNF616	0.0408081223631612	2.2158810443196528e-05
ZNF618	-0.3197016177354681	-0.009536059853813544
ZNF619	-1.3809502870059838	-0.0009155700402849672
ZNF620	1.2890519216948857	0.0018291646768850427
ZNF621	0.2310831583036887	0.00021675600248886
ZNF622	-0.5389914141786634	-0.0003341746767907713
ZNF623	-0.0919448077724847	-4.753546561837459e-05
ZNF624	-0.3309183067636913	-0.0002475268934592411
ZNF626	0.1507453439084212	0.0001285857783538833
ZNF627	1.017887910736138	0.0013028965257422568
ZNF628	0.3146935686580817	0.0028328715050600513
ZNF629	0.5832586833127452	0.0018635114931842209
ZNF630	0.4703071233437691	0.00025349553948229153
ZNF638	1.1345718053694431	0.02526124124655065
ZNF639	0.7296870487885223	0.015642301264879553
ZNF641	-0.3522199809157208	-0.00020569646885478096
ZNF644	-0.1346153394786045	-7.296151399740362e-05
ZNF646	-0.1586091085782836	-0.004302747897511677
ZNF648	0.5439985453179373	0.0003813429802678741
ZNF649	-0.3047141444009412	-0.001326725384721698
ZNF652	0.0628870468436889	0.0011405194815571418
ZNF653	0.1266599475739055	0.0009629955814044036
ZNF654	-0.1299170620688634	-0.0023512389893222893
ZNF658	-0.0797879847669189	-8.760720727407695e-05
ZNF660	0.188387978951325	0.00019705382598308595
ZNF662	-0.5991575522772241	-0.00036129200402316617
ZNF664	0.1282853377544167	6.260324482415534e-05
ZNF665	-0.5905662698686043	-0.0003248114484277324
ZNF667	-0.3111704973559581	-0.0010592243729996814
ZNF668	-0.4355518413995157	-0.011990306641887268
ZNF669	0.0111513041977486	6.735387735440155e-06
ZNF670	0.1938844393149894	0.00019078228828594957
ZNF671	-0.697045892590173	-0.00037082841485797205
ZNF672	-0.3368507641209717	-0.00018526792026653444
ZNF674	0.3463705827158492	0.0002788283190862586
ZNF675	-0.787836600444344	-0.00043331013024438923
ZNF676	-0.8666134440166963	-0.00045670528499679896
ZNF677	0.4811234089044266	0.002602877642172948
ZNF678	-1.4171749570027754	-0.0008007038507065681
ZNF681	0.0277167891556944	1.5964870553679974e-05
ZNF682	0.0971931664160598	5.248430986467229e-05
ZNF683	0.1333790498641723	7.909377656945416e-05
ZNF684	0.1985406752405258	0.00011098423745945392
ZNF687	0.505948103125172	0.010860681981684942
ZNF688	-0.6264631496971842	-0.0006233308339486982
ZNF689	0.0660146012678907	0.001549230662554859
ZNF69	-1.430665737878961	-0.0009356553925728404
ZNF691	0.456594042262713	0.00021596898199026325
ZNF692	1.401459272304054	0.0008478828597439526
ZNF695	0.9819884442831188	0.0005381296674671491
ZNF696	0.2468209560937152	0.000113537639803109
ZNF697	-0.3249047450462214	-0.0008694450977436885
ZNF699	-0.3638365009442016	-0.00031144404480823657
ZNF7	0.203300112683817	0.0001969978091906187
ZNF70	-0.6837849055959895	-0.00036172221506027843
ZNF701	-0.4181896243781804	-0.00022749515566173014
ZNF703	0.1161156055447244	0.002751591504593334
ZNF704	-0.0740932497948982	-0.0005290998967853681
ZNF705A	-0.132655131210465	-8.874628277980107e-05
ZNF706	0.4085073547909712	0.0024620738273251836
ZNF707	-0.4166167817018158	-0.0004062013621592704
ZNF708	0.7256448839759786	0.00038822001292714855
ZNF709	-0.0384310875311106	-5.395724689367929e-05
ZNF71	1.4658898735157757	0.004879947388934017
ZNF710	-0.4086669918656737	-0.0030850271215939707
ZNF711	0.0614641089807696	0.0003541561959471944
ZNF713	-0.0830990035314446	-6.697779684634434e-05
ZNF714	-0.3837946697621908	-0.00021031947902968055
ZNF717	0.023616540274355	3.667648704607331e-05
ZNF718	-0.5103868178107248	-0.00027969197616027717
ZNF74	-0.059300379862617	-3.0717596768835605e-05
ZNF740	-0.8134726163684627	-0.01128693255211242
ZNF746	-0.0533213704650414	-0.0006265261029642365
ZNF747	-0.176971046201023	-0.00017803287247822913
ZNF749	0.6260420005813836	0.0005834711445418495
ZNF750	0.3945358670286469	0.001460177243873022
ZNF75A	0.3231733169021769	0.0005565044517055486
ZNF75D	0.2888854988299923	0.00021984186460962413
ZNF76	0.5397677578560569	0.003573802324764953
ZNF761	-0.6147735277896805	-0.002586352231411186
ZNF763	-0.7844477683067066	-0.0004157573172025545
ZNF764	-0.4300083074934459	-0.0002248943448190722
ZNF765	0.1431773489246687	7.717259107039643e-05
ZNF766	-0.5800066487049671	-0.00032886376981571637
ZNF768	0.1217193895870109	0.003384529346856425
ZNF77	-1.1005323370161837	-0.0006746263225909207
ZNF770	-0.8142508429888722	-0.0024223962578918947
ZNF771	0.1972417105917981	0.00014753679952266496
ZNF772	-0.1178405052198103	-0.0001087667863178849
ZNF773	-0.0098965315226497	-3.2609071367130764e-05
ZNF774	0.1636886742628693	0.00011801953414352875
ZNF775	-0.5875961727593937	-0.0003284662605725011
ZNF776	0.3642238402599946	0.0012299839085580017
ZNF777	0.2305841231229085	0.004037297411759005
ZNF780A	0.1700536743759484	0.00044213955337746584
ZNF780B	-0.0770484083512965	-0.00021165197774101148
ZNF782	-0.0339995369570283	-0.00013195220293022684
ZNF784	0.1732452825726648	9.874981106641894e-05
ZNF785	-0.2029805351062001	-0.0008068476270471454
ZNF786	0.413910297291361	0.005694991780431835
ZNF787	0.1790071386585697	0.0011354422805113075
ZNF79	0.4081131221530532	0.0002358893846044647
ZNF790	-0.4488098526988237	-0.0003837324240574942
ZNF791	-0.3238339417560892	-0.00032869145088243055
ZNF792	-0.7620269173330146	-0.0004069223738558298
ZNF793	0.1619138258842692	0.00011528264402959967
ZNF8	0.3274166426926804	0.0002887814788549441
ZNF80	0.1865656071285264	0.0001688418744513164
ZNF800	-0.8310438966800061	-0.002847156390025701
ZNF804A	0.6301474426328604	0.005319704710706607
ZNF804B	0.0333863053594258	2.4939570103491074e-05
ZNF81	0.2824766370025617	0.0001757004682155934
ZNF813	-0.7592249401005197	-0.00041757371705528583
ZNF816	-0.1091710752118832	-6.146331534429025e-05
ZNF821	0.1196813030086653	0.001162464496123166
ZNF823	-0.8603498459342764	-0.004367996167808322
ZNF827	0.6974868504760809	0.014957605508459555
ZNF829	-0.8989156388052226	-0.0012018502090825828
ZNF83	0.0856483643966357	5.027558990082515e-05
ZNF830	0.4800374334324013	0.00022849781831382304
ZNF831	-0.7381258480499335	-0.004342394364077759
ZNF835	0.249315100073004	0.00017501920025124882
ZNF839	0.0576802842484958	0.00043404413896993085
ZNF84	-0.214424131802212	-0.0008675600372717498
ZNF844	0.1531369884639219	0.0002658458119733684
ZNF846	0.0149178224992077	1.4097342261751276e-05
ZNF85	1.121624814297209	0.0006090422741633844
ZNF875	0.4219844535097727	0.0007785613167255307
ZNF878	-0.3018389488948454	-0.00026501459712967426
ZNF90	0.671685309565703	0.0003647251230941767
ZNF91	-0.5133095084118878	-0.00031260549062283964
ZNF92	-0.3487205892920134	-0.00019144760352131536
ZNF93	0.2347799079907009	0.00012466813114306218
ZNF99	-1.0300137349764136	-0.0005623874992971219
ZNFX1	-1.0140871480094849	-0.06506281732914053
ZNG1A	0.2127230005619713	0.0016043568702383876
ZNG1C	0.5252511468386489	0.002961891217023141
ZNG1E	0.3927362036170532	0.0035385531945896494
ZNG1F	0.4379300874086754	0.003328268664305933
ZNHIT1	0.4185254197848804	0.012848311861976044
ZNHIT2	-0.2647335692841128	-0.0005667945718372856
ZNHIT3	-1.352672012674557	-0.28604413983223786
ZNHIT6	0.2245849475361631	0.00016574369128168837
ZNRD2	0.082616976609654	0.002209012720588929
ZNRF1	0.7651303715469127	0.021566729782792827
ZNRF2	0.7368296872043748	0.019757351232698107
ZNRF3	-0.2635975077381385	-0.008567446196504978
ZNRF4	1.7355325713242231	0.0018153670696051374
ZP1	-0.2930144370910806	-0.007022677013761929
ZP2	0.1027646485421099	0.0015809313531718187
ZP3	-0.0411373881653501	-0.0005119136583296166
ZP4	0.3698193252650308	0.003927481234314627
ZPBP	0.3114030619853055	0.002491535898944429
ZPBP2	0.28574582453541	0.002357688798241668
ZPLD1	0.159805915167641	0.0012778080976804573
ZPR1	-0.2348627838195005	-0.020061744131077912
ZRANB1	-0.1166087410908022	-0.0030487355358190236
ZRANB2	-0.3419061312143626	-0.00015385775904646316
ZRANB3	0.59879743687668	0.017844163618925064
ZRSR2	0.3158641737127556	0.00018099017153740897
ZSCAN1	0.4471375413125799	0.0006975345644476246
ZSCAN10	0.571764902791646	0.013491936411174472
ZSCAN16	-0.2664247429725876	-0.001012414023295833
ZSCAN18	-0.0662419280245877	-0.00035041979925006894
ZSCAN20	0.0736915428772513	0.00022299060874656244
ZSCAN21	-0.7686935178909786	-0.0017802941874355063
ZSCAN22	-0.4985358214763485	-0.0002682122719542755
ZSCAN23	0.0178358753706147	9.720552076985012e-06
ZSCAN26	0.091537199262892	7.194823862063311e-05
ZSCAN29	-0.0906818475456674	-7.907457105982197e-05
ZSCAN31	-0.2998665370910269	-0.00014363607126660188
ZSCAN32	1.311672724497944	0.003792045846523556
ZSCAN4	-0.1308277035029444	-0.00017073015307134243
ZSCAN5A	-0.4820703338759076	-0.00025935383962523824
ZSCAN5B	0.3164285965071057	0.00017593429965795076
ZSCAN9	0.0510210027385194	0.0006185786372018092
ZSWIM1	-0.4241369734696526	-0.0033163269955592137
ZSWIM2	0.0633534639685015	0.0002530970885541635
ZSWIM3	0.0420263496634196	0.0001339800027269817
ZSWIM4	-0.1047393695585839	-0.007276244003234824
ZSWIM7	0.5298308995053146	0.0007587178480916104
ZSWIM8	-0.5758256045265435	-0.023198861955165385
ZUP1	0.2438318687037529	0.000378914723965632
ZW10	-0.3798086098164916	-0.08127182613714269
ZWILCH	-0.573977126973191	-0.1511580243426438
ZWINT	0.3880363005569164	0.03923008195000369
ZXDA	-0.2309708464574022	-0.00013973736210672833
ZXDB	-0.5769419615806277	-0.0003040484137529908
ZXDC	0.6231824315476469	0.008544454318949785
ZYG11B	-0.2236634196619026	-0.008399903388822414
ZYX	0.6842258930993771	0.020010870469584382
ZZEF1	-0.8366031734434798	-0.045750481142930136
ZZZ3	0.4567882761934353	0.014194695682711003
