Name	unrefined_intensity	refined_intensity
A1BG	-0.6426751241283749	-0.03927130613498848
A1CF	-0.8253756742988143	-0.004256462352358986
A2M	-0.7647834056712431	-0.02262764662359507
A2ML1	-0.447377231646253	-0.012133317899478026
A4GALT	-1.2039878992804476	-0.007162524012819383
A4GNT	-0.7170480539226524	-0.0038899856925303893
AAAS	0.0252237333782668	0.0006501417278248268
AACS	-0.9292266646992536	-0.01726596065677683
AADAC	-1.280177414645241	-0.003945506791936632
AADACL2	-0.4702657938266226	-0.0009240722848693134
AADACL4	-0.6244825752975448	-0.0003547061027690055
AADAT	-0.1642217242111894	-0.0004542372891681499
AAGAB	-0.6061694090460521	-0.006560571514105422
AAK1	0.1883078561003188	0.005697819109883447
AAMDC	-0.3305904088983475	-0.0025141400596719325
AAMP	-0.9728015727040348	-0.0005856265467678289
AANAT	-0.2626712698827609	-0.0075536377080185554
AAR2	-0.084306913925306	-0.0035428294438831338
AARD	-0.2503376362410781	-0.0004260746568823149
AARS1	-1.05515855286693	-0.2965428148562749
AARS2	0.3764167718658808	0.00036964126997229493
AARSD1	0.3595314068909171	0.002377940725176526
AASDH	-0.2067980802105863	-0.0016388747856688963
AASDHPPT	-0.6661835165902641	-0.0033815475302121805
AASS	-0.19158009142336	-0.0024581641530531323
AATF	-0.8983260595670308	-0.0006620663059009017
AATK	-0.6331528420935482	-0.013375986942068298
ABAT	-0.2623429797152184	-0.02183323214381934
ABCA1	-0.1514622208498687	-0.003381545542694169
ABCA10	-0.5917312711573721	-0.004611953527400558
ABCA12	-0.4408852373472935	-0.010687499038535742
ABCA13	-0.4194321338452967	-0.01259386925083888
ABCA2	-0.7061474422192726	-0.015268319995665112
ABCA3	-0.0636797059232633	-0.0014683903388845285
ABCA4	-0.4287049664985848	-0.00659476849964773
ABCA5	-0.3305576465862831	-0.00214598024163815
ABCA6	0.109394303629766	0.0008269115411374012
ABCA7	-0.1586870726438311	-0.0023636439470298646
ABCA8	0.8433759935600105	0.007421708743328093
ABCA9	-0.1303298594206239	-0.0010331247956272855
ABCB1	-0.2255332133053567	-0.0031831757725918042
ABCB10	-0.6003675565624966	-0.0038531589780181033
ABCB11	-0.46250540493343	-0.006450562882606548
ABCB4	0.3445627847343353	0.006349947559869066
ABCB5	-0.0450205197931524	-0.0009437651564238537
ABCB6	-0.5665109613161273	-0.005028351292641947
ABCB7	0.1812980540662324	0.010232824767606289
ABCB8	-1.4047602409828457	-0.014030745286936663
ABCB9	-0.0535555988531646	-0.00036391029420725345
ABCC1	-1.225702051593088	-0.02776460287268663
ABCC10	-0.5082217824528243	-0.007549634578336705
ABCC11	-0.0012142800466383	-1.637942354910403e-05
ABCC12	-0.3690022608365154	-0.008870076345988158
ABCC2	-0.7562756503586687	-0.017398121336501177
ABCC3	-0.1464807950789973	-0.002012499643590344
ABCC4	-0.2732243911662813	-0.003513665670398377
ABCC5	-0.4107174516684931	-0.008708852845178729
ABCC6	-0.6933364382883576	-0.016422366877298037
ABCC8	-0.3547442427553043	-0.011810854818295101
ABCC9	-0.8364054140723872	-0.00922471531180436
ABCD1	-0.5609823088945552	-0.009747067617042898
ABCD2	0.4701517525666316	0.004129342842792725
ABCD3	0.7062080730664524	0.0037294848338639353
ABCD4	0.3167966937529189	0.007684220603670801
ABCE1	-2.055308397526655	-0.0013380057667898523
ABCF1	-1.1147869599306977	-0.006575013489671254
ABCF2	-0.0035328981237094	-1.9996203380195205e-06
ABCF3	-0.2547262441082889	-0.00016480787993806295
ABCG1	-1.6220390830151703	-0.013308830676139473
ABCG2	-0.3645926592484358	-0.0030975792329747107
ABCG4	0.2341836332470924	0.0015687961591222721
ABCG5	0.1567359176314151	0.004508351934750024
ABCG8	-0.1084793535032493	-0.0009438788548317722
ABHD1	-0.4861419421885526	-0.0011341691511258932
ABHD10	-0.7042995974767006	-0.06894881769417656
ABHD12	-0.3276726597399708	-0.0034638276861112312
ABHD12B	-1.5295242623900318	-0.0031049342526517647
ABHD13	-0.8177305399342579	-0.0033224391837528896
ABHD14A	-0.2081047120808229	-0.0018284080003421101
ABHD14B	-0.6044267788958009	-0.0019674091653058318
ABHD15	-0.1617655561152644	-0.00012844185155551992
ABHD16A	-0.4797890420480637	-0.009916279921049381
ABHD16B	-0.2113719404265491	-0.00016909755234123929
ABHD17A	-0.1663658128977179	-0.0007441542810914922
ABHD17B	-0.4602955711025127	-0.0008303732102689329
ABHD17C	-0.105817024480812	-0.0006790278460933706
ABHD18	-0.5992166043064557	-0.0005021435144088099
ABHD2	0.4466380542435769	0.00048370901274579376
ABHD3	1.3323579589526302	0.008415172868744812
ABHD4	0.8179484717814386	0.004540431966858766
ABHD5	0.0815833900602385	0.0005059801851535992
ABHD6	-0.3539658676372463	-0.004176797238119506
ABHD8	0.2753508188972619	0.00024671433373194663
ABI1	-0.7066625227284565	-0.025358584628110664
ABI2	-0.947537261291178	-0.09394073915892996
ABI3	-0.2333464974335143	-0.01742048276589901
ABI3BP	-0.272350648668259	-0.00952328513198301
ABITRAM	-0.5607325699534809	-0.004904727789383097
ABL1	0.1801303043873584	0.010554735185577264
ABL2	-0.2446811277948889	-0.01910543650160831
ABLIM1	-0.7436114676819348	-0.01638845313624216
ABLIM2	-0.4672212759635361	-0.008307661507907635
ABLIM3	-0.7988240830930959	-0.012922577192197013
ABO	-1.6336970428059958	-0.008557305110217805
ABR	-0.9315140358464172	-0.022621818360530243
ABRA	-0.1842870178240403	-0.001440940192366171
ABRAXAS1	-0.2533410188513495	-0.0115452569110937
ABRAXAS2	-0.2570002272728091	-0.0501356043363796
ABT1	-0.2520099338410408	-0.0001136564801623094
ABTB1	-0.8690199235238434	-0.023895440837135122
ABTB2	0.2037461577067159	0.006480961530492925
ABTB3	0.1566676152520523	0.004186785349995846
ACAA1	0.1615673691312559	0.005958281438822456
ACAA2	0.1406927656119121	0.017837732288106277
ACACA	-0.2352412183126787	-0.02356105470254296
ACACB	-0.4390894162220875	-0.010633428392650293
ACAD10	0.9521363346523676	0.016172987780405115
ACAD11	-0.8799974101658787	-0.0024595927614136314
ACAD8	0.1344331894607691	0.003273717029748649
ACAD9	-0.0271657169136351	-0.0008973651268081083
ACADL	-0.7045865848938222	-0.0011428394406977796
ACADM	-0.6641274513767708	-0.018909700923050794
ACADS	-1.1457222392182265	-0.1004259914341952
ACADSB	-0.5200875219754026	-0.01066023393792983
ACADVL	-1.116671915994187	-0.01752281570578078
ACAN	-0.532873138703121	-0.022002331897051867
ACAP1	-1.3144711944844056	-0.16159057288035694
ACAP2	0.1684437945489881	0.025713450569286683
ACAP3	0.1279831127328919	0.009049173968891855
ACAT1	0.1774495587654772	0.007209243223965042
ACAT2	-0.0947313669371177	-0.004152738932422429
ACBD3	-0.0562733959042442	-0.0003612189283093435
ACBD4	-0.5467046132862272	-0.005988602333937333
ACBD5	-1.0756175237489465	-0.0023663585522476823
ACBD6	-0.2865609428262093	-0.00025819140948641457
ACBD7	-0.5456858992888078	-0.0031442421517021107
ACCS	-0.889981258524468	-0.00243409874206442
ACCSL	-0.3649062060008121	-0.003842462349188551
ACD	-0.1127125656472164	-0.09232398964729144
ACE	-0.9382974546243548	-0.0067989033562080746
ACE2	-0.0453638887362866	-0.0007633835196542309
ACER1	-0.8294275319021458	-0.007216019527548668
ACER2	-0.4927723108238755	-0.004400949507968032
ACER3	-0.3429538242438915	-0.008229177012732175
ACHE	-0.3040239150936596	-0.008025319286727332
ACIN1	-0.2284517713361014	-0.0024117653499952227
ACKR1	-0.0635841228568836	-0.001687840541235975
ACKR2	-0.0756634289013354	-0.0027744266109541666
ACKR3	-0.8191244149442187	-0.02873570360065814
ACKR4	0.0718638410095577	0.0021012268472784578
ACKR5	-0.8018772710946995	-0.01230560860221926
ACLY	0.0716473571947106	0.0004611223909051574
ACMSD	-0.7844306337316739	-0.0006275445069853391
ACO1	0.0300720635214185	8.850208294353465e-05
ACO2	0.1707171371808099	0.0032227981156993293
ACOT1	-0.4443467322541939	-0.0003945798982417242
ACOT11	0.0704144631762687	7.245648260838049e-05
ACOT12	0.0637984749588636	0.00012255687039597696
ACOT13	-1.7253113883040463	-0.015419107877273262
ACOT2	-0.3048019614180605	-0.0006059462992991043
ACOT4	1.3620368460472083	0.0007286897126352564
ACOT6	-0.8590106785982713	-0.0007799816961672303
ACOT7	-0.1202280770385095	-0.0028691228304469907
ACOT8	-0.069445946108584	-0.00022687990593674392
ACOT9	0.1701589008955039	0.009458112347375688
ACOX1	-0.5522641842024254	-0.016391200987127985
ACOX2	0.4105564133027949	0.006919107233392003
ACOX3	-0.6629594244515433	-0.003924056833328685
ACOXL	-1.077392114436722	-0.008751656145569492
ACP1	0.3368085725036002	0.0020457752693868675
ACP2	-1.1341784200333298	-0.012492975296667128
ACP3	-1.019184141271025	-0.005388426554899909
ACP4	0.4660715212895993	0.0023103165310325432
ACP5	0.2044453104469154	0.0016842204674616893
ACP6	-0.7238092557824785	-0.007069445001227467
ACP7	-0.2698008743095457	-0.0010964707531939937
ACR	-0.7290634311573732	-0.013682333412530421
ACRBP	-0.2077390579324154	-0.0015243892071080641
ACRV1	-1.342783054632599	-0.01489549242503942
ACSBG1	-0.4389536060538576	-0.010263613216751299
ACSBG2	-0.0679860529772786	-0.0015039194779103797
ACSF2	-0.1953317201137662	-0.0008526229582965895
ACSF3	-1.3522970623262396	-0.005467337022984986
ACSL1	-0.2514862696299553	-0.003020350098255763
ACSL3	-1.0772913126330952	-0.0170373621092924
ACSL4	-0.1455065110416195	-0.0018965318649164684
ACSL5	0.1174317033630687	0.00280156814713273
ACSL6	0.2426878152734746	0.005743207148446776
ACSM1	-0.6146329583575953	-0.00296498939111704
ACSM2A	-0.5380072408489496	-0.0019201478425899011
ACSM2B	-0.620044633809668	-0.0019233784540775903
ACSM3	-0.8453799773293398	-0.003693465120951885
ACSM5	0.0767212135929929	0.00024297608344900853
ACSM6	-1.458929015018863	-0.003606472525126629
ACSS1	-0.4757073219913454	-0.00286042812713396
ACSS2	-1.1965342130485124	-0.03145329485840625
ACSS3	-0.0710961132068592	-0.0002467746089410083
ACTA1	-0.3767727668789419	-0.035900416319293096
ACTA2	-0.5645607318838012	-0.11089327719954375
ACTB	-1.1241599451600723	-0.31464562369063326
ACTBL2	-0.2845280966802145	-0.061353931599541375
ACTC1	-0.2778813036971952	-0.05647048277473662
ACTG1	-0.7699256810893154	-0.2110312397068137
ACTG2	-0.813729952937585	-0.1330261315163776
ACTL10	-1.2274225508560943	-0.00532701387071545
ACTL6A	-1.2820031716891838	-0.24754840243732293
ACTL6B	0.2350268590421126	0.01588335016092501
ACTL7A	-0.2647807019768536	-0.019893503700924967
ACTL7B	-0.8782280180453124	-0.011457362723419146
ACTL8	-0.3980831997210454	-0.0017296715027879423
ACTL9	-0.2258358337566821	-0.0028570491328557854
ACTMAP	-0.3598698635208975	-0.0008608087135419868
ACTN1	-0.1238245956127653	-0.019525157534603283
ACTN2	-0.7343160358251941	-0.0651507216465187
ACTN3	-0.0968526980029669	-0.003427229571532987
ACTN4	-0.5405438811540287	-0.04408784003468489
ACTR10	-0.1270778573237466	-0.016674393970878085
ACTR1A	-0.6954067045570529	-0.07726663894333415
ACTR1B	0.0341369273352426	0.0032582331664395654
ACTR2	-0.989337215681202	-0.08058745224052799
ACTR3	-1.3320243493157762	-0.05025328262663628
ACTR3B	-0.7118061597047723	-0.06448038458917621
ACTR5	-0.8058121250428643	-0.02646609343490783
ACTR6	-0.0883710949166898	-0.011301160731231042
ACTRT1	0.8458013262473086	0.025186271892992357
ACTRT2	-0.5986816536669761	-0.010276969266847312
ACTRT3	-0.4870963937015122	-0.00577550194011883
ACVR1	-0.960124433814482	-0.039696344716059755
ACVR1B	-0.0615837601290607	-0.0030358946230823053
ACVR1C	-0.3554529927831064	-0.01510781855226037
ACVR2A	-1.0086348464799737	-0.054688181376144174
ACVR2B	-0.2705794280477361	-0.020180354902656253
ACVRL1	-0.0543426080303866	-0.0021995714026379278
ACY1	0.1327895570616343	0.0002667742201368233
ACY3	-0.8320240317850518	-0.0033422405356805527
ACYP1	0.0355012396325016	0.00014534207505546154
ACYP2	-0.7299386262595511	-0.0009036640193093242
ADA	-0.3427034560962498	-0.0015342833729429105
ADA2	0.777909350261462	0.00359160747015717
ADAD1	-0.7253067858912184	-0.006331202934044446
ADAD2	-0.6083903786775119	-0.0022516527914854716
ADAM10	-0.4371341835286467	-0.0104496926572523
ADAM11	0.9900308807696786	0.015619717205903218
ADAM12	0.4532809999385052	0.012317911173328878
ADAM15	-0.3965626382478735	-0.009444139229873107
ADAM17	0.3833163291038836	0.00952387751291509
ADAM18	-0.5334560645263872	-0.010264228137552216
ADAM19	-0.7777628245944324	-0.0210517063732975
ADAM2	-1.139358442944211	-0.02330899502575267
ADAM20	-0.2854795566122073	-0.00734224871650936
ADAM21	-1.3433793650587909	-0.01808994652988168
ADAM22	-0.9116887626570442	-0.021827652355534955
ADAM23	-0.5587113409851233	-0.015860138836544694
ADAM28	-0.6746824655867114	-0.02035989276401019
ADAM29	0.601830617445932	0.012649275917478598
ADAM30	-0.7873934439494746	-0.007744014521243083
ADAM32	-0.4184425249712192	-0.008570539796460512
ADAM33	-0.4024894870527808	-0.010460299279014722
ADAM7	-0.0803796922895589	-0.0021162365385995066
ADAM8	-0.3633582640237198	-0.010386959335382055
ADAM9	-0.7472533824078469	-0.019122214055816805
ADAMDEC1	0.2528259105646573	0.001995049260265711
ADAMTS1	-0.1592603499104916	-0.0042110029119833085
ADAMTS10	-0.8392683313917618	-0.01975889432595625
ADAMTS12	-0.3953780539982177	-0.014536074155244473
ADAMTS13	-0.7186354196857192	-0.013319907503874805
ADAMTS14	-0.4266468599190941	-0.010914906617310186
ADAMTS15	-0.7291920613560687	-0.012636898423300673
ADAMTS16	-0.4293136436114052	-0.005131156668443515
ADAMTS17	-0.5843098126136044	-0.014564506389206703
ADAMTS18	-0.2880841594298435	-0.007967255513191752
ADAMTS19	-0.8723362019234424	-0.012490982075341772
ADAMTS2	-0.4491894586218422	-0.014237059891019288
ADAMTS20	-0.4080622850235063	-0.007150475420466901
ADAMTS3	-0.3296726370552089	-0.009248306487309775
ADAMTS4	-0.1663248695149357	-0.0016998401664426429
ADAMTS5	0.2938348400897609	0.007411690006424129
ADAMTS6	-0.6188571222944098	-0.01491755093290675
ADAMTS7	1.201115138401855	0.03028972156021798
ADAMTS8	0.7251327163890604	0.00672198028092659
ADAMTS9	-0.3566341541651949	-0.010118780856129075
ADAMTSL1	-0.8475984498406035	-0.024582897840727026
ADAMTSL2	-0.4425891146873691	-0.010563274400243438
ADAMTSL3	0.1474701738596083	0.0029911375363944354
ADAMTSL4	-0.5192303051832761	-0.011649970357397165
ADAMTSL5	-0.5090567607818054	-0.008904929916356122
ADAP1	-0.8490596945864104	-0.0012693442434066836
ADAP2	-0.0339471365203111	-4.4776273070290344e-05
ADAR	0.0612458100568818	0.0018020354693036333
ADARB1	-0.2097455151003247	-0.007187139820427725
ADARB2	-0.704559603379487	-0.024762451820375446
ADAT1	-0.1588721566505437	-0.0006426378736514492
ADAT2	-0.4949797032625822	-0.02063718876812684
ADAT3	-0.8422792460696216	-0.11441184366911313
ADCK1	-0.4902761303141185	-0.001700277619929363
ADCK2	-0.3357968666848647	-0.002650108871876952
ADCK5	-0.7402080131226446	-0.006827678713043274
ADCY1	-0.7373221762380063	-0.01929056009691496
ADCY10	-1.2097817527025896	-0.0007379668691485797
ADCY2	-0.1233092506886765	-0.0029403090826714915
ADCY3	-0.3752177274839556	-0.009318532262064036
ADCY4	-0.779221704191552	-0.019492230930351673
ADCY5	-0.0549189967119335	-0.0014210290399212793
ADCY6	-1.103116135386001	-0.021884721009922874
ADCY7	-0.9637459285896044	-0.02342577228622751
ADCY8	0.4821922254226064	0.011970421996116204
ADCY9	-1.4234694436550397	-0.04788835902344284
ADCYAP1	-0.5938524966004576	-0.02064765745430131
ADCYAP1R1	-0.0836400780051163	-0.0021665289405665275
ADD1	-1.1124091620086127	-0.05966962745014199
ADD2	-0.4473296878395326	-0.016790967162744697
ADD3	-0.099526261823743	-0.0010645328964667552
ADGRA1	-0.4012550503688705	-0.005441820993102621
ADGRA2	-0.2269297450937892	-0.005784439202440686
ADGRA3	-0.2396853697774419	-0.006185560337846443
ADGRB1	-0.6372048928990217	-0.01954689729457039
ADGRB2	-0.8650765554360225	-0.027532791529862287
ADGRB3	-0.2778331883837223	-0.007931026195601735
ADGRD1	-0.4120838199356629	-0.010968435035227538
ADGRD2	0.0121724619102095	0.0004268152044195859
ADGRE1	-0.1634374301699516	-0.005127195621861552
ADGRE2	0.3184936160725531	0.01028288488851845
ADGRE3	1.530725386832772	0.041909730366094466
ADGRE5	0.4962142604345346	0.020468342028664117
ADGRF1	0.6461992640472707	0.01792492138540724
ADGRF3	-0.538939884994563	-0.026662972930336017
ADGRF4	0.0735880606091863	0.0026714673642952904
ADGRF5	-0.790202731830576	-0.02778431825389488
ADGRG1	0.1523811643747437	0.005794903300007128
ADGRG2	-0.1503505525990396	-0.004497285729342473
ADGRG3	-0.1393352322785532	-0.001807456633117392
ADGRG4	0.0843347231652646	0.00030647238398257156
ADGRG5	-0.158821951824377	-0.0021002614909255615
ADGRG6	-0.2264445589510337	-0.007753235253924442
ADGRG7	-0.1469480696306562	-0.004229018495900655
ADGRL1	-0.3562862362693977	-0.009183990312316264
ADGRL2	0.0308484014887581	0.0007782434727583894
ADGRL3	0.1573215564077014	0.004105306014458968
ADGRL4	-0.6712336030912249	-0.022005051210139626
ADGRV1	0.2212020457263381	0.006951716691041626
ADH1A	-0.6866779900798463	-0.005994012175406979
ADH1B	0.4017341733966293	0.0030351016800115346
ADH1C	-0.4736005642448732	-0.003629674724372708
ADH4	-0.2768050531492369	-0.0009571918737900613
ADH5	-2.1188655516595754	-0.008825075022662133
ADH6	-0.2951419464609118	-0.00027359658436926524
ADH7	0.1080037858966392	0.0002546729271442752
ADHFE1	-0.0778522188023067	-0.00023643718850260544
ADI1	0.0248047211400507	0.0006698514943870691
ADIG	-0.525300491217232	-0.000912446953244332
ADIPOQ	-1.5204446287046245	-0.012498054847952014
ADIPOR1	-0.7524519961612435	-0.004758506423723704
ADIPOR2	-0.3548129834249167	-0.006075817528168274
ADISSP	-0.5797814762916178	-0.010194877479111807
ADK	0.0338786862119185	0.003185883893996392
ADM	-1.462070028086348	-0.040607532960070226
ADM2	-0.5327946779400562	-0.014078033775210105
ADNP	0.1434214993200103	0.003855026480222557
ADNP2	-1.1487030764962745	-0.018405669394699804
ADO	-0.5802289814601871	-0.0031686304677540815
ADORA1	0.0107604219155807	0.000253676946659815
ADORA2A	-0.2496287455478813	-0.008250729297848572
ADORA2B	0.4791522165075424	0.015494345225204398
ADORA3	0.1136802723492842	0.003520564354384982
ADPGK	0.0669733666539858	7.742121185200758e-05
ADPRH	-0.721544840929514	-0.0023111081254972334
ADPRHL1	-0.4054223065940255	-0.002191307567140708
ADPRM	-0.1040655566967949	-0.00016806587406532377
ADPRS	-0.2981977783906563	-0.0021258519621469886
ADRA1A	-0.5871556397691062	-0.016564834909166024
ADRA1B	-0.4223424184435989	-0.011319199156706893
ADRA1D	-0.3956735917095376	-0.009720908801119919
ADRA2A	0.0166322874827279	0.0005084656606344746
ADRA2B	-0.7511392495799795	-0.023655628387022294
ADRA2C	-0.2206558838190015	-0.0067154411681474915
ADRB1	-0.0372320998136368	-0.0005716616605385795
ADRB2	-0.1658529541250251	-0.004282157422554023
ADRB3	0.0076086152399607	0.0002151488131403687
ADRM1	-0.2998488608491136	-0.050099347368391604
ADSL	-1.0307194488123383	-0.006113197050905978
ADSS1	-0.7017376730229758	-0.0018911830287969198
ADSS2	-0.1824687160860049	-0.0005287943392172422
ADTRP	-1.957589272084454	-0.003733122741865054
AEBP1	-1.3597027842679383	-0.03964621378368455
AEBP2	1.9476941777934924	0.0852077248901097
AEN	-0.1678239017632	-9.71700391208928e-05
AFAP1	0.5521804259239943	0.013828806586840513
AFAP1L1	-0.9735643965620036	-0.01214716297590412
AFAP1L2	0.1321684252152564	0.0024400934663240635
AFDN	0.2237056950634469	0.006730633247373927
AFF1	-0.5486975763953446	-0.011954474096925372
AFF2	-0.1065565729910754	-0.003182525165524449
AFF3	0.1669931578934368	0.001752927178407406
AFF4	-0.2568242559529822	-0.004606913503284594
AFG1L	-0.2802887589787471	-0.009684256911474691
AFG2A	0.1512849563403934	0.012234414419247615
AFG2B	1.4958597070912727	0.15413488007839182
AFG3L2	0.0803924539863561	0.0034607343592046574
AFM	-0.6874692544029831	-0.0008895852151974601
AFMID	-0.4247011831744314	-0.0006710278694156016
AFP	-0.9313494108637456	-0.0031935971298517837
AFTPH	-0.1515152549885141	-0.004480003059500384
AGA	-1.1468511657549616	-0.0007913273043709234
AGAP1	-0.7248562788537233	-0.015913494745954642
AGAP2	-0.1219295882417127	-0.0011921055842392249
AGAP3	-0.7188541460822335	-0.011854623723042112
AGAP4	-0.6507000949271504	-0.0005068953739482501
AGAP6	0.2156093567920957	0.00013949925384448592
AGBL1	-0.0098502578996431	-0.0002143514621541335
AGBL2	-0.6287970543786623	-0.0021831833728027153
AGBL3	-1.4816242051495194	-0.0015305178039194537
AGBL4	-0.3188807061907478	-0.0003813813246041344
AGBL5	-0.3293104429289986	-0.00019824488664325714
AGER	0.535218443043705	0.021583754152623494
AGFG1	-0.2349086377676031	-0.02469054218983946
AGFG2	-0.3954190800730366	-0.03022741615710321
AGGF1	-0.4422044758410917	-0.00024321246171260045
AGK	-0.2295841463088853	-0.012554579456755085
AGL	-0.1606345819884586	-0.0006047892011865466
AGMAT	-0.1129920004496359	-0.003262192044981438
AGMO	0.1812677687874055	0.0007868833843061273
AGO1	0.3495679874916225	0.019344393291811406
AGO2	-0.5323217411024767	-0.03323071701006321
AGO3	-0.2517146011168811	-0.0193485462440513
AGO4	-1.4939922136678718	-0.1265008027078997
AGPAT1	0.5342436497263772	0.0023180831961627504
AGPAT2	0.1495723564136556	0.0029482207172695655
AGPAT3	-0.9888892834561442	-0.12933781827251256
AGPAT4	-0.0218945716432803	-0.0007795343287873516
AGPAT5	0.4245181027054255	0.011773585060432272
AGPS	0.6708156162627611	0.0025490993417984923
AGR2	-0.0528694889642308	-0.0006379232538424089
AGR3	-0.0449603919941542	-0.00014967314494853932
AGRN	-0.4149680540265045	-0.013493516212779846
AGRP	-0.003343248515374	-0.00010265110241604329
AGT	-0.5951591364560498	-0.015960977721478344
AGTPBP1	-0.2713462007967172	-0.008488251853322906
AGTR1	-0.2498895388831986	-0.010366917410108378
AGTR2	-0.0779685677434608	-0.0022987472827804547
AGTRAP	-0.4917000322384733	-0.02237087636675382
AGXT	-0.1407543701665836	-0.0004922180324725429
AGXT2	-1.4142114214089625	-0.006049996460787541
AHCTF1	-0.3605706933568435	-0.08026664204816693
AHCY	0.2212962808773351	0.002019328563005683
AHCYL1	-0.5130983890637697	-0.03819042619640544
AHCYL2	-0.6307460428313487	-0.1460189704075429
AHDC1	-0.675669557647901	-0.04615566315248577
AHI1	0.237582687290107	0.000630544452067944
AHNAK	-0.7673115150017928	-0.012027607997653103
AHR	0.0086186788098244	0.00026945437431035005
AHRR	-1.052036649371524	-0.030010397459972096
AHSA1	-0.2986947632835578	-0.03182114791165055
AHSG	0.328342193218988	0.0017310200426505047
AHSP	-0.3630349444839954	-0.00869541299028066
AICDA	-0.3540652457177076	-0.022468980493245725
AIDA	-1.0111924131429053	-0.006876108409371756
AIF1	-0.6314457818712904	-0.015558824065308594
AIF1L	-0.4379924192232414	-0.003372979620438182
AIFM1	-0.6980869575795849	-0.030868009090254087
AIFM2	-0.9226674358586092	-0.0018896229086384315
AIFM3	-0.6996029054107427	-0.011579827290358613
AIG1	-0.5792173659335269	-0.001345521941063583
AIM2	-0.3581301237454241	-0.005148120528840471
AIMP1	-0.4187367475584861	-0.11887308158064083
AIMP2	-0.5558617404296567	-0.027865904909479124
AIP	-0.4183681600465919	-0.0039903955105243935
AIPL1	0.4264571568846273	0.005427520235670652
AIRE	0.0431704676857519	0.0008063811659021597
AIRIM	-1.2755119388598186	-0.05249241833183698
AJAP1	-1.1289084219194798	-0.011679686533178937
AJM1	-0.2611092984837047	-0.0019951361497139875
AJUBA	-1.0106948864184817	-0.029532504581148034
AK1	-0.0446879539870718	-0.00040500692698483174
AK2	0.5748243310984905	0.006937554852027682
AK3	0.2150971895797226	0.0013082211070238729
AK4	-0.5736880383370502	-0.006972030729910171
AK5	-0.9228498474837916	-0.00912513929191973
AK7	-0.157800470949357	-0.000637829503577301
AK8	-0.7957540569494941	-0.005343488492415852
AK9	-0.0775435466090719	-0.00034181195345278886
AKAP1	-0.5990547537276733	-0.015187236116503971
AKAP10	-0.2686971505910659	-0.007237626448320952
AKAP11	-0.4852890121486553	-0.0032878330573071395
AKAP12	0.3436997724975275	0.004131958664965275
AKAP13	-0.6799724457171422	-0.009695727103480732
AKAP14	-0.5846207410550707	-0.014312100361769185
AKAP17A	2.2577707520350985	0.0016143060877050954
AKAP19	0.7687778141832058	0.0036578448398836933
AKAP3	-0.5698209661428809	-0.0014895120054974906
AKAP4	-0.4881074450149943	-0.0013525457301365492
AKAP5	0.2849296859672346	0.00865901315654426
AKAP6	-0.47249852661145	-0.006573399502218492
AKAP7	0.305898962731198	0.0027980578121022683
AKAP8	-0.6060325351762412	-0.01420116039678486
AKAP8L	-0.6837649464671712	-0.017262329838510206
AKAP9	0.24788026201569	0.003623761550407372
AKIP1	-1.001812039288978	-0.0036516048832083248
AKIRIN1	0.8255154740661061	0.006276394149324605
AKIRIN2	-0.6747899193876374	-0.0072020328096242545
AKNA	0.3601625886250991	0.0014215617373032662
AKNAD1	-0.1474944298422286	-0.002612568835795395
AKR1A1	-0.7176649981736076	-0.0030995951271118112
AKR1B1	-0.4220491952378343	-0.008839398345061202
AKR1B10	-0.4832409998148754	-0.0012337142725273769
AKR1B15	0.9824758886594462	0.0027902315237928275
AKR1C1	-0.4697730330389199	-0.0016864851886097224
AKR1C2	0.161938452323079	0.0006127751035905309
AKR1C3	0.9467624314119066	0.0029851419462417414
AKR1C4	0.6784346010385768	0.0024823922052001524
AKR1C8	-0.1958796182798248	-0.0006121238071244526
AKR1D1	1.012196952534656	0.0015861126246218059
AKR1E2	-0.656831072546538	-0.0016085792966664715
AKR7A2	0.0114170015218256	9.774095002834895e-05
AKR7A3	-1.3511488940278618	-0.005685634546069242
AKR7L	-0.1541962257348909	-0.0008118431284942004
AKT1	-0.0278290255355846	-0.005258127400795497
AKT1S1	-0.6958467075229873	-0.028290343741054567
AKT2	-0.9801185185423033	-0.04705647019373452
AKT3	-0.5875950150297968	-0.043167080184149
AKTIP	-0.6402119169055571	-0.1271416052140253
ALAD	-0.175834322450377	-0.0009303394000849446
ALAS1	-0.5750116025111347	-0.04151526268970141
ALAS2	-1.3130797969630277	-0.15522441511818735
ALB	-0.2897165236634142	-0.006792114180765083
ALCAM	-0.980349755818483	-0.0341102894039483
ALDH16A1	-0.5641061254820113	-0.001841242393573285
ALDH18A1	-1.6557120578035616	-0.0015762378790289907
ALDH1A1	-0.879294899481518	-0.020821703219722345
ALDH1A2	-0.4926239668932576	-0.015041780205118727
ALDH1A3	-1.1302548447537903	-0.021535875811938724
ALDH1B1	-0.2755361226243634	-0.0011514654564472146
ALDH1L1	-0.6476258793854681	-0.018472880583591093
ALDH1L2	0.277414369021102	0.008548523781385257
ALDH2	-0.5218040840826252	-0.0026596354165691408
ALDH3A1	-0.115588006540454	-0.0008485315560134728
ALDH3A2	-0.7051688007388841	-0.004642126215264075
ALDH3B1	-0.7758563661894222	-0.005526424896367254
ALDH3B2	-0.6855363052725116	-0.005693379015288209
ALDH4A1	0.2228093854058019	0.0011102591674771107
ALDH5A1	-0.4146702003471375	-0.0032078886698854556
ALDH6A1	0.0742058058571081	0.0010236690917988062
ALDH7A1	-0.4903101324888547	-0.003657223278234367
ALDH8A1	0.1900114443977753	0.005443257847663068
ALDH9A1	0.0889628364535518	0.00046598733734370425
ALDOA	-1.5369559738102745	-0.06392199895076932
ALDOB	0.7494293199619115	0.014350072618630682
ALDOC	0.3904577442698032	0.013433308233858307
ALG1	-0.8190398440126665	-0.024830830950932012
ALG10	-0.3054744631822876	-0.028838622171187045
ALG10B	-0.1499850112347949	-0.015079343044535046
ALG11	0.7747842805464967	0.005224370403725027
ALG12	-0.4877997529996951	-0.0026194846736083623
ALG13	0.0152057500689731	0.0002023125046676871
ALG14	-1.067613133582724	-0.010428445088836048
ALG2	-1.2965132867408045	-0.033596548799314466
ALG3	-0.8062939310569501	-0.02174977879026123
ALG5	-0.0609435938344931	-0.00198737059494282
ALG6	-0.6608530564028341	-0.006358067255651667
ALG8	-0.6486988523662063	-0.016829843025788854
ALG9	-1.174440001759888	-0.02423104611631001
ALK	-0.6530821190203246	-0.012901637261246515
ALKAL1	-0.359699765739859	-0.0016600144188894494
ALKAL2	-0.9093729347208714	-0.00762782017643867
ALKBH1	-0.3698230506254699	-0.002910507408422448
ALKBH2	-0.1840380819560954	-0.007344959850867768
ALKBH3	-0.3079573590509498	-0.006315897476775929
ALKBH4	-1.6358499809962788	-0.028748427566028602
ALKBH5	0.2001586410660392	0.00012930248212866132
ALKBH6	-1.0794882592583352	-0.013794780465062266
ALKBH7	-0.90794475395633	-0.0022344520394865282
ALKBH8	-0.1810922500138673	-0.007226124052303347
ALLC	-0.5928981707311487	-0.0007126636012188407
ALMS1	-0.7436138035072225	-0.016717925530449377
ALOX12	-0.582992656283295	-0.012507524447901812
ALOX12B	-0.5488264696992211	-0.013983549621466456
ALOX15	0.0432650952228097	0.0010483132572486791
ALOX15B	-0.522407294837021	-0.012518446006179535
ALOX5	-0.1811804937164261	-0.003873095414176041
ALOX5AP	0.271379807662624	0.006621667306968026
ALOXE3	-0.4279209806240281	-0.005966930153821448
ALPG	-0.9306039378186014	-0.007846852403686447
ALPI	-0.4834670219159599	-0.004118655559702063
ALPK1	0.238805479982094	0.007212403106419203
ALPK2	0.0065076342583355	2.0843952529448607e-05
ALPK3	0.2538765774313709	0.0012518654033140896
ALPL	0.0356519334864438	0.0002501339653408897
ALPP	-0.4981999737037693	-0.004289501773589453
ALS2	-0.0030388386587286	-4.1170186148455076e-05
ALS2CL	-0.795162025005335	-0.020609804526113277
ALX1	-0.147911900009779	-0.002962823269095883
ALX3	0.0685145092914505	0.0018027537684766456
ALX4	-0.0426162108507854	-0.0012758015042399625
ALYREF	-0.7929572608617673	-0.12067857961603064
AMACR	-0.5990649798030885	-0.004852426336405017
AMBN	-0.5744111096029901	-0.022342294519117904
AMBP	-0.1937904265522093	-0.006168349277156821
AMBRA1	0.1102273200849256	0.0033287548392446683
AMD1	-0.800325882974602	-0.00047619390036988826
AMDHD1	0.0711918421528848	0.0011672614439386991
AMDHD2	-0.8339144651966571	-0.0016461471542982013
AMELX	-0.1644306920864673	-0.0046974560115261976
AMELY	-0.3365217416522225	-0.009409820940079446
AMER1	-0.4703085978997149	-0.0013798854262377636
AMER2	-1.2265905104311785	-0.004112757981475742
AMER3	0.4228035765474568	0.0010011988692643777
AMFR	0.4472036984949137	0.035710556935914343
AMHR2	-0.4213335808693741	-0.015281347644551331
AMIGO1	0.4400164830803352	0.00820454734351593
AMIGO2	-0.4669567040867377	-0.011109366946927575
AMIGO3	-0.203235930948349	-0.0028251826761129992
AMMECR1	-0.3167770869814555	-0.002593137234030195
AMMECR1L	-0.414560646581924	-0.0014928328883415084
AMN	-0.0007385006896121	-5.267725419003109e-06
AMN1	-0.283846241329039	-0.0012892296281164953
AMOT	-0.2231661064908771	-0.014217019980107815
AMOTL1	-0.3744774653613658	-0.008138893232163923
AMOTL2	-0.2090893307099878	-0.0029297597019083492
AMPD1	-0.4870860185518574	-0.0020891119335689164
AMPD2	-0.0679379726326545	-0.00457174999236922
AMPD3	-0.2530008291619692	-0.007815701614471553
AMPH	0.0566457108124891	0.007385524421443141
AMT	0.2963511524429327	0.0039740689542597275
AMTN	-0.3500921761836276	-0.007680322161116422
AMY1A	-0.7612988266262138	-0.0032149649448425014
AMY1B	-0.5160528036748171	-0.002179290989918753
AMY1C	0.0159624027689072	6.740922689309511e-05
AMY2A	0.1640460124381021	0.0006766898013071712
AMY2B	-0.3962694513635724	-0.0019044709832533291
AMZ1	0.3955432297569378	0.00028558221188450906
AMZ2	0.7690685993545108	0.0046567103690915625
ANAPC1	-0.1471523108293982	-0.016406452591302093
ANAPC10	-0.513976791165023	-0.4134958704226345
ANAPC11	1.0729963305865176	0.0011202081691323244
ANAPC13	-0.1718892817882825	-0.0038496323549303746
ANAPC15	-0.1611132877126624	-0.004418370802232054
ANAPC16	-0.891691947125673	-0.08147656828471411
ANAPC2	-1.269811607273835	-0.10108843224346273
ANAPC4	-0.3773517253870577	-0.07094061496586529
ANAPC5	-0.0425143821153307	-0.003692714201773394
ANAPC7	-0.6846292997854309	-0.062167763567016046
ANG	-0.720224767571949	-0.040048818425605794
ANGEL1	-0.5107972114141532	-0.00814415073878726
ANGEL2	-0.2639630289117706	-0.006334320804795759
ANGPT1	0.3255952902531858	0.01663140742613273
ANGPT2	0.2654553467775076	0.01014570335383634
ANGPT4	-0.5931141091260042	-0.018051427911249935
ANGPTL1	0.1459891731791775	0.0037386367359455567
ANGPTL2	-0.9480702075541884	-0.034176982912120936
ANGPTL3	-0.4696828697389377	-0.016379250716405974
ANGPTL4	-1.20269805163931	-0.03546034935453342
ANGPTL5	0.1230565386215814	0.003548089178076057
ANGPTL6	-0.5728185768691844	-0.015797190712898364
ANGPTL7	-0.2585755986321493	-0.004170307254739304
ANGPTL8	-0.4835670158150254	-0.018440828148105996
ANK1	-0.8132430435798511	-0.01534101677409031
ANK2	-0.0422718524887317	-0.0013611536501371606
ANK3	-0.3111269056584804	-0.0102083849015604
ANKAR	-0.0460191798886671	-0.0012220853411234434
ANKDD1A	-0.2643266493863472	-0.003932387562920687
ANKEF1	0.5593307998409076	0.0002779874075209311
ANKFN1	-0.4161106483555833	-0.0015824687956962832
ANKFY1	0.1537831290562205	0.009996057171783389
ANKH	-0.553199311232538	-0.0010339295126936135
ANKHD1	-0.1574338580797301	-0.007159147262317646
ANKIB1	0.2789451411437988	0.008836424181153258
ANKK1	0.1707542190147891	0.0034538455880121386
ANKLE1	0.560815202874967	0.011429974649794703
ANKMY1	-0.1975574862502322	-0.00021988148219650845
ANKMY2	0.7030528020109065	0.023279484380185136
ANKRA2	0.0689216145735081	0.001989284561435164
ANKRD1	-1.281346299282308	-0.02897892790456868
ANKRD10	0.2733272821307214	0.005400400440338794
ANKRD11	0.6075862371563686	0.029912078041445182
ANKRD12	-0.3277002714767871	-0.05270108535916838
ANKRD13A	-0.5288726876662813	-0.008182189350885037
ANKRD13B	-0.2579040297490119	-0.0022432492507569054
ANKRD13C	0.3837575644366266	0.003882475279405351
ANKRD13D	-0.9228098716716508	-0.005091142062012498
ANKRD16	-0.3415241173686588	-0.0016140429786842814
ANKRD17	-0.3568053193406549	-0.01220345553208908
ANKRD2	-0.448712089265754	-0.013680782889623573
ANKRD20A1	-0.9209863662927786	-0.002342068329482536
ANKRD22	-0.0052278199528167	-1.3320485239776953e-05
ANKRD23	-0.2258809979463003	-0.0015018827553449506
ANKRD24	0.437102182938818	0.04597528180587075
ANKRD26	-0.9683963459664012	-0.012992973773831205
ANKRD27	0.0320114221836068	0.0015861979806199005
ANKRD28	-0.6553424901414315	-0.013941756135268815
ANKRD29	-0.7859661863754814	-0.000486513069366423
ANKRD30A	-0.4087691386092794	-0.0012900754014508857
ANKRD33	-0.4422631673588607	-0.00042236132482771193
ANKRD34A	-0.3913030412608748	-0.0006104327443669646
ANKRD34B	0.595750954031904	0.00040630215064975855
ANKRD35	-1.0057431920959758	-0.015329537733926864
ANKRD36	-0.3519682798295303	-0.0004909957503621947
ANKRD36B	-0.5722167762490905	-0.00041428494600434155
ANKRD37	-0.2234050284784738	-0.004473015480196003
ANKRD39	-0.6799249041080166	-0.0179044624998764
ANKRD40	-0.2140710011423776	-0.0012585234157160379
ANKRD42	0.0268720343717011	0.0006364372620593689
ANKRD44	-0.0930004891524022	-0.002395041597141814
ANKRD45	-0.6032628494954847	-0.0028594659066085975
ANKRD46	-0.025734239640663	-0.0011695439889492115
ANKRD49	-0.4828272901343139	-0.005176874204820114
ANKRD50	0.5296543198659666	0.009032195116674326
ANKRD53	-1.0152217026251982	-0.000793903371452905
ANKRD54	-0.8272684915439231	-0.003112184065188239
ANKRD55	-0.0333957607465577	-8.429090012431164e-05
ANKRD6	-0.1610548398851177	-0.008062405284648992
ANKRD7	-0.5368539726657776	-0.0003339231709981137
ANKRD9	-0.3552748159463265	-0.006497976383658312
ANKS1A	-0.0722506284760034	-0.0009295765859722599
ANKS1B	-1.0493024064379377	-0.012574840038752245
ANKS3	0.3378601717336394	0.017989702704129366
ANKS4B	-0.8062246095919015	-0.0024920402682485675
ANKS6	-0.0749270558761111	-0.0014909734848787349
ANKZF1	-0.1778771146448679	-0.002710847227187787
ANLN	-0.4554753973615874	-0.0037148573408811066
ANO1	0.0188349466670834	0.0001073403610557083
ANO10	-1.3970720907891794	-0.0068945507680446
ANO2	0.0034133747511356	2.5883620737861258e-05
ANO3	-0.6285485991051658	-0.006235830651722349
ANO4	0.0053992517816329	5.198939540534319e-05
ANO5	-0.3184440257718691	-0.004763604181521389
ANO6	-0.0039381071084818	-5.128203076665e-05
ANO7	-0.8152367404876508	-0.010921726612313058
ANO8	-0.4683290792369692	-0.006691017555058579
ANO9	0.645991948117476	0.006050360586068279
ANOS1	-0.3267651130157959	-0.002781424641990455
ANP32A	-0.7391526215582819	-0.0020134517411247595
ANP32B	-0.3002420009357248	-0.007635154083795482
ANP32D	-0.8735871590493829	-0.005070299871122619
ANP32E	-0.1077798002144338	-0.0005965611941868911
ANPEP	-0.3649854671786948	-0.0112243980721464
ANTKMT	-1.1686657481074572	-0.046235922992375326
ANTXR1	-0.1796769267080078	-0.0015191684153162061
ANTXR2	-0.6622628709243804	-0.003293433257106944
ANXA1	-0.8051731958218601	-0.032892935395714626
ANXA10	-0.9803471312308016	-0.004713509006957694
ANXA11	-0.1291679940108735	-0.003253741769133904
ANXA13	0.5501143612158286	0.015204060715283069
ANXA2	-0.8648053801744261	-0.021250862607026175
ANXA2R	-1.1966303771176243	-0.004529245977390208
ANXA3	-0.6747781988511387	-0.058673313946504206
ANXA4	0.4474859537757025	0.010550376332169738
ANXA5	-1.3963144544871389	-0.04531319667701663
ANXA6	0.1345776216633308	0.003833308975458314
ANXA7	0.1295678317377191	0.0019721519668798224
ANXA8	-0.9305604075545032	-0.01795702418457925
ANXA8L1	0.4200295777276301	0.008201077505131979
ANXA9	-1.1341325098092332	-0.0015662369960465512
AOAH	0.3122849800760358	0.0015152067233289257
AOC1	-0.5525518287648533	-0.0016664963155547975
AOC2	-0.5493263028521622	-0.001564481310522958
AOC3	-0.3243227115246598	-0.0010932918605496282
AOPEP	-1.153589992640334	-0.008715372394397724
AOX1	-1.255871537202604	-0.006064603653151374
AP1AR	-0.764159490552129	-0.0009574918416618176
AP1B1	-0.2506015973292755	-0.02710782538470506
AP1G1	-0.9274929011614096	-0.112177483916769
AP1G2	0.4129855618492444	0.03195971367482747
AP1M1	-0.7063331262024032	-0.11082013583552605
AP1M2	-0.5900651269956068	-0.06933973320350774
AP1S1	-0.5199188708747295	-0.03391950713586736
AP1S2	-0.0165148994910673	-0.0005960887822305832
AP1S3	-0.8521724939534717	-0.006306076455255691
AP2A1	0.0578602286185597	0.004236294498536467
AP2A2	-0.9365015114952334	-0.07421680828448575
AP2B1	-0.601752798354042	-0.038940627087086774
AP2M1	-0.9341196227720576	-0.1109117592902175
AP2S1	-0.6303236915992999	-0.07144908141385543
AP3B1	0.134933740983322	0.009838423856316957
AP3B2	-0.509094493395217	-0.058070372483618814
AP3D1	0.197977471912638	0.02801935564485183
AP3M1	-0.3271427414012774	-0.016818081192698273
AP3M2	-0.41040197054527	-0.015252589235314959
AP3S1	-0.8310868338856328	-0.03224533806792867
AP3S2	0.0854501867309042	0.002087206261089066
AP4B1	-0.4560341137168123	-0.031142113591607398
AP4E1	0.001175415771242	0.00016039606072791205
AP4M1	0.2278567893497193	0.017006091473116304
AP4S1	-0.2693555052894138	-0.020694583471385662
AP5B1	0.4681609290731274	0.014277503853943167
AP5M1	-0.8660943112874525	-0.036516268352501574
AP5S1	-0.6019894261796017	-0.048098955151750174
AP5Z1	1.1287962513846106	0.16570503211075807
APAF1	-0.3338407596137533	-0.010849157005927755
APBA1	-0.1143993425886585	-0.0048138099367881606
APBA2	-0.1482338990692226	-0.0038134652874548206
APBA3	-1.0857023543867	-0.02532943592784171
APBB1	0.3069528094335895	0.007018782940508458
APBB1IP	-0.5748177853890271	-0.03369466894393399
APBB2	0.2273564519335437	0.006847294262882536
APBB3	-0.1311866974401014	-0.0014988080182531582
APC	-0.3794268840783771	-0.015563331931126871
APC2	-0.1631250265208438	-0.002034332205741443
APCDD1	-0.3230272582891072	-0.007653484830643817
APCDD1L	0.0760770256197898	0.0012313827366819176
APCS	0.0847593651620154	0.002422253137600076
APEH	-0.9436011156792954	-0.013838853962552546
APEX1	0.5440879578847675	0.04420769066609524
APEX2	-1.4024299013989638	-0.04120619536290435
APH1A	-0.394125299007514	-0.0033078936345700646
APH1B	-0.2076218194250589	-0.0013530713971931089
API5	0.1388199054288388	0.0037123219109780068
APIP	0.3558864278225848	0.0008783277038661393
APLF	0.043470343388638	0.007159391674735124
APLN	-1.0502993311602815	-0.018347679016038957
APLNR	1.0161276724307702	0.027305382813559657
APLP1	-0.3656515664936277	-0.015942042647555672
APLP2	-0.182076715329533	-0.005880895828428587
APMAP	-0.3598770752977838	-0.0018983515721958096
APOA1	0.2899166387398676	0.008383519442440753
APOA2	-0.1244943742746108	-0.0037736734730120024
APOA4	0.0751435535228982	0.0006371421903206538
APOA5	1.0750657616398307	0.008260805312440458
APOB	-0.009809845645345	-0.00039422826694947955
APOBEC1	0.0870564173356715	0.0027591660910367727
APOBEC2	-0.337651520539261	-0.0009555538031261086
APOBEC3A	-1.6237498949910338	-0.008061918228630482
APOBEC3B	0.0741007901941705	0.000141680710851254
APOBEC3C	-0.8509297630417594	-0.0031033408458132966
APOBEC3D	-0.504469273902182	-0.0018902463693114759
APOBEC3G	-0.8487712131791528	-0.0029953136113092305
APOBEC3H	-0.4695513899803863	-0.010265802039141186
APOBEC4	-0.4121762026170379	-0.0006434070522851963
APOBR	-0.9280970131072036	-0.02514121998806104
APOC1	-1.184745539081444	-0.03331859879558745
APOC2	-0.4194902956226694	-0.012872898701772854
APOC3	-0.1816660287400993	-0.006908577406957236
APOC4	0.1390942127536593	0.0027034351190801218
APOD	-0.1271986045394084	-0.0033581703584449215
APOE	-1.7152457073450706	-0.07078475985071637
APOF	-0.2503334866462518	-0.006597038373588674
APOH	-2.4935836911287135	-0.0684588466562477
APOL1	-0.1672044415338729	-0.0047817126189856965
APOL2	-0.5482854723926384	-0.006762004731018409
APOL3	-0.5270408740318386	-0.005404804163196505
APOL4	-0.5227915252857499	-0.006172076747523563
APOL5	-0.5417396908160228	-0.005157903596259353
APOL6	-0.0264889558949332	-0.00023055987210949855
APOLD1	-0.3013584589183342	-0.001962144926017274
APOM	0.0304050500670031	0.000225514256346962
APOO	-0.6048992623987842	-0.01830364678092481
APOOL	-0.4479477414915992	-0.0059424747386275555
APP	0.856673063670575	0.03367496145982663
APPBP2	-0.4376789010562419	-0.010214550192850573
APPL1	-0.0161966442248224	-0.0029038315564915086
APPL2	0.3147200399165607	0.059519853949019964
APRT	-0.8148655385728697	-0.16212890701661245
APTX	-0.0289346920880064	-0.0009368474604254711
AQP1	-0.4011911143168387	-0.0042361769760715
AQP10	-0.1591555110416716	-0.0006822996758356462
AQP11	-0.4621415123245548	-0.0010134763365277487
AQP12A	-0.4952856001164314	-0.0013447004043161113
AQP2	-0.146727130244188	-0.0006991547756135558
AQP3	0.1031018751958927	0.00023785602607692447
AQP4	-0.4406712173123824	-0.0031058507396176708
AQP5	-0.5092655107442832	-0.0032180487623931255
AQP6	0.1185339620334434	0.0004166468765475535
AQP7	-0.9157526679382008	-0.0016749116296589691
AQP8	-0.9730642057778016	-0.0006412493116075712
AQP9	-0.3617936084023412	-0.0012485497425964796
AQR	-0.2352891606105631	-0.0352272578374529
AR	-0.6076432516596872	-0.020939386452192822
ARAF	-0.7130950811285972	-0.01875796610908775
ARAP1	0.1993695946449005	0.006285126471180488
ARAP2	-0.4353617098549329	-0.0026535296215658157
ARAP3	-0.8687740311796182	-0.004402946790018305
ARB2A	-0.3041358730579171	-0.0009525535544173963
ARC	0.2111659835873686	0.000419375643404514
ARCN1	0.2846966365113743	0.029033932384702973
AREG	-0.1193263811722043	-0.0026701664314904157
AREL1	0.0186516903894982	0.00027434771393912904
ARF1	0.1494422772117919	0.005834824271457204
ARF3	0.8638228933307447	0.04665421064590019
ARF4	0.2011052221827036	0.00875652358427928
ARF5	-0.1764571897659706	-0.013203409224238752
ARF6	-0.869252533693768	-0.07049898824016566
ARFGAP1	-0.208078417244893	-0.026334612564930904
ARFGAP2	0.6762739980232062	0.06727167967936042
ARFGAP3	-1.4363833979604548	-0.16755412337208705
ARFGEF1	1.3463461894295448	0.16184696812370444
ARFGEF2	0.1389484208899592	0.004259741739223479
ARFGEF3	-0.1209851996090757	-0.011609981724886122
ARFIP1	-0.8885800437946386	-0.011512443047403339
ARFIP2	-0.7417047985938992	-0.0056362147645150395
ARFRP1	-0.4276392186955254	-0.044643396235719376
ARG1	0.5930065227421396	0.0010680047474585935
ARG2	-0.8848648638716703	-0.004667662156923061
ARGFX	-0.7981053412503196	-0.0004636992032664357
ARGLU1	-0.0903719895200657	-0.00039845010179396964
ARHGAP1	0.1601016782940258	0.00946184908549863
ARHGAP10	0.4179031889098896	0.03289232419271959
ARHGAP11A	-0.1547636917879457	-0.003968914875901867
ARHGAP11B	-0.1901734185524289	-0.0012779653726723223
ARHGAP12	-0.5201606125672873	-0.019638663927477932
ARHGAP15	-0.6207063078315705	-0.003532439597869468
ARHGAP17	-0.0686870707674572	-0.009144584479554647
ARHGAP18	0.3267769831491161	0.0012940368532704995
ARHGAP19	-1.007635318201271	-0.015604240537664881
ARHGAP20	-0.7850184605849388	-0.004087591124265776
ARHGAP21	-0.3906929260880914	-0.004129624228751126
ARHGAP22	-0.7988615726104802	-0.008161968687361276
ARHGAP24	-0.9765598680005848	-0.011195282326758704
ARHGAP25	-0.5547548953938074	-0.004467995927501725
ARHGAP26	0.2115173081556574	0.005511083463995653
ARHGAP27	0.4436117337202574	0.012322203127547591
ARHGAP28	-0.5613308665520915	-0.00305420124490993
ARHGAP29	0.3785667377271509	0.003820874083880134
ARHGAP30	-0.2248559230358527	-0.0026249680455205445
ARHGAP31	-0.4903449323444273	-0.0020766107884786496
ARHGAP32	-0.0294078071956094	-0.0005574543931999718
ARHGAP33	-1.3665925264488703	-0.01875101605540495
ARHGAP35	-0.2261377515882322	-0.00870630343614694
ARHGAP36	-1.936883006446979	-0.010635424588400362
ARHGAP4	-0.6154647299208921	-0.022060717779284457
ARHGAP42	-0.155229683648142	-0.004576947222365467
ARHGAP44	-0.0032262163012065	-0.00011826986338592908
ARHGAP45	-0.4076548964318962	-0.006679017823140187
ARHGAP5	-0.1769376304129503	-0.009411135624034414
ARHGAP6	-0.0986016962809372	-0.00045317339610718743
ARHGAP8	-0.525883114488916	-0.008129101183769664
ARHGAP9	0.4213716992889301	0.00455292121081689
ARHGDIA	-0.4226307285156705	-0.03087613313316934
ARHGDIB	-0.3935856375520638	-0.046167201699219534
ARHGDIG	-0.5158036245458666	-0.048282314079240385
ARHGEF1	-0.3801781207245335	-0.006929126428325347
ARHGEF10	0.3527981670041323	0.008141523299954361
ARHGEF10L	-1.1426751867893494	-0.007783903372409049
ARHGEF11	-0.0955825395154665	-0.0023266701768854853
ARHGEF12	-0.3107388839664513	-0.02112154342096763
ARHGEF15	0.3249304136253048	0.005780187127980546
ARHGEF16	-0.0461699572738236	-0.0009102407076534323
ARHGEF17	-0.1629611159730238	-0.0007447322999967188
ARHGEF18	-0.1199373016411936	-0.0030173826346891483
ARHGEF19	-0.6720149854977115	-0.015066575974858692
ARHGEF2	-0.9020869134082874	-0.06438825761834333
ARHGEF25	-0.1960563685859091	-0.0040193516123797225
ARHGEF26	-1.4071250577560392	-0.03158010767121879
ARHGEF28	0.3396347116149157	0.005665106989736794
ARHGEF3	-0.5683039220934631	-0.012117944530798916
ARHGEF35	-0.5684120278366324	-0.0020229784070705747
ARHGEF37	-0.166700442944419	-0.0033280076429423808
ARHGEF39	0.2671395094449771	0.0012779954131847706
ARHGEF4	-0.249985990187978	-0.003026330397215662
ARHGEF5	-0.8494793374114669	-0.005677919891258244
ARHGEF6	0.5638771762668504	0.014539009112864472
ARHGEF7	0.7514865557445576	0.011857706363093376
ARHGEF9	-0.5610640654519812	-0.008148333422559122
ARID1A	-1.318534574442371	-0.03408280021476085
ARID1B	-0.5690301200263429	-0.016061444167863554
ARID2	-0.2416762407737459	-0.005978586844260926
ARID3A	-0.1817919369518418	-0.0038761676796871705
ARID3B	-0.0368440343216156	-0.0009260748026738081
ARID3C	-0.1707909759567004	-0.0027287274228602024
ARID4A	-0.802957194654609	-0.017204160852669653
ARID4B	-0.0255287834055056	-0.00025561970823932754
ARID5A	-0.6510695972075415	-0.017540466018368377
ARID5B	-0.1489193272084034	-0.0009694648201267061
ARIH1	0.5389888519802983	0.0221540587829462
ARIH2	-0.368059452631353	-0.015171778696917002
ARK2C	-0.4284430887291629	-0.01263264447117937
ARK2N	0.1550248611651062	0.003905386302471355
ARL1	0.2107665705677587	0.014044641196353168
ARL10	0.1158003913139598	0.0010966297057431993
ARL11	-0.6580617931496981	-0.004591297130805444
ARL13A	-0.5718139744534573	-0.0030083133195996387
ARL13B	-0.3565797184651658	-0.008890602120491978
ARL14	-0.4941715550098326	-0.003710240035013823
ARL14EP	-0.3433516238262882	-0.005934489466213565
ARL15	-0.6915486861916378	-0.025698640727567452
ARL16	0.5612554632095552	0.0065498512556555095
ARL17A	-0.4168476642228324	-0.019111214861624197
ARL17B	-0.3321341065953078	-0.013537121916611555
ARL2	0.0239765880012451	0.0010054821944202146
ARL2BP	-0.9377339654897228	-0.06619557835788502
ARL3	0.0671182280866716	0.005301803073022364
ARL4A	0.9369983058881586	0.011955161384827015
ARL4C	-0.8404162465158679	-0.007275483446087868
ARL4D	-1.7639122454595908	-0.038758443769483585
ARL5A	-0.4284916747171625	-0.0018870773354543835
ARL5B	-0.3937096011761242	-0.002069731373382885
ARL6	-0.1701372519083019	-0.005223383770836776
ARL6IP1	-0.6385950120759747	-0.02251111277069018
ARL6IP4	-0.5559065604953323	-0.00741134626452377
ARL6IP5	-0.0527263089547541	-0.0043047867683019434
ARL6IP6	-0.2538268238459191	-0.0004883628090795484
ARL8A	0.007834569491051	8.057854721545954e-05
ARL8B	0.3741925732061177	0.008729164347752314
ARL9	-0.7440760114942608	-0.09776265899820795
ARLN	-0.2557978451355286	-0.00024377534641415875
ARMC1	-0.0607468838522078	-0.000313089439374279
ARMC10	-0.1157833354791657	-0.00013407710248487386
ARMC12	-0.3522552656364613	-0.0070489801206512276
ARMC2	-0.6033797173546361	-0.013493380619201729
ARMC3	0.6426442516870886	0.002612991527359702
ARMC5	-0.3201674252547022	-0.008438332660012931
ARMC6	0.1823108334930039	0.0032174215894845326
ARMC7	-0.1987710909111652	-0.0023200561731151204
ARMC8	-0.5284569791033495	-0.05597363476964768
ARMC9	0.4526949427295482	0.026525207474295147
ARMCX1	-0.3086975873324385	-0.0006998174304826381
ARMCX2	-0.2337303051019169	-0.00014841874373971723
ARMCX3	-0.4349142887777213	-0.00043839360308794306
ARMCX5	-0.889240264650191	-0.0005148701132324606
ARMCX6	-0.3799500105332763	-0.0011029948805781013
ARMH3	0.1777467780454119	0.004797741033001758
ARMH4	1.0181618267762162	0.024995872847356108
ARNT	-1.1194886817928835	-0.027476730205924532
ARNT2	-0.5345490052981231	-0.016414930854694764
ARPC1A	-1.3342867400902267	-0.2399301073162845
ARPC1B	-0.4644969339564254	-0.010008515435959098
ARPC2	-1.3824346948936903	-0.23260569689342253
ARPC3	-1.4057002366829077	-0.19192728181550078
ARPC4	-0.2670895847371795	-0.029695821299833825
ARPC5	-0.353532258114265	-0.03398859129510544
ARPC5L	-0.5861490749490971	-0.09213149774957402
ARPIN	-0.3414527699877118	-0.0035422310358525218
ARPP19	-0.5719864254685412	-0.006268971223135211
ARPP21	-0.0685830414576234	-0.0016001795232892689
ARR3	0.4713009604049203	0.029244695894085713
ARRB1	-0.8608434834339178	-0.029373701341732145
ARRB2	-0.0064837583797144	-0.000331884140182441
ARRDC1	-0.8244628722060426	-0.005758048699487001
ARRDC2	-0.4127840743596085	-0.0034236311127385927
ARRDC3	-0.0797099938248974	-0.0020422497517876962
ARRDC4	-0.7681246225049598	-0.005295451147549193
ARRDC5	-0.2486639941475965	-0.0029513929465378227
ARSA	-0.4035673847910142	-0.009089548207648014
ARSB	-1.0056614610624437	-0.005044397888689217
ARSD	-0.1223610959026113	-0.0005921053430727361
ARSF	-0.1963973401366592	-0.0012638168837794017
ARSG	-0.3666231822237278	-0.002095618109590828
ARSH	-0.5445279397596564	-0.001985893396303467
ARSI	-0.9020504705249376	-0.004866562288482038
ARSJ	-0.2449588489916134	-0.0013622161592423622
ARSK	-0.5852213600104645	-0.00032655351888583923
ARSL	-0.1887644423216952	-0.0010829416055995653
ART1	-1.141341343036891	-0.005299247855720285
ART3	-0.2197067887138778	-0.001846855265928857
ART4	-0.8325825019105901	-0.002605983230980147
ART5	-0.340246683712474	-0.001696810211674108
ARTN	-1.0165298688041466	-0.03514042103469055
ARV1	-0.3236336568307512	-0.0004090729422340695
ARVCF	-0.7180087344791976	-0.019198835551239263
ARX	0.0822588662978061	0.0011799211781757307
AS3MT	-0.4792938039030723	-0.003730822969581515
ASAH1	-0.3419893132352948	-0.002096052500819122
ASAH2	-0.2397064069845404	-0.0015398739584686876
ASAH2B	0.0927055373294436	0.0021492851774458205
ASAP1	-0.4568446540130472	-0.05556464473364489
ASAP2	-1.0236662869113378	-0.03172444189766927
ASAP3	-0.8611901563357354	-0.02111035430225788
ASB1	-0.351771587327339	-0.008727804853178608
ASB10	-1.0025788725630598	-0.02046363736788461
ASB11	-0.4700214107636153	-0.01241984575801777
ASB12	0.0682246391170882	0.0016520596362202909
ASB13	-0.1345552095071026	-0.0034400384862585845
ASB14	-0.7818544148315013	-0.04433583644743511
ASB15	-0.1261621647803086	-0.003318064933722116
ASB16	0.3329693928931522	0.007910353866962616
ASB17	-0.4596292427556887	-0.013235943303635568
ASB18	-0.2212525980395192	-0.005527996162017387
ASB2	-0.4167905928591544	-0.007813990034923427
ASB3	-0.8639668816552643	-0.01597042780739756
ASB4	0.4829148616100812	0.013556385995118199
ASB5	0.2199049290192001	0.005101574448316423
ASB6	0.1299757554833519	0.0037102879160277637
ASB7	-0.4078102782986584	-0.010677696516693773
ASB8	-0.2735801696738172	-0.006921578292747576
ASB9	-0.3874012847823945	-0.007100678148776509
ASCC1	0.4418857662935295	0.02360597952116664
ASCC2	0.1862141759851392	0.18097913685566897
ASCC3	-0.980695974723122	-0.003019562906172493
ASCL1	-1.0717954365787907	-0.03274549417835521
ASCL2	-0.1368802097014803	-0.0019955765772378814
ASCL3	-0.6406777754810724	-0.013972541605466708
ASCL4	0.0682232635465457	0.0008794660903785206
ASF1A	-0.2692817391651513	-0.00878370104982807
ASF1B	-0.2279030550986188	-0.006875607269270231
ASGR1	-0.3595208759510938	-0.011354747825163394
ASGR2	-0.1312639070669457	-0.004514034500125197
ASH1L	-1.26250294881574	-0.02969785686499265
ASH2L	-0.003163331202426	-0.0002873190464539488
ASIC1	-0.1698703461899244	-0.0018417342933911601
ASIC2	-1.0190214548244894	-0.017826761330699617
ASIC3	-1.003759388162787	-0.013318883321532022
ASIC4	-0.5159290532245436	-0.005458529383115672
ASIC5	-0.585489298288156	-0.009028244979603365
ASIP	-0.8459766512036826	-0.027297974581040427
ASL	-0.0943436949957308	-9.830613018555148e-05
ASMT	-0.7277241322978317	-0.0005406990302972889
ASMTL	0.4601727557883407	0.013449008960670045
ASNS	-0.1455324519700775	-0.00046934215760349995
ASNSD1	-0.590200901230111	-0.0018567720352699294
ASPA	-1.2859364901784778	-0.0007728478305972651
ASPDH	1.1912125322045617	0.0046266694750825175
ASPG	-0.2287946497870148	-0.0002365736678797733
ASPH	-0.320174754782418	-0.007834996424280552
ASPHD1	-0.4215222680311952	-0.001101016164097482
ASPHD2	-0.4888474909727133	-0.0011751893682984027
ASPM	-1.0331544839730968	-0.026838254030169137
ASPN	-1.1753552570761885	-0.029791729701110152
ASPSCR1	-0.5558543805919294	-0.03993091113858243
ASRGL1	-0.1322091965424573	-0.0004307375623353259
ASS1	0.8321207232273979	0.005489500411131144
ASTE1	-0.7928418767268479	-0.005336618672248414
ASTL	-0.1463663000109053	-0.0008315069503619531
ASTN1	-0.0135210116089086	-0.0005152046263458532
ASTN2	-0.2677144581435474	-0.007171267190291203
ASXL1	0.3381827109915948	0.009110642234113564
ASXL2	-0.8227801948200862	-0.006059776134849935
ASZ1	0.0703449896782923	0.002169861551616604
ATAD1	0.9353500953707	0.02446127569413455
ATAD2	0.2270648988978593	0.010182271261276705
ATAD3A	0.0344555749574262	0.006660021450245782
ATAD3B	-0.6198656336829053	-0.11246842057542633
ATAD3C	0.0058984709463109	0.0009718497685270227
ATAD5	-0.5067002333874828	-0.02840358828276874
ATAT1	-0.3123776885619777	-0.0018577101138780813
ATCAY	-0.3393511564837817	-0.0024633500449157716
ATE1	-1.1334794328407196	-0.025474950253095173
ATF1	-0.3329183303898994	-0.004671177093700678
ATF2	-0.0459565031562534	-0.0007355338330158356
ATF3	-0.6874788163245409	-0.024041134206869194
ATF4	-0.8988678830640546	-0.029590730710468676
ATF5	0.0290976414736374	0.0009043255993591767
ATF6	0.3573759208709639	0.012531029289419479
ATF6B	-0.2903100253714628	-0.012378819481839172
ATF7	-0.3754486892110028	-0.01276750812530936
ATF7IP	-0.3142553586175785	-0.005690221778488494
ATF7IP2	-0.3474747692083543	-0.0025205819758374022
ATG10	0.0077000282445681	4.861797833620299e-05
ATG101	-0.3248531062200226	-0.017039195127452625
ATG12	-0.5178944827588403	-0.03686994401656736
ATG13	0.2391742082751454	0.021794032206447798
ATG14	0.3827713510365192	0.02392206112572934
ATG16L1	-0.7995200282650106	-0.035887255988703265
ATG16L2	-0.347850976255411	-0.026291272487336474
ATG2A	-1.0590241010324863	-0.03149431774060511
ATG2B	-0.9536766200392448	-0.035837260027834744
ATG4A	-1.148506735206733	-0.03863921209256012
ATG4B	-0.6644465623487593	-0.016302860853789156
ATG4C	-0.6437639377382713	-0.004179315483796858
ATG4D	-0.9453321816797337	-0.00596315540203576
ATG5	-0.3503586680609684	-0.03791686613356218
ATG7	-0.0148862522005785	-0.0013636104740773918
ATG9A	0.2998746091947477	0.009754021413277558
ATG9B	0.6382696218517026	0.0034102745895536464
ATIC	-0.6156955859787026	-0.016577603652476566
ATL1	-1.1463581719647764	-0.017060102315179803
ATL2	-0.489144687983998	-0.01450558572216546
ATL3	0.4860221385944433	0.004976380677068505
ATM	-1.0312007854942995	-0.10110820581693057
ATMIN	0.8660620803728151	0.02148353596572805
ATN1	-0.7738876428735366	-0.02135465561745237
ATOH1	-0.1915898599831304	-0.005619905362885164
ATOH7	-0.9555182763077898	-0.007494129841081995
ATOH8	-0.1311299180308647	-0.0011654827114583256
ATOSA	-0.3609942516274502	-0.010835242462597917
ATOSB	0.2188104092826436	0.0007240436443162676
ATOX1	-0.6673217657896638	-0.006264816737233365
ATP10A	0.5001773487576398	0.0031956330812125604
ATP10B	0.2462247670423141	0.0025314368299620316
ATP10D	-1.1363823736588512	-0.008980829899025902
ATP11A	0.8086679170190371	0.01336323732873959
ATP11B	-0.2893749707788887	-0.0026512534822761783
ATP11C	-1.3448523932533931	-0.015058312247258242
ATP12A	-0.6839103920767322	-0.004701200035135457
ATP13A1	-0.794669162639869	-0.004694110743713706
ATP13A2	0.1135398291398892	0.002197790472660835
ATP13A3	0.4338869196610699	0.0025004903180067457
ATP13A4	0.2334440924845908	0.0015145852720400252
ATP13A5	-0.0077747570861242	-5.681015002830953e-05
ATP1A1	-1.864099767992601	-0.018376295512871062
ATP1A2	0.4685190499306818	0.011887265334841258
ATP1A3	-0.013874447116149	-0.00038056220994885087
ATP1A4	0.0664587518057759	0.0004892028720423164
ATP1B1	-0.1259440356492235	-0.002048353795798971
ATP1B2	0.0429031421600514	0.0005362463738584825
ATP1B3	-1.7487683134171512	-0.015527313854830886
ATP1B4	-0.2306458539251339	-0.0060210100167156205
ATP23	-0.8627816048851796	-0.015610307577187557
ATP2A1	0.048077280431668	0.0014525588736819853
ATP2A2	-0.8775203810657356	-0.03271571484689276
ATP2A3	-0.4643912783532644	-0.0037364922256303648
ATP2B1	-0.321390567151146	-0.008656333535648967
ATP2B2	0.0083727596818955	0.000264085213126666
ATP2B3	0.3129395583847403	0.009574072849222745
ATP2B4	-1.6933100314421503	-0.05226570743049341
ATP2C1	-0.4453963468994603	-0.005102015153733317
ATP2C2	-0.4716982423188906	-0.005509907168526962
ATP4A	-0.1646324799322058	-0.0010082093071048285
ATP4B	-0.8754164782601079	-0.00673457896725501
ATP5F1A	-0.4594952719479061	-0.03293156664523448
ATP5F1B	0.2728316831766916	0.020229105149135798
ATP5F1C	-1.0677184880698167	-0.06148350141701233
ATP5F1D	-0.5179638195325933	-0.0010587180471246206
ATP5F1E	-0.6393723042282429	-0.013422342782663504
ATP5IF1	0.2350257237351289	0.002875069678451832
ATP5MC1	-0.8881872811063394	-0.0022968523089409937
ATP5MC2	0.0306900815223548	9.296025693121269e-05
ATP5MC3	-0.4959235240235258	-0.004831286971037189
ATP5ME	0.2152867670351085	0.012084261520447675
ATP5MG	-0.9111427754216268	-0.006851793671170633
ATP5MJ	-0.5025441464840332	-0.005079213688514123
ATP5MK	0.0515248821089138	0.00023881782857481548
ATP5PB	-0.476255798736137	-0.09228503863269874
ATP5PD	-0.8210926734204145	-0.007851288143246003
ATP5PF	-0.1887958527480007	-0.0008829982033023992
ATP5PO	-0.9629364149149572	-0.001214262819207761
ATP6AP1	-0.7159628486872736	-0.018405256951203743
ATP6AP2	-0.5848379131685739	-0.021429630814322885
ATP6V0A1	-0.1277473405271647	-0.004534647346692765
ATP6V0A2	0.5702153881689902	0.004170555349067994
ATP6V0A4	-1.525193952171379	-0.012421179546483712
ATP6V0B	-0.5695928284456468	-0.03399386959446465
ATP6V0C	-0.8380063217600704	-0.06114848329251058
ATP6V0D1	-1.0834682416469652	-0.1316858135580138
ATP6V0D2	-0.005094022114962	-0.0006527123356564259
ATP6V0E1	-0.6512150633934921	-0.14058495910045046
ATP6V0E2	0.3425054205063624	0.09896522872821088
ATP6V1A	-0.3116603175857341	-0.021060134300538394
ATP6V1B1	-0.8222012846580404	-0.06364331264024028
ATP6V1B2	-0.9798146422279824	-0.0720300936087479
ATP6V1C1	-1.462010740478045	-0.11631611250169278
ATP6V1C2	0.2260050127965366	0.019552597677079564
ATP6V1D	-0.2623101509912969	-0.04606481023588363
ATP6V1E1	-1.047448876894077	-0.20339571781304566
ATP6V1E2	0.0280203843922315	0.0062023401056048345
ATP6V1F	-0.3279586020598112	-0.3052615710870578
ATP6V1G1	-0.5328560785992468	-0.10876391848328525
ATP6V1G2	0.4749251012218992	0.06723277195447816
ATP6V1G3	-0.5628002319116648	-0.12944574174037865
ATP6V1H	-0.4869643776611577	-0.037798174994059054
ATP7A	-0.5922393951684859	-0.003527377837623502
ATP7B	-1.277008389991896	-0.007305764999143638
ATP8A1	-0.122960369320973	-0.0028598122696671903
ATP8A2	-0.3123751562932638	-0.003811914032246698
ATP8B1	0.1506503480278267	0.003783282190022812
ATP8B2	-1.8940328236700843	-0.033944856265815254
ATP8B3	-0.6812964008936773	-0.006452558212864018
ATP8B4	0.1146165027953669	0.0026033992444939643
ATP9A	-0.8049417838262656	-0.006182757841569546
ATP9B	1.498356722007669	0.01985622328004563
ATPAF1	-0.772155790561006	-0.007020440447780666
ATPAF2	-0.8075689201606451	-0.0035831832987527823
ATPSCKMT	-0.1048476113027615	-0.0002656838470411976
ATR	-0.7369521520062755	-0.141156552147434
ATRAID	-0.15333699694993	-0.0027941067584216243
ATRN	0.0404207197434577	0.0008361834293329094
ATRNL1	-1.1278846221129697	-0.027699718434472425
ATRX	-0.3526630026005125	-0.006598677441658188
ATXN1	-0.4004761610839059	-0.002867409313360766
ATXN10	-0.2383370717619681	-0.0215921470162755
ATXN2	0.5195950952516477	0.0271659903650419
ATXN2L	-0.5359643165347063	-0.008515401061103415
ATXN3	0.0797573597386752	0.009102946739054218
ATXN7	0.0314816054282763	0.0007863475403874854
ATXN7L1	0.0311481975136729	0.0008087629484425168
ATXN7L2	0.1046777821923787	0.002688439480046862
ATXN7L3B	-0.03862295603583	-0.000664546581552491
AUH	0.689107376538544	0.0045391502892593895
AUNIP	-0.2290958622182843	-0.0016723997941934753
AUP1	0.2456704195560169	0.042169573187209854
AURKA	-1.061625766226048	-0.18986327528339889
AURKAIP1	-0.5362992995577152	-0.0002402620862018564
AURKB	-0.9593168469386222	-0.0889564918997715
AURKC	-0.4683008360835287	-0.05118528138392968
AUTS2	-0.9441985604570052	-0.027056009749895485
AVEN	-0.203862708251964	-0.00016309016660157123
AVIL	-0.0009011124660237	-1.0807942917488257e-05
AVL9	-0.3832951996588519	-0.00466048633265198
AVP	-0.6223211858014066	-0.004864684709409595
AVPI1	0.0676994066069711	7.98852997962259e-05
AVPR1A	0.1828995941515738	0.005764263609281
AVPR1B	-0.8067945451365424	-0.02703971918025122
AVPR2	-0.1369692611314106	-0.003389441335957887
AWAT1	-0.1427837169336238	-0.0006223942221136661
AWAT2	0.899171121203653	0.004367274135686143
AXDND1	-0.6643028563731672	-0.0027243060139863586
AXIN1	-0.929145149128726	-0.025833951726375096
AXIN2	0.6772646923318227	0.013044795239003239
AXL	-0.7915259480508381	-0.05119668984587626
AZGP1	-0.3492415792002068	-0.010526839680252633
AZI2	-0.3967045208194197	-0.0038476371474275516
AZIN1	-0.8071599059383534	-0.011347053957681371
AZIN2	-0.4304980620070533	-0.0008528166608359727
AZU1	-0.9589240438349868	-0.01377590281373342
B2M	-0.4271323401115253	-0.03391687059889578
B3GALNT1	0.2766483275137043	0.004929596547966697
B3GALNT2	0.2748438498117893	0.0035191006529901496
B3GALT1	-0.0932287235067658	-0.0022064441992346263
B3GALT2	0.1215436331754424	0.000947311076969398
B3GALT4	-1.0246078380855457	-0.015186737376103958
B3GALT5	-0.4582909638192575	-0.0057162631917175985
B3GALT6	-0.3061333063248738	-0.0017495518456466536
B3GAT1	0.0490826050729639	0.0004190181995078928
B3GAT2	0.5344716035638287	0.003482616968821908
B3GAT3	-0.3045789101811338	-0.002080273956537144
B3GLCT	-1.1984213736688107	-0.005029774505287999
B3GNT2	-0.1774055690250804	-0.0046352527074873
B3GNT3	-0.5611166600345947	-0.01393645448527923
B3GNT4	-2.1870153996259596	-0.03346133561427718
B3GNT5	-0.8232969985105493	-0.019373824968950248
B3GNT6	-0.7851736457141846	-0.035471004618784004
B3GNT7	-0.732058423524462	-0.02619817480266992
B3GNT8	-0.4766128790316141	-0.013526273506917208
B3GNT9	0.4066944038949424	0.011172708663801857
B4GALNT1	-0.4954338951839135	-0.0029859800862734468
B4GALNT2	-0.5615978830527218	-0.002276156220012682
B4GALNT3	-0.4758623227042974	-0.006532637966084595
B4GALNT4	-0.3082448407471897	-0.007297080115008222
B4GALT1	0.1221466787047079	0.00323432190542196
B4GALT2	0.7074546148585991	0.008573642477471362
B4GALT3	-0.4440843601274025	-0.004211251987088158
B4GALT4	-0.7121574817183002	-0.010153941374339524
B4GALT5	-0.2011503349898467	-0.001959204262801107
B4GALT6	-0.6683252802268103	-0.0052142738363295735
B4GALT7	-1.1042674726844348	-0.005733356718177585
B4GAT1	-0.2937203941150679	-0.0060905860923700485
B9D1	-0.3290729718028865	-0.03192336899459802
B9D2	-0.5379628730954112	-0.05020108142864449
BAALC	-0.4891221582630088	-0.0014810618952203905
BAAT	-1.131652099043053	-0.0005250865739559766
BABAM1	-0.2417246605438299	-0.03663844852328885
BABAM2	0.571818881279166	0.11287647534562609
BACC1	-0.4956001927613193	-0.011732838963431472
BACE1	-0.7224566483127772	-0.062219411465993
BACE2	0.2166891898453402	0.0006455170965492684
BACH1	-0.5237874910523971	-0.01637569212026214
BACH2	-0.6779301613198208	-0.021251076766892422
BAD	-0.3665917764621422	-0.012207872747965797
BAG1	-0.0301711192240183	-0.0009869576520560865
BAG2	0.3652426326098765	0.013757594242516217
BAG3	-0.3351891808655953	-0.02120440277073842
BAG4	-0.2462033939895602	-0.025156816594459272
BAG5	-0.2664344648690422	-0.01052336205893256
BAG6	-0.2686181196530225	-0.00867394770171575
BAGE3	0.259248973514964	0.0010491805958150594
BAGE4	-0.1906283550401385	-0.00029032698472613097
BAGE5	-0.525724682877357	-0.0007307573091995262
BAHCC1	-0.6469891539267659	-0.016890298852412153
BAHD1	-0.0045386087336503	-0.00012767106367758292
BAIAP2	0.1907411339921957	0.026232628157946677
BAIAP2L1	-0.7719493710071643	-0.05231037717692949
BAIAP2L2	-0.2689833925100069	-0.006769505039299344
BAIAP3	-1.818750684387127	-0.05529183955605305
BAK1	-0.1334689150872552	-0.00917812341489019
BAMBI	-0.6667646871565902	-0.04443253198742802
BANF1	0.1131084130582553	0.0033699520586576584
BANF2	-0.9278976176516446	-0.025030038236153112
BANK1	0.5283788180660675	0.0018810285923152
BANP	-0.780647969146072	-0.014804208086886112
BAP1	-0.3366881264891168	-0.06284788913109099
BARD1	-0.2805586357138283	-0.019799303480960574
BARHL1	-0.445966097210365	-0.00026401192954853605
BARHL2	-0.1916068459517589	-0.0004113798982584264
BARX1	-0.5520983588965415	-0.006263555881681262
BARX2	-0.3615098437832987	-0.004830494532632438
BASP1	0.4921019354512089	0.028765818636800417
BATF	-0.2406853209848155	-0.007295172079049757
BATF2	0.492476991232661	0.00609637267446911
BATF3	-0.5685953215089388	-0.016571710645378022
BAX	0.0585554223623048	0.002223817830475612
BAZ1A	-1.0693657356203778	-0.03403470326758977
BAZ1B	0.2464009325840327	0.004807528595647062
BAZ2A	0.0433687114350607	0.001272437993504681
BAZ2B	0.2795843101170204	0.00812695672648155
BBC3	-0.3655179063090666	-0.0065339980931808745
BBLN	-0.0488828314650962	-0.04345673940680759
BBOF1	-0.4385230913611005	-0.0026570114105569083
BBOX1	-0.3901340238336109	-0.0010943259368532787
BBS1	0.1607651815934454	0.01694625779176508
BBS10	-0.670551258855381	-0.6563845224095434
BBS12	0.0821686585523404	0.0806416362018037
BBS2	-0.232901465535277	-0.028385797717974025
BBS4	-0.459832473088817	-0.03878365027773009
BBS5	-0.4899422009605426	-0.0465935033113476
BBS7	-0.0575060854318816	-0.005385329888524848
BBS9	0.1542524322450299	0.018284157803732375
BBX	-0.2021059083160519	-0.004246851451445199
BCAM	-0.6079848151833158	-0.04388008806622545
BCAN	-0.8246344449690055	-0.019158732059964906
BCAP29	-0.1093271076899563	-0.0017452979471624622
BCAP31	0.4979101003920366	0.01675467487819203
BCAR1	-0.2171380775258225	-0.005916795474501137
BCAR3	-0.048316008400031	-0.0033608615443061563
BCAS1	0.8621334732806523	0.008106641049257974
BCAS2	-0.5067369835890155	-0.0002868131327113828
BCAS3	0.6156425910843141	0.018544386128641708
BCAS4	-0.0066303898922344	-0.0006378501380228414
BCAT1	1.3170924795483578	0.004484699892862158
BCAT2	-1.0313936648103046	-0.00534777615204143
BCCIP	-0.958417695416288	-0.004532357281623625
BCDIN3D	-0.7580075757669072	-0.00909760692435442
BCHE	-0.6411017870073159	-0.005374997382269337
BCKDHA	-0.3897766290993474	-0.07767312754040155
BCKDHB	-0.189491592060695	-0.003305680823498824
BCKDK	-0.5456222664085913	-0.08309499744043002
BCL10	-1.2587744049030336	-0.04069114141289547
BCL11A	-0.5806214034171127	-0.01331655188737148
BCL11B	-0.7556166118241328	-0.018440067794956133
BCL2	-1.0675391074781166	-0.05846484676014654
BCL2A1	-0.5000225772619566	-0.0168302599280602
BCL2L1	-0.3376198161559919	-0.05221087884962721
BCL2L10	-1.1401585383683024	-0.034203615992510705
BCL2L12	-0.8309883010179238	-0.004314491258885059
BCL2L13	-0.425227333497658	-0.002526700815643084
BCL2L14	-0.8862915085890322	-0.02506432386289783
BCL2L15	-0.2704858796996415	-0.0004582030802111927
BCL2L2	-0.4322534737842723	-0.014959860474199881
BCL3	-0.8513662022546618	-0.017330410413095895
BCL6	0.2340557900660655	0.007151340609678565
BCL6B	-0.0684235890923618	-0.0017235902092365939
BCL7A	-0.5461860794448741	-0.00795629261927348
BCL7B	-0.8948715589649596	-0.007313785251420615
BCL7C	-0.3258759741636937	-0.0008577055639988417
BCL9	-0.7645916874165086	-0.023924073899262554
BCL9L	-1.4945771659801053	-0.03372812290467304
BCLAF1	-0.7064957053557838	-0.0005001989593918949
BCLAF3	0.6191570271742519	0.0003745900014404224
BCO1	-0.304955321079161	-0.0015726545908052334
BCO2	-0.1816776695008284	-0.0010539121607743055
BCOR	-0.3574253168185112	-0.008830192452001319
BCORL1	-1.1067370866136117	-0.0014299043159047863
BCR	-0.3021964260163615	-0.007066561225966597
BCS1L	-0.6593643703261445	-0.020343368917672536
BDH1	-0.7929132500099187	-0.042347117943279736
BDH2	0.0862679479823725	0.0002638073849300951
BDKRB1	-0.0833720865322574	-0.0025557713126463507
BDKRB2	-0.2912605935653033	-0.00925189275460186
BDNF	0.8850607525613715	0.05133086846630187
BDP1	-1.476001423185758	-0.05066374885085115
BEAN1	-0.8284539510817976	-0.0012377102029162057
BECN1	0.7369281211349363	0.05852314673993097
BEGAIN	-0.4960950620823631	-0.0018901221865338033
BEND2	0.2657017211596321	0.0013643783381547107
BEND3	-0.8216324801672913	-0.0036751620837882945
BEND4	-0.8147714322353957	-0.01559391044155324
BEND5	0.4919108619383423	0.002122103458402009
BEND6	-0.6868325923297963	-0.0009677471225926831
BEND7	-0.6468632536250398	-0.0008098727935385499
BEST1	-0.3290853689015394	-0.003040419723281323
BEST2	0.1414215454417522	0.0016205494892170386
BEST3	-0.8078763212362696	-0.013386510642884989
BEST4	-0.6172549091088733	-0.007502733420218354
BET1	-0.2551093186185185	-0.008810965646446392
BET1L	-0.0323566767037474	-0.0011507975636454802
BEX1	-0.558930377949053	-0.005839145658433757
BEX2	-0.41657703885382	-0.004339483013740243
BEX3	1.4357985263510396	0.006140910297203397
BEX4	-0.2457149315177586	-0.0001425146602803
BEX5	-0.0758355266785012	-0.00010601806629654467
BFAR	0.0526696930447044	0.0022547895592437955
BFSP1	-1.393752781478853	-0.008840573892920365
BFSP2	-0.2684522022169568	-0.008776239394876751
BGLAP	0.3785404618863954	0.004823741105818337
BGN	-1.2007940358554094	-0.07176305396482684
BHLHA15	-0.8610475294304323	-0.011681831831782674
BHLHE22	-0.4163483886278952	-0.0060245611834456436
BHLHE23	-0.600858278691311	-0.01381253011055586
BHLHE40	-1.580686046857633	-0.046989054114936854
BHLHE41	-0.1624624315745425	-0.004600448674896319
BHMT	-0.8956436067201908	-0.021577845773102837
BHMT2	-0.6671339492932602	-0.07451886213605716
BICC1	-0.573462144073996	-0.01592504374093487
BICD1	0.6081530183569244	0.05510048792219242
BICD2	-0.840666498954058	-0.08356645332852813
BICDL1	-0.0874898442453034	-0.0008217921069961348
BICRA	-0.1715843346929305	-0.022840448712649446
BICRAL	0.0490760448085072	0.0012250853065547652
BID	1.082103654730331	0.07015819045444102
BIK	-0.264765848289231	-0.009930572671784186
BIN1	0.0213593883615224	0.0031003792988400607
BIN2	-0.9550103543483291	-0.1324666212205937
BIN3	-0.6862514231741998	-0.06467027536566707
BIRC2	-0.6617117125726352	-0.021097354531953327
BIRC3	0.6823231621031473	0.02055089131938469
BIRC5	-1.1896326495801028	-0.09943068648455458
BIRC6	-0.1197943007690542	-0.0036655858092322895
BIRC7	1.2941754647744417	0.036495748106639254
BIVM	-0.5443860209062084	-0.0022151067190673617
BKGD	-0.4808557278268704	-0.000367373776059729
BLCAP	-0.8220542186537897	-0.0005606409771218845
BLID	-0.6923966292828814	-0.003608078835193095
BLK	-0.4425818610238087	-0.018699968791977963
BLM	0.1942975713377588	0.00601914446247243
BLMH	-0.9889420724250289	-0.0047508777159298386
BLNK	-0.9886570415579894	-0.031227721314650656
BLOC1S1	-0.0329821841714384	-0.0035916279275329567
BLOC1S2	0.0076362157697982	0.0007165977602694027
BLOC1S3	0.2121605280170552	0.035469209234419305
BLOC1S4	-0.8509038018804191	-0.06134335688516318
BLOC1S5	-0.4536723692197087	-0.01079558769795219
BLOC1S6	-0.955739586966568	-0.07528647448411746
BLTP2	-0.2290571823702365	-0.005667561863386762
BLTP3A	-0.0307476493956739	-0.0009133589252984931
BLTP3B	-0.4955203647567486	-0.00894612466531834
BLVRA	-0.0504891250293255	-0.005516290333329017
BLVRB	0.5337800645456725	0.0016387047981552144
BLZF1	-0.6123805044274879	-0.01388266603537115
BMAL1	-0.5979564645145443	-0.015808175052371008
BMAL2	-0.4057326445785337	-0.010135201461571772
BMERB1	-0.0003939842310013	-3.7022698187192166e-06
BMF	-0.8780795925230875	-0.08753048610107145
BMI1	-0.2463130284274704	-0.005642538855216492
BMP1	0.18559207534111	0.004558512554528344
BMP10	0.186577544385641	0.004307329189686908
BMP15	0.4052669770608262	0.004958036197362148
BMP2	-1.0186744176424476	-0.042306567239108486
BMP2K	-0.3164316397069285	-0.009090764577140349
BMP3	-1.5078793968653916	-0.03786737529348058
BMP4	1.0232485101354318	0.016382208647268262
BMP5	-0.3463817957963322	-0.005926592526075245
BMP6	-0.5103316962331693	-0.015678920703371662
BMP7	0.0636511491470765	0.0016780352449643776
BMP8A	0.8533347959966293	0.006095370447803923
BMP8B	-0.4546812418517619	-0.003067279657531986
BMPER	-0.3470082153672815	-0.009550360103338321
BMPR1A	-0.673844952590405	-0.030492157949668416
BMPR1B	-0.1583168197663336	-0.005450056520456034
BMPR2	0.1234225981280753	0.005506992905876591
BMS1	-0.6270061697084571	-0.0002476674370348406
BMX	-0.410110244193999	-0.010719051452498553
BNC1	-0.6628540825039541	-0.013375732530847288
BNC2	-0.0684452603667322	-0.0019148930492800665
BNIP1	-2.086641976601146	-0.2226467855453189
BNIP2	-0.8605846522295989	-0.07700683585080897
BNIP3	-0.7763243593490082	-0.03775886419001706
BNIP3L	-0.7986239883133359	-0.025346728141088657
BNIP5	0.0114810131185339	6.851868629141032e-05
BNIPL	-0.4099995070658153	-0.0015497981367087817
BOC	-0.7686673863053646	-0.01908293653241698
BOD1	-0.5121037396970832	-0.000689291633632274
BOD1L1	-0.5703410042571558	-0.007274129168295765
BOK	0.4190714171290407	0.026983589477521806
BOLA1	0.1495286217611381	0.002134222018396724
BOLA2	-0.0318412412150292	-0.030743132329246487
BOLA2B	-0.090021683350371	-0.0004055476834934214
BOLA3	-0.7005810037415339	-0.013320146624137783
BOLL	-0.6595132878617747	-0.0006014761185299386
BOP1	-1.0251564335209853	-0.0009349426673711386
BORA	1.7842703016654975	0.04200707571211081
BORCS5	-0.2325018358166896	-0.014788744270792175
BORCS6	-1.8984983347577336	-0.17052691742460915
BORCS7	-0.0430529264221255	-0.0013021788125636077
BORCS8-MEF2B	-0.086061447822034	-0.0018777747300289598
BPGM	-0.9154414073216036	-0.007403174661009809
BPHL	0.2349312686659668	0.006246352571290726
BPI	-0.0547335044674753	-0.0010904008760010428
BPIFA1	-0.4996100058296213	-0.0048766932669029334
BPIFA2	0.4556131508111019	0.004518315616593697
BPIFA3	4.381328502670737	0.02891238678912419
BPIFB1	0.0148376373022503	0.00013350906044564821
BPIFB2	-0.3943254543076367	-0.002160903489605849
BPIFB3	-0.5323756941968146	-0.0084903275710508
BPIFB4	-0.1568644315048875	-0.0030949352335914305
BPIFB6	-1.0608233692754625	-0.027810545448925524
BPIFC	0.9231938642951208	0.0072119904678734845
BPNT1	-0.0596047043855335	-0.00040942471442422966
BPNT2	-0.5135370694206703	-0.002397191040055689
BPTF	0.0658311666151183	6.734528344726602e-05
BPY2	0.2513493470970359	0.0001485474641343482
BPY2B	-0.184158839488297	-0.00010883787413758354
BPY2C	-0.3535327690652388	-0.00020893786651755614
BRAF	-0.367883098395361	-0.006860651901975086
BRAP	0.6647748585631353	0.02829880095417411
BRAT1	-0.2004229893892659	-0.005510028824289697
BRCA1	-0.367715205469692	-0.015118242957680916
BRCA2	-0.7616680866192271	-0.011960473964181725
BRCC3	-0.2321221205009485	-0.04594973436376526
BRD1	-1.26372334262553	-0.035830347933461654
BRD10	0.5023683896033149	0.012529570005096276
BRD2	-0.1650203349811813	-0.0048484624620820874
BRD3	-0.0477973832667951	-0.001506716912719182
BRD4	-0.161729589436691	-0.00256648685477085
BRD7	0.2673732111339268	0.00584745212749898
BRD8	-1.1204540318615568	-0.03842597102269209
BRD9	-0.1017086742430059	-0.0004835230373512501
BRDT	0.3325110710859974	0.002209868578437539
BRF1	-0.1603373592624621	-0.02358915296941195
BRF2	-0.3914202530053792	-0.04715518072006404
BRI3	-0.6457997788699004	-0.0015970628531452636
BRI3BP	-1.0178405307843206	-0.013094518428540284
BRINP1	-1.2621813211359432	-0.02900618894102511
BRINP2	-0.5268857912108654	-0.010605684091283511
BRINP3	-0.2066782606268384	-0.0025024603796697594
BRIP1	-0.1747764705735011	-0.08616829552214751
BRIX1	-1.0057915690882524	-0.0004013108360662127
BRK1	-1.1864076536579906	-0.0912679679806019
BRME1	-0.4447115550735196	-0.0033575722408050734
BRMS1	0.1396289894584769	0.0014383182204117705
BRMS1L	-0.4806575562791043	-0.015007090222146195
BROX	-0.3375207640095205	-0.03436062633846122
BRPF1	0.2079412061054358	0.006456990331985992
BRPF3	-0.4531055698986684	-0.013801142553543541
BRS3	-0.5301493340414141	-0.018923680478608273
BRSK1	-0.6104190413279389	-0.011856169039712556
BRSK2	-0.949823361146514	-0.07879449657063137
BRWD1	-0.4767709762059653	-0.0187022950836314
BRWD3	-0.7000351936146525	-0.007418272946734473
BSCL2	-0.4522063081569004	-0.0028954769911286333
BSDC1	-0.852475037663994	-0.028213513846527545
BSG	-1.0718072159094567	-0.04372223175859447
BSN	-0.0215817187828176	-0.0005957201835621142
BSND	-1.1251799708978103	-0.006722950326114417
BSPH1	-0.7417948141384828	-0.003283183847376925
BSPRY	-0.4863227587278372	-0.012665303605549065
BST1	-0.449929496657862	-0.014042749520188531
BST2	-0.5617995082898317	-0.016444433407151664
BTAF1	-0.8106465089490326	-0.5902925216539618
BTBD1	-0.0412438284752437	-0.0007625571446787808
BTBD10	0.241022406974276	0.0062564596402382554
BTBD16	-0.1103889518279137	-0.000267362041327207
BTBD17	-0.1591795499677475	-0.005127810022661018
BTBD2	-0.1804362955160788	-0.021890531372010677
BTBD3	0.1237416799750583	0.0035727935259198583
BTBD6	-0.034778112113205	-0.0009484686735513269
BTBD7	-0.1190651479700284	-0.0018475339010509306
BTBD8	0.0010225231406517	1.3326544092113605e-05
BTBD9	-0.6809752322617275	-0.005748792910753504
BTC	-0.0685168867105673	-0.0007225790872496427
BTD	-0.3898985418306057	-0.0015362002548125863
BTF3	-0.3323518351663411	-0.0025856972775941335
BTF3L4	-0.2274064709353454	-0.01565807255625321
BTG1	-0.0428240454017134	-0.0013094736602935924
BTG2	1.7609529557646393	0.05399610048261113
BTG3	1.1531706517273737	0.0357828853231004
BTG4	-0.994315303071872	-0.03050957075945732
BTK	0.1321598811032715	0.013820751726255721
BTLA	-0.7607704327133116	-0.023784726808348974
BTN1A1	-1.1837090622719693	-0.04494898422165349
BTN2A1	-0.9395077852086569	-0.0109180199719098
BTN2A2	-1.159440735128944	-0.008513773318051835
BTN3A1	-0.6690328823681728	-0.004307233696686297
BTN3A2	-1.209000425215466	-0.018061257352293848
BTN3A3	-0.5189246801647391	-0.004450298057092803
BTNL2	-0.1401375567810412	-0.0018659315685395637
BTNL3	0.0738961160873449	0.0012673922870140525
BTNL8	0.1889529273764492	0.006799282138714148
BTNL9	0.2845405494445457	0.005684835637352579
BTRC	-0.1578193548082953	-0.005165269663520697
BUB1	-0.683559311582482	-0.02313779913775543
BUB1B	-0.178693665774473	-0.006184230385122961
BUB3	-0.582876394344667	-0.36902079388879166
BUD13	-0.517093435400448	-0.0002497561292984164
BUD23	-0.9655050731372026	-0.0036679537728482323
BUD31	-0.7053532843781595	-0.0003371588699327602
BYSL	-0.1687512261155938	-0.01762927184106997
BZW1	0.7811317597598857	0.042283443287562374
BZW2	-0.0220006464441105	-0.0020720868840456595
C10orf120	0.0328304335152212	2.1142799183802454e-05
C10orf53	-0.3562850852446981	-0.0037552447984791184
C10orf62	-1.1145922614077932	-0.0010321124340636164
C10orf67	-0.7171379701829155	-0.0033626599421876903
C10orf71	-0.978012979485778	-0.06817043870909718
C10orf88	-0.2533549500043563	-0.0010917064795687714
C10orf90	-0.5630941107313564	-0.0016042551214736343
C10orf95	-0.1302303546106376	-8.998917503595057e-05
C11orf16	-0.9120979928704492	-0.0011054627673589845
C11orf24	0.1041873387280651	0.0036146755298314907
C11orf42	-0.3666968471677778	-0.0005339106094762845
C11orf52	-0.15260729100975	-0.0012968567590008557
C11orf58	-1.4850241568182398	-0.0006831111121363904
C11orf65	0.1155985500128043	0.0004405460740987972
C11orf68	0.3388186049784302	0.007432663737411823
C11orf71	0.1704148261350549	0.00013496854229896348
C11orf87	-0.1994480223666584	-0.0011813306364777177
C12orf42	0.2859410804346239	0.0002190308676129219
C12orf43	-0.429255397000404	-0.0002438170654962295
C12orf50	-0.872656858360936	-0.00644282558527879
C12orf54	-0.4510880668506181	-0.0006928712706825494
C12orf57	0.1705248615892524	0.0011140389207625859
C12orf60	-0.4260902524713537	-0.0002739760323390804
C12orf71	-0.019556377003261	-1.1675157070946816e-05
C12orf76	0.0748208346736609	0.0007532213426597442
C14orf119	0.2294939507303716	0.0042958972637218255
C14orf180	-0.7111652637049755	-0.0017003961455185962
C14orf39	-0.4499487821945682	-0.010971101156250156
C14orf93	-0.2467292032487016	-0.0009439859316295322
C15orf39	-0.6599055274993737	-0.014817518714470936
C15orf40	0.0580437078400733	0.0008467996536788293
C16orf46	-0.932828044485905	-0.0005680922790919161
C16orf54	-1.053002755877581	-0.004981756038056836
C16orf74	-0.2418117236338364	-0.0013592236985457945
C16orf78	-0.3190649576673632	-0.0001726141420980435
C16orf82	-0.6387263450991976	-0.0005218394239460445
C16orf86	-0.3527932270937453	-0.0006389085342667726
C16orf87	0.1416496488680792	0.002004200881834453
C16orf89	-0.4019239369090388	-0.0006105224601648299
C16orf90	-0.912464858139438	-0.0009653878199115253
C17orf50	-0.7976188967515535	-0.0004506546766646277
C17orf58	-0.7282982700187041	-0.0037427248096261203
C17orf67	-0.153084641628536	-0.000996734101643398
C17orf75	0.0673388620290347	0.0008908931446441292
C17orf78	-0.6523089892963951	-0.018420553548740903
C18orf32	-0.3353720902754873	-0.0009534628526532105
C18orf54	-0.5820684809352606	-0.01597428739078729
C19orf12	0.3899356849860062	0.0047864605332032266
C19orf18	-0.2256217505953327	-0.00217341432348484
C19orf25	-1.153546452228129	-0.036897336820968935
C19orf33	1.1439031295258093	0.005550217984459227
C19orf44	0.038892352119936	0.001879472916195907
C19orf47	-1.735960157062974	-0.040298579086059876
C19orf53	0.020175927131609	1.2388019258807926e-05
C19orf73	-0.7336866997308946	-0.0007454256869265889
C1D	-0.388482382905284	-0.0005423214065357765
C1GALT1	-0.1263399298251536	-0.0009533611104606091
C1GALT1C1	-0.7541524238011883	-0.005955541690757984
C1QA	-0.109955519038245	-0.00380556051391366
C1QB	-0.6183641475093387	-0.01931831433233925
C1QBP	-0.0883917594582545	-0.00734226149939991
C1QC	-0.6988784992396384	-0.01846157443591429
C1QL1	-0.2748478052890331	-0.0026671231025247773
C1QL2	-0.570896048720309	-0.007092812509301118
C1QL3	-0.5372220655248457	-0.011324103919198223
C1QL4	-0.6498494760257906	-0.009531992114346296
C1QTNF1	0.0188509742654727	0.0003056685477146398
C1QTNF12	-0.3127698896840614	-0.0031186285700397763
C1QTNF2	-0.9050893349003064	-0.00891784521677272
C1QTNF3	0.0529465506919019	0.0008431208732178458
C1QTNF4	-0.0937465488924336	-0.000590228271826762
C1QTNF5	-1.1523733242274217	-0.031368754258794644
C1QTNF6	0.1633810540166416	0.0009593735491857194
C1QTNF7	-1.5323204422819556	-0.014138720720935605
C1QTNF8	-1.1241946646877232	-0.008168398433620997
C1QTNF9	-1.0476528425498182	-0.008941717011162698
C1QTNF9B	0.4185451844452642	0.0035588897033380813
C1R	-0.0250169563857215	-0.0005718125721084362
C1RL	-0.9357626839108614	-0.025410635681599437
C1S	-1.051628976511883	-0.03054456362278764
C1orf105	-1.2120937977069102	-0.0007502860607805774
C1orf115	0.2711136925916873	0.0005644587079758931
C1orf116	-0.2211704139663684	-0.0007977616831766908
C1orf122	-0.2648270232257137	-0.00019438303504767387
C1orf141	-0.5182409700289601	-0.0010613575066193103
C1orf146	0.0587617926622719	9.26085852357405e-05
C1orf159	-0.6572374866224273	-0.011660050250168483
C1orf162	-0.6682126649709403	-0.027028534085409565
C1orf174	0.1041945616885692	8.783601550346385e-05
C1orf198	-1.2826537154515028	-0.005374319067741796
C1orf21	-0.346167789164494	-0.0016197190855006672
C1orf210	0.3777646369404022	0.004009216091848488
C1orf216	-1.6673624747338025	-0.007136311391860674
C1orf226	-1.1244302819190664	-0.005343292699679403
C1orf35	-0.170411248639535	-7.975246436330237e-05
C1orf50	-0.5366880880657935	-0.005028767385176485
C1orf52	-0.0450095628104042	-2.2324743153960484e-05
C1orf53	-0.041336147423934	-0.00010081886356697505
C1orf54	-0.0533807178964264	-0.0003390743200781005
C1orf56	-0.286686721270274	-0.0025463514583225736
C1orf74	-0.5393313899450383	-0.0005123648204477864
C1orf87	-1.1698118103789887	-0.001430679844093503
C1orf94	-0.0636244880803315	-5.55441780941294e-05
C2	0.4483326471611129	0.003483993001089008
C20orf141	-0.2033380298449098	-0.00032656087593092517
C20orf144	-0.5701422487923554	-0.0016534125214978305
C20orf204	-0.7809702471533415	-0.0532770092905538
C20orf96	0.0104792592485442	6.11674362337525e-05
C21orf58	-0.7566545127070886	-0.0007301716047623405
C21orf91	-0.117369715109234	-0.001052336865669392
C22orf15	-0.6806160178318175	-0.0005492571263902767
C22orf23	-0.1855592121782703	-0.0020537693603890953
C22orf31	-0.0703567698256908	-0.00012031007640193125
C22orf39	-1.3868442025275078	-0.034963729189921
C22orf42	-0.2554025710636181	-0.00022168943168322049
C2CD2	-0.0066919621861996	-3.898737169679887e-05
C2CD2L	-0.5610298029381873	-0.007051583593130076
C2CD3	-1.0489498981395269	-0.031078287582077903
C2CD4A	-0.5089917012278425	-0.002415165622326113
C2CD4B	-0.0277450727622957	-0.00011752812822108459
C2CD5	3.902964385782415e-05	1.1454029582955654e-06
C2orf15	-0.4637483271635606	-0.002288134246225008
C2orf42	-0.2752623077522975	-0.0007550445101645521
C2orf49	-0.1303914137452881	-0.11590923059484018
C2orf66	0.0176616047894027	0.00025725893536243975
C2orf68	-0.4302466145384961	-0.0009831135142204636
C2orf69	-0.4268228047072677	-0.004257130654150288
C2orf76	-1.0612295083916925	-0.007443463771859332
C2orf78	2.538531974863966	0.07663828032114313
C3	-0.4793492887491682	-0.011627096347899823
C3AR1	-0.1330622511972741	-0.003955807665843762
C3orf18	-0.0878519036314829	-0.0005516221029020812
C3orf20	-0.512979854854138	-0.00026367164539502696
C3orf22	-0.1675550844331516	-0.0020781857122243795
C3orf33	0.0622066439610606	0.0017708987402834731
C3orf38	-0.4894783489191967	-0.010671117484787409
C3orf52	-0.1799532144188935	-0.0023716034128265975
C3orf62	-0.8368896347610857	-0.0005833120754284767
C3orf70	-0.2638440519987132	-0.00017756704699513397
C4A	-0.5167296333784495	-0.006244160889745183
C4B	-0.4856185908421139	-0.005856074586965051
C4BPA	0.0534400870406156	0.0008748676649419179
C4BPB	-0.9370976036949544	-0.0037043468274061547
C4orf17	-0.5885139864952071	-0.0003907732870328175
C4orf33	0.1541755805948061	0.0011940898717067733
C4orf36	0.223763104449206	0.00012821625884939505
C4orf46	-0.6319267401867228	-0.6150087974984438
C4orf50	-0.2158912923631132	-0.0008799729076720493
C4orf51	-0.1275237593792546	-0.00017088183756820116
C5	-0.2301718069315409	-0.0026856446432772193
C5AR1	-0.7737154283242013	-0.020702303715670653
C5AR2	-1.2950747882247395	-0.03323291414063504
C5orf15	-0.0297562412971704	-0.0005552812188464968
C5orf22	-0.3633638719202303	-0.0006722231630524261
C5orf24	-0.2654536097624723	-0.006914801080702641
C5orf34	-0.4923929547196611	-0.0006026889765768653
C5orf46	-0.2980198418756976	-0.014084715746887343
C6	-0.0251352399202737	-0.0006197344754742684
C6orf118	-0.6360960150635413	-0.00456780548417129
C6orf120	-0.5705848248138939	-0.0016912134207483817
C6orf136	0.3905426096009119	0.011493278457945236
C6orf15	-0.5909664549891909	-0.002728492122685094
C6orf163	-1.1514687158097352	-0.0020461599079938993
C6orf47	-0.0598387049017603	-0.0004757177039689944
C6orf58	-0.6717508833097088	-0.0020931757523930524
C6orf62	-1.2502538430325385	-0.010538389642921269
C6orf89	0.4954376363389893	0.0018767177664520914
C7	-0.1795747717208678	-0.0041260895298303795
C7orf25	-0.0273989246372264	-0.000537813491704117
C7orf33	-0.3456183519340584	-0.00020633415610463285
C8A	-1.0650034125184855	-0.025219280808437737
C8B	-0.6207305149270589	-0.016799450655985922
C8G	-0.1076490181553893	-0.0011447396590644097
C8orf33	-0.3775859150394769	-0.001203366311230813
C8orf34	-0.2722145456275705	-0.0009927664479037496
C8orf58	0.0588529098720664	0.0002565986870422095
C8orf74	-0.5251244859852607	-0.003536713413110731
C8orf76	-0.1990290492267953	-0.0036366587874720035
C8orf82	-0.3697437724691624	-0.001853525531387911
C9	-0.3289959330029103	-0.007425438207875686
C9orf152	-0.9787100331289994	-0.00164325414562359
C9orf40	0.262657702722569	0.000848909695199343
C9orf43	-0.5644210798549503	-0.00027600190804907067
C9orf50	-0.1862522007080486	-0.00010895753741420844
C9orf72	-0.4164287501810867	-0.010850883943468576
C9orf78	-0.1637604811223309	-8.712057595708005e-05
C9orf85	-0.6234554457557253	-0.015531522064666629
CA1	0.4328159550904269	0.0010500115070493758
CA10	-0.4374032783539646	-0.0020816022016865174
CA11	-0.6180324002118127	-0.0030697669318520736
CA12	-0.1177954204010562	-0.0007560110081339787
CA13	-0.1105257048603294	-0.00028084581605009696
CA14	-0.460665978475022	-0.00252444956204312
CA2	0.7000769218486825	0.0016703835355309565
CA3	-0.4251269724368226	-0.03660215694589312
CA4	-0.4791788969490879	-0.0023834358334247634
CA5A	-0.2891277745407619	-0.0005684252047471379
CA5B	-1.2539162523668383	-0.008042618842680902
CA6	-0.5107117952162598	-0.002186357195320808
CA7	-0.925835777415756	-0.0032006142825262685
CA8	-0.1071025644020221	-0.00014576659015115207
CA9	-1.0297541586720849	-0.00576353402608766
CAAP1	0.4911753835968735	0.01200727342740917
CAB39	-0.2805663984446339	-0.019963140948531032
CAB39L	-0.451992605673979	-0.03486896956471911
CABCOCO1	-0.2763797995668755	-0.00791054262320311
CABIN1	-0.5308017324401706	-0.039340370399803246
CABLES1	1.829316605225536	0.030602637488817995
CABLES2	0.513377984800207	0.014672342805589917
CABP1	-1.310573617311806	-0.00474558706828605
CABP2	-0.3792001568417066	-0.0023813769849659176
CABP4	-0.1721409612310923	-0.0009758671092190622
CABP5	-0.2282071834766394	-0.0021483424252490835
CABP7	-1.1051324724727198	-0.0053742592136348365
CABS1	-0.2813995881718481	-0.0002507270330611167
CABYR	0.2190833784580226	0.0012437363395061943
CACFD1	-0.4103982414187977	-0.007117947099167627
CACHD1	-0.907733359503767	-0.01755737863952186
CACNA1A	0.4020648290259914	0.02596293426952437
CACNA1B	-0.7631313906601476	-0.02727278963941235
CACNA1C	-0.6493605095115491	-0.016684019570880233
CACNA1D	0.4344900682875356	0.007327240511601001
CACNA1E	-0.8456933965284829	-0.04467459936501363
CACNA1F	0.1429868538506608	0.0022620520279174536
CACNA1G	0.1847907703875609	0.005300723248567184
CACNA1H	-0.4248857640451469	-0.011010489689465936
CACNA1I	-0.5626361211376782	-0.01426845203205152
CACNA1S	-0.0976231895634066	-0.0010543304472847913
CACNA2D1	-0.0785423970989588	-0.0023434695022416336
CACNA2D2	-0.6773606865041815	-0.02019008998263014
CACNA2D3	0.8876987716908176	0.025909264049339895
CACNA2D4	-0.368747820217374	-0.006341356264278181
CACNB1	-0.3442974496634258	-0.01626323433230158
CACNB2	-0.0497882716010355	-0.0016623806004869744
CACNB3	-0.0396447171825299	-0.00419357853885083
CACNB4	-1.083834253032015	-0.04357989148016429
CACNG1	-1.0513024343546653	-0.02668310708635576
CACNG2	-0.0337615749933369	-0.00038896710549823443
CACNG3	-0.5654830478705484	-0.00969351040659694
CACNG4	-0.5192207005806606	-0.004598737745042911
CACNG5	-0.7999472019765302	-0.019053142456676997
CACNG6	-0.0856611371205354	-0.0007487639995706
CACNG7	-0.2478092636148861	-0.006012348353824366
CACNG8	0.0702495605490564	0.0006186176301949906
CACTIN	-0.2945622378147431	-0.001463090635225829
CACUL1	-0.464737150859876	-0.04812213776008758
CACYBP	-0.654728368919639	-0.04383864739775227
CAD	-0.4782224478460709	-0.004137580618764205
CADM1	-0.0292299183937682	-0.0020543663544692102
CADM2	-0.0652804603247675	-0.0018625168135259417
CADM3	0.4622494285422285	0.021919867901472476
CADM4	-0.6094131228617191	-0.01621770202559607
CADPS	-0.1594210212348405	-0.004881790512253286
CADPS2	-0.0265138871121293	-0.0015715576307972399
CAGE1	-0.1813633651109241	-0.0005150719569150245
CALB1	-0.3171768628053212	-0.00394472864270978
CALB2	-0.1587656904840528	-0.001241706465275777
CALCB	-1.1905177429899092	-0.03845134206308809
CALCOCO1	1.7325999308947693	0.05045157738772479
CALCOCO2	-0.1014195826246533	-0.002945123259837307
CALCR	-0.3406281990167408	-0.010504633029477269
CALCRL	0.3567257240720337	0.010126016403508749
CALD1	-0.1845806886394137	-0.009924349886075358
CALHM1	-0.469421490137089	-0.0040121454762017
CALHM2	-0.4517639317167339	-0.003363382471631084
CALHM3	-0.3501591945712535	-0.002138422201246645
CALHM4	-0.4523387894325542	-0.00956696539649852
CALHM5	-0.2925109428598046	-0.0023374549443926987
CALHM6	-0.3474331672791222	-0.002318768958420862
CALM1	0.1436540034807452	0.0061308655605512435
CALM2	-0.9100737583001292	-0.038840127856732916
CALM3	-0.9232053229199584	-0.039400556771577985
CALML3	-1.02630405841215	-0.009054054403311989
CALML4	-0.5171044542907791	-0.017332824203372624
CALML5	-0.3347820396425791	-0.010693942692302904
CALML6	0.003496040125173	0.00036358467697786685
CALN1	-0.7030705294059105	-0.003042186180739375
CALR	0.0299629706819285	0.0036549131267523205
CALR3	-1.0957552890291742	-0.03374378412565342
CALU	-1.1111872304905546	-0.04536866343369885
CALY	0.2150641154789144	0.004723883296494355
CAMK1	-0.4009055758147112	-0.028133147877221543
CAMK1D	-0.5272763541055733	-0.02290172116422147
CAMK1G	-0.4910345394090907	-0.009855063205940451
CAMK2A	-1.2086619769922544	-0.058172900952637205
CAMK2B	-0.1135457203555874	-0.0029592285639073184
CAMK2D	-0.0707375513171163	-0.004122018590351001
CAMK2G	-0.3416204786902563	-0.0264253688881274
CAMK2N1	-0.3976938995107213	-0.00021753856303236455
CAMK2N2	-0.7108186948175735	-0.018797600384450733
CAMK4	-0.5631800224565671	-0.052074440776446476
CAMKK1	0.2819298699668913	0.006107164843222799
CAMKK2	-0.7293499204961117	-0.02543899587698388
CAMKMT	-0.1051500183007847	-5.993551043144728e-05
CAMKV	-0.492537347700635	-0.006255224315798064
CAMLG	-0.2236989920456139	-0.009732248347936479
CAMP	-0.131190633047735	-0.0011822899850261878
CAMSAP1	-0.3088458400785587	-0.004315811769257779
CAMSAP2	0.059148819452079	0.0007717146473912747
CAMSAP3	-0.8926906426649475	-0.03261980877361984
CAMTA1	-0.4796736622093179	-0.005193906414402495
CAMTA2	0.107713885907086	0.0004080201998160418
CAND1	-1.5536589060644357	-0.0200344315937009
CAND2	-0.4376867774080284	-0.021877335881962893
CANT1	-1.016115730302101	-0.00862377420307393
CANX	-0.018356200363799	-0.001066036336127627
CAP1	-0.6461216697540301	-0.04272027256079696
CAP2	-0.6397168500052317	-0.05097583719266689
CAPG	-1.4939755309599052	-0.0031866498075374776
CAPN1	-1.0840840978794573	-0.03295398840733974
CAPN11	-1.0145454533122755	-0.030117796327028212
CAPN12	-1.7161449567313742	-0.014467101985245485
CAPN13	-0.8035023200222663	-0.020756875433135202
CAPN15	-0.7436029693769037	-0.030913806245906016
CAPN2	0.2544704282481806	0.009828920291085976
CAPN3	-0.7118518952607518	-0.03132433079905412
CAPN5	-0.7688340248806321	-0.03170748402010215
CAPN6	-0.0128293673609444	-0.0001417260212363528
CAPN7	1.0877644958577608	0.03855363702668662
CAPN9	-0.4099613295417142	-0.010076849480135337
CAPNS1	-0.142153635439998	-0.006342753059697271
CAPNS2	-0.4828755926940601	-0.010752190822518637
CAPRIN1	0.1043332207683211	0.0002984973446181667
CAPRIN2	-0.3910324230585855	-0.009909934697573732
CAPS	-0.9457404866596232	-0.009751530157947375
CAPS2	0.7117286019113287	0.0034355139614259834
CAPSL	-0.3498688615585808	-0.0020820695951351146
CAPZA1	0.7641961370191028	0.04994251014260942
CAPZA2	-0.792374909729027	-0.04467251266070308
CAPZA3	-0.3190607816003063	-0.026088961989893845
CAPZB	-1.1760694114452015	-0.17973986422058158
CARD10	-0.4008191255109415	-0.012354047086498239
CARD11	-0.7434691177645548	-0.03841876666048337
CARD14	-0.6199398884849111	-0.020585103997141474
CARD16	0.0315559877944334	0.0008500236432186525
CARD18	-0.2260279009023064	-0.029210715773109564
CARD6	2.6136011598914624	0.02269651247249746
CARD8	-0.4220607955627518	-0.012703607885643266
CARD9	-0.0721689771315369	-0.0003232448485721538
CARF	-0.472768269471104	-0.003130671480437651
CARHSP1	0.0447759056645424	6.434297643994743e-05
CARM1	0.102811534866369	0.004016024174950106
CARMIL1	-0.3306912084620228	-0.01258643808527305
CARMIL2	-0.3555957271665252	-0.008297826293430866
CARMIL3	0.2547380392334388	0.009039124584159343
CARNMT1	-0.2592898406830917	-0.0003821932251668772
CARS1	-0.2077003118201199	-0.00715610654345041
CARS2	0.031540421590899	0.0040045927081316735
CARTPT	-1.2969836372081347	-0.012002286578724078
CASC3	-0.7007121947090205	-0.02531252732166866
CASD1	0.9478881123933752	0.004549862939488201
CASK	-0.3686803371479016	-0.015560522309664336
CASKIN1	-1.0763731930912503	-0.012942311273729194
CASKIN2	-0.3075429773217907	-0.00726816318304588
CASP1	-0.4397963911812242	-0.020816882583780887
CASP10	-0.2086134033877365	-0.003824718137710761
CASP14	-0.4499889041757516	-0.013421819044850142
CASP2	-0.3800855041355013	-0.00471191999476781
CASP3	-0.0857310756527313	-0.00198938961052163
CASP4	-0.2522944899556346	-0.009497626074379864
CASP5	0.4299498167357884	0.0128894655559222
CASP6	-0.6564375652163525	-0.010525976358244213
CASP7	-0.1928383818376761	-0.0037777039002000745
CASP8	-0.2526306069336302	-0.008552556567131117
CASP8AP2	-0.1204419205885917	-0.002727768617490425
CASP9	-0.112310245248077	-0.003525193977846641
CASQ1	-0.0087485021636793	-0.0003049990309323514
CASQ2	-0.3397897237323589	-0.006468576970692915
CASR	-0.4387061299529518	-0.011943774387969112
CASS4	-0.1670359618723168	-0.002996625155989364
CAST	-0.1834279398989403	-0.00605128773726604
CASTOR1	0.5521640926882736	0.009121198647117591
CASZ1	0.3201948885961947	0.008340116263265083
CAT	-0.7848438318612354	-0.0093639717579364
CATIP	-0.1975206842667381	-0.0001643372093099261
CATSPER1	-0.805228912088782	-0.02213332710658435
CATSPER2	-0.6244472891812736	-0.06782996234002665
CATSPER3	-0.4336694816351685	-0.010090621498687101
CATSPER4	0.3583670254918151	0.023241893438271665
CATSPERB	-0.8279594875561969	-0.0052111770146787036
CATSPERD	0.1718673862117338	0.0011198878885556574
CATSPERE	-0.7355878781871636	-0.004648915390142875
CATSPERG	0.1567101576439917	0.0017125286027335415
CATSPERT	-0.4497096961181545	-0.006558566208187165
CAV1	-0.4142673721777012	-0.011512490272818317
CAV2	-0.8616566204822634	-0.02208253586971945
CAV3	0.3444836403639926	0.009356175672286039
CAVIN1	-0.6046053378539614	-0.007898564133724152
CAVIN2	-0.0613349783449416	-0.000714245822826845
CAVIN3	-1.2217386801413532	-0.014313890376536095
CAVIN4	-1.079968590191609	-0.008160242667487798
CBARP	-0.9150387107913598	-0.006268930207631606
CBFA2T2	-0.7049863380810201	-0.01951049690639223
CBFA2T3	0.0579153062550788	0.001609640106747405
CBFB	-0.1032099623611084	-0.0030303477048845037
CBL	-0.305027822222139	-0.026304379277148376
CBLB	-0.3407159118280694	-0.01672676625937541
CBLC	0.0462274230707325	0.0022725863455802806
CBLIF	0.0480004220531662	0.0008051590795198099
CBLL1	-0.0616284031260905	-0.0019169514792370449
CBLL2	-0.4594335229810588	-0.008024006478864192
CBLN1	-0.1200834997825959	-0.0030339096220072855
CBLN2	-0.1619523831277658	-0.000989691013293777
CBLN3	-0.6158978212786339	-0.02753617569154644
CBLN4	-0.6747993966606005	-0.009037588319475423
CBR1	-0.9901196725838814	-0.020742017020959732
CBR3	0.4702039505731837	0.0029839142703374237
CBR4	-0.144445742246582	-0.000998986753377361
CBS	-1.129753633979723	-0.003632157933244809
CBX1	0.0333533673851106	0.0007078585160142022
CBX3	-1.1666088971886357	-0.08327954273470796
CBX4	-0.1613302625444042	-0.0016434713845398454
CBX5	0.6357797475471945	0.0394081718719653
CBX6	0.1961684464567148	0.002963320552175134
CBX7	-1.088019372801074	-0.02204218447357696
CBX8	-0.1704314747270003	-0.004393382555512614
CBY1	-0.4743262179157581	-0.010849263582387135
CBY2	-0.0779475854792184	-0.0003198968908067123
CC2D1A	-0.6893890550911295	-0.040946952316192727
CC2D1B	-0.399592094848384	-0.01208446413240483
CC2D2A	-0.3971736194516555	-0.0034478641904598212
CC2D2B	-0.7084495560850652	-0.0075350694785207535
CCAR1	0.0542454830847949	0.00026504343035230784
CCAR2	-0.6719161208157346	-0.019943142381931817
CCBE1	-1.8503447676426945	-0.043288815839000835
CCDC102A	-0.7749630492118311	-0.007929421919535455
CCDC102B	-0.0956884224588909	-0.0006696275803673186
CCDC106	-0.311980439243769	-0.008032872349648564
CCDC107	-0.6190835727585775	-0.004727941245157256
CCDC110	0.1979592478141186	0.0011418289413918361
CCDC112	-0.2669812294324366	-0.0010938220969846926
CCDC116	0.226699160440138	0.00011720346594755134
CCDC117	-0.2458898959388251	-0.0025988103101774423
CCDC12	-0.8830549539964645	-0.0004653699607561368
CCDC120	-0.434555599331346	-0.010146438688787599
CCDC121	-1.723348230896138	-0.015794486536163103
CCDC122	0.0098731762971095	0.00014807789810404826
CCDC124	-0.5846810522643735	-0.00045371249655715384
CCDC125	-0.0301924089615001	-0.00011442922996408537
CCDC126	0.2719474543327004	0.002089372291638137
CCDC127	-0.2183392386154879	-0.006085332919452263
CCDC13	0.305628932718996	0.0027442421868838648
CCDC134	-0.6450585557748136	-0.007142088329538737
CCDC136	-0.4017287952591755	-0.0042916687197537716
CCDC138	-0.7472368399718308	-0.022843030197938867
CCDC14	-0.5182260593168093	-0.012816248672964011
CCDC141	-0.5230596829870915	-0.010586204923975745
CCDC142	-0.4905660660442049	-0.003409434159007224
CCDC146	-0.0579168613839325	-0.0027993535781309932
CCDC148	0.3670536483330283	0.0029213799870825724
CCDC149	0.1546950172422513	0.0012664881061623112
CCDC15	0.5592727263647895	0.0008366719986417251
CCDC150	-0.2003994452291429	-0.0013841589681976901
CCDC152	-0.5881100246989293	-0.0008421735553688667
CCDC157	-0.310522571781046	-0.007910251993550365
CCDC158	0.326031401756268	0.0138361206277325
CCDC159	0.2627492322365344	0.0002199211073819793
CCDC167	-0.1165114867209201	-0.0006081899606832029
CCDC17	-0.3950907291193845	-0.006509909943700098
CCDC170	-0.3554816254973884	-0.002113693745207471
CCDC171	-0.4843534913967736	-0.012494382664071171
CCDC172	0.0103778346972928	0.00017336172861827625
CCDC174	-0.9405627009108116	-0.006905611350087179
CCDC178	-0.5093997099889923	-0.014293246462581136
CCDC18	-0.9410326603011632	-0.00826791295340602
CCDC181	-0.9087583886879156	-0.0014939987910029334
CCDC183	-0.7720176707824835	-0.04979822783615332
CCDC184	0.0312464123855653	6.114922903855129e-05
CCDC185	0.0855293125555159	7.073274148341164e-05
CCDC186	0.2807004054524361	0.0034197730396270287
CCDC187	-0.0541755587488035	-0.0002305711780349077
CCDC190	-0.8744214363329144	-0.0005447645548354056
CCDC191	0.0370497726447519	0.00010051603318521191
CCDC197	-0.6768402248592365	-0.019792161855333792
CCDC198	-0.7360663197034043	-0.0005572022040154771
CCDC22	-0.5525269012576468	-0.04670067874809882
CCDC24	-1.30461163627532	-0.006024696536319427
CCDC25	-0.6087710533223196	-0.0018999744574189595
CCDC27	-0.8467547857602382	-0.004205831020871104
CCDC28A	-0.9862692067791652	-0.1929191881920386
CCDC28B	-0.1487988545521404	-0.005068088986045902
CCDC3	-0.3982286452499857	-0.002806715491721899
CCDC30	-0.8913143717447214	-0.010363312200275875
CCDC32	-0.0533660597373066	-6.323878078870833e-05
CCDC33	-1.4764100724111104	-0.019952205718563747
CCDC34	-0.465385517059857	-0.0007869669093482182
CCDC38	-0.4473666524645827	-0.0041215889691562
CCDC42	-1.1987308684691542	-0.022880176086470746
CCDC43	-0.880760532749297	-0.0005821827121472854
CCDC47	-0.6116167964881682	-0.0024091585613668946
CCDC50	-0.6623081542014685	-0.004650727858802712
CCDC51	-0.5300200240316149	-0.013166757436993377
CCDC54	0.4576147329175091	0.00025809470936547516
CCDC57	0.1926263158352386	0.005592327201328647
CCDC59	-0.2221276539213786	-9.551489118619279e-05
CCDC6	-1.4285767014139203	-0.04081586493609712
CCDC60	-0.4497744814148153	-0.0004866559888908302
CCDC61	-0.3313987275520115	-0.019464372864039844
CCDC62	-0.3053436687226333	-0.011629929654307656
CCDC63	-0.0636113785301477	-0.0018346157681879897
CCDC66	2.6611415203187234	0.07090345466737207
CCDC68	-0.1928009724433697	-0.00030308312868097717
CCDC69	-0.728506551890556	-0.005702749288199273
CCDC7	0.4701399654594394	0.0034433051070249343
CCDC70	1.059504949181876	0.0007533080188683139
CCDC71	-0.4343527427368041	-0.00022238860428124368
CCDC71L	-0.5813737061031021	-0.002033645223948651
CCDC73	-0.0376943959338132	-0.000283914190173481
CCDC74A	-0.0119041437144055	-2.7998546016281737e-05
CCDC74B	-0.5387361743829725	-0.0010262924121995627
CCDC77	-0.4762108325439089	-0.0035168169983367673
CCDC78	-0.194967476388054	-0.0008798882209392877
CCDC8	-1.2322427794522728	-0.0015255165609619136
CCDC80	-0.3513170309958012	-0.008786790262235984
CCDC81	-0.3379479791896871	-0.011992759937504425
CCDC82	0.3414049576001177	0.007297530968702516
CCDC83	-0.1203808660655051	-0.00011219496717305076
CCDC85A	-0.2343949522059112	-0.0011220486362096967
CCDC85B	-0.4819470150116474	-0.0024805812862649487
CCDC86	-0.6519511771401753	-0.00033119119798720903
CCDC87	-0.5815215540930379	-0.001230499608460868
CCDC88A	-0.5389595722719042	-0.01725209590842365
CCDC88B	-0.3914061354514621	-0.009893572885806607
CCDC88C	-0.2015030311740935	-0.005932853746858834
CCDC89	-0.1079992247692696	-0.0005380521378005012
CCDC9	-0.0442927854547083	-5.310704976019525e-05
CCDC90B	-0.4140152902071186	-0.003287281404244521
CCDC91	0.5136634159787141	0.0072775832775864215
CCDC92	-0.4754652712086826	-0.0020768323046395257
CCDC93	-0.5377754543615726	-0.2931677511697569
CCDC97	-0.4438217684597627	-0.0001899557169007784
CCER1	0.2383856832207201	0.00012872826893918886
CCHCR1	-0.2450374133847009	-0.004809839387328294
CCIN	0.6272286224822579	0.013841681240938467
CCK	-0.963063946504362	-0.030753521003723795
CCKAR	0.415709815908278	0.012395635290753033
CCKBR	0.0823963776629881	0.0027442113580658186
CCL1	-0.6308625582274913	-0.02070869433637563
CCL11	-1.404118221676982	-0.0462881612958034
CCL13	-1.78358831403014	-0.054135472507442814
CCL14	0.1255093567223784	0.004234560186456324
CCL15	-0.8026381765488366	-0.027708675130818934
CCL16	-0.871259531758306	-0.023583253005633825
CCL17	-1.0848214743405935	-0.0353825372070928
CCL18	-0.8296781360316258	-0.03235661762709737
CCL19	-0.2858850394569618	-0.008988797410605792
CCL2	-0.8266168151013138	-0.03143293101104255
CCL20	0.0131181072023252	0.00041720828146275064
CCL21	-0.8247206746578623	-0.027679275282867174
CCL22	0.8798878236429277	0.028727457554117944
CCL23	-0.2327005723591832	-0.007995591666261535
CCL24	-0.6521861846634411	-0.021437359889887313
CCL25	-0.615602366608406	-0.019731287054532625
CCL26	-0.6479035666602178	-0.020530768220328982
CCL27	-0.8135423663035223	-0.025598924098106633
CCL28	-0.0729875004594796	-0.002222761338992992
CCL3	-0.2401498016944061	-0.007923982856708624
CCL3L1	-1.214183669619682	-0.03976937191472306
CCL3L3	-0.6082159574853521	-0.01992150547147522
CCL4	-0.5091901785628767	-0.02129891597910657
CCL4L1	-1.2151992944944274	-0.04913415307429318
CCL4L2	-0.3051274255047232	-0.014591803742486874
CCL5	-0.6868119030463422	-0.0235926756815449
CCL7	0.1999525401474813	0.0060617612071110424
CCL8	-0.348387685493939	-0.009821397241759634
CCM2	-0.4520691481110588	-0.011052638602167276
CCM2L	-0.0305079241620451	-0.0006499408163482088
CCN1	-0.4173280257132671	-0.013536869170061245
CCN2	0.2061343186012023	0.009048678183636976
CCN3	-0.9357532134246244	-0.031215791446632044
CCN4	-0.0217605212456155	-0.0004915048933747173
CCN5	0.8493232060691034	0.008759919547396732
CCN6	-1.1655215149517226	-0.02943757690313566
CCNA1	-0.2751766144253272	-0.013893392085720345
CCNA2	-0.7763361050812012	-0.028038931107217748
CCNB1	-1.7584204570920896	-0.1368877573232479
CCNB1IP1	0.7862075876647187	0.46346858672076396
CCNB2	-0.212249879349492	-0.014056460509799456
CCNB3	-0.2296783088155013	-0.006946850128433652
CCNC	-0.993767721371925	-0.0009410980321392131
CCND1	-0.3847060310304221	-0.007999961915277628
CCND2	-0.4679470588192782	-0.0168432864351411
CCND3	-0.1748500925987607	-0.005114015508328552
CCNDBP1	-0.4798847807465679	-0.011797967334654371
CCNE1	-0.3907198269749088	-0.095098080127077
CCNE2	-0.0681978438343481	-0.005007153892161672
CCNF	0.0454057858774412	0.010144560680737913
CCNG1	-0.3655941200896728	-0.009532866681338218
CCNG2	-0.1910949715574932	-0.006312822385401788
CCNH	-1.2781720939082812	-0.08162918260535848
CCNI	-0.2086163914510995	-0.006374899689962698
CCNI2	0.2574528617185124	0.006500684758392439
CCNJ	-0.5243323702895943	-0.0015766674374608103
CCNJL	-0.2049416570347922	-0.0009798260622833415
CCNK	-1.0548938440476678	-0.0010823210839929073
CCNL1	-0.1529037298980092	-0.008713219048238055
CCNL2	-0.2815201900757376	-0.028461972736847144
CCNO	0.4441008073201076	0.013612577945975937
CCNP	-0.5011603010432932	-0.014950614100723524
CCNQ	-1.7019389726112997	-0.0680196929793832
CCNT1	-1.480849785595312	-0.025889696801562837
CCNT2	-1.3067852847941102	-0.17026497511167898
CCNY	-0.3791892429361083	-0.011573234883652962
CCNYL1	0.436351271755631	0.013389438773821536
CCPG1	-0.3458350525819076	-0.00595908379103885
CCR1	0.3367599986121213	0.01001086447874253
CCR10	-0.2937018565200235	-0.01036532592030467
CCR2	0.3830857522280345	0.01307395055203836
CCR3	-0.7092298483957487	-0.021459167522910168
CCR4	0.3028663545316776	0.010454643692078979
CCR5	-0.4185283495251317	-0.019664135974088785
CCR6	-0.3184471026480532	-0.009104084217605193
CCR7	0.2767899340465717	0.009710898046089921
CCR8	-0.6483658694922397	-0.018597078234645913
CCR9	-0.0978813355345833	-0.0028620502510312154
CCRL2	-0.4711156355967508	-0.016504594061860972
CCS	-0.6269691410656804	-0.015202120763419553
CCSAP	0.3356780634140847	0.00018562996906798884
CCSER1	-1.7342391019665695	-0.011029760688507383
CCSER2	-0.4679164711237273	-0.009968024584348763
CCT2	-0.6509535678505921	-0.17243369440221476
CCT3	-0.5270079295974576	-0.4531050806220765
CCT4	-1.586706451331748	-0.0672906338945281
CCT5	-1.090478831840503	-0.1111884931309532
CCT6A	-0.3760686938690872	-0.3688650980380248
CCT6B	2.5876384954518827	2.529998847965692
CCT7	0.5832126102130296	0.48287729596459017
CCT8	-0.5515153665633727	-0.07780337579182812
CCT8L2	0.3873518724559915	0.04612005069397263
CCZ1	-0.9028632694865592	-0.016729153520316453
CCZ1B	-0.5499085371912844	-0.010189255285617309
CD101	-0.6082019421374067	-0.02540520332502162
CD109	-0.3884264571385865	-0.010182988000345183
CD14	-0.6738505382428828	-0.023251886672608912
CD151	-0.4485761588821988	-0.0070076567540577105
CD160	0.5729567751933244	0.04947309866761798
CD163	-0.2962990677517058	-0.003100769744021601
CD163L1	-0.3609225947412741	-0.002850927575861324
CD164	-0.277970268653064	-0.007418748500081626
CD164L2	-0.7004935071624807	-0.005416916290887463
CD177	0.1490714028901162	0.0012077765062157213
CD180	-0.5540427327164452	-0.02141485970495604
CD19	0.6916744006385185	0.022784446431433437
CD1A	0.2631229194763592	0.002512560758079754
CD1B	-1.311283735564745	-0.015736716110512507
CD1C	-0.4538986933514751	-0.011696515428974161
CD1D	-0.0275594535195926	-0.0006034417942649995
CD1E	-0.3453854676636743	-0.006513969920136896
CD2	-0.315041979404341	-0.01685317068823522
CD200	-0.3213663818120893	-0.040428212198342646
CD200R1	-0.778101081858142	-0.05301280480807707
CD200R1L	-0.0082336276614282	-0.0004975910540907519
CD207	-0.3153249636332592	-0.002743011858645722
CD209	-0.5967109683133986	-0.041048940932215325
CD22	-0.379503688373133	-0.023165664145672782
CD226	0.347650391450092	0.04062503414329195
CD24	-0.0854483911113052	-0.00047705836757441696
CD244	-1.214478732383375	-0.06434794115660075
CD247	-0.0522847053751897	-0.0016710714684964381
CD248	-0.5744815306985773	-0.009859252029848983
CD27	1.1785095637335123	0.06419459444612816
CD274	0.5245791932865899	0.052032485602903564
CD276	0.4367096260795912	0.047809659734315405
CD28	-1.0807367660405571	-0.03315700398212429
CD2AP	-0.1148709869873136	-0.003075211192637372
CD2BP2	-0.1556286355192151	-0.01894140560040815
CD300A	-0.7351361723707167	-0.017680024945515734
CD300C	-1.5111449840578954	-0.0123929000142588
CD300E	-0.4938880730776151	-0.0033925171739701385
CD300LB	-1.0355823401938045	-0.018087481153824986
CD300LD	-0.8201692348453097	-0.003292159308669073
CD300LF	-1.0118611124500698	-0.07197570465079836
CD300LG	-0.6112869132153859	-0.003202532138335406
CD302	0.253802006955197	0.003967179170716684
CD320	0.0266691810588218	0.000803675771207595
CD33	-0.2897914460579028	-0.016657212319408254
CD34	-0.4918862392856424	-0.013617378648383725
CD36	-0.0249447268613436	-0.0003690073444598559
CD37	-0.2745907690333429	-0.0025366695243300218
CD38	-0.2548280268701223	-0.012926406491013823
CD3D	-0.945988496684968	-0.029844991081914057
CD3E	-0.5272269899194253	-0.016369870810008236
CD3G	-0.7188969427741434	-0.01933185768813949
CD4	-0.7927643177556402	-0.040557029732060795
CD40	0.3396973688024705	0.01342450031770483
CD40LG	-0.7936020859459957	-0.0636564105179002
CD44	0.7901085922664841	0.028918764585545587
CD46	1.1131705666816831	0.05934868876263394
CD47	-0.365840961195191	-0.03293775925928663
CD48	-0.6400240390342093	-0.0438333263613359
CD5	-0.542875266974419	-0.03128210150886695
CD52	-0.7181464396228351	-0.004455380511420069
CD53	-0.4025715692634832	-0.003237077988447668
CD55	-0.5343821811707401	-0.01384851422503973
CD58	0.8690643774637216	0.07593015465900535
CD59	0.4294503216679122	0.012121235329076822
CD5L	-0.8864785851411304	-0.005555561293079464
CD6	-0.3649779895301261	-0.012508890635166012
CD63	-0.0571303469756007	-0.0017704123224268902
CD68	-0.3080557214762803	-0.0104366197878949
CD69	-0.3352792785237104	-0.009122278610073113
CD7	-0.7939315261021361	-0.05067347358499494
CD70	-0.313330939028499	-0.03730455493885503
CD72	-1.0363005891291732	-0.04438475423240249
CD74	-0.6877992029810835	-0.018200542509285433
CD79A	0.2649344985153875	0.007767084692975614
CD79B	-0.2517756381635135	-0.031009694698770976
CD80	-0.5302713990708545	-0.042265281862942455
CD81	-0.2528213338541883	-0.005105474015851479
CD82	-0.2427913013064049	-0.004422443553296165
CD83	-0.7538087447118511	-0.040881309651957826
CD84	-0.1056886645592872	-0.0029565347023815
CD86	-0.2499605081840799	-0.008976831730414862
CD8A	-0.5603775150500605	-0.03737269723371864
CD8B	0.0831979975686811	0.004020543232506514
CD9	-0.8935086843340856	-0.04488808928357579
CD93	-0.2087897252780541	-0.005581784515583498
CD96	0.739511986604155	0.030983333702754277
CD99	-0.4717490969170749	-0.01177297046266252
CD99L2	0.1711355286751912	0.001954710008528034
CDA	-0.3578541402766878	-0.010446835917097348
CDADC1	-0.1140377488324668	-0.0035314069680949995
CDAN1	-0.6146386876244878	-0.06295190902518767
CDC123	-0.2133393984332238	-0.0013293177916374175
CDC14A	-0.1588468917337185	-0.006146103934961036
CDC14B	-1.2910296818026556	-0.03349963818341531
CDC16	-0.4883210290776065	-0.03160218371778638
CDC20	-0.2762222998813499	-0.017177712385021388
CDC20B	-0.5160401605209066	-0.014849571659149609
CDC23	0.3603027175659007	0.01310781286504747
CDC25A	-0.1530486506217512	-0.0023549595871168853
CDC25B	-0.7724938021587102	-0.02328064571565705
CDC25C	-0.1228012949564071	-0.004151666179886211
CDC26	-0.802011522372277	-0.19802386297741653
CDC34	0.997853034676726	0.11924044408476474
CDC37	-0.59173906621046	-0.024705697753352917
CDC37L1	-0.1722277651503464	-0.00301794712872952
CDC40	-1.7952569944271088	-0.0009532814640407948
CDC42	0.3829455575161656	0.018154682990726378
CDC42BPA	-0.2445913626146232	-0.011545201498135444
CDC42BPB	-0.1112833220829311	-0.007809974827102186
CDC42BPG	-0.67123512598134	-0.029044343901212587
CDC42EP1	-0.2860488855166772	-0.006181516416015394
CDC42EP2	-0.8080643032957089	-0.002925192777930466
CDC42EP3	0.0630563120219915	0.00025159468496774605
CDC42EP4	-0.5303863619419391	-0.003706870283612213
CDC42EP5	-0.7640390721267298	-0.00338774924580992
CDC42SE1	-0.352134399169685	-0.0025748067267287364
CDC42SE2	-0.8506847877279917	-0.005220652542286685
CDC45	0.0815608941420741	0.0023416948317130895
CDC5L	-1.3366016233647198	-0.03293921040620015
CDC6	-0.7834270187041641	-0.23117442810624342
CDC7	-0.4689918728045166	-0.0536840927043146
CDC73	0.5027323780970963	0.00044843728126260987
CDCA2	0.0563515981832346	0.0009455234659164932
CDCA3	0.5976755339857567	0.01740789760286915
CDCA4	0.2682462698724068	0.0007223872047663916
CDCA5	0.726926882373875	0.014010788730874068
CDCA7	-0.0036543584751828	-8.739032857552149e-05
CDCA7L	-0.2005455476400715	-0.0061230566605466625
CDCA8	-0.342306958706044	-0.10827203334568042
CDCP1	-0.6710696156576397	-0.036894736399241373
CDCP2	0.3257893090955391	0.00802777436542318
CDH1	-0.2413225314248452	-0.011294859760808454
CDH10	-0.197986978877963	-0.004521824610593797
CDH11	-0.2298827393805036	-0.007145445188164194
CDH12	-0.6098351378892177	-0.015300153774502584
CDH13	0.343588745397973	0.010409708219322389
CDH15	-0.11012255726213	-0.0032820926966405225
CDH16	-1.3301919801691762	-0.03981929692636429
CDH17	0.1861988788345486	0.007353552321812828
CDH18	-0.4507982312320361	-0.011494002501723223
CDH19	-0.0577503746214447	-0.0011136004738253184
CDH2	0.2901380246487153	0.01385089915870502
CDH20	-0.5775135197336748	-0.01658445574619194
CDH22	-0.5922087919184151	-0.013772407664854661
CDH23	-0.7750108483428912	-0.011456210360204618
CDH24	0.5188083279549142	0.009495748826558794
CDH26	-0.5085822131634998	-0.006545961665627407
CDH3	-0.6874287353986721	-0.027791368914697516
CDH4	-0.1295436760901162	-0.004599448219579576
CDH5	0.1809853196630061	0.010715778806607264
CDH6	-0.127410131770093	-0.004650724629871934
CDH7	0.140298066296882	0.0033222582099101654
CDH8	0.5343773320871334	0.010309207490624979
CDH9	-0.2591761455932411	-0.014491575004700483
CDHR1	-0.592537771629971	-0.008335821371290433
CDHR2	-1.0061396458701433	-0.03253855614744043
CDHR3	-0.3710651080145958	-0.014405489623342638
CDHR4	-0.0605202257336441	-0.0048218279448766265
CDHR5	-0.3118502303902467	-0.01733201210462913
CDIN1	-0.1944335601518509	-0.003969555564060188
CDIP1	0.0165565758519092	6.130900037961978e-05
CDIPT	-0.2318488772446745	-0.030546089576985867
CDK1	-0.1710645287254828	-0.004990978690094686
CDK10	-0.8689712135549552	-0.12703055685353112
CDK11A	0.6438406794158955	0.03518846849279635
CDK11B	-0.0356506429765639	-0.001133619145368779
CDK12	-0.8339804379165723	-0.00105832117571613
CDK13	-1.0137712010427795	-0.012917472643687096
CDK14	-0.8478093499304968	-0.12052796842351916
CDK15	-0.4289614019928246	-0.015099441350147428
CDK16	-0.8893566283644806	-0.03265806475017209
CDK17	-0.722128171614806	-0.049238309381555545
CDK18	-0.0199312671282127	-0.000534217752837485
CDK19	-0.2170720950801725	-0.0042374643680600475
CDK2	-0.7184588106365803	-0.023145869043468072
CDK20	0.0325287816893528	0.0003966884927016573
CDK2AP1	-0.2670148568609539	-0.0679659616653872
CDK2AP2	-0.9315587162843632	-0.019874805211926888
CDK3	-0.5470980822035423	-0.022110421894173955
CDK4	-0.6174878516012028	-0.027723352073339202
CDK5	-0.0372803528511369	-0.009966715932987194
CDK5R1	-1.0957679155576776	-0.03338585685121132
CDK5R2	-0.0210021974087573	-0.0005881245340374307
CDK5RAP1	-0.4903494598918503	-0.01734464109529453
CDK5RAP2	-0.4731975056407049	-0.01117645188572781
CDK5RAP3	1.8412461991198223	0.05756840366168037
CDK6	-0.3549301121139815	-0.021717108769918187
CDK7	-0.1522567404846976	-0.013371795976328081
CDK8	-0.2235234921245837	-0.0052452022661954815
CDK9	-1.308869467829481	-0.11646844072533853
CDKAL1	-0.2115604737807726	-0.008366793617081996
CDKL1	-1.182830381792016	-0.03713377700597855
CDKL2	-0.5218421829823635	-0.014118962102770827
CDKL3	-0.3016404564803879	-0.007654729864102804
CDKL4	0.1680174770476024	0.0051270533121075875
CDKL5	-0.1839821540149469	-0.005016457411371542
CDKN1A	-1.0864706759713296	-0.054456083221034984
CDKN1B	0.2411334766060773	0.059013801397188335
CDKN1C	-0.5445570266372507	-0.05073202171557955
CDKN2A	0.6263758279752851	0.022995509396628668
CDKN2AIP	-0.8053572244333063	-0.023229723781554287
CDKN2AIPNL	-0.5967281084016551	-0.004551842010887826
CDKN2B	-0.9799130763012064	-0.027094596559728356
CDKN2C	-0.9101070389886792	-0.02617194812019745
CDKN2D	-1.0720367158692423	-0.02690168934802277
CDKN3	-1.0838609645476511	-0.5622106047814767
CDNF	-0.2810650520177764	-0.004412159186575054
CDO1	-0.843402677932861	-0.002065493158257576
CDON	-0.9849882932166224	-0.02326049854431054
CDPF1	-0.9611500968980372	-0.006073507462298697
CDR2	0.2634917057916722	0.01048802385733172
CDR2L	-0.7433267747507576	-0.009662504744985098
CDRT15	-0.2723692894738589	-0.0016192354259220911
CDRT4	0.0577590335164008	3.9738215059283754e-05
CDS1	-1.0202460046731372	-0.008654746857642222
CDS2	0.1964500477537321	0.002749318418313481
CDSN	-0.0899260658862838	-0.0004493605512337601
CDT1	-0.2315209228856082	-0.016206927643838343
CDV3	-1.4909102672470176	-0.006378114123282741
CDX1	-0.4274234658776539	-0.011537014190969634
CDX2	-0.5084136694849569	-0.011315254628057202
CDX4	-0.5689544861330066	-0.015097776244025463
CDY1	-0.1632193786340222	-0.004192126520836226
CDY1B	-1.2272653395696826	-0.03152108298150773
CDY2A	0.09281588340296	0.0020890070877504206
CDY2B	-0.3111394827895805	-0.007002816339145087
CDYL	-0.7123994785468468	-0.019534706101233087
CDYL2	-0.1477076304319561	-0.0039033218417948716
CEACAM1	-0.2681132434556321	-0.008412053013420457
CEACAM16	0.0354725823406587	0.00029360656403363205
CEACAM18	0.3871845388066188	0.010534904116389292
CEACAM19	-1.4181794906077163	-0.06214887981690195
CEACAM21	-0.8032096017293866	-0.02064730602205561
CEACAM3	-1.352569556918441	-0.03501396811994768
CEACAM4	-0.2716939871217052	-0.007884831200259007
CEACAM5	0.2258561028076179	0.010047208733396882
CEACAM6	-0.6884054260280994	-0.02050415561424694
CEACAM7	-0.3206198381930971	-0.006226757877548139
CEACAM8	0.1088475088343255	0.002056347136898077
CEBPA	-0.6330503210970195	-0.01954732781483377
CEBPB	0.2174081596531633	0.006681604970620667
CEBPD	-0.619914145600474	-0.020226558742652265
CEBPE	-1.053356117807014	-0.03485450058211629
CEBPG	-1.1633464546972672	-0.035070242223303814
CEL	-1.5112616493996425	-0.013406402091824228
CELA1	-0.1750288277448215	-0.0005677935172042009
CELA2A	-0.8547910388739717	-0.006475042119470336
CELA2B	-0.3764302795482137	-0.00248029911194318
CELA3A	-1.006406364276356	-0.0056549973608688445
CELA3B	-0.3106223390491458	-0.001812791970690815
CELF1	-0.4581580905240263	-0.0003083403949226697
CELF2	0.1359586467638055	8.810120310294598e-05
CELF3	-0.5195679840253411	-0.002463271812264142
CELF4	0.2950314468269939	0.0003817706921941301
CELF5	-0.2856265128288929	-0.0001842291007746359
CELF6	-0.9020545640440664	-0.006245825801441115
CELSR1	-0.1255590974971661	-0.0013544059847019306
CELSR2	-0.4654558331879614	-0.014201057470564701
CELSR3	-0.7466103390176096	-0.004855953644970533
CEMIP	0.450316354135253	0.00291039459677614
CEMIP2	-0.5496649385199113	-0.0042032877848617615
CEMP1	-0.1549029960538475	-0.00014979119718407053
CENATAC	-0.0734485717331386	-0.04008712872337104
CEND1	-0.6113393376287114	-0.003909515064135609
CENPA	-0.7045579813747148	-0.6725034114540908
CENPB	0.4521682091996127	0.011245875531003568
CENPC	-1.017655171842596	-0.027717873915476785
CENPE	-0.9860363364869414	-0.030970415292718344
CENPF	0.1966435303046532	0.008336899110796077
CENPH	-0.0566782016538009	-0.0034162786046828494
CENPI	0.0588744602784425	0.005698517884810728
CENPK	-0.9323368699582308	-0.06427903316240027
CENPL	0.1717622523388737	0.006568703816195547
CENPM	-0.4730181019059314	-0.002448341695465101
CENPN	0.1073645497852205	0.003630532250987231
CENPO	0.2461424924566744	0.24044109390390045
CENPP	-0.8059520441026564	-0.01730298443483993
CENPQ	-0.7753210828847819	-0.6547640817437784
CENPS	-0.131972802978977	-0.011990125069048998
CENPT	-0.4079350492521774	-0.11097383492846383
CENPU	-0.4346442601094888	-0.058040655917980695
CENPV	-0.8319615309122513	-0.0009517639913636155
CENPW	-0.3788461960193396	-0.003979779289183163
CENPX	-0.5627658739873349	-0.0179471664873301
CEP104	0.7677302000826403	0.02621952179322233
CEP112	-0.0923386607343473	-0.0014904383229130997
CEP120	-0.8151187637639545	-0.02941682106547736
CEP126	-0.4540167420549603	-0.011975145588441632
CEP128	-0.6270532446262409	-0.01875453549352624
CEP131	-1.1467864314496556	-0.024353156658264888
CEP135	-0.5216434938812955	-0.014294075019335259
CEP15	0.9532332952157484	0.010558965211104845
CEP152	-0.5033451588160622	-0.013568172101045774
CEP162	0.0441949849159356	0.001181597116712454
CEP164	-1.2284648976284884	-0.03674952741255623
CEP170	0.0706201571642017	0.0013782229872165601
CEP170B	-0.2861938135375198	-0.005379012725437685
CEP19	-0.4764831803058805	-0.00543047880594612
CEP192	-1.2201434735203511	-0.01080071002760215
CEP20	-0.6272306573847732	-0.01338384776727629
CEP250	-0.7227262461197805	-0.014309979673171656
CEP290	-0.8037387314362451	-0.027827846098517114
CEP350	0.1963871654900022	0.0006084074386880268
CEP41	0.2611707175510443	0.014666041644078892
CEP43	-0.612233211076268	-0.046717679637596786
CEP44	0.6536015214727597	0.030904240739796498
CEP55	-0.7082798342795505	-0.005212939580297492
CEP57	-0.2624153693304877	-0.03045566534912707
CEP57L1	0.5940521460287834	0.0051860752348312795
CEP63	-0.4945989823912626	-0.007681616795518699
CEP68	-0.2454719948118409	-0.0012580439734106847
CEP70	-0.2039592965137781	-0.03337182009558437
CEP72	-0.4398355402441016	-0.021022379481507078
CEP76	-0.4453195887441317	-0.041461925629611124
CEP83	-0.0983470786352667	-0.0005998188325964917
CEP85	-1.0075898783441728	-0.00498152435853359
CEP85L	-0.5478112125630145	-0.0033564392993735894
CEP89	-0.4329168100806213	-0.006719734726071403
CEP95	-0.2586070166200284	-0.0022943614514528915
CEP97	-1.002819087570611	-0.0032210549092768024
CEPT1	-0.5559640248263968	-0.008456212817609495
CER1	-0.4649230510106131	-0.011017746462849509
CERCAM	-0.1739586365381207	-0.0018169979586406704
CERK	0.1673120772466584	0.0028299164745499796
CERKL	-0.3986523589049205	-0.004466102376811824
CERS1	-0.497298696070772	-0.0031155763308833863
CERS2	-0.4067593136402581	-0.003500163893874421
CERS3	-0.3244984211060849	-0.0019904733150647247
CERS4	0.3118678748141906	0.0021394136212253474
CERS5	0.7411576967322073	0.00452625005394359
CERS6	0.4423593011334286	0.0012403754803781337
CERT1	-0.8801236005206041	-0.06385648771217191
CES1	1.1081278741874827	0.024239189119977
CES2	-1.0346710010659013	-0.02012124695772858
CES3	1.33740511737135	0.014728842557610677
CES4A	-0.3573467290266849	-0.005536730219539456
CES5A	-0.2042626480120774	-0.002928513584549154
CETN1	-1.22300349156984	-0.07862077945556716
CETN2	-0.5004539890294588	-0.03133942970100277
CETN3	-0.4064036603963272	-0.041288579877964866
CETP	-1.3002846951649314	-0.03632345295943236
CFAP100	0.4297713835950787	0.006291423284448357
CFAP107	-0.0934591883034044	-0.0004117811836647998
CFAP119	-0.0301905786983796	-0.0002739493111090965
CFAP126	-0.6900629378914537	-0.0006672908609410357
CFAP141	-0.9093053524875636	-0.003068905564645527
CFAP157	0.9727594844280324	0.005673133313184285
CFAP161	-0.8722702584556329	-0.04303607001168402
CFAP184	-0.3001684685608216	-0.0029791720504661542
CFAP20	1.3850988112662348	0.05145503573972936
CFAP206	-0.1465171909024158	-0.004845030468761086
CFAP20DC	-0.3792595433608475	-0.009685909477892683
CFAP210	0.7926380528429129	0.010648299601891691
CFAP221	-1.0041845679780748	-0.006428789604195634
CFAP251	0.4140143250376589	0.0010594626577713692
CFAP263	-0.0481636533445282	-0.0017451618152856349
CFAP298	0.9950989110209416	0.19897500275319238
CFAP299	-0.8433562682709271	-0.0007185395405668299
CFAP300	-0.346695069533191	-0.1459145939996427
CFAP36	-0.1373496650437607	-0.009200779361951442
CFAP410	1.207678304352232	0.03676051990617759
CFAP418	0.1775942339026711	0.010856157924236382
CFAP43	-0.7419138724626708	-0.01195816779635333
CFAP44	0.0271903411401007	0.00018856501580659837
CFAP45	-1.153263859235017	-0.025776600517761865
CFAP46	-0.0112601929668641	-0.005349481214504829
CFAP47	-0.2737367157346052	-0.002668659241696666
CFAP52	-0.0414233963888505	-0.0003109654366911007
CFAP53	-0.6420704028632302	-0.01034953282375241
CFAP54	-0.2429380592822951	-0.0844367665744509
CFAP57	-0.5752308082025865	-0.044243877612901945
CFAP58	-1.1078660167996806	-0.10066513775048617
CFAP61	0.0771638394286484	0.0025021918211527816
CFAP65	-0.5642781996026672	-0.012847486048553527
CFAP68	0.1565456715536755	0.000147622568275116
CFAP69	-0.5488916255956877	-0.01579106317676234
CFAP70	-0.6086592035936731	-0.03936016471879206
CFAP74	-0.3309570377218715	-0.00799327437505864
CFAP77	-0.8522447339030399	-0.0006221386557492191
CFAP91	-0.8402348218538862	-0.07953830870633258
CFAP95	-0.579225071723015	-0.0067954685414544115
CFAP96	-0.0757323608685952	-0.0004419740580291216
CFB	-0.7505191455059708	-0.010781958044338777
CFC1	-0.2270755102627756	-0.005143714458472393
CFC1B	-0.6370157273443781	-0.020461582178028764
CFD	0.5440162015613388	0.021925484971526635
CFDP1	-1.114689888777772	-0.06049199088419213
CFH	0.6161067659895012	0.008883027352036629
CFHR1	0.2812448443532639	0.0025230474986931307
CFHR2	-0.5194077971798475	-0.005307828279380862
CFHR3	-0.5425378170377972	-0.0034510830541774284
CFHR4	-1.121249453526514	-0.0019319128084261837
CFHR5	-0.1807022600852401	-0.00019859178383367884
CFI	0.2612188104195037	0.009612852223437735
CFL1	-0.1168396145607157	-0.011660243014315745
CFL2	-0.5710459975820724	-0.04883870894320674
CFLAR	-0.3458994987373054	-0.006471433721876247
CFP	-1.1759056463708044	-0.006132347945823745
CFTR	-0.3601547049459241	-0.0019163831850172622
CGA	-0.6551962096904078	-0.03081453293794957
CGAS	-0.852657267975462	-0.001380452116852273
CGB1	-0.9580254667838672	-0.012785807879697492
CGB2	-0.2509720464184247	-0.003364280282238983
CGB3	-0.0962971242001035	-0.001282099911600178
CGB5	0.526742303022474	0.00701304702244122
CGB7	-0.0916872611051715	-0.001223658186709619
CGB8	-0.2274084466270978	-0.0030277160583931802
CGN	-0.7432724750820802	-0.01244163796039894
CGNL1	-0.1145303256192021	-0.0024231180991254584
CGREF1	0.5370976903750445	0.0045261222367905
CGRRF1	-1.1419361846207114	-0.03294828473486139
CH25H	0.2031351709850834	0.0009453910857645782
CHAC1	-0.3985001189787165	-0.0017928520352852458
CHAC2	0.7278145038700671	0.0032045672605399054
CHAD	-0.3507625825216288	-0.009755759707674061
CHADL	-0.8283294370529781	-0.02145207576079803
CHAF1A	0.7211054912010492	0.019377546759554592
CHAF1B	0.5648915087404631	0.01738001704941783
CHAMP1	0.4202454521212291	0.0008854571676194297
CHAT	-0.2913712010455689	-0.000803601772483679
CHCHD1	0.1345285512271651	5.381142049086604e-05
CHCHD10	-0.1864671331119679	-0.00013556160577240066
CHCHD2	-0.2584397858718466	-0.00024500091700651054
CHCHD3	-0.0914542185809031	-0.0009506666021484876
CHCHD4	0.7008246434833398	0.15520883049368134
CHCHD5	-1.0339633956506673	-0.008030793694018733
CHCHD6	-0.5915249603807543	-0.09614410096044629
CHCHD7	-1.1282679009534218	-0.03955030300002125
CHCT1	-0.5378067503906062	-0.00044691740957459377
CHD1	-0.9244162022333672	-0.0017175653037495963
CHD1L	0.2669866534862735	0.0072209210301897525
CHD2	0.3171625346967479	0.014200001003442795
CHD3	-0.4059861784855716	-0.012228709682163903
CHD4	0.3675059031963493	0.002149542027795447
CHD5	-0.6521587241997535	-0.06993684942445737
CHD6	-0.055006827639419	-0.0006415996375861833
CHD7	-0.2724461766961566	-0.02254846292190401
CHD8	0.0695098061235709	0.003872043750113517
CHD9	-0.2145226839716551	-0.006365531601490922
CHDH	1.490630240774656	0.0262022983723369
CHEK1	-0.8401651137196979	-0.08539354199335637
CHEK2	-0.293449919000905	-0.025660141267196138
CHERP	-0.9470136573904364	-0.001982099584918183
CHFR	-0.7295992124572619	-0.01352531020053272
CHGA	-0.4043799147425077	-0.010536118678616037
CHGB	0.3823462738776233	0.012259933271885994
CHI3L1	0.5180517845584398	0.010440815665990795
CHI3L2	-0.504223885397007	-0.005416877200820047
CHIA	-0.8758565626894608	-0.006499731551718488
CHIC1	0.0815455027752808	0.0004894361076572354
CHIC2	-0.7786201021452083	-0.004927108006374878
CHID1	-0.1205108663161951	-0.0008341762166407025
CHIT1	-1.87647397509539	-0.018565833509593788
CHKA	-0.2087006360216765	-0.0003195206737491867
CHKB	-0.2476327310549994	-0.0007515653387519232
CHL1	-0.6245851026273516	-0.016832568515807125
CHLSN	-0.2333436030628056	-0.000724998574716137
CHM	-0.7566705941071612	-0.06541114617818765
CHML	-0.2124871371849143	-0.002759357963483297
CHMP1A	-0.4232563525843289	-0.015174163496500777
CHMP1B	-0.9018147958716578	-0.09280576064315231
CHMP2A	-1.710335269230677	-0.13407660242553124
CHMP2B	-0.1769736790069246	-0.015150185738745794
CHMP3	-0.7703706447891681	-0.032438767110782286
CHMP4A	-0.9271529684172102	-0.07352786616032686
CHMP4B	-0.4264348521606037	-0.0513977662960654
CHMP4C	1.0145320593758227	0.0985983127224987
CHMP5	0.2025255080397452	0.02483813335701043
CHMP6	-0.3293759390858493	-0.03698298919243733
CHMP7	-0.0658245749092879	-0.008265131099334917
CHN1	0.2206501191801026	0.016564866397207844
CHN2	-0.5393329434059974	-0.04061716396790566
CHODL	-1.0196092628252482	-0.015453197987379461
CHORDC1	-0.7824389390656701	-0.08606437110252838
CHP1	-1.1907487239513923	-0.0303176532605264
CHP2	-0.0086232839545754	-0.00013097043670209118
CHPF	-0.3897148485070789	-0.004751403432998306
CHPF2	0.309518018388682	0.0029407306927108677
CHPT1	-0.8463470394394406	-0.0050865457070310375
CHRAC1	0.174209867960507	0.0002090518415526084
CHRD	-0.5994543909531175	-0.011971703641724708
CHRDL1	-0.8506875464583091	-0.024287129451384726
CHRDL2	-0.2956142287523447	-0.00576418184644197
CHRFAM7A	-0.3646260013894793	-0.009330050123553996
CHRM1	-0.0910281554611582	-0.002270697337978591
CHRM2	0.3109634290351921	0.005678192214182607
CHRM3	-0.0331820995394254	-0.0009221637283001713
CHRM4	-0.0339091213729226	-0.0006368132993834865
CHRM5	-0.3051187321459674	-0.007469916800397574
CHRNA1	-0.7869383576996059	-0.017549512315058913
CHRNA10	-0.482872634710317	-0.004799271116385841
CHRNA2	-1.1695150163564894	-0.01763277790160679
CHRNA3	-0.6325156410176558	-0.013128494644962463
CHRNA4	0.4896267801857437	0.00961480108250745
CHRNA5	0.1187764961995235	0.001283023711947253
CHRNA6	0.3158964031279531	0.004005566391662445
CHRNA7	0.7167533280002171	0.018342434416853553
CHRNA9	0.0981908806823384	0.0022643798994154063
CHRNB1	-1.0937593355305864	-0.026274286758115748
CHRNB2	-0.788235339760012	-0.011632777144178258
CHRNB3	-0.3774180880372823	-0.004364085351975095
CHRNB4	-0.3482971902903375	-0.0052230646655939015
CHRND	-0.3160376525130175	-0.005714908870392895
CHRNE	-0.7651205182803571	-0.018786004085337607
CHRNG	-0.7545447344530478	-0.01753033781554766
CHST1	0.1855955823880121	0.0010963131051659875
CHST10	-0.5624543701746585	-0.0052926956233435365
CHST11	-0.4780823354502906	-0.004334294453192334
CHST12	-0.4775423442265095	-0.008082404176033673
CHST13	-0.1601536273819739	-0.0033262306870962158
CHST14	-1.408256021945417	-0.01071119530291684
CHST15	-0.0619654238940403	-0.0003596473202810099
CHST2	-0.6157097321156388	-0.004352452096325451
CHST3	0.2666685634379189	0.0024936177367079794
CHST4	-0.055551536613992	-0.00028225735753569333
CHST5	-1.2056187433017915	-0.006190852246854699
CHST6	-0.8621821217053693	-0.0046540590929655835
CHST7	-0.7955862958462951	-0.004398796629734166
CHST8	-0.9290931396497116	-0.006914311145273154
CHST9	-1.1387601543118624	-0.006658330622261459
CHSY1	-0.582981777824103	-0.00397710168831603
CHSY3	-0.8254683252175063	-0.00677296760840964
CHTF18	-0.6111352255794907	-0.5225731754998644
CHTF8	-0.0153198375423608	-0.0036198478136967214
CHTOP	-0.0007570700859522	-1.1811050410940272e-05
CHUK	-0.7513278934845506	-0.023285154074873193
CHURC1	-0.6989286754574624	-0.0013761905619757433
CIAO1	-0.0503261129841326	-0.011727091499788548
CIAO2A	-0.9025477067026804	-0.027777710769188394
CIAO2B	-0.981996492192467	-0.00891260016313883
CIAO3	0.1961593382678268	0.005122112640849493
CIAPIN1	-1.0606180066135955	-0.011387855537010175
CIART	-0.4834572052739881	-0.013756774776071332
CIB1	-0.6381148186313583	-0.04007616306932383
CIB2	-0.6027141877766807	-0.014111347278415426
CIB3	-0.1038543746260274	-0.0017848412823229067
CIB4	-1.1967524962105256	-0.06724671951456564
CIBAR2	-0.1317208580440937	-0.0015294108827499718
CIC	-0.3549601257897768	-0.01025763771507297
CIDEA	-0.6582895539757374	-0.003775290592050854
CIDEB	-1.1349330128462485	-0.021110888971953068
CIDEC	-0.2266766131215454	-0.006347171844016394
CIITA	-0.5428501871467515	-0.013119603322962688
CILK1	-0.1257527554005866	-0.006283739434611912
CILP	-0.635230543644866	-0.007154601613072126
CILP2	-0.0464825010478272	-0.0005450538072868218
CIMAP1A	-0.1989605438654537	-0.00020075118876024278
CIMAP1B	-0.4222447894034175	-0.00041295540403654224
CIMAP1C	-0.2520587466164575	-0.00014316936807814786
CIMAP1D	-0.2602620365820829	-0.0001748960885831597
CIMAP2	0.0122628844613684	1.149032274030219e-05
CIMAP3	-0.8022946748135777	-0.00039472898000828026
CIMIP1	-1.0901063372202644	-0.0010159791062892864
CIMIP2A	0.3346378266581847	0.001830134273993612
CIMIP4	-0.5139409352478075	-0.005940643270529407
CIMIP5	-1.031839174292753	-0.004506041674136453
CIMIP6	-0.3211064708096687	-0.0015355311434118357
CIMIP7	0.3473865352782311	0.0025039621462854896
CINP	-0.8576623771937538	-0.02343991276870529
CIP2A	-0.914745845703095	-0.029409993685200208
CIPC	0.3288389128239835	0.004681021924049404
CIRBP	0.2364085944975828	0.0001680865106877814
CIROZ	-0.8837333885064451	-0.009122779769552034
CIRSR	-0.0556118784223123	-3.1031428159650266e-05
CISD1	-0.8712877944244776	-0.0030695468997574346
CISD2	0.2297381048698576	0.000603522001493116
CISD3	0.820850304302581	0.004352969163716587
CISH	-0.0751902843573357	-0.0035955993979677934
CIT	-0.3055528155091337	-0.019118745219222005
CITED1	1.0669575428996008	0.030564065773901965
CITED2	-0.2007786537457006	-0.005527637116272884
CITED4	-0.5020047501982219	-0.013567180378857145
CIZ1	1.844370454427661	0.03580476363180418
CKAP2	-1.37339311086437	-0.0222448482166702
CKAP2L	0.1654605975227955	0.004277487367159309
CKAP4	-0.5010110755134406	-0.005580762370144214
CKAP5	-1.6150932702870535	-0.9217046576739563
CKB	-0.2804387202502522	-0.0014652923133075676
CKLF	-0.5615486269120926	-0.0042964085445044205
CKM	-0.3560018265566964	-0.001720200825921957
CKMT2	-0.2414372672445272	-0.018222236308013444
CKS1B	-0.5841661120786013	-0.21479846357741375
CKS2	-0.0934510229551143	-0.0026616720358075656
CLASP1	-0.4914121901636169	-0.026889583633562954
CLASP2	-0.5886330793783704	-0.017888559282308675
CLASRP	-0.3284321394047474	-0.00018622102304249177
CLBA1	-0.7263134907427811	-0.018217394974810435
CLC	0.0393523873206837	4.954465563674077e-05
CLCA1	-0.7808660235687388	-0.013669059742570773
CLCA2	-0.3025133764294839	-0.0027985512453491557
CLCA4	1.1117951376389137	0.02019242328979795
CLCC1	0.3378640762205265	0.005609895121565622
CLCF1	-0.1066785358596737	-0.00417806485694412
CLCN1	-0.0449732331229241	-0.0006307495945490105
CLCN2	-0.7384058428957838	-0.007284373640166908
CLCN3	-1.5672228519090654	-0.0409201886633457
CLCN4	-0.3730195605283981	-0.003379184198826758
CLCN5	-0.3017650476552675	-0.0027358019220426553
CLCN6	-0.5431035264479194	-0.009700372085886286
CLCN7	0.1276009975176574	0.0017425192221011295
CLCNKA	-0.01362554933282	-0.00012795753378451263
CLCNKB	0.2948792222595358	0.0018736625782370905
CLDN1	-0.7781016959571606	-0.019847818060475253
CLDN10	-0.4317070440850575	-0.010166700888203106
CLDN11	-0.5677502645518935	-0.00782019214393778
CLDN12	0.0985069058145405	0.0004506690941015228
CLDN14	-1.275636039476604	-0.023957720457410098
CLDN15	-0.3771689757610783	-0.0026865746143461605
CLDN16	0.9599096029983104	0.015089778959133441
CLDN17	-0.6027346082295042	-0.0039008983844613515
CLDN18	-0.1269394369801803	-0.0030659682213822945
CLDN19	-0.2655833824611221	-0.006576375716502306
CLDN2	-0.9931773337805584	-0.0249347101418947
CLDN20	0.4832043780132892	0.0029750893554278215
CLDN23	-0.1940298654686038	-0.0012819553211510651
CLDN4	-0.2821401805011758	-0.004218277838673079
CLDN5	-0.6655630905119656	-0.007051640943974276
CLDN6	-1.1726334711257338	-0.016120192327565463
CLDN7	0.163285468030113	0.002274239998723414
CLDN8	0.6596749892772964	0.004248966605935066
CLDN9	0.55669348174995	0.006154246440745698
CLDND1	-0.7984291000680807	-0.005471634622766557
CLDND2	0.0183110721053062	0.0001078339036281482
CLEC10A	-0.0864925536106709	-0.003091762821367042
CLEC11A	0.3145889018928526	0.0026239860306882835
CLEC12A	-0.1785126172551675	-0.005135272460579404
CLEC12B	0.5322897011224981	0.01625133686497099
CLEC14A	-0.3832257859078521	-0.0071111376833061036
CLEC16A	-0.3798845563484496	-0.01607785407833543
CLEC17A	-0.0346245037964842	-0.0005268810742711
CLEC18A	-0.9443270934919388	-0.006650895719463724
CLEC18B	-0.7970943898707072	-0.005481618119140854
CLEC18C	-0.6622863089471774	-0.004053854497065673
CLEC1A	-0.599909113918227	-0.016625881183129743
CLEC1B	-0.1087314937556688	-0.005424831686457828
CLEC2A	0.1076429205149217	0.003640160643053107
CLEC2B	0.0069624952383602	0.0003571481557469248
CLEC2D	-1.1858772390604932	-0.033734649819553854
CLEC2L	-0.187397795919334	-0.007876891555877367
CLEC3A	-0.6873870900029798	-0.01002554070769346
CLEC3B	-0.5103292622907911	-0.006079042172407905
CLEC4A	0.1759754821247385	0.005980702735491363
CLEC4C	-1.2122408964356175	-0.04789685005906768
CLEC4D	-0.5633557291207725	-0.017081509062670943
CLEC4E	-0.5156254515758172	-0.020272845879606403
CLEC4F	-0.3527733622436583	-0.0039126093606444146
CLEC4G	-0.9137563935640728	-0.023635222875928306
CLEC4M	-0.6755593028630911	-0.04829641012098524
CLEC5A	-0.3046335617342585	-0.00897054449238871
CLEC6A	-0.3954627720067466	-0.016144372204403425
CLEC7A	-0.3459419765664571	-0.015569464597349966
CLEC9A	-0.603484345113698	-0.017532427194243156
CLGN	-0.3435111495361114	-0.01824868630795638
CLHC1	-0.075678579740548	-0.00212679512644862
CLIC1	-0.8642181961545918	-0.025833210319453057
CLIC2	-0.180945903450381	-0.016610472044938075
CLIC3	-0.6961149059811718	-0.008947861001481983
CLIC4	-0.6914972268251236	-0.017643551742443028
CLIC5	0.328884876507086	0.013610900614245752
CLIC6	-0.0751659813803735	-0.000494065995613195
CLINT1	-0.2372288596388433	-0.01264809388050457
CLIP1	-0.6286189403523261	-0.01977132291196136
CLIP2	-0.3057928008191946	-0.006521643063070962
CLIP3	0.2876920059244632	0.005090710044833376
CLIP4	-0.3519560030792812	-0.002243015607624259
CLK1	-0.1647609882422737	-0.00415873210422323
CLK2	-0.7429708085567545	-0.023986069583446262
CLK3	0.0762327207019365	0.0010530025710558488
CLK4	-0.123685177305663	-0.0033815527475368266
CLMN	0.2434435389679115	0.004528049824803153
CLMP	-0.560547263814204	-0.028014470603642476
CLN3	-0.9163668171098088	-0.002194698526977992
CLN5	-0.530127132410424	-0.0004172100532070037
CLN6	0.7154759892328085	0.0022143981866755424
CLN8	-0.2503281101050973	-0.0012135906777895117
CLNK	-0.5823790133954032	-0.016720101474582028
CLNS1A	-0.7973400090692542	-0.047324521558287445
CLOCK	-1.6001422337467193	-0.04764903543650981
CLP1	-0.4379674453838605	-0.00033898680272710803
CLPB	-0.5446686848126007	-0.013159740093757245
CLPP	-0.5442320307416398	-0.1169228094845339
CLPS	-0.7550877338574081	-0.005296940453009718
CLPSL1	-0.4754806492089273	-0.0007279608739388677
CLPSL2	0.2438366663168942	0.0029948019357040946
CLPTM1	-0.1471174665995168	-0.0049658029676000895
CLPTM1L	-0.152378495883	-0.00281290703400018
CLPX	-1.110207784656328	-0.10607480278498888
CLRN1	-1.2792673183091143	-0.010607684603419177
CLRN3	-1.307605293421065	-0.011216638206965895
CLSPN	-0.3391990216229541	-0.08342735616425206
CLSTN1	-0.5894843748691971	-0.018821057120823725
CLSTN2	0.3054211416901592	0.009928325052922005
CLSTN3	-0.4809470067293988	-0.012010208652046547
CLTA	-0.2878778844365047	-0.02628152358174626
CLTB	-0.912897266151966	-0.13283568119777256
CLTC	-0.975346250945623	-0.2154344799088692
CLTCL1	-0.5330996153453484	-0.09187172221054062
CLTRN	0.6603902421428307	0.004326876866519827
CLU	-0.3755273744236168	-0.0252410724718834
CLUAP1	-0.3245994626179213	-0.02181016249276075
CLUH	-0.5275034043374431	-0.014981624186587722
CLUL1	-0.9263361565345488	-0.019375247050076625
CLVS1	0.0027245580333862	9.094574715443135e-06
CLVS2	0.3422087324458196	0.0011902019714465607
CLXN	-0.5603048682084408	-0.00292871354612552
CLYBL	0.8200942573679535	0.003104876858395072
CMA1	-1.168396667159726	-0.003985401031681825
CMAS	-0.0829626777722626	-0.00015696538634512084
CMBL	0.1329577844937532	9.559664705100856e-05
CMC1	-0.592140485245872	-0.0202547574383203
CMC2	-0.3133346756050593	-0.0002619477888058296
CMIP	0.4626932409843029	0.01077890174197032
CMKLR1	-0.7152242037414331	-0.024655923975578423
CMKLR2	0.4758786876037173	0.015039194164340278
CMPK1	-0.5445064467255254	-0.006956614363365312
CMPK2	-0.5459645763858799	-0.009822448693758366
CMSS1	-0.2687963530816365	-0.00026906514943471815
CMTM1	-0.5288436059831038	-0.0040313748084092
CMTM2	-0.11429004336012	-0.00021966546333815063
CMTM3	-0.4965486405434234	-0.011311378031579186
CMTM4	-0.0658441947781361	-0.0006272317994565245
CMTM5	-0.8652986098999624	-0.0069137358931007
CMTM6	-0.1443279778033666	-0.0014673825503268283
CMTM7	-0.0270909227460666	-0.0002447935779334578
CMTM8	-0.1603495921026956	-0.0011939630627966714
CMTR1	-0.4904437097781058	-0.011375351404593385
CMTR2	3.2320238311527705	0.08407786794360816
CMYA5	-0.1185034195874205	-0.00045931925432084186
CNBD1	-0.7185909439986141	-0.00044983793094313245
CNBD2	-0.620509158101096	-0.00033259290874218745
CNBP	0.1700688230607515	0.0001185379696733438
CNDP1	-0.4027920329629406	-0.0010682044714177183
CNDP2	0.5054298758332694	0.00121202084224818
CNEP1R1	0.926464289590042	0.08529771421397599
CNFN	-0.2484887196009872	-0.0013053112440639858
CNGA1	0.3375440433505939	0.007093488071012731
CNGA2	-0.2989030520421289	-0.009446830959791484
CNGA3	-0.237739577139774	-0.006209757754890897
CNGA4	-0.5035679092794593	-0.012806739068795208
CNGB1	-0.3068890872657371	-0.006306570743310897
CNGB3	-0.4837612828264953	-0.011602530607310662
CNIH1	-1.1996383228980902	-0.10191767299845306
CNIH2	-0.6754569957877141	-0.009207154309582332
CNIH3	-0.2148793930545867	-0.010320872127804854
CNIH4	-0.5949164820978612	-0.008251491606697334
CNKSR1	-0.0102484100102748	-0.00010856140723884095
CNKSR2	-0.3960908174874954	-0.008399897966457315
CNKSR3	-0.8591495302513131	-0.01599049105703744
CNMD	0.028448886629015	9.544601464034533e-05
CNN1	0.4201250077852462	0.0011326570209890237
CNN2	-0.4641136180080185	-0.00046318539077200245
CNN3	-0.6414329914650043	-0.0003765211659899575
CNNM1	-0.0984959998442808	-0.001867090173048187
CNNM2	-0.5325401694029175	-0.006124211948133551
CNNM3	-0.2287651184662332	-0.002845838073719941
CNNM4	-0.4661106383356838	-0.004834965651456048
CNOT1	0.334080891940727	0.003334461382460396
CNOT10	-0.8479366280071468	-0.09478066040538285
CNOT11	-0.4729399088663141	-0.01812400318757489
CNOT2	0.4341388006214879	0.012270499060765735
CNOT3	-0.5282331686484844	-0.016064098891769057
CNOT4	-0.6234413308897204	-0.018090397098427018
CNOT6	-0.6612998025821593	-0.008332377512535207
CNOT6L	-0.3442778040331259	-0.009972695149427559
CNOT7	-0.2549409332680442	-0.013878984407112325
CNOT8	-0.4590889527908875	-0.011378060605969357
CNOT9	-0.2253289093937298	-0.0038817411221257828
CNP	-0.577838468441241	-0.00030105384205788655
CNPPD1	-0.1732406115521887	-0.0006290366605459972
CNPY2	0.1249401963316411	0.0009912755176952406
CNPY3	-0.5282405048168681	-0.005575578528342043
CNPY4	-0.274912647176509	-0.0010267987372042612
CNR1	0.2162526155794338	0.0053388445734250615
CNR2	-0.4057618893495441	-0.00977196358120507
CNRIP1	-0.3392681694686951	-0.0012468105227974545
CNST	-0.2054294003354778	-0.0003180047117193196
CNTD1	-0.1046142939112845	-0.0014434680273879036
CNTF	0.1708132392214665	0.0021510511215159277
CNTFR	0.6664231599236284	0.03479795171857218
CNTLN	-0.0312232591085284	-0.00016392211031977412
CNTN1	0.3544787042462233	0.00967868654073888
CNTN2	-0.7635674765761228	-0.016430444960965008
CNTN3	-0.9704026307594236	-0.02585443729132332
CNTN4	-0.2720980465058239	-0.007749896560578877
CNTN5	-0.2540217234495728	-0.007655452679599776
CNTN6	-0.5076972600672414	-0.013408792335635912
CNTNAP1	-0.0975058369430906	-0.002735526255438407
CNTNAP2	-1.1352343103671432	-0.029731786588515483
CNTNAP3	-0.4083526694663831	-0.013774960599109501
CNTNAP4	0.1374023255316603	0.0041094287520008965
CNTNAP5	-0.2064413300340188	-0.005112313096962442
CNTRL	-0.2064516730052857	-0.007425860226327121
CNTROB	-0.0869733523243813	-0.0005632394296526933
COA1	0.3792478077516185	0.0058305557963733825
COA3	-0.9829363350559306	-0.01316643220807419
COA4	-0.4060692002971831	-0.0007004693705126408
COA5	-0.2347270034510027	-0.0008478339364650218
COA6	0.0960188104524961	0.00039809398813604887
COA7	-0.6159711641961761	-0.007859792055143209
COA8	-0.8258506407912619	-0.0005937866107289173
COASY	-0.4667021507857078	-0.008936879485395519
COBL	0.2310553966465453	0.0011367925515010028
COBLL1	-0.0989126078190283	-0.001093973442478453
COCH	-0.2956689507016882	-0.002042481111447262
COG1	0.5938741450888889	0.04174163203586274
COG2	0.2150363610107562	0.012559628737555239
COG3	0.6689508089720798	0.05255812715931837
COG4	-0.293283807847747	-0.04796275408399699
COG5	0.5974945954983765	0.08351779455876306
COG6	-0.2434153539233623	-0.032437773479181184
COG7	-0.264684250666226	-0.022868983941812592
COG8	-0.1104693633775596	-0.005270935204196878
COIL	-0.7556022621566272	-0.00038157914238909677
COL10A1	-0.2394513554983522	-0.007426344339425895
COL11A1	0.3893774475806861	0.018928805859239894
COL11A2	-0.87873716949526	-0.022084422543754877
COL12A1	-0.2796058775189378	-0.007823931664734917
COL13A1	-0.396097411715742	-0.009979278190766404
COL14A1	-1.2271511445549748	-0.032560001318477146
COL15A1	-0.9064918282650932	-0.03307879330522152
COL16A1	-0.776098268917861	-0.027449043575086908
COL17A1	-1.0479468429650882	-0.0588244001361593
COL18A1	-0.5514812631152449	-0.019393941579973817
COL19A1	-0.2470783247667544	-0.0074800492039887225
COL1A1	0.1186499672925501	0.010351616396438534
COL1A2	-1.058208926665158	-0.03911669297417756
COL20A1	-0.2000210691913987	-0.0048951156263211
COL21A1	-0.2144283133964498	-0.0034754541035296586
COL22A1	-0.7849393964994464	-0.027096892906557393
COL23A1	-0.4354923133035628	-0.010153503284672566
COL24A1	-0.2478146108013255	-0.007483505616978427
COL25A1	0.2561435063180058	0.006858242381664606
COL26A1	-1.080622437010166	-0.022361320089051364
COL27A1	-0.9301117026913588	-0.03930000977381798
COL28A1	-0.1406991282071278	-0.004140212546622943
COL2A1	0.5107696740288133	0.04237855985417065
COL3A1	-1.055080891261317	-0.04764217764490477
COL4A1	-0.3513451994059036	-0.014805686702964777
COL4A2	-1.7082943930114751	-0.10166572421129193
COL4A3	-0.2606379425150788	-0.014686687422782178
COL4A4	-0.3112474264357112	-0.01629816023787958
COL4A5	-0.6231485180718789	-0.015851652002712453
COL4A6	-0.2226032788533845	-0.013302771944278258
COL5A1	-0.0161620969228875	-0.0006889093813380797
COL5A2	-0.5859525531064307	-0.0158089998828115
COL5A3	0.1812517085570556	0.0050919042484933634
COL6A1	-0.3531492821122604	-0.008925848105387381
COL6A2	-0.7666402141354145	-0.020664786972020097
COL6A3	-0.2739653652726883	-0.006207233280983299
COL6A5	-0.1289291442221471	-0.001439880682672939
COL7A1	-0.3817195742502998	-0.010433541122983444
COL8A1	-0.5411655480362623	-0.014318158069943427
COL8A2	-0.0026622618108646	-6.761878773414998e-05
COL9A1	-0.5984998754006657	-0.014750627929124809
COL9A2	-0.4914645040151438	-0.013495615280255847
COL9A3	-0.3774172168444349	-0.009842663598086018
COLEC10	-0.1059836698403256	-0.0009595761467343079
COLEC11	0.6726390684518887	0.006096800516447919
COLEC12	-0.7333196923576818	-0.018827249781591122
COLGALT1	-0.7368965146362348	-0.010342342582919557
COLGALT2	0.4009757238971002	0.0048778696812082235
COLQ	-0.5006901110413993	-0.006060353104045096
COMMD1	1.234219167218008	0.13670088074189934
COMMD10	-0.4224499298123504	-0.15106302550173878
COMMD2	-1.0182674530440534	-0.91121292263572
COMMD3	-0.1892459414990204	-0.03933760762969388
COMMD4	-0.7803840866625753	-0.10953236925169908
COMMD5	-0.445617920155766	-0.01009859330656997
COMMD6	-0.6784870777062981	-0.04637323478707007
COMMD7	-0.1310645224154423	-0.009608733331843323
COMMD8	0.686389014988351	0.6735617770762486
COMMD9	-0.4879664097412436	-0.13208665152003773
COMP	-1.3947395544382364	-0.01596976789831781
COMT	-0.5178812236889563	-0.03388082541617889
COMTD1	0.0485657184630993	0.00015536173336345467
COP1	-0.0288627652940762	-0.006834731684402538
COPA	1.657870252714443	0.16419381195858573
COPB1	-0.8334769302286746	-0.0815032085762714
COPB2	-1.7384761645325717	-0.2547093582941607
COPE	-0.7100808093355993	-0.06897795989966946
COPG1	-1.7891818960394534	-0.11489231545417349
COPG2	-0.5398641755469361	-0.03366161107370256
COPRS	0.4686819017848506	0.009580795436285915
COPS2	-0.2799347233273356	-0.03545401264413039
COPS3	-1.0356249422729913	-0.5180786267466597
COPS4	-0.2346046476081658	-0.023477121690796757
COPS5	0.0577506726993146	0.007719243666353887
COPS6	-0.5331507769289169	-0.5185520423550493
COPS7A	-1.0349480976463703	-0.2979977804958076
COPS7B	0.0946553686710889	0.01059042126839611
COPS8	0.030816735201029	0.02006077011381385
COPS9	-0.0245875190021484	-0.00023746625852274925
COPZ1	-0.4765335251743985	-0.022970822047506705
COPZ2	-0.2077047955582398	-0.006163432103395208
COQ10A	-0.0544439902000168	-0.006498108006332805
COQ10B	0.2499193493517072	0.0066143654999422825
COQ2	0.3920369136455173	0.009343415762913613
COQ3	0.2315187563454181	0.0012224190335038076
COQ4	-0.3765037763557313	-0.003207059166998119
COQ5	-0.0191108836213469	-0.0003327778164985136
COQ6	-0.4251255250351658	-0.026562693055247232
COQ7	-0.0570730229260819	-0.0041010391353765415
COQ8A	-0.2725313921250624	-0.0033360567710028887
COQ8B	-0.6754505372914806	-0.005684591721845101
COQ9	-0.2539935888941326	-0.014589391746078975
CORIN	-0.6819044470429483	-0.041501386551480876
CORO1A	-0.4216198521965768	-0.010374378083148969
CORO1B	-0.3593322296464879	-0.01082668007924868
CORO1C	-0.440141179162533	-0.0034621505152924842
CORO2A	-0.8947520597611879	-0.005201193723391785
CORO2B	0.2360906394219223	0.0011221388091723968
CORO6	0.7388924957089559	0.08062425466928272
CORO7	-0.8881750197412943	-0.028049455298449814
CORT	-0.5121403803456962	-0.016035627449004095
COTL1	0.2509326680461659	0.03264558731480204
COX10	-0.7699058500558138	-0.0047749560820461575
COX11	-1.3311049876527985	-0.004855870994957409
COX14	-1.3134685233230794	-0.031494348252240796
COX15	-0.8665708964299909	-0.016688422323448766
COX16	-0.2520553633371054	-0.006375992470975417
COX17	-0.1463481183400058	-0.006261943287532168
COX18	-0.4710500062889315	-0.011374444501858828
COX19	-0.7191696391527782	-0.0004883161849847364
COX20	-0.5504962428209983	-0.012813350547901557
COX4I1	-0.5162291462885085	-0.013461191218619146
COX4I2	-0.14285115660399	-0.00036327049124394657
COX5A	0.0435873271573666	0.004639522277284415
COX5B	0.0277869472729945	5.9241771586024285e-05
COX6A1	-0.714409825075	-0.0019667702484314747
COX6B1	-0.5139890962529943	-0.023642984438541483
COX6B2	-0.4170621560565386	-0.0022258607268737466
COX6C	-1.0133321136161335	-0.011317906376978595
COX7A1	-0.5192463417335426	-0.0012093247298974206
COX7A2	-0.090436638074453	-0.0009587188002272762
COX7A2L	-0.081532921575232	-0.002148147884742637
COX7B	-0.3995326672965598	-0.0004894275174382858
COX7B2	0.0212456850553968	2.7959321532902186e-05
COX7C	-1.5318639442995363	-0.009224884672571806
COX8A	-0.2661075664165232	-0.00022326424822346298
COX8C	-0.3901165227601316	-0.0007775022298609422
COXFA4	-0.596584197413603	-0.011305270540987778
COXFA4L2	-0.2056808459111587	-0.0007443589813524833
COXFA4L3	-0.3964937964220948	-0.007764934509130305
CP	-0.4298452226016994	-0.002789695494685029
CPA1	-0.4780913424689205	-0.0017082203666414528
CPA2	-0.2217232161519342	-0.0009225903024081981
CPA3	-0.0491467339585803	-0.00025330226682252285
CPA4	-0.9596102865978612	-0.007656730476764334
CPA5	-0.382075110307895	-0.0016639371053908828
CPA6	-0.7852413158181157	-0.004070690981201112
CPAMD8	-0.1216678499375453	-0.0009421958299163508
CPAP	-0.2820012362090875	-0.0014858645135856822
CPB1	0.0566067347539565	0.00020225586327588657
CPB2	-0.1107415453459799	-0.0002667763827384656
CPD	0.3725944636201336	0.0023611311159607864
CPE	-0.5973163881255419	-0.0020523791095993617
CPEB1	-0.1656349443413486	-0.004335329033190458
CPEB2	0.0343097519757245	0.0007132997435753124
CPEB3	-0.464240046151759	-0.000502771969982355
CPEB4	-0.3570632049340816	-0.006382861851401643
CPED1	-0.1643326267849206	-0.0010952769575214957
CPLANE1	-0.1377050668762582	-0.003682784308538649
CPLANE2	-0.5843601525444362	-0.02148575408875383
CPLX1	-0.917040219627071	-0.08656767969257588
CPLX2	-0.1478831404533039	-0.006661987594280887
CPLX3	-0.3960954931958615	-0.002681962584429178
CPLX4	-0.4847218341463573	-0.0026102270768781338
CPM	-0.2606154529874854	-0.0011467079931449357
CPN1	-0.3064656655164061	-0.0023922709850210657
CPN2	0.5123446457938095	0.01365091074253026
CPNE1	-0.8088208284554457	-0.0050470419695619806
CPNE2	-0.4949264697064516	-0.054408751594239343
CPNE3	-0.1089748396656497	-0.002966295135698985
CPNE4	-0.673068799453297	-0.03607850685709508
CPNE5	-0.3586404368945048	-0.0012771185957813317
CPNE6	-0.1098274630474494	-0.0025789684872802067
CPNE7	-0.7586281094041117	-0.015362219215433263
CPNE8	-0.3087639309529069	-0.0019402725421080668
CPNE9	-0.3217609131776078	-0.001991056530743037
CPO	-0.8352810845461601	-0.0033920764843419567
CPOX	-0.8002575088203951	-0.016944652491763044
CPPED1	0.0946932940905234	0.0013260848904436899
CPQ	-0.917636160397455	-0.0010644579460610479
CPS1	-0.4299957664592733	-0.007440646742811265
CPSF1	-0.3418665542432748	-0.01592346036354325
CPSF2	0.2209135192338489	0.023559322258693817
CPSF3	1.0406094609755925	0.10945962798110062
CPSF4	-0.106907301095586	-0.003982296965810578
CPSF6	-0.0675739417068934	-0.0015681208912501684
CPSF7	0.7391153442137588	0.0008004619177835007
CPT1A	-0.1389131674674066	-0.00630929715320214
CPT1B	-0.4622190002474295	-0.004015758674149667
CPT1C	-1.01192001165385	-0.007464933925970451
CPT2	0.6224007756049298	0.009072113705217457
CPTP	-0.3361298797242137	-0.0024117318870212332
CPVL	-0.8733846908768027	-0.01906511441714973
CPXCR1	-0.4046069780991011	-0.0002205108030640101
CPXM1	0.1405836118837911	0.0009000162832800305
CPXM2	-0.1675557645491467	-0.0014190297699667234
CPZ	0.0566059947684365	0.00028263373187880345
CR1	-0.8247832301196769	-0.0011753161029205397
CR2	-0.3853624406542302	-0.006228227765853668
CRABP1	-0.8640701160124402	-0.0019795846357845005
CRABP2	-2.0157369978106567	-0.008335072485947064
CRACDL	-0.5197784150197701	-0.009362248811336099
CRACR2A	-0.846669302092599	-0.020926278470520678
CRACR2B	-0.4804277283489585	-0.0017650914739540738
CRADD	-0.4939711457052319	-0.030350575134420854
CRAMP1	0.1528728165559854	0.004225557522423992
CRAT	-1.015717940814128	-0.010484240585083428
CRB1	-0.4844645891445918	-0.010684382048994828
CRB2	0.2950513116215277	0.0037621992744860996
CRB3	-0.6532966862775604	-0.01874373522598949
CRBN	-0.58267203765978	-0.020756525997554346
CRCP	0.0123683638067406	6.159445175756818e-06
CRCT1	-0.0467994901002955	-2.1808562386737703e-05
CREB1	0.7195022436733256	0.017002557520244356
CREB3	-0.1842075254363319	-0.005754274679580135
CREB3L1	-0.5987430752605494	-0.018986741659587282
CREB3L2	0.1482308171213205	0.004634732958932328
CREB3L3	-0.1661982502975504	-0.005320504586775481
CREB3L4	-1.1628711988927818	-0.035736194813174076
CREB5	-0.1318280336832112	-0.003025453373029697
CREBBP	-0.4915349915778922	-0.011610548036061392
CREBL2	-0.8281354690517023	-0.011939229057318392
CREBRF	0.4328221581211833	0.013478082003893648
CREBZF	0.0462032333612255	0.0012346428018786676
CREG1	-0.4995433592087644	-0.0010815113726869749
CREG2	-0.9470153567029308	-0.002050288247261845
CRELD1	-0.6383191667349506	-0.006012966550643234
CRELD2	-0.1440575415716595	-0.0017792546959515666
CRH	-0.5577424688276508	-0.02136488301091199
CRHBP	-0.3329248529489993	-0.0008998958775211452
CRHR1	-0.509318488856079	-0.01664860276372751
CRHR2	1.037846680409197	0.03875423289315982
CRIM1	-0.4222643989665698	-0.012143479585480614
CRIP1	0.2162672595679316	0.0019076934966487248
CRIP2	-0.3584009387099647	-0.008566499237045576
CRIP3	-0.1350084228225971	-0.0001709206632934079
CRIPT	0.458169326919256	0.00726015115436253
CRIPTO	-0.1175317607314381	-0.00642698927207723
CRISP1	0.4207765519656425	0.002188038070221341
CRISP2	-0.8278493610025688	-0.006808233144885126
CRISP3	0.5968283639410235	0.005219860871028191
CRISPLD1	0.9305041356584898	0.008672298544337124
CRISPLD2	0.5314121212225698	0.002905230066723789
CRK	-1.0265214384670935	-0.1124246279409161
CRKL	-0.4304741094184786	-0.013085551978102912
CRLF1	-0.4973122204669298	-0.01470950085697085
CRLF2	-0.2372550910575167	-0.01482108828327201
CRLF3	-0.3071724750230188	-0.005652280712898569
CRLS1	0.387188986848932	0.011830559493169116
CRMP1	-1.1135709489657433	-0.014407380937718785
CRNKL1	-1.5141512872170213	-0.09231628983033457
CRNN	-0.1593703378980793	-0.0009202043310235098
CROCC	-0.6455114721997927	-0.01615715214916081
CROT	0.0659917147286568	8.974873203097324e-05
CRP	-0.5718446270766435	-0.026798926603319822
CRTAC1	-0.4654192055514162	-0.004425205806382866
CRTAM	-0.9196991652914548	-0.02220153785013572
CRTAP	-0.3942378346500045	-0.011523571906819631
CRTC1	-0.9707515231577228	-0.027045137435174157
CRTC2	-0.4074238712175829	-0.00844997108905267
CRTC3	0.3890683529236018	0.010816878347981979
CRX	-0.3648916726669997	-0.011241582651524926
CRY1	-0.2994698477582986	-0.018571922078578648
CRY2	-0.370657196522654	-0.026756631045380824
CRYAA	0.0354879853975348	0.002169203107424315
CRYAB	-0.2300591841114712	-0.007530757332704898
CRYBA1	-0.4266499580199917	-0.0002410572262812953
CRYBA2	-0.8556259431755004	-0.0018019482363276038
CRYBA4	-0.0358105156983297	-2.0698478073634565e-05
CRYBB1	-0.7896301713920879	-0.001751399720147651
CRYBB2	-0.3482087063949322	-0.003163824306304354
CRYBB3	-1.2300462392496514	-0.001312459337279378
CRYBG1	-0.5995723897099575	-0.004950669221835119
CRYBG2	-0.2096648867384082	-0.0009229448314224727
CRYBG3	-0.4832585907434159	-0.008379703963490831
CRYGA	-0.2765738282538866	-0.0002182167504923165
CRYGB	-0.920949818542924	-0.0005230994969323808
CRYGC	-0.0057412587073945	-3.10027970199303e-06
CRYGD	0.3131958649365226	0.00017006535466053177
CRYGN	0.6397593186011088	0.0004311977807371473
CRYGS	-1.14804515647961	-0.0006693103262276125
CRYL1	-0.3257170750462055	-0.0007188575846269756
CRYM	-0.5525946126549438	-0.00028679660396791585
CRYZ	0.112772186296761	0.0002539629635403058
CRYZL1	-0.1486238634165585	-0.0007548606022927006
CS	-0.3351599241097401	-0.012063411148481874
CSAD	-0.2724747413763299	-0.005278108215200886
CSAG2	0.068661407211772	0.00029098704376348967
CSDC2	-0.9920600175485846	-0.02515864204503211
CSDE1	-0.2420141419962259	-0.0005317050699657083
CSE1L	0.4061706055009443	0.1170368414632806
CSF1	-0.2240644784260761	-0.022084243122630912
CSF1R	-0.5900783604019814	-0.05267216468456206
CSF2	-0.1271656399432954	-0.005616016156815755
CSF2RA	-0.8568691274118323	-0.05200253047349669
CSF2RB	0.0827267139579926	0.004220965126278656
CSF3	-1.1762405090512864	-0.07207178471109947
CSF3R	0.1072422598534183	0.003887102950647
CSGALNACT1	-0.4775807285036403	-0.0033755405890637294
CSGALNACT2	-1.3736322530220055	-0.011586588054240616
CSHL1	-0.5146971622973935	-0.02133419737722696
CSK	-0.543865987151082	-0.028010186070255027
CSKMT	-0.4308671016937713	-0.010794944365835746
CSMD1	0.0987968506031266	0.0022232255291221577
CSMD2	0.7223935109746649	0.01233920356095825
CSMD3	-0.9645723493117584	-0.01592412491478782
CSN1S1	-0.6493097881598731	-0.0032140834513913717
CSN2	-0.7243701798321114	-0.002372312338950165
CSN3	-0.3797517592499717	-0.003007254181500526
CSNK1A1	-0.4474475191743032	-0.03938433063772217
CSNK1A1L	-0.6244847511386462	-0.013396446881426239
CSNK1D	0.0906188697892855	0.011716385531666089
CSNK1E	-0.0985238114333596	-0.014742019380962165
CSNK1G1	-0.1281173218154096	-0.009150139124056553
CSNK1G2	0.9534147361389542	0.08287176227993404
CSNK1G3	-0.1213984101066825	-0.00534116584946371
CSNK2A1	-1.3346241923067144	-0.010273937032377087
CSNK2A2	0.1618682729831548	0.006031211851352348
CSNK2B	-0.2856622382290358	-0.00938828945939726
CSPG4	-0.0523781211163818	-0.0014950287110248857
CSPG5	-0.296017760820093	-0.00608109286052717
CSPP1	-0.0993927780650215	-0.004053535667825772
CSRNP1	-1.2439075814646672	-0.0055727059649617085
CSRNP2	-0.6623952061290583	-0.00034841987842388467
CSRNP3	0.0579461830560256	9.248210815741686e-05
CSRP1	-0.2613217705255221	-0.007257166889264274
CSRP2	-0.3630345866730838	-0.009795036183026474
CSRP3	0.1063495101466301	0.0007011623203967322
CST1	-0.3867941071885665	-0.002046140827027517
CST11	-0.1543906897536835	-0.0007981998660265438
CST2	-0.729016973533156	-0.00364289781674518
CST3	-1.2148994885264048	-0.01086849082435722
CST4	-1.034995892120089	-0.004824115853171735
CST5	-1.103498386365887	-0.004754974546850607
CST6	-0.0721882035091977	-0.001410918437587269
CST7	0.289418031129464	0.0010604276660583561
CST8	-0.2099277581228589	-0.0014121840288924719
CST9	-0.7889976819342956	-0.0039647133517198355
CST9L	-0.3822517980510973	-0.001830221609068654
CSTA	-0.4075790541887811	-0.030703745310149255
CSTB	-0.4941043815684081	-0.011915327161522162
CSTF1	0.4799418137790301	0.0003325996769488679
CSTF2	-0.5631996256796983	-0.0003542525645525302
CSTF2T	-0.0758564122474767	-4.293472933207181e-05
CSTF3	-0.3002093025056858	-0.010234135122418829
CSTL1	-0.4996245148280322	-0.00279539916046284
CSTPP1	-0.1557656367029971	-0.000745650102897247
CT45A1	-0.3380994757323469	-0.004702625607961213
CT45A2	-0.8927928436633099	-0.01207323762485894
CT45A3	-0.8139568511760381	-0.007644682746245349
CT45A5	-0.4657883407002084	-0.0053873079485386105
CT45A6	-1.0578835446850323	-0.007286701855790502
CT47A1	-0.8451677904563686	-0.00046737778812237183
CT47A10	-0.1804994771679382	-9.981621087386983e-05
CT47A11	-0.054687650065034	-3.0242270485963803e-05
CT47A2	-0.3826682819144537	-0.00021161555989869288
CT47A3	-0.5302868684492663	-0.00029324863825244425
CT47A4	-0.2131617496953918	-0.00011787844758155167
CT47A5	-0.37960178907531	-0.00020991978935864643
CT47A6	-0.1745295639806599	-9.651484888130493e-05
CT47A7	-0.3947663146814646	-0.00021830577201884994
CT47A8	-0.6080124388533239	-0.0003362308786858881
CT47A9	-0.6320536367818466	-0.00034952566114036115
CT55	-0.3855179123905469	-0.0008585483908937478
CT83	0.904238334187994	0.0005081819438136527
CTAG1A	-0.2949396715300344	-0.003998497126932676
CTAG1B	0.2869247654813902	0.0038898390456312067
CTAG2	-0.9300385499471772	-0.003968474492624605
CTAGE1	-0.511734024227569	-0.0011590775648754438
CTAGE15	-0.6604047297344897	-0.0034486334986735053
CTAGE4	0.6824427154164934	0.003261393736975422
CTAGE6	-0.2243751293732285	-0.0010341449712812103
CTBP1	-0.679490505708702	-0.018183845423270572
CTBP2	-0.2708167846845681	-0.007322885857870722
CTBS	0.2736686694700226	0.0022429884149763055
CTC1	-0.3686486675844654	-0.007965760409165128
CTCF	-0.8218623074194626	-0.023877565617457647
CTCFL	-0.522765313052596	-0.00030215835094440046
CTDNEP1	0.7205409822467678	0.009653087539159947
CTDP1	-0.0869610188145867	-0.002376122878089767
CTDSP1	-0.6683023584784695	-0.04274127733649052
CTDSP2	-0.3742821278041396	-0.042261317896748814
CTDSPL	-0.3823797088108239	-0.009128550788440798
CTDSPL2	0.1059596388139342	0.004302173255123357
CTF1	-0.1792646777214657	-0.0009513576446678185
CTH	-0.737147384712775	-0.004109596669773721
CTHRC1	-1.4580820385703082	-0.02408314103106578
CTIF	-0.2504672280774033	-0.10286563823524913
CTLA4	0.6970359794224623	0.021833257983449785
CTNNA1	-0.6680143469169637	-0.09370437648508326
CTNNA2	-0.2266446061661298	-0.007204125451596603
CTNNA3	-0.6669209220984145	-0.01575133833812035
CTNNAL1	0.0682110436763934	0.00294378401194211
CTNNB1	-0.0933273572570377	-0.0026477904527394164
CTNNBIP1	-1.6774318030862885	-0.010286011816525121
CTNNBL1	0.7380343068174544	0.04342446254452539
CTNND1	0.3348601562559523	0.010188120254087349
CTNND2	-0.1150735300995061	-0.007278170631733562
CTNS	-0.0238196608962643	-0.00014313234232565217
CTPS1	-0.6589224628158552	-0.01891832282990602
CTPS2	0.220991357551769	0.0009266167622145673
CTR9	-0.4744059999848062	-0.03722426678880782
CTRB1	0.2605149259425702	0.0021669631539902993
CTRC	0.3178201884243068	0.0023013359843804056
CTRL	-1.3975776771545625	-0.00942526385473037
CTSA	-0.773889846788445	-0.019406835687913834
CTSB	-0.3830601427278639	-0.01923996178879242
CTSC	-1.2328875534888435	-0.02829476935256896
CTSD	0.1572060254994279	0.005582700377535684
CTSE	-0.483036853743802	-0.006837869701597261
CTSF	-1.3779778652701016	-0.040873579439641754
CTSG	0.1815581277723349	0.001497854554121763
CTSH	-0.4584951312096263	-0.013346793269512222
CTSK	-0.6856957230655941	-0.012866394547602808
CTSL	-0.7642735106256208	-0.018334157246398017
CTSO	-0.7201347454896184	-0.021353435473258166
CTSS	-0.8569519107574997	-0.02015636589292715
CTSV	-0.0101178674132981	-0.0001750998134545369
CTSW	-0.6812597299623387	-0.01914407967167168
CTSZ	-0.7521258531604337	-0.021117437579185497
CTTN	0.5927552315140374	0.11491449295746888
CTTNBP2	0.2816931417532408	0.009382353472375192
CTTNBP2NL	-0.3943323786702959	-0.05191582931383781
CTU1	-0.640858556100106	-0.00033452816628425536
CTU2	-0.6412986543194832	-0.09322173758649735
CTXN1	-0.4863227149910917	-0.0035725266643245597
CTXN3	-0.0977832319285751	-0.00031075511106901164
CUBN	-0.0928704968169841	-0.0013577666634643074
CUEDC1	-0.292533258803382	-0.0013468231235307705
CUEDC2	-0.7663964123300675	-0.0626651690505803
CUL1	0.882943399382872	0.452308064032062
CUL2	2.248251422379451	0.4739808613688807
CUL3	-1.234468044701199	-0.11194032782546003
CUL4A	-0.93090766718125	-0.05545137701098552
CUL4B	-0.1115987198770595	-0.007866147369254414
CUL5	-0.7695111443663536	-0.3211531675678646
CUL7	-0.1930824047439536	-0.008740840462758779
CUL9	-0.9986459478799474	-0.11210899275495077
CUTA	-0.772813098266605	-0.004911227239484275
CUTC	-0.2270231638983826	-0.0008393046369323205
CUX1	-1.9371393979664155	-0.04639448858129565
CUX2	0.3815266722281636	0.010136400627757851
CUZD1	-0.7662218557859679	-0.012738438352441718
CWC15	-0.6109362046794687	-0.0008553106865512562
CWC22	-0.9783182295907626	-0.001393125158937246
CWC25	-0.4070709074254048	-0.00023040213360277912
CWC27	-0.4708509323809786	-0.00026226396933620505
CWF19L1	-0.2038754318576748	-0.005854486901224989
CWF19L2	-0.0069545168963709	-4.137937553340686e-06
CWH43	-1.0105908840562368	-0.007269180229016511
CX3CL1	-0.0409855840151979	-0.0037611650739066806
CX3CR1	-0.4791872002492205	-0.013946264276053314
CXADR	-0.6685839307011695	-0.06446954268572166
CXCL1	-0.2359136693327988	-0.008034275922797797
CXCL10	-0.7903927755416215	-0.027905607333272485
CXCL11	-1.0455801002528105	-0.043983372497234725
CXCL12	-0.3607804013572327	-0.013746094072111924
CXCL13	0.7907547716501675	0.024348920928651957
CXCL14	-0.9962853960328812	-0.04422311615910753
CXCL16	-0.7008532929476914	-0.01916273073577578
CXCL17	-0.3535105371181964	-0.00916511418532636
CXCL2	-0.6095031983654555	-0.01953579651400958
CXCL3	-0.0336528244820618	-0.0011143796298989943
CXCL5	-0.6047962437341128	-0.021648076748218833
CXCL6	-0.4130016553246864	-0.014186606860402977
CXCL8	-0.7329662954621985	-0.0341049217278561
CXCL9	-1.124048321799961	-0.03901009700806765
CXCR1	-0.7658661706862157	-0.023586380458623383
CXCR2	-0.7793999096030927	-0.033090981962018505
CXCR3	-0.295526596629371	-0.010517200520846055
CXCR4	0.2131680028722052	0.010712757984342671
CXCR5	0.2006867314145138	0.00639969917807743
CXCR6	-0.4918150592434498	-0.01474215640082241
CXXC1	0.4038002957979105	0.028830533519379215
CXXC4	2.4269711899044326	0.01471229935320067
CXXC5	-0.3565305598789407	-0.008411982029783728
CXorf38	-0.0774254292126951	-0.00011265399950447137
CXorf58	-0.0445918297275074	-2.59078530716818e-05
CXorf65	0.0525480958255068	6.452906167372234e-05
CXorf66	-0.1549692434260154	-0.00039424175527578314
CYB561	-1.214690381943868	-0.003239579248644296
CYB561A3	0.0205925539953423	4.866020509099386e-05
CYB561D1	-0.8057478787653846	-0.0023656757720551687
CYB561D2	-0.2365612727495053	-0.0003898529774911847
CYB5A	0.213761639946128	0.022508886924687336
CYB5B	-0.8441364800888671	-0.028347791274344336
CYB5D1	0.0671768436543567	0.0013173379040619347
CYB5D2	-0.0410885971537448	-0.00023383520640196166
CYB5R1	-0.8963018410271354	-0.004690347534094999
CYB5R2	0.41730531249046	0.0032107470743015995
CYB5R3	-1.3729520383903409	-0.009417078031319347
CYB5R4	-0.8893487102718562	-0.05888022071225851
CYB5RL	-0.5171345420070177	-0.027016142743530615
CYBA	-0.0300171197826192	-0.0008421302955013817
CYBB	-0.9395706949792378	-0.02455755925467234
CYBC1	-0.306417197642298	-0.007158212154121724
CYBRD1	-0.6067311283121176	-0.0007244369672046684
CYC1	0.8816222582287189	0.002761240912772347
CYCS	-0.3710387404302266	-0.07910174907232001
CYFIP1	-1.492445347616444	-0.07771013680504062
CYFIP2	-0.8824094254258656	-0.026360216765746885
CYGB	-1.0014039613873582	-0.0033146471121921557
CYLC1	-0.3592659734756482	-0.00022669682926313404
CYLC2	-0.2864551767192445	-0.00018963332698813986
CYLD	-0.3918623103190245	-0.01087848959676644
CYP11A1	-0.9101443961176898	-0.007017213294067388
CYP11B1	-0.1761544621091214	-0.00033328424231045766
CYP11B2	-0.7040493847322856	-0.0013172763988341064
CYP17A1	-0.0267813619794198	-9.729668807123212e-05
CYP19A1	-0.5985665569722347	-0.003698542755531438
CYP1A1	0.8299301639589953	0.01186136190330196
CYP1A2	-1.1196559018045182	-0.01154253269170278
CYP1B1	-1.0834762064959174	-0.008063229928742617
CYP20A1	-0.2700989917720322	-0.0006998264876813355
CYP21A2	-1.2542861992540744	-0.007368931420617687
CYP24A1	0.1925212382777412	0.0049849524227255524
CYP26A1	-0.142977271659138	-0.0012966608766767228
CYP26B1	-0.7829481442726256	-0.012343177494457944
CYP26C1	-0.1769066005055897	-0.0006347408826140559
CYP27A1	0.071309709157521	0.0022398379646377344
CYP27B1	-0.449300304754355	-0.005218173739417078
CYP27C1	-0.0874414436452936	-0.0010123095930815642
CYP2A13	-0.9720596245240316	-0.006838439458526562
CYP2A6	-1.5465963655125274	-0.01865659195717762
CYP2A7	0.9613968658399736	0.008897727993348955
CYP2B6	-0.3052087405885006	-0.001885579599355757
CYP2C18	0.7634561998841816	0.003787506207625425
CYP2C19	-0.8019459894798482	-0.006437220457554741
CYP2C8	-0.627275973178209	-0.003269362372204825
CYP2C9	-0.0520815776845529	-0.0003849349406665305
CYP2D6	0.472118762497238	0.002269474891324223
CYP2E1	-0.609373742535466	-0.0043460535317629435
CYP2F1	-0.4781941251784196	-0.0015861699132168178
CYP2J2	0.5681660758966163	0.003060142484779175
CYP2R1	-0.2763576581907638	-0.0023034410810200165
CYP2S1	-0.4768014641436703	-0.001800402328606499
CYP2U1	-0.7133680006552698	-0.0027272058665050967
CYP2W1	-0.1819411900984561	-0.0007641529984135156
CYP39A1	-0.4887629859400885	-0.0002913027396202927
CYP3A4	-0.5040832108920206	-0.0018454486350756873
CYP3A43	-1.0994635795131529	-0.004582564199410821
CYP3A5	-0.4435623677676432	-0.002136639925536737
CYP3A7	0.1039793271675616	0.0004550135356852495
CYP46A1	-0.3601479299951278	-0.0014254655069207158
CYP4A11	-1.0115409511057445	-0.0045954305408733975
CYP4A22	-0.2593961294265937	-0.0009921901950567208
CYP4B1	-0.0816328858352108	-0.0003626949117658416
CYP4F11	-0.9703938613718144	-0.003352710791039619
CYP4F12	-0.4104637871303013	-0.0014838265904760393
CYP4F2	-0.0567039625974968	-0.00024167228859053137
CYP4F22	-0.5956518465544763	-0.0023617595715884985
CYP4F3	-0.457537075558186	-0.0018113892821348583
CYP4F8	0.7535331142971242	0.002839312774671564
CYP4V2	-0.3006132029211411	-0.0011182811148666449
CYP4X1	-0.6772504214821368	-0.001852279902753644
CYP4Z1	-0.3180332398971376	-0.0008736373099974369
CYP51A1	-1.3420331992555707	-0.056325133372756304
CYP7A1	0.7159345266449351	0.011277400663711017
CYP7B1	0.5966191885283796	0.00030845212046917226
CYP8B1	-0.5969258513504325	-0.0006954186168232539
CYREN	0.4612769917128839	0.00046496720764658693
CYRIA	-0.6442617960528736	-0.032037206332321246
CYRIB	-0.4997135664983354	-0.01758641954577592
CYS1	-0.2927723868606218	-0.0010885277343477917
CYSLTR1	-0.0417393483338797	-0.0007854927962952819
CYSLTR2	0.2061270854010789	0.005475147642423458
CYSRT1	0.4098611082842551	0.0023607999837173097
CYSTM1	-0.2831346239680434	-0.0013256363094183792
CYTH1	-0.6272527185448087	-0.015697626534302383
CYTH2	-0.3059586944781648	-0.007634281344619168
CYTH3	-0.7090056722255084	-0.01164470916063175
CYTH4	0.0964414321513809	0.0016111505655209692
CYTIP	-0.028598719323569	-0.0008320225412805929
CYTL1	0.4957033702898256	0.01736548046799317
CYYR1	-0.4351584044568061	-0.0011479478709570546
CZIB	-0.8324651442454598	-0.02769861274447918
D2HGDH	-0.6426114174331277	-0.0020055902338087916
DAAM1	-0.2241831219617589	-0.014687357235324636
DAAM2	-0.3906394037093389	-0.056898191707880054
DAB2	-1.002546895866667	-0.029433774315749478
DAB2IP	0.459422668150215	0.01085707649372588
DACH1	-0.8576290393997184	-0.024619099205008314
DACH2	-0.3168495117027118	-0.009213350101291453
DACT1	-0.4445244386211347	-0.002101711545800725
DACT2	-0.6718648598954767	-0.005020846097998897
DACT3	-0.6703477042201021	-0.0029233863381038657
DAD1	-1.180809771175123	-0.05059179464599815
DAG1	-0.293342253848415	-0.010297193136840913
DAGLA	-0.4361220073208556	-0.006838829196798337
DAGLB	0.0111930259521594	0.0001369914446284789
DALRD3	-0.6526611814934227	-0.008878150051855029
DAND5	-0.8044806517946562	-0.05122852342563191
DAO	0.208428029111769	0.015338218662335082
DAOA	-0.8524916985385773	-0.0033025528401384482
DAP	-0.7360566143281047	-0.0008074541059179309
DAP3	-1.9675909707357233	-0.0027270810854397127
DAPK1	0.8138135886617228	0.05452062755880346
DAPK2	-0.433483755985235	-0.05168556867738752
DAPK3	-0.1017621354590148	-0.0032830500141787355
DAPL1	-0.3744154465383702	-0.00036992246117990976
DAPP1	-0.0988742264992647	-0.010789254469826263
DARS1	-1.355916566685131	-0.273126341777086
DARS2	-0.7311747071699153	-0.0011369766696492183
DAW1	1.257147390060393	0.005081389750624108
DAXX	-0.8805340494692404	-0.07634758529327997
DAZ1	0.0136035883756679	0.0002953339036357501
DAZ2	0.2269628224495231	0.0031897355067055976
DAZ4	-0.1140643285392996	-0.0027973135930977836
DAZAP1	-0.4149066892523148	-0.0003933315414111944
DAZAP2	-0.2821483336275353	-0.00103943446108384
DAZL	-0.8510033516727273	-0.025466275298806365
DBF4	-0.4970070778754873	-0.03269113755433806
DBF4B	-0.0394682858474029	-0.0010019813728080174
DBH	0.0045100010673153	7.270121720512263e-06
DBI	-0.3821237660722121	-0.001511681618581671
DBN1	-0.2280599707087516	-0.018203062682060428
DBNDD1	0.1380670571899115	0.0005058776975438358
DBNDD2	-0.6899089493238995	-0.0031128691793494345
DBNL	0.4502695151495146	0.03527816624244932
DBP	-0.7473592282492565	-0.021624839269392234
DBR1	-1.2132961891365115	-0.16276489706885214
DBT	0.1497805305141953	0.0030215226420628617
DBX1	-0.6208325034484384	-0.004912026767284045
DBX2	0.3938903571319344	0.004365486828093229
DCAF1	-0.7218663868489454	-0.02603411124170722
DCAF10	0.314456348159103	0.0073573351778785335
DCAF11	-2.1576532992113586	-0.06482885102810448
DCAF12	-0.2368464782379317	-0.006435355660202842
DCAF12L1	0.0827550007793035	0.0020535653443384165
DCAF12L2	0.4696811904495795	0.010661293342015005
DCAF13	-0.4284280171795838	-0.00026605379866852154
DCAF15	-0.0311446037362329	-0.002457776403844819
DCAF16	-0.4600469350524855	-0.011645168066983565
DCAF17	-1.2580783473075003	-0.043715706412241026
DCAF4	-1.187855303592423	-0.0400711108113868
DCAF4L1	-0.1712196194133907	-0.004342643207181828
DCAF4L2	-0.3975288859993429	-0.007677475375305309
DCAF5	-0.1339968711385861	-0.004676088812123239
DCAF6	-0.7045303219525343	-0.028520091962960542
DCAF7	0.4730164720859768	0.006786840341489595
DCAF8	0.057393518754782	0.0015631124832864876
DCAF8L1	-0.0809857105335093	-0.0024584022289552082
DCAKD	0.0634797717669181	0.0007833403836037694
DCANP1	-0.0875732865151294	-5.7097782807864367e-05
DCBLD1	0.2852435173352592	0.02133963801888541
DCBLD2	-0.2937233362804772	-0.007343964577020772
DCC	-0.5912346051392146	-0.016179726204239745
DCD	-1.0936319550646758	-0.008624381597640033
DCDC1	0.6423679399181667	0.00408546009787954
DCDC2	-0.1803910262965044	-0.0007590854386556905
DCHS1	-1.050352523611771	-0.02288928219454771
DCK	1.0183802662330663	0.04675383802276008
DCLK1	0.3587969441494048	0.0066980213533810885
DCLK2	-0.3088821271908497	-0.003772377419381847
DCLK3	-0.5679772382294902	-0.035166878682217115
DCLRE1A	-0.1124172926617496	-0.0029743367292445707
DCLRE1B	0.5539878936840185	0.05184107911516308
DCLRE1C	-0.1550734832329089	-0.0074818303455381555
DCN	0.2718897992004201	0.014243762800511608
DCP1A	-0.5833500504419405	-0.026347588378260685
DCP1B	-0.4006004443951454	-0.038486085293486016
DCP2	-0.1300148641024638	-0.0002519688066305748
DCPH1	0.0655604282015628	0.0005649997702410682
DCPS	0.3662865569660206	0.0015600144461182816
DCST1	-0.4878462777565912	-0.0029851313735925816
DCST2	-1.0691582745958386	-0.015074062513526729
DCSTAMP	-0.4624759746422034	-0.008877688809231737
DCT	-0.6836969810587747	-0.002217229309573606
DCTD	-0.715606551660421	-0.009738689561546669
DCTN1	-1.3644774001611042	-0.07233504041474062
DCTN2	-0.3151988813884853	-0.052169197256370974
DCTN4	-0.8328601306796133	-0.07232474088808694
DCTN5	-0.3463893932827043	-0.04472441290308965
DCTN6	0.0009212169532037	0.00012438363423851679
DCTPP1	-0.064544803551972	-0.0629526768827555
DCUN1D1	-0.7599222465903092	-0.07434167353943676
DCUN1D2	0.1384737689709985	0.006016546788020914
DCUN1D3	-0.8912465441142302	-0.030531432861721188
DCUN1D4	-0.5382871250561739	-0.016769258806874986
DCUN1D5	-0.3761974380832527	-0.03463913150639166
DCX	-0.2082945321853601	-0.00551001525989933
DCXR	-0.9634665942208952	-0.02658300680114872
DDA1	-1.1075352954216906	-0.03935183658162809
DDAH1	-0.168984273471784	-0.0004097868631690762
DDAH2	0.3336518673357862	0.004907351664774744
DDB1	-1.4647811983445571	-0.1809327031819164
DDB2	-0.1892809261925898	-0.03445045353353469
DDC	-0.7300333874417967	-0.0023112857046407283
DDHD1	0.0465944266445033	0.0005454809527272002
DDHD2	-0.416628801376243	-0.02030148823346157
DDI1	-1.2168010761506327	-0.019704876627183347
DDI2	-0.2017958828531182	-0.006456257476002664
DDIAS	-0.2617562726490031	-0.006862725956311563
DDIT3	-0.1152111216458865	-0.003614979363882981
DDIT4	-0.2649232049748667	-0.008125459619784137
DDIT4L	0.2626174354229571	0.003399320084114757
DDN	-0.3123671805819332	-0.0009186718780914656
DDO	0.0262531965112834	0.00075748347894006
DDOST	-0.6130739620197363	-0.10882369362831329
DDR1	-0.4573389823786249	-0.013001689930041927
DDR2	-0.6395138322105623	-0.04345688344020434
DDRGK1	-0.1566850870455711	-0.004870399245724532
DDT	-0.2861351425291417	-0.0009276501320794774
DDTL	0.1686247803196443	0.0002895287478088293
DDX1	0.0345968561988289	0.003329670634287691
DDX10	-1.631989075358616	-0.0013986146375823338
DDX11	0.0148265873828696	0.0003637110150891742
DDX17	-0.525647719894712	-0.013672097194461458
DDX18	-1.7751100497136538	-0.0008396270535145583
DDX19A	-0.2563735618516379	-0.03567386838453171
DDX19B	-1.432549034799345	-0.31668788492695205
DDX20	0.0496601046358519	0.001665450929172565
DDX21	-0.4581592199380334	-0.0006240128575556015
DDX23	0.4961576155407914	0.0004624188976840176
DDX24	-1.3421319034033663	-0.0006281177307927754
DDX25	-0.5965480909868996	-0.07846933934032578
DDX27	-0.6968526624936091	-0.0002766505070099628
DDX28	-0.6246575639497676	-0.00040915070438709775
DDX31	-1.5036417650093838	-0.0010375128178564748
DDX39A	-0.3240005450868846	-0.04950209928055457
DDX39B	-0.2154576520239782	-0.031103251188529468
DDX3X	-1.2231673171808632	-0.12469089948073439
DDX3Y	-0.2620546449463204	-0.02470991863592339
DDX4	0.440060091696361	0.014676444118165335
DDX41	-1.0868116438384638	-0.03503337333913288
DDX42	0.1776380231148971	0.08562206005544974
DDX43	-0.6829155671175565	-0.0015194871368365633
DDX46	-1.139699767683004	-0.0007054741561957795
DDX47	-1.111707977320709	-0.0005780881482067686
DDX49	-0.2050669599700434	-0.00012057937246238552
DDX5	-1.2242161907643163	-0.05221771740086115
DDX50	-0.157566164834676	-0.0001654444730764098
DDX51	-1.023700328151847	-0.00045759404668387565
DDX52	-0.3860152612803997	-0.00020536011900117266
DDX53	-0.521152526660444	-0.000311128058416285
DDX54	-1.639882576433354	-0.002038374042506659
DDX55	0.0241877392270748	0.003172560627980039
DDX56	-0.2339499101203256	-0.013972190482116205
DDX59	0.072930226591055	0.00011202082804386048
DDX6	-1.172025352431341	-0.0013794738398116885
DDX60	0.0030921323771753	6.076040121149465e-06
DEAF1	-1.0317402058986964	-0.010573273630049842
DECR1	-0.2817797955316395	-0.021905279524834124
DECR2	-0.5771422947428916	-0.011330457530392447
DEDD	-0.2909247090264598	-0.004889571584607709
DEDD2	-0.6160389030066018	-0.0045278859370985235
DEF6	-1.1670200925217638	-0.004754439856933666
DEF8	0.1939114935110776	0.0016212939972461199
DEFA1	-1.360657870225662	-0.00234305285252859
DEFA3	-0.7929513156880035	-0.001343259528775478
DEFA4	-0.3828064429017385	-0.002977851319332624
DEFA5	-0.2356655680749308	-0.0003153205300842574
DEFA6	-0.8541310264709852	-0.0005987458495561606
DEFB1	-0.3710187032444111	-0.0018153945149749036
DEFB103A	0.3503282075432178	0.0005177850907488759
DEFB103B	-0.2238281839976447	-0.00033081805594851885
DEFB104A	-0.4734391520976896	-0.0017597733283471122
DEFB104B	-0.5443994045349123	-0.002023532586656269
DEFB105A	-0.182913325849802	-0.00025827361609992043
DEFB105B	-0.6468315842343745	-0.0009133261969389368
DEFB106A	-0.5432354984969079	-0.003990064736459789
DEFB106B	-0.3735611440947611	-0.0027438066033760203
DEFB107A	0.2798062422728743	0.0001709616140287262
DEFB107B	0.540044249719184	0.0003299670365784214
DEFB108B	-1.273008224675843	-0.00857116437674245
DEFB110	-0.4118364750821377	-0.0029565740546146665
DEFB112	-1.0347740497424702	-0.005087984002583727
DEFB113	-0.5147257990203273	-0.0007870157467020804
DEFB114	0.3264703292859929	0.003723720575836035
DEFB115	-0.3964604673849697	-0.001453820533900684
DEFB116	-0.1745986978622453	-0.0010956068290855893
DEFB118	0.3099129643861602	0.0019660878460658
DEFB121	0.3643593945537555	0.0002889369998811281
DEFB123	0.0717100130615119	0.00047938143731620703
DEFB124	-1.5989955693741298	-0.005095998879595352
DEFB125	-0.1346188072711966	-0.0001907548499032856
DEFB126	-0.6523338090700483	-0.0005199100458288285
DEFB127	-0.3781521481399889	-0.00037058910517718906
DEFB128	0.0433298288709431	0.0003003190439045066
DEFB129	0.2644808730665413	0.0018553333245617872
DEFB130A	-0.5356643809156252	-0.0003353259024531814
DEFB131A	-1.4555263749658711	-0.0021425348239497623
DEFB132	-0.546777816176275	-0.00656570801664471
DEFB134	-0.5828833867731795	-0.00336032272474738
DEFB135	-0.5451794665367654	-0.0036537927847294016
DEFB136	-0.3694203037027246	-0.000978224964204815
DEFB4A	-0.4005196319521386	-0.0013709787001721704
DEGS1	0.0480663648296229	0.00019466877755997274
DEGS2	-0.0912475535841506	-0.0005879079877426823
DEK	0.346018876915777	0.005834570302553831
DELE1	-0.3504143663300519	-0.009133200044026473
DENND10	-0.7530727185575933	-0.008725100517208276
DENND1A	0.5129700005464599	0.011594660922351634
DENND1B	0.0844670746134989	0.0008933237811123644
DENND1C	0.2777171630007367	0.0043612703277635684
DENND2A	-0.0626953120070759	-0.000281690036847792
DENND2B	-0.6809666349380171	-0.006890701378937795
DENND2C	-0.9792673971797712	-0.004245124166774308
DENND2D	-0.1620046613363035	-0.0010321316973735896
DENND3	-0.728755300200965	-0.005654412374259288
DENND4A	-0.5607178008305013	-0.007439603781419091
DENND4C	0.2666870862514932	0.003344256061593725
DENND5A	0.5184941667289025	0.016561222179487873
DENND5B	-0.3064062265776376	-0.012772849961115402
DENND6A	-0.0448308422150266	-0.000623641846053235
DENND6B	1.0015539127768691	0.009950438123438194
DENR	-1.2023542032979968	-0.000757483148077738
DEPDC1B	-0.418593480877744	-0.001976598416704707
DEPDC4	-0.6092586255685684	-0.0007195344367964792
DEPDC5	-0.2672981753667922	-0.013636216416336902
DEPDC7	-0.4164869873064759	-0.0019449942307212423
DEPP1	-0.5414919688808048	-0.0014387441613162983
DEPTOR	-0.7752018444524151	-0.015238917858245575
DERA	-0.3180524064697312	-0.002170071569342976
DERL1	-0.4427702342539841	-0.013393356815948766
DERL2	0.5601793312684369	0.050812186601366105
DERL3	-0.500876409792108	-0.01206310745343313
DES	0.4438062482651787	0.021891630808176472
DESI1	-0.5673845858916375	-0.00259521709586835
DESI2	-1.2891463110820134	-0.0010957743644197113
DET1	-0.3017107451479428	-0.012339366055060565
DEUP1	-0.2075964876117697	-0.0023728278534025276
DFFA	-0.1358416084243898	-0.04483968484158998
DFFB	-0.7650185826275746	-0.022327067333985765
DGAT1	-0.2365667365948937	-0.005001493945089243
DGAT2	-0.15440119162886	-0.0019076267225745654
DGAT2L6	1.589092934085668	0.006947514307822541
DGCR2	-0.9326250992293736	-0.02817273899752092
DGCR6	-0.7960990499651764	-0.0033643145851528352
DGCR6L	-1.0134729598951269	-0.004410634321463592
DGCR8	0.5070022552594569	0.0072389782005945254
DGKA	-0.0199100642130924	-0.0005187567230721225
DGKB	-0.4589083805632432	-0.0196201689026009
DGKD	-1.105586922263615	-0.0772738923446931
DGKE	0.0024849986480741	4.738643922012501e-05
DGKG	-1.003770942850759	-0.007069558750497896
DGKH	-0.6181315707172448	-0.0411997054514458
DGKI	-0.6414432164341559	-0.019589034386682688
DGKK	-0.7768026941032609	-0.0018969521790001631
DGKQ	-0.3439976723377508	-0.003813902193208643
DGKZ	-0.9410573740176668	-0.03698073162677225
DGLUCY	-0.136259940342391	-6.390591202058138e-05
DGUOK	-0.9902564094601548	-0.0030489994847278166
DHCR24	-0.4325355948684125	-0.001682995999632993
DHCR7	-0.3267345708667241	-0.004764116777807704
DHDDS	-0.3648584503658553	-0.028736251550814763
DHDH	-0.0170414505086394	-7.549362575327254e-05
DHFR	-0.310968626495349	-0.06547351140271625
DHFR2	0.1122938362868755	0.01738914972436782
DHH	-0.5331151545842101	-0.014434625925522072
DHODH	-0.1709269097947595	-0.0015742368392097348
DHPS	-0.0237394039524287	-0.0017038007610697603
DHRS1	-0.5131231609501519	-0.0020576238754101087
DHRS11	0.271158815502019	0.007588379451824001
DHRS12	-0.0204080558431938	-0.00020734584736684903
DHRS13	0.3218671799353237	0.0014419649661102502
DHRS2	-0.9975313794259584	-0.01847926880386588
DHRS3	-0.3707232547287864	-0.004003069704561436
DHRS4	-0.1960561629714256	-0.00595893101735351
DHRS4L2	-0.1265705951580791	-0.0014383482433764111
DHRS7	-0.2279051069728584	-0.0012110877384537695
DHRS7B	-0.3800627768870154	-0.0025897477617081227
DHRS9	-0.631201822884089	-0.0032576326079047833
DHRSX	-0.6224364121110493	-0.010729558871970267
DHTKD1	-0.0681410011593319	-0.0033071553502670146
DHX15	-0.8768801298318409	-0.0007374561891885782
DHX16	-0.3827364767361599	-0.3185752992490635
DHX29	-0.5011378589134843	-0.00029416792318221526
DHX30	-0.5921118448473567	-0.11715821018072224
DHX32	-0.5817601362905633	-0.0011088348197698136
DHX33	-0.4511172290295021	-0.005013265766204857
DHX34	-0.8636832312395778	-0.0009275957903513067
DHX35	-0.9376188527881378	-0.0005522575042922131
DHX36	-0.5168584702391356	-0.003526525342441622
DHX37	-1.5412046952240197	-0.0007259074114505133
DHX38	0.4150303867821164	0.0002701847817951578
DHX40	-1.410316928375709	-0.0017558445758277578
DHX57	-0.5833238595499128	-0.0036971066218273473
DHX58	-0.1088740520371233	-0.010637974750495282
DHX8	-1.2620516441790826	-0.0008114992072071501
DHX9	-0.7734927705569911	-0.000614926752592808
DIABLO	-0.1576549229694055	-0.005544881295756961
DIAPH1	-0.4819629593669556	-0.05660799546652704
DIAPH2	-0.3327792766970241	-0.050060652152086736
DIAPH3	-1.024836576083732	-0.05857248483291353
DICER1	-0.2716496052543524	-0.13902211848101992
DIDO1	-1.216270068334298	-0.03567076856410829
DIMT1	-0.3540755342343626	-0.061859120283948556
DIO1	-0.0367881491759252	-7.644577398757256e-05
DIO2	-0.90970479584194	-0.0025417151995823805
DIO3	-0.5839588776324471	-0.004525097342773832
DIP2A	-0.6816586900943281	-0.02408027488627224
DIP2B	-0.3738257094715878	-0.012724279498993905
DIP2C	-1.2244650674506126	-0.05930329214676807
DIPK1A	0.1451478569151921	0.0009200922649854028
DIPK1B	-0.6572837820716374	-0.003076088100095263
DIPK1C	0.1041512500726543	0.0004051483627826252
DIPK2A	-0.7908960766050431	-0.004106332429733383
DIPK2B	0.5559958901600286	0.003342091295751932
DIRAS1	-1.3511605187885831	-0.017052996907630708
DIRAS2	-0.7564431654899696	-0.011790679620492156
DIRAS3	-0.4213966572073553	-0.0024542141315756372
DIS3	-0.3375033893068827	-0.00015322653874532473
DIS3L	-0.4897097595884123	-0.0004990142450205921
DIS3L2	-0.1907900063831706	-0.00018907289632572204
DISC1	-0.3842539651002679	-0.03215360329166022
DISP1	-0.0887407455291988	-0.00047644906274626835
DISP2	-1.3706800825548195	-0.02901181462735531
DIXDC1	0.1320667538985711	0.0009088834003299662
DKC1	-1.0001078673295796	-0.0013951504749247635
DKK1	-0.2293802152817939	-0.005804695727921076
DKK2	-0.3602742982497254	-0.007030032381746891
DKK3	-0.3308900510958513	-0.0038700900376170766
DKK4	-0.7150402262224502	-0.007991289568262104
DKKL1	-0.7557773358910025	-0.0036609854150560163
DLAT	0.0917762301623143	0.004178938864210819
DLD	-0.6740577036681084	-0.06262872342091495
DLEC1	-0.5789786234798099	-0.0062714964495333
DLEU7	-0.949573236293459	-0.005048880897372321
DLG1	0.1056225135084425	0.007169656216953076
DLG2	-0.7424495973860521	-0.037674862369757825
DLG3	-1.0774953761238333	-0.04816943078961597
DLG4	-0.1678481177727605	-0.008673047941554081
DLG5	-0.4396506402092548	-0.012643912761777959
DLGAP1	-0.5925531359876649	-0.010124955434621231
DLGAP2	-0.612936599620561	-0.008285676953670744
DLGAP3	-0.5988400667135397	-0.01406375896676748
DLGAP4	-0.9610312524292168	-0.04105909922878586
DLGAP5	-0.9844402025291322	-0.03508938657894839
DLK1	0.3314748178925404	0.004768928205019979
DLK2	-0.6072648195135177	-0.006086615285983988
DLL1	-0.893165872715595	-0.016427999896857937
DLL3	-0.012315881214346	-0.0009144664960464049
DLL4	-0.5561116232511876	-0.014229228104128135
DLST	-0.551302664327269	-0.0453066042570793
DLX1	0.8558680325423591	0.013243701935560464
DLX2	-0.1597163225567281	-0.004865917483013279
DLX3	-0.410832013529977	-0.006503470774179536
DLX4	0.1301366491840657	0.002491336011979754
DLX5	-0.4498520683738344	-0.01283113054622688
DMAC1	-1.141265605003648	-0.019053429275535907
DMAC2	2.9113226203188516	0.0635192369301167
DMAC2L	-0.1083947132302796	-0.003176940650066265
DMAP1	-0.0928389740450333	-0.007759388611709838
DMBT1	-0.1614595542026206	-0.0029434076731137734
DMBX1	-0.9755563640148366	-0.011135000338865345
DMC1	-0.7416632366511682	-0.21535601236316304
DMD	-0.5890951869670539	-0.0508630675379224
DMGDH	-1.1072080191261502	-0.018860181397794842
DMKN	-0.5554561440499359	-0.006012257303196507
DMP1	-0.2087284059622153	-0.005242840100958925
DMPK	-0.9221084477074704	-0.022441353291856706
DMRT1	0.3421494968598735	0.008347079125393474
DMRT2	0.2482783483517261	0.0009921202800134976
DMRT3	-1.0819892482596791	-0.014279012109282986
DMRTA1	0.6377454791021492	0.006656787310868233
DMRTC1	0.6678477691895601	0.000432765354434835
DMRTC1B	-0.6093535478687809	-0.00039486109901897004
DMRTC2	0.3937408066507433	0.006164012328117386
DMTF1	-0.5033589652195025	-0.021738060271969437
DMTN	-0.8907343388139719	-0.006091732143148753
DMWD	-0.0564165866489024	-0.0014506961090898765
DMXL1	-0.8188982703508128	-0.02562332687927693
DMXL2	0.6984554056211456	0.08239329192409844
DNA2	-1.2948106904518273	-0.00553402089099111
DNAAF1	-0.3820597198235473	-0.01134984809679812
DNAAF10	-0.2964719447892437	-0.007660242109464479
DNAAF11	-0.9052083929958306	-0.20235299979546695
DNAAF19	-0.5813566188010191	-0.007096038889085238
DNAAF2	-0.5833231188449393	-0.04197068172401223
DNAAF3	-0.6334367517118149	-0.004298501797116376
DNAAF4	0.019189306783469	0.0015253963748315176
DNAAF5	-1.2984888607244884	-0.15056108188986517
DNAAF6	1.4859386443046496	0.10213153490034718
DNAAF8	-0.2180542844748146	-0.0006805474218458963
DNAH1	-0.9023270272545608	-0.07137677483691753
DNAH10	-0.0527660889689712	-0.0017312026129829758
DNAH11	-0.0511501411777565	-0.0014871392046020924
DNAH12	0.1729815097680002	0.008663432953710755
DNAH2	0.3488199586419277	0.009809514876928292
DNAH3	-0.7613849277651226	-0.05115516914175529
DNAH5	-0.7842940249362667	-0.04877524541078643
DNAH6	-0.3456051649622015	-0.04165268008640949
DNAH7	-0.2524303233539935	-0.007746834193410707
DNAH8	-0.8525093071448091	-0.02315500529136016
DNAH9	-0.1683834045955319	-0.018115528583410298
DNAI1	-0.6061078843351224	-0.02931501393375253
DNAI2	-0.4042097294727713	-0.03640151139739989
DNAI3	-0.2120850774888689	-0.02145749562985882
DNAI4	-0.4410450789415949	-0.018019337745237802
DNAI7	1.4645338892569684	0.00908157464728246
DNAJA1	-0.260251200640973	-0.007002579055646661
DNAJA2	-0.322849181165835	-0.03073007646008884
DNAJA3	0.1702137758233345	0.003935853138362964
DNAJA4	-0.1200050542473388	-0.0008258747833301856
DNAJB1	-0.6583273129132083	-0.14285110195634998
DNAJB11	-0.9274327466798584	-0.026764781636434032
DNAJB12	-0.4470345019477837	-0.013024350214248678
DNAJB13	-0.9938356715717362	-0.08996101115500199
DNAJB14	-0.114589543887725	-0.002479373961098706
DNAJB2	-0.4331651474348356	-0.030900702122558864
DNAJB4	-1.134127548171879	-0.11569008293391704
DNAJB5	-0.6099704669815732	-0.023674783734955802
DNAJB6	-0.0923222426164674	-0.006136013211018272
DNAJB7	-0.7571263080153957	-0.004757024593260732
DNAJB8	-0.571415688703219	-0.01747960591743147
DNAJB9	-0.190732672634147	-0.01268295979948024
DNAJC1	-0.6837892874940849	-0.04825022349344511
DNAJC10	-0.5458842178408153	-0.03089431730870094
DNAJC11	-0.4904534409060045	-0.012226513828345786
DNAJC12	-0.5007438268700661	-0.02785037016285934
DNAJC13	-0.6837050337743737	-0.05641113492665603
DNAJC14	-0.5304110586669353	-0.0024123094948172216
DNAJC15	-1.0505996263631394	-0.04691347571561963
DNAJC16	0.0469982168369599	0.0010767761459515883
DNAJC17	1.5311303665424127	0.09190916251244141
DNAJC18	-1.0727987732508235	-0.04399762328856277
DNAJC19	-1.4497223939397277	-0.05941397287083186
DNAJC2	-0.6366064452753936	-0.059106998624484465
DNAJC21	-0.8102271410333499	-0.7841629441334481
DNAJC22	-0.4907977726181878	-0.012203686616151241
DNAJC24	-0.4288367412460887	-0.020071274837281935
DNAJC25	-1.243967195207787	-0.03745336431331605
DNAJC25-GNG10	-0.0633864344433465	-0.0005299105919463768
DNAJC27	-0.3008253582846348	-0.003493484885759464
DNAJC28	-0.4311838341421488	-0.010467418757634803
DNAJC3	-0.3499426521411041	-0.008203705594143903
DNAJC30	-0.2069171522913314	-0.000177327999513671
DNAJC4	-0.7278447426659248	-0.01972823174995989
DNAJC5	-0.1693464116122555	-0.0038377283799569343
DNAJC5B	0.2250779663420461	0.0011884116622860035
DNAJC6	-0.1627351095137012	-0.0048306289908047065
DNAJC7	0.6127498440303505	0.051320863186762
DNAJC8	-0.9912616940830596	-0.003673615838271819
DNAJC9	0.2248109441165853	0.010113345132028707
DNAL1	-0.0178543606780512	-0.0005278106103645497
DNAL4	0.2861511856786048	0.027859965588854643
DNALI1	0.5351546745800171	0.03609243671770009
DNASE1	-1.2325829752048407	-0.0011278134223124292
DNASE1L1	-0.629641682959485	-0.0029763162353494857
DNASE1L2	-0.3136088881700302	-0.0018537421379730484
DNASE1L3	-0.0293374995959645	-6.152073665273756e-05
DNASE2	-0.2079946140982188	-0.0002577053268676931
DNASE2B	-0.3740986972549801	-0.0005308460514048167
DND1	-0.5707405853589617	-0.0027795066506981435
DNER	-1.1914454466388005	-0.03828948231863113
DNHD1	-0.9822260163593908	-0.04195480206277502
DNLZ	-1.1122403563825638	-0.025394671816926697
DNM1	-1.0238179770129594	-0.032381314976965885
DNM1L	-0.2398303509037249	-0.02583860251531461
DNM2	1.266928012669282	0.07196277804762788
DNM3	-0.1844606027569708	-0.01466517130098745
DNMBP	-0.6609603264474446	-0.02446081976116703
DNMT1	-0.1356997551909301	-0.0035484128984876314
DNMT3B	-1.5226313154636515	-0.026332385969628388
DNMT3L	-0.8814830542808808	-0.02410768005152781
DNPEP	0.3871979623632363	0.02290043628601125
DNPH1	-0.9415952510792944	-0.01023702356973409
DNTT	0.0022436498734526	1.0477844909023643e-06
DNTTIP1	-0.8808546528439436	-0.02605303806716532
DNTTIP2	-1.0738348558872872	-0.018954259041266505
DOC2A	-0.574651576685033	-0.01951057033161024
DOC2B	-0.1860162977631303	-0.00568633220632113
DOCK1	-0.3215805826310074	-0.014091982711473376
DOCK10	-0.3971138580118655	-0.009576003572098125
DOCK11	-0.6925729051831397	-0.02058742217947401
DOCK2	-0.464247114417081	-0.03689232544138217
DOCK3	0.2950215198154085	0.011625618009845986
DOCK4	-0.9515449373218492	-0.03722348640309342
DOCK5	-0.6896136787100169	-0.01957606349754125
DOCK6	-0.8094644478666492	-0.013481630379219041
DOCK7	-0.3676901224863512	-0.02226400460667105
DOCK8	-1.6179619671655636	-0.04935592980838552
DOCK9	-0.4181730235475563	-0.017475450654052378
DOHH	-0.8227317410963335	-0.0008720956455621135
DOK1	-0.8422645794459852	-0.046861916671215725
DOK2	-1.180849091702108	-0.06079247293900792
DOK3	-0.4069055796595236	-0.005755679424283962
DOK4	-0.3749997331721499	-0.00415649704248011
DOK5	-0.5240970026525377	-0.0024726896585146726
DOK6	-0.7096534731712829	-0.0030664126575731137
DOK7	0.3226567528419707	0.00859880246323852
DOLK	-0.6186243127801112	-0.002746691948743694
DOLPP1	-1.945948695303241	-0.011889746528302802
DONSON	-1.1586546099336623	-0.3396491710105637
DOP1A	0.2184898046910563	0.024306772282075322
DOP1B	-0.2874252655173592	-0.025321303616282792
DORIP1	-0.3611006977114888	-0.00025638149537515704
DOT1L	-0.6038569664211133	-0.018909780903477166
DPAGT1	-0.5587032612117108	-0.0038315869653899126
DPCD	-0.4038906479476658	-0.0028817597731065955
DPEP1	-1.2007816606416353	-0.006813235142480639
DPEP2	-0.7635814737600601	-0.004182899313257609
DPEP3	-0.6454371248052275	-0.004101107491012416
DPF1	-0.2551706845963185	-0.005719906065911075
DPF2	-0.8274800772271345	-0.018745733669503505
DPF3	-0.4605958371815472	-0.008374092915797708
DPH1	-0.4199632333370098	-0.0024958414957218494
DPH2	-1.0497975627890614	-0.07852800708931015
DPH3	-0.9016450365706934	-0.03578809479156396
DPH5	-1.067871316007258	-0.025047989588266244
DPH6	-0.3595421806037043	-0.008032891399047962
DPH7	-0.1379896426321403	-0.006674145045188731
DPM1	-0.0516241767899784	-0.0007801961838269436
DPM2	-0.6100711371326788	-0.006986534662443438
DPM3	-0.5100320554682501	-0.008748579847446895
DPP10	0.025811153791423	0.00014851737891584792
DPP3	-0.731864106465034	-0.07759003697510351
DPP4	-1.1866589935737597	-0.00927611335276608
DPP6	-0.4002297865214937	-0.005580003683682665
DPP7	-0.1712347379495828	-0.001175868945499785
DPP8	-0.5707036884044144	-0.013096508241504502
DPP9	-0.8093782594260095	-0.010305003999011953
DPPA2	-1.0701576555643144	-0.0050061975127298625
DPPA3	-0.0732954656166965	-0.000298019363197488
DPPA4	-0.2281031025258446	-0.0022639232925690074
DPPA5	-0.3130725933071317	-0.0004132558231654139
DPRX	-0.7791435238196831	-0.0004612529661012524
DPT	-1.521358636424718	-0.012015690510482424
DPY19L2	0.0039848113092506	2.4610194645931707e-05
DPY19L3	0.1015325573222133	0.0031828426069367426
DPY19L4	-0.0922166050778612	-0.0006669104879230922
DPY30	0.679116939709784	0.018758568108663654
DPYD	-0.4299111227032949	-0.0019294411186923874
DPYS	0.3864032872316225	0.009565026972131584
DPYSL2	-0.8869926145186402	-0.0131381346062501
DPYSL3	-0.7758493213400532	-0.02488847037926757
DPYSL4	-0.0156988071913183	-0.00011507225671236313
DPYSL5	0.2063549446210462	0.003825407963384954
DQX1	-1.1992785708195193	-0.23791887927203034
DR1	-0.5250871325565086	-0.01677390844951767
DRAM1	-0.0536212581503297	-0.0002591515406405434
DRAM2	-0.4888174708962792	-0.0029162850313672016
DRAP1	-0.5219479340777555	-0.011935905356490114
DRAXIN	0.0660099550100645	0.0017833909545069125
DRC1	-0.4946059996878942	-0.0035878719217359847
DRC10	-1.419321540651325	-0.008328578800541976
DRC11	-0.2817879371510947	-0.00022683928940663123
DRC12	-0.8995699169500531	-0.011671919672426938
DRC2	-0.1314098958973156	-0.0012937304251090722
DRC3	-0.1344376008849333	-0.014624659974666587
DRC4	-0.3414639243985829	-0.01598802386819045
DRC5	-0.5390014269689198	-0.01115193952398695
DRC7	-0.761203604859315	-0.021467464064242405
DRC8	-0.2577964410142042	-0.002109806073260247
DRC9	-0.0146116325238082	-0.00012045829852627479
DRD1	0.1590273185647243	0.0034017533714180174
DRD2	-0.3310642484182092	-0.02265903035448749
DRD3	-0.5137813717892346	-0.014098674623268385
DRD4	-0.3073396506152741	-0.010470139877510541
DRD5	-0.4700444070048339	-0.011314438921013357
DRG1	-0.098925723421312	-0.0005023448235334224
DRG2	-0.3863148694311419	-0.0002673298896463502
DRGX	-0.9397671767163348	-0.0038709010008945834
DRICH1	0.8639276411643282	0.00044924237340545064
DROSHA	0.2521842329733771	0.00019544278055436725
DRP2	-0.934743393162117	-0.0656068345358695
DSC1	0.1341866527214631	0.007229708475326989
DSC2	-0.7252244082903089	-0.04125439046559422
DSC3	-0.2557358395828152	-0.017740906663539058
DSCAM	-0.6161129709192366	-0.016704670980533264
DSCAML1	0.6846039890862302	0.021519157188947476
DSCC1	-0.2743725868014915	-0.26933153926418774
DSE	-0.5819648325477691	-0.0023435723806698662
DSEL	-0.251685595686173	-0.001911552099236484
DSG1	-0.3487231583934552	-0.018523476727543554
DSG2	-0.7972673701168189	-0.036415984397455824
DSG3	-0.1957656517029334	-0.013519771672256282
DSG4	0.0161494647377855	0.0005726115712076606
DSN1	0.7918462570744259	0.02473331783971969
DSP	-0.0984700120403988	-0.004206146564305635
DSPP	-0.8540260384104995	-0.0023938349856646303
DST	0.0425926667395539	0.004594726517196116
DSTN	0.0871618203514783	0.0034090731175870194
DSTYK	-0.3674702797087312	-0.010968620379025918
DTD1	-0.1723608276288556	-0.000938159984783861
DTD2	-0.7911843806498562	-0.0006978246237331732
DTL	-1.333614059380605	-0.03678907744207337
DTNB	-0.4213509020537926	-0.015205290002415214
DTNBP1	-0.7936301650068117	-0.06195553246142176
DTWD1	-0.8397488789696804	-0.001873479748981357
DTWD2	-0.5397891012901735	-0.0003044410531276579
DTX1	-1.1908299159054907	-0.03535335854340221
DTX2	-0.8140188479551848	-0.023728649417893634
DTX3	-0.796980534766589	-0.01770811050197884
DTX3L	0.1267688809828858	0.0038560558217374205
DTX4	-0.4714115908061917	-0.009003489972807456
DTYMK	-1.0309514345071649	-0.10443847316987932
DUOX1	0.4676432886998031	0.008856696244685571
DUOX2	-0.2153294588434476	-0.003505994248889014
DUOXA1	-0.9739007005763314	-0.007542860925963687
DUOXA2	-0.3449583928342884	-0.0021480559121791138
DUS1L	-0.1534948294376142	-0.0036421253128957093
DUS2	0.0288071021033724	0.0001073928766413723
DUS3L	-0.1221439866643386	-0.0003145207656606719
DUS4L	-0.799814473513095	-0.0018491710627622756
DUSP1	-0.2893204495459099	-0.006057791572592261
DUSP10	-0.7584459760031249	-0.02170520694125743
DUSP11	-0.212009168302054	-0.0030028978598302925
DUSP12	-0.9877278714223372	-0.47859563827472207
DUSP13B	-0.7367437214349137	-0.004422672559773787
DUSP14	-0.9071995917858422	-0.005288066420519674
DUSP15	-0.833501212894024	-0.004774294947456969
DUSP16	-0.3129570224868309	-0.003291681962516487
DUSP18	-0.6361400554233131	-0.0006704916184161721
DUSP19	0.1884011467296623	0.004179679440197558
DUSP2	-0.8345444402876951	-0.004064231424201076
DUSP21	-0.4031203105022966	-0.0015895033843105555
DUSP22	0.0852161602127511	0.0014005275930965644
DUSP23	-0.4981870943073736	-0.0022089615761588946
DUSP26	-0.2063800659443179	-0.0020359393505406964
DUSP28	-0.1799152256855846	-0.004158200696045232
DUSP29	-0.371826385623522	-0.0035394153647503057
DUSP3	-0.9031215787008304	-0.02296638174636212
DUSP4	0.0178614648837321	0.00030435936161879494
DUSP5	-0.704822095068204	-0.0009677207365286442
DUSP6	-0.9530250467312052	-0.07649169630074
DUSP7	-1.123481902245923	-0.03322473029511868
DUSP8	-0.3186375601115945	-0.0012458728600363345
DUSP9	-0.2053610470750399	-0.0004156507592798808
DUT	-0.1388352420662089	-0.004548103694846937
DUX1	-0.5613486170947193	-0.0010508446112013144
DUX5	0.9567068007896966	0.001737379550234089
DVL1	-0.7737061639668223	-0.034397428637636986
DVL2	-0.9861588248099874	-0.0303233977040823
DVL3	0.2348881817587634	0.007079294910027369
DXO	0.121087849242236	0.00045056788703036016
DYDC1	-0.0526006461721824	-0.0015399891179829841
DYDC2	-0.4116643894733766	-0.008717405111488222
DYM	-1.256644310661125	-0.020255849643546674
DYNAP	0.074828454782469	0.0017643801353158363
DYNC1H1	0.7661310146013178	0.11132649773171749
DYNC1I1	-0.6035631811868801	-0.07672736584520094
DYNC1I2	-0.1668163592672888	-0.017262156856979044
DYNC1LI1	0.2266473824012261	0.02839211759340159
DYNC1LI2	-0.9882921817336374	-0.2073397465589902
DYNC2H1	-0.0370440998298816	-0.0011388467610700499
DYNC2I1	-0.1980605136349429	-0.009523937858649863
DYNC2I2	0.2516785420915932	0.017504242602470306
DYNC2LI1	-0.7267660326613906	-0.176408645873932
DYNLL1	-1.2949284437047313	-0.3643488364914254
DYNLL2	-0.6639531142013468	-0.14099243565999858
DYNLRB1	-0.9492629433545908	-0.11070114592812567
DYNLRB2	-0.7967772832781023	-0.022900175898695935
DYNLT1	-0.8742525189107027	-0.07453264999469413
DYNLT2	0.0032713048130759	0.00024300560673453018
DYNLT2B	-0.1436650897376912	-0.011893458119024505
DYNLT3	-1.0394893878857072	-0.07573615731196473
DYNLT4	-0.7330849326830748	-0.017479677134895236
DYNLT5	0.4888051883949844	0.016190694255207066
DYRK1A	-0.4277962540090508	-0.02115067459446148
DYRK1B	-0.5914453597074708	-0.020318513887390453
DYRK2	-0.1946777353792551	-0.006459796615354443
DYRK3	0.2381172858845324	0.0005998174431431371
DYRK4	-0.4456984747246252	-0.0036636414622364193
DYSF	0.3430720127139356	0.013302960364995566
DZANK1	-0.9946563586453698	-0.017803354163393476
DZIP1	-0.6508418054033172	-0.01912563729358188
DZIP1L	-0.7332125610395476	-0.021501458352484733
DZIP3	0.3154464074278063	0.005613999712992668
E2F1	-1.0254615541366416	-0.03336544258694391
E2F2	-0.5506542300714554	-0.015036715060561234
E2F3	-0.8153159036602042	-0.02669751926535339
E2F4	-1.0738891805166582	-0.027980182598361526
E2F5	-0.427733246365637	-0.09969349866342447
E2F6	-1.5802707287800557	-0.0654232081714943
E2F7	-0.2091739955947371	-0.006517443354740819
E2F8	-0.4492522244538999	-0.015685641416807915
E4F1	0.1266751032549426	0.004918540909182912
EAF1	-0.7197850708010647	-0.0003735684517457526
EAF2	0.2939024717316957	0.0002248353908747472
EAPP	-0.0340822381754822	-0.00777950943922104
EARS2	0.2182021719238735	0.00154574418590872
EBAG9	0.0361029290723128	0.0012009639355904855
EBF1	-0.4574528913734018	-0.003268500908862956
EBF2	-0.7992904557968112	-0.009366884851482831
EBF3	-0.6672440212104502	-0.008532049299218027
EBI3	-0.7427139757772887	-0.04466459036131881
EBLN2	-1.2171453431685613	-0.0012804369010133265
EBNA1BP2	-1.4259606626253658	-0.040753955737832956
EBP	-0.8928923440344406	-0.005856480884521896
EBPL	-1.1700098856498649	-0.006892528236363354
ECD	-0.426754784917946	-0.004280777247511916
ECE1	-0.2904540260181002	-0.002327989018535073
ECE2	0.4422845864937306	0.010736900621721803
ECEL1	-0.4861208482598501	-0.00522142403115905
ECH1	-0.373905364456114	-0.00644575457785895
ECHDC1	-0.3360926829480675	-0.0027489020538322443
ECHDC2	0.5102039341173756	0.004867855735413881
ECHDC3	0.6420184202834895	0.01938959831098167
ECHS1	-0.8905431412386571	-0.014399192050687846
ECI1	-0.4034849679604849	-0.00705533814975704
ECI2	-0.2130333721012921	-0.00316226737547158
ECM1	-0.3452659432228664	-0.0027569485566345886
ECM2	-0.3907276044151555	-0.00734685114581817
ECPAS	-0.4770310261766449	-0.059522023322217045
ECRG4	-1.2589334724783436	-0.012246904820269328
ECSCR	-0.265923770063726	-0.007335773120977944
ECSIT	-0.4428686196456749	-0.0018928204803656146
ECT2	0.5973117777754455	0.01406430311950064
EDA	-1.229614443682743	-0.12678308605924027
EDA2R	-0.0067358520983693	-2.6343917556722335e-05
EDAR	-1.5472058163222946	-0.08128400476630807
EDARADD	0.2700465091862548	0.004168437915799029
EDC3	-0.3946025150013043	-0.03683575017285675
EDC4	-0.4923769124709378	-0.012673781727001938
EDDM3A	0.2441105580324893	0.00014451345035523366
EDDM3B	-1.2681266557009665	-0.0008128691863043194
EDEM1	-0.3124619189358516	-0.007513459302731488
EDEM2	-0.2995271447422198	-0.002015817684115139
EDEM3	-0.2537415964985788	-0.003707164724844236
EDF1	0.2980513717590664	0.006630152764780432
EDIL3	-0.7339658611451716	-0.018104001931006804
EDN1	-0.2467068977039335	-0.007572914931919943
EDN2	-0.7678244042422122	-0.025933269253280718
EDN3	-0.6247918472562016	-0.017598511961665432
EDNRA	0.0187704564187668	0.00063121290845029
EDNRB	-0.5311821084527815	-0.015049451496684204
EDRF1	-0.2855310970739341	-0.009421955141245678
EEA1	1.2474877119300258	0.06390255804361557
EED	-1.286638199958	-0.08578145542939981
EEF1A1	-0.902255341393416	-0.07540959917832031
EEF1A2	-0.7110921186482659	-0.01202314554210488
EEF1AKMT1	-0.4553111474612331	-0.002433638083180291
EEF1AKMT2	-0.2256422256602417	-0.0004903205563597052
EEF1AKMT3	-1.664352415025041	-0.010247417819309178
EEF1B2	-0.879650017919163	-0.23727943478356878
EEF1D	-0.4618798728072759	-0.05295083237837172
EEF1E1	-1.0831108987465097	-0.1629713644907923
EEF1G	-0.9627960411105592	-0.001502924620173583
EEF2	-1.9363282854043031	-0.004811775789229693
EEF2K	-0.7009115883949397	-0.02256094220725632
EEFSEC	-0.6205160768879145	-0.0008376967037986847
EEIG1	-1.0851491708895236	-0.026066368233937248
EEIG2	-0.3008173391817236	-0.0018319775956166966
EEPD1	0.4115216582428684	0.0004320977411550118
EFCAB11	-0.7759780406029968	-0.004986434888914858
EFCAB12	-0.0437898021014472	-9.449839293492307e-05
EFCAB13	-0.3750746268848512	-0.0024443613434085754
EFCAB14	-1.327893523904168	-0.014690486054951811
EFCAB3	-0.4196000835800033	-0.0018819063748563149
EFCAB5	-0.1529718754196986	-0.0009493434588546494
EFCAB6	-1.01301213811178	-0.005933212092920696
EFCAB7	-0.709485823739473	-0.0030607218436120866
EFCC1	-0.4796297372065108	-0.00451427508658768
EFEMP1	0.0299513442925812	0.0013337932640372261
EFEMP2	-0.511439223149658	-0.016439702388922603
EFHB	-1.2062843682829127	-0.0011266695999762406
EFHC1	-0.0589143658595732	-0.007685320112015465
EFHC2	-0.3621871436403678	-0.00949183847338312
EFHD1	-0.3793375354837475	-0.002405379312502443
EFHD2	-0.5551797274967337	-0.0037496838795129392
EFL1	-0.9911938829761394	-0.0006095842380303257
EFNA1	-0.3628636891636257	-0.011474112715043009
EFNA2	-0.2990861533217208	-0.007450834251550708
EFNA3	-0.7178818722034641	-0.018405055439552415
EFNA4	-1.1474365809305334	-0.034537841086009054
EFNA5	-0.8505517751466661	-0.023729543974816837
EFNB1	-1.4445929593778868	-0.04898614725250414
EFNB2	0.615784075037572	0.01617048981048664
EFNB3	-0.4369307569072249	-0.012649582343221067
EFR3A	-0.413716416170318	-0.010969277058339812
EFS	-0.1724054157105699	-0.0017318124008126746
EFTUD2	-0.4782603042325678	-0.0003682604342590772
EGF	-0.6517907486933806	-0.014337441099008292
EGFL6	0.528651915953227	0.0047446509456802125
EGFL7	-0.5378372348672869	-0.003662133732211356
EGFL8	0.9929121532073872	0.0078062753485164775
EGFLAM	-0.0420302940055121	-0.001090181765914973
EGFR	1.1574221157076254	0.11456974296755072
EGLN1	-0.4672518797597098	-0.016251954881802224
EGLN2	-0.5699104023360926	-0.013121047192983858
EGLN3	-0.3038669457542385	-0.025231287973757437
EGR1	0.0620439957101244	0.001783020348717555
EGR2	-0.2128140141065461	-0.004844923845149629
EGR3	0.2963732055774641	0.008679585698541614
EGR4	-1.1896678728654175	-0.019549812154797407
EHBP1	-0.3513572812400012	-0.010823912405879477
EHD1	-0.4458117859647842	-0.004235657778451415
EHD2	-0.2842741588121101	-0.005186582027526949
EHD3	-0.6050318430102335	-0.006401236899048271
EHD4	-1.2502448847288157	-0.01684704982172079
EHF	-0.0459364553391253	-0.0007818384698719126
EHHADH	0.3682968577973098	0.008662342095392727
EHMT1	-0.4845397662787841	-0.012970160463750493
EHMT2	-0.419970517853123	-0.01016916611929552
EI24	-0.016246632544809	-5.579093615887411e-05
EID1	-0.6987905988723551	-0.0104622928463169
EID2	-0.3573131268840353	-0.0002669129057823744
EID2B	0.212460803397153	0.0003960269375322932
EID3	-0.027620914835295	-0.0008349526345561325
EIF1	-1.055019862683028	-0.0005422802094190765
EIF1AD	-0.0487031251778666	-2.250084383217437e-05
EIF1AX	-0.6152270218485958	-0.0003045373758150549
EIF1AY	-0.5049009478589623	-0.0002610337900430835
EIF1B	-0.0037073586774876	-2.1910489783951716e-06
EIF2A	-0.3033435011079587	-0.00040587360448244875
EIF2AK1	-0.2721228856875617	-0.018161753513673554
EIF2AK2	-0.5407899721116766	-0.019103405764844976
EIF2AK3	0.1048575190528963	0.0032170286845428584
EIF2AK4	-0.5581030797866793	-0.019771917807602686
EIF2B1	-0.2963827576439685	-0.045464225874311835
EIF2B2	-0.7302009084988832	-0.07516469091814953
EIF2B3	-0.4605519770263081	-0.21515514600342633
EIF2B4	-0.1443753472072041	-0.01576463291224903
EIF2B5	-0.6337164873007564	-0.0615852019523748
EIF2D	-0.3210086931836147	-0.0002247060852285303
EIF2S1	-0.4031659416394346	-0.00032495174896138426
EIF2S2	-1.9034314384472668	-0.002702872642595119
EIF2S3	0.1052007745332999	0.020675844624451163
EIF3A	-0.8138502074759091	-0.10437954450961524
EIF3B	-0.1381293956454664	-0.0001500085236709765
EIF3C	-1.4804682409449748	-0.00349686598511203
EIF3D	0.4473401768595105	0.00043615667243802273
EIF3E	-0.636087581306968	-0.12381826422688916
EIF3F	-0.1900332555087079	-0.017497882100730805
EIF3G	-1.8230488033425696	-0.3499761479240831
EIF3H	-0.3890158726169661	-0.0015988552364557306
EIF3I	-0.6254823401104044	-0.017657366461316718
EIF3J	-1.1698345053219918	-0.001470481973189744
EIF3K	-0.2429332138785053	-0.03584916850562327
EIF3L	-0.3987618532091508	-0.04428808646482112
EIF3M	-0.5664725532349185	-0.005151501399118349
EIF4A1	0.2155385222825364	0.06951957943848701
EIF4A2	0.451165912774436	0.07145204793791299
EIF4A3	-1.5110433555580214	-0.17429885106361775
EIF4B	-0.531027313917902	-0.104778592391083
EIF4E	-0.6711398550441752	-0.07287505002011671
EIF4E2	0.4846201630185059	0.005282844397064733
EIF4E3	-1.267101739199147	-0.13734242461353474
EIF4EBP1	-0.3279257720793066	-0.0012795663626534546
EIF4EBP2	-1.3359216531237483	-0.018442398421373345
EIF4EBP3	0.2509520221012489	0.0004441850791192106
EIF4ENIF1	-0.6315326707277966	-0.014696396780506556
EIF4G1	-1.330099266897943	-0.21127030735553548
EIF4G2	-0.1546901378268307	-0.0005455921161152319
EIF4G3	-0.7400743047092626	-0.024636333529466644
EIF4H	-0.5171753236331043	-0.0004013280511392889
EIF5	-0.5204915011910909	-0.09343238839581035
EIF5A	-0.7019886257931774	-0.017361582693116866
EIF5A2	-1.2242004550396262	-0.012652111702834538
EIF5B	-1.925488183540543	-0.000935787257200704
EIF6	-0.8473577889304189	-0.0004135106009980444
EIPR1	-0.7696370787267681	-0.7240360818122071
ELAC1	-0.2223760033015868	-0.01091421424204188
ELAC2	-0.2688228899178181	-0.008238346284421454
ELANE	-0.1125315089049186	-0.0037218671255212776
ELAPOR1	3.076774127565406	0.13829792025993745
ELAPOR2	-0.7320146632834207	-0.050219865974559075
ELAVL1	-0.5664479131479065	-0.0022403014964999706
ELAVL2	-0.4529566577374064	-0.004164936467895452
ELAVL3	-1.5359129370791609	-0.0015420565888274774
ELAVL4	-0.6316761034077631	-0.0012481919803337398
ELF1	-0.2274346678437509	-0.005814139848757649
ELF2	-1.142054655158662	-0.03377398231700711
ELF3	-0.7779505143442693	-0.02270915346422357
ELF4	0.1992293099359373	0.006214759094141628
ELF5	-0.0151405531988051	-0.00020070317320336042
ELFN2	0.7989978017677326	0.050348846478393675
ELK1	-0.7929050047865547	-0.016451193039311435
ELK3	-0.3064077791421569	-0.0056357582817616915
ELK4	0.2264048349886521	0.006668075200085781
ELL	0.8652301602583421	0.05025083724748399
ELL2	-0.246005276822993	-0.007743262093280527
ELL3	-0.5708036410094977	-0.04030216187711659
ELMO1	-1.198607363175609	-0.05972900212176695
ELMO2	-0.2702517147960606	-0.013344489173199879
ELMO3	-1.244127133387805	-0.03487537180312695
ELMOD1	-0.2116614073181021	-0.0014100882955531962
ELMOD2	0.2088333578693222	0.0012609358148149674
ELMOD3	-0.4991956621885815	-0.002087636259272648
ELN	0.6538881927926644	0.017614440137448794
ELOA	0.2856775086445511	0.000313102549474428
ELOA2	0.1255202261450667	0.0018986189406702788
ELOB	-1.313734036197506	-0.137701660472114
ELOC	-0.4347747238380055	-0.25312975719100134
ELOF1	0.3546664315596642	0.31510764711636235
ELOVL1	-0.7783309415729518	-0.003153018644312028
ELOVL2	-0.1759198330313845	-0.000773695425672029
ELOVL3	-0.7202187481841669	-0.0031358324295938625
ELOVL4	-0.1921988003888454	-0.0006782695665722354
ELOVL5	0.4789031893224211	0.002254676215329959
ELOVL6	-0.1325701690684976	-0.0007405369644166276
ELOVL7	-0.3350013304830852	-0.0016147064129284708
ELP1	-0.4725419411709978	-0.019664832881831074
ELP2	-0.5903106362564741	-0.04177156124278062
ELP3	-0.2146425127845682	-0.031509735519287395
ELP4	-0.1109847790995472	-0.013729483083288585
ELP5	-0.2112630417452562	-0.009363811799274991
ELP6	0.4366475483710683	0.0031796674472381195
ELSPBP1	-0.6325392603328732	-0.03169780741380094
EMB	-0.4235128237329448	-0.018251285138771257
EMC1	0.3318471278135481	0.010030411285292305
EMC10	-0.522971472139588	-0.04081164774282916
EMC2	-0.3795522434733864	-0.04226845604217021
EMC3	0.0154779023574607	0.0001577198250225245
EMC4	0.0951119480410835	0.00941627307996335
EMC6	-0.5754598353781525	-0.028678040896070227
EMC7	0.0034654369063542	0.000104129448162131
EMC8	0.2366504088393455	0.051163108439839976
EMC9	-0.6217313830963027	-0.04458870960151754
EMCN	-1.1275853203504704	-0.037818084059234425
EMD	-0.9733435451476552	-0.04004432679091968
EME1	-0.2844669009090814	-0.025684800949981868
EME2	-0.584249007140324	-0.5197736237083465
EMG1	-0.7137114904765806	-0.0018492264718248201
EMID1	-0.6881503162955658	-0.016628464242966053
EMILIN1	-0.3253386415191938	-0.004801022332898743
EMILIN2	-0.6395573766026976	-0.015371121989269234
EMILIN3	-0.4386301236716342	-0.003913896593521992
EML1	0.2302798916028923	0.004978651256454532
EML2	0.0941578172560297	0.00390001679074475
EML3	0.1564376887075534	0.0015933178594864314
EML4	-0.2399413720939367	-0.008178161726449739
EML5	-0.3700616814604602	-0.009852152145521832
EMP1	-0.6654216044737713	-0.0051117687655675105
EMP2	-0.6423122274218989	-0.0028602163487097157
EMP3	-0.729379258468829	-0.004500999404011144
EMSY	-0.5528173605840643	-0.0140288461595418
EMX1	-0.1156504448632944	-0.0014989454158731588
EMX2	-0.7279304023408295	-0.010624872152566748
EN1	0.4426719688442416	0.007356322778253607
EN2	-1.1426397441971128	-0.001621405797015703
ENAH	-0.0942844461887723	-0.007819857682450585
ENAM	-0.6322904408830788	-0.007994680334525649
ENC1	-0.7239304402272488	-0.013281951786849334
ENDOG	-1.4874815270622233	-0.04287814249909565
ENDOU	0.4055064575534411	0.01098152037700474
ENDOV	-0.3737737894701334	-0.00020594935799804348
ENG	-0.8482544782325224	-0.052513738238419
ENGASE	-1.839218088199278	-0.0025969759405373807
ENHO	-0.4886763869375493	-0.005221018518040777
ENKD1	-0.4586756572858273	-0.004342282447524927
ENKUR	-0.7455488447117486	-0.02087834984730781
ENO1	-1.288812008265514	-0.03909224583470957
ENO2	-0.9601344331732532	-0.019214210276663143
ENO3	-0.1116891162752302	-0.0005701729385850503
ENOPH1	-0.668588182876102	-0.001514352234214371
ENOSF1	-1.1247966393837223	-0.007157081016398625
ENOX1	-0.2260858290069502	-0.001265628470780907
ENOX2	-0.3102277971659106	-0.006299485649250981
ENPEP	0.1176895994389114	0.002648486745773262
ENPP1	-0.9656053515902304	-0.004158862249299122
ENPP2	-0.5022002253913815	-0.006472858705069516
ENPP3	-0.2534515244319414	-0.0017031942441826464
ENPP4	-0.4974673705747215	-0.004593613699886978
ENPP5	0.4607707677549962	0.0023430193540341557
ENPP6	-0.5105762670923053	-0.0035745444459132298
ENPP7	-0.6266616151991337	-0.004491283796132191
ENSA	-0.5984716277637382	-0.02651827782621124
ENTHD1	-0.5580227594625116	-0.0010089051491082208
ENTPD1	-1.6361112976462475	-0.038872368320777194
ENTPD2	-0.9283549279744452	-0.012957978084667306
ENTPD3	-1.0028789998032108	-0.017136193469637465
ENTPD4	-0.5157278333738996	-0.003949443747977323
ENTPD5	-0.3905824122372668	-0.009427878266583147
ENTPD6	-0.4440260383748602	-0.003290676970396089
ENTPD7	0.0780552168195807	0.000587131340916886
ENTPD8	-0.1489856297026967	-0.0010284478018377152
ENTR1	-0.9876763677820516	-0.006815954614063938
ENTREP1	-0.1331469591103834	-0.00025164775271862465
ENTREP3	0.1755041756143958	0.0009605343531375882
ENY2	0.1431298902130848	0.016424154901951482
EOGT	-1.5289506942281803	-0.009526891775735792
EOLA1	-0.5049427638861652	-0.0014067705401868563
EOLA2	-0.9391483828374668	-0.010212299514974614
EOMES	-0.5191701218548394	-0.009308720284857271
EP300	-0.1518779264296372	-0.003937435242688345
EP400	-0.8146943020472105	-0.0027267818289520135
EPAS1	1.3275165925606076	0.08570181618252772
EPB41	-0.4073781970374713	-0.03448008321905453
EPB41L1	-0.2561907031043233	-0.014583143392807396
EPB41L2	0.8475774104889171	0.1020500153776866
EPB41L3	-0.2388718003866124	-0.009179365545256741
EPB41L4A	-0.3485194041040779	-0.0016310708112070847
EPB41L4B	0.5582963165549119	0.014755213350229767
EPB41L5	-0.0378447428330213	-0.0031318038484038444
EPB42	-0.024892933757118	-0.00017554496885519613
EPC1	-0.0120795958743674	-0.0001797081478229638
EPC2	-0.1381557722177949	-0.0037806327067399577
EPCAM	0.0361553112540752	0.0011658641666989088
EPCIP	-0.2581702573399064	-0.003174977824766169
EPDR1	-0.8441565508903013	-0.0009741566597274078
EPG5	-0.2198060815435649	-0.005034218685592267
EPGN	0.395006111471352	0.008196376813030554
EPHA1	-0.7391440714812405	-0.04247934893209837
EPHA2	-0.0493879778231449	-0.0034227844150552344
EPHA3	-0.8986602716955749	-0.07097618825851651
EPHA4	-0.7857413863162264	-0.030783776033097114
EPHA5	0.3709022371621835	0.03257856890337755
EPHA6	-0.2767170350779291	-0.007634622997800064
EPHA7	-0.572994460175874	-0.043033029948128486
EPHA8	-0.2640439772460372	-0.014464065029560672
EPHB1	0.0831216697322665	0.007277634671738862
EPHB2	-1.5381960869021885	-0.1272826497989823
EPHB3	-0.4820312374355235	-0.025463300117531527
EPHB4	-0.420638067307118	-0.024013385986428753
EPHB6	0.2679796020357118	0.013287232607736699
EPHX1	0.0284039788753501	0.0002104450794874689
EPHX2	-0.93809903518338	-0.0053565454908971
EPHX3	-0.2201576014255825	-0.0008295538421715948
EPHX4	0.5539831412465192	0.0018109708887348711
EPM2A	-0.6027113706872919	-0.02835094016575952
EPM2AIP1	-0.7577742348073832	-0.009369878413393292
EPN1	-0.7350978502276222	-0.07520124517613598
EPN2	0.0443766534907517	0.0089225474574645
EPN3	1.148588640891204	0.10784902761376138
EPO	0.5003618549845383	0.018369784782047358
EPOP	-0.2773081953080425	-0.052872135133822
EPOR	-0.4567446046322605	-0.013864939218216901
EPPIN	-0.3856567157628958	-0.009809564222145017
EPPK1	0.40936115720156	0.01638386159467804
EPRS1	-0.7648446005347381	-0.19638685354550312
EPS15	-1.0799977192797947	-0.11907514853919378
EPS15L1	-0.3799844967408886	-0.011722141739959672
EPS8	-0.0355422311637343	-0.002183927936086818
EPS8L1	-0.6060179173679833	-0.017409682730147424
EPS8L2	0.0583590819622049	0.001766704488241829
EPS8L3	-0.3197234961758662	-0.008024100583525715
EPSTI1	-0.0002501332890397	-1.5658343893885219e-07
EPX	-1.2379193762229963	-0.009198978884713086
EPYC	0.0724147809721637	0.0024537024384607945
EQTN	-0.7158019763231004	-0.00672782277546082
ERAL1	-0.2718769098681295	-0.00011038202540646059
ERAP1	-0.6315154778705984	-0.009113399861150605
ERAP2	-0.9262118770976115	-0.013411547980373415
ERAS	-1.7671325414557717	-0.007828397158649069
ERBB2	0.2254090994461298	0.020916837383103615
ERBB3	-0.7098562226272707	-0.021786197328653563
ERBB4	0.5028504841131166	0.04620592528418606
ERBIN	-0.3031199128234475	-0.0019423924013726517
ERC1	-0.3590320341927852	-0.013144162771797864
ERC2	-0.985300374373045	-0.0422447535512443
ERCC1	-0.5047971950638699	-0.06997195839658325
ERCC2	0.0976698032241118	0.015469529453454171
ERCC3	-0.1330658333109076	-0.005417908469086914
ERCC4	-0.328219502049945	-0.0035391908906045565
ERCC5	-0.615068013417366	-0.011961227656927517
ERCC6	0.3478347927998072	0.0005401874332181006
ERCC6L	0.2120145201695813	0.15097129952235547
ERCC6L2	-0.6347477133357793	-0.0424392321136302
ERCC8	-1.5084157296735936	-0.20540549515684225
EREG	0.0007646521196583	1.9728789339303797e-05
ERF	-1.1207133090834571	-0.008152068610273067
ERG	-0.453087330379287	-0.014574007068980146
ERG28	-0.1330711099811237	-0.0018838877040027683
ERGIC1	0.7077372537007196	0.009592670736659554
ERGIC2	-0.6065030451808047	-0.004109058131099952
ERGIC3	0.3256193612522791	0.0024483319772558862
ERH	-1.0131404795479566	-0.0005268330493649374
ERI1	1.0492441411969478	0.004087855174103309
ERI2	-0.4154584466774794	-0.007231885181314884
ERI3	-0.7266985196192245	-0.00548221363200743
ERICH1	0.3681652608877525	0.0011173815667943287
ERICH3	-0.575002505106889	-0.0013644809446186476
ERICH4	-0.0848747495345104	-0.0003282955311994862
ERICH5	-0.3015539728555491	-0.0016133137547771875
ERICH6	0.0571926590966364	3.11128065485702e-05
ERLEC1	0.6196637845679855	0.018270786687987053
ERLIN1	-0.6156391715218945	-0.08257506643706018
ERLIN2	1.0213463742509572	0.13270966248467236
ERMAP	-0.5903470683469076	-0.0003790028178787147
ERMARD	-0.3293723098045321	-0.0012667659035082305
ERMN	-0.215636383310611	-0.0002760145706375821
ERMP1	0.069816080872364	0.000473562476557245
ERN1	-0.8382545934727034	-0.025493836951285327
ERN2	-0.9140553926870018	-0.027671198902813606
ERO1A	-0.5110593304063388	-0.018462529370259394
ERO1B	-0.111381363558456	-0.001372998068585087
ERP27	-0.3808252869746192	-0.012077873976400049
ERP29	-1.1673279595787236	-0.029411995269545518
ERP44	-0.2782992642086442	-0.007240511956916296
ERRFI1	-0.2691797923015108	-0.004776057054805705
ERV3-1	-0.8959275350585699	-0.006760669179551968
ERVFRD-1	-0.9631839273752048	-0.008809280199773622
ERVW-1	-1.216929850288691	-0.009893639682847058
ESAM	-0.4040738066406954	-0.035777098913773814
ESCO1	-0.073638083705403	-0.0030101775857094637
ESCO2	-0.3461748570318141	-0.16836144936770872
ESD	-1.6043526329357212	-0.021963587544890025
ESF1	-0.5202665221409803	-0.00025597112889336237
ESM1	-0.3536856905145183	-0.006484119764202664
ESPL1	-0.7191600437877192	-0.05029086186207521
ESPN	-0.3273987694037065	-0.008634487745483952
ESPNL	0.53999857953565	0.013445964630437684
ESR1	-1.2330967846606025	-0.04007811169503891
ESR2	0.2448082229583723	0.0077907768874272395
ESRP1	-1.1920884482541525	-0.0018262795027253617
ESRP2	-0.0276766605395392	-1.8847805827426194e-05
ESRRA	-0.6714020049609835	-0.00890883320382729
ESRRB	0.1599158538432876	0.003867245093492224
ESRRG	-0.9853106871591384	-0.012802141758258685
ESS2	-0.7592636778498381	-0.0010576543032448243
ESX1	-0.2406451503290054	-0.0030939746977800228
ESYT1	-0.0763044157575313	-0.0019175299679867616
ESYT2	-0.660855635248736	-0.01760321155612058
ESYT3	-1.4417173569225952	-0.03875480427143628
ETAA1	-0.029290092318946	-0.0007437340241626769
ETF1	-1.5410500455097629	-0.003658452808040177
ETFA	-0.3592654730666218	-0.0017524969776189813
ETFB	0.2528556197508511	0.01824707294370042
ETFBKMT	-0.0152852127347856	-0.00010164666468632423
ETFDH	-0.2157361089559756	-0.003059569497213646
ETFRF1	-0.4657852173244637	-0.0002724843521348113
ETHE1	-0.987411356716718	-0.018227613644990613
ETNK1	-0.6797611217736939	-0.0009394298702912449
ETNK2	-0.3571417251437176	-0.0007389262293223518
ETNPPL	-0.439782514613713	-0.002060820863479859
ETS1	-0.2096521987293582	-0.006530246686022049
ETS2	-0.1829562436544452	-0.005712808708110051
ETV1	-0.196519139138975	-0.00573659019060582
ETV2	-0.9156863146115316	-0.0049868276693744015
ETV3	-0.6588744447344214	-0.015293134736730654
ETV3L	-0.2122882088228223	-0.0017683607794941097
ETV4	-1.3905758852623895	-0.028227299894941247
ETV5	-1.6182515325435394	-0.0519750027222334
ETV6	0.103581162694181	0.005866940636161106
ETV7	-0.2706683928382073	-0.005846978622090954
EVA1A	-0.0414364698272505	-0.00016313538170988523
EVA1B	-0.3065876736745161	-0.0012735651964439398
EVA1C	-1.035472041647361	-0.010442735540013636
EVC	-0.2899189909320659	-0.002413575599509449
EVC2	-0.109380690004442	-0.0011807645485979515
EVI2A	-0.3584554685035318	-0.009400853116973626
EVI2B	0.0881257837216833	0.002347935255696808
EVI5	0.0297481617117968	0.00019392826619920334
EVI5L	0.1679611670830652	0.0033869369342300094
EVL	-0.6556264892758148	-0.026824957808719962
EVPL	-0.3985707963916803	-0.00879287033919686
EVX1	-0.1158843682625205	-0.0006487206935335898
EVX2	1.1230425443060672	0.001152241650458025
EWSR1	-0.8762836446166806	-0.0005205124849023083
EXD1	-0.71257427575828	-0.0010439213139858802
EXD2	-0.2773595448400744	-0.0041065854209021415
EXD3	-0.0330608963701454	-6.671688887495341e-05
EXO1	-0.8447036674548067	-0.33953286265179683
EXO5	-1.239193859198953	-0.0015254476406739114
EXOC1	0.19676862371371	0.009504121293995907
EXOC2	-0.3398674915590293	-0.015004809884839584
EXOC3	-1.003486537112689	-0.03514009155661215
EXOC3L1	-0.7404897119271936	-0.01858258932081292
EXOC3L2	-0.4478589882173621	-0.00892359034023094
EXOC3L4	-0.3086858150019228	-0.007206887722849892
EXOC4	-0.091523529395304	-0.004102542205144502
EXOC5	-0.2411395683319701	-0.009134607987983358
EXOC6	-0.5120101556389023	-0.05676605394552946
EXOC7	-0.5440779441540003	-0.06275884678021978
EXOC8	-0.7349556006517919	-0.03939068037253344
EXOG	0.5635250445801464	0.000681301778897397
EXOSC1	-1.0818561647747416	-0.0019257039732990399
EXOSC10	0.643568807493979	0.0018772902114599368
EXOSC2	0.2141996568792583	0.037789746065609385
EXOSC3	0.1565287674875236	8.436900567577522e-05
EXOSC4	-0.052399118502333	-3.526460675207011e-05
EXOSC5	-0.2589890249255775	-0.00027478735544603775
EXOSC6	0.0322148754395168	2.367793344804485e-05
EXOSC7	0.1811471884003699	9.763833454779936e-05
EXOSC8	-0.3236513601406394	-0.0038061399952539193
EXOSC9	-0.9338991140585198	-0.0013504181189286197
EXPH5	-0.2608228468065867	-0.0006181501469316105
EXT1	-0.6300066292285733	-0.007396907833772679
EXT2	-1.1121054721046757	-0.012398863908495029
EXTL1	-0.9162518083350332	-0.015094332290511336
EXTL2	1.0611032917706498	0.008765774293317336
EXTL3	-0.0967520536007211	-0.0013548190065708976
EYA1	-0.3983078729445154	-0.011796684272997713
EYA2	-0.740032637721697	-0.020213251466730434
EYA3	-0.6642660177106279	-0.018167675584385673
EYA4	-0.1982435395428586	-0.005314512808064953
EYS	-0.2966644291948441	-0.002564663990389427
EZH1	-1.043945774276038	-0.020089692480168078
EZH2	0.0711120468110797	0.002302110291415083
EZHIP	-0.4053157091175298	-0.0003793755037340079
EZR	-0.3549520945249996	-0.01283329297755136
F10	-0.6511203480390668	-0.0061680630569740805
F11	1.2539085340692908	0.042331952110179254
F11R	-0.3995776055342184	-0.027024632195095794
F12	-1.4385146316439918	-0.02047150172292565
F13A1	-0.2035623300446269	-0.0020295164305449303
F13B	0.1354082716583889	0.0015169788673889306
F2	-0.5223016939694429	-0.015530118568487416
F2R	-0.7467400224791477	-0.039159793518828985
F2RL1	0.5929389401834081	0.017748441296509956
F2RL2	0.0294039609346139	0.0010530734569122622
F2RL3	-0.2213092845704406	-0.005958531177774543
F3	-0.9535718280533904	-0.02979435176752818
F5	0.4842974108821072	0.007923105642031273
F7	-0.3363387456595653	-0.0026762473992131613
F8	-0.4683587762149848	-0.003974024216184146
F8A1	1.0747347738812176	0.015892103101381564
F8A2	0.276790136776031	0.00409289575250717
F8A3	-0.2041422620676058	-0.003018651629193687
F9	-0.5926214437664629	-0.003335273485517653
FA2H	0.2716509854436723	0.011978993505109616
FAAH	-1.214964072786617	-0.004328916991338717
FAAH2	-0.031287229258328	-9.464386850644219e-05
FAAP100	-0.7933375086640158	-0.034795783130003734
FAAP20	-0.0104354850166641	-0.00025538762481282055
FAAP24	0.2906435225624525	0.08187834931515875
FABP1	0.0042793739078757	0.00013850621590230492
FABP2	0.6384543945785852	0.004619217544776064
FABP3	0.3409241151771097	0.002866149036293961
FABP4	-0.3515847267850663	-0.002898816072342872
FABP5	-0.2525948253206654	-0.007034765885180531
FABP6	-0.8791255999790273	-0.010360495195752837
FABP7	0.1903318906094327	0.0003890383844056804
FABP9	-0.1592879956407003	-0.0010218324920350922
FADD	-0.1191998071998414	-0.0038163010273101227
FADS1	-0.804743755232907	-0.0018452774307490555
FADS2	-0.9695787726515026	-0.0035913197739011653
FADS3	-0.8851303807979505	-0.0030129838162362235
FADS6	-0.6523335208571714	-0.0008936969235743248
FAF1	0.2040070525791713	0.006222215103664724
FAF2	-0.0725730064468941	-0.00228379993987731
FAH	-0.6547393455033907	-0.0016119682686293482
FAHD1	-0.7288499738822035	-0.000698238274979151
FAHD2A	-0.0407306365121655	-0.0010135818896052384
FAHD2B	-0.3104242910115758	-0.004560753683542072
FAIM	-0.6199840726993661	-0.003336754279267988
FAIM2	-0.1028744926004521	-0.0021090299728018683
FAM107A	0.467298259322382	0.015661968459448953
FAM107B	0.1232024410522437	0.00011026618474175811
FAM110A	-1.617744562809548	-0.009004366236597944
FAM110B	0.0803503234859427	0.0010291269432079542
FAM110C	-0.7289837100957396	-0.0007253387915452609
FAM110D	-0.3570272599485388	-0.001968648311356243
FAM111A	-0.4848424072822226	-0.0014312547862971212
FAM111B	-0.5950412568701597	-0.0007949751191785334
FAM114A1	-1.7900799259788949	-0.13846268227446754
FAM114A2	0.0181287805872081	0.002356070711455326
FAM117A	0.7370588912268315	0.009632622649443461
FAM117B	0.3206300890661775	0.003334552926288246
FAM118A	-0.8288885473455627	-0.0005321464473958512
FAM118B	-0.6460621550351019	-0.0005633661991906089
FAM120A	0.4682605789528626	0.0034360961283561057
FAM120AOS	-0.8206536295942337	-0.0005153704793851787
FAM120B	1.224506503918721	0.1532494379784358
FAM120C	0.4098534220917086	0.003457523468765654
FAM124A	0.2918820412471491	0.00019322591130561273
FAM124B	0.2367572894797281	0.00012240351866101942
FAM131A	-0.666845368476249	-0.003026144282145218
FAM131B	-1.1302893907079228	-0.004234064057591879
FAM131C	-0.5850158783469821	-0.0006797884506391932
FAM133A	0.49404329291152	0.00035571117089629444
FAM133B	-1.129425382554628	-0.0024485942293784335
FAM135A	1.2656710841401704	0.06741090761238962
FAM135B	-0.0975435167290469	-0.0041010220738393185
FAM136A	0.0505908349768939	0.0012961877829429987
FAM13A	0.1786222621140488	0.002115602072478794
FAM13B	-0.0947475745477818	-0.0022442857983133073
FAM13C	-0.331764773289546	-0.001978976872672142
FAM149A	-0.4311740395787686	-0.0030104571443389625
FAM149B1	0.4088627872820745	0.0024360044866265996
FAM151A	-1.2068914328315978	-0.0008387895458179604
FAM151B	-0.3774928722568266	-0.00021215099420833654
FAM153A	-1.3125224363529018	-0.006957681435106732
FAM156A	-1.5213638097152853	-0.002085789783119656
FAM161A	-0.4350146971481519	-0.00024621831858585397
FAM161B	-0.0698375810174068	-0.0002974382575531355
FAM162A	0.7620222822472589	0.014830477657096152
FAM163A	-0.3832342207382114	-0.0022400040202148457
FAM167A	-0.1782024174977447	-0.0004898784457013002
FAM167B	-0.4263812334043468	-0.001074907089412358
FAM168A	-0.4812781023730685	-0.0052276427479762706
FAM168B	-1.7201521447310015	-0.004952318024680553
FAM170A	-0.7286439758080743	-0.0003796235113960067
FAM171A1	-0.6933959781352923	-0.009045350534774888
FAM171B	0.0540505524481451	0.0012442977679087484
FAM174A	-0.3966251597341752	-0.0024892195024916837
FAM174B	-0.0717010892402009	-0.00139559000097127
FAM174C	-0.8868480134137533	-0.007175487276530677
FAM177A1	0.0401148034188177	0.0005867592296070464
FAM177B	-0.4191535317671492	-0.009614124558143101
FAM178B	-0.0360012793820583	-0.0010000795399541975
FAM180A	-0.1911521255672711	-0.005166650801957771
FAM181A	-0.2333663700415417	-0.0004963702690783592
FAM181B	-0.3228985323527121	-0.0023949384144600658
FAM184A	-0.3958828252087286	-0.017254948819547644
FAM186B	-0.2662382234502967	-0.0002670369381206476
FAM187B	0.9224157557063714	0.01265185450526859
FAM193A	0.3481118438404987	0.00838357753521073
FAM193B	-0.5187702258694584	-0.013665964060079142
FAM199X	-0.4544245632882608	-0.013188764100315194
FAM200A	-0.2654158281835539	-0.00025028712597709136
FAM200C	-0.3354228145814568	-0.0007768392385706539
FAM204A	0.0201767632271478	1.2388532621468749e-05
FAM209A	-1.1479213508924777	-0.0012122049465424565
FAM209B	0.0605262308785749	9.750775794538416e-05
FAM20A	0.4402890019662165	0.011609540403845197
FAM20B	-0.4042681596715258	-0.0029167947720300587
FAM20C	-0.0675559099255055	-0.002257583397890543
FAM210A	-0.5178135187150538	-0.020014528125374256
FAM210B	-0.4844859804659236	-0.012746826146058451
FAM216A	-0.2181552427648598	-0.0005425520887562063
FAM216B	0.2797436378230483	0.00036646416554819326
FAM217A	0.0735006933889463	4.7260945849092474e-05
FAM217B	0.3510611695623032	0.003020881364083619
FAM219A	0.05986997791514	0.0003610159668282942
FAM219B	-1.1174884927958286	-0.005134859624396832
FAM220A	-0.3405213707547272	-0.005307025563212424
FAM221A	-0.5101958744069544	-0.0006382550388830999
FAM221B	-0.6939635829964774	-0.0004149902226318935
FAM222A	-0.4814528780687086	-0.01236659862607285
FAM222B	-0.2227432141252919	-0.003924067203245268
FAM227B	-0.7915257232594124	-0.0011025953325003615
FAM228A	-0.4587981583184665	-0.0002339870607424179
FAM229B	-0.6158937020219658	-0.0010741186163263083
FAM234A	0.4076336479033869	0.003741261620457285
FAM234B	-0.6138961361778551	-0.006771274382041742
FAM241A	-0.2935187199509421	-0.0016031992483720456
FAM241B	-0.1196278400872583	-0.0014271601322409914
FAM24A	-1.0271414409447743	-0.0051254357903144235
FAM24B	0.3026378427152447	0.0013763969086689328
FAM32A	0.1752463533708399	9.042711833935339e-05
FAM3A	-1.0007206277567844	-0.004940557739235245
FAM3B	-0.2980662857746471	-0.0016137308711839395
FAM3C	1.302104552424663	0.007287879179920839
FAM3D	-0.9361364502833196	-0.00500552159966491
FAM43A	-0.4242381062655357	-0.0020609487202379725
FAM43B	-0.0383031008423749	-0.00018163330419454176
FAM47A	-0.2179145333413114	-0.00044454564801627526
FAM47B	0.0457555017869545	8.144479318077901e-05
FAM47C	-0.0908142484302036	-0.001214549758505543
FAM47E	-0.7736140545803141	-0.026148155044814613
FAM50A	0.9791068433016994	0.00045430557529198853
FAM50B	-0.7065381839359993	-0.020471237341361644
FAM53A	-0.6013562924319915	-0.0013187743493033575
FAM53B	-0.7976565151223163	-0.00401221227106525
FAM53C	-0.3121990017817874	-0.007483097873707662
FAM72D	-0.4937972376905357	-0.00040590132938162036
FAM76A	-0.2445867098582658	-0.006762088767451475
FAM76B	-0.6792102818475924	-0.02038853424050103
FAM78A	0.0658901880029931	0.00011425358599719003
FAM78B	-0.5950268919848498	-0.0010454622492173811
FAM81A	-0.6605048423509667	-0.004245064621789664
FAM81B	0.4721135132636314	0.0007379134212310558
FAM83A	-0.8110249909074726	-0.0010300017384524904
FAM83B	0.1240182854949842	0.0004052917569976084
FAM83C	-0.6171466695479104	-0.0007634104302307652
FAM83D	-0.4155925304724293	-0.013346338523591593
FAM83E	1.116250854963173	0.002743744601499479
FAM83F	-0.1804421123691506	-0.000456518544293951
FAM83G	0.3305593980529061	0.0029985042997379106
FAM83H	-0.5460523112800071	-0.0020405974872533864
FAM86B1	-1.3622481328161573	-0.010361259298199692
FAM89A	0.0686048848834135	0.0002449880439186696
FAM89B	-0.0244982631445574	-8.677284805802231e-05
FAM8A1	-0.0275642266009233	-3.7983504256072315e-05
FAM90A1	-0.8001105999254353	-0.0007257003141323699
FAM91A1	-1.1627063292901174	-0.09444779783456553
FAM98A	-0.2949085934013685	-0.08624218432851599
FAM98B	-0.3694123297520663	-0.12938814614498023
FAM98C	0.6771521901289571	0.06838424537674312
FAM9A	-0.6202952196742222	-0.004071617821941594
FAM9B	-0.7432475217686741	-0.0008056803135972427
FAM9C	-0.0270558322291953	-2.5757152282193926e-05
FAN1	-0.6386810637597566	-0.017408529754899687
FANCA	0.0563113765488944	0.0023960490721554564
FANCB	-0.6316874751576196	-0.019560834355730847
FANCC	-0.6430569919964273	-0.027610295008358602
FANCD2	-0.7524532554888275	-0.2383049558263336
FANCD2OS	1.710691329238587	0.0011461631905898533
FANCE	-0.6461196009211803	-0.1951688250130545
FANCF	-0.8915551945117274	-0.025945147715485777
FANCG	0.0258460330801179	0.0008257549108766867
FANCI	-0.1410208197714012	-0.007313198692525096
FANCL	-0.1478288643585513	-0.003980144343989635
FANCM	-1.192646563171999	-0.079699799230532
FANK1	-0.1711233435901362	-0.0005198727178268338
FAP	-0.2620748016429451	-0.0026802389964023995
FAR1	-0.5179025320296324	-0.004109556591655133
FAR2	-0.2764961572563152	-0.0010296716896225177
FARP1	-0.9451445122044844	-0.019913249727636282
FARP2	0.029879557074996	0.0005456305917465019
FARS2	-0.3312840774717052	-0.0005227662742503508
FARSA	-0.156964363644036	-0.00013969828364319203
FARSB	-0.4317343461789469	-0.0002961697614787576
FAS	0.1448940007123855	0.00421656031473113
FASLG	-0.5341221315800182	-0.01645630287398036
FASN	0.8787444509889984	0.003347137613817095
FASTK	-1.0247132846234703	-0.008393426514350846
FASTKD1	1.104525368441595	0.01552520857881506
FASTKD2	-0.1784186779255583	-0.013905238082806312
FASTKD3	-0.5395324684839365	-0.04693123177107522
FASTKD5	1.0853806063503944	0.019799513021043894
FAT1	0.7864718953732512	0.021082952099270746
FAT2	-0.7071580580663612	-0.018356408871286603
FAT4	-0.6254986542238994	-0.0094193842339577
FATE1	-0.8382463799814845	-0.005011036859529315
FAU	-0.820608291288362	-0.001203832363320027
FAXC	-1.365011924547329	-0.0012885712567726785
FAXDC2	-0.5153970863475678	-0.002463598072741374
FBF1	0.6707638718227475	0.018056963429468362
FBH1	0.1025954107172729	0.002357129561229345
FBL	-1.4277507279498358	-0.19762354475990448
FBLIM1	0.2500460067055647	0.010180873209023772
FBLN1	-1.0665513457845486	-0.06603339347155876
FBLN2	0.504284011765511	0.017349891424792405
FBLN5	0.2845844777847595	0.008292507098170107
FBLN7	-0.1777404297354037	-0.0016693381160749112
FBN1	-0.1228439826123935	-0.003157090353138513
FBN2	0.5235020105260657	0.013282816513077864
FBN3	-0.2787392114255941	-0.003034076316367592
FBP1	-0.9482405707365996	-0.003926664203420259
FBP2	-0.6415053204852448	-0.0020566660574756947
FBRS	0.1756263420779493	0.004169544987272595
FBXL12	-0.6048784445579494	-0.037960356545123225
FBXL13	-0.3094535551636238	-0.007247711715487232
FBXL14	-0.9623487237843326	-0.024443657584122046
FBXL15	0.9474866271410628	0.024496319258105036
FBXL16	-0.6131236328070515	-0.014355676738544305
FBXL17	-0.4523927653176001	-0.010916237427113689
FBXL18	-0.3268776031852228	-0.008742668374791969
FBXL19	0.0758443985366785	0.0028223217583468805
FBXL2	-0.3277874819419897	-0.00579397153080661
FBXL20	-0.1779877060191708	-0.0038863615609285944
FBXL22	-0.2652234134427769	-0.007897027135258682
FBXL3	0.0724454087518093	0.012985549737126808
FBXL4	-0.0281973774188351	-0.0006712103720779507
FBXL5	0.0775831167317623	0.001996446342858439
FBXL6	-1.2017109153811092	-0.030438135775688116
FBXL7	-0.3140499393648137	-0.006891197819482107
FBXL8	-0.2573011464679166	-0.006876630440501538
FBXO10	-0.3959596276820386	-0.003947717487989924
FBXO11	-0.8901447829709787	-0.025443008331659484
FBXO15	0.1997079988651722	0.005371146629478806
FBXO16	-0.1806280845047375	-0.003956116306822761
FBXO17	-0.6457956102736955	-0.015290502664450287
FBXO2	-0.3292803665158647	-0.008482262241448674
FBXO21	0.112245886361732	0.003125598951628789
FBXO22	0.6361251372373523	0.01017991057120935
FBXO24	-1.5231558082674996	-0.0438943040826528
FBXO25	-0.1430113949642783	-0.004146472385594285
FBXO27	-0.2541962400652389	-0.0066950205708382615
FBXO28	-0.4553202944156513	-0.014007018217108681
FBXO3	0.1589273196549066	0.004643697352996716
FBXO30	0.3425875956146976	0.010068649435115961
FBXO31	-0.0008895832800451	-2.4115713138742617e-05
FBXO32	-0.6786161382893624	-0.015817184951248456
FBXO33	-0.3612698342270046	-0.007356898904198722
FBXO34	0.254634144143537	0.005997143362868584
FBXO36	-0.716125530750068	-0.010774108610134774
FBXO38	-0.4393615506625953	-0.010329829417628278
FBXO39	0.1659396968648072	0.004513061935632161
FBXO4	-0.1951846223255404	-0.0381513718336171
FBXO40	-0.584238282529987	-0.014632247785963524
FBXO41	-0.542832963062759	-0.01454195224748825
FBXO42	-0.1832493470147229	-0.004285285979939294
FBXO43	-0.5736552730156903	-0.013992599419398719
FBXO44	-0.4868626514364297	-0.009987013568915482
FBXO45	-0.1063296597200016	-0.0027555331316438418
FBXO46	-0.307947209343715	-0.0063794343887644
FBXO47	-0.4044759586944318	-0.009752724316040141
FBXO48	-0.3173065445889383	-0.005075952793789246
FBXO5	0.0734781749410802	0.0017373179683068999
FBXO6	-0.3156305253840121	-0.011125976019786425
FBXO7	-0.1393933053587942	-0.00407850872149296
FBXO8	0.1821900838698402	0.004575339576223297
FBXO9	0.2080919371478445	0.012798902686215323
FBXW10	0.28981853430991	0.004711000275207587
FBXW10B	0.2370409982649641	0.004823784314692019
FBXW11	-0.6044154002701588	-0.01884023244182112
FBXW12	-0.9401980120256604	-0.024342666729356376
FBXW2	-0.1848219372584713	-0.005224361700485208
FBXW4	-0.6339176003932966	-0.0134663115851548
FBXW5	-0.2714097006011474	-0.007726762766414065
FBXW7	0.1399683195637619	0.004088754551096613
FBXW8	0.0465064224654725	0.0012648351717934555
FBXW9	-0.5205485571044315	-0.015274976859672437
FCAMR	0.489361515870497	0.00644880605614141
FCER1A	-0.0521913845750177	-0.0027369162071139283
FCER1G	-0.8930127030030917	-0.05327624484846144
FCER2	-0.6259299033781376	-0.009291929415648452
FCF1	-0.3282939589236184	-0.013225978723155816
FCGBP	0.0650820914453802	0.0014641518112467184
FCGR1A	0.366360084351741	0.029309173108223632
FCGR2A	-0.2735222918544172	-0.019723145421038316
FCGR2B	-0.267857444769927	-0.014705641575313762
FCGR2C	-1.2489309994824338	-0.07817184018860501
FCGR3A	0.5919556937599268	0.0343062002761628
FCGR3B	-0.1414773482827487	-0.006430428434147493
FCGRT	-0.7075322364179816	-0.023025221569750377
FCHO1	-1.5541019393532296	-0.21896674684711262
FCHO2	-0.3773599380460401	-0.042871862561410616
FCHSD1	-0.6295399645092702	-0.04960774920333049
FCHSD2	-0.8774996575560562	-0.021726891521087952
FCMR	0.1840437922441785	0.004627965199772112
FCN1	0.3657713034150611	0.010790619222047717
FCN2	-0.3769273477854679	-0.018689942539942425
FCN3	-0.4745702161097142	-0.012606957790954557
FCRL1	-0.7776225661812828	-0.020501241334803338
FCRL2	-1.3565637489299327	-0.03552297832947922
FCRL3	-0.4690214759974905	-0.014354871294379195
FCRL4	-1.7877540600423083	-0.05385787881283458
FCRL5	-1.0530937405601597	-0.03967214739438233
FCRL6	-0.0806951053413255	-0.001943138136619118
FCRLA	0.2534458826054634	0.006371882934583956
FCRLB	-0.3751109263599691	-0.010401075766109224
FCSK	0.971689311430938	0.006518091901078732
FDCSP	-0.4213038104074543	-0.0017075443435814123
FDFT1	-1.1860813718465515	-0.0070571841624869815
FDPS	-1.2908216319654893	-0.025444676009303724
FDX1	-0.3326910626043793	-0.0009232176987271526
FDXR	-0.0125350687291559	-0.0006110093901339753
FECH	0.0782272149515064	0.0002005745791356624
FEM1A	0.8615861806071515	0.013458837727264314
FEM1B	0.470155878359763	0.012808926750033384
FEM1C	-0.1253078125985562	-0.0005934578004667621
FEN1	-0.2729710744868893	-0.25672001453838683
FER	-0.4010345421931897	-0.02343445347305904
FER1L5	-1.5926339643857583	-0.1238957739914613
FER1L6	-0.4037293237300139	-0.01217930250896333
FERD3L	-0.785906705175901	-0.006053839349969965
FERMT1	-0.3829991037798459	-0.007673770043332993
FERMT2	-0.6179570018288012	-0.012833731013980542
FERMT3	-0.3548600042577925	-0.011371843696445219
FERRY3	-0.4358964261103717	-0.0004319733582753783
FES	-0.9761904044971534	-0.09981449266942945
FETUB	0.459085122640563	0.0026516756683718917
FEV	-0.3080177894715087	-0.000996129531150859
FEZ1	-0.7284739780618983	-0.021345744505169746
FEZF1	-0.4430663073578184	-0.0011732395818835032
FEZF2	-0.4846625347430334	-0.008433612767063524
FFAR1	0.9919277127246666	0.012779004723031881
FFAR2	-0.2522174871478126	-0.006190678222043061
FFAR3	-0.4107673701958086	-0.012001801022381136
FFAR4	-0.2130427034674771	-0.008380460826300147
FGA	-0.3798449357460059	-0.012955751068424769
FGB	-0.8971509554404946	-0.020778913278957298
FGD1	-0.8437761511635993	-0.0034755139666428655
FGD2	-0.7061620125153762	-0.004550508008649085
FGD3	-0.4039946236828359	-0.0017400048442019742
FGD4	-2.001599732554043	-0.01011008024913047
FGD5	-0.4566924939640152	-0.004745035012286117
FGD6	-0.3319292695359569	-0.002345080289271536
FGF1	-0.1425450144331976	-0.010078217610455936
FGF10	-0.1377026537057721	-0.007405235608335305
FGF11	-0.0776719146760686	-0.0016356151792486526
FGF12	-0.401065639731086	-0.02124645226475428
FGF13	-0.2805689195222396	-0.009093238681715786
FGF14	-0.496556734808071	-0.012055900964405154
FGF16	0.0191935738178688	0.0012962188142159514
FGF17	-0.3582757704440916	-0.011613150823174784
FGF18	-0.1452920069456267	-0.005706924740817271
FGF19	-0.02355212035051	-0.000964577088955137
FGF2	-0.4572761131571451	-0.039662758226911295
FGF20	-0.8726487356140133	-0.04989456410746682
FGF21	-0.4011275533110749	-0.013753460420376824
FGF22	-0.0679178584145453	-0.002051458913411341
FGF23	-0.765411299643842	-0.02050536871745853
FGF3	0.4092229544476366	0.012631894157889647
FGF4	-0.4185445477495396	-0.020269693902962453
FGF5	-0.6735537718087419	-0.01197107118635677
FGF6	-0.4098327993497854	-0.02324120821832698
FGF7	-0.6841742942695038	-0.0302801859157797
FGF8	-0.0937059946149161	-0.003341930591946368
FGF9	0.0079055802493319	0.00043121778028005776
FGFBP1	0.2055250522113722	0.006999566703162703
FGFBP2	-0.3628778927566842	-0.0038062262171248604
FGFBP3	-0.5386767952145819	-0.006885366796432786
FGFR1	-1.1995892340979624	-0.06609736679879773
FGFR1OP2	0.4734548700413762	0.027754397936695513
FGFR2	-0.5879144769967309	-0.03572462319470635
FGFR3	-0.4738743653707717	-0.017153778152056567
FGFR4	-1.507330580997573	-0.0505528530254966
FGFRL1	-0.4648887421572663	-0.029133182804769404
FGG	0.6739835771981575	0.0497130286541361
FGGY	-0.4722906609129946	-0.0005181028550215551
FGL1	0.2334473461550642	0.007004821068728857
FGL2	-0.6882354315774307	-0.009491454836884346
FGR	-0.389784286293026	-0.038328268439765834
FH	-0.1015505641072692	-0.0017157983311564206
FHDC1	-0.7964579646122842	-0.010930589106338989
FHIP1B	-0.8440309514132128	-0.02026518314343124
FHIP2A	0.086989252614944	0.0028855204984903076
FHIP2B	0.4208344864834677	0.012500046752018441
FHIT	-0.4337811436873401	-0.02547336388189536
FHL1	0.1308844240181498	0.0015268976905957353
FHL2	-0.5520648461034139	-0.014830117960876008
FHL3	0.8823889135551759	0.016244779898550787
FHL5	0.072464340131415	0.0013092132331542748
FHOD1	-0.3533653245594669	-0.014449108121236603
FHOD3	-0.312309080864299	-0.020255430057615837
FIBCD1	0.6040679421721762	0.020212113345081013
FIBIN	-0.06695803887556	-0.0013740459157653667
FIBP	-0.3976209466750526	-0.010098379182706311
FICD	-0.143569578444759	-0.00022468639026604784
FIG4	0.6740792007728631	0.020488637307491172
FIGLA	-0.4144232962552351	-0.002082891486978812
FIGN	-0.1990692352216964	-0.0022787455355827587
FIGNL1	-0.6939233962783522	-0.0203902450762431
FIGNL2	-0.0628157852075141	-0.0014975911351323438
FILIP1	-0.6133684370693465	-0.03409899152199618
FILIP1L	-2.017279330339097	-0.05447662831580731
FIP1L1	-0.2482525740288851	-0.009692525247809761
FIRRM	-0.3692291707362746	-0.012112562946003488
FIS1	-0.2785823409962643	-0.006274788648599856
FITM1	0.4443837935409807	0.002160149620402707
FITM2	0.1596687230395144	0.0011005965079113728
FIZ1	-0.2337788132286125	-0.004516840450390022
FJX1	-0.9817545830303682	-0.0059415787364997886
FKBP10	-1.0688826075161009	-0.0060520133237561636
FKBP11	-0.8244986194234648	-0.0034472287278095063
FKBP14	-0.3766371526683975	-0.00346204870732791
FKBP15	-0.5779205817701338	-0.019939993832814928
FKBP1A	-0.1264565921813939	-0.003279398805040088
FKBP1B	-0.1374653416372514	-0.0014475100474402572
FKBP2	-0.5446757470906748	-0.01979950808249312
FKBP3	-0.6268777471952813	-0.03019983547113268
FKBP4	0.1927825308519579	0.015885473324732183
FKBP5	-0.2935961435938756	-0.008712759157291852
FKBP6	-1.0192900733121868	-0.04512397154553051
FKBP7	-0.9311313050057248	-0.006243235400063385
FKBP8	-0.5885105937410665	-0.09315710741505463
FKBP9	0.6997518287711696	0.004830386874007384
FKBPL	-0.6336797988518603	-0.00439076732624454
FKRP	-1.0628175542468865	-0.007934995860007255
FKTN	-1.5584146335166182	-0.011519800970954843
FLACC1	-0.4499896389966746	-0.0006556349040181549
FLAD1	-1.0898058604786476	-0.0036846336142783076
FLCN	-0.7710369026896742	-0.023726347569566653
FLG	-0.6907852840352804	-0.0005996016265426234
FLG2	-0.9536286431051236	-0.003724873479968613
FLI1	-0.1889756927465779	-0.006262276506236099
FLII	0.1861770108599717	0.0033886077746623448
FLNA	-0.3311902407052599	-0.00865267622866562
FLNB	0.2360349796158111	0.007258783728125039
FLNC	-0.4649528872700014	-0.011806083713559876
FLOT1	-0.3621683190906898	-0.04380425819401893
FLOT2	-0.504543868178075	-0.0334850628993743
FLRT1	0.0232358355584745	0.0012099131933653257
FLRT3	-1.1544688048392795	-0.04311710092313741
FLT1	0.1269952555039936	0.005726597056441583
FLT3	-0.2438696460805542	-0.018044890592084528
FLT3LG	-0.588999257354283	-0.030161473970598124
FLT4	-0.9579750029162052	-0.06154031418733703
FLVCR1	-0.5182449524871895	-0.0057053586819314685
FLVCR2	-1.1066238608082524	-0.015072216984208398
FLYWCH1	-0.9133617261016268	-0.0011910236908365215
FLYWCH2	-0.2169016677958449	-0.0009007926263561438
FMC1	-0.6131426894405662	-0.0002630382137700029
FMN2	-0.5675467013151135	-0.013291376198098644
FMNL1	-0.5484896203494446	-0.0191132178003171
FMNL2	0.0665980617967826	0.00556833054489079
FMNL3	-0.7624261093826565	-0.07073560715019472
FMO1	-0.208193182237879	-0.0004807180577872626
FMO2	-0.3345873460962524	-0.0011128375131161355
FMO3	-0.2916536880037582	-0.00147139285597896
FMO4	-0.2606509574312458	-0.0005979332963472778
FMO5	-1.141340220553219	-0.004508293871185216
FMOD	-1.393756664062776	-0.053517468386682476
FMR1	-0.4337254168617061	-0.042902383334292526
FMR1NB	-0.1364110464856311	-0.00010408162846853653
FN1	1.2547573683149968	0.04272574314849396
FN3K	-0.530341109465037	-0.001131217586488924
FN3KRP	-0.3127905645629273	-0.0006674950647772869
FNBP1	-0.1453997602953947	-0.009092283210551918
FNBP1L	-0.3741827595225903	-0.03850752196522929
FNBP4	0.1668648672397892	0.015199720756872398
FNDC1	-0.9455365755766412	-0.023402975782097445
FNDC11	-0.673588301862867	-0.00597472823752363
FNDC3A	-0.730591822688637	-0.011514127125572919
FNDC3B	0.2774770490388196	0.005659421892195765
FNDC4	-0.4769273167579435	-0.005374970859862023
FNDC5	-0.1402349224249909	-0.0035642107883535686
FNDC7	-0.4215314713507914	-0.005865610423846262
FNDC8	-0.7735415758139013	-0.0033153991939383807
FNDC9	-0.9065302943787108	-0.002773982700798855
FNIP1	-0.782838505485755	-0.007236559144710319
FNTA	0.3236542177286478	0.05838236606498213
FNTB	-0.2181776457610623	-0.005856106189872673
FOCAD	-0.3260374692409746	-0.051555000861198345
FOLH1	-0.1734304446137625	-0.0011432534908939224
FOLR1	-0.4725826257891762	-0.02442543301391357
FOLR2	-0.6503151426143933	-0.01854438660679204
FOLR3	-0.4785561517283648	-0.013189486097785462
FOS	-0.2978768425220728	-0.0013282328408059227
FOSB	-0.3622764944842271	-0.008618920080274248
FOSL1	-0.6510284514347668	-0.020247635868072683
FOSL2	-0.3448178559613503	-0.01064383757781496
FOXA1	-0.2870097819933673	-0.008783934377907006
FOXA2	-0.9870465040793844	-0.02912379414936632
FOXA3	-0.0463079589274061	-0.0012724037874483375
FOXB2	-0.9956100525316174	-0.01980865760516906
FOXC1	-0.3463801393175474	-0.010654653085407757
FOXD1	-0.2138415762296219	-0.0019880851342067947
FOXD2	-0.0109566765165555	-0.00010218196519339659
FOXD3	-0.785744459452247	-0.012629270696775967
FOXD4	-0.0249184417049369	-8.335218750301393e-05
FOXD4L1	-0.7937363337236389	-0.0016692275098208126
FOXD4L3	-0.3028394195051688	-0.0006901710370522797
FOXD4L4	-0.4241530833864688	-0.0009539202845361683
FOXD4L5	-1.212788722792232	-0.002759094344352328
FOXD4L6	0.0063912012180759	1.426516111874541e-05
FOXE1	-1.8511778709168076	-0.049641185786505115
FOXE3	-0.9654398609662134	-0.014172657158984013
FOXF1	-0.867405667092577	-0.017296069001825985
FOXF2	1.0257007552848598	0.020524272113250044
FOXG1	-1.3767875413618542	-0.03982908678405708
FOXH1	-0.3971244057610258	-0.0045911552550032195
FOXI1	-0.9864904766833243	-0.03033359566753554
FOXI2	-0.5524943891042883	-0.012017857951796478
FOXJ1	-0.4205003318608741	-0.01221427313956281
FOXJ2	-0.7870867088316735	-0.023655103947227116
FOXJ3	-1.0857436915685912	-0.031609256092636394
FOXK1	0.2640232088663215	0.0010054003793629523
FOXK2	-0.2346044890966244	-0.007785819179649675
FOXL1	-0.6127240155207909	-0.014514819203672017
FOXL2	0.2691234679185275	0.007415428035027106
FOXM1	-0.3322184467477992	-0.010137645902509092
FOXN1	-0.9033959836975548	-0.021568579110779123
FOXN2	0.4251946230018587	0.012987994954214776
FOXN3	-1.6690182225434698	-0.04588131093771999
FOXN4	0.0165679109815096	0.0005622154912465468
FOXO1	-1.3805541092479374	-0.046586798416571644
FOXO3	-0.0403711328502275	-0.0012233260676275935
FOXO4	-0.7165788573667311	-0.021078167089442396
FOXP1	-0.271562058971219	-0.007704215613013482
FOXP2	-0.8211974332920567	-0.018287245641980813
FOXP3	-0.6839771733346687	-0.024357111119620883
FOXP4	-1.400064807422332	-0.03851158265776609
FOXQ1	-0.6776625752889547	-0.014693757619990405
FOXR1	-0.1872448042417179	-0.0054491982930424746
FOXR2	-1.0576167917395138	-0.032580942886327464
FOXRED1	-0.1559112284305562	-0.0034275524458173474
FOXRED2	0.5835330588893172	0.0027951233520798293
FOXS1	-0.5345016710238084	-0.012874007248279449
FPGS	-1.0617207736639491	-0.0070965416511698355
FPGT	-0.8397224561242542	-0.0004299378975356181
FPR1	-0.3029893007964762	-0.009034534971149326
FPR2	-0.2085798526032208	-0.006193361563347435
FPR3	-0.5179296199718606	-0.01638470352780981
FRA10AC1	1.6525815591785864	0.03186507762408151
FRAS1	-0.1000557134124917	-0.0028418824280550016
FRAT1	0.4576858984478313	0.006793889476559608
FRAT2	0.7119924798581191	0.00632890115345882
FREM1	-0.5326466718347139	-0.006961159354207876
FREM2	-0.2369982263668871	-0.003864730077364828
FREY1	-0.0731812611611865	-0.0019342539137513204
FRG1	-0.2632807412019287	-0.00026486042564914024
FRG2	0.2364685668142155	0.00016836561957172142
FRG2B	0.1208278132598987	0.00010850337630738905
FRK	-0.9073548644331044	-0.0980605622638789
FRMD1	-1.0024563449296495	-0.02594357020677933
FRMD3	0.3206490321593497	0.00540421878801368
FRMD4A	-0.3084461521793598	-0.0032470126439921206
FRMD5	-0.3664136329362156	-0.0024395819680893232
FRMD6	0.4759323569419878	0.012403273154265145
FRMD7	-0.651313845368743	-0.0026280513660628785
FRMD8	-0.1946361186338044	-0.0015940698116108578
FRMPD1	-0.2989980339793142	-0.005079677599274569
FRMPD2	-1.0136155325432974	-0.024712960298938134
FRMPD4	-0.5050464167677716	-0.011450917407375685
FRRS1	-0.4913020966018067	-0.004341636627670165
FRRS1L	0.0002668397194107	4.096256532673656e-06
FRS2	-0.983171607194186	-0.09764270499688338
FRS3	-0.9842687289922027	-0.026214029059249338
FRY	-0.4882027888574204	-0.014554301541417418
FRYL	-0.582679858353939	-0.008846828289387855
FRZB	-0.1888359136453113	-0.005150499544675865
FSAF1	-0.4485884311300213	-0.0026856989371754373
FSCB	0.0895792954473643	0.0002775166572959346
FSCN1	-1.0806835992676915	-0.014165600619200901
FSCN2	-0.4794892135436724	-0.004178748496033106
FSCN3	-0.7516150456362555	-0.002223277304992044
FSD1	0.164295833730001	0.0015266368870191693
FSD1L	-0.2518493259026996	-0.003058206364436481
FSD2	0.8750224998408459	0.0067691740587687834
FSHB	-0.154788197403839	-0.006247716011811154
FSHR	0.2476935268813245	0.006353091270979092
FSIP1	-0.2755719233149959	-0.004276049534078791
FSIP2	-0.0851993950340113	-0.00010607324681734408
FST	-0.0625189033169256	-0.0016388705315498876
FSTL1	-0.1748268701523243	-0.007060208324231465
FSTL3	-0.2398495017049499	-0.007600111160524748
FSTL4	0.5527030410885281	0.009400373322833685
FSTL5	2.4478870868153564	0.054538924294246144
FTCD	-0.3927298948665346	-0.0003927298948665346
FTH1	-1.1322093780657423	-0.057777776772072895
FTHL17	-0.2997253629754689	-0.0009827994651965626
FTL	-0.3419238700940457	-0.01248227280165323
FTMT	-1.013218585139842	-0.025484473853437307
FTO	-0.7280148687542642	-0.030560608160566504
FTSJ1	-0.2094636082345341	-0.0025435165947919475
FTSJ3	-1.1893902847133817	-0.000482892455593633
FUBP1	-0.0799990673999372	-0.00016263810402407234
FUBP3	0.1620935835015103	0.0009623496052484665
FUCA1	-0.4818296262971711	-0.0026577722186551956
FUCA2	-0.3801710374303689	-0.003515821754156051
FUNDC1	-0.0024481035886424	-2.0691371531205563e-05
FUNDC2	0.2178279656993127	0.0008702227229687543
FUOM	0.6866241164928848	0.002922272239793718
FURIN	-0.9255003264673718	-0.021102332943782543
FUS	0.1024929863886449	0.003322412646774313
FUT1	-0.8216163513620235	-0.00397908798964628
FUT2	-1.155928146564423	-0.006945972232705618
FUT3	0.3471843347330645	0.0023358562040840577
FUT4	0.2804894983331964	0.0009517008678445355
FUT5	-0.9667832202485918	-0.004793311205992518
FUT6	-0.0325231763664211	-0.00014446794941964252
FUT7	-0.0715188929493311	-0.0003392141092586774
FUT8	-1.3868965886658349	-0.020675854343830267
FUT9	0.0568037131918733	0.0002473801709506082
FUZ	-0.1043293760968146	-0.0034062498001848998
FXN	-1.1395284875595346	-0.032992768300311205
FXR1	0.1479196606780925	0.01380031266262332
FXR2	-0.1515116108767944	-0.014170274918863072
FXYD1	-1.1551864484711396	-0.028544657141721858
FXYD2	-1.2084919623069577	-0.03358520012447266
FXYD3	-0.2332121166970665	-0.0028906641864601392
FXYD4	0.0165627353131637	0.00024277657422035347
FXYD5	-0.1414885720529576	-0.0018535002938937445
FXYD6	-0.4199122215277696	-0.010811060055453956
FXYD7	-0.2955194089934584	-0.00746482027117476
FYB1	0.1316377247077059	0.008081108282081358
FYB2	0.4589021935842722	0.007425496394387109
FYCO1	-0.3466960352951824	-0.02847275859465215
FYN	-0.3113312011909223	-0.02861289404545171
FYTTD1	-0.1154807634469397	-0.0028776651443342904
FZD1	-0.4214637682449103	-0.012858859569152212
FZD10	-0.3777528529663353	-0.020658925775875914
FZD2	-0.725262530570077	-0.018052509648419784
FZD3	-0.7176667188406098	-0.023365075365293735
FZD4	-0.4311781216512369	-0.013090998951453204
FZD5	-0.3814852760765719	-0.011704349755305302
FZD6	-0.108027878797012	-0.0031706182426923025
FZD7	0.4118197519153214	0.01037868138776993
FZD8	-1.0101471748389392	-0.041322090481136484
FZD9	-0.3730486081057068	-0.009593318006046356
FZR1	0.0042817933785068	8.811930772966994e-05
G0S2	-0.5671213388380957	-0.003270588761079298
G2E3	-0.52828634983359	-0.0008669179000769212
G3BP1	-0.8543054889271795	-0.003164347530986273
G3BP2	-0.4359494034310184	-0.09249451302715231
G6PC1	-0.8403946512647051	-0.00923257563879405
G6PC2	-0.4551838236663222	-0.008754095296750709
G6PC3	0.0343543817784235	0.00018640687552972594
G6PD	-0.0683965014811801	-0.0006656347524148446
GAA	-0.1534640910019676	-0.0010814614492908657
GAB1	-1.1036012370421573	-0.07619814741157574
GAB2	-0.2311000653193703	-0.005705629512669933
GAB3	0.3834970695731634	0.008648242415944408
GAB4	-0.0967548501892751	-0.0013381195781176746
GABARAP	-0.6458144789661088	-0.168088717698425
GABARAPL1	-0.2993059444854326	-0.08411664333224148
GABARAPL2	-1.1771594294057732	-0.26761660184053787
GABBR1	-0.7838679484865348	-0.0212718245180791
GABBR2	-0.3224014751268634	-0.009603050338128753
GABPA	-0.76481915951431	-0.02222564477548585
GABPB1	0.3288640861806617	0.008428128800637999
GABPB2	-0.8609841204272809	-0.005811642812884146
GABRA1	-0.4307061616432717	-0.011835374615795462
GABRA2	-0.4553690881731552	-0.011739870462192114
GABRA3	-1.1042672958658573	-0.028085934403052213
GABRA4	0.0924407790594926	0.002710086319687145
GABRA5	-0.3136399809959465	-0.008140212066768794
GABRA6	-1.0094379665850408	-0.022244984469634545
GABRB1	-0.4781416396416131	-0.012364264659492473
GABRB2	-0.8287226976147224	-0.030283184816237183
GABRB3	-0.7932916034010771	-0.021001601908440116
GABRD	-0.862288272104719	-0.021558931379162184
GABRE	-0.0609403206884144	-0.0014907221246799932
GABRG1	-0.0540164477254123	-0.001015725283028653
GABRG2	-0.1869938584608632	-0.004779189034542742
GABRG3	0.1467385227280921	0.0034392574957010226
GABRP	-1.1296615757288029	-0.029058284712471995
GABRQ	0.7020241219152089	0.02287054184375368
GABRR1	-0.3830680745932698	-0.009312001825287797
GABRR2	-0.5469732369892634	-0.01329254360531308
GABRR3	-0.2672335822510912	-0.006713709286894164
GAD1	-0.3057320751975209	-0.0029270788879410645
GAD2	-0.8941519682114745	-0.02218927524313595
GADD45A	-0.1770925057613535	-0.005355985744246375
GADD45B	-0.5203795381932663	-0.5021808249835714
GADD45G	0.8844240015727909	0.8672847488463118
GADD45GIP1	-0.4643855751868504	-0.00024194488467234906
GADL1	-0.123411580971659	-0.0008958446662732726
GAGE2B	-0.5498034603904345	-0.00036946792538237197
GAGE2C	-1.7641940316775928	-0.0011855383892873422
GAGE2E	-0.689169118196359	-0.0004638108165461496
GAGE6	-0.6927447437784432	-0.00046413897833155694
GAGE8	-1.453791279890035	-0.0009784015313659936
GAK	-1.0052704210845154	-0.09106744744604625
GAL	-0.6068474274948906	-0.02245820959673091
GAL3ST1	-0.432270520001938	-0.00264981828761188
GAL3ST2	0.5524514865132385	0.003992014441544661
GAL3ST3	0.0336126115754858	0.00023636388459881614
GAL3ST4	-0.1933205334662864	-0.0019125200375819714
GALC	-0.0332461156242031	-0.002140384923886196
GALE	-0.0248918877485965	-6.922433982884687e-05
GALK1	0.1884106737376157	0.0009030523592243921
GALK2	-0.0548922358474594	-0.0016782203265643763
GALM	0.6724330290726932	0.005334411219633676
GALNS	-0.6706116899128323	-0.004844498847930301
GALNT1	0.900787277261598	0.023030428317747275
GALNT10	-0.342519676337107	-0.005997862052339081
GALNT11	-0.7677990734205694	-0.020911007764609208
GALNT12	-0.3591515266123507	-0.00846556063377972
GALNT13	-0.3891130041314468	-0.01129050292787806
GALNT14	-0.7340154326839579	-0.02381659874429638
GALNT15	-0.5841793645245361	-0.03230219796138422
GALNT16	-0.1777257312117532	-0.004551200524870576
GALNT17	-0.9911610877361908	-0.02547977808243426
GALNT18	-0.2341490845790407	-0.005777160363818671
GALNT2	1.340980262376506	0.03465092997980891
GALNT3	-0.3632915807137019	-0.011929768927476542
GALNT4	-0.6919770357353887	-0.025271001345056394
GALNT5	-0.7654933619818574	-0.028025477475517778
GALNT6	-0.3360687349912756	-0.008929010219983201
GALNT7	-1.1695112451662029	-0.03907337070100284
GALNT8	-0.6299542652865978	-0.0174289446576843
GALNT9	-1.3267164366059598	-0.032275030753313186
GALNTL5	-0.070724964211438	-0.002521769323923033
GALNTL6	0.3108178537172308	0.007651092287103353
GALP	-0.5222907377147598	-0.017501440330083884
GALR1	-0.0218265784167976	-0.0007561818092499528
GALR2	-0.6587449105842489	-0.0206602166306538
GALT	-0.3737030525035957	-0.0301189712195798
GAMT	0.2366561335979529	0.001175234359447434
GAN	-0.2136838648046345	-0.0062568772453445035
GANAB	0.4273630876572089	0.008810517415141017
GANC	0.0719551069798773	0.0006101793071893594
GAP43	-0.8629057918205809	-0.0032289934729926137
GAPDH	-0.3018635361706679	-0.029658394292304293
GAPDHS	-0.686147398441028	-0.015465762360860773
GAPT	-0.3922562745257835	-0.008921868964088945
GAPVD1	0.2201850257323541	0.006404081473425519
GAR1	-0.577131714245609	-0.0005361553625341708
GAREM1	-0.0302455684344913	-0.00014490651836964784
GARIN1A	-0.6820783038387142	-0.0021280843079767883
GARIN1B	-0.4972612752732014	-0.0020014766329746357
GARIN2	0.0898723011580702	0.0002244111359917013
GARIN3	-0.8956482817782677	-0.0010353694137356774
GARIN4	0.1179646914129452	0.0006409021684465313
GARIN5A	-0.2492944204596105	-0.00047041857140728505
GARIN6	-0.5257787141066762	-0.0007986578667280412
GARNL3	0.5831760498162617	0.04744253800465252
GARRE1	0.9771346169207208	0.024166493345683267
GARS1	-0.3475587693597909	-0.0022365406808302546
GART	-0.9241057809592812	-0.0034903475346832052
GAS1	0.6368650158426019	0.02607006942351691
GAS2	0.2774608100678605	0.005816688422262627
GAS2L1	-0.4387748156332804	-0.0016484769823342344
GAS2L2	0.8359967445322836	0.0036407658224380953
GAS2L3	-0.8623054433300978	-0.021836160741448066
GAS6	0.0010753822998756	1.4616596219909154e-05
GAS7	1.553725525034274	0.07470312324364789
GASK1B	0.1113287859309547	0.0010596273844908268
GAST	0.5039608709799928	0.01689327235612034
GATA1	-0.9241783877736334	-0.03005243281362301
GATA2	-0.8122611416553829	-0.02228113537674881
GATA3	0.5459812770191809	0.01748395843398523
GATA4	-0.401814243771248	-0.009992718428347166
GATA5	-0.1451776958637344	-0.00416006687497531
GATA6	-1.1797959607159572	-0.0343061069456986
GATAD1	-0.2967098204957786	-0.0031795424364327632
GATAD2A	0.4884516805603996	0.011057569144526326
GATAD2B	-0.7481827961323502	-0.021757903894324873
GATB	-1.461948103255293	-0.005450142528935733
GATC	-0.1817942266523229	-0.005985756706754383
GATD1	-0.3900037753875521	-0.002081060145467978
GATD3	-0.2880414325075943	-0.003607430900725111
GATM	-1.4790111778422608	-0.005238657591917288
GBA1	0.2206337534603905	0.002513018451913848
GBA2	-0.1194776542296423	-0.000241822772160796
GBA3	-0.4517154150792294	-0.0015001468934781209
GBE1	-0.6167311539537936	-0.018615413150941305
GBF1	-0.0136833448716385	-0.0005207333724350748
GBGT1	-0.6396376262557854	-0.00464696735474828
GBP1	-0.6092606338821647	-0.00882392176051539
GBP2	-0.6825653863197533	-0.008398284513278245
GBP3	-0.2792560997811879	-0.004086354508098123
GBP4	-0.6128552901512817	-0.003084500675331401
GBP5	0.1613887916314751	0.000580192705915153
GBP6	-0.0559012973531944	-0.0006126782189910106
GBP7	-0.538857172485826	-0.001423660649707552
GBX2	-0.6239370175768744	-0.004657065899193791
GC	-0.1711193154839203	-0.0008181214473286228
GCA	1.014802730660307	0.024389768828689817
GCAT	-0.4588250712309161	-0.002868574345335687
GCC1	-0.2715989236418024	-0.009698797563248762
GCC2	-0.2831188144460913	-0.019624946860959714
GCDH	-1.1742798380909705	-0.006328194047472239
GCFC2	-0.4060962464553639	-0.024321104200211743
GCG	-1.0719580128922392	-0.0371830075931931
GCGR	0.5457389869622652	0.01597323440939854
GCH1	-0.7700176817447696	-0.02367727369596992
GCHFR	-0.7790782690167634	-0.035430921518344365
GCK	-0.3770531867894185	-0.030915344891238
GCKR	0.4753210112390326	0.004450430628231062
GCLC	-0.9191387751818924	-0.07630046714417443
GCLM	0.0375006508710558	0.0003354058213907231
GCM1	-0.7873455216809271	-0.021327615491292952
GCM2	-0.3723304384393089	-0.00025951431559219834
GCN1	-0.5290776814996373	-0.004661174374011805
GCNA	-0.655395991783577	-0.002955835922943932
GCNT1	0.0598051729700731	0.0010861217463094977
GCNT2	-0.4163863581230808	-0.004935427502832877
GCNT3	-0.5867997185941534	-0.009462732262049318
GCNT4	-0.1558492752023103	-0.0010067863178069244
GCNT7	-0.1188164691826499	-0.002349476861617719
GCOM1	-1.1904266179159977	-0.007823483732943937
GCSAM	0.0736576863901858	0.0007546966547538437
GCSAML	-0.2122227958963446	-0.0015965520935282004
GCSH	-0.4614525648004365	-0.003327534444775948
GDA	-1.5107690007408945	-0.005447833016671665
GDAP1	-0.9314138474295433	-0.0036837417665838436
GDAP1L1	-0.2745209817273776	-0.0010692592238281359
GDAP2	1.255927573255851	0.004133257643585006
GDE1	-0.2927023708533091	-0.02746075102871575
GDF10	-0.7724035369221316	-0.01668623360812881
GDF11	-0.3889258134391773	-0.010535611360253874
GDF15	-0.0830292873649178	-0.0022862114275930116
GDF2	-0.5924344857943004	-0.01621730161413318
GDF3	-0.4927811486407234	-0.003220817587515768
GDF5	-0.4136727638753161	-0.007277744934858436
GDF6	-1.045538396852514	-0.0330839714916041
GDF7	-1.0529342393075525	-0.02925893664187827
GDF9	-0.418939924914424	-0.007835433415674473
GDI1	0.6399970631169193	0.12001096928155847
GDI2	-0.2248403417288399	-0.03849918687388753
GDNF	0.6895297673911578	0.02270759429972561
GDPD1	-0.1447875378213768	-0.000680935790373935
GDPD2	-0.4767745338472808	-0.0007771424901710677
GDPD3	-0.0020555357009485	-1.3858421695794786e-05
GDPD4	-0.2040777473340451	-0.0003973393740593858
GDPD5	-0.1788865663977764	-0.0021876038204784076
GDPGP1	0.0031182117707573	2.1671571806763235e-06
GEM	-0.1505054110212019	-0.0012502484493531242
GEMIN2	-1.0422088705183634	-0.29516293201063515
GEMIN4	-0.548655734192899	-0.03567579046015907
GEMIN5	0.7322079079200831	0.023642993346739482
GEMIN6	-0.668433364512439	-0.002994581473015726
GEMIN7	-0.2414867123146024	-0.009025565872758264
GEMIN8	-1.1992809022026705	-1.0514047698374724
GEN1	-0.1040871670515861	-0.001968808764780751
GET1	-0.0110837255983908	-0.0004523933440239189
GET3	-0.8895942919093212	-0.8665395662401991
GET4	-0.9989588191870652	-0.10465592069213288
GFAP	0.0214107144498967	0.0008462156672032673
GFER	-0.0041138912835094	-0.00016019081268857252
GFI1	-0.3062695377930863	-0.00847355930212132
GFI1B	-1.0345611272010835	-0.0008121304848528506
GFM1	0.8117649523093905	0.0010536709080975887
GFM2	3.4607769982262013	0.0016196436351698623
GFOD1	-0.2749458444709126	-0.003337017714343466
GFOD2	0.6368902232320284	0.005112954712106724
GFPT1	-0.3388546749105804	-0.004592158554388185
GFPT2	-0.4298833127872973	-0.0004199959965931895
GFRA1	-0.1305767110757052	-0.007143068402685378
GFRA2	-0.6036738317448296	-0.02114005391387219
GFRA3	-0.4319951826860745	-0.01441092729922476
GFRA4	-1.2665756759578768	-0.04376272275569656
GFRAL	-0.2039087029545108	-0.008108225664283167
GFUS	0.3540428760847257	0.004458461938534951
GGA1	-1.4699500651198314	-0.1434935854568677
GGA2	0.8631014687649055	0.06702673386134503
GGA3	-0.5997776513924993	-0.020675535198802237
GGACT	-0.6315815339941449	-0.008733509452071036
GGCT	-0.400364511540198	-0.0023048984929369197
GGCX	-0.9461760164220588	-0.0074700596496521535
GGH	-0.5078246327086038	-0.0004590734679685778
GGN	0.631285156344504	0.016491693424343822
GGNBP2	0.1560918465600718	0.0050386448069591186
GGPS1	-0.197580680992478	-0.012571268408827406
GGT1	-1.2250425457611864	-0.005200305606756236
GGT5	-0.1095825149075647	-0.0004247418277817208
GGT6	-0.0473129007595442	-0.0002774901629547268
GGT7	0.268014858095554	0.002863470743892899
GGTLC1	-1.1905010157145552	-0.0009631153217130752
GGTLC2	-0.6148003604834096	-0.0014201888327166762
GH2	-0.7527484809395584	-0.049524075309494486
GHDC	-0.1499144042496935	-0.0007476231339932215
GHITM	0.2740196265233876	0.0023269746684366076
GHR	0.3785426924564303	0.02071461321660078
GHRH	-0.3826452036926733	-0.012054471851930287
GHRHR	-0.4370395608636441	-0.013806516767243381
GHRL	-1.2192547306868222	-0.046371915172211904
GHSR	-1.1949261848153263	-0.03564703794541082
GID4	-0.6900179355542807	-0.04157772072475874
GIGYF1	0.0963019691075225	0.00010930273493703804
GIGYF2	-0.8073411373427737	-0.030967991346194115
GIMAP1	-0.1506923468377355	-0.00010985472084470918
GIMAP2	0.4041271415912765	0.00024692168351226994
GIMAP4	-0.8121074824160722	-0.0006098927192944702
GIMAP5	-0.4849035538164237	-0.0006919573712960367
GIMAP6	-0.3620282986769456	-0.0003565978741967914
GIMAP7	-0.454284770188657	-0.0003856877698901698
GIMAP8	-0.7145374282627156	-0.0012847382960163626
GIN1	0.6624028835441973	0.0007452032439872219
GINM1	-0.6489261252222109	-0.0009850698580873161
GINS1	0.2499908972880115	0.016278407267806154
GINS2	0.1956897766301925	0.02729617987281566
GINS3	0.0127172514353991	0.0003598346293646175
GINS4	-0.8996813881958832	-0.0021124518994839335
GIP	-0.6286756716649012	-0.019639827982811515
GIPC1	-0.1430542107158713	-0.004292484646740434
GIPC2	-0.0375537942897135	-0.00026058577857632193
GIPC3	-1.06397486283792	-0.018428044624352772
GIPR	-0.2610421874849691	-0.008906759436987145
GIT1	0.3909185803385087	0.011823723380918532
GIT2	-1.3038915137498484	-0.05571528438253102
GJA1	-0.2985829924393213	-0.022697084753267448
GJA10	0.4318477527410543	0.0032461995573545054
GJA3	-0.4265375913567584	-0.004578454505623445
GJA4	-0.7723606126082164	-0.01680656693035479
GJA5	0.2305724981712148	0.0020437946237896482
GJA8	0.0296334910719769	0.00032647217113996956
GJA9	0.2525697271854727	0.00170711878604661
GJB1	-0.4124417637701711	-0.00568963413120951
GJB2	-0.0599782381478874	-0.0005556983764401768
GJB3	-0.3539429137008091	-0.00206915027349493
GJB4	0.4532789371590624	0.002465384139208141
GJB5	-0.283075473195169	-0.0019407654442260788
GJB6	-1.1601731134918256	-0.008904328646049762
GJB7	-0.5411337030184317	-0.003193229981511765
GJC1	0.98726100716017	0.025691493189329104
GJC2	-0.1820866571636682	-0.00186693449589909
GJC3	-0.861083233023671	-0.0054859612775938075
GJD2	-0.322341664611154	-0.0024120826762852655
GJD3	-0.7920137119138053	-0.007165348051684196
GJD4	-0.8140137149230346	-0.005946370187512768
GK	-0.8998800979202243	-0.0013858153507971453
GK2	-0.4536186782647895	-0.0006985727645277758
GK5	0.4795581903876974	0.0003208244293693696
GKAP1	0.0617005535018114	9.261253080621891e-05
GKN1	-0.6162149420637061	-0.0015004833839251243
GKN2	-0.5417304036645021	-0.012742040824592753
GLA	-0.2038863322250878	-0.007254275700568624
GLB1	-0.4202282173965814	-0.02720431410960249
GLB1L	-0.1204407263974705	-0.0005620968700969949
GLB1L2	0.4298270780352273	0.002776682924107568
GLB1L3	-0.6875077664054988	-0.0032732244758565798
GLCCI1	-0.5489689463984316	-0.013421192801548857
GLCE	-0.8536489233209812	-0.01623298792587178
GLDC	0.3321445770734608	0.0010515697310145768
GLDN	-0.0296950749177818	-0.0002629201933220401
GLE1	-0.8086159374413027	-0.02402721396513087
GLG1	-1.229488979763822	-0.044959953012003444
GLI1	0.2992479924521434	0.008834099985179724
GLI2	0.394139652294993	0.011149028344468466
GLI3	-0.2378924328418807	-0.007004980577462019
GLI4	-0.0755838485011126	-4.338512903963863e-05
GLIPR1	4.503851778938132	0.024266753384918655
GLIPR1L1	-1.5505875326762717	-0.0072970649287745345
GLIPR1L2	-0.6788229853835688	-0.0035353101078776264
GLIPR2	-0.673290674677391	-0.0008389201806480291
GLIS1	0.7657737314399127	0.012699591562199512
GLIS2	-0.5150189174861731	-0.014017269877221175
GLIS3	-0.0979354251528909	-0.002444468211816157
GLMN	0.1747855208680409	0.01377327382992249
GLMP	-0.7264143163531496	-0.024419143658527476
GLO1	0.1894160838504394	0.0015668498456108348
GLOD4	0.0959342856048049	0.003553405938801973
GLP1R	-0.562743885833345	-0.01703200644863202
GLP2R	-0.4160226087017528	-0.0130539574158436
GLRA1	-0.0676689071262661	-0.0015197759851488103
GLRA2	0.3999356321853017	0.007792745793130603
GLRA3	-1.0772273534496386	-0.023730241369142088
GLRB	-0.2812759999504204	-0.007370556302700817
GLRX	0.8737335666104293	0.02132871009452719
GLRX2	-1.0986366230653304	-0.07082470854252958
GLRX3	-0.1618750908029371	-0.032058228607886076
GLRX5	-0.1129352187682145	-0.0020618582890512918
GLS	0.6856799171382835	0.009829221612177294
GLS2	-0.3726408415297729	-0.00731643028259556
GLT1D1	-0.9259166478942652	-0.0012314691416993727
GLT6D1	-0.2288544646138038	-0.0016722395729330643
GLT8D1	0.1682092227661178	0.0009557648037570814
GLT8D2	-0.1215496499658639	-0.0010286746876611063
GLTP	-0.2171794284844904	-0.0038660110064524136
GLTPD2	-1.1052397280827029	-0.0073785804246801244
GLUD1	0.2418169903092547	0.0009193881971557863
GLUD2	-0.5050687856155786	-0.00336981893762714
GLUL	-0.4351827458735557	-0.011771258093133808
GLYAT	0.1840456279068988	0.00037453285279053904
GLYATL1	-0.7293544231770821	-0.006165232939115875
GLYATL2	-0.370820214763446	-0.0016041682490666675
GLYCTK	-0.4714439053318201	-0.00948262271184423
GLYR1	-0.0250570976632915	-0.0007123983436650406
GM2A	-0.9325807417486608	-0.056770852653949724
GMCL1	-0.7413590948898605	-0.01451877651432303
GMDS	-0.4397283310120599	-0.0015271764936048838
GMEB1	-0.7840284067437595	-0.01590715234442414
GMEB2	-0.2798484536604366	-0.0006167859918676022
GMFB	-0.2274047304307863	-0.0032257361011607034
GMFG	-0.6758571700479196	-0.006175982819897889
GMIP	0.1695477820773202	0.007415511344715754
GML	-0.1621737365821904	-0.004045586032779321
GMNN	0.0945483034011011	0.002751450177275443
GMPPA	-0.1705324981538448	-0.0014508904942929115
GMPPB	-0.1288303094050991	-0.0071785536703615265
GMPR	-0.5923934498327624	-0.014529041750598331
GMPR2	-0.0372693133832958	-0.0015151466662845076
GMPS	-0.4734440931094963	-0.007593569809383212
GNA11	-0.8985239852722775	-0.04505918081343417
GNA12	-0.8858548793749553	-0.019731531583197754
GNA13	-0.7782633234223307	-0.029627706459364706
GNA14	-0.0991475854949293	-0.005274552400744744
GNA15	0.0743896566501436	0.0026534046630539722
GNAI1	-1.078103781698768	-0.03303956849394044
GNAI2	-0.0480613630479758	-0.0016869057816209026
GNAI3	-0.930485233485912	-0.044720981291799904
GNAL	-0.5455414536769335	-0.01690251085927243
GNAO1	-0.5930923965992543	-0.040065170667469424
GNAQ	-0.331343190266096	-0.010138438935762006
GNAS	-0.1232733889646354	-0.003003309575345412
GNAT1	-0.3753550407181106	-0.021779976237668367
GNAT2	-0.0024001795186037	-0.0001390231980765635
GNAZ	-0.2120914271901219	-0.008008572290699003
GNB1	-0.3276684163168414	-0.008310654043044048
GNB1L	-0.4566920349232432	-0.00722395460841586
GNB2	-0.7793512662367785	-0.021622321530473186
GNB3	-0.0318256699956926	-0.0008563969539140921
GNB4	-0.4036780161898138	-0.010235256100492729
GNB5	-0.506679206892245	-0.012572231160617276
GNE	-0.4233731335031583	-0.013227870183172678
GNG10	-1.1775451433353736	-0.01911509031176312
GNG11	0.4799271660940388	0.016855522000388735
GNG12	0.1383790593335144	0.0026588152460341455
GNG13	-0.3231041592634102	-0.014286373505990943
GNG2	0.5855748374415826	0.02750269339011881
GNG3	-0.6650283480934385	-0.022680791811726723
GNG4	0.2989187252361132	0.0091902562073843
GNG5	-0.6909560179898194	-0.015692993080584777
GNG7	-0.1660743362485485	-0.004134918823916361
GNG8	-1.1631955441473298	-0.02660344529019358
GNGT1	-0.8395297518033522	-0.03328735465900291
GNGT2	0.0363398029354984	0.001741585055683761
GNL1	-0.1115538944936039	-7.541043267767622e-05
GNL2	0.0340488723190335	2.175722941186241e-05
GNL3	-0.5799041498054671	-0.000326486036340478
GNL3L	-0.9773729609231604	-0.0054537411219512345
GNLY	-0.0043713033011446	-2.624967632337332e-05
GNMT	-0.7475285771112317	-0.0077899953020761446
GNPAT	-0.8060885896852217	-0.0023537786818808473
GNPDA1	-1.955032466293027	-0.15607219681663864
GNPDA2	-0.3070119278890849	-0.03155837009157481
GNPNAT1	-0.3267625586360834	-0.0038838997719484875
GNPTAB	-0.0819955197502678	-0.002280787377373449
GNPTG	-0.0655832990514815	-0.0006438312467883938
GNRH1	-0.0796609616561572	-0.002587547356515298
GNRH2	-1.4751738010832418	-0.03856546868171919
GNRHR	-0.4511729663892387	-0.016105972554163045
GNS	0.0481316653092537	0.0001278858347266871
GOLGA1	-0.4317974910553266	-0.011254369806866032
GOLGA2	-0.3004642812946182	-0.0062108971586410525
GOLGA3	0.4511739483843796	0.005214668495426659
GOLGA4	-0.0998880254325235	-0.003189724316136773
GOLGA5	-0.366432585559868	-0.01810323545699972
GOLGA6A	-0.097548466862514	-0.0003532229985091632
GOLGA6B	-0.2544538217745063	-0.0009106902281309582
GOLGA6L9	-0.3035624526621514	-0.0027994529384503604
GOLGA7	-0.1355856097336895	-0.010225866686114861
GOLGA7B	-0.1519786211535661	-0.004133362559513538
GOLGA8A	-1.0123726883291924	-0.004611357595339471
GOLGA8B	-0.805161675959946	-0.005607145911385064
GOLGA8F	-0.7023708012254589	-0.005566990970512988
GOLGA8G	-0.324209775713726	-0.0025252699430342116
GOLGB1	-0.5317313932346971	-0.0466966509538711
GOLIM4	-0.3429162322545742	-0.010189412925212417
GOLM1	-0.1694025038902592	-0.007639036510427349
GOLM2	-0.2173499094828683	-0.00590300619164522
GOLPH3	-0.6626928679905476	-0.12292555085503863
GOLPH3L	0.6529351058154887	0.023304559796766426
GOLT1A	-0.6260015234641426	-0.004572941128905562
GOLT1B	-0.652836132374556	-0.004225808284860501
GON4L	1.4868640058966975	0.07432089733474644
GON7	-0.3124603481906998	-0.0002874635203354438
GOPC	-1.3074634646103478	-0.04511402684638005
GORAB	-0.3055343225918292	-0.0024577180909286745
GORASP1	-0.1087356805469218	-0.003816404915835861
GORASP2	-0.3427705711628388	-0.025224829102444474
GOSR1	-1.3066084359697512	-0.09387328308224678
GOSR2	-0.1638272446145858	-0.00902442376959446
GOT1	0.3987171650315431	0.0015633700040886805
GOT1L1	-0.4411362201985124	-0.0014363395329663564
GOT2	-0.4005380136722888	-0.0028037660957060217
GP1BA	-0.3193427621318265	-0.019434242475056564
GP2	0.1806085023211807	0.0061154038885951785
GP5	-0.4508362006307996	-0.022795179976294492
GP6	0.3042271513610454	0.013032178482853101
GP9	0.5633778113633424	0.031255637596626876
GPA33	0.618112750494335	0.04772633980391909
GPAA1	0.635848218576669	0.01861699999170629
GPALPP1	-0.0595391712690018	-0.0008783218545603146
GPAM	-0.3472377020891029	-0.0016865335190467726
GPANK1	-0.7275230466805269	-0.0005972964213247126
GPAT2	2.1498995660403577	0.016373635094963365
GPAT3	-1.0366632142445216	-0.005175022765508652
GPAT4	-0.2396036405993923	-0.0010394005929201637
GPATCH1	-0.4702385651466236	-0.00023605975970360503
GPATCH11	0.2127014717170328	0.000680857410966222
GPATCH2	-0.3362940097671253	-0.009453224614553892
GPATCH2L	-0.3314803908440574	-0.007560073273980417
GPATCH3	0.2254672869759217	0.0001226542041149014
GPATCH4	-0.4316980431623833	-0.0003889599368893074
GPATCH8	-0.3700475982858279	-0.0006782972476579225
GPBAR1	-0.5057458492262141	-0.014001068089978513
GPBP1	-0.1591623715333844	-0.00020945768093793383
GPBP1L1	-1.105887783557894	-0.02459715608189468
GPC1	-0.3119359736411926	-0.006600565202247635
GPC2	-0.9885537370619104	-0.05425380619743177
GPC3	-0.6588259270817179	-0.02901205852497053
GPC4	0.0472216908337528	0.0019385448521072198
GPC5	-0.8343743074069996	-0.0462510366081848
GPC6	-0.1302614687330162	-0.005734500638033572
GPCPD1	-1.027535241008929	-0.03951078508727533
GPD1	-0.0685100131251611	-0.00015962833058162537
GPD1L	-0.2419744585328108	-0.0007068073933743403
GPD2	-1.0545600173275078	-0.006247213542648156
GPER1	-0.9552292339062316	-0.033250574403042014
GPHA2	-0.4990793971844424	-0.038091236831308196
GPHB5	0.5181400664360637	0.0379542780065081
GPHN	-0.847536349970577	-0.09745566227406674
GPI	0.2721699967895394	0.006847252779231232
GPIHBP1	-1.4261052968987886	-0.02014088510810159
GPKOW	-2.1544670921520757	-0.0013788589389773286
GPLD1	-0.280223585148583	-0.0026733330023174817
GPM6A	-0.9405979728952614	-0.007201218080486121
GPM6B	-0.5005663501863459	-0.003320256600786032
GPN1	-0.9829135939089212	-0.0010133839153200978
GPN2	-0.3553630993794201	-0.0012665140861882532
GPN3	0.2422450452457778	0.03328858738253905
GPNMB	-0.562882822775608	-0.023125477890913078
GPR101	0.3386666907852045	0.001195832085162557
GPR107	-0.9000414009187574	-0.005810667284331498
GPR108	-0.5060083698514695	-0.003363943642772569
GPR119	-0.8216186453077102	-0.0028082925296617537
GPR12	-0.1518066841727933	-0.0011760463822866297
GPR132	-0.2336201894113756	-0.0007709466250575395
GPR135	0.1080954661877615	0.003475161142470344
GPR137	-0.8650027951686754	-0.0075359043515095
GPR137B	-0.8483026767743662	-0.006514964557627133
GPR139	-0.3078199016247306	-0.003834512514539269
GPR141	-0.035586623796149	-0.0001461186773069878
GPR142	-0.5117477231029972	-0.012667803137691594
GPR143	0.0327335806989146	0.00033231131125538096
GPR146	-0.6997947628279104	-0.009349258031380883
GPR148	0.0076098097865014	2.625384376342983e-05
GPR149	-0.8744499939237428	-0.0034051082763390545
GPR15	-0.8459942314061012	-0.02165576033553338
GPR151	-0.5014021771883158	-0.002668963789173405
GPR152	-0.696307660686859	-0.007946263023758435
GPR153	-0.5208374740542876	-0.006937034316929056
GPR155	-0.41645301004174	-0.00474839722049592
GPR156	0.811681210181295	0.0065015664935521725
GPR157	0.4709775861664619	0.0033938644859155243
GPR158	-0.1327909023848516	-0.003158697195028465
GPR15LG	-0.4680776173034183	-0.002842167292266356
GPR160	-0.596375821622035	-0.0030433058177372443
GPR161	0.0359518300332304	0.000344849953678746
GPR162	-0.3850729409064705	-0.003962015488986674
GPR17	-0.7399073200924982	-0.00877604072361712
GPR171	-0.4294159764739472	-0.0026868557647974876
GPR173	-0.0383324951740806	-0.0009643689135895196
GPR174	-0.3103658326025781	-0.003096519911875922
GPR176	-0.2742660300735948	-0.006474049639887206
GPR179	-0.3517200335301892	-0.004587836117367788
GPR18	-0.9548948180367736	-0.0070070181747538445
GPR180	-0.6271934713495337	-0.0034169500319122595
GPR183	0.1269566387419004	0.0007081641309023204
GPR19	-0.7110266243399611	-0.02156543751623102
GPR20	0.3023149353462776	0.0015514802481970968
GPR21	-0.4350995345146794	-0.0014362635634329569
GPR22	-0.624588035289299	-0.016075022264240686
GPR26	-0.6979538964996467	-0.004126303436105911
GPR3	-1.1272898625101326	-0.00543804629674888
GPR31	-0.796662088291725	-0.023107980532989778
GPR32	-0.2991868082881418	-0.004549434606829485
GPR34	-0.3480913336195173	-0.0036915085930349805
GPR35	-0.3543244168498697	-0.0013655663025393977
GPR37	-0.7315838928286496	-0.01897143350883254
GPR37L1	-0.7204488868453567	-0.02192686187113843
GPR39	-0.5524839480838938	-0.019388871674056167
GPR4	-0.8945443130951564	-0.03279757269532081
GPR42	0.1950570847868279	0.00487077046421188
GPR45	-0.47089228430769	-0.015032294391954387
GPR50	-0.090026944848831	-0.0008152840125510135
GPR52	0.4607055164674537	0.0015834448600986384
GPR55	-0.3121992559921866	-0.0018310486363941746
GPR6	-0.6491839625642116	-0.003451061944991349
GPR61	-0.4082601920304192	-0.014188266453633159
GPR62	-0.5834928017246901	-0.014977093234669345
GPR63	-0.0730932967763108	-0.002469383938290884
GPR65	-0.5762880717152157	-0.017269048357018153
GPR68	0.1815295923728451	0.0020104402355292593
GPR75	-0.507389866331911	-0.0024471413253188065
GPR78	-0.9629573479813972	-0.0028089465840617357
GPR82	-0.7460330990323134	-0.0027558462678253658
GPR83	-0.3200461805620181	-0.010404381283890648
GPR84	-0.5637660069606822	-0.019324207420591308
GPR85	-0.571177778378156	-0.014719822526583456
GPR87	-0.436483853729909	-0.0020209202427694784
GPR88	-0.1112461916495727	-0.0005970583105832567
GPR89B	-0.4751841574000829	-0.0038399631759500697
GPRASP1	-0.5981587522182689	-0.0015725593595818288
GPRASP2	-0.8787798028670796	-0.0004965105886198999
GPRASP3	0.1112109667965156	7.884857545872955e-05
GPRC5A	-0.0065690227452991	-3.621502239483394e-05
GPRC5B	-0.0729653417423413	-0.0012666783326470451
GPRC5C	0.0833323769739546	0.0006918253936377711
GPRC5D	-0.5769795733686561	-0.0031855042245683505
GPRC6A	-0.8458207143452364	-0.01685382355404318
GPRIN1	-0.6190803278970491	-0.004826350236285395
GPRIN2	-0.2534237375768787	-0.0009475513547999494
GPRIN3	-0.052935790246041	-0.0001709826024947124
GPS1	-0.2564699982703513	-0.03167635301637282
GPS2	-0.2893876238344204	-0.008044107779725383
GPSM1	-0.9956801243484676	-0.004692640426054328
GPSM2	-0.674453432434462	-0.0031699311324419714
GPSM3	-0.8931137579181546	-0.00792191903273403
GPT	-0.0292067485825088	-9.477589915024105e-05
GPT2	0.4451394326542004	0.0013892801693137595
GPX1	-0.6290322846297132	-0.002397242036723837
GPX2	-0.7513265685288837	-0.007998622648558495
GPX3	-0.2125820093810361	-0.0036075166991961826
GPX4	-1.3111708439291818	-0.01612477903864108
GPX5	-0.7187461217054407	-0.012654962964867695
GPX6	-1.6425751571114913	-0.02213698539239157
GPX7	-0.2139472157205528	-0.001955905446117294
GPX8	1.3370629384909822	0.012343765048148748
GRAMD1A	-0.1758492104810352	-0.002149404899709693
GRAMD1B	-0.5564871034737249	-0.006867050856865765
GRAMD1C	-0.1472325015286373	-0.0005718510359372272
GRAMD2A	0.4693020152483226	0.0034981772216609967
GRAMD2B	-0.4472796660447173	-0.0068576918397976055
GRAMD4	0.093547310864593	0.001893771761142821
GRAP	-0.7189699747779529	-0.05106268554867977
GRAP2	0.4564212531321343	0.028165755530784008
GRB10	-0.6761157785652765	-0.03479697465964052
GRB14	-0.6511283729893016	-0.039602278773582314
GRB2	-0.2853712435545154	-0.014940040713809543
GRB7	-0.4058208398989754	-0.03896204719702083
GREB1	-0.0935930265356542	-0.00024100204332930955
GREM1	-0.1485525682325963	-0.004104507460266636
GREM2	-0.6640839593019796	-0.025553950753940177
GRHL1	-0.4297691555546269	-0.009485864801401726
GRHL2	-0.287014944996885	-0.0030966042415713924
GRHL3	-0.7682421656310254	-0.009967173856896924
GRHPR	-0.7382785993461038	-0.004175703757901563
GRIA1	-0.442201868894736	-0.011997378904983083
GRIA2	0.4305511907714384	0.01623866871113557
GRIA3	-0.0082736613454152	-0.00016515882777717823
GRIA4	-0.525509253726523	-0.016373817327611007
GRID1	-0.6509226487535846	-0.015872748789856162
GRID2	-0.9747808974353672	-0.03810028615715877
GRIK1	-0.5353429895548473	-0.013428543549993788
GRIK2	-0.9525424717910184	-0.039698160054362476
GRIK3	0.0588542057407498	0.001630614624253214
GRIK4	-1.22370322832749	-0.031198313806209358
GRIK5	0.0041252049291462	0.00020946140548232744
GRIN1	-1.1694295513938886	-0.03843914935431712
GRIN2A	0.2912415698434799	0.007981475221560565
GRIN2B	-0.2479055571712872	-0.009382233716704535
GRIN2C	-0.9487475560998048	-0.021850604964534604
GRIN2D	-0.9108837923165436	-0.0289943419932279
GRIN3A	-0.4471661952860253	-0.017485986900464733
GRIN3B	-0.0330789935502413	-0.0004827217528786713
GRINA	-0.5830936533368521	-0.0016384931658765544
GRIP1	-0.9882472717263656	-0.05229112788885719
GRIP2	0.532805982229091	0.04354516731561915
GRIPAP1	0.2056826031106515	0.02361359693272146
GRK1	0.3433409171674937	0.008337004150661083
GRK2	-0.2339494048157139	-0.01183316089557881
GRK3	-0.163398211758479	-0.014258944949103668
GRK4	-0.8363423478277681	-0.023755468047699922
GRK5	-0.0445038558434101	-0.0007023153490648548
GRK6	-1.2103421762741875	-0.0210442194188793
GRK7	-0.8431951111056065	-0.022091711910966892
GRM1	-0.2401366802819427	-0.01797927338938933
GRM2	-0.5253791399351369	-0.01382482668825319
GRM3	0.4204348925595179	0.02039487620316965
GRM4	-0.0590731204300279	-0.0017428933451675431
GRM5	0.0260692629499266	0.0010472805004874013
GRM6	-0.3165796337741213	-0.010050453633427029
GRM7	-0.917133027068812	-0.0719665115010626
GRM8	-0.1715741789936549	-0.011676480751413185
GRN	-0.4659198417307749	-0.013623962092049588
GRP	-1.0439810518299988	-0.032060658101699266
GRPEL1	-0.0950512901708643	-0.006692086084479701
GRPEL2	-0.2924003738992741	-0.024927424275287012
GRPR	-0.0908585011363737	-0.003090733633156024
GRSF1	-0.7033367933260377	-0.0007532737056521864
GRTP1	0.0805618860438102	0.000814561229788965
GRWD1	-0.2653910326161897	-0.03373173102758294
GRXCR2	-0.5139820063860221	-0.0010053488044910591
GSAP	-1.4591821096820636	-0.09646361090686187
GSC	0.8067193304426288	0.0023499734095793774
GSDMA	-0.4360775681842777	-0.007807532780771308
GSDMB	-1.0775265395202138	-0.013170606892555572
GSDMC	-0.5283399363200797	-0.003942472604820435
GSDMD	-0.2013812575689489	-0.014562281497325833
GSDME	-0.4903252516495743	-0.0020931984992920327
GSE1	-0.2910225141319119	-0.00634603694316047
GSG1	-0.2101119711369862	-0.0026278704230102866
GSG1L	0.1683243874217134	0.0012600763642389465
GSK3A	0.1578364701650318	0.010531322798821418
GSK3B	-0.7395278552883302	-0.026637793347485658
GSKIP	-0.7543437137164176	-0.0357008249390569
GSN	-0.076282885359581	-0.002705753943704338
GSPT1	-1.561875857720903	-0.0009136973767667284
GSPT2	0.6839942921456446	0.00040424062665807595
GSR	-0.6074121069988847	-0.04566767185260415
GSS	-0.2804334139443496	-0.0007936265614625095
GSTA1	-0.5084163719474246	-0.002326513318031415
GSTA2	0.1095783816567159	0.0005000061554995948
GSTA3	0.949874820052743	0.009677324666697346
GSTA4	-0.3927661078290448	-0.0024245451836286936
GSTA5	0.1180721613737011	0.0006340475065767749
GSTCD	-1.0990428645574677	-0.0016771394113146956
GSTK1	-0.1972664420441086	-0.0007648019958050089
GSTM1	-0.0650591324949333	-0.0005755130860501799
GSTM2	0.361889992039605	0.002930585155536721
GSTM3	-0.2259653511723766	-0.001576108324427327
GSTM5	-0.1794205175065194	-0.0011299904192560591
GSTO1	-0.7445308500327661	-0.01161170313711102
GSTO2	-0.1251495373283933	-0.0018957651914505015
GSTP1	0.0618488294208646	0.0018330137575461641
GSTT1	-0.3809996142103328	-0.0018554681212043208
GSTT2	0.0609542731365311	0.00023601494558464842
GSTT2B	-0.5255431397000319	-0.002029647605521523
GSTZ1	-0.9075373893632848	-0.003508539547278459
GSX1	-0.1614975400875216	-0.0009852964920739691
GSX2	-0.4846405635487875	-0.0064340881216737025
GTF2A1	0.0727719086150087	4.184384745363001e-05
GTF2A1L	-1.1914678052294565	-0.036461297775631826
GTF2A2	-0.0144488803994353	-4.1135962497192304e-05
GTF2B	0.1992395753001859	0.01836032534306273
GTF2E1	0.2440191095480481	0.016106481325718913
GTF2E2	-0.4880925470101816	-0.0383650503800943
GTF2F1	0.4285020903246438	0.00902896754523057
GTF2F2	-0.3915319242790742	-0.00024353285690158417
GTF2H1	-0.8317263257877984	-0.09144165570976212
GTF2H2	-0.5573522523514791	-0.09361399900945913
GTF2H2C_2	-0.4949723040600261	-0.07782004061662137
GTF2H3	0.010429406396258	8.74088550070383e-05
GTF2H4	-0.544898074490773	-0.00031386129090668527
GTF2H5	0.1646512804837367	0.00021009503389724803
GTF2I	-0.1712654774695461	-0.005152521889671294
GTF2IRD1	-0.4645316646650155	-0.007517980460938611
GTF2IRD2	0.0480094093811472	0.0009498181551966161
GTF2IRD2B	-0.4940938122640908	-0.010942695660212819
GTF3A	-0.4501834136186957	-0.017194305299752462
GTF3C1	-0.1992322071911764	-0.0003705719053755881
GTF3C2	-0.1154870132900557	-0.003865581308844745
GTF3C3	-0.6095488590262748	-0.07781683598987131
GTF3C4	-0.8943801950863661	-0.032825541920059806
GTF3C5	-0.6096905191627656	-0.00942886387885217
GTF3C6	-0.1985283093316241	-0.0015157636417469501
GTPBP1	-1.7032110437327832	-0.0014409165429979346
GTPBP10	-0.0897647098964055	-0.00023545283405827162
GTPBP2	-0.8584943489399607	-0.0005348419793895954
GTPBP3	-0.0916787784233317	-0.00024844948952722895
GTPBP4	-1.8203978286940343	-0.00116869540602157
GTPBP6	-0.3248831400575397	-0.00013872510080456947
GTPBP8	-0.1607168118394557	-7.842980417765438e-05
GTSE1	-0.2715688823220338	-0.006296867674400997
GTSF1	-0.2573336913802526	-0.003680643787811753
GTSF1L	-0.9538071676784114	-0.007111586242210236
GUCA1A	-0.695865844523504	-0.0031724523851826545
GUCA1B	-0.0626399226717664	-0.000424197556333202
GUCA1C	-0.4968630926924747	-0.004830006124063547
GUCA2A	-0.1055937900575375	-0.0006034685101788267
GUCA2B	-0.1180115839059948	-0.0005534743285191155
GUCD1	-0.298767856432427	-0.001505789996419432
GUCY1A1	-0.7980536825552653	-0.07335390228574977
GUCY1A2	-0.8482482312298456	-0.08219270886147835
GUCY1B1	-0.1877511590116301	-0.007424619583114911
GUCY2C	-0.4171120799618287	-0.01371255962874512
GUCY2D	-0.2116748977935807	-0.0053378058976607246
GUCY2F	-0.0044645223205676	-0.0001697723902842241
GUF1	-0.9646488448359732	-0.0004003292706069289
GUK1	-0.6416777370829807	-0.027070458694319708
GULP1	0.1115354181638	0.002398569167612519
GUSB	-0.6431073546236383	-0.012170163578897731
GXYLT2	-0.2795484303941152	-0.0015752554052708393
GYG1	-0.5863313152948868	-0.014570333185077937
GYG2	-0.1469697368750198	-0.000943104801527002
GYPA	0.9022408744933604	0.005385475779850869
GYPB	-0.6780152635453844	-0.010495676279682552
GYPC	-0.2759227746106992	-0.001261243002745506
GYS1	-0.6689579683950371	-0.018399688920705495
GYS2	1.354243728742173	0.07200920178840756
GZF1	-0.758001138569145	-0.0015963503978266192
GZMA	-0.1964923018054989	-0.010769153585053978
GZMB	-0.6222120829290165	-0.024163606240548356
GZMH	-0.3482240367570266	-0.00750353154404041
GZMK	-0.654479150161	-0.009237973204522515
GZMM	0.3091155216774311	0.008347046431855671
H1-0	-0.2683789517118093	-0.0073704911508614196
H1-1	-0.710056543743814	-0.013068590687604898
H1-10	0.0236767875289972	0.0005342667105918219
H1-2	-0.7974903501236705	-0.018918863575983838
H1-3	-0.2724516907127948	-0.005470012594440781
H1-4	0.2503030933535975	0.007337635181660711
H1-5	-0.8669882934512743	-0.021652165640652123
H1-6	-0.045940927125423	-2.7380792566752105e-05
H1-7	-0.5645891102580369	-0.0004177959415909473
H1-8	-0.8675947183486145	-0.026066015718065775
H2AB1	-0.3745834647406274	-0.010816846711315099
H2AB2	-0.727739749700509	-0.02236198702879724
H2AB3	-0.8450185869887515	-0.025965731140990357
H2AC1	-0.1122549597975683	-0.0024494032227829403
H2AC11	-0.5505327259387098	-0.010632989068780243
H2AC12	-0.3716723069669879	-0.0076025570390097375
H2AC17	-0.320630189551909	-0.00619265148100557
H2AC21	-0.2497603800254939	-0.005752730833127201
H2AC4	-0.0477757284157373	-0.0010260315434563743
H2AC6	-0.6797330398667051	-0.01550946877063861
H2AC7	-0.4635556138559387	-0.009295680724653138
H2AC8	-0.4196445875792018	-0.009012287162850937
H2AJ	0.9797898466485092	0.023999952293655234
H2AX	-0.3641953860568538	-0.00987661467447582
H2AZ1	2.1015305064729204	0.07679202623702698
H2BC1	-0.3309072779253722	-0.038574854109594416
H2BC10	-0.7338628841777333	-0.02338087148990258
H2BC12	-0.9747804111446428	-0.029722029516211303
H2BC17	-1.0587378335181752	-0.033698566503050004
H2BC18	-0.2998646408235189	-0.009566881500833548
H2BC21	0.2110039223747818	0.006766684786636877
H2BC3	-0.9757400791042796	-0.029738606130940235
H2BC5	-1.1332572145566215	-0.034800062544604736
H2BC8	0.9763741809674455	0.031107281405622814
H2BW1	0.0609857064951968	0.0016694837153060124
H3-3A	0.1211913570986323	0.003787472292046457
H3-3B	-1.0320138014094349	-0.03225249532164766
H3-4	-0.5014978271635693	-0.015625167800935327
H3-5	-0.4460054346621686	-0.013361876817043908
H3C1	-0.5543128385406522	-0.017572825607415757
H3C10	-0.5022302183808938	-0.015921702383111094
H3C11	0.2804693129131712	0.008891438157973353
H3C12	-0.9523159259991156	-0.030190319486023964
H3C2	-1.188171815669118	-0.037667422900342376
H3C3	-0.0218361530985283	-0.0006922497255295442
H3C4	-0.7027264975971595	-0.022277835426825154
H3C6	-0.4769780473998344	-0.015121158058669551
H4C11	-0.3733370670270337	-0.014527665289222962
H4C12	0.9750304763153484	0.037941360924859155
H4C13	-0.757004490645292	-0.02945731574448025
H4C14	-0.2721349877687973	-0.010589588779047211
H4C15	0.2399930215270413	0.00933884844668176
H4C16	-0.4654853175226874	-0.018113430160760335
H4C2	-0.5645749134990204	-0.021969303608987384
H4C3	-0.6767192029402004	-0.02633317434401202
H4C4	0.1695335661371451	0.006597059659094727
H4C5	-0.1645668637386376	-0.006403790368661606
H4C6	-0.4274009167931502	-0.016631451875171854
H4C7	-0.3704158227607137	-0.0059303573223990266
H4C8	-0.5633280274689899	-0.021920783532900806
H6PD	-0.696349595231445	-0.002657270055403194
HAAO	-0.5292768907303076	-0.0031449632847194878
HABP2	0.0688509033108791	0.0011247483564865211
HABP4	-0.7058958151091175	-0.0005498928399700025
HACD1	-0.0495285162995936	-0.00021569668848473014
HACD2	-1.1467993665913905	-0.032588597600427545
HACD3	-0.5658930222535636	-0.0032001250408439028
HACD4	0.1062569050485842	0.000480174953914552
HACE1	0.2437091340637103	0.007987079450669976
HACL1	0.2644013008470159	0.004469968392119651
HACL2	-1.0075248945290751	-0.004816976520743508
HADH	-0.7377458095963035	-0.0026558849145466926
HADHA	-0.7028358626067844	-0.009945830291748607
HADHB	-0.5638395073242986	-0.02468602130967244
HAGH	-0.5181137796953584	-0.08388676584291609
HAGHL	-0.2456270263623321	-0.004383214285435816
HAL	-0.4966901325162437	-0.005443723852378031
HAMP	-0.3059233617558323	-0.007784219939877152
HAND1	-0.4950367791426674	-0.015526828577809761
HAND2	-0.5592697304047224	-0.017035355988127845
HAO1	-0.2624592504508591	-0.0007653311743147052
HAO2	-0.3165919138424031	-0.0009504089253548941
HAP1	-0.7176258985050046	-0.04413255750626077
HAPLN1	-0.4464406431660674	-0.003800102754629566
HAPLN2	-1.4057280206718104	-0.013873129836010096
HAPLN3	-0.4826458467777277	-0.005736728534800072
HAPLN4	0.2511679345870342	0.0062372533195998205
HAPSTR1	-0.705157784313466	-0.007524033558624682
HARBI1	0.2176368213217574	0.0002150251794658963
HARS1	-0.5536331273716675	-0.008591832503680907
HARS2	0.6611441739803244	0.0012191498568197181
HAS1	-0.9893772402384368	-0.004143511882118573
HAS2	-0.0704539671360697	-0.0003544539086615667
HASPIN	-0.3451874176316795	-0.005081158787538322
HAT1	-0.1529528869289659	-0.004728079640748193
HAUS1	0.5610560344707224	0.1409193220659424
HAUS2	0.1130023157313141	0.009283818251221841
HAUS3	-0.0522186219045882	-0.010563879429920098
HAUS4	-1.2279922138795727	-0.164089231587444
HAUS6	-0.844329612906555	-0.02726087021191394
HAUS7	-0.4084973570896949	-0.08405282469213271
HAUS8	0.8412853024280433	0.12518325300129285
HAVCR1	0.1984161459336673	0.007401914324055459
HAVCR2	-0.3673414006330614	-0.04396158212076163
HAX1	-0.2946803032941427	-0.021566472676885128
HBA1	-0.6475189130187806	-0.008176868833601162
HBB	-1.106234580710784	-0.0017954187244936027
HBD	-0.7165530881299698	-0.0011421856224791717
HBE1	-0.0489145289120788	-0.00010340531412013458
HBEGF	0.3971136459201068	0.016086676682577607
HBG1	-0.4596216764093859	-0.000670588025881294
HBG2	-0.8183522403263644	-0.0021989124697569416
HBM	-0.2817135521668857	-0.0027593842434746455
HBP1	-0.5181254363717398	-0.01366296775712278
HBQ1	-0.288111698967084	-0.003526199083658141
HBS1L	-0.2810619650100745	-0.0001489628414553395
HBZ	-1.4729805027345106	-0.04398467079215522
HCAR1	-0.2015534696668297	-0.002148156879709071
HCAR2	-0.3723070214934683	-0.011235481294629885
HCAR3	-0.6334265181527932	-0.019465196902835335
HCCS	-0.1220207491737544	-0.0020565377065744567
HCFC1	-0.3724119663599493	-0.006157459451795401
HCFC1R1	-1.069846431281394	-0.0015149025466944539
HCFC2	-0.164962780358346	-0.0054767643078970875
HCK	-0.6845710869325841	-0.019829970675176164
HCLS1	0.2355998808699159	0.02689396200118177
HCN1	-0.361941937050552	-0.005757410392663131
HCN2	0.6913825728694243	0.01707853231502052
HCN3	-0.399359675619067	-0.004146551511952773
HCN4	-0.7630299556505453	-0.01734061877211429
HCRT	-1.1659677723186956	-0.03898646440302023
HCRTR1	-0.4777063814231248	-0.0175714738278868
HCRTR2	-0.1728090993315457	-0.005363130397754521
HCST	0.1866881388230931	0.010624048604144582
HDAC1	-0.1937189183805	-0.012061908452961833
HDAC10	-0.8907306630039248	-0.05721964706070913
HDAC11	0.486231448571498	0.014231508268239176
HDAC2	-0.2819214730792239	-0.016724709468951878
HDAC3	-0.9234181292546552	-0.07422065555697216
HDAC4	-0.9825102956563746	-0.024781857187340734
HDAC5	0.0884559891805269	0.0025916720270002577
HDAC6	-0.6460452597957188	-0.01856411054022998
HDAC7	-0.2281730945633969	-0.00660424204904296
HDAC8	-0.5057337374397426	-0.0023228350560607377
HDAC9	-1.258153662354998	-0.03397518149823437
HDC	0.0575626453795707	0.00016411110197715604
HDDC2	-0.0872388459596843	-0.0003517470269094471
HDDC3	-0.4665102519060538	-0.0023959966537894922
HDGF	0.3231491565964456	0.006199293420146213
HDGFL1	0.1317261830750951	0.00010841064867080326
HDGFL2	-0.4101397876521007	-0.005423278412123728
HDGFL3	-0.7102274821745047	-0.0034247169190454617
HDHD2	0.2709989866341983	0.0025650054084926867
HDHD3	-1.6147664531995494	-0.00605698896595151
HDHD5	-0.1623996857012973	-0.00018075085018554393
HDLBP	0.1910831438666859	0.06388692940353163
HDX	-0.4615694902522	-0.00024370869085316163
HEATR1	-0.6225350043954245	-0.03331060301519038
HEATR3	-1.0271631656989348	-0.04268171102428784
HEATR4	0.8279022922385146	0.0009918269461017407
HEATR5B	0.5399756366104539	0.14297474906171598
HEATR6	-1.1452074011542153	-0.04284335408458035
HEATR9	0.1640595463267845	0.0002962915406661728
HEBP1	-0.5932924718513415	-0.004052780875216514
HEBP2	0.050042673060637	5.3345489482639044e-05
HECA	-0.8764569607796955	-0.013290593353263302
HECTD1	-0.8400057255681985	-0.04539978944978442
HECTD2	-1.72274794710708	-0.050054441603196206
HECTD3	-0.447732287448966	-0.011904306058693108
HECTD4	0.1940564681082537	0.012099808899485833
HECW1	1.14652928832647	0.03514800186293626
HECW2	-0.7939555975291206	-0.07497957871945508
HELB	-0.3110674373029102	-0.053836752441451974
HELLS	-0.7404880922674991	-0.0516164629595983
HELQ	-0.3817951150702967	-0.015440939838788009
HELT	-0.3043134990102745	-0.0032330266134851563
HELZ	-0.9607536561660456	-0.04557623194120487
HELZ2	-0.4407613179704504	-0.01930093811392602
HEMGN	-0.3518397223326833	-0.004000065803200277
HEMK1	-1.1408230906770107	-0.0010997534594126383
HEMK2	-0.831564864867756	-0.0004382346837853075
HENMT1	-0.3523421192772837	-0.002447016018380735
HEPACAM	0.3606918009353888	0.01106097476748463
HEPACAM2	-0.7970490608713496	-0.018068305160892625
HEPH	0.2645267027350675	0.003342030362354843
HEPN1	-0.8581858540363541	-0.00045655487434734037
HERC1	-0.4899608018244901	-0.015489620788879431
HERC2	-1.3221767303093714	-0.11258863729276421
HERC3	-0.778715923171985	-0.03050074527880031
HERC4	-0.3665243439230644	-0.014165799368282515
HERC5	-0.3887021501062604	-0.013243082254120294
HERC6	-0.8758054688297271	-0.029644263508948606
HERPUD1	-0.7301115846539942	-0.006040943251427148
HERPUD2	-0.8982027616345822	-0.01593591339692076
HES1	-0.1015578685611333	-0.004828061071396277
HES2	0.1847267880127135	0.0019211585953322202
HES3	-0.9094993514367103	-0.010448328549304928
HES4	-0.8166592617444828	-0.01564719145502429
HES5	-1.3529287096975549	-0.04007916009608037
HES6	-1.1766686110456237	-0.031327625100478686
HES7	-0.7609855099241246	-0.011854632273598013
HESX1	-0.5696203876957764	-0.0013141142344141562
HEXA	-0.6844023529913342	-0.002387879809586765
HEXB	-0.3979481835853804	-0.0005336485141879951
HEXD	-0.4254635066297565	-0.007062268746547328
HEXIM1	0.0606837507586732	0.001684580921060768
HEXIM2	-0.4867722653012706	-0.014064797833614912
HEY1	-0.45408520749068	-0.013855047850955628
HEY2	0.968614413904506	0.02808884938881677
HEYL	0.0546950963816482	0.001050036460334882
HFM1	0.6352373571009017	0.21245576931975366
HGD	-0.3702476727033575	-0.0007064325595180061
HGF	-1.5629740842490838	-0.0405138512378205
HGFAC	-0.2375567535652341	-0.002326630844417903
HGH1	-0.4556350752130907	-0.02731987910977692
HGS	-0.540360955493023	-0.06575922647872343
HHAT	-1.286843383426159	-0.03919081524224367
HHATL	0.3879258684522288	0.0025250094777555573
HHEX	-0.439104991684637	-0.009777111744850128
HHIP	-0.7101928565154699	-0.010885836104669123
HHIPL1	-0.3067605989238644	-0.0016604951219748782
HHIPL2	-0.944658958208304	-0.004755413195620603
HHLA2	-0.2211900518564754	-0.022144442041611034
HIBADH	-1.3035342669654355	-0.03914904463977292
HIBCH	-0.7533117463879515	-0.0009423929947313273
HIC1	-0.7492319028578602	-0.021097621152574485
HIC2	-0.5780421765809216	-0.014054517481388527
HID1	0.0970522445111871	0.002728915011165559
HIF1A	-0.27090685831809	-0.008053248177221863
HIF1AN	-0.5921548281045582	-0.0055176986882782735
HIF3A	-0.3950697885822	-0.013194540799068314
HIGD1A	-0.4098012153933431	-0.01886683815549412
HIGD1B	-0.5759287657044043	-0.014061876743438737
HIGD2A	-0.4233996063884827	-0.016839449145282733
HIKESHI	0.4249630474072398	0.01741711049798572
HILPDA	-0.0635519096747735	-6.386966922314738e-05
HINFP	-0.2697274820854056	-0.000490094834949182
HINT1	-0.92593751842753	-0.006770455134742099
HINT2	0.0785416948710357	0.002113164300505215
HIP1	-0.2141912749103665	-0.00916438788831494
HIP1R	-0.994632573694206	-0.034136784561758844
HIPK1	-0.7892737437897203	-0.0248076630410547
HIPK2	-0.4947724948580847	-0.01165040793642332
HIPK3	-1.2334140149071708	-0.05075251988540026
HIPK4	-0.7108849738108295	-0.015420516851904513
HIRA	0.3030931499671532	0.04230634805871518
HIRIP3	-0.4303525871952735	-0.0006868427291636564
HIVEP1	-0.8274876760953728	-0.009927369650116188
HIVEP2	-0.4532318728431906	-0.005098858569485895
HIVEP3	-0.0802044710180733	-0.002160788653697913
HJURP	-0.1571377884074299	-0.00718889668185151
HJV	0.0535116191856276	0.001323877458652427
HK1	-0.8158809613873714	-0.023234658018389562
HK2	-0.8846686681980925	-0.022074252608878804
HK3	-0.5091675658098302	-0.0026904414177391428
HKDC1	-1.226089152153008	-0.0502806900406427
HLA-A	-0.5695500906646066	-0.01603226550211801
HLA-B	-0.5067297614036961	-0.017122905367592294
HLA-C	0.1145204316024377	0.005346500869791406
HLA-DMA	-1.0043054847227706	-0.03179129011889931
HLA-DMB	0.2597100006976728	0.011932635692055275
HLA-DOA	0.5910427712484695	0.01631632674308525
HLA-DOB	-1.0432663465335317	-0.02762673612255445
HLA-DPA1	0.4706807721261519	0.012795927471021564
HLA-DPB1	-1.0447990445390083	-0.028891827978637197
HLA-DQA1	-0.2198652365707847	-0.0070453616406742255
HLA-DQA2	-0.4696164760867354	-0.01453181223602794
HLA-DQB1	0.111628865494028	0.003037421430092502
HLA-DRA	0.369690333908499	0.009667771922041157
HLA-DRB1	0.5247674722475515	0.013860158477002331
HLA-DRB4	-0.7618204037729441	-0.01952545694870056
HLA-DRB5	0.4714974915204011	0.011571491436893684
HLA-E	-0.2933933620070282	-0.0095763593359094
HLA-F	-0.3221208183485254	-0.027526190290336542
HLA-G	-1.9954574761446888	-0.06743049903388133
HLCS	-0.9495464555388358	-0.019742969903563473
HLF	0.60901129798761	0.020175326279733542
HLTF	0.0775015654907295	0.004699694931357836
HLX	-0.4792667097041014	-0.00876530885377831
HM13	-0.0941475478339776	-0.001377943510098096
HMBOX1	-0.9308256970190122	-0.015030042529765992
HMBS	-0.3096838359049023	-0.02117370322848998
HMCES	-0.5422202515680216	-0.003067882183371866
HMCN1	-0.902602265173819	-0.02252082911835196
HMCN2	1.226007105727442	0.013307081125565657
HMG20A	-0.237091010043112	-0.007174611054914612
HMG20B	-0.4059498641523132	-0.008350794655477235
HMGA1	0.5524236085701442	0.015204907402284648
HMGA2	-0.5721530298541095	-0.014764408935385298
HMGB1	-0.1080323574363784	-0.003298660001962378
HMGB2	-0.1129918582711631	-0.0032782327840212553
HMGB3	0.3283408563137346	0.009476573794927008
HMGB4	-0.8225013928944831	-0.0019082032315152007
HMGCL	-0.6623961247846293	-0.013014096663643612
HMGCLL1	-1.187153921616568	-0.032403366290524226
HMGCR	0.0918374946584746	0.00048444278432345354
HMGCS1	-0.6306328275056919	-0.018250514028014725
HMGCS2	-0.9959929953859582	-0.014384130839364009
HMGN1	-1.0383865899944236	-0.015216517089778283
HMGN3	0.3984327365716214	0.004398298979014129
HMGN4	-1.010379550382407	-0.000856801858724281
HMGN5	-0.577725010148148	-0.002049190610995481
HMGXB4	0.0099532186373304	0.00015678309997522845
HMHB1	-1.0184158873907263	-0.0012587620368149377
HMMR	0.5237996766186637	0.022372531787736363
HMOX1	-1.20459446222373	-0.008899543886908915
HMOX2	-0.2779786977915572	-0.0012489582891774664
HMX1	-0.6102072891783578	-0.00149744868764369
HMX2	-0.1658281580410412	-0.0013692431009448773
HNF1A	-0.6763169218659826	-0.01743883183031436
HNF1B	-0.3066461367169968	-0.008200330988085928
HNF4A	-0.6967359999199705	-0.02125811209355822
HNF4G	-0.6859393909939431	-0.01128987643636931
HNMT	-0.7625301588900583	-0.005030411458197714
HNRNPA0	-0.1342163958048458	-8.32141653990044e-05
HNRNPA1	-0.631152186768397	-0.0005377416631266742
HNRNPA1L2	-0.7292550818650396	-0.000975743299535423
HNRNPA2B1	-1.2751820631366526	-0.0009831653706783591
HNRNPA3	-0.908452397747174	-0.1485056219121283
HNRNPAB	0.1203024953658864	0.00012343036024539946
HNRNPC	-0.4432874345457535	-0.00032714612669476606
HNRNPCL1	-0.6923196653574656	-0.0005012394377188051
HNRNPD	0.8830993658430228	0.08644571382300767
HNRNPDL	-0.6287428606279793	-0.0004973356027567317
HNRNPF	0.0279430914384331	2.4757579014451725e-05
HNRNPH1	-0.9147563751394732	-0.0011535077890508756
HNRNPH2	-0.9644866868882632	-0.000839103417592789
HNRNPH3	0.4072434033584085	0.00031072671676246567
HNRNPK	0.0817496286054458	6.850618877136357e-05
HNRNPL	-0.3622030943612392	-0.009712113772202269
HNRNPLL	-0.6622809731983855	-0.0004940616060059957
HNRNPM	-0.2782436537003447	-0.012827867166546991
HNRNPR	-0.0478152559601618	-4.6428613537317105e-05
HNRNPU	0.808881185474525	0.00876260988224553
HNRNPUL1	-0.4504115443314102	-0.009231184601072251
HNRNPUL2	0.0646075686174862	0.002756094269653344
HOATZ	0.2783473537927419	0.00021377076771282577
HOGA1	-0.2442388477609015	-0.000788647239419951
HOMER1	-0.9343813191448012	-0.029792748360931983
HOMER2	-0.0877577296928702	-0.006633080241105901
HOMER3	-0.5815819256991186	-0.016526813582591855
HOMEZ	-0.3874631217706091	-0.009306089258686489
HOOK1	-0.6846280444313292	-0.013914380375022333
HOOK2	-0.8163374019338879	-0.011406682517222216
HOOK3	-0.2659467367498923	-0.029409985830223587
HOPX	-0.7053419307089105	-0.019084436619190993
HORMAD1	-0.3360738796032606	-0.009830833126154579
HORMAD2	-0.5626278881525659	-0.03525370084375163
HOXA1	-0.2217779228072575	-0.0010997967192011898
HOXA10	0.0121313345245897	0.0003365232197121183
HOXA11	-0.9844174300863344	-0.02984556764535749
HOXA13	0.0286724784696269	0.000872704227180034
HOXA2	-1.148980077887635	-0.031783086914527754
HOXA3	-0.4858202884093452	-0.00874670847252185
HOXA4	-0.3682375973578946	-0.0044972857765319665
HOXA5	-0.4598136478989569	-0.008571386210484457
HOXA6	-0.3987724508648823	-0.00826495781662555
HOXA7	-1.1613608611842172	-0.05764995314918454
HOXA9	-0.3416891528806811	-0.009810237268357235
HOXB1	0.3802045504527613	0.011059009759019467
HOXB13	-1.7959945782510682	-0.048978568143484884
HOXB2	-0.5120955694957398	-0.005873736182116135
HOXB3	-0.8556744214819756	-0.013352799347226229
HOXB4	0.0788693109462918	0.0007431855170469077
HOXB5	0.0404796750683218	0.0005140918733676868
HOXB6	-0.0103842210102207	-0.0001375078546173425
HOXB7	-0.437288230772525	-0.011948463617628474
HOXB8	-0.6516476372579978	-0.0171389845075226
HOXB9	-0.2668746120410353	-0.007855987954651956
HOXC10	0.3759736108115652	0.009855772233814371
HOXC11	-0.2483618682957542	-0.005077758397306695
HOXC12	-0.7573250896508589	-0.018091739066669367
HOXC13	-0.0767450581333274	-0.002375566529459016
HOXC4	-0.2379038363840883	-0.0036611021381147348
HOXC5	-0.1051522694588281	-0.002010721696591711
HOXC6	0.0881415537770494	0.0016449858181410728
HOXC8	-1.5484194256145982	-0.03873990560945163
HOXC9	-0.0811660896514394	-0.002361283880139675
HOXD1	0.0306758542628494	0.0004127742949609015
HOXD10	1.6240648606928394	0.035323410720069254
HOXD11	-0.124183380181808	-0.0037308412908020577
HOXD12	-0.7133576721187345	-0.012990956566954275
HOXD13	-0.5087838992544124	-0.014833085798863138
HOXD3	-0.4670089204325047	-0.01022142424150623
HOXD4	-1.0337292757120506	-0.012486415921325858
HOXD8	-0.415232258431339	-0.011345390997119476
HOXD9	-0.357133734943298	-0.009959031332628808
HP	0.6026216189069528	0.0378416245592621
HP1BP3	-0.980605750879221	-0.02396600455148816
HPCA	-0.6616210467025182	-0.017994107607168387
HPCAL1	-0.6511435119898306	-0.016393189057855976
HPCAL4	-0.0061548363129896	-0.0001455249497843261
HPD	0.014483930471601	1.273137488453728e-05
HPDL	8.467528037171004	0.17278837712651152
HPF1	-0.4399189052931692	-0.0009119518906727398
HPGD	0.1274979632949479	0.0007823275027778003
HPGDS	-0.4848465616415446	-0.00699682073104913
HPN	-0.251230220112518	-0.0014887902843867815
HPR	-0.1220257007097867	-0.0033818202694710286
HPRT1	-0.468298836854139	-0.02196555694264339
HPS1	-0.0586948727699811	-0.0015485468282904113
HPS3	-0.0708974229076476	-0.002622779263045515
HPS4	-0.4570543639780781	-0.01076363027168374
HPS5	-0.2107511588958912	-0.005835488838668331
HPS6	0.5302842859204503	0.013081052765085668
HPSE	0.1374421899900603	8.974975006350939e-05
HPSE2	-0.5454651320744256	-0.0004952823399235784
HPX	-0.7241635090379479	-0.007800689319356775
HR	-0.2505845272847739	-0.00477614109004779
HRAS	-0.4053207661624275	-0.015782379992832603
HRC	-0.8490610141324269	-0.021645961494292088
HRCT1	-0.3806420953631571	-0.0024559027992830896
HRG	-0.2263865740952995	-0.001734121157569994
HRH1	-0.7652116922465056	-0.02670588805940305
HRH2	-0.3375172672770962	-0.013531742279673341
HRH3	-0.2222439542771957	-0.009077554312452059
HRH4	0.2487976416460645	0.009840444322385141
HRK	-0.3746979718935518	-0.0033779022166203695
HRNR	-0.4049454770910056	-0.0011059060979355362
HROB	1.478399365458119	0.014266553876670848
HS1BP3	0.9500811029733902	0.030831081872589487
HS2ST1	0.0965661409342803	0.0005421223152050496
HS3ST1	-0.5796246910437899	-0.017582915002813365
HS3ST2	-0.3616851124418245	-0.003456986304718959
HS3ST3A1	0.3570681379804388	0.006944975283719534
HS3ST3B1	-0.4163054936896637	-0.007361946350408012
HS3ST4	0.0072876384334025	7.20091553604501e-05
HS3ST5	-0.5025391563367421	-0.0034549566998151016
HS3ST6	0.0426476505812303	0.0006143820542732038
HS6ST1	0.7798137261911676	0.01447256294438188
HS6ST2	-0.1113912893331512	-0.00214673292802849
HS6ST3	-0.543185808332406	-0.012932710910586256
HSBP1	-0.3891042045889438	-0.03304000532426098
HSCB	-0.4812526722898202	-0.12651603376559853
HSD11B1	0.1072721373387434	0.0008944350811304425
HSD11B1L	-0.0017554784243269	-1.783039435588832e-05
HSD11B2	-0.1835716326001842	-0.005608847662466028
HSD17B1	-0.728665222069644	-0.006009302086408355
HSD17B10	-0.1535792777411727	-0.002378175115822059
HSD17B11	-0.0637536513130535	-0.0002668090307451289
HSD17B12	-1.1758522544561858	-0.016436062812788567
HSD17B13	-0.9199480708516432	-0.0033513708221125363
HSD17B14	-0.5615209498208986	-0.009994511385862173
HSD17B2	-0.83484302907499	-0.005515807893098459
HSD17B3	0.2013820161966029	0.0013188508240715524
HSD17B4	0.0108179758598113	6.272262403518593e-05
HSD17B6	-0.6696102083987314	-0.004041767217894743
HSD17B7	-0.524194910028181	-0.014428989093435709
HSD17B8	0.4547509811202481	0.0034506504447404424
HSD3B1	-1.1243656616100852	-0.010906346917617826
HSD3B2	0.0272907877120918	0.0002062910643157019
HSD3B7	-0.2253650345904802	-0.0009814647256415415
HSDL1	-1.2913839942718175	-0.00982614081241426
HSDL2	-1.4384810260788163	-0.004364351433123128
HSF1	-1.024450925600407	-0.05114468800967473
HSF2	0.0349236432790698	0.002520125022660956
HSF2BP	-1.029914476343916	-0.16229495309675063
HSF4	-0.8039653432707563	-0.015906454316611914
HSF5	-0.0738477855233604	-0.0005015003114891405
HSFX1	-1.441146409826687	-0.0008992753597318528
HSFY1	-0.6723628490671969	-0.000491497242668121
HSFY2	-0.772212890088882	-0.0005644876226549727
HSH2D	-0.2198328547316143	-0.00550439484962489
HSP90AA1	-0.0509032379676976	-0.0023647608230273594
HSP90AB1	-0.4115049014568456	-0.013931086933920051
HSP90B1	-0.8660256541658526	-0.032742697932702555
HSPA12A	-0.8584370070814835	-0.10401852902207752
HSPA12B	-0.1451993456438928	-0.006560106436191077
HSPA13	-0.5732300615129445	-0.017044422649025892
HSPA14	-0.268059208906976	-0.00463608401804615
HSPA1A	0.9816873424986544	0.0720774480609362
HSPA1B	0.2111697888170379	0.015504508234524558
HSPA1L	-0.3700244773606874	-0.055263895742773385
HSPA2	-1.2023035269919864	-0.08616428456540769
HSPA4	-0.0501077031633601	-0.003978952492796099
HSPA4L	-0.6878367613977099	-0.0536141242039059
HSPA5	-1.4412766213577544	-0.051705798791209436
HSPA6	2.1380534075020217	0.04796936625071536
HSPA8	-0.4468909065818737	-0.04835895878303772
HSPA9	-0.438359158914701	-0.030173137626416702
HSPB1	-1.556976355228906	-0.12001796536646499
HSPB2	-0.5524023502804953	-0.04057229542105154
HSPB3	-0.1483836276629718	-0.009146366809145582
HSPB6	-0.0741144688180714	-0.002827985786691151
HSPB7	-0.2887180385901725	-0.008161770232905586
HSPB8	-0.5003022244036845	-0.03870888340433747
HSPB9	0.0631712471133905	0.0043114376154889025
HSPBAP1	-0.3918765172295625	-0.010590071001611696
HSPBP1	0.4915136134930891	0.1372571426223991
HSPD1	0.045540883395989	0.005078400530136922
HSPE1	-0.2244109170120749	-0.03936010396749885
HSPG2	0.3936573605304794	0.02597272533307997
HSPH1	-0.066196047356674	-0.00793041886542426
HTATIP2	-0.4976955768792108	-0.012598168137543463
HTATSF1	-0.0661971127572487	-3.932108497780573e-05
HTN1	-0.2324828334688095	-0.00020365496211867713
HTN3	-0.1584375697321494	-0.0002420926065507243
HTR1A	0.5412878968487148	0.008177777545590383
HTR1B	-0.2067678337839688	-0.0032171007258447702
HTR1D	-0.0203246450148057	-0.0005957763193189995
HTR1E	-0.0272802103591789	-0.0006764673762765592
HTR1F	0.7087079576160317	0.016340679378752842
HTR2A	-0.0497251324250344	-0.0013177657343958367
HTR2B	-0.6225404602274887	-0.01977437517866595
HTR2C	0.496073207920047	0.012385955855347734
HTR3A	-0.6692936955829438	-0.011906065550724987
HTR3B	-0.5559352608951751	-0.011672416737755096
HTR3C	-0.3862547653233636	-0.009332687639743112
HTR3D	-0.6520012280457885	-0.016113558349923618
HTR3E	-0.104822384511025	-0.002489846099290377
HTR4	-0.2695954152338473	-0.007867333407354132
HTR5A	0.0141382993348081	0.0005149027234743761
HTR6	0.3423292087285283	0.009930628016005878
HTR7	0.0141683675245944	0.0004326877758335884
HTRA1	-0.1251005471611987	-0.00341999875829285
HTRA2	-0.5583694736529915	-0.027097670556379676
HTRA3	0.5631927344106047	0.006589918185338485
HTRA4	-0.1680056280644336	-0.0013220362872390279
HTT	-0.3568273280005998	-0.02310563997002284
HUNK	-0.0772343022118493	-0.001090162175720253
HUS1	-0.3837838043536777	-0.2187790279422488
HUS1B	-0.1923780210914685	-0.10089496169767376
HUWE1	-0.905918905125626	-0.023618211775530196
HVCN1	0.4639306394786832	0.003794024769656671
HYAL1	-0.610773721676405	-0.003163197104562101
HYAL2	-0.7887858620967338	-0.009004779401696314
HYAL3	0.0277619061290674	0.00012759372056919376
HYAL4	0.5836340967345626	0.00517683443803557
HYCC1	-0.5278142815595049	-0.002045280341043082
HYCC2	0.0035519082441377	3.1462803226571747e-05
HYDIN	-0.4312696120166954	-0.015151795278982558
HYI	0.7878205974428634	0.008948066345756043
HYKK	0.8131676067934922	0.001263662460957087
HYLS1	-0.6149502987430537	-0.004413498294078897
HYOU1	-0.7911856162319515	-0.027993729473518907
HYPK	-0.1788774642754974	-0.00154102935473341
IAH1	-0.1775904555582627	-0.0002800601484153803
IAPP	0.3500679692593013	0.011108706868505406
IARS1	-1.0603587248084043	-0.021016309925702574
IARS2	-0.9186682531577977	-0.006722814276608763
IBA57	-0.9529759563799238	-0.007596171348304374
IBSP	0.9652839142868777	0.02734745857566153
IBTK	-0.9881268537952268	-0.028418528315150723
ICA1	-0.1701111556991126	-0.002033678866382891
ICA1L	-0.9952767565975368	-0.013394434590289649
ICAM1	-0.5386458024198266	-0.032434018346907435
ICAM2	-0.4785939719352226	-0.026618918125065144
ICAM3	-0.0763988587913325	-0.00244132553267703
ICAM4	-0.2588583563669574	-0.015095325051539122
ICAM5	-0.4587047687713461	-0.02350907810430026
ICE2	-0.1393614081826022	-0.0022088783196942447
ICMT	-0.0937082107752616	-0.0007932400042125895
ICOS	-0.9675753091818576	-0.05097767273955535
ICOSLG	-0.5424642129315733	-0.03847590169481063
ID1	-0.7982838656500325	-0.02382957167351912
ID2	0.0434250874983766	0.001276350171752285
ID3	-0.7155466353895674	-0.022060302769060364
ID4	0.5665250453349792	0.016483612719066554
IDE	0.713552829461418	0.0211040384841509
IDH1	-0.1874300073816043	-0.002948086586105254
IDH2	-0.1645755715876141	-0.006238237041028513
IDH3A	-1.279381038868484	-0.007791430526709068
IDH3B	-0.0493163285168342	-0.0019725545080163344
IDH3G	0.9922747332987866	0.016831956300947314
IDI1	-0.3943875629503617	-0.003542389090420149
IDI2	0.7287470024429314	0.0028260808754736882
IDNK	-0.3549267554255216	-0.07595787492861587
IDO1	0.3747907580697439	0.0016636961750715932
IDS	-0.5664754650497108	-0.0031762279325337284
IDUA	-0.2788920646677597	-0.0017547888708895438
IER2	0.1580749113274672	0.00010069371851559661
IER3	0.1351381198825915	0.004116036855383972
IER3IP1	0.8597327087914454	0.07847210299493917
IER5	0.1780864982791634	0.0014912963365897142
IER5L	-0.6167365844297149	-0.0032354001219182843
IFFO2	-0.6601606236364195	-0.0034750855228221117
IFI16	-0.3494132704277235	-0.009305574218031132
IFI27	-0.0176484110077205	-0.00016045935288219477
IFI27L1	-0.6993435901490324	-0.0031596343402933284
IFI27L2	0.3932843231059927	0.0032634733131335276
IFI30	-0.5408837151512175	-0.002428026997313815
IFI35	-1.0231576352177585	-0.009949184844857484
IFI44	-0.4399353496665514	-0.0011381127495873685
IFI44L	-0.6074467510131002	-0.0014481530544152308
IFI6	-1.0039464699767284	-0.018186490303628434
IFIH1	0.0868759200821323	0.0030111193900467055
IFIT1	-0.350595129167331	-0.01070437048373695
IFIT1B	0.5938604058871886	0.0004483646064448274
IFIT2	-0.3963079353988984	-0.0042614992293443545
IFIT3	-0.9960718774204528	-0.00923956273495212
IFIT5	0.0710668960931481	0.0016544373410484878
IFITM1	-0.9575782649914412	-0.018783855246072113
IFITM2	-0.2247604764878841	-0.006376454717961272
IFITM3	-0.4558400691681767	-0.013425857557210309
IFITM5	-0.3593551881937787	-0.0020630581354204834
IFNA1	-0.4015590951386099	-0.020381131873760144
IFNA13	-0.4918309094113202	-0.024885168523484567
IFNA14	-1.0984397102925203	-0.034969926616872676
IFNA16	-0.0844872290629929	-0.002257329786105044
IFNA17	0.6511307022368794	0.017575971045480084
IFNA2	-0.3102936844573939	-0.009115187274620403
IFNA21	0.1083686228035493	0.0030004020595618694
IFNA4	-0.7250991579199826	-0.019671940154369127
IFNA5	-0.6423820646787028	-0.01961128205257612
IFNA6	-0.2745615883861382	-0.009169258805743472
IFNA7	-0.4896427632682932	-0.013397605288547039
IFNA8	-0.5869891253399334	-0.020791741808665783
IFNAR1	-0.9514567479106986	-0.032481781916923344
IFNAR2	-1.0638826596499014	-0.06373933790494489
IFNB1	-0.2968241329250284	-0.015484127718167031
IFNE	-0.8206060694242678	-0.0502957666010828
IFNG	-1.298357605059972	-0.06642008000205299
IFNGR1	-0.9051045307793272	-0.039357565416408266
IFNGR2	-0.5304628658365338	-0.020459952735315107
IFNK	-0.1467082022373557	-0.006454133941027989
IFNL1	-0.4793160917331933	-0.024158489655536408
IFNL2	-0.2197336522278833	-0.009536220773037908
IFNL3	0.1494644764829955	0.00614971588489285
IFNLR1	-0.2543588312552646	-0.008687625881523562
IFNW1	-0.8412058019418377	-0.02816609386641855
IFRD1	-0.2843405989728803	-0.00013563046571006388
IFRD2	-0.3550020227492845	-0.0001906360862163658
IFT122	-0.01571009630607	-0.0014072947170014445
IFT140	-0.3037731348910991	-0.023788777966456863
IFT172	-0.349853654157845	-0.01065444318372301
IFT20	-1.185783501412614	-0.14590828828181931
IFT22	-0.2802827160629219	-0.02308184223321374
IFT25	-0.2882049583599819	-0.026297837835473264
IFT27	-1.259276332648096	-0.09519121653753489
IFT43	-0.4284760500528952	-0.0022340741249757953
IFT46	-0.4597967055684587	-0.09157954903489218
IFT52	0.084789676152187	0.008681869310250882
IFT56	0.0097031398582217	0.0010894103244419831
IFT57	-0.8460628152899905	-0.07690372565859899
IFT70A	-0.1424823980397755	-0.022909459816019422
IFT70B	-0.0080351390536589	-0.0006969117155409975
IFT74	-0.863198309784748	-0.12079338187634829
IFT80	0.2918555344992531	0.03151368504862585
IFT81	-1.1027020888271322	-0.13425177391052567
IFT88	-0.4276533593709731	-0.0414866523925781
IFTAP	0.1688699401942686	0.00300149431701293
IGBP1	0.4962681549537341	0.01398533287475118
IGDCC3	-0.4392054936497913	-0.011004293643395521
IGDCC4	-1.0142136281794265	-0.026268132969847147
IGF1	-0.5050354629122957	-0.02250943058200102
IGF1R	-0.602851484164252	-0.018818009078187127
IGF2	-0.9167205896527738	-0.03875344620698136
IGF2BP1	-0.787764551504091	-0.0014337314837374457
IGF2BP2	-0.0800163762088469	-0.00015531178622137182
IGF2BP3	-0.343912754964209	-0.00029301366722950603
IGF2R	-0.4659796618644944	-0.013616857679004257
IGFALS	-0.2359089336728172	-0.010404527610705929
IGFBP1	-0.8358225746058328	-0.030907882986349087
IGFBP2	-1.2590367592186134	-0.05885996849347017
IGFBP3	-0.5097947887340774	-0.02533272264177377
IGFBP4	-0.4993124777199605	-0.01999646610772898
IGFBP5	0.0464371446597503	0.0022894441060150096
IGFBP6	-0.3608121457050995	-0.01036757619469033
IGFBP7	-0.7238823571761046	-0.026587475096721144
IGFBPL1	-0.2237292680118293	-0.0015607353736505213
IGFL1	-0.9690026707431526	-0.02101766792841898
IGFL2	-0.6224820478116242	-0.00808292939083394
IGFL3	-0.7259037284278145	-0.007550124679377699
IGFL4	-0.0509416099495801	-0.0005663688194194315
IGFLR1	-0.5162369588403839	-0.013374150892677825
IGFN1	-1.296168349488083	-0.017250704563336897
IGHMBP2	-0.1082667967088074	-0.0010195484246068394
IGIP	-0.6488813351168126	-0.0004061997157831247
IGLL1	-0.3940005909992817	-0.0139870209804745
IGSF1	-0.1150944410664763	-0.00383333545416006
IGSF10	-0.3432815421588781	-0.011122665247489808
IGSF11	-0.4218635291381896	-0.011456547860805815
IGSF21	-0.4505891893663099	-0.011855001572227613
IGSF3	-1.0355672168259868	-0.033011811737978805
IGSF5	-0.2719417680920932	-0.0007957016134374648
IGSF6	-0.729176835047565	-0.02793038948966193
IGSF8	-1.2254468545714363	-0.017476097593043253
IGSF9	-0.5025930471444721	-0.013188041557070946
IHH	-0.9661874154170688	-0.027614602520035243
IHO1	-0.7309270413687745	-0.026096288157989356
IK	-1.8824498695575207	-0.0012160626157341583
IKBKB	-0.5626737375006207	-0.02238203593029969
IKBKE	0.1139602066955004	0.01043282900255967
IKBKG	0.1904040327150487	0.00611939520742895
IKZF1	-1.037838690126518	-0.02876888849030708
IKZF2	-0.2316457685031854	-0.006804826095549574
IKZF3	-0.2107690900624632	-0.006244877369460722
IKZF4	-0.1647675258926444	-0.004262371127316818
IKZF5	-0.6614603921738387	-0.00277085758281621
IL10	-0.4954293839327929	-0.02593572824888171
IL10RA	-0.3978706042907413	-0.017205914282553105
IL10RB	-0.9746013468563772	-0.041206144945087626
IL11	-0.7754301212773345	-0.03098463678599973
IL11RA	-0.2300915402714219	-0.015208360537320173
IL12A	-0.2527500094405548	-0.011159418416819375
IL12B	0.6569090620862212	0.024392347293385568
IL12RB1	-0.7125615532579821	-0.03930845808547658
IL12RB2	-0.7378298683531701	-0.03176431366247232
IL13	-0.3559503261062687	-0.02740817511018269
IL13RA1	-0.7973140572785945	-0.0394901679429515
IL13RA2	-0.2598811423446485	-0.012376839404163884
IL15	-0.0384874980897992	-0.0004437608529753848
IL15RA	-0.415148062414329	-0.004952716384602945
IL16	-0.6405335517584481	-0.01650078482684938
IL17A	-0.0264060111740658	-0.0014610974102834088
IL17B	-0.928756120456303	-0.035942861861658924
IL17C	-0.2752972358504519	-0.010228944095259391
IL17D	-1.048862764559527	-0.04491649902949718
IL17F	-0.2412687068552582	-0.010371659170293838
IL17RA	-0.4964088012997468	-0.013934691461285191
IL17RB	0.4655688652915041	0.029136230727672907
IL17RC	0.409260279452168	0.01275746143108298
IL17RD	-0.2701720221232741	-0.022026044275622048
IL17RE	-0.1428037924199152	-0.0038202870548175714
IL17REL	-0.0204757386009196	-0.0005574519834100361
IL18	-0.2243007642824679	-0.02797681002818794
IL18BP	-0.6402599401512581	-0.04778323959342855
IL18R1	0.8638098365858116	0.07459343462853117
IL18RAP	-0.9130544069539396	-0.07548586004051
IL19	-0.1546389027713625	-0.009180447740827477
IL1A	-0.0509751555581202	-0.006523698458017107
IL1B	-0.2745552688123148	-0.026194494531576518
IL1F10	-0.8459837437577853	-0.04495642212703247
IL1R1	-0.7145220842306258	-0.032985197496422605
IL1R2	-0.8013716932733295	-0.04763433481985998
IL1RAP	-0.1379585754482549	-0.00831421150796453
IL1RAPL1	0.1797882239877665	0.005113896243108031
IL1RAPL2	-0.4820956251885558	-0.013900745256686817
IL1RL1	-0.1611984736327246	-0.005071465178959149
IL1RL2	-0.3747395125494757	-0.038989772583210194
IL1RN	0.0047823609311164	0.0001805006486231263
IL2	-0.9169827723835532	-0.03741564806156612
IL20	-1.0671183315877193	-0.06249258373444002
IL20RA	-0.1322631683035279	-0.007656979339427838
IL20RB	-0.8315711956910048	-0.031402623062879415
IL21	0.1740716846029686	0.007164964609942791
IL21R	-0.3374918613548614	-0.008364398291818885
IL22	-0.4999613711535072	-0.03180604254867267
IL22RA1	-0.0861109245288554	-0.00570484875003667
IL22RA2	0.095490208239948	0.005254826159444339
IL23A	-0.3122928496561727	-0.02039084932545014
IL23R	-0.5410788229288721	-0.026383003406011803
IL24	-0.0748245606412189	-0.0041886789046954335
IL25	0.0496487783817235	0.001966190921473014
IL26	-0.4605677153133215	-0.011527088778861811
IL27RA	-0.312448020837944	-0.022406584918351475
IL2RA	1.0332965223138968	0.10655147078796441
IL2RB	-0.0514408801646037	-0.0017849471008315838
IL2RG	0.5251967533937869	0.022538293475140973
IL3	-0.4618146490741289	-0.033857017367571615
IL31	-0.545989799212251	-0.022240894470911043
IL31RA	-0.2303490141523546	-0.006544906539110851
IL32	-0.0872295984420159	-0.0005448360718688313
IL33	-0.6657906913120406	-0.0564124452748692
IL34	-0.5148008614355429	-0.01855857105475132
IL36A	-1.235463816841369	-0.06728953678426516
IL36B	0.1280657432856666	0.012397404278768957
IL36G	-0.4591407983457133	-0.04531949250071363
IL36RN	-0.107527934425502	-0.0062359750290725624
IL37	0.5749998380669197	0.06986765532367335
IL3RA	-0.7066816301962073	-0.058943608093035456
IL4	0.8194838248881252	0.033156315554973545
IL4I1	-0.1602753998533224	-0.0008154812344537043
IL4R	-1.2293015714470532	-0.04643440825826954
IL5	0.2284177500161579	0.0070866606942512995
IL5RA	-0.4808363909259947	-0.021751114979928297
IL6	-0.3406751434094011	-0.0172637128922714
IL6R	0.0226493608567527	0.0007630116685422851
IL6ST	0.3127841948495504	0.022377519652121383
IL7	-0.2452335554247318	-0.011100006419189635
IL7R	-1.1363713818323733	-0.033615001845983435
IL9	0.5500574073387172	0.034810383023430716
IL9R	-0.4585773505623778	-0.013678903789925168
ILDR1	-0.4744196290508377	-0.0012776120610339058
ILDR2	-0.5288113874968002	-0.012053197955214569
ILF2	-0.4062342927306897	-0.015758234449316184
ILF3	-0.8981347356620017	-0.11805082965541351
ILK	-0.1780017272303505	-0.00976143671958519
ILKAP	-0.619592120289661	-0.06449892013003343
ILRUN	-1.6718787940455644	-0.017405930124808372
IMMP1L	-0.5638371941637941	-0.027418838914991143
IMMP2L	0.2746864121335428	0.011021792286858404
IMMT	-0.8952809230350898	-0.10341389941978323
IMP3	-1.706588925853178	-0.0009079053085538906
IMP4	-0.7983895354190564	-0.014343866393338768
IMPA1	-0.2684106289006216	-0.005412500331781035
IMPA2	-0.3992578158724145	-0.005530519265464685
IMPACT	-0.8181083097954854	-0.007277073415630843
IMPDH1	-0.0168868340824697	-8.671389301348191e-05
IMPDH2	0.9210152974314436	0.025979999509946162
IMPG1	-0.5829104180959099	-0.013762514971244432
IMPG2	0.1932017460273795	0.0051619642503595254
INA	-0.0054738649044316	-0.00021154298309666362
INAFM1	-0.3240620322812592	-0.0020986257210534346
INAVA	-0.636076241401762	-0.0019756528057938726
INCA1	-0.8088236970658308	-0.002592279949095988
INCENP	-1.7133510642659062	-0.046786477511909105
INF2	-0.8805457167852624	-0.04638714836024762
ING1	-0.5253421409814197	-0.004767479929406384
ING2	0.161950420330686	0.00478061445774152
ING3	0.0619178263530154	0.0013005839425450883
ING4	-0.5097268966623051	-0.011439800741792114
ING5	-0.1216391512048482	-0.0035860438166701297
INHA	0.1964205324928699	0.003901304616373382
INHBA	-0.7588958200823077	-0.021379613043358774
INHBB	0.1191568653031019	0.0033666580722738412
INHBC	-0.6874470874356915	-0.009228289701736723
INHBE	0.7105959644032918	0.019034734098470975
INIP	-0.9211272715449296	-0.0005047777448066214
INKA1	0.1906704420869959	0.0006133868121938658
INKA2	-0.6981714615656939	-0.0029763049406545533
INMT	-0.4711380176816324	-0.0022520397245182028
INO80	0.0009593140123276	5.247447647431972e-07
INO80B	0.0365810252870062	0.001109795145157194
INO80C	-0.5987919706200917	-0.022711580653649456
INO80D	-0.4201570553990593	-0.004053675270490124
INO80E	-0.9265959227217442	-0.006476905499824991
INPP1	-0.6130953871459823	-0.00041445248171068403
INPP4A	-0.1141097463056272	-0.0015817893032886042
INPP4B	-0.8748946194329921	-0.06466958558462847
INPP5A	-0.5103827880225197	-0.0017643932981938506
INPP5B	0.1855681899986396	0.00718464361217733
INPP5D	-0.3731171541966492	-0.011522977073055118
INPP5E	-0.6930462803004719	-0.02583953751472279
INPP5J	-0.7151296114046497	-0.021964490884682414
INPP5K	-0.4841645297887283	-0.017607127290296894
INPPL1	-1.3702502836175086	-0.13482714690682837
INS	-0.736134302346465	-0.026618616372848174
INS-IGF2	-0.7860157644289788	-0.019763580380802243
INSC	-0.5338998314610922	-0.004316046237531469
INSIG1	-0.3014318961133623	-0.0014116055694988756
INSIG2	-0.6543358951062059	-0.00442200197912774
INSL3	0.1328799507020698	0.0032206113651660657
INSL4	-0.7066366733350329	-0.007921397108085718
INSL5	-0.8442751823123954	-0.011692366999844364
INSL6	0.9553971808522403	0.019690735897364673
INSM1	-0.6491312277766106	-0.011354603436268472
INSM2	-0.2200633187385426	-0.000219403128782327
INSR	-0.4391153908934734	-0.036832559872753655
INSRR	-0.326555048263499	-0.02033588907556114
INSYN1	-0.3687216373339578	-0.0013403031517089366
INSYN2A	-0.1164149580548967	-0.0009980254354046295
INSYN2B	-0.2891396978106114	-0.0010004233544247153
INTS1	-0.6439570525971721	-0.01389981298030996
INTS10	0.0129605183287173	0.0032167358465959904
INTS11	-0.7566608963101248	-0.07197207113522644
INTS12	-0.7246615154679799	-0.002291379711909752
INTS13	-0.4026201171522314	-0.014159746900126825
INTS14	-0.9665994782549732	-0.15764367550808184
INTS15	-0.7041057402913826	-0.009408965007513747
INTS2	-1.0354406713744062	-0.0038042090266295686
INTS3	-0.3842973497715182	-0.008617099473926752
INTS4	-0.5772057027407882	-0.04688295599941778
INTS5	0.1300486924540744	0.0036503367484934145
INTS6	-0.5144340636406892	-0.027911134556889233
INTS6L	0.4919341564511902	0.0017340679014904454
INTS7	0.2974225529196299	0.04315244335800326
INTS8	-0.4577070690793946	-0.02793523554712269
INTS9	-0.3284359934697018	-0.054422829425909994
INTU	-0.4070592256002534	-0.037993686939850856
INVS	-0.7867852405861164	-0.0023477671579089717
IP6K1	-0.5859914413014272	-0.021822907265506453
IP6K2	-0.1381676139734053	-0.0026381724212082005
IP6K3	-0.5471086064179367	-0.003926051359655114
IPCEF1	-0.8378533166974079	-0.01285853485135512
IPMK	-0.4646521532401968	-0.008463174319116945
IPO11	-0.4804200080988212	-0.003750639003227497
IPO13	0.5518888371982362	0.06657324665354884
IPO4	0.6603580987982365	0.00041932739273688017
IPO5	-1.688704070120144	-0.16968773978195253
IPO7	-1.1334324656373191	-0.16502323326693114
IPO8	0.1351112559240849	0.019499391566219857
IPO9	-0.2699154431892123	-0.0003360447267705693
IPP	-0.0710851300365802	-0.0003229397457561838
IPPK	-1.2409609948965987	-0.005324963629101304
IQCB1	-0.1124728311062557	-0.012827188969175143
IQCC	0.3242258935651669	0.0006105173575832092
IQCE	-0.2605821322213978	-0.0012979596005947825
IQCF1	-1.0204141294584113	-0.0019581747144306913
IQCF2	-0.576264116994917	-0.0005566711370170897
IQCF3	-0.3481958511752935	-0.0015512125169859325
IQCH	-0.3142653865825334	-0.0011546110303042277
IQCJ	-0.2822323101656125	-0.0008596796167644557
IQCK	0.46674859113522	0.0008060748168905249
IQCN	-0.7706527561545804	-0.003255237241996948
IQGAP1	-0.229650684880286	-0.008172808573519619
IQGAP2	-1.2242015498323218	-0.09724445011093048
IQGAP3	-0.7023140243905245	-0.025137925875010042
IQSEC1	2.191272316632773	0.042186374639814145
IQSEC2	-0.7543284938895845	-0.019969338218738968
IQSEC3	-0.3710748183869429	-0.008517651381253887
IQUB	-0.6360881139880299	-0.017662894749219615
IRAG1	-0.1992249616523609	-0.006068790781854218
IRAG2	-1.0867634527884322	-0.021410326783384902
IRAK1	0.9654700724677026	0.029229606443959694
IRAK1BP1	-0.1487502884993928	-0.0014025664702607748
IRAK2	-0.7195910624252444	-0.03305585463462845
IRAK3	-0.9338122700684086	-0.01783207910922633
IRAK4	0.178482413113086	0.00551010905762719
IREB2	0.2022115609559456	0.0007198731570031663
IRF1	-0.3191161582064347	-0.008929827455090663
IRF2	0.2579246901645518	0.008126175288324367
IRF2BP1	-0.7757699854963456	-0.023803726234969867
IRF2BP2	0.553974238271628	0.015848095008474734
IRF2BPL	-0.0115279596410378	-0.00034076648698907737
IRF3	-0.3892593014944088	-0.011432545684890787
IRF4	-0.6098991429339853	-0.017529721166208604
IRF5	-0.7830268809259444	-0.021734477133861438
IRF6	-0.0874953796254085	-0.0026586346052976627
IRF7	-0.9258065284602516	-0.022922043838147367
IRF8	-0.4861090713839103	-0.014924520709628814
IRF9	-1.0393271998571172	-0.081345021951217
IRGC	-0.519860011492289	-0.0036436988205494534
IRGQ	-0.478538945840624	-0.0032397086633410245
IRS1	0.0125914765192418	0.0011349075531088212
IRS2	-0.4831004316409283	-0.01886652115687317
IRS4	-0.1009961884672945	-0.011037772441402147
IRX1	-0.6406219204710626	-0.012743891863930849
IRX2	-0.8581722542482461	-0.01145917411097683
IRX3	-0.1739623250873294	-0.003164896580313784
IRX4	0.4144206215327894	0.007750908884527761
IRX5	0.2995095953425709	0.006478093037664465
IRX6	-0.3094252102622238	-0.004130517131790425
ISCA1	-0.7056132809727395	-0.0008643762691916058
ISCA2	-0.3507839128533018	-0.00022344935248755325
ISCU	-0.7009207955175722	-0.010806796825289929
ISG15	-1.5590588041564744	-0.07219065886766139
ISG20	-0.1357071713374883	-0.0003064267928800486
ISG20L2	-0.6533076024146602	-0.003570979354798533
ISL1	-0.0764927494669674	-0.002038455280545214
ISL2	-1.1949495755380164	-0.021777956014180352
ISLR	-0.8204929215603967	-0.02595547308064159
ISLR2	-0.5472711688478015	-0.005920926775764364
ISM2	-0.099549295224577	-0.0025561272534814637
ISOC1	-1.098330341808038	-0.04098090171354151
ISOC2	1.399310182350104	0.02988226894408647
IST1	-0.3215639950892331	-0.050775276388585
ISX	-0.951499499349072	-0.0011208664102332069
ISY1	-0.5719622695422367	-0.0007069453651542046
ISYNA1	-0.6022632572462654	-0.0025831071103292326
ITCH	-0.6137285439384317	-0.0670823710381024
ITFG1	0.8044341153411096	0.03191994569673523
ITFG2	-0.2494698861683793	-0.01966845529540119
ITGA1	-0.2228119634828882	-0.007524137194853652
ITGA10	-0.6712273750936775	-0.014509250940024932
ITGA11	0.6067388923919932	0.015524628039633928
ITGA2	-0.4132636491410848	-0.011128363544071132
ITGA2B	-0.208043464324354	-0.004821615329181228
ITGA3	-0.0416021546024652	-0.0011651099417966404
ITGA4	-1.1416741171437803	-0.03092224346283929
ITGA5	-1.3632592303027553	-0.034584523413550596
ITGA6	-0.9281963650619868	-0.03642520995412755
ITGA7	-0.6639236029995612	-0.010584270079019006
ITGA8	-0.344509047139534	-0.012867757419708735
ITGA9	-0.4896600961196845	-0.014875384060019894
ITGAD	-0.4607826368750888	-0.013870018152577048
ITGAE	-0.2046046393160978	-0.005442688010447517
ITGAL	-0.4022002100464639	-0.01349985005020956
ITGAM	-0.6833520568512094	-0.02479884614313039
ITGAV	-0.1450349925126971	-0.005173978322897956
ITGAX	-0.273685385261786	-0.008752732306057179
ITGB1	-0.6738213764348083	-0.04067859649536938
ITGB1BP1	-0.2597505507482428	-0.006511946307258447
ITGB1BP2	-0.6637593321103878	-0.03268948334710449
ITGB2	-0.7494469984382207	-0.0230065239580565
ITGB3	1.0902543540215464	0.033118656512112515
ITGB3BP	-0.8242274578218404	-0.025130695188987914
ITGB4	-0.3262443724171932	-0.01829806811576311
ITGB5	0.1306696116752032	0.008534032338507521
ITGB6	-0.016023217409456	-0.0004952936733436944
ITGB7	-0.5426632257688666	-0.0164454090569255
ITGB8	-0.9552274598271348	-0.06072476484867079
ITGBL1	0.1194025282062349	0.0010816675030202818
ITIH1	0.1017958905757751	0.0025059094383038556
ITIH2	-0.6436255190053624	-0.008788706462018223
ITIH3	-0.3216719953346202	-0.009205609162486162
ITIH4	0.1319886735100855	0.0034351372167734854
ITIH6	0.2798098926450149	0.0035412740013153086
ITK	-0.4001180668858093	-0.012119976364038049
ITLN1	0.4088025538320081	0.00024201111186854878
ITLN2	-1.1016182930426424	-0.0009749321893427385
ITM2A	0.1216752340758243	8.225245823525722e-05
ITM2B	-0.7723921694443765	-0.004636670193174592
ITM2C	-0.9642829228920056	-0.0019497800700876353
ITPA	-0.4107884896241669	-0.010185911388720843
ITPK1	-0.9385010223297356	-0.0006560122146084852
ITPKA	-0.6467934548223063	-0.016402035220838867
ITPKB	-0.8939847915676338	-0.018727193413758794
ITPKC	-0.1201425801473816	-0.0016015005933645969
ITPR1	-0.0925863217677129	-0.0032305219391190387
ITPR2	-0.8348639888410522	-0.05258140374518715
ITPR3	0.3304201195450245	0.03674701275496081
ITPRID1	-0.6581747683144441	-0.0019119977019534601
ITPRID2	-0.3478863046440497	-0.0036820286483526215
ITPRIP	-0.3108480934211172	-0.0021162538200109656
ITPRIPL1	0.6147046698364371	0.003404234461554189
ITPRIPL2	-0.1264558669209713	-0.0008628083800017872
ITSN1	-0.7445417443523807	-0.027134823872922514
ITSN2	-0.7687358148491348	-0.02635610741210259
IVD	-0.3443304561901699	-0.001907246396837351
IVL	-1.089041568942389	-0.04706510948498322
IVNS1ABP	-0.348112727269596	-0.009411227581733529
IWS1	0.0636940355033178	0.0011299321898288577
IYD	-0.6235898042360029	-0.00220438995797427
IZUMO1	-0.5907193808236164	-0.03242045177774254
IZUMO1R	-0.3762076455565136	-0.0140581272991558
IZUMO2	-0.7686005334903736	-0.02374360768058462
IZUMO4	-0.0137717570175227	-0.00045248484856772587
JADE1	0.0596444299447168	0.0015464011351766724
JADE2	-0.51307164526326	-0.014362927637499702
JADE3	-0.1825898785579045	-0.0018657033791046683
JAG1	-0.4684205977090472	-0.024967754699087637
JAG2	-1.403485217209064	-0.05908532415928438
JAGN1	-0.5737390418219344	-0.002569203429278622
JAK1	-0.6528168500551185	-0.022929539041335982
JAK2	-0.9575904296348956	-0.03823754344575102
JAK3	-0.2393522825143887	-0.01276250305594972
JAKMIP1	-0.6916242450245924	-0.04228521471655856
JAKMIP2	0.3304699024951652	0.004701264832896221
JAM2	-0.7270157812116391	-0.04334104579693187
JAM3	-0.3183533089979955	-0.0234893805511081
JAML	0.1577702133342164	0.007461426699215097
JARID2	0.3861500103661653	0.008227312120861517
JCHAIN	-0.0468164954187578	-0.0016867983299378435
JDP2	-1.6856652911656422	-0.05089360647087307
JHY	0.1710060249708144	0.0007180542988524496
JKAMP	-0.4485436618656597	-0.0006127106421084912
JMJD1C	0.2311557769795119	0.00567857281727869
JMJD4	-0.3497284430991821	-0.0002738373709466596
JMJD6	-0.309238988628508	-0.00297426059262899
JMJD7	-0.0631303302763583	-0.00023503421961888196
JMJD8	0.1403532914143213	0.0008407162155717845
JMY	-1.0770566168244275	-0.01741492843743417
JOSD1	0.2087061450403595	0.0016018196631847593
JOSD2	-0.7358695341196582	-0.007572097506091283
JPH1	0.0007232953008516	1.990797986063944e-05
JPH2	-0.1159894451119496	-0.0006225153519158335
JPH3	-1.0302429017959571	-0.0023582260022109456
JPH4	0.8214922021374469	0.005767696751207015
JPT1	0.5662850862463777	0.0029407184528774393
JPT2	-0.1523016975998177	-0.000851366489582981
JRK	-0.3318006098546289	-0.0011072186350848967
JRKL	-0.3782470133475852	-0.00038127298945436587
JSRP1	-0.5496164322367747	-0.0016647881732451905
JTB	-0.4482910336891322	-0.002852027556330259
JUN	-0.2921050767731205	-0.011118979747368831
JUNB	-0.1755921286860337	-0.005676015559776039
JUND	-1.1884163892150408	-0.036487948398069396
JUP	0.0256349107826747	0.0006377196755405985
KANK1	0.6213300777452949	0.012248279822593
KANK2	-0.0776282168826385	-0.0016412157613327433
KANK3	0.8409710944416829	0.012012431113004998
KANK4	-0.8156168042958071	-0.00719537144749761
KANSL1	0.1097978259099979	0.004071413182568632
KANSL1L	-1.0003443700692944	-0.029882287022709963
KANSL2	-0.0659274274399038	-0.0012487973305666579
KANSL3	-0.6111892808061807	-0.01607122213879852
KARS1	-0.8681507193481472	-0.190092017809909
KASH5	-0.2170816751359559	-0.005604397606984973
KAT14	-1.023455034888196	-0.02480855004568987
KAT2A	-0.4361187987086785	-0.006909866246740302
KAT2B	-0.1162886565078375	-0.010652971245369977
KAT5	-2.4280779356965185	-0.21931371146385234
KAT6A	-1.7577624275848849	-0.22914718334724835
KAT6B	-0.3569367882549081	-0.007274014807846773
KAT7	-0.0477013891027875	-0.0020124739048575017
KAT8	-1.2868664731003523	-0.06889625723684667
KATNA1	-0.310484402822188	-0.03401946553282431
KATNAL1	0.1487210659036805	0.03345837308061462
KATNAL2	0.1213223053055219	0.007531810035672105
KATNB1	-1.3066636970811267	-0.5628689074642428
KATNBL1	-0.6285402743133435	-0.023355299512935215
KATNIP	0.216796906190531	0.0048699089037578976
KAZALD1	-1.3989623026925386	-0.0297559281782703
KAZN	-1.0081808575505875	-0.01650291245724557
KBTBD11	-0.239208390803841	-0.003390778939644446
KBTBD12	0.0556903009712988	0.0011192079786201921
KBTBD2	-0.8143250158737121	-0.017794630246872358
KBTBD3	-0.7488018095756295	-0.011071783556385257
KBTBD4	-0.8726211069249794	-0.023776307300384915
KBTBD6	0.1619446444677337	0.002726500034258765
KBTBD7	0.2293227276566677	0.004951765658290426
KBTBD8	-0.1238515003930763	-0.002813039128427942
KCMF1	-0.2386956747693235	-0.0014338449183393263
KCNA1	0.125032688784043	0.001177557862968117
KCNA10	0.0027133900182429	4.047835229214758e-05
KCNA2	-0.3972469147553726	-0.008561862753722546
KCNA3	-0.0654346254600644	-0.002410022690319632
KCNA4	-0.6029710762441594	-0.006704435396758808
KCNA5	-0.1886195175214027	-0.004438405866796127
KCNA6	-0.7648310306070112	-0.007277367256225711
KCNA7	-0.2717269014600824	-0.00333164353880207
KCNAB1	-0.9092724339353372	-0.037102861666731435
KCNAB2	0.0301676011827738	0.0024410416173053246
KCNAB3	-0.8210211784030853	-0.09180412510549779
KCNB1	-0.9031622570753216	-0.05188305901994892
KCNB2	-0.53204869827149	-0.022912145142363446
KCNC1	-0.6244325356810038	-0.00536887094178527
KCNC2	-0.4028160502213546	-0.003249517077135667
KCNC3	0.1074692049599652	0.0013058583094685372
KCNC4	-1.567641122799846	-0.009603369518271856
KCND1	0.0540656356213832	0.0015207581987582667
KCND2	-0.0568265958547619	-0.0021683892446260045
KCND3	-1.0908974276267005	-0.04903038488468205
KCNE1	0.1526093274889923	0.0009017685161324556
KCNE2	0.1871633585179686	0.0019974073621037607
KCNE3	-0.5279767043651298	-0.003216962059696736
KCNE5	-0.5156359829226036	-0.00288549896043489
KCNF1	-0.0845183606170515	-0.0018064954398288586
KCNG1	-0.7377588198823096	-0.015484819870509797
KCNG2	-0.8001348766693553	-0.0065090972217052056
KCNG3	-0.210490014260698	-0.004211063225299524
KCNG4	-0.1973762855182589	-0.002516745016643319
KCNH1	-0.001693713912797	-5.9620423444367205e-05
KCNH2	0.0145429230583388	0.00037498927105926596
KCNH3	-0.4988884752601552	-0.012292113141934964
KCNH4	-0.0956960327950394	-0.0023367057287892717
KCNH5	0.9770762753524168	0.029580007160019066
KCNH6	-0.697638880534912	-0.013174212620021278
KCNH7	-1.3488665194574203	-0.06571677682796552
KCNH8	-0.7342150200842783	-0.02065493694501092
KCNIP1	-0.2501080541461241	-0.006550079830032844
KCNIP2	-1.1567371937333737	-0.0257906124714793
KCNIP3	-0.5157260214401981	-0.016640931533810868
KCNIP4	-0.2480188295004831	-0.007271912080954164
KCNJ1	-0.2293213324073809	-0.006597116090695534
KCNJ10	-0.2922648271551502	-0.00342592830391267
KCNJ11	-0.5331527385561043	-0.014277297185793918
KCNJ12	-1.0530374723271914	-0.016220989223728055
KCNJ13	-0.2796360316199124	-0.0017096946973241443
KCNJ14	-0.3359024412194043	-0.008828187960128384
KCNJ15	-1.6077468140448186	-0.02171101297686123
KCNJ16	0.4177825470304093	0.006830326861400161
KCNJ2	0.2720720009807021	0.006912261256915718
KCNJ3	-0.6922509440740787	-0.01713044186205715
KCNJ4	-0.3846827653364081	-0.006885821499521705
KCNJ5	-0.5272282692916128	-0.012417280198356065
KCNJ6	-0.5569280627821639	-0.010470247580304681
KCNJ8	-0.0460460461487381	-0.001063157159528214
KCNJ9	-0.1475974430998579	-0.002888186766578019
KCNK1	-1.4293752790686869	-0.013416116369338696
KCNK10	-0.6050043664120666	-0.003956728556334915
KCNK12	0.2809997307426511	0.001387014670945726
KCNK13	-0.7427563188179228	-0.005407266000994478
KCNK15	0.6917665668427428	0.005854420455190133
KCNK16	-0.4828825661566711	-0.004085669392251594
KCNK17	-0.9258968540156548	-0.005948887287050582
KCNK18	-0.0787285798787227	-0.0005458252442991845
KCNK2	-0.5727021278221613	-0.004147508809688093
KCNK3	-0.2894442893103826	-0.0063958504608915235
KCNK4	0.4622753885714608	0.004473438935206026
KCNK5	-0.4349593782704371	-0.003878532776037488
KCNK6	0.7531559904005554	0.0048179388705923525
KCNK7	-0.2404555153418219	-0.0015877277678020502
KCNK9	-0.3003960786115639	-0.0076991514948143835
KCNMA1	-0.5329377904101213	-0.007575177752889464
KCNMB1	1.075971906981832	0.09942195614893524
KCNMB2	-0.389067024845335	-0.0028300735387249668
KCNMB3	-0.1566332129422351	-0.0009986933657196908
KCNMB4	-0.1976610696428969	-0.002323703534721896
KCNN1	-1.4943749679052805	-0.013062331594460058
KCNN2	-0.569970609284054	-0.008788376824550827
KCNN3	-1.321444829413999	-0.0077542382590013465
KCNN4	-0.6183353373594295	-0.004373485841143245
KCNQ1	0.0899515267928215	0.0013491829503655297
KCNQ2	-1.2191117691244195	-0.02443221896502249
KCNQ3	-0.8620839778579173	-0.021753827097266688
KCNQ4	-0.1792296013946132	-0.00251136517474132
KCNQ5	-0.7241381497010647	-0.018714626340874316
KCNRG	-0.1388830670430065	-0.0007669122962114818
KCNS1	-0.6939319347861567	-0.007631863418778152
KCNS2	-1.5314989643181232	-0.04949651502779742
KCNS3	-0.4758266502227206	-0.007721714879814309
KCNT1	-0.490976039967467	-0.012734936524676159
KCNT2	0.0306699905607009	0.00034899382259021553
KCNU1	-0.488542867264541	-0.002601002225316416
KCNV1	-0.0549183797785604	-0.0003638891844127412
KCNV2	-0.6380910238925004	-0.0053842120596049176
KCTD1	0.035533847415974	0.0013263008548012295
KCTD10	-1.3040331783232353	-0.010207971719914286
KCTD11	-0.1622208594571478	-0.0007048496343413071
KCTD12	0.5364359258658753	0.016817802711821053
KCTD13	-0.3833436152582992	-0.000801954843120362
KCTD14	-0.167300773122119	-0.00355681443657625
KCTD15	-0.1249743352048741	-0.0033485623374793962
KCTD16	0.011911478669935	0.00026570935469024006
KCTD17	-0.9901570848419372	-0.007373699810817906
KCTD18	-0.4555455552347276	-0.0013151600179626586
KCTD2	-0.4431640896210044	-0.014095720198575287
KCTD20	-0.0781674727089194	-0.0013095396702925268
KCTD21	-0.4695942721170161	-0.010525486015230798
KCTD3	-1.0836416463756504	-0.014198956492460148
KCTD4	-0.3398783930938117	-0.0006800966645807172
KCTD5	0.2551190885271762	0.007218339490787923
KCTD6	0.311838199968463	0.00870589886671955
KCTD7	0.2801647413808933	0.00601541716218916
KCTD8	-0.073404951232264	-0.0016333335698691062
KCTD9	-0.1534763999302636	-0.0005893493757322122
KDELR1	0.2444673599110534	0.013784292088584746
KDELR2	-1.3645516364960666	-0.08337137588663668
KDELR3	-0.5550916450542055	-0.017409339263835047
KDF1	-0.4214984196819954	-0.0009770333368228654
KDM1A	-0.4823223601476192	-0.015261644119790968
KDM1B	-0.1990800079477538	-0.0004636573385103186
KDM2A	-0.3992690493763288	-0.011352816149966534
KDM2B	-0.9683479461595644	-0.029082393867010198
KDM3A	-0.1898146763433946	-0.004229070988930832
KDM3B	-0.4594858498336841	-0.017716395912037358
KDM4A	-0.6445095844626355	-0.018253800451150763
KDM4C	-0.1634718331485389	-0.002882662305741335
KDM4D	-0.2454908001101176	-0.006176548530770558
KDM5A	-0.4218085216903707	-0.08042623083070298
KDM5B	0.3743502012999107	0.036740600506579735
KDM5C	-0.4606716532121264	-0.03125334696887029
KDM5D	-0.4233933697732143	-0.015814589147769103
KDM6A	-0.9063207723954072	-0.023096678563724556
KDM6B	-0.4750837109610077	-0.00876006854641002
KDM7A	-0.3043389950516602	-0.009501463425512831
KDM8	-0.2646723468171547	-0.006061526086806476
KDR	-0.746592823283977	-0.06702611730314231
KDSR	-0.9793327691295096	-0.006405815642876123
KEAP1	-0.6322248574300536	-0.01909824849324706
KEL	-0.4566939393220511	-0.01148904943152484
KERA	-0.2379940060497115	-0.0010919164997560764
KGD4	0.851903165133456	0.02092103792934741
KHDC1L	-0.4014531889300011	-0.0002661634642605907
KHDC3L	-0.521574356335749	-0.002212518419576247
KHDC4	0.5088232202496166	0.0004207968031464329
KHDRBS1	-1.5279450697318673	-0.01949199525456943
KHDRBS2	0.1613821042238381	0.0002475601478793677
KHDRBS3	-0.356138200340773	-0.11194848189511858
KHK	-0.2282060239589715	-0.00013943388063893157
KHNYN	-0.6472372939925441	-0.002007730085964872
KHSRP	-1.6366451208761392	-0.7218930665611684
KIAA0232	0.4464544909329986	0.006544576382586827
KIAA0319	-0.927568391213098	-0.024756800361477583
KIAA0319L	-0.6740194819154047	-0.017552141328559055
KIAA0408	-0.5373047093573208	-0.0008532398784594254
KIAA0513	-0.4234544257730153	-0.017543716859776026
KIAA0586	-0.4786761595712862	-0.00363602410810349
KIAA0753	0.3359832384838999	0.008471817358371535
KIAA0825	-0.0181364495673877	-0.0010440791286953752
KIAA0930	0.8045293622714077	0.007276968081744882
KIAA1143	-0.2363471611832294	-0.00010493813956535385
KIAA1191	-0.4432105761535474	-0.003578925402439896
KIAA1217	-0.6966060536331677	-0.013188842413436763
KIAA1328	-0.4167112768826168	-0.0037629028302500296
KIAA1586	0.4108540940767035	0.0003442957308362775
KIAA1755	-1.19219318597644	-0.027822212381132184
KIAA1958	-0.1695238438096902	-0.0008072725442217448
KIAA2012	0.2623047353108406	0.0001523990512155984
KIAA2013	-0.0462793967512449	-0.00032585323252551536
KICS2	-0.4988672412378549	-0.042799317227519285
KIDINS220	-0.4321586706071857	-0.024477899261861606
KIF11	0.036158599758578	0.0026932009858181647
KIF12	-0.377111980294794	-0.009273560707429278
KIF13A	-1.098163939273919	-0.07599184643381593
KIF13B	-0.9150405942993188	-0.03202550575988186
KIF14	-0.7021686938875475	-0.025953559263471534
KIF15	0.617022851049994	0.022514546811963233
KIF16B	-0.3146002110462498	-0.00963714826497977
KIF17	-0.2526336214360897	-0.007766968057431141
KIF18A	-0.9727629931705932	-0.04256324476617931
KIF18B	0.1846094124059754	0.010610979806270654
KIF19	-0.4370430445184986	-0.010972839718725945
KIF1A	0.1596974317541208	0.0053929822703366595
KIF1B	-0.4457963743498203	-0.013412229718688693
KIF1C	-0.5181377334190597	-0.02969499163997973
KIF20A	-0.5829482240622121	-0.03370081978126055
KIF20B	0.560688795178258	0.01883521869642322
KIF21A	-0.4343414106985109	-0.06346249219998082
KIF21B	-0.3674189898545558	-0.039307953210599794
KIF22	-0.824187022429592	-0.06888884808275501
KIF23	0.6956417344329413	0.023160695906210345
KIF24	-0.5745645902406721	-0.02227759285740158
KIF25	-0.8308126740859914	-0.009391506467868046
KIF26A	-0.597229377473768	-0.006344367676903838
KIF26B	0.3849311079250466	0.0061843031799237985
KIF27	-0.0906081830568957	-0.0021958893163838674
KIF2A	-0.8505448000684763	-0.02932423307196086
KIF2B	0.266168548599085	0.02054528409781477
KIF2C	0.7535123848252728	0.044319337938268075
KIF3A	-0.2159346602726444	-0.027008891372242088
KIF3B	0.1332710379735635	0.01958178015153163
KIF3C	0.2222912321751325	0.018556649770747884
KIF4A	-1.0031727809728306	-0.0685949484173602
KIF5A	-1.0346138069758593	-0.08842740746841972
KIF5B	-0.2123470632080234	-0.022186233511037493
KIF5C	-0.7187610766811351	-0.030184371415224266
KIF6	0.0467172323079784	0.005902862453809994
KIF7	0.1312674126216297	0.0030274203372926455
KIF9	0.4717122023067799	0.04103377276646448
KIFAP3	-0.214899944314789	-0.055444615433104194
KIFBP	0.5517828021672492	0.029598181291053415
KIFC1	-1.156005486538083	-0.03700604763505712
KIFC2	-0.0541478313554203	-0.0007915329987535339
KIFC3	-0.8437363947178828	-0.029477618422258673
KIN	-0.6308445207330137	-0.0026981220151750997
KIR2DL4	-1.0287912386631717	-0.02644816516355282
KIR2DL5A	-0.3221731082114059	-0.00811425190341247
KIR2DL5B	-0.3272769717618249	-0.008253925227833223
KIR3DL1	-0.1530930931978699	-0.0041054974802872774
KIR3DL2	-0.6653645394639303	-0.017828442834936013
KIR3DL3	-0.3623796790975035	-0.009537108394488097
KIRREL1	0.4708292850422232	0.0172516558332321
KIRREL2	-0.3913908902869506	-0.007425859361414314
KIRREL3	-0.1509257507998032	-0.004316023695621972
KISS1	-0.9567129734150324	-0.0302560477842504
KISS1R	-0.3056713991713896	-0.009327562745714953
KIT	-0.3911774834108572	-0.03352391032831046
KITLG	0.2312287132727735	0.014361384152658689
KIZ	-0.0112589578334605	-1.2711363393976905e-05
KL	0.2283090707501822	0.0033474675953391714
KLB	0.5242332699569796	0.008574359363416358
KLC1	-0.7863244740121024	-0.03405807194288619
KLC2	-0.7943416363380678	-0.007561338036302067
KLC3	-0.2913974456730548	-0.007657633474842208
KLC4	-0.3309464590589906	-0.03673439506262984
KLF1	-0.5462989158044315	-0.0077814817567183215
KLF10	0.5529291380667262	0.010577534411216472
KLF11	-0.5247827234233307	-0.0013859511725610163
KLF12	-1.615030166249233	-0.0010110088840720199
KLF13	-0.6239372689431013	-0.016247326483278358
KLF14	-1.003217062596676	-0.019293870547859273
KLF15	-1.0490072916850672	-0.028259207430704026
KLF16	-0.9000401949814557	-0.010340561800141944
KLF17	-0.188858349120937	-0.00031029426760569945
KLF2	0.3438244011117122	0.00609050544129287
KLF3	-0.2275273675023701	-0.0011531086985020116
KLF4	-1.154043548540968	-0.03477364020463644
KLF5	-0.1641496196910113	-0.004818283786790255
KLF6	1.5650781777755272	0.024243060973742916
KLF7	0.1627095958058627	0.0004513564187654631
KLF8	-0.966893850975636	-0.030292784351066672
KLF9	0.4311357351389945	0.00513223979109459
KLHDC1	0.1286985452441738	0.00014787462848555569
KLHDC10	-0.1132925369219502	-0.00020596583212410544
KLHDC2	-0.7240693794811565	-0.006137936129861764
KLHDC3	1.3107841196834331	0.0007812273353313261
KLHDC4	-0.5688804027305855	-0.0039303947024656154
KLHDC7A	-0.3527805426713353	-0.002483927800948872
KLHDC7B	-0.1270149325324324	-0.000248822252831035
KLHDC8A	-0.374757514781163	-0.0009856122638744586
KLHDC8B	-0.9056200486400056	-0.0008612446662566453
KLHDC9	-0.6941817586355591	-0.004769722863584926
KLHL1	-0.366016196974656	-0.0035196117501082916
KLHL10	-0.5847697054988662	-0.007457568054227041
KLHL11	0.0768078784848604	0.0015434543181532697
KLHL12	0.135427878951334	0.0025537635133853053
KLHL13	-0.673919117325088	-0.01693895701396609
KLHL14	-0.4931666217758007	-0.00033831230253819925
KLHL15	-0.0117416558580381	-0.00027078606739807466
KLHL17	-0.5503812917974706	-0.011336203467152504
KLHL18	-0.2325438971711465	-0.006290312418479513
KLHL2	-0.9678597184965956	-0.004206318336586205
KLHL20	0.2732433391248635	0.007246413353591379
KLHL21	-0.3606514570882788	-0.007695220139892604
KLHL22	-0.3388478824355385	-0.00947994720689906
KLHL23	0.0426264334699343	0.00017775222756962603
KLHL24	-0.6611898790953292	-0.01173678154382119
KLHL25	-0.5814881364715668	-0.011232024844084785
KLHL26	-1.075233125750653	-0.022412159273146614
KLHL28	0.026069047295471	0.00012367156036971442
KLHL3	-0.4866021226891621	-0.010339321902899316
KLHL30	-0.8840707382964492	-0.013632370784531247
KLHL31	-0.7421117275642845	-0.014303461437074018
KLHL32	-1.080621122744823	-0.0032861688342670065
KLHL34	-1.0348493666063885	-0.028053731479332586
KLHL35	-0.272536788904596	-0.000820880808180643
KLHL36	0.0337248645287487	0.000671394603038329
KLHL38	0.2905310148965559	0.002268175633297412
KLHL4	0.1453797400961561	0.0005201687100640465
KLHL40	-1.0618940620161763	-0.01878702974519019
KLHL41	-0.2949920116746592	-0.007773924483662295
KLHL42	-1.274208161825206	-0.02964572709302524
KLHL5	0.6178578096242314	0.006664832192416584
KLHL6	0.2964957182551287	0.0028027740246657318
KLHL7	0.1770397800708779	0.004658978852345222
KLHL8	0.691030469662052	0.005145412877103639
KLHL9	-0.5960526512682385	-0.014829789963553773
KLK1	0.0096638100007512	0.00030104700914340135
KLK10	0.0155929407522732	0.00010149445135654626
KLK11	0.3916357194492011	0.006068003837145923
KLK12	0.4277698514613238	0.004912508974181842
KLK13	-1.2500123085535642	-0.02288772536961576
KLK14	-0.9614217427762056	-0.007166437670653837
KLK15	-0.3793605837289762	-0.004111510006454644
KLK2	0.3390052970608164	0.007052327194756163
KLK4	-0.6568930642321502	-0.01688543621608742
KLK5	-0.7614973004748452	-0.00674229709840428
KLK6	-1.143603454077156	-0.02681635739465523
KLK7	-0.888930927665166	-0.006895437205898693
KLK8	-0.3706578719934129	-0.01001665833274999
KLK9	-1.2483888214033192	-0.00671008991504284
KLKB1	-0.4157395468768698	-0.016067917747244143
KLLN	-0.338601850708139	-0.000421559304131633
KLRB1	-0.6054127579831821	-0.015968972317322395
KLRC1	-0.0548101167299793	-0.002612579024051193
KLRC2	-0.5447951757895804	-0.022699435794448657
KLRC3	-0.1557144376677531	-0.005549039700728049
KLRC4	-0.0442252019218573	-0.001035444652596445
KLRD1	-0.427058929346785	-0.036525923168101174
KLRF1	-0.4843289997756491	-0.016568410753325182
KLRG1	-0.3901302108894909	-0.01790229511729696
KLRG2	0.1194054117928007	0.006772316740652277
KLRK1	0.7742474718793246	0.05301427289452112
KMO	0.2938984395984607	0.0016796295823052027
KMT2A	0.5913020360896888	0.08073401479954175
KMT2B	-0.4771582922265659	-0.010737493049974412
KMT2C	-0.2338273248533942	-0.007221990755421933
KMT2D	0.0110149339622956	0.00014006590026455085
KMT2E	0.2665176344361075	0.008022980349430144
KMT5A	0.260323275204595	0.0055573812790676936
KMT5B	-0.6027901717996504	-0.016275937428762363
KMT5C	-0.5733630540192466	-0.011306146062205523
KNCN	-1.2727596294268932	-0.0034186323646406354
KNDC1	0.8829507225148214	0.014557208562101862
KNG1	-0.3698261416368166	-0.010771926027455556
KNL1	-0.7832037897798733	-0.02342405894473645
KNOP1	-1.030301377806753	-0.005447203384464303
KNSTRN	-0.4631114875676034	-0.002543408289721278
KNTC1	0.0446782409093711	0.0013660818940449306
KPLCE	-0.5173869636079672	-0.0011139341326479534
KPNA1	-0.3335821086786201	-0.010154906552394554
KPNA2	-2.310539855022148	-0.06999780490789598
KPNA3	-0.2323316828252978	-0.02913694867480342
KPNA4	-0.1761026708003119	-0.013401589350574535
KPNA5	-0.5154587709300567	-0.013315330970665224
KPNA6	0.0460636276899729	0.0003001966616555534
KPNB1	-0.3101423341003138	-0.03610770096296083
KPRP	-2.2122748413333726	-0.0022343975897467063
KPTN	0.242422079805238	0.020210728793362692
KRABD2	-0.8154541532447543	-0.0005227061122298876
KRABD3	0.0281615468313835	0.00019462445015169135
KRABD4	-0.5616821932208417	-0.0005482018205835414
KRABD5	-0.3400460337264589	-0.0008331127826298243
KRAS	-0.7546260249764924	-0.025522961416754926
KRCC1	-0.3825995656802977	-0.0007912159018268555
KREMEN1	-0.3021048924362641	-0.011522582702411549
KREMEN2	-0.904971019770718	-0.021156412500199846
KRI1	-0.0100787466531311	-5.976696765306743e-06
KRIT1	-0.5881509846661561	-0.020373550108835646
KRR1	0.234513629830065	0.0002516331248076597
KRT1	-0.2584558176855207	-0.0012346434410837322
KRT10	-0.6566287616203516	-0.0066496794689293
KRT12	-0.1670807971869022	-0.000918944384527962
KRT13	-1.1636197447695689	-0.008948235837277984
KRT14	-0.6700216569579827	-0.058389707317260356
KRT15	-0.3060898895443112	-0.0027848058150741436
KRT16	-0.2312457610493741	-0.01011954574928166
KRT17	0.4202671752333988	0.003998842172345789
KRT18	0.0237055616441745	0.002090451248029884
KRT19	-0.1356965052864338	-0.0011083690551795913
KRT2	-0.2657046786992449	-0.002060008373955246
KRT20	-0.9521493336034916	-0.007997102252935727
KRT222	-0.4312961677490329	-0.0032601677320149396
KRT23	-0.4167652923534893	-0.0033670467969238397
KRT24	-0.3723173399118306	-0.001078975651064485
KRT25	0.7303531037946535	0.0025525840977623135
KRT26	-0.384217565578303	-0.0023314321879291423
KRT27	-0.5894346356116403	-0.0019805003756551117
KRT28	-0.8949154915083994	-0.0030928279386530284
KRT3	-0.76954854059254	-0.019404166451040896
KRT31	-0.9066351605801262	-0.0039946345175160365
KRT32	-0.3813708563718287	-0.001013302365379949
KRT33A	-0.5738106543131987	-0.0028610199224056087
KRT33B	-0.053639705052033	-0.0003219455097223021
KRT34	-0.3698589634595199	-0.0016506805539198374
KRT35	-0.1304460521810598	-0.0005893552637540282
KRT36	-0.4467120007996117	-0.002848682429099124
KRT37	-0.4791621212009846	-0.001778649793898055
KRT38	-0.2022307893241405	-0.0006327801397952355
KRT39	-0.4010400572338088	-0.0012949583448079688
KRT4	-0.9048703366568692	-0.0037126829913031343
KRT40	0.6632866746526729	0.0020144016309201675
KRT5	-0.2065983796224571	-0.014454035835146343
KRT6A	-0.1675150420550981	-0.002165801978730363
KRT6B	0.5225530584611421	0.005694260678051065
KRT6C	-0.9982786590393452	-0.011822614159002964
KRT7	-0.3513969410961399	-0.003000929876961035
KRT71	-0.2001312242677896	-0.0003612368598033602
KRT72	-0.3442223774613809	-0.0021269500703338723
KRT73	-0.1041156040609149	-0.00019032332422335243
KRT74	-0.4897328880550246	-0.0030809095987541593
KRT75	-0.3910210579648852	-0.008388574756520682
KRT76	-0.4030733996044683	-0.003535759861330396
KRT77	-0.0414089493635533	-0.00028278171520370547
KRT78	-0.5006613923201015	-0.0034861052747248667
KRT79	-0.5143534906948373	-0.004026359125159186
KRT8	-1.0118962287249744	-0.047279839390945703
KRT80	-0.6570086627170083	-0.009207319399316155
KRT81	0.0522078595227873	0.00024339304109523443
KRT82	-1.0451117924635156	-0.005060431299108342
KRT83	-0.5904323396674844	-0.0026227004528029656
KRT84	-0.1308373099904029	-0.0002942531101684162
KRT85	-1.0979428231794186	-0.0016556977773545633
KRT86	0.0920142140848924	0.00040845109632283734
KRT9	-0.1103982388164072	-0.0005708692929196417
KRTAP1-1	-0.1765907289954921	-0.00043017501583301874
KRTAP1-3	-1.0197473923236746	-0.002004823373308344
KRTAP1-5	-0.5287431371172959	-0.00037064893911922445
KRTAP10-10	-0.2272726081202352	-0.00034568163695087776
KRTAP10-11	-1.317056336025469	-0.0008139408156637398
KRTAP10-7	-0.5376233286537972	-0.0003360145804086233
KRTAP10-8	-0.0690447459881807	-8.79630063889422e-05
KRTAP11-1	-0.0335563651774315	-0.00014835269044942464
KRTAP12-1	-0.3227313394992403	-0.00048054696451436886
KRTAP12-2	-0.2982622930443172	-0.0011316071398101393
KRTAP13-1	-0.3426577383851718	-0.0070957564464801375
KRTAP13-2	0.026276974556116	0.0004488107254184613
KRTAP13-3	-0.0062422763263494	-4.332763998119119e-05
KRTAP15-1	-0.785774338204126	-0.019111603453800752
KRTAP17-1	-0.4551210364668818	-0.00019843277189956048
KRTAP19-3	0.3627181706038276	0.0008295364561709537
KRTAP19-4	-0.2262868657484352	-0.0007831788423553343
KRTAP2-4	0.2531121251160216	0.0013498469632437433
KRTAP20-1	-0.6493798606252114	-0.0005759999363745624
KRTAP20-3	0.0517568229545985	2.308354303775093e-05
KRTAP21-2	-0.9507070897468188	-0.0056291366783909145
KRTAP25-1	-0.3290072310441269	-0.0007224998793729027
KRTAP26-1	-0.812535906060109	-0.004242249965539829
KRTAP27-1	-0.6360412278193932	-0.015363575857977442
KRTAP3-1	-1.3912360915500823	-0.012046713316732164
KRTAP3-2	-0.2214593685881141	-0.0013905433753647685
KRTAP3-3	-0.3892265899453622	-0.0026268902555412494
KRTAP4-1	-1.250199537912487	-0.0005575889939089693
KRTAP4-11	0.2180663153685783	0.0001214629376602981
KRTAP4-12	0.8356766879056217	0.0007596301093062101
KRTAP4-2	0.5085609804895583	0.00021308705082512494
KRTAP4-4	-0.4799402240874044	-0.00022269226397655565
KRTAP4-5	-0.6843336960399229	-0.00028536715124864785
KRTAP4-7	-0.1237692977221761	-5.544864537953489e-05
KRTAP5-1	-0.1980504899478491	-9.96193964437681e-05
KRTAP5-11	-0.1485771860442819	-6.700831090597114e-05
KRTAP5-2	-0.0014537069769862	-6.410847768509142e-07
KRTAP5-3	-0.1276932769256545	-5.822813427809845e-05
KRTAP5-4	-0.9462328693238804	-0.0004787938318778835
KRTAP5-5	-1.3778789958586342	-0.0005773312992647677
KRTAP5-6	-0.8826320838395361	-0.0004130718152369029
KRTAP5-7	-1.2104208675811805	-0.0005180601313247452
KRTAP5-8	-0.1730081232946891	-7.906471234567291e-05
KRTAP5-9	-1.334462941102122	-0.0006965896552553078
KRTAP6-2	-0.7245242290686967	-0.0030821260704582357
KRTAP6-3	-0.4599487576409525	-0.006609003698542846
KRTAP8-1	-0.4578476626208349	-0.0019504310427647567
KRTAP9-2	-0.2644680110165069	-0.00012139081705657667
KRTAP9-3	0.5663593153823756	0.00026165800370665755
KRTAP9-4	-0.2548868661924124	-0.00013432537848340136
KRTCAP2	0.2659936112777309	0.010987664094660508
KRTCAP3	1.5170222395312312	0.009675567843730193
KRTDAP	-0.6693593569192083	-0.003924453909617319
KSR1	-0.2524764673534436	-0.0275858312995046
KSR2	-0.4519048227503578	-0.03503437328854424
KTI12	-0.0522293237525195	-0.003735023400190175
KTN1	1.3707710629190373	1.300749335483007
KXD1	-0.5690649160341588	-0.07633152251224189
KY	-0.2988897217726611	-0.0038667363305729167
KYAT1	-0.3970129297462466	-0.0012434444959652442
KYAT3	0.6518626976442607	0.0016948430138750779
KYNU	-0.3236565494209463	-0.0008949103591489165
L1CAM	0.0980287505550453	0.002532180655587375
L1TD1	-0.1229370490103889	-9.257159790482284e-05
L2HGDH	-0.2607553950814199	-0.005155394916154753
L3HYPDH	-0.7675009584923961	-0.0030907263598488792
L3MBTL1	-0.3810096998224323	-0.009047456331983478
L3MBTL2	-0.049880083847565	-0.00055062624559327
L3MBTL3	-0.716196223738506	-0.01853300968168132
L3MBTL4	-0.7344570950516649	-0.003788329696276488
LACC1	-0.0991122650731592	-7.205461670818674e-05
LACRT	-0.1770756329175784	-0.006757206152134792
LACTB	0.3499322717529104	0.006696303952263694
LACTB2	-1.2799904445863002	-0.0190411378536658
LAD1	-0.2298724288334741	-0.0004544577918037783
LAG3	-0.4803139370678368	-0.025626669798317365
LAGE3	-0.7835537019642618	-0.07769248376456442
LAIR1	-0.5202162293713404	-0.015511287311165255
LAIR2	0.0714518597702621	0.0027236019907228505
LALBA	-0.1863074895051882	-0.004787729865304326
LAMA1	-0.6768184169338622	-0.019598630899153847
LAMA2	-0.5694500423499971	-0.00773882607553646
LAMA4	-0.6372258354994214	-0.017206372010155378
LAMA5	-0.8010837297506113	-0.022294160198959512
LAMB1	-0.505735937933333	-0.028496197158791585
LAMB2	-0.906241573146045	-0.023777060154632785
LAMB3	-0.6543589081230692	-0.022055821357196168
LAMB4	-0.4680530555830224	-0.013005790255485443
LAMC1	-0.1173366526686955	-0.005137585337098832
LAMC2	-0.6362275197766212	-0.017913622046830547
LAMC3	-0.9263586571286996	-0.038417946228441434
LAMP1	-0.8438723801402376	-0.018339878437587782
LAMP2	0.1225213476694788	0.002926422389085501
LAMP3	-0.3485259868529298	-0.003333999590235126
LAMP5	-0.7413489144398878	-0.004279065934147033
LAMTOR1	-0.3481574648403816	-0.026950521195829105
LAMTOR2	-1.2700015759119898	-0.09218814439387543
LAMTOR3	0.0457802136256744	0.0019853505243046217
LAMTOR4	-0.5556727116507731	-0.017244191260658445
LAMTOR5	-0.5268244767545492	-0.015983854624733024
LANCL1	-0.1904912104593269	-0.0002017301918764272
LANCL2	-0.2782421199657804	-0.000269894856366807
LANCL3	0.3123824424436731	0.0002299134776385434
LAP3	-0.7826899480988497	-0.02740119239299263
LAPTM4A	0.2802903869894577	0.0025436352619293283
LAPTM5	-0.3043782142057422	-0.006098521899826251
LARGE1	-0.232461116984468	-0.004011813956917949
LARGE2	-1.2054530276824982	-0.017659886855548597
LARP1	-0.5372080340954806	-0.018448798306906992
LARP1B	-0.7105909229014924	-0.02259821253011326
LARP4	-0.0309055588821294	-6.375816797383296e-05
LARP4B	0.112522597912223	0.0001282757616199342
LARP7	-0.2004506994673187	-0.00019143041799128934
LARS1	-1.1362148985004863	-0.18583817258384105
LARS2	-0.021815447220067	-0.0002342979031435196
LAS1L	-0.509269088983525	-0.007035043195218414
LASP1	-0.9402188561744752	-0.0383938369918847
LAT	0.2562495178858132	0.006555118917036987
LAT2	-0.4936929025156523	-0.015106509124076444
LATS1	0.0936526556047513	0.0017452172371945406
LATS2	-0.5842059444396729	-0.011552672551294533
LAX1	0.1417223686714755	0.004754218579453317
LAYN	-0.1219118330685815	-0.0019669255147284938
LBH	-0.6605220070643718	-0.0028686470766805666
LBHD1	-0.4561664462265623	-0.0008393462610568747
LBP	-0.2129119840933057	-0.005917888597873432
LBR	0.0155739452632275	0.0004922301139895684
LBX1	0.447308704440074	0.0014340717064348773
LBX2	-0.6604374573882775	-0.004594663391050247
LCA5	-0.7000576903086038	-0.008560305437093607
LCA5L	-0.189906794195622	-0.001347958425200525
LCAT	-0.398890979834445	-0.011630863190012747
LCE1B	-0.2788759949765576	-0.005079726248497996
LCE1C	0.335513868429298	0.002091928969656673
LCE1E	0.0948330183966136	0.0009438730321014951
LCE2A	-0.4274065842799037	-0.0004992108904389275
LCE2B	-0.5985592542789684	-0.004268326042263323
LCE2C	0.3602326469081236	0.002910679787017639
LCE3D	0.2072314278019483	0.0010154339962295466
LCE3E	-1.4812153641812402	-0.010001166138951734
LCE4A	0.581255026579167	0.004251299264400027
LCE5A	-1.5176655708943645	-0.01848516665349336
LCE6A	-0.8483418484010435	-0.0018765321686631082
LCK	0.2954314977003478	0.011065091314868828
LCLAT1	-0.2143323920356971	-0.0008764051510339654
LCMT1	-0.8441444502117017	-0.0006035632819013667
LCMT2	-0.0949516909135806	-9.058391313155589e-05
LCN1	0.5515890580916316	0.00450317307026008
LCN10	-0.610832474869154	-0.0024512707216499154
LCN12	-0.5334066724478387	-0.007010563895981944
LCN15	-1.476648167115715	-0.015215382713960328
LCN2	0.0262669669388833	0.0007444846439487694
LCN6	1.2694572564614506	0.008788452586482623
LCN8	-1.3028871377373084	-0.007178908128932569
LCN9	-0.1805092690905788	-0.0009527279222600748
LCNL1	-0.2599614330252311	-0.0011375912309184112
LCOR	-0.0304584907440255	-0.0007756559252873533
LCORL	-0.3299693975212835	-0.005729258649162045
LCP1	1.908155060521074	0.2296311962932271
LCP2	-0.0300067083587105	-0.0014828415069623967
LCT	-0.0391296312190615	-0.0003973614050295696
LCTL	0.6994502139673425	0.010528824070850408
LDAF1	-0.8129297222386562	-0.008527632786283504
LDAH	-0.0090491286225332	-3.0522710843804484e-05
LDB1	-1.0890402851114096	-0.032547057960839586
LDB2	1.0275267768889544	0.029044071875543184
LDB3	0.4839141766649201	0.018553753447509702
LDHA	-0.5328754901894271	-0.03914663213578589
LDHAL6A	-0.9143746403489188	-0.0245665034622544
LDHAL6B	-0.837626638626488	-0.04096999414849878
LDHB	-0.1005261131695973	-0.008665753059671965
LDHC	-0.2383425630776726	-0.017794894101942117
LDHD	0.2070618410746255	0.006476894388814286
LDLR	-0.9836139576619112	-0.03981669300615417
LDLRAD1	-0.8102737858610136	-0.006591577247979346
LDLRAD2	-0.060829102821844	-0.001115605745752619
LDLRAD3	-0.0975890013595071	-0.0007766132728189575
LDLRAD4	-0.076500038084264	-0.00015843157887251075
LDLRAP1	-0.4197870511969497	-0.024919818720204524
LDOC1	0.792407403530033	0.022628778222607154
LEAP2	0.2108680014747202	0.0019680310577635633
LECT2	0.237272251838959	0.0003824828699644019
LEF1	-0.8607711261025244	-0.024488938537616817
LEFTY1	-0.9137601919502164	-0.02494565324024091
LEFTY2	-0.3854329114619698	-0.010370457915795758
LEKR1	-0.0980598761839468	-0.0007341742929892097
LELP1	1.4939195727925445	0.019054944150968905
LEMD1	-0.3346712350516325	-0.002264720247594397
LEMD2	-0.3862616194649962	-0.004011326918143985
LEMD3	-0.104771583777808	-0.008720243689410738
LENEP	-0.683072653704255	-0.0008135395305617676
LENG8	-0.7961507780024537	-0.013392848387557277
LENG9	-0.0303171413436297	-0.00010295701200296646
LEO1	-0.2319281904906575	-0.0005939680958465738
LEP	-0.0096853786556812	-0.0007170182672587349
LEPR	-0.0575152735434324	-0.0035922314397021575
LEPROT	-1.5407894343864532	-0.06217393525636216
LEPROTL1	-0.3959152367637614	-0.00956254071355513
LETM1	-0.1445039285753532	-0.006925928792688104
LETM2	-0.3768642954608884	-0.006151932759103543
LETMD1	-0.9842697762919912	-0.0178940245329884
LGALS1	-1.1893361154240842	-0.03653640546582787
LGALS12	-0.1876739010891623	-0.0013484369793256312
LGALS13	-0.1314052491640613	-9.224648491317103e-05
LGALS14	-0.1890777388069943	-0.00016185054441878713
LGALS2	-0.872485725473836	-0.021331403502109814
LGALS3	-0.0445799943668394	-0.002891146374672635
LGALS3BP	-0.1863340907161137	-0.011713519944687056
LGALS4	-0.1039109592191826	-0.004007845697083873
LGALS7B	-0.7254134596821011	-0.0006695566232865793
LGALS8	-0.3747659542308476	-0.012416745595576442
LGALS9	-0.2588329053163888	-0.01701852235745788
LGALS9B	-0.8034937969398666	-0.041087458800317014
LGALS9C	-2.2848167576900185	-0.3016917743189054
LGALSL	0.662734036585338	0.0011200205218292213
LGI1	-0.0450134552293544	-0.0014747308202241087
LGI2	0.4485791614591181	0.01503099054217213
LGI3	-1.082981845247723	-0.015682660101032277
LGI4	-0.7697667784060911	-0.01714039685476843
LGMN	0.8893155576782814	0.005688062306910288
LGR4	-0.0862038161622115	-0.002470515167392819
LGR5	0.1242245554202282	0.00493755340428781
LGR6	-0.2286344073217424	-0.00702273445529464
LGSN	-0.3325351579045013	-0.00018921250484766122
LHB	-0.4749519392918581	-0.01149526178668084
LHCGR	-0.4660380380666699	-0.012397543888649552
LHFPL1	0.0383351801421332	0.00014000007787907042
LHFPL2	0.0357625435801557	0.00021357391026068985
LHFPL3	-0.0989505791344562	-0.0006889928825132186
LHFPL4	-0.936645294043936	-0.005350117919578963
LHFPL5	-0.223203264655142	-0.0011624426023239796
LHFPL6	-0.9788612750606068	-0.006848113480324005
LHFPL7	0.0589410702961414	0.00014847255607598018
LHPP	-0.1465256778370182	-0.0021978851675552727
LHX1	-0.6424718403209668	-0.011187362155508996
LHX2	-0.369376619888068	-0.009293146379763903
LHX3	-0.597406945351449	-0.010585453664682325
LHX4	-0.7400745355161915	-0.019555729526479843
LHX5	-0.9105903390310396	-0.017303037622267814
LHX6	-0.1507875525501897	-0.0028307347240247114
LHX8	-0.4545511745716928	-0.007985100483700927
LHX9	-0.777346613483434	-0.016150153241731826
LIAS	-0.1995299836192702	-0.002430873790433569
LIAT1	-0.7528857843246849	-0.0020230041024804283
LIF	-0.6411792856921289	-0.018572399189358206
LIFR	0.0277748146908918	0.001665988934789072
LIG1	-0.6810289487789787	-0.03618238701967836
LIG3	0.4875836405518743	0.04857795810818324
LIG4	-0.9472570322417554	-0.0005153078255395149
LILRA1	-0.6201977087861967	-0.019892221311608473
LILRA2	-0.6505949034289781	-0.020213333054634918
LILRA3	-0.445594928590202	-0.01429245733453073
LILRA4	-0.5054976478487313	-0.015421722240569095
LILRA5	-0.7126215959213703	-0.02099311959424765
LILRA6	-0.6591354285471449	-0.019957302505550452
LILRB1	-0.1999210982449723	-0.005500829018210414
LILRB2	0.0115284144985254	0.0003559628544709688
LILRB3	-0.6628054859606426	-0.017797652909015176
LILRB4	-0.4945090976044514	-0.013080754649832948
LILRB5	0.3656242232161969	0.010808217662493997
LIM2	0.1295233098348187	0.0012653132137763437
LIMA1	-0.0220573050564601	-0.00034400572966055174
LIMCH1	-0.7061085236283096	-0.011184759014272423
LIMD1	-0.7470339917290212	-0.01962308889473793
LIMD2	-0.2024551967490699	-0.00466031617396684
LIME1	0.2406464534325001	0.003291562190049736
LIMK1	0.0050895411999291	0.00012837349768581168
LIMK2	-1.196060851481294	-0.028854968041986218
LIMS1	-0.0235432429442316	-0.00032037644998510363
LIMS2	0.2324614404546312	0.0031733311236461707
LIMS3	0.1220069677945581	0.0021509828422180593
LIN28A	-0.2893092162293542	-0.006892792076664363
LIN28B	-0.7839705549328205	-0.006472460901525366
LIN37	0.171499583790186	0.003390546771531977
LIN52	-0.9772214524011704	-0.001330975618170394
LIN54	-1.8083394758048368	-0.04891377448104503
LIN7A	0.8454518014685154	0.01673318205466486
LIN7B	-0.0436380241464511	-0.0005856659220695202
LIN7C	-0.3140810984828061	-0.004704620774173952
LIN9	-0.3169121092557226	-0.17973258290696276
LINGO1	-1.0555606801354702	-0.08173945238765042
LINGO2	-0.4562898592492692	-0.018346958950553865
LINGO4	-0.3930986467306701	-0.01052443006892023
LINS1	-0.9089419624594536	-0.027191907748937014
LIPA	0.7753184923399298	0.0072469019479013234
LIPC	-0.0676835886353915	-0.0017678953351564263
LIPE	-1.526547693103879	-0.0011632293421451557
LIPF	0.0117299630572201	9.903607809210931e-05
LIPG	-1.1576050119190633	-0.02310811124792834
LIPH	-0.3563662477988828	-0.006332628223386148
LIPI	0.1386102745800718	0.001343549391504636
LIPJ	-0.3548596165454868	-0.0032189315816841106
LIPK	-1.1450600333532588	-0.009474226715964863
LIPM	-0.4303441221570825	-0.0036153209702416505
LIPN	-0.3386372864633408	-0.003558061968870322
LIPT1	0.1333910772504246	0.0017684989021861293
LITAF	0.9150740132310352	0.001560201192558915
LIX1	-0.1896446435812053	-0.004709066144764909
LIX1L	-1.4064467913708691	-0.07617597111422901
LKAAEAR1	-0.1041827133592233	-0.003126419045196932
LLCFC1	-0.0845015480325805	-0.0007868784152793897
LLGL1	-1.6391133257166732	-0.04360533180404066
LLGL2	-0.1727670080915591	-0.0012478960994453314
LLPH	-0.1393672184724975	-7.985741618474108e-05
LMAN1	-0.9420958024294795	-0.023669214940238246
LMAN1L	0.0580682908574809	0.0003425448477682798
LMAN2	0.1793043439200513	0.005459637968021642
LMAN2L	-0.2050882154512795	-0.001471918122293833
LMBR1	0.2437702669210536	0.0031758390374474863
LMBR1L	-1.2053487594789911	-0.006160537509697124
LMBRD1	-0.0302689453848404	-0.0002389127859225453
LMBRD2	1.343390247976055	0.011950799645994985
LMCD1	-0.5210874629271766	-0.01438618267649349
LMF1	-0.2230777294558839	-0.003525074280861877
LMF2	-0.2885911579770818	-0.0043432969275550804
LMLN	0.1473614606321469	0.0019528340762972106
LMNA	-0.4437533624235001	-0.04970170785151928
LMNB1	1.4670062289227954	0.05573450064923484
LMNB2	-0.6367305863717205	-0.026442147790844812
LMNTD1	0.3163619098122345	0.0001955116602639609
LMNTD2	-0.112967013290301	-0.00015950942276590503
LMO1	-0.1206046677093151	-0.002974111105711711
LMO2	-1.2754252488907452	-0.03282817048119889
LMO3	0.1716781633831322	0.0027938904308970934
LMO4	-0.8197319764484403	-0.020892508883741397
LMO7	-1.6623898827495271	-0.043370089651052414
LMOD1	-0.7878356503169601	-0.0060726371926431285
LMOD3	-0.0566459240341512	-0.0007027493335676799
LMTK2	-0.2084504027810218	-0.009649169144733499
LMTK3	-0.6381718209478768	-0.01628805938605266
LMX1A	-0.1353543161501654	-0.0037570297533801415
LMX1B	-0.5660244440183229	-0.01572755520149312
LNP1	-0.2306164743284522	-0.00014574961177558178
LNPEP	0.095963827070543	0.0007560030296617378
LNPK	-0.0206868330675677	-0.0007671918911438157
LNX1	-0.018612858947517	-0.0010944361061139994
LNX2	0.7578490358496798	0.01555182006467128
LONP1	-0.581978119451347	-0.15178163948726967
LONP2	-0.2729400576382028	-0.0051730329124168575
LONRF1	-0.1061381256307926	-0.0030350197024125143
LONRF2	-0.2384776860724995	-0.006099305298990248
LONRF3	-1.6033800209902265	-0.11269997829538203
LORICRIN	-0.3318719164060593	-0.008960541742963601
LOX	-0.2531191133515537	-0.006737271440078304
LOXL1	-0.1993261104522248	-0.005665645363494037
LOXL2	-0.3537294435164818	-0.003934532600233826
LOXL3	-0.4389912371285477	-0.00404442626766531
LOXL4	0.5080295344538811	0.004677935953251337
LPA	0.4146862814811051	0.009294778313117489
LPAR1	-0.3113295942332716	-0.013264508691902769
LPAR2	-0.2257780580249039	-0.005033721803665232
LPAR3	-0.2403430729097658	-0.0049577969079826496
LPAR4	-0.0170382522480924	-0.0005001749329950005
LPAR5	-1.083803963281708	-0.011206532980332862
LPAR6	0.2016388114988907	0.004803843045149573
LPCAT1	-1.0654258840273552	-0.030104673779076947
LPCAT2	-0.6505862857432895	-0.00499390032936549
LPCAT3	-0.170454136523345	-0.017073027222451284
LPCAT4	1.202758149204486	0.007166033052960328
LPGAT1	-0.496580627441033	-0.002539016748106002
LPIN1	-0.5969306314591856	-0.018107890705314395
LPIN2	0.1114633652894075	0.003320716578702028
LPIN3	-0.3441081632125996	-0.013012794300047668
LPL	-0.0684469229452457	-0.000405890253065307
LPO	-0.8474419286111295	-0.0063464926033687495
LPP	0.7636100157223182	0.013681600651696775
LPXN	-1.184235765632507	-0.026346877313792018
LRAT	-1.0077110675732843	-0.001516605156697793
LRATD1	0.202882135098693	0.00019740431745102828
LRATD2	-0.3896044502147553	-0.0002431131769340073
LRBA	0.0446031976324245	0.0014646352006559232
LRCH1	0.5351862534682186	0.01259400291661412
LRCH2	-0.2354330022558102	-0.005118078036039059
LRCH3	-0.2714847706290329	-0.006834086131044646
LRCH4	-0.1884463532137143	-0.009391224012405452
LRFN2	0.9499137580713004	0.030542577063266522
LRFN3	-0.088156778207692	-0.003961853769431886
LRFN4	2.0981857028598943	0.09984846122769664
LRFN5	-0.9138847700589688	-0.025610706796132542
LRG1	-1.5701961314132444	-0.0496982777553606
LRGUK	-0.2511218817321831	-0.012081724852017061
LRIF1	0.0559056451213059	0.0012774439910218397
LRIG1	-0.3977723832015173	-0.012704452147073263
LRIG2	-0.6509332058928029	-0.03570238447680846
LRIG3	-0.1027122293637878	-0.0026459697406405374
LRIT1	-0.096598234544561	-0.0014518714652047519
LRIT2	-0.6460837495592262	-0.022871364734396608
LRIT3	-0.9967362014067686	-0.027788008559019303
LRMDA	-0.399602678982956	-0.0002333679645260463
LRP1	-0.0815184009480919	-0.002379848197278595
LRP10	-0.4419705019719689	-0.01842928599122716
LRP11	-0.865239587882152	-0.023438475196139615
LRP12	-0.6019473935205143	-0.018952915632386914
LRP1B	-0.7784019416725138	-0.021899560227014503
LRP2	-0.1633371402000684	-0.004214261554301965
LRP2BP	-0.2760993322213549	-0.01601845495748635
LRP3	-0.4576218268112836	-0.006721549392204133
LRP4	-0.829318871260247	-0.02206154061326509
LRP5	0.0899457363557172	0.0022807540367719213
LRP6	0.1306710228623118	0.00336425615461308
LRP8	0.123742969096987	0.0070462958892897306
LRPAP1	-0.9127999710699812	-0.036182478053242983
LRPPRC	-0.2002622665188034	-0.013506288040827659
LRR1	-0.2190918902321704	-0.005915700128158834
LRRC1	-0.4516990728763382	-0.012899622123202467
LRRC10	-0.8900792536286446	-0.0004993344612856696
LRRC14	0.026424613093144	5.797560112635794e-05
LRRC15	0.3971315532021348	0.018893930775144764
LRRC17	-0.2314506188013216	-0.003926328297345619
LRRC18	0.0674144639501916	6.208872129812647e-05
LRRC19	-0.2903748460705359	-0.007940590540644873
LRRC2	0.1582978260017958	0.00010400167168317984
LRRC20	-1.251768085525918	-0.011871768523127805
LRRC23	-0.7557053751259888	-0.0017570149971679239
LRRC24	-0.6041064077762184	-0.015188443304309683
LRRC25	-0.4145822929551399	-0.012895582222369625
LRRC26	-0.3682727638710864	-0.009708038328405708
LRRC27	-0.404714044871421	-0.0002796574050061519
LRRC28	-0.1501948006068607	-0.0004879829071716904
LRRC3	-0.4170869112212946	-0.0015936890877765667
LRRC31	0.0695211147450204	0.0010587370564519158
LRRC32	-0.8012237886346375	-0.02265380139985574
LRRC34	-1.2236630862184716	-0.0011380066701831787
LRRC36	-1.16764862820283	-0.054420599614649304
LRRC37A	-0.527920548328122	-0.013447192207013924
LRRC37A2	-0.4543738877027607	-0.013234093853230608
LRRC37A3	-0.0953888123673198	-0.002399887130349399
LRRC37B	-0.4255070063895715	-0.012335448115233677
LRRC39	-0.9670820931191608	-0.001852929290416312
LRRC3B	-0.7563876854676355	-0.006425513388047564
LRRC4	0.470744026290365	0.028545917754247734
LRRC40	-0.5084112566740021	-0.016312883581642033
LRRC41	-1.268003388671693	-0.03122585144942911
LRRC42	1.2183389710283716	0.0010697016165629103
LRRC43	0.2537408379780643	0.00013448264412837407
LRRC45	-0.5772754837961354	-0.015672452109581278
LRRC46	0.9434905560596762	0.004726887685858978
LRRC47	0.1578454503517273	9.249743390611222e-05
LRRC49	0.6058052898888165	0.05216528770703611
LRRC4B	-0.2121256416346654	-0.0075238843831399475
LRRC4C	-0.507222392490285	-0.026074274308355593
LRRC52	-0.179958789858163	-0.008596811350314305
LRRC55	0.2429374056040985	0.006375406335268357
LRRC56	0.1848744036852855	0.000114622130284877
LRRC57	-0.5551824702738217	-0.003318880807296906
LRRC59	-0.0556425071187243	-3.499913697767759e-05
LRRC61	-1.150644340514393	-0.031466670780047105
LRRC63	0.1737323064125339	0.00010006980849361953
LRRC66	0.0879707292242301	0.0037026879930478454
LRRC7	-0.075962507376797	-0.0006136251345897661
LRRC70	-0.3950587396356673	-0.005556106114236025
LRRC71	0.2383231670617157	0.0001913735031505577
LRRC73	0.4237963727600313	0.004379087919729403
LRRC74A	-0.9516728655841984	-0.0005871821580654505
LRRC75A	0.04126250306937	2.4303614307858933e-05
LRRC75B	-0.0492617009607897	-2.709393552843434e-05
LRRC8A	-0.3132958476103873	-0.010630128109420442
LRRC8B	-0.1166926738012174	-0.002033953304355219
LRRC8C	-0.1625443068973785	-0.0016634784367877717
LRRC8D	-0.8240061679370885	-0.007557784572318975
LRRC8E	-0.568409990475278	-0.004556942893640304
LRRCC1	-0.898403551406399	-0.03764580401458234
LRRD1	0.1890845836681604	0.0029090663197346473
LRRFIP1	-0.3587451658635296	-0.012712493697540036
LRRFIP2	-0.6782413800534769	-0.035042019141842934
LRRIQ1	0.0588127069071709	3.928688821399016e-05
LRRK1	-0.0124953468778884	-0.00037682217579648047
LRRK2	0.0351217564191118	0.0006133663541033684
LRRN1	-0.7088330409738213	-0.03919775833281134
LRRN2	-0.5074769517442166	-0.013651130001919426
LRRN3	-0.4829694238845542	-0.016700599708504
LRRN4	0.7477115214907152	0.01655208995123996
LRRN4CL	-0.2119187733144798	-0.001436385445525544
LRRTM1	-0.6447573946279705	-0.01936980164941349
LRRTM2	0.3574934205844713	0.018901392133142167
LRRTM3	0.0718901693596585	0.0020231331461195096
LRRTM4	0.4866746825304363	0.013008327589356031
LRSAM1	-0.0991915687517656	-0.002862668674175955
LRTM1	-0.2757112199703976	-0.005510915864768307
LRTM2	0.1156568894657937	0.0030269721110987528
LRTOMT	0.7199821389224246	0.007514453583933345
LRWD1	-0.5917802936281584	-0.08262022213430807
LSAMP	-0.2527405010557798	-0.008249449954460652
LSG1	-0.8510063270538938	-0.0004263541698540008
LSM1	-0.3190424036820455	-0.052641677565133826
LSM10	0.1793514941811796	0.00010743154501452659
LSM11	-0.2357707993570404	-0.00013391781403479896
LSM12	-0.3575784794788326	-0.008986304767782541
LSM14A	-0.965024408633333	-0.0012439164627283663
LSM14B	-1.415650286168098	-0.002185764041843543
LSM2	-1.6602802428915155	-0.0007355041476009413
LSM3	0.0025080502481267	1.2414848728227166e-06
LSM4	0.2740922783264267	0.0005169380369236408
LSM5	-0.4296906670189532	-0.00019980616016381325
LSM6	-1.624576939696619	-0.0007440562383810515
LSM7	-0.463965383102058	-0.09219131351852822
LSM8	0.2728521306524718	0.0001454301856377675
LSMEM1	-0.3684526582850554	-0.0009189209297629283
LSMEM2	-0.1913950085011459	-0.005646152750783804
LSP1	-0.6721392712401448	-0.011830323313097788
LSR	0.7217177587827925	0.00544536049001617
LSS	-1.1150433927806909	-0.00874751541636452
LST1	-0.6915069496806899	-0.009224011201790724
LTA	-0.0156718106372669	-0.0012178250610007362
LTA4H	-0.0890385914155527	-0.00156422997398843
LTAP1	0.2979445738330946	0.001575232961855571
LTB	-0.109722042031691	-0.004957680747159927
LTB4R	-0.7560912150718783	-0.02553320033297733
LTB4R2	-0.0060460354754562	-0.00020500897090176885
LTBP1	-0.6535977590570191	-0.01876479166252702
LTBP2	4.916207984370731	0.12432106750876705
LTBP3	-0.026788055725203	-0.0006713354645293124
LTBP4	-0.1422276118548008	-0.0038986010685519447
LTBR	0.1506649715370828	0.005496107496701244
LTF	-0.2022083792313012	-0.008148593266262976
LTK	0.2906272159342688	0.008249744151510155
LTN1	-1.3639156355329902	-0.022013598357502464
LTO1	-0.3701087875756045	-0.0006872920185278976
LTV1	-0.6802563338447655	-0.0007931788852629965
LUC7L	-0.6851856910797878	-0.0003837039870046811
LUC7L2	-0.6626956767445937	-0.00033201053404904147
LUC7L3	-0.575421161261428	-0.00031590621753252397
LUM	0.332867413549091	0.02097763726927726
LURAP1	-0.3318609855298115	-0.0004453574425810071
LURAP1L	-0.090058147660486	-0.0007323528567750722
LUZP1	-0.8436424503690658	-0.009623429431359935
LUZP2	-0.6533032089052785	-0.0012902738375879252
LUZP4	-0.6429853912466645	-0.0003652157022281055
LVRN	-0.3994867551594149	-0.002820376491425469
LXN	-0.7679765766631905	-0.013427302466379222
LY6D	-0.7450894060541094	-0.008890406793037634
LY6E	-1.1102330502948847	-0.0051004106330547
LY6G5B	-0.7887247263520848	-0.003878948204199553
LY6G5C	-0.490785455607744	-0.0034993002984832146
LY6G6C	-0.6590938085163215	-0.003951926475863864
LY6G6D	-0.293367440289395	-0.0014999877221996767
LY6G6F	-0.5488257593196018	-0.013801321369610025
LY6H	0.0172507324532276	8.014690297769543e-05
LY6K	-0.2493475327951892	-0.0015993150753483437
LY75	-0.7221847449760286	-0.05664311610270485
LY86	0.6185229030520972	0.004538102539693238
LY9	-0.693716898092875	-0.03071709053065441
LY96	-0.0990267212696097	-0.003828174990840571
LYAR	0.0318129299724918	1.5333832246741046e-05
LYG1	-0.1033164022368851	-6.942862230318678e-05
LYG2	0.7515847194746872	0.0004704920343911542
LYN	-0.3258327185120064	-0.011100143221548522
LYPD1	-1.15322492621367	-0.011687934627175545
LYPD2	0.6227241383413578	0.004370278002879649
LYPD3	-0.877984641085763	-0.006267054368070177
LYPD4	0.2006063484438752	0.001922410637137656
LYPD5	0.0788795801059601	0.0017240709823759701
LYPD6	0.6877844451949153	0.0070009578676390434
LYPD6B	-1.0209644523065036	-0.009616464176274958
LYPD8	0.5645309629955375	0.006507348410449561
LYPLA1	-1.0215750455949415	-0.0007610734089682314
LYPLA2	-1.092756485629954	-0.0009179154479291615
LYPLAL1	-0.1369467894368871	-0.0011248809284345907
LYRM1	-1.2350289028692791	-0.0005211821970108358
LYRM2	-0.9528417349091552	-0.004186786583190829
LYRM4	0.5883431207434053	0.0005583376215854916
LYRM7	-0.8747183968541257	-0.023676877566047472
LYRM9	0.330866292750367	0.00020249017116322462
LYSMD1	-0.6110842181496683	-0.0004577020793941015
LYSMD2	-0.1571154453886695	-0.00013873293827819518
LYSMD3	0.2201131484154567	0.0006022295740646896
LYSMD4	-0.1497700254317794	-0.0023112510324632195
LYST	-0.545378517754241	-0.004972761324883169
LYVE1	-0.7340376005427343	-0.028286138936914264
LYZ	-0.8257548333704766	-0.014291338901142838
LYZL1	-0.3973885256629431	-0.0016845299602852156
LYZL2	-0.376912927793792	-0.0016316560644193256
LYZL4	-0.7939968208513348	-0.003927902272751554
LYZL6	-0.7169089924164147	-0.0050054585850514074
LZIC	-0.0993057716564296	-0.0005495581403466814
LZTFL1	0.3584092498182617	0.03190989232981948
LZTR1	1.5646269052531674	0.04477492814762989
LZTS1	0.5421050452169037	0.0094543119885828
LZTS2	-0.6537082418280004	-0.0025311583123580174
LZTS3	0.0006027421092892	2.294639210063984e-06
M1AP	-0.7058023453945146	-0.09441306233638803
M6PR	-0.7066789645701832	-0.034419505648355345
MAB21L1	0.3375798696719285	0.0013408672423368998
MAB21L2	-1.3732381910889946	-0.0055272837191332035
MAB21L3	0.4490992806836333	0.0016675056291783304
MAB21L4	-1.3051650073648462	-0.007235834800830707
MACC1	0.0802360577588554	0.001510844967599247
MACF1	-0.7144592672463531	-0.004078133497442184
MACIR	-1.5761055944946702	-0.0011584376119535827
MACO1	-2.13815314727804	-0.020718703997124208
MACROD1	0.0004891261003458	1.0579797550479654e-06
MACROD2	0.1426682057796818	0.0002148583179042008
MACROH2A1	-0.2438982553918479	-0.007099878214456692
MACROH2A2	-1.05687842145494	-0.030163310148323987
MAD1L1	-0.6969937369431426	-0.0646998376192211
MAD2L1	-1.4276431660943842	-1.057027000176282
MAD2L1BP	-0.2157258740976294	-0.008701734583476076
MAD2L2	0.0280509551004486	0.0035751503294623754
MADCAM1	1.956556042412758	0.13078207554299598
MADD	-0.6458991515930503	-0.014951919460227522
MAEA	0.0118376803935463	0.0009876768636355355
MAEL	0.2033824423944637	0.007259736281270381
MAF	-0.8970542787746061	-0.02694392231727407
MAF1	0.1556214555024669	0.09205522643774075
MAFB	-1.0757749383358923	-0.031347005928169566
MAFF	-0.368937212368753	-0.010513234803659986
MAFG	-0.6950755096583121	-0.010399719775507665
MAFK	-1.4928566270580108	-0.02261080647342063
MAG	-0.2439826394879999	-0.014837560237823226
MAGEA1	-1.1841871511817457	-0.011551745659777929
MAGEA10	0.6157090462283341	0.011410935753749716
MAGEA11	-0.2437925379690983	-0.004770532382979315
MAGEA12	-0.8008756681200383	-0.00692036664822525
MAGEA2	-0.5915254003378307	-0.002912671071263479
MAGEA2B	-0.8145593890381382	-0.004010890431623793
MAGEA3	0.4161085546275513	0.0065532936268293054
MAGEA4	-1.083188411996681	-0.024612207097388584
MAGEA6	0.0076892930934082	0.00012109867692808574
MAGEA8	-0.591507034206747	-0.008809314260441082
MAGEA9	-0.2907956553003855	-0.004708563250623842
MAGEA9B	-0.3019320592235434	-0.004888883902947615
MAGEB1	-0.0441569378726821	-0.0006980770308292314
MAGEB10	-0.5488550258458154	-0.004202582932901408
MAGEB18	0.3266816355591945	0.006519258719219286
MAGEB2	-0.5890552779775342	-0.0042034984636476844
MAGEB3	-0.4432312499632119	-0.0018637874060953062
MAGEB4	-0.3424437655407393	-0.0014666866478109865
MAGEB6	0.1670782140902743	0.0017885722818363863
MAGEC1	-0.1258862262309705	-0.0028135571562621906
MAGEC2	-0.1546213970213902	-0.0019304481418120564
MAGEC3	-1.3393130245898386	-0.011697559956767651
MAGED1	0.0635238801455725	0.0017239745832706922
MAGED2	-1.183562632668171	-0.029484912305029476
MAGED4B	0.2073450194676265	0.0061162633842560465
MAGEE1	-0.8357537232597381	-0.015824996749923142
MAGEE2	0.2903139883125158	0.005221877707777222
MAGEF1	0.2588694711092915	0.00492525055732538
MAGEH1	0.2198870329499049	0.0032719190502945848
MAGEL2	-0.4092015484629241	-0.01146828259722191
MAGI1	-0.4606627832382012	-0.01406219212112933
MAGI2	-1.4736391555178912	-0.08170150206022292
MAGI3	-0.8296281523556333	-0.044773372126328814
MAGIX	-0.2652070438408497	-0.009355178471485974
MAGOH	-0.461091342706132	-0.0002319289453811844
MAGOHB	-1.1258830995053908	-0.0009378606218879905
MAGT1	-0.296049299264323	-0.005844605266076264
MAIP1	0.0439630854550523	9.931261004296315e-05
MAJIN	-0.3822161131347917	-0.0013599249305335888
MAK	0.5836855683673456	0.029920889605646872
MAK16	-0.9376413571283376	-0.000499762843349404
MAL	-1.2221514496471984	-0.01057894294814615
MAL2	-0.2081880549608165	-0.006209625115316274
MALL	0.0471645828902834	0.0003091638408458077
MALSU1	-0.5108953295147441	-0.0003882804504312056
MALT1	-0.3606200860823107	-0.013159748181315682
MAMDC2	-0.1280420692160579	-0.0012517392686561821
MAMDC4	-0.9258737080004926	-0.025757806556573705
MAML1	-0.6230879779566387	-0.019459660639563784
MAML2	-0.8268034101403491	-0.016088767557921053
MAML3	-0.9663916816805642	-0.014995499724637314
MAMLD1	0.3510344344591685	0.009528829723394128
MAMSTR	0.2110707222892702	0.0026548475449544406
MAN1A1	-0.4077746731463674	-0.004409675315404817
MAN1A2	-0.0942453229626417	-0.0011992717346996156
MAN1B1	-1.3485069248034824	-0.0264482663161707
MAN1C1	-0.2537254202441862	-0.0032532673383709556
MAN2A1	-0.4557415427016591	-0.002544860774446065
MAN2A2	-0.2656101518008272	-0.0017527613917336586
MAN2B1	-0.3665634087956784	-0.00192629071322129
MAN2B2	3.995057864540904	0.01578047856493657
MAN2C1	-0.696182033122714	-0.0035101498110047236
MANBA	0.1716041292052904	0.0009314672133263162
MANBAL	0.5747013356191889	0.007591229942193866
MANEA	-0.922124706248488	-0.002166993059683947
MANEAL	-0.4567774174510056	-0.0016590155801820522
MANF	-0.6999070207636076	-0.014719044646658666
MANSC1	-0.5668833527821957	-0.01384896030846904
MAOA	0.0305043588832185	0.0007793558651073494
MAOB	-0.281299631322769	-0.006927566020585831
MAP1A	0.274825402241434	0.008760059696445709
MAP1B	0.0320645439552127	0.001177955151282649
MAP1LC3A	-0.5012443484092706	-0.013501517768752113
MAP1LC3B	0.0224474277317034	0.001285317264489605
MAP1LC3C	-0.7213137296529613	-0.0022432856992207094
MAP1S	0.5471962053848641	0.05092207887311546
MAP2	-0.5530562309791888	-0.022094043371387612
MAP2K1	-0.5908587591170349	-0.018507468911822884
MAP2K2	-0.685067450541168	-0.0631001927344459
MAP2K3	-0.8606701464016443	-0.10122771926902939
MAP2K4	-0.1352793155104799	-0.005411849016996748
MAP2K5	0.1143033580215456	0.009410138252481763
MAP2K6	-0.7365441365385672	-0.08051237610916732
MAP2K7	-0.3554349720442283	-0.013352625594785526
MAP3K1	-0.11123157392676	-0.0029558678455297205
MAP3K10	-1.011103982246405	-0.02210576636385315
MAP3K11	-0.6508181129627336	-0.015995156762285107
MAP3K12	-0.1656593118232383	-0.008528141372660307
MAP3K13	-0.5523969957011188	-0.014653987501959278
MAP3K14	-0.095442672249428	-0.005659082365685334
MAP3K15	-0.8469872035830661	-0.023487802142562006
MAP3K19	-0.9561950056269328	-0.0033648502248011768
MAP3K2	-0.905261834624338	-0.023692512735788172
MAP3K20	-0.7747706631166023	-0.0220453244483198
MAP3K21	0.0074808870172581	0.00018192769137269973
MAP3K3	-0.8949672448072448	-0.02685259721319657
MAP3K4	-0.3101952039972036	-0.010436827833689911
MAP3K5	-0.4290231515855183	-0.01499779133312655
MAP3K6	-0.7208675803918194	-0.02205350188692693
MAP3K7	-0.0800161062963612	-0.0032393720473018867
MAP3K7CL	-0.3418652745311107	-0.0015353169479192183
MAP3K8	-0.1135755186779319	-0.0033650154673897665
MAP3K9	-0.6271718628225738	-0.015316164061990075
MAP4K1	-0.9347667594210304	-0.09691287854973475
MAP4K2	-0.8648590922254302	-0.026037447830538803
MAP4K3	-0.0915661216447599	-0.0037955988744185877
MAP4K4	-1.0856130814055212	-0.05747887020809672
MAP4K5	0.0031983946721358	7.521984589928974e-05
MAP6	0.49527526183998	0.007963530935125038
MAP6D1	-0.9359350537856432	-0.0018962044189697132
MAP7	-0.774718137768987	-0.005995543668194191
MAP7D1	0.0658476277650975	0.00035478701839834536
MAP7D2	-0.8563087133632112	-0.005976178510561851
MAP9	-0.4094072701892965	-0.00899713416967998
MAPDA	-0.6002616957166006	-0.0028098249976494074
MAPK1	-0.2694763308481677	-0.02183566708862703
MAPK10	-0.765080522382042	-0.045441192546359005
MAPK11	-0.5589245583879144	-0.013892069898731613
MAPK12	-0.8608410812116749	-0.046617987911937046
MAPK13	-0.8653728314930988	-0.05060440706722194
MAPK14	0.1843575544178163	0.007469061959683409
MAPK15	-0.7093862438948706	-0.03363271120929971
MAPK1IP1L	-1.4939007609183377	-0.003748197009144109
MAPK3	-0.8969876873622903	-0.09588798377902882
MAPK4	-0.3378752102023205	-0.03104194706212799
MAPK6	0.0370892733471856	0.0023902923994060703
MAPK7	0.3897973054545576	0.011547745174091269
MAPK8	-1.0862298781994968	-0.06335109895635105
MAPK8IP1	-0.3395324667507591	-0.003118945239572473
MAPK8IP2	-0.6529526763771345	-0.006701253317658531
MAPK8IP3	0.4747372521378981	0.01390410464061476
MAPK9	-1.065000169183304	-0.019367028076598382
MAPKAP1	-0.5496607413580666	-0.011253754018565055
MAPKAPK2	-0.5718292064868635	-0.03137798404755366
MAPKAPK3	-0.2613923485135389	-0.008974906286212357
MAPKAPK5	-1.1903367729629073	-0.1384849705032776
MAPRE1	-0.0658882093608218	-0.005109235306675566
MAPRE2	-0.3707780205972719	-0.032725980431977005
MAPRE3	-0.3514981205550705	-0.03836285637550095
MAPT	0.0820933565278538	0.00924280891811453
MARCHF1	-0.3312202338494865	-0.0009857114159360718
MARCHF10	0.2504775952461253	0.0011066100157973815
MARCHF11	-0.4032416244373573	-0.0003596915289981227
MARCHF2	0.9141230542598326	0.0019955306274492147
MARCHF3	-0.8691700346179304	-0.0035140544499602925
MARCHF4	-0.5801166466247469	-0.0008829375361628647
MARCHF5	0.0634474349239885	0.0002325982964313418
MARCHF6	-0.6409326269527609	-0.029402784261457905
MARCHF7	0.1718366159489219	0.0002044855729792171
MARCHF8	-0.1431296563951778	-0.00022299600466368702
MARCHF9	-0.3005402008108209	-0.0007462413186132683
MARCKS	-0.541429234685797	-0.003714204549944567
MARCKSL1	-0.1834769067948954	-0.0014955202672851924
MARCO	-0.3629276008821515	-0.004019060252168946
MARF1	-0.8064931096273147	-0.02142368296413999
MARK1	0.150638415217868	0.001937812573362654
MARK2	-0.3070852321709453	-0.005630100646622111
MARK3	-0.7099453578760083	-0.018621866737087697
MARK4	-0.945137126834702	-0.032493814420577055
MARS1	-0.5194902390072504	-0.030661352886685936
MARS2	-0.0822148940923904	-0.0018758150236119792
MARVELD2	-1.3975480673017735	-0.02716414178414457
MARVELD3	0.1919876138287887	0.004132725375278506
MAS1	0.1838783055471437	0.0005236854141982653
MAS1L	-0.0057907605082264	-1.510809416596268e-05
MASP1	-0.5605126329615884	-0.015517231730908613
MASP2	0.1472475635058049	0.0033687297578858045
MAST1	-0.7458997887808769	-0.017712882284179485
MAST2	-0.8920650682879034	-0.03144083333180715
MAST3	-1.2878300496437616	-0.05993303485032138
MAST4	-0.0124467425009892	-0.000504864769325124
MASTL	-1.4020356738104227	-0.04200358675168645
MAT1A	0.1129316283039952	0.0027382531914869716
MAT2A	-1.7596766530794483	-0.06323749988171613
MAT2B	-0.9374518845269172	-0.006802150874127311
MATCAP1	0.7901905491037069	0.0012524520203293754
MATCAP2	-0.6794336893123953	-0.0006522563417398995
MATK	-0.7862473463498331	-0.02374388361241861
MATN1	-1.1894615575694107	-0.02192177650600424
MATN2	-0.0793683731274144	-0.002038021085165747
MATN3	-0.4210895076280752	-0.010275426165140291
MATN4	0.4004455965775508	0.005898163191990746
MATR3	0.4518721941369252	0.00033348167927305084
MAU2	-0.0272304608553914	-0.00017593600758668385
MAVS	-0.966979804263993	-0.025613361055344647
MAX	-0.9085081543868204	-0.023418614695629072
MAZ	0.0163120967641298	0.00012035064992574966
MB	0.1312514871559639	0.0002462277899045883
MB21D2	-0.1123454525289228	-0.0030816357628683524
MBD1	-0.8192600974419695	-0.018929004551396705
MBD2	-0.1254617859551269	-0.0029718133239190906
MBD3	-0.5641242561679776	-0.01634550032246715
MBD3L1	-0.4416294017170409	-0.0032305190735601543
MBD3L2	-0.666844318970565	-0.014755264245861691
MBD4	-0.492809458897443	-0.018274853164293878
MBD5	-0.2734284246048029	-0.005612938700287394
MBD6	-0.5238154922614745	-0.015261364367038061
MBIP	0.6022656358574634	0.01716396835630185
MBLAC1	0.0284674529171044	2.7072547724166286e-05
MBLAC2	-0.8022713325549203	-0.0015219087178566838
MBNL1	0.2067876212431467	0.0042414208993181825
MBNL2	-0.1826812524676233	-0.0034808085845180942
MBNL3	-1.4777677991108074	-0.001932920281236936
MBOAT1	-0.0760257405987672	-0.0006589150937695152
MBOAT2	0.1487643991105247	0.017776155578514818
MBOAT7	-0.2807652205780215	-0.023716799712666634
MBP	-0.4810607876704096	-0.0054614831224221606
MBTD1	-0.1867249898847153	-0.0033823364667717334
MBTPS1	0.0595637820096146	0.003818634064636392
MBTPS2	-0.425464056986975	-0.0012329948371482536
MC1R	-0.3761944674872132	-0.007395983230798611
MC2R	-0.4763596033881322	-0.009401909492071566
MC3R	-0.4339222758859752	-0.010173307758146689
MC4R	-0.2419557408975133	-0.005310444601218621
MC5R	0.0616809703213485	0.0009432870791243825
MCAM	-0.4106461807071353	-0.01440669995774843
MCAT	-0.8347147956765462	-0.001988290643301533
MCC	0.4875973127160879	0.018944130793645448
MCCC1	0.1681686660001615	0.003073450539818952
MCCC2	-0.5296719130602205	-0.018847315682421827
MCCD1	-0.6941841741355133	-0.002701070621561282
MCEE	0.4280081846655422	0.010774250032585694
MCEMP1	-0.5606562502451664	-0.003550636032802639
MCF2	-1.145850199328467	-0.00996431333336035
MCF2L	-0.3128075084983759	-0.006584285246382314
MCF2L2	-0.5864189990256211	-0.0060342514999736415
MCHR1	-1.248135788806635	-0.02973933143989569
MCHR2	0.1510249429625288	0.004594480814806051
MCL1	0.257567227295119	0.011822850867300552
MCM10	-0.3690847320382513	-0.0070635436017480535
MCM2	-1.17602027599149	-0.4348076246017816
MCM3	-0.7575026539460278	-0.1511111744250773
MCM3AP	-0.4590561455719998	-0.01563086175672659
MCM4	-0.2346320076064666	-0.22662378255485027
MCM5	-0.0998546052247573	-0.010423322966386291
MCM6	-0.2727981172188133	-0.23782403460077534
MCM7	0.3916943867385173	0.040845107260319105
MCM8	-1.217294641631205	-0.051675374831886285
MCM9	0.2237996630990357	0.14207160692987747
MCMBP	-0.9500446837121616	-0.0005766771230132821
MCMDC2	-0.3752088874531087	-0.3654613357659644
MCOLN1	-0.5560355784801227	-0.0031160233818026076
MCOLN2	0.1206476515234004	0.0007013247983055265
MCOLN3	0.7055269532520997	0.0041449708503560855
MCPH1	-0.1111043870178335	-0.0050860255245153635
MCRIP1	0.3134283870550181	0.014050681163289405
MCRIP2	-0.2629621145669363	-0.0007199902696842715
MCRS1	-0.9626130265668564	-0.07904208083745771
MCTP1	-0.8031814331785762	-0.012573002154977432
MCTP2	0.1302758887703934	0.0029209157021209903
MCTS1	-0.5868735756374838	-0.0002646799826125052
MCU	-0.3099653562620837	-0.027037038165316513
MCUB	-0.0126321517386014	-0.00035508978537208535
MCUR1	-0.2839382432813673	-0.027215196680275774
MDC1	-0.3109313439843026	-0.009416866683908589
MDFI	-0.7314243239842019	-0.01923865399375646
MDFIC	-1.8241117770913209	-0.006654359762829139
MDGA1	-0.1799052959751445	-0.0049034987470985385
MDGA2	-0.8235144430069713	-0.027691496660552418
MDH1	-0.7866711183889246	-0.002827295999489795
MDH1B	1.1882292606374352	0.004004332608348157
MDH2	-0.3635418457422714	-0.02922876439767862
MDK	-0.4254613286350613	-0.007073294588557895
MDM1	-0.407313198179085	-0.0002256515117912131
MDM2	0.3358978185896358	0.010868309818286256
MDM4	-1.0289204856746692	-0.03137487236967769
MDN1	-0.9976646115839513	-0.09056998876881427
MDP1	-0.6659557573349056	-0.003305138423653137
ME1	-0.4000815036154616	-0.002491307523013479
ME2	0.2764782577556292	0.002517334536865004
ME3	0.3979491116794901	0.005153043047137718
MEA1	-0.4286439871710656	-0.0031256719544514103
MEAF6	-0.2194762618153212	-0.01967670530052899
MEAK7	-0.6341993912590524	-0.010459850560035552
MECOM	-0.2872286740400397	-0.008458022764457049
MECP2	-0.7732340893446331	-0.023002167689824146
MECR	-0.7218377818567535	-0.018205470696209182
MED1	-0.4036538928886016	-0.134258514005892
MED10	-0.4134693347158966	-0.00024642772349067434
MED11	1.3233704732889295	0.0017958137322530772
MED12	-0.4224352926591916	-0.00028810086959356866
MED12L	0.482213772795609	0.0009456212084521893
MED13	-0.5664353768644087	-0.10403718566868594
MED13L	0.6388396811236372	0.04172198073450362
MED14	-0.381583564821575	-0.01532859338244749
MED15	0.428560678727114	0.011542853320836089
MED16	-0.9429172383494202	-0.035222673438542594
MED17	-0.5150710713291483	-0.021272435245893825
MED18	0.6176556640662677	0.0009240128734431365
MED19	-0.2425218914470866	-0.00041544000004885935
MED20	-0.1090550455040599	-0.0052242819548719895
MED21	-0.3213227494574071	-0.19184060639955355
MED22	0.4003675957121157	0.003246981201225258
MED23	-0.364624873182364	-0.0003164943899222919
MED24	-0.8843438839836182	-0.0008675413501879295
MED25	0.0313485484846155	0.004187037529799184
MED26	0.0373583364763944	0.001596994167692908
MED27	0.9628903971461078	0.001741868728437309
MED28	0.8075197055868256	0.0007679512400130712
MED29	-0.4834922063143086	-0.0006188700240823151
MED30	0.2702640205976094	0.0001356725383399999
MED31	0.0311205763535406	1.7209678723507953e-05
MED4	-0.0920523627924785	-0.012325535220824493
MED6	0.1129472152591607	0.0011858328130059281
MED7	-1.134303344507081	-0.07518502858396284
MED8	-0.495021931365957	-0.00030988372903508913
MED9	-0.1298907519950346	-7.624587142108531e-05
MEDAG	-0.8910296990852684	-0.025114563098417374
MEF2A	-0.3762764047911994	-0.010743067633193534
MEF2C	0.2651102593796628	0.007581623197739596
MEF2D	-0.8971981702160212	-0.026012466549073104
MEFV	-0.7297378969647355	-0.021211291451073963
MEGF10	0.1853752727060411	0.010716729890408942
MEGF11	-1.2667994239357507	-0.06466884379249614
MEGF6	0.730706352515726	0.013059183932161055
MEGF8	-0.0630038433191537	-0.0012893736535264805
MEGF9	-0.9116988298418948	-0.037698746613962344
MEI1	-0.1647132270255549	-0.004143525939054859
MEIG1	-0.3293401417877825	-0.005645548710526168
MEIOB	-0.2260872480141317	-0.005136928362129086
MEIOC	-1.035928637115214	-0.03719087400107331
MEIS1	-1.524892439494895	-0.03333414872735841
MEIS2	-0.3185602062134055	-0.007214432990114994
MEIS3	0.002253438620797	7.74461785195513e-05
MELK	-0.5906574046777887	-0.01632813329491279
MELTF	0.3996019720301854	0.008631802197824034
MEMO1	-0.4486390550724741	-0.0005051675760116059
MEN1	-0.8564390707167168	-0.03551738470169296
MEOX1	-0.1547413728491493	-0.002331178781972434
MEOX2	-0.6666630773799082	-0.008517287476605706
MEP1A	-0.6486088533674191	-0.017917819574274955
MEP1B	-0.6761607187995955	-0.0200637170089404
MEPCE	-0.2547469115819656	-0.006531710812961598
MEPE	-1.0935497128210474	-0.00911473685636343
MERTK	0.0573806008236451	0.0038569518455629525
MESD	-1.2223998075283902	-0.017226058087690076
MESP1	-0.5752304870331939	-0.007110999280704343
MESP2	0.023046409101319	0.0004621035488905472
MEST	-0.9244986510865444	-0.012093366854863088
MET	-1.0746860733911523	-0.029526999866421908
METAP1	-0.3133126807813493	-0.00018516779434177744
METAP1D	-0.3233295351435958	-0.0008965928009531911
METAP2	-0.4898497729719618	-0.00025864068012919583
METRN	-1.4341153593133953	-0.013873631985997786
METRNL	0.4100160717435154	0.002847151602186971
METTL1	0.1794078996937811	0.000268035402142509
METTL13	0.0823303638802181	0.0002669973700635473
METTL14	-0.3897869060029734	-0.0019551711205109145
METTL15	-0.2411919307078582	-0.0007291232065298553
METTL16	-0.5076996439520276	-0.005954809123913332
METTL17	-0.0379152179546445	-1.5393578489585668e-05
METTL18	-0.6736224513823151	-0.0010953101059476445
METTL21A	-0.1111149146549782	-0.000902586451742388
METTL21C	-0.6981693294382436	-0.0013362960965447983
METTL22	-0.2909883506146178	-0.00018041277738106305
METTL23	0.380059490399816	0.00025007914468307894
METTL25	-0.3956412877646186	-0.0010567578796192964
METTL25B	-0.5399699984125498	-0.0014616987857027724
METTL26	-0.4583513963018412	-0.0005128952124617603
METTL27	-0.682093014414314	-0.000788499524662947
METTL2A	-0.6807450638633037	-0.02151630923352744
METTL2B	0.0019481603989355	6.0581943925697244e-05
METTL3	-0.3772158288904446	-0.02338398644874755
METTL4	-0.0192327372704645	-9.954864811192425e-05
METTL5	0.8592181789207813	0.0004536671984701726
METTL6	-0.2513927158603792	-0.02484765603563988
METTL8	0.7299493529163594	0.03748362922160797
METTL9	0.4306489257653497	0.018804715992469762
MEX3A	-0.5931879851054026	-0.014509971303663253
MEX3B	-0.7388632492445919	-0.021502398279516114
MEX3C	-0.2660466821476182	-0.006140889517331322
MEX3D	-0.225581358225921	-0.0050494131225290164
MFAP1	-1.6785189745817837	-0.0009013646893504179
MFAP2	0.1541452147347032	0.003798292236277821
MFAP3	-0.6663431680559636	-0.020919843761116975
MFAP3L	-1.2362403943340183	-0.031116170725387242
MFAP4	-0.509781596146941	-0.01534340648083063
MFAP5	-0.2846371044674566	-0.00701687389933174
MFF	-0.5084472639530679	-0.01786734530257476
MFGE8	-1.011712214282267	-0.01843238483200862
MFHAS1	0.2790784667269026	0.010722473770114324
MFN1	0.062357150550832	0.004993186473207322
MFN2	-0.0135029467943793	-0.0017299030226683154
MFNG	-0.8956973356520254	-0.00593041205935206
MFRP	-0.2503835680211091	-0.0032362076166728357
MFSD1	0.3687004311304417	0.003039197653808231
MFSD11	-0.97943550277201	-0.005923625920765117
MFSD12	-0.877852421683755	-0.0063161481740146175
MFSD2A	-0.3370184127865928	-0.0026058263676659353
MFSD2B	-0.4237188060836632	-0.0031228076008365975
MFSD6	-1.1412270700656622	-0.008309274297148086
MFSD6L	-1.205492749731325	-0.006345713834585694
MFSD8	-0.1587691431941474	-0.0032525446674753038
MGA	-0.3291971821799989	-0.005337603111866502
MGAM	-0.084490269390299	-0.0023204407585351713
MGARP	0.2272933526213405	0.001447176776140075
MGAT1	0.5391838785712665	0.005466246160955499
MGAT2	-0.4217655470278572	-0.002942236456066332
MGAT3	-0.4113527267033733	-0.0040925482779718605
MGAT4A	0.7974560203485884	0.007566262721067407
MGAT4B	0.156788566333751	0.00352617485684606
MGAT4C	-0.6412711818627569	-0.005716291315124615
MGAT5	-0.1998422986767318	-0.0017210418762040143
MGAT5B	-0.5838027914808599	-0.0034607829478985374
MGLL	0.2410416107077306	0.0031089546949083094
MGME1	-0.4195357069589627	-0.0007362851657129795
MGMT	0.938719580690774	0.08061066655265883
MGP	-0.6314806494199452	-0.015891210542652922
MGRN1	-0.4432923707399337	-0.009733813876707464
MGST1	-1.2047049523124262	-0.00846064288009017
MGST2	-0.46747803708272	-0.003860901108266185
MGST3	-0.3063690015440474	-0.0018829438834897154
MIA	-0.5745977899834542	-0.0018467572970068218
MIA2	0.1088306866795257	0.0042126182199910805
MIA3	-0.346398629822598	-0.011062933040644313
MIB1	-0.1602935896229902	-0.0039568472598435125
MIB2	-0.0010021155907325	-2.6743458769878228e-05
MICA	-0.5742460612543667	-0.01688685392330716
MICAL1	-0.4831082180503666	-0.02038716680172547
MICAL2	-0.871377816579781	-0.02355769927123438
MICALL1	-0.4959861641894927	-0.03762947830472844
MICALL2	-0.3444008177392314	-0.011767487140514059
MICB	0.2184118364089275	0.006433102229588551
MICOS10	0.549515882324504	0.018611553418448626
MICOS13	0.8209042377223565	0.056248358368735867
MICU1	-0.1376734645964615	-0.010826090562007345
MICU2	0.0365728711269626	9.618665106391164e-05
MICU3	-0.2151751280166584	-0.0013556033065049479
MID1	-0.1938795281209354	-0.003200369370692281
MID1IP1	-0.9015326806522006	-0.028231495894623666
MID2	-0.297258336927875	-0.006778679115303262
MIDEAS	-0.4295878519746356	-0.011425748098969382
MIDN	-0.9953118181872008	-0.02683460193014512
MIEF1	2.687132794574721	0.016353890187781755
MIEF2	-0.7827349964819488	-0.002472659853886476
MIEN1	-0.8650830553144516	-0.0015805067420595032
MIER1	0.2039719492821841	0.0017553825955224766
MIER2	0.312138409631609	0.00038143313656982617
MIER3	-0.2759920933805458	-0.0020117063686507985
MIF4GD	-0.4668656523482561	-0.014245471650102337
MIGA1	0.5978712165244798	0.0026473737467703966
MIGA2	-0.2480407389423384	-0.002338032005270482
MIIP	-0.3832969604617909	-0.00033500154344360525
MILR1	-0.7176954758097784	-0.020526808303635475
MINAR1	-0.4712771407612043	-0.0019063160343790713
MINDY1	-0.5521047264019533	-0.0017529325063262017
MINDY2	0.5636402774664461	0.001719666486550127
MINDY3	-0.6861777715398645	-0.004476623781526076
MINDY4	0.9697377955717822	0.04128464717087748
MINK1	-0.1410889688587782	-0.007600180574484664
MINPP1	-0.4979055545212842	-0.001426001508148958
MIOS	-0.9901347964716694	-0.0582288372457024
MIOX	-1.440269838083129	-0.002010616693964048
MIP	-0.7254808650192431	-0.0027372393037176043
MIPEP	-0.5601261140979151	-0.11434974619308937
MIPOL1	-0.0803547401676632	-0.0017222431460135253
MIS12	0.3571970032570036	0.07461452481335222
MIS18A	0.2705481428777911	0.008352632815066045
MIS18BP1	-0.429168468326923	-0.008446035456673844
MISP	-0.5539196849651473	-0.0015930730139597637
MITD1	0.7356309400792288	0.005624634167845783
MITF	-1.1561484596079317	-0.0389772330187622
MIX23	-0.3189446374072008	-0.3092841232847741
MIXL1	-0.1415985056816213	-0.0034640658429951833
MKI67	-0.082628159924377	-0.0016692540867922641
MKKS	-0.2953368747777677	-0.2009581370631599
MKLN1	-0.0802755359863589	-0.003757376737377515
MKNK1	-0.4994846797886174	-0.009641053289279892
MKNK2	0.1350294932008947	0.003714526328463412
MKRN1	-0.6542878326958	-0.02158560988846714
MKRN2	0.272381154883788	0.020915059358906543
MKRN3	-0.1864550582257054	-0.0031988229789202023
MKS1	1.0078072379297582	0.13985643382922636
MKX	-0.4889157715514399	-0.002108204806929809
MLANA	0.6049884922688823	0.0018954289462784083
MLC1	0.0396426693044359	0.00015674711442973955
MLEC	-0.2608263761922603	-0.006275482611185783
MLF1	-0.5283388439501613	-0.020100651318083886
MLF2	0.1201619126779455	0.0002794966088889012
MLH1	-0.4098041149639095	-0.04158159413304301
MLH3	-0.4569043608918781	-0.03667754066623462
MLIP	-1.3446827655262108	-0.007067652615605764
MLKL	0.5502478430785265	0.015923072083006397
MLLT1	-0.6745492478201206	-0.002159232142272206
MLLT10	0.012720195446222	0.0006800089283595819
MLLT11	-0.7916739446750627	-0.023667092576061
MLLT3	0.3856743468029051	0.007803734733209981
MLLT6	0.3375167029094426	0.008116601671566276
MLN	0.3390134440547449	0.009444236524477083
MLNR	-0.6491161251212525	-0.01779097475732329
MLPH	0.0950649527439209	0.0052473001966062026
MLST8	-0.675229286495189	-0.06660394159059894
MLX	-0.7018077588439988	-0.018056110019538402
MLXIP	-0.0326726458857379	-0.0009763240043576199
MLXIPL	-0.6283474076352586	-0.01832700883849759
MLYCD	-0.0186027289074904	-9.72922721861748e-06
MMAA	-0.18853039174284	-0.00011839708601450351
MMAB	-0.7205912655792523	-0.00696811753815137
MMACHC	-0.5553362059509843	-0.0010145992482724483
MMADHC	0.3919625931406646	0.0006651605205597078
MMD	0.066226514782119	0.0002430513092503767
MMD2	-0.1785546210666966	-0.00034728873797472485
MME	-0.2330153031701069	-0.005583978725168442
MMEL1	-0.6532321545374553	-0.017328289363415076
MMGT1	-0.6951185034496332	-0.047671226966575844
MMP1	-0.2315349022597512	-0.004072467395846764
MMP10	0.0660891541123782	0.0013989091250967093
MMP11	-0.6839862984176461	-0.008042994883093102
MMP12	-1.7035103633201665	-0.03881278011788667
MMP13	-0.8200942395476511	-0.0062802816864559125
MMP14	-0.1251742470264164	-0.0013630223758706482
MMP15	-0.6572629574728539	-0.018321862202513275
MMP16	0.1979223537278294	0.0031147040806148514
MMP17	0.0649570953820644	0.0014794628044218988
MMP19	1.2221967945934342	0.0111501013570759
MMP2	-0.2376978103065433	-0.006531222733792891
MMP20	-0.2493457177332653	-0.0032043418185901925
MMP21	-0.7915121930485862	-0.006128678910775203
MMP23B	-0.1261451157761883	-0.0007245775450184257
MMP24	0.0281936273775338	0.0006861483094870402
MMP25	-0.8645547602473524	-0.009683013314770348
MMP26	-1.1843676720094751	-0.007604824821972839
MMP27	-0.4227987445388655	-0.0032470943580584872
MMP28	0.310121364169558	0.001791881242171706
MMP3	-0.4552767652035994	-0.010159956292283523
MMP7	0.534277939833531	0.011635504973694637
MMP8	-0.236203666556843	-0.0017656224075124013
MMP9	-0.4608213551392279	-0.013322806198430218
MMRN1	-0.6162163319041254	-0.006417276880449562
MMRN2	0.3341327214210071	0.0062095224948879955
MMS19	-0.4209332048767368	-0.032841208644483005
MMS22L	-0.8032507064043704	-0.06695737238445551
MMUT	-0.798161714485148	-0.01663448829158497
MN1	-1.120098785650411	-0.04216611878580972
MNAT1	-0.5616078252651341	-0.002140287422085426
MND1	-0.1438704583982707	-0.13627755108584355
MNDA	-0.3814387962646227	-0.007944225809803297
MNS1	-1.040206392523933	-0.06015929650522915
MNT	0.2963046659201479	0.006253806278910642
MNX1	0.1233363082294849	0.0010568688252184562
MOAP1	0.1061288092884667	0.001799201703867376
MOB1A	-0.8091994652114868	-0.022906818461206766
MOB1B	-0.3955003006850847	-0.010305155834650566
MOB2	-0.679761634261556	-0.012825062753612776
MOB3A	-0.6202264056127137	-0.012441741696591038
MOB3B	-0.7146943859721246	-0.018832911764751457
MOB3C	-0.1343398765834678	-0.001695772262113114
MOB4	-0.6497678025051343	-0.060824114224703116
MOBP	0.0040909272422668	1.996372494226198e-06
MOCOS	-1.4803949556308345	-0.0040118703297595615
MOCS1	0.3061139215209016	0.010731741860679768
MOCS2	0.7049077889431679	0.005962110078881314
MOCS3	-0.4844716745239891	-0.04924170099861825
MOG	0.3762942194493022	0.0064097957340994135
MOGAT1	-0.3783799210504454	-0.0036002849487949875
MOGAT2	-0.2051507451110106	-0.008379177033314117
MOGAT3	-0.047645625982584	-0.00026171742352233386
MOGS	-0.6909593451149643	-0.02039642890844863
MOK	-0.515870045281202	-0.03255965377796834
MON1A	-0.978578446523008	-0.09651229928833166
MON1B	-1.8083545621598305	-0.15650766229124685
MON2	-0.8560299728607359	-0.06731134882598538
MORC1	-0.3664612572461562	-0.014293088416371832
MORC2	-0.348940112567722	-0.011835699678184562
MORC3	-0.2739294741196008	-0.01362662169007954
MORC4	-0.886307389650968	-0.02633485146869921
MORF4L1	-0.1125817901510553	-0.010328928919198718
MORF4L2	-0.5300030534543756	-0.08030765266856735
MORN1	-0.3069054631651912	-0.0013737088531273957
MORN3	-0.3424133916517995	-0.0020174997036124026
MORN4	-0.0091493015477672	-3.354133947411455e-05
MORN5	-0.9257304627891384	-0.001157163078486423
MOS	-0.4113090290593841	-0.010438611848498109
MOSPD1	0.3663979897269302	0.001423089792099397
MOSPD2	-0.6437649441974544	-0.00522994640666012
MOV10	0.1646558019296633	0.011505324159835224
MOV10L1	-0.6025915551935916	-0.021644486070998618
MOXD1	0.2398722563378266	0.0010616746065512206
MPC1	0.050512549117509	0.0006352963302509106
MPC2	0.6047185129290629	0.009778903072575876
MPDU1	-1.0892907215214538	-0.008935451788640485
MPDZ	-0.2435875514759722	-0.01568898701546442
MPEG1	-0.1073168835189104	-0.0016608360893386573
MPHOSPH10	-1.1158266873623597	-0.002943550801261905
MPHOSPH6	-0.4465739276843073	-0.0002858073137179567
MPHOSPH8	0.1043515646147557	0.0033882953030411173
MPHOSPH9	-0.2529745201249564	-0.0015729955661369789
MPI	-0.8984489507201865	-0.025107155927875612
MPIG6B	0.0565687744563283	0.005389420280003309
MPL	0.4790441205471981	0.04112354252837422
MPLKIP	-0.6113215210379281	-0.002580388140301095
MPND	-0.7702681881011315	-0.0013564422792460926
MPO	-1.2469368553957128	-0.007659933102695864
MPP1	-0.5195109889520149	-0.05006579351629462
MPP2	-0.2659501876351076	-0.018146047252531026
MPP3	-0.763946132260024	-0.01429114029618827
MPP4	-0.9625788741920378	-0.023042213090409002
MPP7	-0.6580601691561798	-0.005373061281160208
MPPE1	-0.2001022190229864	-0.0013743020402498705
MPPED1	-0.3492026138927669	-0.002579908911439762
MPPED2	0.0589506018831632	0.00013140089159757078
MPRIP	-0.236637777461898	-0.002828294716224605
MPST	-1.489199294771328	-0.015898691670978696
MPV17	-0.9769058416886024	-0.010027938464933503
MPV17L	0.0506626873964564	4.772425152746193e-05
MPV17L2	0.5572893621785442	0.00519839517040146
MPZ	-0.6892603115459581	-0.009897088813488412
MPZL1	-1.2179939193317932	-0.0702258754069132
MPZL2	-0.7112050469782684	-0.0032160692224357293
MPZL3	-0.9675637958310483	-0.00867420942962535
MR1	-0.6639110677334618	-0.029658235217789205
MRAP	-0.4524408784586205	-0.011251752206387433
MRAP2	-0.54040163289092	-0.004332399890886506
MRAS	0.210437960846511	0.005178667778471789
MRC1	-0.9914916843759062	-0.04267677657059213
MRC2	-0.7299538849807613	-0.04637907999002263
MRE11	0.3265132406616149	0.21803672625632856
MREG	-0.4130952122647003	-0.001934937974247856
MRFAP1	-0.7789615846771527	-0.0006387484994352652
MRFAP1L1	-0.8063844960539432	-0.0021070826881889534
MRGBP	-0.8153297511081122	-0.02139262200957465
MRGPRD	-0.2321439153739414	-0.001006111729230662
MRGPRE	-0.8555360714016726	-0.004064651875229347
MRGPRF	-0.8850491570542466	-0.005486419724579274
MRGPRG	0.4309982084226158	0.0026889978223487
MRGPRX1	0.4116180253923364	0.0040676093269270686
MRGPRX2	-0.194053077144641	-0.0018110973689909344
MRGPRX3	-0.3606952515394687	-0.0018932893753306713
MRGPRX4	0.4333275863583321	0.004042946380723238
MRI1	0.3377413684564307	0.0003265959032973685
MRM1	-0.6960081490612163	-0.005364830812963855
MRM2	0.6610361510233632	0.0003992658352181114
MRM3	-0.3315240836930159	-0.00016012613242372668
MRNIP	-0.1775525768662472	-0.00030823127343980515
MRO	-0.4536360916019517	-0.003549702416785272
MROH2B	-0.1013166862781327	-0.011342099078778122
MROH5	0.1981722431940828	0.0009159521080430508
MROH7	2.316733425162438	0.04323487918038142
MROH8	-0.1328204598491629	-0.003507655524156543
MROH9	-0.8013708722216798	-0.01977863449730328
MRPL1	-0.4181244793001955	-0.0001768666547439827
MRPL10	-0.4401751365348133	-0.0002112840655367104
MRPL11	-0.6135934059580865	-0.0006872246146730569
MRPL12	-0.7987539053218289	-0.0011981308579827434
MRPL13	-0.5316109847013765	-0.0003710644673215608
MRPL14	-0.3075063449463164	-0.00012300253797852657
MRPL15	1.1640446415122336	0.0008741975257756875
MRPL16	-0.3593922713021907	-0.0001433975162495741
MRPL17	-0.3218171744261467	-0.00012872686977045869
MRPL18	-0.7012293919696957	-0.0002804917567878783
MRPL19	0.1700394419670954	8.944074647469217e-05
MRPL2	0.8794825074207702	0.00035443145049057035
MRPL20	-1.026389415395017	-0.0009319615891786754
MRPL21	-1.1826539021158005	-0.0005180024091267206
MRPL22	-0.1470749617308459	-9.148062619658615e-05
MRPL23	-0.3196447337741968	-0.00012945611717854968
MRPL24	-0.6015943425786118	-0.00024364570874433776
MRPL27	-1.1109922095923797	-0.0006310435750484717
MRPL28	0.0225473300588127	1.3528398035287618e-05
MRPL3	0.1884814235196469	0.00016096313568577845
MRPL30	-0.3690529213855407	-0.0001479902214756018
MRPL32	-0.2134514703409107	-8.6020942547387e-05
MRPL33	-0.061285707241832	-2.4452997189490967e-05
MRPL34	0.3414353316403081	0.0019755448288708228
MRPL35	-0.057168747016524	-2.418237998798965e-05
MRPL36	-0.9405077079205754	-0.00037996511399991244
MRPL37	0.9567786696696884	0.0003827114678678754
MRPL38	-2.086529258176385	-0.0030713710680356386
MRPL39	-0.3002724940217006	-0.00012641471998313595
MRPL4	-0.9262697896776882	-0.0010337170852803002
MRPL40	-0.1274058859683443	-5.070754261540103e-05
MRPL41	0.2644444907454354	0.0001052489073166833
MRPL42	0.9142335907861954	0.00036752190349605054
MRPL43	0.5301912884634563	0.00021260670667384596
MRPL44	0.4102141388685817	0.00016449586968630126
MRPL45	-0.2113974384178015	-8.47703728055384e-05
MRPL46	-0.9916044278797916	-0.0009539234596203595
MRPL47	0.4699051322148445	0.0001870222426215081
MRPL48	-0.5539070316754893	-0.011584411660461182
MRPL49	-0.4422358835839474	-0.00017689435343357896
MRPL50	-0.2030467386785256	-8.142174221008876e-05
MRPL51	-0.1682104875626397	-0.00014045575711480417
MRPL52	0.0117940766146567	1.0484934110429806e-05
MRPL53	0.5399720592617376	0.00021706876782321853
MRPL54	-1.1515707119129983	-0.0008567686096632708
MRPL55	-0.1854995495945436	-7.568381623457379e-05
MRPL57	-1.000828205164816	-0.0003993304538607616
MRPL58	0.6535277630022798	0.00026075757743790963
MRPL9	-0.609552596010709	-0.0002438210384042836
MRPS10	0.0356489554103217	2.277968250719557e-05
MRPS11	0.262271191824093	0.00010621983268875765
MRPS12	0.3254471920546947	0.00013050432401393256
MRPS14	-0.0966899132364295	-5.8497397508039843e-05
MRPS15	0.0277931788936889	1.111727155747556e-05
MRPS16	-0.6183211735532914	-0.00024856511176842315
MRPS17	-0.8977151930465641	-0.0003626769379908119
MRPS18A	-0.4828547571309187	-0.00023611597623701921
MRPS18B	0.0377875591743565	1.5077236110568244e-05
MRPS18C	-0.6103511053271959	-0.005084224707375543
MRPS2	0.3925930173127906	0.0005527709683764092
MRPS21	-0.3285414497704477	-0.00013240220425749042
MRPS22	-0.081142062886839	-6.312852492596075e-05
MRPS23	-1.231269513585459	-0.0004986641530021109
MRPS24	-0.2177686224776722	-0.0004827930360329992
MRPS25	-0.4824012183236902	-0.02423921401711046
MRPS26	-0.1488704647498375	-5.925044497043533e-05
MRPS27	-0.909670458742442	-0.4464653514803318
MRPS28	-0.0871548764340755	-8.654479229903697e-05
MRPS30	-0.1533790904105262	-0.00010981942873393674
MRPS31	-0.8662053922714598	-0.0003577428270081129
MRPS33	-0.617053305344804	-0.0002480554287486112
MRPS34	-1.339378101666724	-0.0009844429047250421
MRPS35	0.2606329383314804	0.0002601116724548174
MRPS5	0.0599071454036893	2.6898308286256497e-05
MRPS6	-0.4718446081669751	-0.00019015337709129095
MRPS7	-0.0120154594319211	-2.1027054005861927e-05
MRPS9	0.0168059479321374	7.327393298411907e-06
MRRF	0.4165603022657984	0.00017245596513804052
MRS2	-0.7390491681544508	-0.00803198635950257
MRTFA	-0.2152971350899552	-0.005592127786826497
MRTFB	-0.4179097581467354	-0.011714846340369288
MRTO4	-0.6944567706721324	-0.0003000053249303612
MS4A1	-0.2574930529088524	-0.0008829436784244548
MS4A10	-0.7447488533627897	-0.0008080525058986269
MS4A13	-0.052354661084519	-0.00018538785490028177
MS4A14	0.2719952155804256	0.0008932322879661177
MS4A15	-0.2728829100885644	-0.0003536562514747795
MS4A2	-0.9321517345830228	-0.01979424208387049
MS4A3	-1.5943386534650457	-0.00525175152451386
MS4A4A	-1.030329076524294	-0.006443678044582935
MS4A5	-0.6353242464907387	-0.001821474614688948
MS4A6A	0.3469011795672439	0.0030742382533249157
MS4A6E	-1.2599114992339675	-0.006299557496169838
MS4A7	0.2851368807935165	0.0010313400978301493
MS4A8	-0.7514049478036552	-0.0015148323747721688
MSANTD1	0.1865911801416908	0.0006181765798094216
MSANTD2	-0.7262207116899484	-0.0006020369699909672
MSANTD3	-0.1951074328973128	-0.0001313073023398915
MSANTD4	-0.7079445783075358	-0.009898481093895965
MSC	-0.4980234364505342	-0.0036375631798347017
MSH2	0.2523180181563412	0.025723821951038985
MSH3	-0.2406074097769055	-0.18050632549614204
MSH4	-0.3794713934772543	-0.004916810845284784
MSH5	-0.1478907568725102	-0.00011816471474113564
MSH6	-1.0087860620983005	-0.12414524794606525
MSI1	-0.8742570521505665	-0.012105837401128893
MSI2	0.2802188837732029	0.06849474241733532
MSL2	-0.1319257065111656	-0.003988905662071603
MSL3	0.0042435609238574	3.933356620323424e-05
MSLN	0.0673874306782758	0.0014758521192849183
MSMB	-0.1519132575292627	-0.0064854807904392835
MSMO1	-0.2566896722285454	-0.002651347624448645
MSMP	-0.7683715628081756	-0.023924785351158166
MSN	-0.5913646245526005	-0.02222643941380949
MSR1	1.3563806291528475	0.007480439169777954
MSRA	0.1093821605605972	0.00033000597841132177
MSRB1	-0.6965504826210843	-0.0026322642738250777
MSRB2	-0.4515468952024861	-0.007864140726846498
MSRB3	-0.1768289467838296	-0.0003380969462506822
MSS51	0.1651903424706342	0.00018418723185475714
MST1	-0.3449765681657039	-0.009682457338706811
MST1R	-0.4923035492974916	-0.012865860957340646
MSTN	-0.0542398963705055	-0.0011821043014987969
MSTO1	-0.4057873192483566	-0.040821392741746176
MSX1	-0.0973773482445517	-0.0028960023367929676
MSX2	-0.9218192028119834	-0.0037278368561716605
MT1A	0.4006225082062701	0.002614863111062325
MT1F	-0.9442400649468152	-0.009169515270698522
MT1H	-0.0204159460102236	-0.0001679007399880789
MT1X	0.3519803809013062	0.0019101975271513887
MT3	-0.2431690985310323	-0.0012562115630113128
MT4	-0.2482706811144402	-0.0007507705396900673
MTA1	-0.6264454773398028	-0.007997202963719923
MTA2	-0.9213056357605838	-0.026388036019454643
MTA3	-0.0817163992645542	-0.002307425966033217
MTAP	-0.9166099840516844	-0.050100068508296965
MTARC1	0.654021586695975	0.0070444665103023465
MTARC2	-0.3272624956502719	-0.002108879521970352
MTBP	0.4068781132444654	0.019670929262916925
MTCH1	-0.0685122083412815	-3.884642212950661e-05
MTCH2	-0.4322072516304832	-0.0002571633147201375
MTCL1	-0.5151509439859455	-0.012942652316702895
MTCL2	0.1478853792318266	0.0011138726763741179
MTCL3	-0.5376948267137811	-0.011821220765302478
MTCP1	-0.5227346997128317	-0.0008212162132488586
MTDH	0.0851618825084904	0.0051355170009094965
MTERF1	-0.142062045725983	-0.0018533414485411741
MTERF2	-0.3546201910323769	-0.004022811447071284
MTERF3	0.0557306391668923	0.005438140039266183
MTERF4	0.2066514238540089	0.0009935800458900747
MTF1	-0.5463026543470375	-0.0002944571306930532
MTF2	0.0343844143727495	0.002469454255836496
MTFMT	-0.1828782358497029	-0.00047420326555827955
MTFP1	0.1049384425010629	0.0010614523458982513
MTFR1	-0.5216169525095606	-0.0003995585856223234
MTFR1L	0.1505382007116418	0.003951326692279175
MTFR2	-0.2234682315625749	-0.0008080611253302708
MTG1	0.0431116942833853	3.492047236954209e-05
MTG2	-0.3234238769018965	-0.000146834440113461
MTHFD1	-0.582499606842539	-0.0022536909788737833
MTHFD1L	0.0121779316741921	4.975902882074892e-05
MTHFD2	-0.1509466453691187	-0.0018423038067300937
MTHFD2L	-0.1065665509935892	-0.0014026289441776212
MTHFR	-0.8155447502791875	-0.002996311412525735
MTHFS	-0.4793028988713008	-0.006293247062180179
MTHFSD	-0.8366546139981335	-0.0041096474639588315
MTIF2	0.3411240083753283	0.000272216958683512
MTIF3	-0.4182752652263186	-0.00016981975768188534
MTM1	-0.3041252370543968	-0.022568525591332676
MTMR1	0.0042141558136355	0.00021827220036725072
MTMR10	0.0713631411908738	0.0021013590555064698
MTMR11	0.1282146250157642	0.0014922900205584795
MTMR12	-0.6666844757011228	-0.010832289361191842
MTMR14	-0.3107070893800628	-0.005024755049454375
MTMR2	-0.1481658149996672	-0.0030156188326882264
MTMR3	-0.5892144487862863	-0.01760101401414394
MTMR4	-0.0932310005333681	-0.004598712332308914
MTMR6	-0.9344890621572208	-0.01034572840714259
MTMR7	-0.236756592767875	-0.015067663076933102
MTMR8	-0.6195593301191635	-0.011278458045489255
MTMR9	-0.7400016654580008	-0.10034718584276675
MTNAP1	-1.7330958265589238	-0.0009272062672090242
MTNR1A	-0.3476784308058666	-0.004553196729833629
MTNR1B	-0.3519318273154999	-0.008273565328360086
MTO1	-0.4779181446582936	-0.0037397094819511473
MTOR	-1.5277239855966551	-0.1661659547413914
MTPAP	-0.5605919813819018	-0.0003716724836562009
MTPN	-0.3230253454845329	-0.01242904621820837
MTR	-0.8694114965524375	-0.0022943769394018826
MTRES1	-0.9094788670301156	-0.0003865285184877991
MTREX	-1.1574826564034189	-0.16793684365225922
MTRF1	0.5875415209796807	0.013586310131134136
MTRF1L	1.1357040886568237	0.0009937410775747208
MTRFR	-0.4994377049705449	-0.0002057683344478645
MTRR	-0.4631694642705746	-0.04081217734420168
MTSS1	-0.0143740912485601	-0.0003408384516858571
MTSS2	-0.9633783602902766	-0.009830312788401982
MTTP	0.6754834144309327	0.018125246459425218
MTURN	-0.877978283746538	-0.016182895726016187
MTUS1	-0.4621136321986737	-0.01342440101537147
MTUS2	0.2368165966053522	0.003082878454608475
MTX1	-0.5733083700222009	-0.01542600831218736
MTX2	-0.986605010896036	-0.07064387859518886
MTX3	-0.2158066345975404	-0.005438111385223421
MUC1	0.050911859776791	0.001299627044522144
MUC13	-0.4022678832493865	-0.013820717664799172
MUC15	-0.2202183717571137	-0.007281520462148964
MUC16	0.3749173726537376	0.0015262886240733657
MUC17	-0.2783650875097176	-0.0010001657594224153
MUC2	-0.0388666329035641	-0.0011085929703083587
MUC20	0.4528721308210934	0.003661924049819361
MUC21	-0.8122996749734356	-0.0021420342429049498
MUC4	-0.4269929839428859	-0.005827173251868563
MUC7	-0.0120252494571561	-0.00028242500875076817
MUCL1	-0.8461004002417725	-0.0037837609898812067
MUCL3	0.0055201732747433	1.530192031758843e-05
MUL1	-0.8736682797676977	-0.013239569111599691
MUS81	-0.8382953831791747	-0.05171276559755693
MUSK	-0.5545286237362818	-0.016648612870434388
MUSTN1	-0.4186109049735935	-0.0013742996010283075
MUTYH	-1.7412349125145612	-0.05944227744342209
MVB12A	-0.0991674176732822	-0.002687536186363621
MVB12B	0.0499691591626341	0.0006504485448200081
MVD	-0.4106861747139542	-0.001765950551270003
MVK	-0.4288652176171295	-0.011468713649517275
MVP	-0.535825493759277	-0.016092447054072367
MX1	0.2100689609160786	0.0047652043094203265
MX2	0.3076459306010689	0.009344437496076866
MXD1	-0.5218272344058781	-0.008993170557750903
MXD3	0.0145737225476974	0.00039897022846576406
MXD4	-0.8110018121463475	-0.02440872154016862
MXI1	0.1830594152601618	0.005026262364798263
MXRA5	-0.7692231422536083	-0.023336691689689968
MXRA7	-0.6068794907654546	-0.0009200293080004291
MXRA8	-0.2492477353196248	-0.01611685706123758
MYADM	-0.3375215789283935	-0.002205028475139195
MYB	-0.6685427574870458	-0.019970040708895548
MYBBP1A	-1.0944005046017176	-0.0005953538745033344
MYBL1	-0.7399915270765873	-0.021455314336058573
MYBL2	-0.628866361177143	-0.019460898412987867
MYBPC1	0.0182023995040279	0.000390805517351479
MYBPC2	0.4886642579762286	0.012559648758505028
MYBPC3	-0.52047274439149	-0.008871978400897339
MYBPH	-0.4064545997075715	-0.001005568679676532
MYBPHL	1.0350261327685653	0.00264035166469261
MYC	-1.0198744089041216	-0.24623643753699334
MYCBP	0.3036936220395408	0.00900755282969278
MYCBP2	-0.3406921314830367	-0.010054846876458861
MYCBPAP	-0.2993584450083435	-0.0001616535603045055
MYCL	-0.648203712827256	-0.017192955279030135
MYCN	-0.6824852444850018	-0.019775009958952927
MYCT1	-1.0303771275009797	-0.0027511069304276157
MYD88	-0.8160109522198171	-0.05161432474980787
MYDGF	-0.7313446255006368	-0.015214893588915248
MYEF2	-0.1815491413172704	-0.004079953852823018
MYEOV	0.0019493844457875	1.111149134098875e-06
MYF5	-1.332612001754128	-0.04192530618718663
MYF6	-0.4400661229095035	-0.013788151763000562
MYG1	-0.2375233761161581	-0.0006073472727290162
MYH1	-0.1603217296098124	-0.00517021545818684
MYH10	-0.4782133654801678	-0.05976423713751849
MYH11	-0.5777769552351723	-0.025886140925401424
MYH13	-1.2978931930207784	-0.08623202374430051
MYH14	-0.7980901709029472	-0.07843550390617075
MYH2	-0.3955528861955495	-0.012976903537417393
MYH3	-1.7258955680689343	-0.08093069497788848
MYH4	-1.2952349093663444	-0.04262359039742766
MYH6	-0.8710692131198676	-0.039279995096427316
MYH7	-1.1349324097572882	-0.08631841935650031
MYH7B	0.1457623450556194	0.003686329706456615
MYH8	-0.2145506475895597	-0.007944810480241395
MYH9	-0.1911061762639064	-0.011817241515454917
MYL1	-1.1088258521517662	-0.06297909075051601
MYL10	0.3843840224983847	0.0328629120034994
MYL11	-0.3147455071230255	-0.019637286934912686
MYL12A	-0.6739599261642086	-0.028035385008578752
MYL12B	-0.6332485267272836	-0.02827771296100685
MYL2	-0.9791197417815304	-0.17289785960249154
MYL3	-0.2960360515467051	-0.0018588103676617613
MYL4	-0.1513766744297813	-0.008724897384109306
MYL5	-0.1114748583898812	-0.005102427218221643
MYL6	-0.4581374879352109	-0.04806137130933124
MYL6B	-0.5003437696524965	-0.044809286978768625
MYL7	-1.2871723091172944	-0.05725084996491902
MYL9	-1.064828368675217	-0.08962979827649903
MYLIP	-0.0987366793370792	-0.0025335831917894522
MYLK	-0.8289394734720795	-0.04254531847595448
MYLK2	-0.8670276783143733	-0.001265860410338985
MYLK3	-0.148151622314523	-0.0017726341609932677
MYLK4	0.2888164306592676	0.0005810986584864464
MYMK	-0.2689885063649347	-0.0016152759807214329
MYNN	-0.0738861767064738	-9.967245237703315e-05
MYO10	-0.948681214239412	-0.027109514378105437
MYO15A	-0.4288648517863176	-0.004011172958757429
MYO16	-0.7352137372232624	-0.023829012437143162
MYO18A	-0.5170399728487306	-0.012016526008977348
MYO18B	-2.010593449928563	-0.015773105614689576
MYO19	-0.1150691345969457	-0.002698716413702168
MYO1A	-0.7652751085669685	-0.022298586113424328
MYO1B	0.3871050104155997	0.037311116428907574
MYO1C	0.0205650654348878	0.0009063024337155053
MYO1D	0.0625873240245682	0.006282077474317984
MYO1E	-0.4058528429582916	-0.022070683452914856
MYO1F	-0.1420809115124799	-0.018124835638912526
MYO1G	-0.5138560807199573	-0.012904981611201008
MYO3A	-0.5261793532983484	-0.014102659027102334
MYO3B	-0.2964632110515341	-0.019019893768222225
MYO5A	0.3960244018333779	0.011887464469832503
MYO5B	-0.0303457960155511	-0.00345168256778886
MYO5C	-1.0775020364300578	-0.04033736623579564
MYO6	-0.7634439043405912	-0.02243303568514393
MYO7A	-0.4106685468798454	-0.01352044056892515
MYO7B	-0.2728199580294737	-0.007110779386080202
MYO9A	0.08365041070518	0.0019550773990014672
MYO9B	-0.6007900173128449	-0.008855644855191334
MYOC	-0.7865757284933683	-0.024357890584254138
MYOCD	-0.0572785331914237	-0.001573956813567132
MYOD1	-0.5880129663700027	-0.018911673024392027
MYOF	-0.3533157700848306	-0.025396337553697624
MYOG	-1.5246727669704492	-0.04802109346850127
MYOM1	-0.1937202889633386	-0.004637276277204399
MYOM2	-0.0811650333430769	-0.00013059453864901072
MYOM3	0.7423983227428457	0.0030423483266001816
MYORG	-0.5925493405204776	-0.002805721127364461
MYOT	-0.1590146881165472	-0.0004067595722021277
MYOZ1	0.892505752559674	0.04112577257219722
MYOZ2	0.1301204251854974	0.0040144753578229666
MYOZ3	-1.013252815547388	-0.007854735826123354
MYPN	-0.5970429403766337	-0.01970122294654816
MYPOP	-0.0011072215991898	-1.1166329827829133e-05
MYRF	0.0722966363578565	0.0017706169210402636
MYRFL	-0.8600039093826857	-0.011767433492083288
MYRIP	-1.0506992036950569	-0.025191564107792684
MYT1	-0.1747403472738494	-0.005238890351617279
MYT1L	0.6360180343897143	0.0196822140922241
MZB1	-1.1466373930596725	-0.05159982932507832
MZF1	-1.188521707021668	-0.009136166361875562
MZT1	-0.0235019276507619	-0.01706705285612799
MZT2A	-0.1946472139907147	-0.19054716507521427
N4BP1	0.0895239908934101	0.0005476182522949895
N4BP2	-0.4105773143258067	-0.011789317003551214
N4BP2L1	-0.183043004232317	-0.0022856579938489423
N4BP2L2	-0.63369443550074	-0.009777905139776418
N4BP3	-0.4857586827584463	-0.002236432975419887
NAA10	-0.2413776545016718	-0.022018952398951505
NAA11	0.1228848281172854	0.002726077026953859
NAA15	-0.0343640439994652	-4.054957191936894e-05
NAA16	-0.2040075382152836	-0.0001295447867667051
NAA20	0.4166212248961072	0.008346589619568611
NAA25	-0.0734984403658829	-0.014934368593264847
NAA30	0.4085649084738657	0.012295760920520987
NAA38	-0.3632759704986998	-0.026636483984876166
NAA40	-0.2318009333510253	-0.0012681829063634594
NAA50	-1.850119391352284	-0.1738187168175471
NAA60	-0.940395199536237	-0.07115124119211123
NAA80	-1.1435187904882025	-0.003574639739066121
NAAA	0.4427665818285691	0.0002346662883691416
NAALAD2	-0.8897711465999018	-0.002021560045074977
NAALADL1	0.1581796512457828	0.0015778420211766833
NAALADL2	-0.6887930935280379	-0.006887930935280379
NAB1	-0.5195655643759812	-0.008719349301357716
NAB2	-0.0700462730267812	-0.0012224475568633853
NABP1	-0.1998110956104326	-0.0017687278183435493
NABP2	-0.0726366175023622	-0.000586613322949077
NACA	-1.1250079182678838	-0.04398668459635599
NACA2	-1.12238502878813	-0.03449201431968803
NACC1	0.5982304993816822	0.017364238475052706
NACC2	0.1104430856225519	0.0022650772430329166
NADK	-0.1534248821559435	-0.0017263367740186762
NADK2	-0.4021473784093827	-0.0007994689882778529
NADSYN1	-0.2841941948378513	-0.001054928851238104
NAE1	-0.9447478657438956	-0.047081509889347034
NAF1	-0.5520576393465805	-0.00042784467049359986
NAGA	-1.0005323729351572	-0.011368048821289256
NAGK	0.739123968732923	0.006516856032318182
NAGLU	-0.3754536609968102	-0.003885569937655989
NAGPA	-1.485968263563018	-0.001481510358772329
NAGS	-0.5348891462404433	-0.0030745428125900677
NAIF1	-0.4147386209312318	-0.0013856417325312455
NAIP	0.5257515023035307	0.02932116128346791
NALCN	-0.5001794672463824	-0.012490981835543907
NALF1	1.002430123776341	0.03252484779604717
NALF2	-0.2862460755739427	-0.007999719074064977
NAMPT	0.9221337053778218	0.007713648445485478
NANOG	-0.0700962000719011	-0.0016239186670657327
NANOS1	-0.162931812624656	-0.00012822733653560428
NANOS2	-0.4099059333271634	-0.0006701962009899122
NANP	-0.4636780019981294	-0.0013919613619983845
NANS	-0.4020830935439963	-0.08949364454555497
NAP1L1	-0.6360182164551427	-0.039506271515111185
NAP1L2	-0.3754173105818691	-0.0010718164217112362
NAP1L3	-1.2912835346707614	-0.005814649756622439
NAP1L4	-0.4308427715935892	-0.014773167795172579
NAP1L5	-0.2435608832536794	-0.0027775683126249596
NAPA	-1.002429143919222	-0.17842236332618236
NAPB	-0.0689104575725574	-0.014009909487246354
NAPEPLD	-0.6243959902228113	-0.002363338822993341
NAPG	-0.3601565940374231	-0.04880409974482313
NAPRT	-0.8214155088372315	-0.005306344187088515
NAPSA	-0.1441512406518794	-0.0015434273336596726
NARF	-0.4506233803063956	-0.0015316688696614387
NARS1	0.1000238677277718	0.03041315719743857
NARS2	-0.0202028098613366	-0.0017623921182536983
NASP	-0.6918716170772096	-0.022950073410068116
NAT1	-0.0472285128342278	-5.705204350374718e-05
NAT10	-0.005234498188376	-8.155348177489809e-06
NAT14	0.0348096487605557	0.0005392014593010078
NAT16	-0.6360859223361524	-0.0015475970490438585
NAT2	-1.1247333558566062	-0.0014486565623433088
NAT8	0.3060975838973914	0.0002595707511449879
NAT8L	-1.033043251983847	-0.0006270572539541952
NAT9	-0.3961910112705635	-0.0022036144046868743
NATD1	-0.9063645294213636	-0.005865991234415066
NAV1	-0.579210765709868	-0.005448056462267018
NAV2	-0.8843454146581046	-0.02183095090624997
NAV3	1.1735446807396073	0.018639410164187183
NAXD	-0.8057497389682766	-0.003150481479365962
NAXE	0.6182140877358107	0.004950658414588372
NBEA	-0.7170874014892659	-0.014786342218708661
NBL1	-0.2925842338027861	-0.016141287010432104
NBN	-0.3205982692470842	-0.0314244011550607
NBPF1	-0.3422635280422052	-0.001554218680839654
NBPF10	0.4945392351588036	0.00045497609634609934
NBPF11	-0.9407647171478892	-0.0029191929173099
NBPF14	-0.6002565970584155	-0.0009976264643110867
NBPF15	-0.5661351812689177	-0.0017533206563898382
NBPF3	-0.8157921552667433	-0.003169352523211298
NBPF8	-0.1944982820783091	-0.0008042503963938081
NBR1	-1.0786218725395411	-0.03031143186210618
NCALD	-0.6125234830576558	-0.01553910824168967
NCAM1	-1.253204620651188	-0.036000809137446674
NCAM2	-0.6150481423708685	-0.027215265251768556
NCAN	-0.1676937277552469	-0.004669767236800361
NCAPD2	-0.5965246032710647	-0.05599039578762541
NCAPD3	-1.094264444835512	-0.4440032698142332
NCAPG	-0.2790980395174592	-0.1101449249034072
NCAPG2	-0.3566871441706024	-0.021921991880725224
NCAPH	0.3439602654455223	0.008966012239368428
NCAPH2	0.2613737477991304	0.010130323717198696
NCBP1	0.4171706902571304	0.047709308820566454
NCBP2	1.4633656576216312	0.0803490181630309
NCBP3	0.2794710125335448	0.00022525363610203708
NCCRP1	-0.3831783564006976	-0.000685506079600848
NCDN	-0.5776400947563601	-0.004288400063471217
NCEH1	-0.8542562203483877	-0.0027447252359793697
NCF1	-0.5378895537090258	-0.08844195197905286
NCF2	-0.9132615706175354	-0.03364638278469124
NCF4	-0.2766430925828174	-0.02189768399339291
NCK1	-0.1802886238346311	-0.004635941673283704
NCK2	-0.0557959077304464	-0.0046763108227964425
NCKAP1	-2.007334561314583	-0.049442657579739493
NCKAP1L	0.1683063591878685	0.006324448059202534
NCKAP5	0.0085684136064579	0.00013778009079184304
NCKAP5L	-0.2913152310347251	-0.004060060374930964
NCKIPSD	-0.8510231561919124	-0.06762144896785317
NCL	-0.3838194298003584	-0.000719661430875672
NCLN	-0.3721107657995799	-0.008050616418073912
NCMAP	-0.0536023591465116	-0.00026811900045085104
NCOA1	0.6298464014294559	0.03022632880459959
NCOA2	-0.3890458766138197	-0.015541604678968868
NCOA3	0.199196401932987	0.007570260059061238
NCOA4	-0.4090610918099897	-0.013700683147991985
NCOA5	-0.5617135197238621	-0.000586428914591712
NCOA6	0.0068980301721338	0.000213024967775836
NCOA7	-0.2966415787543923	-0.0018688419461526714
NCOR1	-0.2382683313240854	-0.030089716221262126
NCOR2	0.067697366615373	0.0003311078201157894
NCR1	0.8001471244404167	0.027597074321949973
NCR2	-0.4129012894132661	-0.016166324184397608
NCR3	-0.7130062165410832	-0.03308063642264009
NCS1	-0.2330815539762581	-0.014006103659987326
NCSTN	-0.9417950379962832	-0.013009956654880656
NDC1	-0.097263988802186	-0.004043361278495673
NDC80	-0.4567239031318597	-0.027360502141017186
NDE1	-0.442855710431024	-0.027971652382244337
NDEL1	-1.0985773359412252	-0.09105008960280873
NDFIP1	-0.982508266997714	-0.0019375063025194917
NDFIP2	-0.2257077697201949	-0.00024037877475200758
NDN	-0.0904243452165596	-0.002471749476494657
NDNF	-0.1793986618337703	-0.001765103433782466
NDOR1	-0.3694351250142764	-0.046973306710440234
NDP	-0.0494863478070249	-0.001288080147069051
NDRG1	-0.1282835153121327	-0.003891993571054794
NDRG2	-0.6618799629616238	-0.0010371659019608646
NDRG3	-0.2324296594305439	-0.0015191602540380348
NDRG4	-0.1655824295206235	-0.0016677462301317198
NDST1	0.6788496421737156	0.0064782621352637675
NDST2	-0.0591759384308689	-0.0006135361296512488
NDST3	-0.703594023340939	-0.006933215506001613
NDST4	-0.6445725342028936	-0.006330346858406618
NDUFA1	-0.1330227738109594	-0.00023518426409777622
NDUFA10	-0.3910195819662431	-0.0020692756277653586
NDUFA11	-0.5526824925527882	-0.007303146456592544
NDUFA12	0.0512426056816956	7.281574267368945e-05
NDUFA13	-0.298927904116605	-0.0018255527104401067
NDUFA2	-0.1975946559924434	-0.0003127923404360379
NDUFA5	-0.0254748285115185	-0.0008645137803668918
NDUFA6	-0.5168432606170733	-0.0002868480096424757
NDUFA7	0.4943450650241052	0.0016535842425056317
NDUFA8	-1.467902867556707	-0.0008220256058317558
NDUFA9	-0.8614900842686577	-0.03650391934071583
NDUFAB1	-0.4810507290564146	-0.002132497881907086
NDUFAF1	-0.0764288221047413	-0.0037333951021724034
NDUFAF2	0.853244135367313	0.0003361781893347213
NDUFAF3	-0.8730173985197061	-0.0090907301707857
NDUFAF4	-1.286610203041981	-0.020069832557251862
NDUFAF5	-0.1466426078299309	-0.01985878188015273
NDUFAF6	-0.513204125905131	-0.014040751680638478
NDUFAF7	-0.4898757112686964	-0.024385523031244437
NDUFB1	-1.1188116496255214	-0.015364640384307286
NDUFB10	-0.2537882181663585	-0.0004857506495704101
NDUFB11	-0.4411819925050678	-0.0021247324759044064
NDUFB2	0.1243007543181152	0.0004119326998102338
NDUFB3	-0.4110145820078484	-0.006835172498790519
NDUFB4	-0.5195024971411637	-0.04145785777935629
NDUFB5	-0.1954800046456924	-0.0041085987376431625
NDUFB6	-0.501746501608923	-0.006916575524679004
NDUFB7	-0.6217064377548269	-0.0002673337682345756
NDUFB8	-0.752255870040785	-0.000605565975382832
NDUFB9	0.708140978279254	0.004323908813373125
NDUFC1	0.4183938269405985	0.0014401115523295402
NDUFC2	-0.2930293134833207	-0.0021777938578080394
NDUFS1	0.3416833841505033	0.037640524964787744
NDUFS2	-0.2200699966193978	-0.00654510176945751
NDUFS3	0.1950291789889333	0.0008612488544151294
NDUFS4	-0.5172021377599759	-0.013512940253254892
NDUFS5	-0.7262683263278575	-0.0006703456652006125
NDUFS6	0.2786806869781298	0.000195355161571669
NDUFS7	-0.7014302243787328	-0.07315917240270184
NDUFS8	1.5313739357020508	0.01688492901505081
NDUFV1	-0.1314262446612604	-0.016219838558624793
NDUFV2	-1.444938741845141	-0.01322696924285042
NDUFV3	-0.1445742714686916	-0.0016478575462001467
NEB	-0.2752055992504997	-0.007668328817515923
NEBL	-0.0332276134635459	-0.0009633681971485863
NECAB1	-0.4319000463184346	-0.00028419023047752994
NECAB2	2.228117855462485	0.0067200034520748545
NECAB3	0.1851485653042922	0.0007589239691822938
NECAP1	0.1019292845565869	0.0033347184735532972
NECAP2	-0.6041143589408542	-0.07977752989865239
NECTIN1	-0.7914633545406695	-0.03866931657614803
NECTIN3	0.1134840577586268	0.013020479882878288
NECTIN4	-0.5665638606256731	-0.020196868503583994
NEDD1	1.6163865084692175	0.07507145499934434
NEDD4	-0.9569135735606212	-0.12729342812290165
NEDD4L	-0.2852262863501912	-0.0207353805650862
NEDD8	-0.6236798469069511	-0.11264655922894588
NEDD9	0.6716167815801384	0.017452633686141476
NEFH	-0.822121382385437	-0.011603421190988058
NEFL	-0.034077292184027	-0.0010776943653198537
NEFM	-0.3347900450130743	-0.029684494131129245
NEGR1	-0.2568328612320133	-0.006702053513849388
NEIL1	-0.4416272236641559	-0.014267209087694221
NEIL2	0.5247462748898728	0.004026378167229994
NEIL3	-0.1638897408506071	-0.003441684557862749
NEK1	-0.3798884281232873	-0.00457157734403564
NEK10	-0.7735216903228701	-0.023303887964357107
NEK11	-0.2797082645466821	-0.04123822856691098
NEK2	-0.4282544931915814	-0.012775259786398064
NEK3	-0.7938156317957022	-0.004673986440013095
NEK4	-0.4715890425801356	-0.021216791025680304
NEK5	-0.6110908902860912	-0.0006300347078849601
NEK6	-0.4266570869005385	-0.012765153382977212
NEK7	-0.9357779197235172	-0.0848432408696524
NEK8	0.1456329983219176	0.004030684494555713
NEK9	-0.727931516576997	-0.038022046905366286
NELFA	-0.5030312385103437	-0.08587950516343991
NELFB	0.4183751302015758	0.00036691498918678194
NELFCD	-0.0232966853552942	-0.0006076940374928493
NELFE	0.2525650164422047	0.03211490466570854
NELL1	-0.2232836146281887	-0.005914113100656834
NELL2	-0.3109405745428654	-0.008752977173381662
NEMF	-1.247555828019831	-0.0005401916735325868
NEMP1	-1.181546912037679	-0.006835248886137972
NENF	-0.5267528572143931	-0.00373257074622119
NEO1	-0.1511136168504327	-0.005868799537620256
NES	0.1095654430624364	0.005525166162752543
NET1	-0.1719871090622826	-0.0009590001201312878
NETO1	0.5484546135764443	0.014476459525350246
NETO2	-0.6347671966471998	-0.01672928946763695
NEU1	-0.2924913549485629	-0.0030021312671920496
NEU2	-0.978084424563536	-0.004080568219279072
NEU3	-0.3387851694095239	-0.0007155142777929145
NEU4	-0.7593590445995231	-0.004498442980207574
NEURL1	-0.1431711269422081	-0.0017783285677491667
NEURL2	-0.7639064281649747	-0.015042081476996516
NEURL4	-0.0983353136277932	-0.0031927509628671895
NEUROD1	-1.0579879886972885	-0.019147466619443526
NEUROD2	0.2352752099317236	0.004601747831054582
NEUROD4	-0.2982114951725888	-0.003677544158468365
NEUROD6	0.5370459687887389	0.006618554519352418
NEUROG1	-0.3920530546416221	-0.010882216637687505
NEUROG2	0.2220296782284832	0.006098489171901748
NEUROG3	-0.5313841157220391	-0.013159727625856299
NEXMIF	0.2956936739710076	0.0040994970959340495
NEXN	0.2144056776968334	0.0005731063764836357
NF1	-0.8357099819178622	-0.027781506928895493
NF2	-0.2564819103885542	-0.008400808492866705
NFAM1	-0.0267424440897146	-0.002044005229109156
NFASC	-0.1809400049789515	-0.006388629695796819
NFAT5	-1.3705712310117124	-0.029426164329821466
NFATC1	-0.2650715558539302	-0.007521670468911124
NFATC2	-0.3518593843777674	-0.010444945825254025
NFATC2IP	-1.190436071909477	-0.039739136952482164
NFATC3	-0.368098137354893	-0.011333005452882445
NFATC4	0.5683886845711064	0.010593059914351709
NFE2	-0.6326609118709492	-0.01860782273994836
NFE2L1	-1.10739379358703	-0.036190736568217724
NFE2L2	-1.5032389703990106	-0.046438058273566236
NFE2L3	0.5990065623584769	0.021090422054079613
NFIA	0.9773457250103124	0.026232936605001794
NFIB	-0.9810676013601526	-0.019956877146868224
NFIC	-1.3136904854857885	-0.042852583636546426
NFIL3	0.1603286559856282	0.003792253700028064
NFIX	0.253029393222442	0.007452980777367029
NFKB1	-0.975149148977878	-0.023337269433338574
NFKB2	-0.2108510588307655	-0.006144832407504999
NFKBIA	-0.3472217904943933	-0.011726374308576652
NFKBIB	-0.5172463317010294	-0.014966005361437586
NFKBID	-0.2505629373361201	-0.0007070886091625309
NFKBIE	0.5133966334298233	0.01287342058325282
NFKBIL1	-1.0044027362621462	-0.023120346586018345
NFKBIZ	-0.135810866804096	-0.002557997676255148
NFRKB	-0.6496402470559437	-0.0015370488245343627
NFS1	-1.2009165874775751	-0.04281147542698808
NFU1	-0.5199418826731773	-0.00725422914705617
NFX1	-0.1716226181830068	-0.005030087316325747
NFXL1	0.0705107748335865	0.0021752574036161434
NFYA	-0.1899435634380793	-0.004768723103676419
NFYB	0.861067486289633	0.024537840156795675
NFYC	0.3919175666002369	0.010532000767248167
NGB	-0.5611903599139054	-0.02045987814174116
NGDN	-0.4635528243172492	-0.0002897205151982808
NGEF	-0.3506838913201578	-0.008083263694929638
NGF	-0.9277593241251004	-0.04781578780608355
NGFR	-0.3863762859114427	-0.014134417291212398
NGLY1	2.5954903766998463	0.10757528964307853
NGRN	-0.8806601429799716	-0.0003751612209094679
NHEJ1	0.5824822152216443	0.14997402588197764
NHERF1	-0.5726978586972515	-0.020101694840273528
NHERF2	-0.3233263621031733	-0.010943627378106106
NHERF4	-0.8992644284286828	-0.026940163746866478
NHLH1	-0.4757475573721706	-0.0075168114064802964
NHLH2	-0.0612337772495121	-0.0006782253168155961
NHLRC1	0.9070260605497876	0.025003987411175998
NHLRC3	-1.3301310880669543	-0.006181119166247137
NHLRC4	-0.7531887484357451	-0.0035896975750447616
NHP2	0.1313433038399256	0.0004495881290440653
NHS	-0.2074581327373992	-0.003108760119069927
NHSL2	-0.3196930133610072	-0.0060316480830821225
NHSL3	-0.6980531515196501	-0.005123012079002712
NIBAN1	0.1902665916680322	0.0014077825117517703
NIBAN2	-0.2272576288823869	-0.0011896936871992954
NIBAN3	-0.5345984514340762	-0.0027617356001084377
NICN1	0.1505547281720332	0.02005675033235009
NID1	-0.9691436955299328	-0.02572107367936442
NID2	-1.1505845442716185	-0.03208289943246981
NIF3L1	0.7544550372957279	0.023040302383974236
NIFK	-0.8866512550741171	-0.0013876092141909932
NIM1K	0.5877441794660252	0.013897211123474166
NIN	-0.2538220019221583	-0.0037898163106997456
NINJ1	-0.676028177295886	-0.0038188831735444604
NINJ2	-1.4173949179676009	-0.008189707836016798
NINL	-1.0303295056980355	-0.004186228781651118
NIP7	-1.090097220144861	-0.330887020105551
NIPA1	-0.6089039917261592	-0.0009492813231010822
NIPA2	-0.7343194561817763	-0.003699501420243789
NIPAL1	0.2633404116174678	0.0007089123880742233
NIPAL2	0.0482002072440238	9.736441863292809e-05
NIPAL3	-0.622227342740767	-0.0016277467286098463
NIPBL	-0.6224720492093349	-0.008121392826034192
NIPSNAP1	-0.249301910818566	-0.003265855031723215
NIPSNAP2	-0.4070825105736261	-0.015209009677541244
NIPSNAP3A	-0.967609252464484	-0.0036149881672073126
NIPSNAP3B	-0.7222497546026234	-0.00407998886375022
NISCH	-0.9518073140805434	-0.013610844591351772
NIT1	-1.0964976840151677	-0.000836627732903573
NIT2	0.7921406286638353	0.0024651416364018554
NKAIN1	-0.2625608684767376	-0.0030081598701379828
NKAIN2	-0.1198989125516526	-0.0015213973013679198
NKAIN3	-0.3450174906496543	-0.004913739101832376
NKAIN4	0.7878595377131673	0.009505525322509364
NKAP	-0.6204115038273005	-0.0003610794952274889
NKAPD1	-0.3701199042019195	-0.000220591462904344
NKAPL	-0.8414342122906612	-0.0017198915299221113
NKD1	0.6743267788650915	0.011528290611477605
NKD2	-0.5442361015475358	-0.003619170075291113
NKG7	-1.0986407256979185	-0.007311454029519648
NKIRAS1	-0.3159374023404987	-0.0018684537974417094
NKIRAS2	-1.265210959522308	-0.008817255176910965
NKPD1	-0.7765422648399398	-0.02070106369610312
NKRF	-0.5319242275872688	-0.02863454501947785
NKTR	-0.3423834039528102	-0.0001886532555779984
NKX2-1	-0.1581772399836515	-0.005193116965903262
NKX2-2	-0.5427487578552054	-0.007500245084801083
NKX2-3	-0.1653709972477316	-0.004873648659887898
NKX2-5	-0.883468407842784	-0.010970027220183849
NKX2-8	-0.2546777032892389	-0.0038046302094379395
NKX3-1	-0.257786693545566	-0.006993752995891206
NKX3-2	-0.433613253646077	-0.004903298672229839
NKX6-1	-0.1321640993627187	-0.00044222107646765677
NLE1	-0.2620593251927682	-0.0007646891109124976
NLGN1	-0.8870105422461918	-0.031670711410900276
NLGN2	-0.951255184862263	-0.028256084011148663
NLGN3	-0.3482406743977225	-0.00989734820705767
NLGN4X	-1.3090274267176505	-0.0386542708835455
NLGN4Y	-0.1097057170277209	-0.003030181610022679
NLK	0.9154818736843182	0.032787983306003854
NLN	-0.5360201447015949	-0.0038711374850349182
NLRC3	-0.7995600063694337	-0.011358549450484175
NLRC4	-0.4298297740548288	-0.01153362232721322
NLRC5	-0.523970936915486	-0.02307725197456875
NLRP1	-0.5927366793774906	-0.01490495653962638
NLRP10	-1.4594240634068003	-0.002162866461968878
NLRP11	0.0101798801542246	3.662720879490011e-05
NLRP12	0.0354462998169516	0.0005292487025669042
NLRP13	-0.277373568156249	-0.00481243140751092
NLRP14	0.0081011406236511	0.000181619471641634
NLRP2	0.2676331308766839	0.005975712546214598
NLRP3	-0.6648680495998306	-0.04261538250715074
NLRP4	-0.6204464259322962	-0.013421497085767429
NLRP5	-0.3549324788187532	-0.004084562966246211
NLRP6	-0.1758113215846584	-0.010036892537946563
NLRP7	-0.1879542479383553	-0.001872212263713957
NLRP8	-0.073758253251878	-0.001337974713989067
NLRP9	-0.2448895365348158	-0.007510517195986265
NLRX1	0.9015619623434438	0.03252474935350207
NMB	-1.3165540609689348	-0.04069731913267171
NMBR	-0.3747623605043225	-0.011230503657233033
NMD3	-0.4669535843422795	-0.0003852367070823806
NME1	-0.4431507645423281	-0.007382891737275187
NME1-NME2	0.3196152670015967	0.039374683202994705
NME2	0.1891036578748122	0.005598035584068066
NME3	-0.9601653430673596	-0.05443081313314555
NME4	-0.4695673593645769	-0.06261258126503204
NME5	-0.4663098749648798	-0.2544848837830834
NME6	-0.0497839938589967	-0.0021596296536032767
NME7	-0.5341075898588732	-0.4965304503743522
NME8	0.3168005538980251	0.021510440809122004
NME9	-0.0875229321383451	-0.009025889899698976
NMI	0.0256552618419206	0.0009603277612667719
NMNAT1	-0.912169068436695	-0.015465826555344165
NMNAT2	-1.1678633810436576	-0.0020110607421571784
NMNAT3	-0.2244753095287405	-0.0003757716681511116
NMRAL1	-0.8710667172326139	-0.010154024722780581
NMRK1	-0.9684547241510012	-0.0022516572336510774
NMRK2	0.0999033235493604	0.0020400258668779397
NMS	-0.6243859125559857	-0.018065357607982335
NMT1	-0.1681900400265492	-0.0052613208321105115
NMT2	0.440528543060983	0.015915855732250257
NMU	-0.4186565567814512	-0.014006155107123448
NMUR1	-0.186121629959557	-0.00604969746020544
NMUR2	0.4181165491081718	0.013220009049702176
NNAT	0.0426595564257718	4.479253424706039e-05
NNMT	-0.3913502714998645	-0.0003549546962503771
NNT	-0.4074094444840165	-0.006143734422818969
NOA1	0.3023356307402045	0.0025498987096628845
NOB1	-0.0588732033960798	-3.161491022369486e-05
NOBOX	0.2642932765022411	0.0036406398838183716
NOC2L	-0.7550683777317835	-0.0003012722827149816
NOC3L	-1.1288522931205975	-0.00044138124661015365
NOC4L	0.4512111902711563	0.14895609418826547
NOCT	0.3206004327443	0.0003337450504868163
NOD1	-0.240369724494181	-0.005330679380107452
NOD2	-0.5567508267380037	-0.047927338168914306
NODAL	1.6342684791678277	0.08408147898470557
NOG	0.1096316137750556	0.005556020554506044
NOL10	-1.013259967464918	-0.0013972854951341221
NOL11	-0.8749864185097213	-0.019375699251479268
NOL12	-1.1230671672215071	-0.008242189940238641
NOL3	0.6020005838314703	0.012566762187481942
NOL4	-0.3552785646202138	-0.007143941377383259
NOL4L	-0.2254959431581888	-0.005022245646019181
NOL6	-0.9992035011682968	-0.04723734551773123
NOL8	-1.0217175674853534	-0.03276137380141786
NOL9	-0.9840871306277256	-0.009352764089485904
NOLC1	-0.2303036356964189	-0.00013127307234695877
NOM1	0.0169588132362361	1.960438810108893e-05
NOMO1	0.5024194561833535	0.024758225961803295
NOMO2	-0.8727203305950739	-0.04352692648842931
NOMO3	-0.1069818216677628	-0.005255695953072182
NONO	0.5246795129780951	0.0188291736822449
NOP10	-0.608694873016678	-0.003773299517830387
NOP14	-0.684490135111844	-0.0003100740312056653
NOP16	-0.7914932490367163	-0.000794659222032863
NOP2	-1.0848459685138914	-0.0005315745245718067
NOP53	-1.6295009919699357	-0.020199294296459325
NOP56	-0.8762119416154249	-0.0007789524160961128
NOP58	-1.01047826997578	-0.004357182300135563
NOP9	-0.6518893424295247	-0.0002855275319841318
NOPCHAP1	-0.4414785107672081	-0.0002489938800727054
NOS1	0.1824747583008933	0.004561868957522332
NOS1AP	-0.4605697756005194	-0.021400835193053736
NOS2	-0.3285071920174739	-0.0019007426130131042
NOS3	-0.8451798530088834	-0.013070706426782382
NOSIP	-0.2287256273660795	-0.004916686085861245
NOSTRIN	-0.8586350374228516	-0.020598654547774212
NOTCH1	-1.0842936831467465	-0.03237375649771241
NOTCH2	-0.2616851201276516	-0.005814381684116291
NOTCH2NLA	-0.1747268648494619	-0.0020315492576046933
NOTCH3	0.265790965006771	0.006222698072738523
NOTCH4	-0.8184021328363735	-0.013349775590826925
NOTUM	0.4079125602146077	0.00207423536869128
NOVA1	-0.1086004474799524	-0.00025466804934048834
NOVA2	-0.2160780488739271	-0.00030186103427687615
NOX1	-0.2412979142997579	-0.005360191868254822
NOX3	-0.067173954178186	-0.0009165214308071698
NOX4	-0.8131881503278409	-0.019939373446038657
NOX5	-0.4313271279337104	-0.010666288546672726
NOXA1	-0.1231607579777459	-0.011273889463766902
NOXO1	-0.6301179375652193	-0.013502167166147518
NOXRED1	-0.0989897779655614	-0.0004596095390941016
NPAP1	-0.4545827332578217	-0.00443036331833073
NPAS1	0.1516892507827921	0.0019172004406437092
NPAS2	0.0543561132813013	0.0016775383680875207
NPAS3	0.518088158841263	0.028032714098583062
NPAS4	-0.0253819900791162	-0.000765393910835749
NPAT	1.0865326612179056	0.037463646158793384
NPBWR1	-0.1699177264755777	-0.005478997090205003
NPBWR2	-0.2891170849646112	-0.009127137255247811
NPC1	-0.1736875714857724	-0.0024983220282513503
NPC1L1	-1.0442196684230232	-0.021616391356025003
NPC2	-0.6817462196413109	-0.014506877807747454
NPDC1	-0.5878091412941193	-0.017832365919439697
NPEPL1	-0.2050139569198356	-0.04395765754505271
NPEPPS	0.155770556536042	0.0011433558849745483
NPFF	-0.0588954121339416	-0.0018832985938070505
NPFFR1	-0.4231609148684097	-0.014010011569463307
NPFFR2	-0.6647652739097776	-0.0238570961500741
NPHP1	-0.9992842682502632	-0.06171579640713626
NPHP3	-0.5278317015709677	-0.016191765277391003
NPHP4	-0.2252166996187047	-0.004645094429635784
NPHS1	-1.0745528224439271	-0.028141463866984007
NPHS2	-1.4047127651706175	-0.012603082929110781
NPIPA1	-0.6005769677775961	-0.00032311040866434665
NPIPB15	-0.9554770869249468	-0.0007882685967130811
NPIPB5	-0.4658492251975196	-0.0002119613974648714
NPIPB7	0.7776535665716123	0.00042926476874753
NPL	-0.1379664937657134	-8.015853287787949e-05
NPLOC4	-0.9612173416721942	-0.06759472590107203
NPM1	-0.2056366108360653	-0.005526689552830091
NPM2	-0.1430034106792998	-0.0014486245501813071
NPM3	-0.4606585003351827	-0.00043025503931306067
NPNT	-0.5215497329133184	-0.01735613201188941
NPPA	0.1353711114530255	0.003978015481158607
NPPB	-0.4001639648328725	-0.010220987989761229
NPPC	0.0901553356250205	0.0021408285997517366
NPR1	-0.1399783423525784	-0.004586250408839879
NPR2	0.4576813483954568	0.016116333321049222
NPR3	-0.0556202759838511	-0.0027199427361622864
NPRL2	-0.4291541619133132	-0.03498722220414477
NPRL3	0.0312331575863845	0.0009611379584058102
NPS	0.1881204970531618	0.0014737359739144698
NPSR1	-0.183391238383168	-0.0058413777249806675
NPTN	-0.4795041014599227	-0.020891993700608832
NPTX1	-0.6307274144937816	-0.006630837308573125
NPTX2	-0.5872951160988704	-0.005786031483806071
NPTXR	0.3858884230842853	0.00907069327301921
NPVF	-0.1666767731455872	-0.005121977238763895
NPY	-0.7206231509057781	-0.02463378179056312
NPY1R	-0.349065613686736	-0.011175335622180853
NPY2R	-0.3170560514890204	-0.009658795552561517
NPY4R	-0.2877016591467179	-0.010925470506096614
NPY5R	-0.8882811542928588	-0.03548949695746259
NQO1	0.3504878372437039	0.0010216720455653969
NQO2	-0.3615465303010984	-0.0004251787196340917
NR0B1	-0.2329051482707206	-0.009144321931405032
NR0B2	-1.0363346956530564	-0.029081624229416066
NR1D1	-0.3505421882026426	-0.005940638463470184
NR1D2	0.2218648922150019	0.0027466873656217237
NR1H2	-0.643287355352762	-0.017201503882132856
NR1H3	1.1048026164461735	0.007806535287808662
NR1H4	-1.0143048303002928	-0.031400848936436465
NR1I2	-0.6101751864593559	-0.01755474011443567
NR1I3	-0.1415982753984047	-0.004163555689814692
NR2C1	0.92040919607544	0.025083911820643966
NR2C2	0.3012053190006409	0.009227726152903635
NR2C2AP	-1.1441653120267663	-0.03013159349222489
NR2E1	-0.2626811567423981	-0.007401304272373809
NR2E3	-0.4966398103625392	-0.014261508794370674
NR2F1	0.3669285538361573	0.006961368523379576
NR2F2	-0.294298724550332	-0.007996979242206171
NR2F6	-0.5502856357555208	-0.009065955849072205
NR3C1	-0.2210310813526461	-0.006920704188232702
NR3C2	0.1190482041473107	0.003688827653708569
NR4A1	-1.1672844767749064	-0.0290362013597758
NR4A2	-0.2776839655751718	-0.007708784568332344
NR4A3	-0.4981530466362424	-0.012735282637255537
NR5A1	-0.2730028699802169	-0.007969499780462491
NR5A2	-0.0743159558416064	-0.0020133678756608007
NR6A1	-0.3307932439309349	-0.009623106259194826
NRAP	-0.4035331450485723	-0.003012778460932641
NRARP	-0.8245909071438722	-0.0010604239065870197
NRAS	-0.66755848542547	-0.017672943343153894
NRBF2	0.2819278694783184	0.051957896705506684
NRBP1	-0.0794712403095702	-0.0022934605240938865
NRBP2	-0.217201682926316	-0.006757361557520617
NRCAM	0.2181101362787202	0.010009292263966749
NRDC	-0.3104496445005823	-0.0030954934053153064
NRDE2	-0.2160302943143091	-0.0001879463560534489
NREP	0.1332570316691415	0.0002669138344332904
NRF1	-1.1541709051805935	-0.004166556967701942
NRG1	-0.829994265308154	-0.02108683430441896
NRG2	-1.1940941564422238	-0.03890000533441833
NRG3	-0.1136445555595676	-0.0030039665371060504
NRG4	-0.0973740397989211	-0.00038073249561378157
NRGN	-0.6053759689696696	-0.002374284550299044
NRIP1	-1.138596347565337	-0.0039566223077895455
NRIP2	-1.102272728616494	-0.0007252954554296529
NRIP3	-0.6950284458502469	-0.0008173534523198904
NRK	-0.621147372866746	-0.03012688987878292
NRL	-0.524525433065058	-0.012326347677028865
NRM	-0.4014866280563284	-0.0011679246010158593
NRN1	-1.223716740275529	-0.053997724881397986
NRN1L	-1.5697097412122538	-0.045758608666078414
NRP1	-0.301650208814946	-0.007916809730348258
NRP2	-0.2855941705331752	-0.0068119921555572956
NRROS	-0.5347154937528639	-0.02715713049672045
NRSN1	0.4601138757828216	0.0006846494471648385
NRSN2	0.9733779186526472	0.004612837956494895
NRXN1	0.0844528388697489	0.0021238199918964455
NRXN2	-0.8034027921003254	-0.018973963741033384
NRXN3	0.5655495025089994	0.01772545250763706
NSA2	-1.659271160838717	-0.0009623772732864558
NSD1	0.5721372945878176	0.01521541921226842
NSD2	-0.3872223011416403	-0.009115987413476497
NSD3	-0.128052810516088	-0.002628411988653222
NSDHL	-0.0944087681092827	-0.0006271574465499649
NSF	-0.6769291558336372	-0.12206521923823314
NSFL1C	-0.4195063712625442	-0.016200497045416932
NSG1	-0.1902368410270086	-0.017106667455671694
NSG2	-0.6328822525940598	-0.00260177894041418
NSL1	-0.2301881213920015	-0.006945005810518078
NSMAF	-0.1646112862320292	-0.019525696938984607
NSMCE1	-0.5677039176419829	-0.022795015405078542
NSMCE2	1.4683219990375302	0.08653702533527588
NSMCE3	0.0448027064394182	0.005702264462076952
NSMCE4A	-0.4697329468841749	-0.018647458525407973
NSMF	0.1245972744212757	0.0007154375497269651
NSRP1	-0.1145659158045964	-9.749559434971152e-05
NSUN2	-0.5511807139227057	-0.00032629898264224176
NSUN3	0.0614326321473173	0.0008522549057797329
NSUN4	-0.3105890288513754	-0.001916955486070689
NSUN5	-0.1155416297240415	-0.0029427297674416127
NSUN6	-0.4412048861235106	-0.00027354702939657655
NSUN7	-0.3664448587950797	-0.003534727107937339
NT5C	-1.3027481250194668	-0.006679189636974806
NT5C1A	-0.836230434143286	-0.0004457108213983715
NT5C1B	-0.8486851302421858	-0.00045828997033078037
NT5C2	0.2568015991715013	0.0006453424187179828
NT5C3A	-0.7276363661285685	-0.0015811538235973794
NT5C3B	-0.2444025069102336	-0.0006659968313303866
NT5DC1	-0.5597208535943501	-0.0009179421998947342
NT5DC2	-0.9711285908290426	-0.001345984226889053
NT5DC3	-0.2566755610799766	-0.0002784929837717746
NT5E	-0.9427785837161202	-0.07153898171096293
NT5M	-0.0702513974648533	-0.0004130782170933374
NTAN1	-0.2817128687376895	-0.0034073171473823546
NTAQ1	-0.03179154591321	-0.00022362173395351913
NTF3	-0.4231327501796207	-0.02124337972276786
NTF4	-0.3053075962397559	-0.012721862227714388
NTHL1	-0.0365869280672885	-0.0010131286251112857
NTM	0.2526848597955071	0.007864310891415567
NTMT1	-0.7907005452237894	-0.00398117724520178
NTN1	0.232089245567941	0.007044604870723714
NTN3	-1.121625961212238	-0.018953235492564394
NTN4	-0.9130084443776594	-0.028032098267727276
NTN5	-0.3550170260252241	-0.0033573960151205445
NTNG1	-0.5413040014610597	-0.016668374116990414
NTNG2	-0.484794526474365	-0.011972000831284444
NTPCR	-0.4881241682024079	-0.0002601701816518834
NTRK1	-0.0929169630213043	-0.005430067318965023
NTRK2	-1.0042448392562635	-0.04882839257431804
NTRK3	-0.74923298099814	-0.03641796750737659
NTS	-0.3896624009452439	-0.010555954441606657
NTSR1	-1.0152993789385911	-0.03223880117943709
NTSR2	-0.6937013156389864	-0.02722014592435819
NUAK1	-0.032510625284356	-0.0014607674152766837
NUAK2	-0.4235923090646851	-0.0019862243372043083
NUB1	-0.209104248787205	-0.006226288111887816
NUBP1	-0.3713086055016358	-0.001964593831709155
NUBP2	0.1412168089919636	0.0015307902094728854
NUBPL	-1.0094582151054912	-0.0840696990704155
NUCB1	0.2147990934717501	0.008552440705671202
NUCB2	0.3757004735477199	0.011009150976368835
NUCKS1	-0.1863241600952347	-0.0032606728016666077
NUDC	-0.5552268736014138	-0.04240101065631917
NUDCD1	-0.8510381019201222	-0.12227289929337355
NUDCD2	-0.760544028444472	-0.04559993831344521
NUDCD3	-0.4418271879945254	-0.031066195069459065
NUDT1	-0.1728660651254181	-0.0007683896594824836
NUDT10	-0.3356053491948818	-0.0013263123400181728
NUDT11	-0.1873561862695164	-0.0008136879169685096
NUDT12	-0.3968658359849533	-0.006436370128003972
NUDT13	-0.6627145462683348	-0.0178899791765137
NUDT14	-0.3104660146338469	-0.0014414937059449512
NUDT15	-0.5974837192108495	-0.00592166114109873
NUDT16	-0.6713800031497256	-0.010868299490987759
NUDT16L1	-0.3229508363405726	-0.0018033574701257576
NUDT17	0.0972908993330143	0.0003762239077207663
NUDT18	0.6168021322592561	0.00848226292282929
NUDT2	-1.1204285949825743	-0.0012884928842299603
NUDT21	-0.30245327168691	-0.0001394309582476655
NUDT22	-1.024270680995273	-0.001916410444142156
NUDT3	-0.9384941015669876	-0.007501383353824932
NUDT4	-0.5707126764246472	-0.0005518791581026338
NUDT5	0.0423352316283144	0.0011493168682454793
NUDT6	0.0810439326162319	0.001362591639076707
NUDT8	-0.7638909721626523	-0.002643062763682777
NUDT9	-0.387068100010568	-0.001979853331554055
NUF2	-1.0670288021170613	-0.15554292254220828
NUFIP1	-0.1203793567929159	-0.0002535189254058809
NUFIP2	-0.7271649635257811	-0.01627031605888935
NUMA1	-0.6340120797625635	-0.05776737663548621
NUMB	-0.2645346773941696	-0.007981540286336885
NUMBL	0.1039142557569531	0.002829065612983048
NUP107	0.4120564652099447	0.013473422299434771
NUP133	-0.1723325077592471	-0.006620497950586996
NUP153	-1.0555724119174072	-0.03183500837101708
NUP155	-0.7544928634071472	-0.051507718799079116
NUP160	-1.1319535995185157	-0.03408312288150251
NUP188	-0.7748499097765166	-0.06557477301447681
NUP205	-0.4864962764856765	-0.049608511809520923
NUP210	1.0742098014128012	0.008137139245701969
NUP210L	-0.1687217997064698	-0.000799403887009254
NUP214	-0.6185571302043267	-0.06111035167853645
NUP35	-1.0354113776832463	-0.076689814510865
NUP37	-0.8493432943947635	-0.11848933497113028
NUP42	-0.1161266611826812	-0.007582838721906716
NUP43	-0.3859883721035786	-0.3765111996033194
NUP50	0.1769900224869363	0.0070056190700779125
NUP54	-0.6503401968472708	-0.08149282938653782
NUP58	-0.7265159271890997	-0.049296285207561984
NUP62	-1.3302833497947106	-0.07684514798424125
NUP62CL	0.1383941632655702	0.0076087727021777836
NUP85	-0.7480780470946509	-0.06270240575137945
NUP88	-0.8468471810252421	-0.08402587099568658
NUP93	-1.1021684003537775	-0.12010769926015255
NUP98	-0.6088395657386467	-0.04412077681038251
NUPR1	-0.6334951137935644	-0.01129268389848408
NUS1	-0.1470847473402792	-0.0015274751011287997
NUSAP1	-1.4744960976348955	-0.04479961493444103
NUTF2	3.8207441093783654	0.19249290897459143
NUTM1	-0.3228145913829296	-0.0016631407748048535
NUTM2G	-0.7674763925162433	-0.0008948774736739397
NVL	0.2210325815195666	0.04540782838447217
NWD1	2.24899625774614	0.021538637160434783
NXF1	-1.5955514320495148	-0.3892172207827266
NXF3	-0.5914430957879313	-0.02683850480066475
NXN	-1.1095420573862094	-0.04550675794163799
NXNL1	-1.0808545208066571	-0.009338583059769518
NXNL2	0.0376181482060644	0.00015950094839371304
NXPE1	-0.7106152118861286	-0.0024402526376169657
NXPE2	-0.3365149929257546	-0.00037386815714051335
NXPE3	-0.9245422971815126	-0.002362205569298765
NXPE4	-0.1464190971378581	-0.0004773262566694174
NXPH1	-0.2973381488784771	-0.002583273837456209
NXPH2	-0.5087442978616291	-0.0038455981475360545
NXPH3	-0.277356435288876	-0.0023766672939903783
NXPH4	-0.1362936104934222	-0.0012391815066061945
NXT1	-1.205240983282607	-1.1198098866645858
NXT2	-0.0109624041515059	-0.009444374274221968
NYAP1	-1.0279563485445735	-0.003533085969947699
NYNRIN	-0.704615139631904	-0.0008814735396795119
NYX	-0.2156297106855071	-0.00636970165364988
OAF	-1.0232046147767029	-0.0016698699313155792
OARD1	-1.5107436159585088	-0.0009215536057346904
OAS1	-0.7773504420133249	-0.0050947547969553315
OAS2	-0.8617032837379254	-0.008451585806901573
OAS3	0.3389161630639936	0.01968255616994143
OASL	-0.0166211461816987	-0.000291933811535356
OAT	-0.2501645661728535	-0.0009323633381262249
OAZ1	0.0472018407901312	0.007733171980328774
OAZ2	-0.2375272995900609	-0.020319510370731347
OAZ3	0.2422828928911294	0.0222137070347232
OBI1	0.8130200748959711	0.02357595613183337
OBP2A	0.4199610726954966	0.006436323400131181
OBP2B	-0.8021458154678586	-0.005503522439924978
OBSCN	-0.0959782124781922	-0.0012348556817444209
OBSL1	0.5837217119298663	0.025259973362053035
OC90	-0.4145462986448056	-0.007315498532184884
OCA2	-0.5068122788423466	-0.002661778088480004
OCEL1	0.0917862839088514	0.0007616425838756489
OCIAD1	-0.3548794534841962	-0.01284734597503487
OCIAD2	-1.1334277158559527	-0.025011349405793307
OCLN	0.5458445251610949	0.056370455802436596
OCM2	0.5155973682847252	0.0030074794492048022
OCRL	-0.32314241606641	-0.009826437730163461
ODAD1	-0.3416420466004106	-0.028902233858301537
ODAD2	-0.554906153270604	-0.015946893032690618
ODAD3	-0.2963495382360365	-0.02619492838375974
ODAD4	-1.3995974032333027	-0.008491357445416448
ODAM	-0.0831021687210294	-0.0008089165103305002
ODAPH	-0.4923729571780904	-0.008227059741488713
ODC1	-1.1071280870518532	-0.09203112936427235
ODF1	0.042753059587489	0.0012255164530753722
ODF2	-0.1074255018981349	-0.0011175474962462975
ODF2L	-0.1509235252200755	-0.0012028604960040016
ODF4	-0.7061872721216028	-0.00416368015642897
ODR4	-0.2893869868325062	-0.06177775517502976
OFD1	-0.3964308854913357	-0.01982273356722326
OGA	0.228087517684853	0.006777848675523092
OGDH	-1.0557968038181362	-0.017739497897752327
OGDHL	-0.0319201346250335	-0.0004669915695642401
OGFOD1	-0.1079926434788156	-0.003140642057650915
OGFOD2	0.1318190782904191	0.0006079495890754129
OGFOD3	-0.7118468940712372	-0.012959884553460945
OGFR	-0.926121143237134	-0.0007696066700300584
OGFRL1	-0.8801180592575562	-0.0018271250910186867
OGG1	-0.291220622218053	-0.008203393707260335
OGN	0.0068993314544348	4.556318492508742e-05
OGT	-1.6987247949378774	-0.03588386256826772
OIP5	-1.133832178454981	-0.03186975487201261
OIT3	0.7989772369338045	0.013082453277554114
OLA1	-0.0849863945961678	-7.495800003382e-05
OLAH	-0.3348453004384354	-0.0005163314532760674
OLFM1	0.0976502982846789	0.0010067745753150395
OLFM2	-0.1362969585387971	-0.0016884467223786186
OLFM3	-0.0150413183752794	-0.0001843614393257996
OLFM4	-0.7057102293475405	-0.0035440767717833483
OLFML1	-0.6120844747013244	-0.004486579199560708
OLFML2A	-0.7662008995281071	-0.006921092725437391
OLFML2B	0.3566051612653844	0.005114787828029408
OLFML3	-0.0244486124792536	-0.00017055352065527312
OLIG1	-0.4503221987531021	-0.010537089128623835
OLIG2	-1.0392342691623409	-0.04009261887001395
OLIG3	-0.3424678785745258	-0.004331533728210602
OLR1	0.9395771591676414	0.03161301309735447
OMA1	-0.3578062950114834	-0.00816227720180196
OMD	-1.1213162606611866	-0.00968592985959133
OMG	0.0887354355154868	0.004158053772820195
OMP	-0.4408370578009899	-0.001133392075606345
ONECUT1	-0.3146553801835592	-0.009350299277534646
ONECUT2	-0.3230143055964634	-0.008656460375679622
ONECUT3	0.2742735862474455	0.003910592792716079
OOEP	-0.4607087810796784	-0.00030913559210446424
OOSP2	-0.2308707984624881	-0.000602111042390169
OPA1	-0.4446182885445206	-0.0498959535770432
OPA3	-0.3939776747214563	-0.00443146088526694
OPALIN	0.0184304325970556	4.3403668766065933e-05
OPCML	-1.4722419470538417	-0.04601492205516782
OPHN1	-0.1812302390814646	-0.008034298958959489
OPLAH	0.1729488230136567	0.0007511167383483109
OPN1LW	-0.125640734016998	-0.0012888226495463653
OPN1MW	-0.7679226397623931	-0.008752782248011756
OPN1MW2	0.231024651198218	0.0026332189743572885
OPN1SW	-0.3343775205673692	-0.006031836093514773
OPN3	0.2385179945215366	0.010059019382956764
OPN4	-0.8058082678713671	-0.043703817216271465
OPN5	0.6355543237064925	0.02150016721666693
OPRD1	0.1870369153771302	0.005887735059156681
OPRK1	-0.2412437729545064	-0.006635651218886653
OPRL1	-0.7341009563419633	-0.023445716343649625
OPRM1	-0.0842250794571455	-0.0025793088332956237
OPRPN	0.0874601303148642	0.0005211749165462757
OPTC	-0.5212454286104333	-0.006931000464232932
OPTN	-0.4610130796351853	-0.011790409511669864
OR10A2	1.503822148965825	0.00796424210092301
OR10A3	-0.10477528702643	-0.00040872839469010343
OR10A4	-0.6141216179542236	-0.003463031803643867
OR10A5	-0.1536023470274733	-0.0008465025344684054
OR10A6	1.0537854302229803	0.004102386679858063
OR10A7	-0.8613365385487126	-0.0037209738465304384
OR10AD1	-0.8224716530062114	-0.0030447900594289946
OR10AG1	0.1996514975794424	0.0012833598264406557
OR10C1	0.0657667836793474	0.00027135374946098736
OR10G3	-0.7930485812743555	-0.003073856301019402
OR10G4	0.623581650139974	0.0028497681411396815
OR10G8	0.2249337051557012	0.0008144849463687941
OR10G9	-0.800115174862814	-0.0041677999458603985
OR10H1	-0.7641080769972755	-0.003198556410310595
OR10H2	-0.5012026098074486	-0.0019331384660273292
OR10H3	-0.1552567851546766	-0.0005701029150879725
OR10H4	-0.5083901404811022	-0.0018571491831774662
OR10H5	-0.2044152682351667	-0.0008147992591853745
OR10J1	-0.2730601834480158	-0.0016902425355432178
OR10J5	-0.7144393660409336	-0.002737017211302817
OR10K1	0.1954218573077401	0.0007836416478040377
OR10K2	-0.4455002948235371	-0.0021254819066030954
OR10P1	-0.8666108163627242	-0.0026821604766426315
OR10Q1	-0.7242629371082632	-0.006261253091300935
OR10R2	0.4333552567270234	0.0018114249731189577
OR10S1	0.3665014971345517	0.0014473144121843447
OR10T2	0.3107725275084532	0.0013627375331245672
OR10V1	-0.8264640071599427	-0.0030810578186922667
OR10W1	0.2551299267493928	0.0008779020779446606
OR10X1	-0.2706715557896995	-0.0011963682765904718
OR10Z1	0.151459644796754	0.0008325736674477568
OR11A1	0.2785875769729642	0.0009825783839836448
OR11G2	-0.2357943024305759	-0.0008637145298031995
OR11H1	-1.1819119311621455	-0.004732375372373231
OR11H12	-0.7557065626614727	-0.0030606115787789644
OR11H4	-0.3905144130074766	-0.0012660477269702392
OR11H6	-0.426684574694107	-0.0014639547757754811
OR11L1	0.1407217371505378	0.0006053849132216136
OR12D2	0.2245654042999338	0.0008432430931462514
OR12D3	0.0429928635100717	0.00020348522299316936
OR13A1	-0.1175383851563585	-0.00048414060845904073
OR13C2	-0.8585371019170288	-0.0034006654606933513
OR13C3	-0.1407806747529438	-0.0006398481667521297
OR13C4	-0.0080927041261875	-2.7887458418842124e-05
OR13C5	-0.0338941334028118	-0.00012964506026575512
OR13C8	-0.8284505239663296	-0.0029666813263234263
OR13C9	0.1090282996162028	0.000405367217973042
OR13D1	-0.2376293249841791	-0.0010139643297074922
OR13F1	-0.816593150567299	-0.002603298964008549
OR13G1	0.362104819954065	0.0013347183663506837
OR13H1	-0.0111953826532978	-5.078225571535882e-05
OR13J1	0.0495881773553701	0.000191063247350241
OR14A16	-0.4642690127061706	-0.002239633717294567
OR14C36	-1.0347211393389422	-0.005411591558742668
OR14I1	-0.8339544074470235	-0.0038420279551084372
OR14J1	-0.416489136887384	-0.00157932680707696
OR14K1	-0.3526181181541238	-0.0024767896619145658
OR1A1	-0.563977888773577	-0.002369271110737797
OR1A2	0.9134892069034798	0.0036676591657174716
OR1B1	-0.5205149127740671	-0.0020539518458064687
OR1C1	-0.3287775349418495	-0.0012161481017499015
OR1D2	-0.0769833877964933	-0.00037991301877569444
OR1D4	-0.6677793359545745	-0.0030991638981651805
OR1D5	-0.7861247312736248	-0.003648404877840893
OR1E1	0.5260435785953193	0.0022004402892642203
OR1E2	-0.0204949002631802	-8.667293321298906e-05
OR1F1	0.0907810918578888	0.0003450589301518353
OR1G1	-0.7843326828465609	-0.003034583149933344
OR1I1	-0.0411943641532935	-0.00017140974924185424
OR1J1	-0.8155475157978491	-0.003943987786398398
OR1J2	-0.4724705322743379	-0.0019007489513396612
OR1J4	-0.6821419574711783	-0.0030225710135547913
OR1K1	-1.1528626045289945	-0.004005044688133727
OR1L1	-0.699996062183331	-0.00406417713703642
OR1L3	0.0839913571797998	0.0005745008831098306
OR1L4	-0.8880829146658642	-0.0035052632641861658
OR1L6	0.3071772069168405	0.0015776621347248926
OR1L8	-0.8978515514017686	-0.025045569026352337
OR1M1	-0.2650018610832503	-0.0010303272358916772
OR1N1	-0.3535282493793472	-0.0013154786159405509
OR1N2	-0.1314718834793693	-0.0016531274628695898
OR1Q1	-0.0012657812726337	-4.560609925299221e-06
OR1S1	-0.8531955628637855	-0.003568917039459215
OR1S2	-0.9010418590260716	-0.004303375918708518
OR2A1	-0.6713771622855909	-0.002830526116196051
OR2A12	-0.1736394827752237	-0.0006660810559257582
OR2A14	-0.2926290547132751	-0.001192170768901883
OR2A2	-0.5007841335679802	-0.002131337272465324
OR2A25	0.177163146888512	0.0008792606980076852
OR2A4	-0.8995765059241178	-0.003704456051395517
OR2A42	0.1897267833215206	0.0007953346756838144
OR2A5	-0.1143624977524977	-0.0004654553658526656
OR2A7	-0.6791969861582868	-0.002871644857477237
OR2AE1	-0.9539548292805438	-0.004286119047957482
OR2AG1	-1.197555988645374	-0.003975885882302642
OR2AG2	-0.6830655663013643	-0.0023558931381734054
OR2AK2	0.0230295859649185	0.00010683424929125692
OR2AT4	-0.0359437686032592	-0.0001327762812204395
OR2B11	-0.2739021626638404	-0.0013221257391783574
OR2B2	-0.0786226905788155	-0.00030560639827985586
OR2B3	-1.0213665092389	-0.003828081676627397
OR2B6	-0.107583516930353	-0.0005983795211666233
OR2C1	-0.6440365416366886	-0.0023977480445133916
OR2C3	-0.6092345316346695	-0.0021579087110499993
OR2D2	0.6698512215941651	0.0026104102105524614
OR2D3	-1.1112959208635278	-0.005527585910375187
OR2F1	-1.0619430125359308	-0.004905114774903465
OR2F2	-0.2557104027078573	-0.0012765063303176235
OR2G2	-0.2292744312669556	-0.0012898979503078922
OR2G3	-0.1644411173704741	-0.0008947241196127495
OR2G6	-0.4531477452736096	-0.0017115390338984236
OR2H1	-0.1887048622736215	-0.0009765476622659912
OR2H2	-1.2043941824580902	-0.0050331632884923596
OR2J2	-1.020420554387689	-0.007119474207962905
OR2J3	-0.8011539645535397	-0.0032839301007049596
OR2K2	-0.1019268416140861	-0.0004416490047138351
OR2L13	-0.0892502617409936	-0.00026792928574646276
OR2L2	-0.7805519219568223	-0.0028724310728011062
OR2L3	0.2153468143428429	0.0009257759548598816
OR2L8	-0.1841337000470138	-0.0007499765602914872
OR2M2	0.1554815692180705	0.0006693481554837934
OR2M4	0.2148656209638932	0.0009067329204676292
OR2M7	-0.6833962267971063	-0.002705565661889744
OR2S2	-0.667413327169235	-0.0024153688310254613
OR2T1	-0.354327277878111	-0.0015714414773894223
OR2T10	-0.1377253407761239	-0.0004985657336095685
OR2T11	-0.0390502324144664	-0.00014971859107706418
OR2T12	-0.9230745232389912	-0.003752297936966499
OR2T2	-0.348707556513821	-0.0013181145636222435
OR2T27	-0.109684811233956	-0.0003674441176337526
OR2T29	-0.164596543397887	-0.000565224530028344
OR2T3	-0.474520346916798	-0.0018634414023422658
OR2T33	-0.1231837235797382	-0.0004890393826115606
OR2T34	-0.2071511460651321	-0.0007946317963058467
OR2T35	-0.2783136567510661	-0.0010503557405785236
OR2T4	-0.3855110309828759	-0.0013573843400907061
OR2T5	-0.956891619079405	-0.0032993623025857886
OR2T6	-0.4952643842259357	-0.0020801104137489297
OR2T8	-0.1594201309586853	-0.0006453326901207582
OR2V2	-1.0589070353967818	-0.0038501859807026986
OR2W1	-0.8786428632584129	-0.007725906696631225
OR2W3	-0.7069673287221525	-0.002899273015089547
OR2Y1	0.0997156639565583	0.00039557203891566676
OR2Z1	0.3929505403059656	0.001475529278848901
OR3A1	-0.7017274241795135	-0.0026321795680973553
OR3A2	-2.0490414999044626	-0.008605974299598742
OR3A3	-1.1594479050509396	-0.004177490801898535
OR4A15	-0.8523052874972263	-0.0032472831453644324
OR4A16	-0.5192807343477084	-0.001953534122616079
OR4A47	-0.8591284746108157	-0.0033531784364060134
OR4A5	0.5131456616858546	0.0022362887936269544
OR4B1	-0.4865500496437146	-0.0021490915692762872
OR4C11	-0.0333912235136203	-0.00013249637490204535
OR4C12	0.1691930220360016	0.0006260141815332059
OR4C15	0.3702985549410784	0.001554883632197588
OR4C16	0.1547716216788696	0.0006983295570150596
OR4C3	-0.5829982898298098	-0.002654391213595124
OR4C45	-0.5876279198869394	-0.002416913634494982
OR4C46	0.0229314117118774	0.00010397102070165213
OR4C6	-0.2785232190500503	-0.0012104619099915185
OR4D1	-1.2605973090834834	-0.004981880565497926
OR4D10	-0.3819191681214677	-0.001571215457651718
OR4D11	-0.4633509139931668	-0.0018872282726941686
OR4D2	-0.2292931847595853	-0.0008930969546385848
OR4D5	-0.1941097561151117	-0.0007677040854352667
OR4D6	-0.1781486012184329	-0.0006402660727790479
OR4D9	-0.5417382819989529	-0.0020293516043680777
OR4E2	-0.5504761360715644	-0.002700635923567095
OR4F15	0.3645364616485615	0.0016035958947920221
OR4F16	0.2898444768834513	0.0010561932737632965
OR4F17	-0.8871219801427401	-0.004397463655567563
OR4F21	-0.1170639203465477	-0.00042693211750385944
OR4F29	-0.0957701653569613	-0.000348986482560767
OR4F3	-0.3159454115079974	-0.0011513050795351424
OR4F5	-0.4816630107875524	-0.002437696497595803
OR4F6	0.9816608976237252	0.004007139784100046
OR4K1	-0.7725551004269584	-0.003965525330491578
OR4K13	-0.1538024891484407	-0.0006390493424117711
OR4K14	0.0846540614166724	0.0003323518451218558
OR4K15	-0.8285195893847773	-0.0031914574583101624
OR4K17	-0.6433016920223444	-0.003102000758931745
OR4K2	-0.4732784582306333	-0.0021690351740709926
OR4K5	-1.1671717349028876	-0.005071361188153047
OR4L1	-0.7991052611763062	-0.0032443673603758036
OR4M1	-0.9133635496660948	-0.003927463263564208
OR4N2	-0.4668638134506788	-0.002412285324099657
OR4N4	-0.3118360267629195	-0.00122083804477683
OR4N5	-0.2176790346855771	-0.0010642328005777864
OR4P4	-0.7156641533249163	-0.002552058370756652
OR4Q3	-0.476822425171895	-0.0019645083917082078
OR4S1	0.083317443267998	0.00042791838862443776
OR4S2	-0.8172004097976169	-0.003071039140019444
OR4X1	-0.913456560963362	-0.003910507537484153
OR4X2	-1.7583498464795146	-0.007989941702402916
OR51A2	-0.2971358029768783	-0.0015103412865314723
OR51A4	-0.6524166343992213	-0.0032568638389209124
OR51A7	-0.7140775361645051	-0.0030162635127588696
OR51B2	0.8798773384696923	0.003840664582420207
OR51B4	0.0358085532009115	0.00016604426119262662
OR51B5	0.0218903332193269	0.00010509548978598843
OR51B6	-0.6822493978660787	-0.0016435387994593838
OR51D1	-0.7356350469331879	-0.002688010461493869
OR51E1	-0.0606679584367945	-0.00023787906503067123
OR51E2	-0.8476604398099541	-0.003970441500069825
OR51F1	-0.8586256921200346	-0.003915333156067358
OR51F2	0.2794311197345276	0.0012057452816544867
OR51G1	-0.0605452329684268	-0.0002238962715172423
OR51G2	-0.9974320113478514	-0.00432187290517024
OR51I1	-0.3955601400704385	-0.001346882276939843
OR51I2	-1.038314308205334	-0.0032011230121970448
OR51L1	-0.5166892362866928	-0.0021974793219273047
OR51M1	-0.0223461606798619	-0.00010893753331432676
OR51Q1	0.1373933103698417	0.0005726553176215002
OR51S1	-1.1445429080316067	-0.004436248311530508
OR51T1	0.1687638257272056	0.0008056785040216795
OR51V1	-0.2349860874071921	-0.0010463930472242265
OR52A1	-0.4965628457798896	-0.0019365950985415692
OR52A5	0.4114507406756972	0.001811206160454419
OR52B2	-0.634060797386907	-0.002955357376620374
OR52B4	-0.7020020159162279	-0.0033155555211723444
OR52B6	-0.8011063799292832	-0.0023288162464544264
OR52D1	-1.167447440091543	-0.0055010123377113515
OR52E2	-0.8990272095105902	-0.00313760496119196
OR52E4	0.4029770505820847	0.001764233527448367
OR52E6	-0.3901347712411616	-0.0008243547716325744
OR52H1	-0.3257402357945167	-0.0015062228503138451
OR52I2	-0.6743407070305097	-0.0029084314694225884
OR52J3	-0.2425350791177959	-0.0009364279404738099
OR52K1	-0.0652250808172584	-0.00023167948706290185
OR52K2	-0.3470861626963998	-0.0011714157991003493
OR52L1	0.2117874640594115	0.0009555850378360648
OR52M1	-0.1973670076383328	-0.0008425597556080427
OR52N1	-0.8221430714518512	-0.0032343108430915824
OR52N2	0.0976186934213096	0.00032380120607848395
OR52N4	-0.0134378051453499	-5.5121876706225286e-05
OR52N5	-1.2211211181300223	-0.003548577969285845
OR52R1	-0.0905066499189948	-0.00036057849327727527
OR52W1	-1.143649902743512	-0.0033131537682479545
OR56A1	-0.0206406427335869	-9.073626545684801e-05
OR56A3	-0.925564590324933	-0.004169668479413823
OR56A4	-1.3487232217823233	-0.0044076274887846325
OR56B1	0.2124462454605533	0.001081988728130598
OR56B4	-0.2866393192662952	-0.0012104778452615647
OR5A1	-0.1240385040019521	-0.0005777713516410929
OR5A2	-0.2327034450844664	-0.0009224364563148247
OR5AC2	-1.1091015854588484	-0.005283759953125954
OR5AK2	-0.609963788915844	-0.002596615849414748
OR5AN1	-1.0166075888785495	-0.004432409087510476
OR5AP2	-0.3416012850153035	-0.0016144076729823244
OR5AR1	-0.4739811255521813	-0.0017442505420320273
OR5AS1	-0.7642032519578758	-0.002940654113533906
OR5AU1	0.1257704363057813	0.00037278357321033576
OR5B12	-0.4249475249256662	-0.002186779963267478
OR5B17	0.6731179064092849	0.002929409128693208
OR5B2	0.0662352254308454	0.00024275210120404837
OR5B21	0.557357139105898	0.0021458249855577072
OR5B3	-0.8213470665771018	-0.003170399676987613
OR5C1	-0.3805218719610547	-0.0020380751462234087
OR5D13	-0.9737290414948174	-0.003633956782858659
OR5D14	0.8671913129456224	0.0036153205836702996
OR5D16	-0.5967870782415672	-0.0025160543218664473
OR5D18	-0.7620970538884402	-0.002873867990213308
OR5F1	0.2342845953296242	0.000847173096711921
OR5H1	-0.0599287493034938	-0.0002493635258518377
OR5H14	0.0348139536741412	0.00021055479182120602
OR5H15	0.2127709482032563	0.0010344923501642322
OR5H2	-0.4138015157343524	-0.0015289966006384321
OR5H6	-0.5948350060486265	-0.00289744131446286
OR5I1	-0.4923532092321554	-0.0020984093777474465
OR5J2	-0.7054675403171542	-0.0029650800719529993
OR5K1	-1.116021599100509	-0.012255033179722688
OR5K2	-0.5030346502083786	-0.004196315052038295
OR5K3	-0.4139991893008525	-0.00508970603326468
OR5K4	-0.7881010943044612	-0.010659855401562142
OR5L1	-0.7090939655476182	-0.0025959930078698302
OR5M1	-0.8610450117518833	-0.004356026714452778
OR5M10	-0.5477115452173974	-0.002046250332932197
OR5M11	-0.506185161375761	-0.001982727277108856
OR5M3	-0.310958994098847	-0.0012404154274603008
OR5M8	-0.9073751693396856	-0.0037329414466634662
OR5M9	-1.200470280782865	-0.004678232684210825
OR5P2	-0.917614750086294	-0.004905568453961328
OR5P3	-1.4260869063957813	-0.005135338949931208
OR5T1	-0.1372268426964861	-0.0004904487357972414
OR5T2	-0.7485535481860197	-0.002871451410841572
OR5T3	-0.1792533238054966	-0.0006668223645564474
OR5V1	-1.662334471610322	-0.007136401886623112
OR5W2	-0.1505741512595998	-0.0005721817747864793
OR6A2	-0.1092557637427467	-0.0005283608734599231
OR6B1	-0.8554125058120867	-0.003915223039101921
OR6B2	-1.5821897393858624	-0.005638924231171213
OR6B3	-1.2610513147596971	-0.004513302655524956
OR6C1	0.1262423484985288	0.000479847166642908
OR6C2	-1.3460085079355049	-0.004973501436821691
OR6C3	-0.3514686889006334	-0.0014617582771377343
OR6C4	0.1748797668739151	0.0007150833667474388
OR6C6	-1.0824603921766844	-0.004430510385179169
OR6C65	-0.773876644520445	-0.003395770716155713
OR6C68	-0.1971684160313846	-0.0008105593583050221
OR6C70	-0.0027272859587514	-1.1397328021622102e-05
OR6C74	-0.6959514918247702	-0.0026223452211957344
OR6C75	-0.4815933748557703	-0.0020496614033861586
OR6C76	-0.7842939803050614	-0.0028211054471573055
OR6F1	3.771075477929922	0.015793264101570514
OR6K2	-0.5509045913855148	-0.0021397134329413396
OR6K3	-0.3735204220370478	-0.0016203315907967132
OR6K6	-1.1952112363854843	-0.005476457885118289
OR6M1	-1.4001896712137942	-0.0050196799713014524
OR6N1	-0.651427252806315	-0.0021855384331651868
OR6N2	-0.5735852861723213	-0.0015819482192632622
OR6Q1	-0.2814898586629002	-0.0011192036780436913
OR6S1	0.0418843410331081	0.00015836469344618172
OR6T1	-0.1755522336310059	-0.0007640033207621376
OR6V1	-0.6304910626189686	-0.0024015404575156514
OR6X1	0.7211383452684254	0.0033943981911784783
OR6Y1	-0.6143628241553027	-0.0021809880257513247
OR7A10	-0.0298541850772075	-0.00012831328746183782
OR7A17	-0.0528962065410607	-0.0002742139347088587
OR7A5	0.1196381661074499	0.0005791683621261649
OR7C1	1.076442677905087	0.004796628572745068
OR7C2	-0.5705392620042754	-0.002438484805806273
OR7D2	0.0901321155598103	0.0004924818794188034
OR7D4	-0.4641573889605109	-0.0019257890067971596
OR7E24	-0.248179699423209	-0.001322797797925704
OR7G1	-0.3925766437426627	-0.001861205867983964
OR7G2	-0.3431291830663072	-0.0018285354165603512
OR7G3	0.0011867326635033	5.36165817370791e-06
OR8A1	-0.1281669156052909	-0.0008402622987082871
OR8B12	-0.3608495408455829	-0.001412725952410457
OR8B2	-0.60450832550897	-0.0023364246780921694
OR8B3	-0.1117935986881709	-0.00042682795979143655
OR8B4	-0.9005706453872863	-0.0036464105431731216
OR8B8	-0.8314567444423289	-0.002960817466959133
OR8D1	0.2853995825623235	0.0010693922358610262
OR8D2	-0.2751824235352097	-0.0011183413692470922
OR8D4	-0.384735766168392	-0.0013754303640520014
OR8G1	-0.7073881818204694	-0.0026003589563720455
OR8G5	-0.5249036632287389	-0.002049223901244997
OR8H1	-0.756034394828297	-0.0029560944837786415
OR8H2	0.4030472560933582	0.0014985296981551057
OR8J1	0.5133259123664496	0.0022350210224435217
OR8J3	-0.0840163865300975	-0.00036043029821411835
OR8K1	0.2861549926430073	0.0012908451718126061
OR8K3	-0.9959696154384142	-0.0037159626352007234
OR8K5	-0.445839493682169	-0.0017401115438415056
OR8S1	-0.7512829155228239	-0.002452187436266497
OR8U1	-1.0869508637307734	-0.004498889624981671
OR8U3	0.158028859692016	0.000603038128584733
OR8U8	-0.4187875614860996	-0.0018171192292881862
OR8U9	-0.2046215436015455	-0.0009473977468751556
OR9A2	-0.7898734072129026	-0.0039043442518533777
OR9A4	-0.0252890169581895	-9.667991183115846e-05
OR9G1	-1.093418948662991	-0.004208569533403853
OR9G4	-0.4336436967720279	-0.0019010939666485704
OR9G9	-1.1520405033695462	-0.004374297791294167
OR9I1	-1.243465074481331	-0.005775895270965782
OR9K2	-0.4804213176018324	-0.002536624556937675
OR9Q1	0.2304392286782572	0.0008874214696399684
OR9Q2	-0.6841813203485072	-0.002618361912973737
ORAI1	-0.3675620721672931	-0.010495734970737055
ORAI2	-1.253006672267721	-0.03910759124814783
ORAI3	-0.4227738131431854	-0.027327676507762362
ORC1	-0.8176085836681639	-0.03909395442809326
ORC2	-0.572322783424464	-0.4798102394205999
ORC3	-0.5028180659173677	-0.09395105279859423
ORC4	-0.1372326347887443	-0.05637914611762504
ORC5	-0.2365067164413878	-0.11237616631712541
ORC6	-0.2166670459392728	-0.12782987376439
ORM1	-0.0918185804684112	-0.00013194330013310688
ORM2	2.7953981584371697	0.003354477790124603
ORMDL2	-1.2138098782343911	-0.011760603910213016
ORMDL3	-0.5155907263845694	-0.0034518799131446924
OS9	-0.1637605980397558	-0.004787213562496181
OSBP	-1.0699266971462076	-0.0513061949082521
OSBP2	-0.6125599177443027	-0.014822724889576639
OSBPL10	0.6615553525065485	0.003395102069063607
OSBPL11	-0.4390731491144094	-0.0019696821469272407
OSBPL1A	-0.8809121363598394	-0.0038874652577559716
OSBPL2	0.1907907997063503	0.0011439816350392762
OSBPL3	-0.0193716532978873	-0.00029543708444607926
OSBPL5	-0.7949564075224733	-0.011390135406981998
OSBPL6	-0.9506341009292696	-0.0053501687200299295
OSBPL7	-0.017620581636119	-0.00015007449379482555
OSBPL8	-0.2645385345243962	-0.007888803638052019
OSBPL9	-0.3520503733996787	-0.0031621164538759143
OSCAR	0.2878241527989633	0.007645185146646062
OSCP1	-1.0581428972068148	-0.019452899022250083
OSER1	0.3878076162117219	0.0027759269168435054
OSGEP	-0.2712327055374158	-0.03639047840383847
OSGEPL1	-0.672818698811516	-0.05595496708665973
OSGIN1	-0.3341706924986202	-0.001719308212905401
OSGIN2	-0.5342047547369754	-0.0009108191068265429
OSM	-0.4635043717742766	-0.01517096159254385
OSMR	-0.5632024703298188	-0.02536832887106603
OSR1	-0.273234057128825	-0.0003442749119823195
OSR2	-0.17877948361624	-0.0037027018851759465
OST4	-0.280204372293117	-0.0074887420539058456
OSTC	-0.47023768921235	-0.021410392227527508
OSTF1	-0.946966512027935	-0.0013371167149834444
OSTM1	-0.4239250821182084	-0.02079861237888354
OSTN	-0.3430914259463209	-0.010244366887331196
OTC	-0.167464848144168	-0.000578088655793668
OTOA	-0.4762309456896531	-0.012940147256279254
OTOF	-0.4688568274259576	-0.017633705279490264
OTOG	-0.2572687195466652	-0.009548271257254931
OTOGL	-0.6414491941039013	-0.020070303834316967
OTOL1	-0.255662287201461	-0.004362109944231328
OTOP1	-0.1755726551651864	-0.0009365045426511042
OTOP2	-0.3038385561574543	-0.004401101485940725
OTOR	-0.8888789696541772	-0.0012702080476358192
OTOS	-0.4837842988340199	-0.0045020966849493894
OTP	-0.3663960324807641	-0.005391884013986924
OTUB1	-0.8822753152073025	-0.11494635716646821
OTUB2	-0.7201672735880211	-0.05547016408084374
OTUD3	0.3455581038484488	0.0037721122616096673
OTUD4	-0.485543232508919	-0.012751821915381741
OTUD5	-1.0295181865270109	-0.028463089302912272
OTUD6A	-0.9317868986280312	-0.04239630388757542
OTUD6B	-0.1827299474453518	-0.002214869692985109
OTUD7A	-0.4221542448087571	-0.010527260402795975
OTUD7B	-1.000175969886117	-0.03761161734756743
OTULIN	-0.690215957697214	-0.011545242324401298
OTULINL	-1.311787719027779	-0.004363005953486393
OTX1	-0.7266191603219018	-0.015781441543031384
OTX2	-0.5737482761527587	-0.014409687955576534
OVCA2	-0.2981206725977346	-0.0014256130563623669
OVCH1	-0.3803058088724065	-0.007678374281133887
OVCH2	0.0840031833932747	0.0008023144045891667
OVGP1	-0.3635994673800938	-0.002996423210679353
OVOL1	0.1269062694018845	0.0011452021750826056
OVOL2	-0.5361608141243266	-0.0033343841030391867
OXA1L	-0.3287755128816486	-0.0007893900064288382
OXCT1	-0.1604880260641725	-0.001699728684045651
OXCT2	-0.0611641205054913	-0.0011109239207412384
OXER1	0.3030582755790546	0.009557851895212223
OXGR1	0.1403828148198208	0.004469929206677914
OXLD1	0.1817080521719906	0.00032198666844876733
OXNAD1	-0.5329502034611244	-0.0012449716752851866
OXR1	-0.4421263980711907	-0.0020673830373808873
OXSM	-1.2238107655783694	-0.1014894029786486
OXSR1	0.0409998759609613	0.003982317952088171
OXT	-0.5272381241397793	-0.0031460298867420633
OXTR	-1.3061163632265145	-0.033784005851217026
P2RX1	-0.4926107579739581	-0.004845812026189826
P2RX2	-0.8834594167298397	-0.009278974253913507
P2RX3	-0.8725777423748515	-0.00819961304509648
P2RX4	-0.5177329473313266	-0.005739587454115087
P2RX5	-0.9460026588010836	-0.011273513684932514
P2RX6	-0.5031797226783643	-0.005113312341857538
P2RX7	0.1145161715376683	0.0016517812582593275
P2RY1	-0.1218143383077124	-0.004329403397794407
P2RY10	-0.7874825390728865	-0.002211250969716665
P2RY11	-0.2072807314135261	-0.005503096138297705
P2RY12	-0.3662873233384487	-0.0016625781606332186
P2RY13	0.0358042890834682	0.00016702700857437915
P2RY14	-0.2284584185106428	-0.0010735261085815105
P2RY2	0.7707227339396288	0.01542524479706773
P2RY4	-0.2401530146631392	-0.006795369702908187
P2RY6	-0.5089953026817242	-0.01519707275216824
P2RY8	-0.94616854205071	-0.006281612950674664
P3H1	-0.3300855177542916	-0.0029219170031609897
P3H2	-0.3709268075465199	-0.007296130304440047
P3H3	-0.6131000783585028	-0.009742773345194966
P3H4	-0.058777879866611	-0.0013802221750277596
P4HA1	0.0578828730256128	0.0015542130236107293
P4HA2	-0.8800180578235393	-0.021651084276632537
P4HA3	0.211748416481386	0.005254325206569112
P4HB	-0.2062642168192553	-0.003335498650184178
P4HTM	-0.8796606876995052	-0.005788167325062744
PA2G4	0.1923978830952996	0.021063143047624116
PAAF1	0.3617838191929556	0.0007163319620020521
PABIR1	-0.1429547923997001	-0.0006813225405769707
PABIR2	-0.0807567588270733	-0.0019085244813602234
PABIR3	-0.5282037701856614	-0.00141347328901683
PABPC1	-1.4013394673823112	-0.035016670610949194
PABPC1L2A	0.2763682774469712	0.0011543902948959986
PABPC1L2B	-1.642513110471992	-0.006860777262441511
PABPC3	-0.3102243257514285	-0.0023524310621730825
PABPC4	-0.2793596902675112	-0.0025670361938681598
PABPC4L	-0.704694045104002	-0.02699894295006963
PABPC5	-0.0501202012542715	-0.0008300406529719904
PABPN1	0.2817045035122574	0.00021916610373253628
PABPN1L	-0.4914418715998168	-0.0020213004178900465
PACC1	-0.3392053508215898	-0.0020121661410736707
PACRG	0.2179362781277796	0.0008623738525516239
PACRGL	-0.6853835562577159	-0.0045461491286574295
PACS1	0.7441454528364161	0.03225126392593027
PACS2	0.1936874678573041	0.007082763324605897
PACSIN1	-0.2589216847588333	-0.0041158191009264145
PACSIN2	-0.7558211959221941	-0.051411713567823564
PACSIN3	-0.6946522967544888	-0.02302286107133402
PADI1	0.301079363393693	0.0016074627211589269
PADI2	-0.0057732538460377	-7.037596438319957e-06
PADI3	0.4342355577518912	0.002511618466036939
PADI4	-1.088233206598872	-0.026304773069907934
PADI6	0.3107069371919675	0.002214408341367152
PAEP	-0.6425359988470973	-0.006444636068436387
PAF1	0.1154831586420907	0.004292162557250585
PAFAH1B1	-0.7452851494810457	-0.07795906249116583
PAFAH1B2	-0.7423154616520542	-0.008820192315349707
PAFAH1B3	0.4691124995192958	0.012472763137219036
PAFAH2	-1.1695376113346718	-0.004322611011492947
PAG1	-1.237884832322371	-0.01846800381341745
PAGE1	-0.6385245065382221	-0.0011608375528864877
PAGE2	-0.5365994938458243	-0.005995426144739395
PAGE2B	-0.1781606714263212	-0.0009914641364874774
PAGE3	-0.3409042113468239	-0.0011969146860386986
PAGE4	-0.1486461092724598	-0.00010078206208672775
PAGE5	-0.3863372330913469	-0.004436696784821027
PAGR1	0.2913814930814817	0.12129483103249379
PAH	0.1621869423230977	0.00209691497729533
PAICS	-0.462711961306959	-0.0405659576477811
PAIP1	-0.1742909434045987	-0.016339601653237723
PAIP2	-0.5585481491726848	-0.0003312190524594021
PAK1	-0.0841416213836915	-0.011162900625731585
PAK1IP1	0.0133605149298102	5.611416270520284e-06
PAK2	0.2182743001439074	0.014167966548040884
PAK3	-1.1595097159294696	-0.03464383129254069
PAK4	-0.5301454234278341	-0.012956754148576265
PAK5	-1.0690645926919502	-0.041348211251546564
PAK6	-0.8272989653780967	-0.019731907623232983
PALB2	-0.5699028337485228	-0.012466054585415188
PALD1	0.2095238396369518	0.013484954319034218
PALLD	0.0494030396054647	0.0012192176144232634
PALM	-0.2026446973470395	-0.002160800407811482
PALM2AKAP2	-0.5471474423265554	-0.012879303644924789
PALMD	-0.1127524490377253	-0.0007047028064857832
PALS1	-0.5050814018153014	-0.016413630314791847
PALS2	-0.6968581752209378	-0.0233740169132607
PAM	-1.3876306427358824	-0.014826833417632903
PAM16	-0.6844048012191903	-0.05896421124423812
PAMR1	0.1571549988549786	0.0014711279442814547
PAN2	-1.2087142498654355	-0.011517838086967734
PAN3	-0.9827841114930502	-0.030942957750358685
PANK1	-0.1912215472666622	-0.00016368564446026285
PANK2	-0.746858389515607	-0.002938887762743914
PANK3	-0.6124713720771287	-0.0019298972934150324
PANK4	-1.0268153344660875	-0.0008450690202655899
PANX1	-0.6029448047891923	-0.01782003370554458
PANX2	-0.5522028774143696	-0.003955981413796544
PANX3	-0.0137699000511042	-7.643671518367942e-05
PAOX	-1.2056595658817515	-0.034194916607538234
PAPLN	0.622912279013387	0.014890095117536003
PAPOLA	0.5866952807762787	0.022635877322910385
PAPOLB	0.2497117831610378	0.00143409477069384
PAPOLG	-0.2444527598806509	-0.000501372610515215
PAPPA	-0.0192103217893489	-0.00021023776166263438
PAPPA2	-1.113033232490152	-0.011696866240239006
PAPSS1	-0.5074426120834169	-0.004126015878850263
PAPSS2	0.3063270455627992	0.0009493075141991149
PAQR3	-0.2000870683014927	-0.001786377345795727
PAQR4	0.450361778204928	0.002277479512382321
PAQR5	0.0517845499073571	7.985177595714464e-05
PAQR6	-1.433012602208383	-0.005231929010662806
PAQR7	-0.3775225277653642	-0.00045378207837396776
PAQR8	0.6587987142107621	0.004167560666097281
PAQR9	0.1376154545379432	0.0002924328408931293
PARD3	-0.2223429647090331	-0.005639062270950497
PARD3B	-0.5146507768034172	-0.015752430976398994
PARD6A	-0.4028732140847819	-0.022415865631677266
PARD6B	-0.9658474504804015	-0.02973264791558868
PARD6G	0.3440227706345602	0.012123706459932536
PARG	-0.2534777986998806	-0.007497112852146368
PARK7	-0.369614157522325	-0.017479792737545796
PARL	-0.2025145166640633	-0.005822089839575156
PARM1	1.023140671375263	0.0280054064568837
PARN	-0.1360970375044568	-0.0004654518682652423
PARP1	0.1377133986998377	0.014327013433737617
PARP10	-0.1144944167745931	-0.003310720555454134
PARP11	-0.4924983049979326	-0.0002866340135087968
PARP12	-1.39430424174746	-0.0011921301266940782
PARP14	0.3246300065642119	0.008562765683144218
PARP15	0.3994840913020551	0.0006008240733182908
PARP16	-0.553523928745076	-0.0011192253839225437
PARP2	-0.7849802309770153	-0.05145388418008139
PARP3	-1.3030762115432513	-0.005742656864271108
PARP4	-0.2818074067236167	-0.006870182768515052
PARP6	0.5588383748084591	0.0008661994809531115
PARP8	-0.6799285831471612	-0.0176883420905734
PARP9	-0.9655646502596196	-0.002632129236607723
PARPBP	-1.2303206505062283	-0.03536679741945204
PARS2	-0.2296346786628892	-0.00017750760660641335
PARVA	0.4880904714704958	0.06083657254502554
PARVB	-0.2856750481022498	-0.02648236263412666
PARVG	-0.5284922352348278	-0.003989587883787715
PASD1	-0.536466777859194	-0.007678985458276504
PASK	-1.1195203003040557	-0.019619593262828576
PATE1	-0.1420634755182378	-0.000932504653301713
PATE2	-0.4409728196121489	-0.0016977453555067734
PATE3	-0.1506430438739707	-0.000647915731701948
PATJ	0.2798492772112156	0.024607986493013823
PATL1	-0.4017818979463259	-0.0003527645063968741
PATZ1	-0.2871599883734526	-0.007960362037700478
PAWR	-1.0228338894080795	-0.029379880639357675
PAX1	-1.7243082549009814	-0.00680067175732947
PAX2	-0.268200171749503	-0.007735697553770915
PAX3	0.1458769765348996	0.004393376902301571
PAX4	-0.4003978350696969	-0.0027639462554861177
PAX5	0.6134099626504054	0.04790241080329545
PAX6	-0.3451320301205414	-0.008522000087736407
PAX7	-0.1832821397999907	-0.005651688062872513
PAX8	-1.2636178092125667	-0.021121371680988054
PAX9	-1.3519670713891705	-0.031402139167156264
PAXBP1	-0.4920855302430513	-0.000950217158899332
PAXIP1	-0.5488554011984241	-0.028977369761672003
PAXX	-0.790304703089439	-0.7255431841947749
PBDC1	0.7680639974094587	0.008196778980353743
PBK	-0.4320916644465186	-0.01569572971101979
PBLD	-0.879027697896686	-0.00046324759679155353
PBOV1	-0.1409900130649803	-8.79777681525477e-05
PBRM1	-1.099713687330799	-0.1787551607345594
PBX1	0.7029108567973607	0.019373629035048853
PBX2	0.2837604741443045	0.00705627171054642
PBX3	-0.3724283111632526	-0.011046596137413236
PBX4	0.4612559639875538	0.010360731463088434
PBXIP1	-1.039712668789634	-0.02671229788654328
PC	-0.0646298812800049	-0.0024532856635077057
PCARE	-0.6757095028466907	-0.0021879473702175844
PCBD1	-1.313360215097241	-0.09221102070197729
PCBD2	-0.92751049924764	-0.06649972026455804
PCBP1	-0.4965122691972279	-0.0004667215330453942
PCBP2	0.5916001621051856	0.0009796898684461873
PCBP3	0.6234221956449004	0.000600978996601684
PCBP4	-0.5354463977957497	-0.002381665577395494
PCCA	-0.1362279457417452	-0.025926766405623206
PCCB	0.7970739596896168	0.034021507821431915
PCDH1	-0.8338214412509812	-0.021836115903480696
PCDH10	0.2208481613054659	0.006347617852241701
PCDH11X	1.344709537176972	0.04450988568055777
PCDH11Y	0.501346872802398	0.011433716781131488
PCDH12	-0.1258879525685289	-0.0014110780603406403
PCDH15	0.2727426785836138	0.007827442132671131
PCDH17	0.6903637555635772	0.01950898936847113
PCDH18	-0.2696882868256947	-0.009799932966672094
PCDH19	1.3186388980072337	0.01452348882265167
PCDH20	-0.3860998024530759	-0.005400377936911172
PCDH7	-0.8431101148316693	-0.02189135413160429
PCDH8	-0.714383338913852	-0.01830678744300637
PCDH9	-0.7331516951182548	-0.019751106666485784
PCDHA1	-0.639723491742542	-0.015247169702191745
PCDHA10	-1.2082600521998073	-0.028261202620953493
PCDHA11	0.5019320513750908	0.013469346598650562
PCDHA12	-0.240979876441635	-0.004671876864573978
PCDHA13	-0.2344423861064856	-0.006036891442242004
PCDHA2	-0.2585828700695343	-0.006645838343657101
PCDHA3	-0.8205865635674399	-0.021111230520899527
PCDHA4	-1.1028013903345162	-0.029080872663121194
PCDHA5	-0.2303519445688769	-0.005951142487936934
PCDHA6	-0.6953672646037157	-0.017472493257697563
PCDHA7	-1.7084008378375837	-0.039031833942075274
PCDHA8	-0.2799090615117099	-0.007246005875353635
PCDHA9	-1.0904071337993582	-0.027078080353639462
PCDHAC1	-0.1415445869502412	-0.003163804607511791
PCDHAC2	-0.3031851653945163	-0.0028369035925964892
PCDHB1	0.0236164875341122	0.00020815572112566495
PCDHB10	-0.6121361764441695	-0.007435618135267327
PCDHB11	-0.9352394403117246	-0.011635313876918166
PCDHB12	-0.957859401156874	-0.02422809569286197
PCDHB13	0.0235562019693178	0.0003298103837724185
PCDHB14	-0.1707962013890476	-0.0022949885580646327
PCDHB15	-0.1929474368141401	-0.0021673785577332357
PCDHB16	-0.3259268159591392	-0.007599961494535208
PCDHB2	0.0846889278499876	0.0010742790497770929
PCDHB3	-0.1072956125584709	-0.0019537458090771965
PCDHB4	0.4970076652647951	0.0055535636516688205
PCDHB5	0.3844024318348733	0.0050867973804708784
PCDHB6	-0.1974800273442356	-0.002424857255759869
PCDHB7	-0.3920961029229604	-0.009732609466753722
PCDHB8	-0.0536935957869859	-0.000886857121613646
PCDHB9	-0.9703744762187791	-0.011041891164893488
PCDHGA1	-0.734734363045087	-0.018499876527112245
PCDHGA10	0.1826087524766902	0.002394913788731792
PCDHGA11	-0.5576292691623548	-0.014832380930449475
PCDHGA12	-0.7223686725615841	-0.009697799429139266
PCDHGA2	-0.5302187968965474	-0.008765046931496824
PCDHGA3	0.2324022066574967	0.0054972417962764275
PCDHGA4	-0.1115037911780005	-0.002671853844207248
PCDHGA5	-0.7839883252467457	-0.01986312820845155
PCDHGA6	-0.2824648301020456	-0.006954849046772567
PCDHGA7	-0.5208862523078294	-0.007324181593700389
PCDHGA8	0.7804402464481142	0.0088353640300391
PCDHGA9	-0.1713008122778592	-0.002214405600315886
PCDHGB1	-0.30296563737052	-0.008166741720959738
PCDHGB2	0.5192839110371748	0.014060131175242543
PCDHGB3	-0.55150832224345	-0.007426611067330298
PCDHGB4	-0.8229827313899218	-0.026380711454703946
PCDHGB5	-1.3833479745651935	-0.04365569538132838
PCDHGB6	-0.5584927991620391	-0.014437038858338712
PCDHGB7	-0.8682368155189191	-0.02333994207477958
PCDHGC4	-0.10842510273776	-0.0026408018022808827
PCDHGC5	-0.3056659024644083	-0.007404450821297826
PCED1A	0.5445249198627151	0.006428661203899215
PCED1B	-0.5928444277130854	-0.0019208159457903967
PCF11	-0.7721794881469723	-0.001732770771401806
PCGF1	0.0651144661939221	0.0014707404479221183
PCGF2	-0.3572987264788361	-0.031028893303601562
PCGF3	-0.5479403020404672	-0.02241514187587143
PCGF5	0.10169732882004	0.004600482063832149
PCGF6	0.642758302068433	0.009267931957524735
PCID2	-0.7796667621659219	-0.7559001802548181
PCIF1	-0.2542751462878043	-0.00046354359168266723
PCK1	-0.9684222844437994	-0.005548091267578527
PCK2	-0.1460627615888776	-0.019606588739121394
PCLAF	-0.3646729492555135	-0.0015323557327716678
PCM1	-0.5782386229122976	-0.010704353387352452
PCMT1	-0.043688479777631	-4.744568903850726e-05
PCMTD1	-0.9069056199937326	-0.0012977819422110314
PCMTD2	0.6195045831963286	0.0009019986731338545
PCNA	-0.9090545308767124	-0.49524472693085503
PCNP	-0.8430621174387853	-0.0024212744012841914
PCNT	0.0630732425956727	0.0006740006703773583
PCNX1	-0.5466219334092786	-0.013056064879480618
PCNX2	-0.0246475465487859	-0.000131470013291224
PCNX4	0.0583542770759689	0.0006693819123384393
PCOLCE	-0.5175103281597322	-0.013636914657337103
PCOLCE2	-0.7923448922086049	-0.019677885398000704
PCP2	0.0263815237644478	4.046925745466292e-05
PCP4	-0.6796389610423204	-0.0017031752363720549
PCSK1	-0.4184606412708041	-0.00866924910520725
PCSK1N	-0.914771990222911	-0.032098434364931726
PCSK2	-0.5235029565374615	-0.013199080043179016
PCSK4	0.1097920143548746	0.0012556912681767006
PCSK5	-1.0085155766260985	-0.05326374166393077
PCSK6	-0.4381908688882669	-0.0097138151815151
PCSK7	-0.0440857282216575	-0.00038068026319401253
PCSK9	-0.3823480094707916	-0.010569246025801093
PCTP	-0.4378853625866927	-0.04616625377751501
PCYOX1	-1.1827410164043417	-0.006778288765013282
PCYOX1L	-0.7805258377970339	-0.005419971417662603
PCYT1A	0.2956896745746481	0.0009991354103877361
PCYT1B	-0.4659847046744987	-0.0012721382437613814
PCYT2	-1.051697252523803	-0.0016543197782199423
PDAP1	1.0993558225843516	0.0006826999658248824
PDC	-0.4002274383264311	-0.009976869582601274
PDCD1	-0.2319699941433451	-0.01303369806093213
PDCD10	0.0091110387740027	0.00027132673468980044
PDCD11	-0.8826660947578955	-0.0004669303641269267
PDCD1LG2	-0.3442832377533478	-0.012884455889681288
PDCD2	0.0039721096842755	4.56554287110626e-05
PDCD2L	-0.4770342668491443	-0.012678616744316558
PDCD4	-0.5995360210527345	-0.0004298673270948106
PDCD5	-1.5244209335950851	-0.11833927265405286
PDCD6	-1.0680823563615447	-0.048441807190421494
PDCD6IP	-1.338039461338202	-0.2892814554623966
PDCD7	-0.0126801669039686	-5.88359744344143e-06
PDCL	0.1868443671764705	0.004709972807784468
PDCL2	-0.9481259567215872	-0.049564232513577694
PDCL3	-0.4594826000619393	-0.03251896205418363
PDE10A	0.2762072660264728	0.01435228195726758
PDE11A	-0.0451578789801319	-0.0008854105331634461
PDE12	-0.145879298084341	-0.003587609577788198
PDE1A	-1.1426438392045677	-0.01659804440828555
PDE1B	-0.558764187026934	-0.013259474158149143
PDE1C	-0.3630248262716823	-0.004831860437676092
PDE2A	-0.6938953219865045	-0.027429682078126523
PDE3A	-0.0892295970840299	-0.004811081415576724
PDE3B	-0.6439488998837374	-0.020125334968066445
PDE4A	-0.7493248818011692	-0.012565428942923805
PDE4B	-0.3924960359523469	-0.007117523115959859
PDE4C	-0.1988669376082939	-0.004821528902313086
PDE4D	-1.1869041462418273	-0.2213101471082511
PDE5A	-0.5212496570250238	-0.020344895363343704
PDE6A	0.152850031522014	0.015200477084769726
PDE6B	-0.4940542266900232	-0.04104009650268685
PDE6C	0.0569040408745964	0.004443636551897233
PDE6D	-0.78837860787067	-0.020705975757115278
PDE6G	-0.2004836469219024	-0.009207812935829132
PDE6H	-0.9406898782155496	-0.015653079573506746
PDE7A	-0.2622882258662889	-0.002984315433906635
PDE7B	-0.0582525625053433	-0.002091150488816814
PDE8A	0.0669813146042407	0.003989340116513972
PDE8B	1.0124806333369372	0.031740255374479644
PDE9A	-0.3100628555072938	-0.029261561862789835
PDF	-0.6124384661671763	-0.10881500447625306
PDGFA	-0.6010764014132339	-0.02187437240023041
PDGFB	0.2357033997968913	0.011293021291068657
PDGFC	-0.723759465319049	-0.01906527183543439
PDGFD	0.080964516502213	0.001285149770439627
PDGFRA	-0.5477286654104601	-0.05689257647618449
PDGFRB	-1.0223773137491583	-0.07605362599248613
PDGFRL	-0.5887218583302372	-0.016643166934995804
PDHA1	0.5366890759181189	0.013841211267928286
PDHA2	-1.1206637825499537	-0.017568646119035625
PDHB	-0.7363285581622502	-0.044528733226303914
PDHX	-0.4850149300884091	-0.019811404849321246
PDIA2	0.1419053731739168	0.003993926727979888
PDIA3	1.4720051915118917	0.141362546561653
PDIA4	-0.159810377171735	-0.00452167481169707
PDIA5	0.0759750757226934	0.0019980685164311136
PDIA6	-0.4247730093990229	-0.012497671482538051
PDIK1L	-0.0002115079852885	-5.17496587605373e-06
PDILT	-1.111676989034112	-0.0070469204334872365
PDK1	-1.0262211402719663	-0.03438764418937332
PDK2	-0.1908501804830595	-0.023836996692153646
PDK3	-0.6014329432590253	-0.13692583246000925
PDK4	1.139312543839592	0.04132058733997432
PDLIM1	0.159866102726359	0.004188971489738786
PDLIM2	-0.4721092349028563	-0.010200864238546017
PDLIM3	-0.9425717864181318	-0.022576479428287093
PDLIM4	-0.8999289805366314	-0.01945106498531875
PDLIM5	0.4037282994459268	0.012548279275078851
PDLIM7	-0.051380234705462	-0.003644194526719598
PDP1	-0.504503185550718	-0.014074125367308381
PDP2	-0.1306429275794365	-0.0039934930102482145
PDPK1	0.1306978192156116	0.004357334594829275
PDPN	-0.4428383868607845	-0.03698099084835726
PDPR	-1.291448546977238	-0.014678604184943288
PDRG1	-0.5168683563055247	-0.22695947959553744
PDS5A	-0.2337851465209004	-0.022458102530237254
PDS5B	-0.6239592362279435	-0.04740405505394555
PDSS1	0.0226697279522155	0.0003839798520546262
PDSS2	-0.2092954297855159	-0.002460058481698954
PDX1	-0.0733217816102657	-0.0008703295477138539
PDXDC1	-0.4219157194836159	-0.00226948465510237
PDXK	-0.3280413376674292	-0.0005058397426831758
PDXP	-0.1670099596017085	-0.0006281244580620257
PDYN	-0.1126344708981558	-0.0038419618023360943
PDZD11	-1.3912317362052866	-0.02485296373557124
PDZD2	0.4892530554227399	0.009550219641851883
PDZD4	-0.1010618896457082	-0.0010026350071750709
PDZD7	-0.432608422545971	-0.013655284857663576
PDZD8	-0.4528348917014049	-0.024068174493929673
PDZD9	-0.6365297052091228	-0.0035187362103960306
PDZK1	-0.5094209301998764	-0.011687644401575766
PDZK1IP1	-0.0076434743586561	-0.000343612389793385
PDZRN3	0.977914891135488	0.05038804268064716
PDZRN4	-0.7628423923013099	-0.04583919935338571
PEA15	-1.161904952717618	-0.02878387139367355
PEAK1	-0.4242011249499789	-0.0029312297734043545
PEAK3	-1.2169120429589833	-0.004160622274876764
PEAR1	-0.2888102832873198	-0.01597467438918823
PEBP1	1.356254452757945	0.11271830756871282
PEBP4	0.1659250874201889	0.0025355012608679066
PECAM1	-0.3170011885737571	-0.02735244755608663
PECR	0.0045517259276649	2.067849088938164e-05
PEDS1	-0.2660284270695005	-0.00020590600255179336
PEF1	-0.7174060804160415	-0.026280736943880847
PEG10	0.1943904963936419	0.0012505140633002983
PEG3	-0.0124332740371666	-3.446503563102582e-05
PELI1	-0.331145664607694	-0.006755371557996958
PELI2	-0.8143717198931122	-0.01490218810232406
PELI3	-1.0068166557928593	-0.01989167666849952
PELO	0.2928049584266212	0.0005861955267700956
PELP1	-0.3089964498456884	-0.022387410784219818
PEMT	-0.1108689095815958	-0.00486603644153624
PENK	-0.0499571728875641	-0.0018730942402463283
PEPD	-0.5358073025418738	-0.035192895245555356
PER1	0.801424970189955	0.02350339010076081
PER2	-1.0718575555274694	-0.0293860467423411
PER3	0.0652732703269534	0.002216092800870395
PERP	-0.660610301418237	-0.005644254415317416
PES1	-0.8662747239098301	-0.0008264260866099779
PEX1	0.2688193587581043	0.008993620466611138
PEX10	-0.3132249328263724	-0.026268295766550896
PEX11A	-0.1784340434673991	-0.004289019102825872
PEX11B	-0.7583926364902682	-0.013999169676973861
PEX11G	-0.2227632390497402	-0.00511932199660208
PEX12	-0.2694045464829608	-0.02178836210135594
PEX13	-0.7319032185966192	-0.08114610984580717
PEX14	-0.376202167974317	-0.007250168181201037
PEX16	-0.264487170626173	-0.00951783532215346
PEX19	-0.7762806306566365	-0.06072377605248474
PEX2	-0.1276534196897012	-0.00502814054815764
PEX26	-0.5635589494529306	-0.02030108403614292
PEX3	-0.4670460457783291	-0.025961221500634204
PEX39	-0.4041119647361784	-0.0004166394356429999
PEX5	-0.0614450201488189	-0.005806923074184279
PEX5L	0.8182658581830893	0.027988783679152567
PEX6	0.3848068073284273	0.011911694720851468
PEX7	-0.4500313492908832	-0.0013118413831829244
PF4	-0.2567989077324807	-0.008723202096764637
PF4V1	-1.463481478063604	-0.04820268944298093
PFAS	-0.9170865731652788	-0.008340902382938211
PFDN1	-0.3370134922040366	-0.024082984152900454
PFDN2	0.1455149361114546	0.14007194992620564
PFDN4	-0.2868950842239364	-0.049932941828839235
PFDN5	-0.213448145139092	-0.06406005731914428
PFDN6	-0.145038938248475	-0.05379015591139718
PFKFB1	-0.6781904712112409	-0.0032227611191958166
PFKFB2	-1.20052365333469	-0.006200704669473674
PFKFB3	-0.0653009975139976	-0.00031605682796774834
PFKFB4	0.1175556832699484	0.0005861326367839628
PFKL	-0.478288009985381	-0.0015993951053911142
PFKM	-0.3639607545822588	-0.0013623051044013945
PFKP	-1.2537523208960426	-0.0038991697179866923
PFN1	-0.3798221535005484	-0.03346157207909131
PFN2	-0.2383819720316239	-0.013277875842161451
PFN3	-0.2112438371163393	-0.006516661131201951
PFN4	0.3229219211550335	0.011062336253007983
PGA3	-0.4765502292140847	-0.004003975025856739
PGA4	-0.6638128014996036	-0.005584657099016166
PGA5	-0.7292980966144347	-0.0060444226247404345
PGAM1	-0.7519518388295234	-0.010561915528199486
PGAM2	-0.5582653918263409	-0.005090822108064403
PGAM4	-0.610075397075931	-0.007907187221501142
PGAM5	1.7196038365810695	0.07558518663692092
PGAP1	-0.6763628647541741	-0.004052089922742257
PGAP2	-0.2947884077267664	-0.002674320434897225
PGAP3	-0.8786028957955433	-0.004643416304279446
PGAP4	-0.8031550618400531	-0.003594922056796078
PGAP6	0.1350712980071211	0.0007597760512900561
PGBD1	-0.8364714752667721	-0.0008339620608409719
PGBD2	-0.7139731228506443	-0.0006325801868456708
PGBD3	0.1318875828772428	7.372515882837873e-05
PGBD4	-0.0239697809745541	-2.006270667570178e-05
PGBD5	0.2702612628850087	0.0004210670475748435
PGC	-0.7828713700019102	-0.01149959755395806
PGCKA1	-1.043222675653121	-0.0028292198963712645
PGD	-0.3230651189843208	-0.009751720616541722
PGF	0.0046604083830151	0.0002556653434838254
PGGHG	-0.0741123079252438	-0.00034966186879130027
PGGT1B	-0.1114981074885572	-0.00027305886523947654
PGK1	-1.0458815677083733	-0.010309254612901435
PGK2	0.4685456602043532	0.004331236082929041
PGLS	-0.1460357870749986	-0.015877740949729224
PGLYRP1	-0.6213962671726339	-0.014208847045169446
PGLYRP2	-0.3287426923310689	-0.0017814566497420625
PGLYRP3	-0.5485291093909463	-0.001480480066246164
PGLYRP4	0.232474209852026	0.0004781994496656174
PGM1	-0.1351294981527622	-0.0022312582734984095
PGM2	-0.5451099898100936	-0.0017111002580138838
PGM2L1	-0.1483941012057154	-0.0002403984439532589
PGM3	0.1193829949246742	0.0008521558177723245
PGM5	-0.1922906033085383	-0.000888382587285447
PGP	-1.047037566495011	-0.00480171427994612
PGPEP1	-0.4172283668219603	-0.004630400414990116
PGR	-0.9585656825275638	-0.02892280233890418
PGRMC1	-1.335116049316452	-0.16443556286591285
PGRMC2	-0.4233567734324067	-0.02693565135286344
PGS1	-0.387773012745151	-0.044688513080802184
PHACTR1	0.0665249975112717	0.00018281069316097463
PHACTR3	0.1827292419151965	0.0008639438557750491
PHACTR4	0.0235368165965628	9.454739226839276e-05
PHAF1	-0.1760387056861633	-0.012120088847786656
PHAX	0.5433817345296356	0.0002706041037957585
PHB1	-0.1751437896531706	-0.02478617396792705
PHB2	-0.649911945804664	-0.03767474558635057
PHC1	-0.2176748580843875	-0.0060287228695051955
PHC2	-0.6128459211355743	-0.017528006190398564
PHC3	-0.1823923694213757	-0.004915656748275496
PHETA1	-1.3008797423047826	-0.00449063687043611
PHETA2	-0.2257513975412881	-0.0011106968759031373
PHEX	-0.9545514350997548	-0.008340870439901657
PHF1	-1.4684340317401774	-0.10533664683284989
PHF10	0.2775333460730576	0.006359676625264115
PHF11	0.0909325026787298	0.0024238967914042217
PHF12	-0.4517727149962559	-0.010998858519298845
PHF13	-0.3216361025785235	-0.00977838079059227
PHF14	-0.4288415521580291	-0.01504590585746445
PHF19	-0.8801781867699449	-0.030705896223656298
PHF2	-1.2254818024486096	-0.037541409536210706
PHF20	0.0383055671997645	0.0003664310558329472
PHF20L1	-0.5566921942206443	-0.007377841650006199
PHF21A	-0.8826472104230234	-0.023817352326054864
PHF21B	-0.3794823328407821	-0.00935575743385664
PHF23	-0.6628303175692949	-0.0038265194233275397
PHF3	-0.1626560518730531	-0.004830722084577804
PHF5A	-0.5980681680702897	-0.0002481982897491702
PHF6	0.1244662511764226	0.0012793885958424479
PHF7	-0.2922827070598857	-0.0008455738715242493
PHF8	0.0405386238120829	0.0012013215780472646
PHGDH	-0.3588699789802719	-0.0010263681398835778
PHIP	-0.5874348773830419	-0.004187823240863706
PHKA1	-0.8638084185906872	-0.026591478357895715
PHKA2	-0.7410255121507892	-0.019769819638670905
PHKB	-0.6571961108678807	-0.03618850384493985
PHKG1	-1.3398150764470025	-0.07598091298530951
PHKG2	-0.6133468095970871	-0.05573421124127771
PHLDA1	-0.7054521796764888	-0.0005241509694996311
PHLDA2	-0.1743034197777421	-0.0010264728390711232
PHLDA3	-0.265391568514867	-0.0015517445011064273
PHLDB1	0.3256084373958189	0.01151318873787876
PHLDB2	0.5908142060436522	0.004450603414126832
PHLPP1	-0.5070969608995196	-0.005053221215363713
PHLPP2	-0.3761543419511913	-0.007446351353265783
PHOSPHO1	-0.8874143620408517	-0.001507717001107407
PHOSPHO2	-1.5984505622437195	-0.009178303128403438
PHOX2A	-0.037022555224394	-0.0003687076274797399
PHOX2B	0.7664163120287805	0.015228692120011867
PHPT1	-0.8978149688187249	-0.019642395887816064
PHRF1	-0.3952340313508788	-0.009074573359816178
PHTF1	-0.7316933604844704	-0.0051072196561816035
PHTF2	0.3506731594671139	0.00295862944642404
PHYH	-0.2709354371780313	-0.008669392118822646
PHYHD1	-0.8211887456802884	-0.020643863877656772
PHYHIP	-0.7146383351054499	-0.021304798046163673
PHYHIPL	-0.2571047037491881	-0.007094290090551346
PHYKPL	0.1659633495334632	0.0006763006493488625
PI16	-0.0083091260883694	-8.495250512748876e-05
PI3	0.0308610873541858	0.0013026773583075368
PI4K2A	-0.2453751885760581	-0.0012987708731330755
PI4K2B	-0.4331802587916946	-0.0025834870634336665
PI4KA	-0.4647125311749419	-0.012352988503692305
PI4KB	-0.8111561538370912	-0.02295653030974352
PIANP	-0.825410487307474	-0.006070068723659164
PIAS1	-0.2808904080113954	-0.00831772676203344
PIAS2	0.2722853540670797	0.009770143074634953
PIAS3	-0.5339783680290113	-0.014661444050972564
PIAS4	0.7879956750131749	0.025980217405184376
PIBF1	0.3758619067592056	0.04772844836791097
PICALM	-0.4889476120294148	-0.014962774823324152
PICK1	0.2162813787141162	0.023083927831536337
PID1	0.3213013717061179	0.00121002096584524
PIDD1	-0.9961683915198998	-0.028007274327581985
PIERCE1	1.3680553016304215	0.001710069127038027
PIEZO1	-0.4860031200607781	-0.010216757589917677
PIEZO2	-0.745279414868318	-0.018827993857818318
PIF1	-0.0555090347835263	-0.0021099539211566183
PIGA	-0.3899806752947725	-0.01780378776923225
PIGB	-1.1162874420693507	-0.01536792921496875
PIGC	-0.544913287882732	-0.003249862848932613
PIGF	0.4367595667310213	0.009042233310032333
PIGG	-0.8528646283372209	-0.005209297149883745
PIGH	-1.436074153762403	-0.05923805884269913
PIGK	-1.3897782793721856	-0.009729837733884672
PIGL	-0.8633316292587644	-0.0011629077046115557
PIGM	0.1378063984751943	0.0016343838859158044
PIGN	0.0329131677034535	0.00022058404994854531
PIGO	-0.504386466497058	-0.004395223669055363
PIGP	-0.2572475746719936	-0.002056951607077261
PIGQ	-0.0024255729444675	-7.125605638962174e-05
PIGR	-0.289023365296154	-0.02319788236876521
PIGS	-0.4132597310350901	-0.04068294096201841
PIGT	-0.1900480381284597	-0.005287516516810005
PIGU	-0.6108892440549978	-0.07287358881256474
PIGV	-0.7000710472597386	-0.004399946532027457
PIGW	0.1735069096574454	0.0011852256998700094
PIGX	0.127447285997445	0.016735230571610502
PIGY	-0.3617748729348593	-0.002239748238339714
PIGZ	0.0813997347034356	0.0010394746121628726
PIH1D1	-0.1025350160405456	-0.0067548017867190635
PIH1D2	-0.6816861923096392	-0.012351472118458353
PIK3AP1	-0.1749872274860466	-0.0034243250546744457
PIK3C2A	0.2104747578926253	0.0061902731043800025
PIK3C2B	0.268037517038277	0.004205508642330566
PIK3C2G	-0.7820633502394247	-0.03563549861700963
PIK3C3	0.4037956601010206	0.05303855995426905
PIK3CA	-1.2137096031091832	-0.045270154486369424
PIK3CB	-0.2552025708117554	-0.045833360907508024
PIK3CD	0.1276516367825044	0.0038932472702296016
PIK3CG	-0.9859175995569286	-0.03853261754348344
PIK3IP1	-0.4006791565514228	-0.004495620136506964
PIK3R1	-0.044883676620625	-0.005527828728919554
PIK3R2	-0.656016708676297	-0.017112851862529886
PIK3R3	0.0936086015314417	0.0036800349520055673
PIK3R4	-0.7439340543095907	-0.18114794222438532
PIK3R5	-0.2806292404346198	-0.009334570424576758
PIK3R6	-0.1670702499653124	-0.004514906435062602
PIKFYVE	-0.9910409331938408	-0.04758383936636907
PILRA	-0.1258824569743378	-0.00552133044535143
PILRB	-0.5928008192481687	-0.0313022544595803
PIM1	-0.4240690817366474	-0.0042372982647125804
PIM2	-1.077200849388377	-0.004115984445512988
PIM3	-0.739719806521453	-0.000841061420014892
PIMREG	-0.2821228609057755	-0.007860789273417622
PIN1	-0.4127650747462028	-0.03388017010024307
PIN4	-0.7901346806950417	-0.013780738966002223
PINK1	-0.2484049078709524	-0.015158412693009129
PINX1	-0.5453633323073024	-0.0003250365460551522
PIP	-0.9130538590007888	-0.0011495348084819932
PIP4K2A	-0.4055193285234447	-0.011659897253034606
PIP4K2B	-0.6014618637981133	-0.02288261660819922
PIP4K2C	0.2512269617269834	0.0099528585427379
PIP4P1	-0.2137864812825983	-0.0003882362500091985
PIP4P2	-0.4207906802513894	-0.02034943729695719
PIP5K1A	-0.3578506044222961	-0.04482830306658545
PIP5K1B	-0.6090777638921554	-0.052135229355876826
PIP5K1C	-0.2153687583807664	-0.02927744438303977
PIP5KL1	-0.2594112306559842	-0.008698836797587118
PIPOX	-0.3533282020785898	-0.000372054596788755
PIR	-0.2364197436708598	-0.00046929319118665664
PISD	-0.0139928678397399	-3.1917731542446715e-05
PITHD1	-0.874578992399768	-0.008901464984644837
PITPNA	1.028430654933425	0.011123505963759925
PITPNB	-1.40955223582562	-0.006966007149450215
PITPNC1	1.7779896770592076	0.05003796348147728
PITPNM1	-1.0135104784758346	-0.012136787979748119
PITPNM2	-1.725756121756036	-0.04180989356178348
PITPNM3	-0.6429848385307684	-0.0037215962454160874
PITRM1	0.1388513850445414	0.0007775677562494318
PITX1	-0.4187075618374972	-0.011757308336396922
PITX2	-0.4156582730677591	-0.014776235949285767
PITX3	-0.7574354715011379	-0.012564339601260873
PIWIL1	-0.2098688573090729	-0.023551063429509543
PIWIL2	0.388499346528466	0.012060573713629699
PIWIL3	-0.1654676692125144	-0.005266670443365122
PIWIL4	-0.8972759640256707	-0.03510143571268424
PJA1	-0.5704857644836561	-0.012757773151148
PJA2	0.3228067209721104	0.008597957013092159
PJVK	-0.8101383548004624	-0.001045888616047397
PKD1	-1.0489937846845665	-0.0182902556297601
PKD1L1	-0.1068481466751693	-0.0005621280996580657
PKD1L2	0.4536976989371878	0.004560569269716612
PKD1L3	-0.4822521852288515	-0.012250170009183286
PKD2	0.3363943998567067	0.007186729958538683
PKD2L1	-0.4128961241473531	-0.009297594923550097
PKD2L2	0.1466973971521141	0.0018092189990770234
PKDCC	-0.8712392913387046	-0.004208957016457282
PKDREJ	-0.599392107318849	-0.00534837577360609
PKHD1	0.5073582371701948	0.0064683101656828135
PKHD1L1	-1.09484746679387	-0.026674863680965846
PKIA	-0.8967247935039986	-0.021509737621780416
PKIB	-0.9230847597172428	-0.010004392625815478
PKIG	-0.1845268314701276	-0.005103643104800789
PKLR	-0.4320966889052167	-0.010326678768145773
PKM	-0.4745660816354997	-0.02484828003443476
PKMYT1	-0.4240920772862596	-0.01229061249183309
PKN1	-0.5433385899239813	-0.018193149345014592
PKN2	-0.3300887009582384	-0.01010929655554701
PKN3	-0.1354670048685886	-0.004169132541835683
PKNOX1	-0.7619305624026459	-0.023568036156238644
PKNOX2	-1.0481199302132422	-0.017878829769577487
PKP1	-0.2473454932472472	-0.008406778624487438
PKP2	0.28365946427523	0.00846865330593699
PKP3	-0.4746842930390861	-0.03124324548353961
PKP4	3.756778220040934	0.13096880230706703
PLA1A	0.0885496758431643	0.0014787795865808437
PLA2G10	-0.1766837019501465	-0.0009860717405837675
PLA2G12A	-0.0579121100656443	-0.0015305012448148475
PLA2G12B	0.0666916861299909	0.0011832438953182985
PLA2G15	-1.9419364098929832	-0.052915825233173897
PLA2G1B	-0.5154500890842268	-0.003614851474747683
PLA2G2A	-0.0061059769594357	-3.727698933735495e-05
PLA2G2D	-0.2528490706137402	-0.0013246762809453847
PLA2G2E	-1.2448025387530095	-0.005935218504774349
PLA2G2F	-0.3741715693446623	-0.002640154593295937
PLA2G3	-0.6777840555089166	-0.008430955866475414
PLA2G4A	-0.1767114885102317	-0.001724527416371351
PLA2G4B	-0.0516676770834306	-0.0003090243766359984
PLA2G4C	-0.8795387808613693	-0.0055683600216333284
PLA2G4D	0.2507463284629611	0.0017271407104528758
PLA2G4E	-0.5772943502300334	-0.0066181024310371026
PLA2G4F	-0.3915884262682602	-0.0033155792052133592
PLA2G5	0.0363245760821852	0.00019295614814856778
PLA2G6	-0.334146148208051	-0.008425160980917798
PLA2G7	-1.131781911437869	-0.029442174644144725
PLA2R1	-0.573358177691609	-0.018427158472830624
PLAA	-1.4270179181769715	-0.11323529882526087
PLAAT1	-0.1782039506379549	-0.00015111695014098577
PLAAT2	-0.0971175569013064	-0.00025299123572790317
PLAAT3	-0.629989437571919	-0.0015970232242448147
PLAAT4	-0.3617107970816386	-0.0051525703044279425
PLAAT5	-0.9594183537346036	-0.0013566175521807294
PLAC1	-0.584549429528611	-0.003579196157003685
PLAC8	-0.5972014332228781	-0.002233533360253564
PLAC8L1	-0.904695327943098	-0.0016311656762814056
PLAC9	-0.4923954788920101	-0.004629502292542679
PLAG1	0.1561483818293902	0.013434538327455245
PLAGL1	0.0447317468580026	0.0011090341998504585
PLAGL2	0.0772180122967611	0.000794805000570562
PLAT	-0.00130941579734	-3.376590516600658e-05
PLAU	-0.6584499267032298	-0.015282622798781963
PLAUR	-0.4645620339629298	-0.012185926712881611
PLB1	0.2403586952715555	0.0020658829858590196
PLBD1	-0.7444131264057365	-0.0014947815578227187
PLBD2	-0.4591149950882911	-0.0005748119738505405
PLCB1	-0.9185936242522976	-0.028251346913879413
PLCB2	-0.9727546744396796	-0.09128621691344284
PLCB3	-0.9842218181757494	-0.028989269432548523
PLCB4	-0.1478616957823369	-0.004417072438105751
PLCD1	-0.6668509278323358	-0.014613371232517805
PLCD3	-0.615325552829782	-0.016100608415344074
PLCD4	-0.055552802137778	-0.001693860489982989
PLCE1	0.2167449426301072	0.002116297619840367
PLCG1	-0.4712986980179838	-0.030653267319089666
PLCG2	-0.9630975453020582	-0.028377669172325145
PLCH1	-0.4027996836826001	-0.030452461685771936
PLCH2	0.0591656805156898	0.0014710363146615956
PLCL1	0.5082050427553556	0.07398906396970946
PLCL2	-2.049947738694893	-0.07102453930256196
PLCXD1	-0.5214802081596416	-0.0010121930840378643
PLCXD2	-0.155564076316245	-0.0004251566205722976
PLCXD3	-0.1334778881911734	-0.00013868352583062916
PLCZ1	-0.1101021154373501	-0.023232977684781556
PLD1	0.1239478517003174	0.00404181549609565
PLD2	0.3075545211408741	0.00897567114497527
PLD3	-0.4496082222807857	-0.0006114671823018686
PLD4	-0.2689530960463779	-0.0006659278658108316
PLD5	-0.3577216681594777	-0.0007941421033140406
PLD6	-0.5002617364660367	-0.0017894362313390132
PLEC	0.3322126904518528	0.02247252744561558
PLEK	-0.6980555198835595	-0.0004565283100038479
PLEK2	-0.7114240062431332	-0.0010756730974396174
PLEKHA1	-0.6775546631367548	-0.017608290585597985
PLEKHA3	0.0608631148746066	0.0002584247857575796
PLEKHA4	-0.0158775504522921	-5.201485528170892e-05
PLEKHA5	-0.277497315730787	-0.006855016190497631
PLEKHA6	-0.0529938198636556	-0.0008244248556188902
PLEKHA7	-0.1664172073428476	-0.0044370155821750025
PLEKHA8	-0.1589807533357661	-0.0029711912990921328
PLEKHB1	-0.0483183548738908	-0.004936058178852063
PLEKHB2	-0.0769338358359453	-0.004164197732292212
PLEKHF1	-0.7455094328357168	-0.003041678485969725
PLEKHF2	0.8435141849470125	0.010646836042401192
PLEKHG1	-0.2504251783638705	-0.001785030671377669
PLEKHG2	0.1303994206328554	0.003148754810021559
PLEKHG3	-0.1543038134922659	-0.0030393222143571615
PLEKHG4	-0.0999058094340094	-0.0020254903804651065
PLEKHG4B	-0.4416570313185379	-0.003710360720107037
PLEKHG5	-0.4181867825322302	-0.006985392015418373
PLEKHG6	0.2343733634962545	0.00478824781622848
PLEKHG7	-0.4926367205358741	-0.00227105528167038
PLEKHH1	-0.5065572481738553	-0.006911467094084081
PLEKHH2	-0.7688886243398982	-0.004414189592335356
PLEKHH3	-0.5638805933070092	-0.006596839061098701
PLEKHJ1	0.6990000950818842	0.00042918605838027687
PLEKHM1	0.585767335282371	0.003364647573861939
PLEKHM3	-0.4234345210858739	-0.0024474515318763513
PLEKHN1	0.214074898264066	0.0006719811056509032
PLEKHO1	0.4367888672283022	0.0026967344662675377
PLEKHO2	-0.4493497218808135	-0.010319765712714764
PLEKHS1	-0.1966063548230475	-0.0008756847043818535
PLG	1.649899039753886	0.04080860284927262
PLGLB1	-0.2895813192375297	-0.003282404253557399
PLGLB2	-0.2094810763249226	-0.002374468000142998
PLGRKT	-0.5418714137575076	-0.017521412163849007
PLIN1	-0.1821657294455312	-0.005160937280921344
PLIN2	1.166062496224924	0.016892747382810474
PLIN3	-0.1257316176194111	-0.024585057582829167
PLIN4	-0.5234151091908898	-0.01443421846615717
PLIN5	0.1526355025507192	0.004175496807777474
PLK1	-0.4145445633976952	-0.030303622128934917
PLK2	-0.056383780733707	-0.0017558473158283696
PLK3	-0.8634643831965099	-0.018706955861952385
PLK4	-0.47564555359449	-0.013161588113513133
PLLP	-0.0304546283128387	-0.0004194515957527274
PLN	-0.3403616879095043	-0.0010578441260227394
PLOD1	-1.4934614510879731	-0.04483669968456313
PLOD2	-0.7263764609234701	-0.011568271516667184
PLOD3	-0.265008793980556	-0.007112041004056181
PLP1	-0.3798170527998239	-0.002974347340475421
PLP2	-1.3429137297602447	-0.03536966181442532
PLPBP	-0.5327558492823747	-0.01455542255824376
PLPP1	-0.1310737151599819	-0.0030186276601343828
PLPP2	-1.0777750099671817	-0.005029975971516837
PLPP3	-0.2089844858845979	-0.0011026021475271386
PLPP4	-0.1433193858797683	-0.000794849314089195
PLPP5	0.6720955207466754	0.0039404960381377585
PLPP6	-0.3894607752048236	-0.00047319484187386063
PLPP7	-0.6778137722580518	-0.0007916864859974045
PLPPR1	-0.8167334127674399	-0.004665997987140385
PLPPR2	-1.0441638432935865	-0.006153257528529105
PLPPR3	-1.372114702966633	-0.010100136328537386
PLPPR4	-0.7781823892520698	-0.004547697882789096
PLRG1	-0.2970588567866241	-0.00032201180075670045
PLS1	-1.0507705973129284	-0.03213992026001054
PLS3	-1.0485339898925687	-0.13255252140024887
PLSCR1	-0.0658279943954921	-0.0013615204080819631
PLSCR2	-0.4254482945927205	-0.002948356681527553
PLSCR3	-0.1184607993353922	-0.0005459858241368227
PLSCR4	0.4847727717293736	0.003958654453942064
PLSCR5	-0.5417949634511698	-0.001601004116998207
PLTP	-0.1879296619683457	-0.0014526962870153122
PLVAP	-0.6444881278221937	-0.01754232235119229
PLXDC1	2.1139864443983893	0.0623435742317529
PLXDC2	-0.5596296511562888	-0.020154502256742583
PLXNA1	-0.916187831026166	-0.04577732497722239
PLXNA2	-0.6691395606545035	-0.01796305150577015
PLXNA3	-0.2067186327868885	-0.00921282930741326
PLXNA4	0.1221951260227316	0.0030554891261984035
PLXNB1	-0.3165393099157867	-0.008110370198662287
PLXNB3	-0.2927190820104496	-0.014366652545072866
PLXNC1	-1.356730296387131	-0.10255795656449603
PLXND1	-0.6663680322383433	-0.03316913517269578
PM20D1	-0.7747481237643801	-0.00392332449874282
PM20D2	-0.4471983943426438	-0.0004802910755239995
PMAIP1	-0.220264725976915	-0.006676003579634316
PMCH	0.0472930407500006	0.0014661788493315184
PMEL	-0.0873687755642199	-0.0011218150782445835
PMEPA1	-0.4480092983866632	-0.0019000074344578386
PMF1	-0.1637409909606869	-0.01695308724010568
PMFBP1	-0.521004812919879	-0.0020418178618330056
PML	-1.1757101041382854	-0.02934807561949988
PMM1	-0.5370719475489584	-0.03117326705158419
PMM2	-0.6095344476648707	-0.08149902239392687
PMP2	-0.5605831644925781	-0.0012629938696017782
PMP22	-0.8236679952082238	-0.005183342693845352
PMPCA	-0.6122878580891341	-0.005347109864692408
PMPCB	0.0859055979215338	0.0006212692841685324
PMS1	-1.0288343120130372	-0.01021632471828946
PMS2	-0.0098234371108273	-0.0023831265493382595
PMVK	-0.4554818161156928	-0.0013372946121156738
PNCK	-0.6921957494757013	-0.024919046981125244
PNISR	-0.3323874264769162	-0.002213700260336262
PNKD	0.0075113675428018	0.0006695107231925528
PNKP	-1.0381078192927733	-0.030352196420482105
PNLDC1	-0.5386539424451839	-0.015089312889716938
PNLIP	-0.1804492820593977	-0.0016583289021258648
PNLIPRP1	-1.0588692386906624	-0.006434748363523156
PNLIPRP2	-0.4147300991293025	-0.0028865214899399454
PNLIPRP3	0.9071144161709774	0.005579660773867683
PNMA1	-0.3231481285303007	-0.001318444364403627
PNMA2	-0.5555077430331317	-0.0052445486019757955
PNMA3	-0.5032124794198225	-0.0011246798915033032
PNMA5	-0.6935677434946385	-0.012810889790089468
PNMA6A	-0.260488263911946	-0.0003644230812128125
PNMA8A	-0.4309377263174841	-0.001777618121059622
PNMA8B	-0.6388238424585548	-0.00537059204354907
PNMT	-0.7160010430291939	-0.0005620608187779172
PNN	-0.2184852318235403	-0.005688481495757695
PNO1	-0.5921658360115734	-0.0003422718532146894
PNOC	0.1552223249417702	0.004806459291821915
PNP	-0.6983227872544701	-0.021293956751750553
PNPLA1	-1.1014698513101373	-0.006231014948861446
PNPLA2	-0.1808172031418603	-0.0009131268758663945
PNPLA3	-0.2762496110552059	-0.0017016976041000682
PNPLA4	-0.7592003114119881	-0.0029016635902166183
PNPLA5	-0.4803335830365843	-0.0021057824280323856
PNPLA6	-0.6423501559859036	-0.027901121375403713
PNPLA7	0.3531102728336819	0.010710893905864072
PNPLA8	0.5991620787890859	0.003493114919340371
PNPO	0.128065661374693	0.0003560225386216465
PNPT1	-0.3513732436506623	-0.00026352993273799673
PNRC1	-0.5973090702138238	-0.016980899557108797
PNRC2	-0.5766228208551185	-0.017448606559075885
POC1A	0.1595427706428324	0.0026109174415699524
POC1B	0.0221526494433734	0.0006818142445681465
POC5	0.5878036774592017	0.009984433265322001
PODN	-0.6555690700044156	-0.016730778235582687
PODNL1	-1.141573474932131	-0.013964868318844758
PODXL	-0.3290455134615998	-0.010780189112028934
PODXL2	-0.1740841096361516	-0.0047871389308845325
POF1B	0.3457761212449477	0.0015158825155378508
POFUT1	0.5061465698506182	0.0015412163051951326
POFUT2	-0.3179496654235135	-0.004679901125368695
POFUT3	-1.0166245136478895	-0.004563627441765376
POFUT4	0.9717476519584431	0.001758863250044782
POGK	-0.8435708620676332	-0.0017681245268937593
POGLUT1	0.0482266155534582	0.00012394240197238757
POGLUT2	0.6232606200495081	0.000502971320379953
POGLUT3	-0.4678870732238774	-0.001136965587934022
POGZ	0.2620689188211681	0.005513143845240914
POLA1	-0.7597934992434685	-0.0013357169716700177
POLA2	-0.1790373421296807	-0.15512994872307803
POLB	0.3918102930369423	0.014101252446399554
POLD1	0.0132862710718746	0.00027398948204419805
POLD2	-0.5632271025276625	-0.46213515957628
POLD3	0.0606325321234184	0.006025903572553814
POLD4	-0.2733958110112295	-0.0159638548007567
POLDIP2	0.7014196238255099	0.0006060265549852406
POLDIP3	0.5774571120684304	0.11136375897662094
POLE	-1.6389323608549875	-0.0018569103648487008
POLE2	-0.7517844287985423	-0.2152351301805939
POLE3	-0.6018096236489686	-0.005821304489556473
POLE4	-1.112260174244705	-0.010828965056446448
POLG	-0.834678130233159	-0.0316159382169716
POLG2	-0.2669242752481482	-0.0005143630784031816
POLH	-0.1617784442191026	-0.08890663824816158
POLI	0.1438791261776292	0.00350417611805616
POLK	-1.2398423571897497	-0.2228021512717124
POLL	-0.7868992811602383	-0.06744356358968172
POLM	0.516720448977839	0.0003234670010601272
POLN	-0.2709419324077289	-0.006982986423944397
POLQ	-0.605243336555325	-0.055455420711881656
POLR1A	-0.5429973671807083	-0.0004881546330954568
POLR1B	-0.7327122502213593	-0.0009459315150357749
POLR1C	0.5518519707537792	0.028196876445664352
POLR1D	-0.1262357520303014	-0.010973547688242071
POLR1E	0.4630848283852415	0.0670065223280309
POLR1F	-0.0497639086472247	-0.006346540561506508
POLR1G	-0.688664000784929	-0.009163363194444265
POLR1H	-0.0603405733196579	-5.786660981355193e-05
POLR2A	-0.2517715849223516	-0.004856925644737084
POLR2B	2.301861624783444	0.0018783190858232901
POLR2C	-0.2250268389533928	-0.00025383027433942707
POLR2D	2.790962905744653	0.0012084869381874348
POLR2E	0.7754104341796348	0.0012383304633848769
POLR2F	0.0640445176933573	0.006253306707579407
POLR2G	-0.8692125954339547	-0.07952165271846622
POLR2H	1.6128155765571068	0.041770310617252504
POLR2I	-0.3266608210043991	-0.025684033712291884
POLR2J	-0.5449698476539462	-0.010766969280099015
POLR2J3	1.1402726099026264	0.07944849409496549
POLR2K	-0.4668520825148889	-0.09901325762433524
POLR2L	-0.3423109881342218	-0.0001773170918535269
POLR3A	-0.2016048786032407	-0.00017398501023459673
POLR3B	-0.3779160932900521	-0.000333699910375116
POLR3C	-0.4499394896050142	-0.004632576984973226
POLR3D	0.038457645614057	8.456836270531134e-05
POLR3E	-0.5453523918175932	-0.04460437212676095
POLR3F	-1.7353153799350525	-0.004060637989048023
POLR3G	0.905792378552865	0.0004012660236989192
POLR3GL	0.133309360864772	5.798957197617582e-05
POLR3H	-0.2431958453404468	-0.00016707554574888695
POLR3K	-1.1839392807583224	-0.0007364102326316766
POLRMT	0.1146560145371089	0.0038939475657092924
POM121L12	-0.3293315779903635	-0.00041364046195589655
POM121L2	-0.7274743636444556	-0.01777001628074312
POMC	-0.1353272274412062	-0.005035120151404959
POMGNT1	-0.1173492483393604	-0.0027954937939402434
POMGNT2	-1.4025981294055636	-0.005651067863375016
POMK	-0.3429634131737382	-0.012812084225931338
POMP	0.0839859048290778	0.001050327725792447
POMT1	-0.5359696218120853	-0.006015723035218845
POMT2	-0.6635282544882486	-0.016766695462663555
PON1	-1.4029532782551617	-0.03415489755912191
PON2	-0.8916191550105836	-0.006703192807369568
PON3	-0.1114805915318744	-0.0007728949410904852
POP1	-0.2833707372642757	-0.00016945570088403687
POP4	0.0773607632837472	0.021935721789869803
POP5	-0.3766012318235957	-0.00020072845656197652
POP7	-0.5580067855848574	-0.001166234181872352
POPDC1	-0.6201455887002812	-0.0187463810008208
POPDC2	-0.9142690533932334	-0.006113717160040552
POPDC3	-0.2100602852932745	-0.0003039572328193682
POR	-0.0732661341641788	-0.007764451834183013
PORCN	-0.6941355718061263	-0.017615772541295874
POSTN	-1.1958408444196291	-0.013752169710825735
POT1	-0.3821873497494882	-0.21820642765332254
POTEA	0.277050473218397	0.0014459264197268138
POTEB3	-0.6539406346840406	-0.0005761216991566398
POTED	0.390014832405526	0.0003194221477401258
POTEE	-0.1655083820583988	-0.0011439939367876525
POU1F1	-0.2062687977712809	-0.002291233805643388
POU2AF1	-0.229859817121568	-0.0048845211138333205
POU2AF2	0.0197814324448711	1.2185362386040598e-05
POU2F1	0.6719614854067775	0.011741183034512622
POU2F2	-0.4943070003670704	-0.015146555105247771
POU2F3	-0.6878469216485733	-0.017996826858013272
POU3F1	-1.426715550110114	-0.026588270991852087
POU3F2	-0.0453819011069944	-0.0007581954217945555
POU3F3	-1.1814749439267171	-0.022844999515767003
POU3F4	-1.083333239700559	-0.017044081860208896
POU4F1	-1.5143001294983756	-0.023620053419915663
POU4F2	-0.1819220154416133	-0.00393661049214107
POU4F3	-0.6786946536951333	-0.011443470555953643
POU5F1	0.6009855136950932	0.03779297402871593
POU5F2	-0.3492246957038376	-0.0006684160675771451
POU6F1	-0.9903310259783568	-0.028695831808748865
POU6F2	0.1733462352981885	0.0036056016942023206
PP2D1	-0.3674068240105791	-0.0006095279210335508
PPA1	-0.5778273555616438	-0.002224635318912329
PPA2	-0.1239235716585619	-0.002646759643483565
PPAN	-0.795018311981064	-0.007445346491702664
PPAN-P2RY11	-0.5462182476553119	-0.00024361333845426911
PPARA	-1.7600698413039306	-0.04327307711829844
PPARD	-0.2489292701624158	-0.006016371530555427
PPARG	0.2133540097482805	0.006337894213582421
PPARGC1A	-0.0025924969000362	-0.00014005705252755567
PPARGC1B	-0.9275465524748604	-0.025372108396397332
PPAT	-0.0174259892736786	-0.0001481209088262681
PPBP	-0.6848369917689223	-0.020147904297841697
PPCDC	-0.6975030807244649	-0.11134590429144994
PPCS	-0.273927881526224	-0.001479758416004662
PPDPF	-0.5982816643116702	-0.00030811505712051017
PPDPFL	0.0918616391104075	0.00014771351568953526
PPEF1	0.0152791407660119	8.203370677271788e-05
PPEF2	-0.6745660595133267	-0.0026395769908756474
PPFIA1	0.2512910015537791	0.0070813804237854945
PPFIA2	-0.4925505592475944	-0.0328018970436528
PPFIA3	-0.9508736870342276	-0.01916390828848782
PPFIA4	-0.6715834534222211	-0.017132765480254282
PPFIBP1	-0.3141887099364457	-0.009850444433927446
PPFIBP2	-0.5770689217739531	-0.022476834503095473
PPHLN1	-0.5946880509350354	-0.012719188033398538
PPIA	-0.1105852657656406	-0.018649873315577988
PPIAL4A	-0.0646256427662389	-9.51935717946699e-05
PPIB	0.2481992249319118	0.0074655844867269755
PPIC	-0.9093890657606288	-0.00859099850424066
PPID	-0.9930954437680288	-0.27909358494390424
PPIE	-0.2081173813647476	-0.009619601601441364
PPIF	-0.0019831825332688	-0.00022137076709359655
PPIG	-0.0330099875667659	-1.5745764069347335e-05
PPIH	-1.7668258810535655	-0.03881893143262789
PPIL1	-0.4233163427858701	-0.00021758460019193724
PPIL2	0.5076385089215563	0.0009584215048438982
PPIL3	-0.2831781368152491	-0.00410381755872659
PPIL4	0.1410853486974078	8.338144108016802e-05
PPIL6	-0.8608660032087537	-0.0006508146984258178
PPIP5K1	-0.1563847957838651	-0.002421774947508935
PPIP5K2	-0.2471835270648894	-0.0058743165206970975
PPL	-0.1023409300754618	-0.0025203500849683975
PPM1A	-0.7289758868606475	-0.021916660038465367
PPM1B	-0.30107243003819	-0.011980274136079657
PPM1D	-0.5282081016281238	-0.010702552555189045
PPM1E	0.2312852589103405	0.0005798321440882236
PPM1F	-0.0955938999747858	-0.0004571300296794257
PPM1G	-0.7517554476815123	-0.01495767814251905
PPM1H	-0.7482037843364879	-0.0014118605410429527
PPM1J	-0.3944366687963052	-0.0011422885928341
PPM1K	-0.6735804021122447	-0.009616033820554405
PPM1L	-0.3951507321780158	-0.004060964074593468
PPM1M	0.0666926915252864	7.396219490154261e-05
PPM1N	-0.4436146921013552	-0.0015504333488942364
PPME1	-0.0032814637282444	-0.00013252847559260659
PPOX	-0.5194566817684754	-0.0033962077854022923
PPP1CA	-0.9904034130204438	-0.14628852652359767
PPP1CB	-0.4814101628749895	-0.13400725857853357
PPP1CC	-1.205594651289242	-0.35018666717068353
PPP1R10	-0.71642619505496	-0.05487896296740499
PPP1R11	-0.8681695748551672	-0.022698293534588347
PPP1R12A	-1.5269692941878477	-0.04497993449889143
PPP1R12B	-1.2322677551276937	-0.05062895298717642
PPP1R12C	0.030021552559503	0.000716224179412063
PPP1R13B	-0.5679338385920095	-0.014380652726988272
PPP1R13L	-1.2721815647239103	-0.03212894541710235
PPP1R14A	-0.0582018165268312	-0.00012402807101867728
PPP1R14B	-0.4346417375753907	-0.0005411289632813615
PPP1R14C	0.1248111753805827	0.0012447418520705512
PPP1R14D	-0.0045897116670985	-7.701536177391284e-06
PPP1R15A	-0.5727228274795958	-0.022884286017602208
PPP1R15B	-0.6171324264698242	-0.017748111452845675
PPP1R16A	-0.277434220687816	-0.0018565898048428645
PPP1R16B	-0.165887469328276	-0.001405896302557139
PPP1R17	-0.8442529989001639	-0.004753144383807923
PPP1R18	-0.4254009963570481	-0.05564372652649096
PPP1R1A	-0.3137390626786475	-0.0017111328478493432
PPP1R1B	0.085269790616905	0.001834494275332094
PPP1R1C	-0.3599608060388808	-0.0018915940357343186
PPP1R2	-0.3285686018086562	-0.010065041979204567
PPP1R21	-0.0915845795380091	-0.0010811559614461973
PPP1R26	0.0218110611275595	0.00016820690341573887
PPP1R27	-1.3054836002185906	-0.0202454396721899
PPP1R35	-1.18244259639626	-0.003112188913714956
PPP1R36	-0.1388938770218972	-0.0006862746463651941
PPP1R3A	-0.2007148043357392	-0.005883352344689188
PPP1R3B	-1.645872643283253	-0.14308722998911616
PPP1R3C	-0.6632373562234856	-0.030390198899516333
PPP1R3D	-1.2652154225912324	-0.057235815287182176
PPP1R3F	-1.37337480367664	-0.07328327952418551
PPP1R42	-0.047875025805486	-0.00012433144201684713
PPP1R7	-0.4858985888784988	-0.09724774357814275
PPP1R8	0.40816487149782	0.012153925378590587
PPP1R9A	0.019974805223509	0.0007269031368887161
PPP1R9B	0.6036030904965141	0.02421534878453915
PPP2CA	-0.6421895594034517	-0.08400353188644671
PPP2CB	0.2215022393495454	0.037603549165414925
PPP2R1A	-0.4992921138119196	-0.12053610636379077
PPP2R1B	-0.9039155042609692	-0.20886233207655658
PPP2R2A	-0.4737220353317858	-0.06557213040859046
PPP2R2B	-0.6628235678552109	-0.07367615368494597
PPP2R2C	-0.3110664774833107	-0.031117535075042984
PPP2R2D	-0.514705805224562	-0.07756873837636762
PPP2R3A	-1.01564478196472	-0.01983960517089884
PPP2R3B	0.0224733134379025	0.0022778950500657977
PPP2R3C	-0.0951740689039817	-0.002770421971726003
PPP2R5A	0.1411381604538176	0.009829143770324766
PPP2R5B	-0.702335239539852	-0.15818907300727947
PPP2R5C	-0.3808228550106969	-0.040242693557545374
PPP2R5D	-0.4384953002911598	-0.09198140516087543
PPP2R5E	-0.5693133368443772	-0.09176135431923987
PPP3CA	-0.90340663869322	-0.04315573513037512
PPP3CB	-0.1735690197694378	-0.008304062612829212
PPP3CC	-0.4379279222070169	-0.018163060573536022
PPP3R1	-1.0064172668864175	-0.10933213978820597
PPP3R2	-1.178181872559134	-0.012314356931988069
PPP4C	-0.5353817564168833	-0.09276880922489189
PPP4R1	-0.7661483013669548	-0.10545801523825722
PPP4R2	0.01404092087343	0.0016631189956160366
PPP4R3A	-0.4850201028427996	-0.03529394284366484
PPP4R3B	-0.4019286962280355	-0.018533736040467173
PPP4R4	-0.0840611729404733	-0.035511558447530005
PPP5C	-0.3434119841143151	-0.013557905132833161
PPP6C	-0.0832052967467726	-0.0308068443257893
PPP6R1	-0.8669364254262342	-0.04089252425093004
PPP6R2	1.5003857878951656	0.016379711646451522
PPP6R3	-0.5172676574335612	-0.03703481246927068
PPRC1	-1.1110698737616016	-0.029196694142707365
PPT1	-1.4362926347292793	-0.0363841650229621
PPT2	0.0212312786691463	0.0001512728605176674
PPTC7	-0.2285355602431879	-0.0008261560502791244
PPWD1	-0.7764723822217156	-0.000608754347661825
PPY	-0.6484948563341696	-0.023358136230300457
PQBP1	-0.130638903623104	-0.00011483159628470843
PRADC1	-0.21508333228288	-0.00014173991597441792
PRAF2	0.0029283248040151	0.000143505485345564
PRAG1	-0.8089504206962863	-0.009712258750879613
PRAM1	-1.117726271339548	-0.0401554340241446
PRAME	-0.7486996048637695	-0.1640318477299984
PRAMEF1	-0.9164112577675064	-0.0011601766523336632
PRAMEF10	0.1914967053519587	0.00014113307184439357
PRAMEF12	-0.6304993389729222	-0.0030194613343413244
PRAMEF2	-0.3084470197847353	-0.0004802520098048329
PRAMEF4	-0.2063373442458378	-0.0005983782983129296
PRAMEF6	-0.1354294510037494	-0.0004255193350537806
PRAMEF7	-0.2507138826487547	-0.0003414723081676039
PRAMEF8	-0.2145460442358223	-0.0002615316279234674
PRAMEF9	-0.5819407778734489	-0.001092884780846337
PRAP1	0.0832230878544245	0.0007993577588417475
PRB1	0.8888438880145573	0.007817381995088031
PRB2	-0.6419409490573311	-0.005554715032193086
PRB3	0.372874019177864	0.00077334071577489
PRB4	-0.7149708762596252	-0.005544599145393393
PRC1	0.1738215404651465	0.006739930231536055
PRCC	-0.0385382542774843	-0.003414412252476554
PRCD	-0.9489694140994648	-0.003039549033360586
PRCP	-0.7618861292608896	-0.004310751719358114
PRDM1	0.2625400048124691	0.005538018861514223
PRDM10	-0.902501919516462	-0.023924423384461893
PRDM11	-0.5485346726148376	-0.015194410431431
PRDM12	0.0132543585509374	0.00011916993773147819
PRDM13	0.0811899567976688	0.0014977111330465964
PRDM14	0.5676649023234559	0.014466940035713274
PRDM15	-0.5567561371584442	-0.015630371794586165
PRDM16	0.2835364389854095	0.0079733282007087
PRDM2	-0.6703895668288231	-0.012448463866444416
PRDM4	0.0152630206829156	0.0003495994887421818
PRDM5	-0.0935711669257805	-0.0013003585067675716
PRDM6	-0.4522984795575183	-0.00033967615814769624
PRDM7	-0.6734743185112408	-0.0026164477274161707
PRDM8	-1.1643416086376317	-0.004150877834793157
PRDM9	-0.8897782773813503	-0.009637188522317406
PRDX1	-0.2412241765904158	-0.012413396127342798
PRDX3	-1.33017313281157	-0.11882436595405756
PRDX4	-0.5186007168776292	-0.026754092383000014
PRDX5	-0.2954172145166692	-0.0023163663790252034
PRDX6	0.512727511889933	0.04184164133528988
PREB	0.1560150847307165	0.008608132300017285
PRELID1	0.2349152013730237	0.009283848758261897
PRELID2	-0.6126256203399986	-0.01219002459352529
PRELID3A	-0.9282003679593837	-0.00228894210738784
PRELID3B	0.435795909306706	0.06157360402594449
PRELP	-0.3393083241590684	-0.003001521435511119
PREP	-0.546728349654243	-0.0017834278765721408
PREPL	-1.2497722009450682	-0.00777483286207927
PREX1	-0.2788735068957103	-0.0060264564840163
PREX2	0.0453342919357707	0.0009919596418465988
PRF1	-0.7653546937764543	-0.018576689127342096
PRG2	-0.7960399864577561	-0.007724772028586065
PRG3	-0.1610553571930834	-0.0016601586219463036
PRG4	0.038362871153717	0.0012329826788804643
PRH1	-0.0623069927057811	-0.0005912933607778627
PRH2	0.9699989325157248	0.008689250437475864
PRICKLE1	0.0684143516436811	0.001039008758412585
PRICKLE2	-1.2728677940871675	-0.031099978812931764
PRICKLE3	0.1279770575371567	0.0027573936816955784
PRICKLE4	0.0590526585618538	0.00018613397978696318
PRIM1	-0.7636005837588787	-0.4116578383049953
PRIM2	-0.1999657109029871	-0.04450856789849777
PRIMA1	-0.114393804488404	-0.0006212727521765221
PRIMPOL	-1.576595044662495	-0.06552801984130728
PRKAA1	-0.5318968155379112	-0.06668603135125009
PRKAA2	-1.0549302252882848	-0.03623263351775143
PRKAB1	-0.2447158886475617	-0.011982758203516507
PRKAB2	0.0335931433980155	0.0003540717314150834
PRKACA	-0.0563206327021517	-0.005299884178537879
PRKACB	-0.1268203337899301	-0.012109820032932846
PRKACG	-0.1469603535859588	-0.01831948983661128
PRKAG1	-1.317526870853997	-0.1476104405029984
PRKAG2	-0.1330949409283401	-0.013890054225163428
PRKAG3	-1.1855909976462389	-0.029534257342365457
PRKAR1A	-1.455621297776597	-0.04459878094257715
PRKAR1B	-0.5632867567548939	-0.022490913623709405
PRKAR2A	0.4447560569322208	0.043861842334655614
PRKAR2B	-1.211538791238814	-0.08343019578107844
PRKCA	-0.2935815793736912	-0.04163662033151501
PRKCB	0.1494530460655594	0.004240580729064182
PRKCD	-0.7759782392949434	-0.04778861986697909
PRKCE	-0.9183707233652134	-0.04547220799670518
PRKCG	-0.2301681770505303	-0.016569346729513573
PRKCH	-0.3197136365086915	-0.015074817675021312
PRKCI	-0.7038561758346208	-0.049915368421663796
PRKCQ	-0.7217995125947302	-0.07091896751097002
PRKCSH	-0.5791801815338746	-0.015347116450284611
PRKCZ	-1.050741329950555	-0.08637408954592547
PRKD1	0.1043786319298335	0.002598610420525135
PRKD2	-0.1300833082197389	-0.0029272646848687842
PRKD3	-0.1410461146040093	-0.003831235610988704
PRKDC	-0.882000953769238	-0.41701093294304953
PRKG1	0.3170648602853476	0.018789580685369983
PRKG2	-0.686876819113331	-0.04921060282855549
PRKN	0.1631902861799354	0.0048491993538367795
PRKRA	0.8443213245759292	0.35138627157671193
PRKRIP1	-1.2720300822427837	-0.0019309416648445458
PRKX	-0.0161705520526606	-0.0004144350785576385
PRL	-0.487291104573175	-0.0186778680382898
PRLH	0.6873827788516833	0.021141144746362372
PRLHR	-0.962629389757886	-0.033193386617631424
PRLR	0.3378872883490606	0.03691519991399992
PRM1	-0.1343603694458245	-5.858112107837949e-05
PRM2	0.271689968858162	0.0012139107808582677
PRMT1	-0.4471749601130285	-0.03280296637405132
PRMT2	-0.3632801052234895	-0.026721431419818992
PRMT3	-0.2476958286293631	-0.010828766236018496
PRMT5	-1.5459257901029884	-0.09474360797225174
PRMT6	-0.9967522777259776	-0.029866685249781196
PRMT7	-0.237471830538444	-0.006604091607274128
PRMT8	-0.1623353368262056	-0.004178836240580185
PRMT9	-0.0911273644866371	-0.0032843213434628872
PRND	-1.0418931642975444	-0.008891516264115244
PRNP	-1.2760436714196304	-0.06252231176854763
PROC	0.3238184652653259	0.01946213739937662
PROCA1	-0.7072440995849604	-0.0007136092964812249
PROCR	-0.7969281101700416	-0.034475110045956
PRODH	-0.757902782303995	-0.0029406627953395006
PRODH2	-0.3884291055981795	-0.0018726167180888233
PROK1	-0.4158868138654082	-0.0043605732433788045
PROK2	-0.3409895463106424	-0.003729061678453185
PROKR1	-0.3788714046518643	-0.016216074990504443
PROKR2	-0.692064728093309	-0.028805118112699705
PROM1	-1.2615590712408855	-0.009645880658707811
PROM2	-0.359926370127016	-0.0029884686511646137
PROP1	-1.2568584445976252	-0.0033897472250797953
PRORP	-0.9948761520559858	-0.19178526046028854
PROS1	0.0371153030364124	0.0008063299584660595
PROSER1	0.2351912443177866	0.004268956275612145
PROSER2	-0.4902647820826131	-0.0020605828790932227
PROSER3	0.374241938739088	0.0014995874485275258
PROX1	0.0761428029351891	0.002373980309913326
PROX2	-0.1955919712679551	-0.003299049779376599
PROZ	-0.3066816608886329	-0.002843859041420293
PRP4K	-0.939830690506632	-0.0006372052081634965
PRPF18	0.0348548520806228	1.9762701129713127e-05
PRPF19	-0.5237589051431318	-0.03292191350058184
PRPF3	-0.0050037409574616	-5.829358215442764e-06
PRPF31	-0.4583805103745577	-0.0004262938746483387
PRPF38A	2.4715990755248884	0.0012704019248197928
PRPF38B	-0.5919765435542582	-0.00029539629523357485
PRPF39	0.1514289203240831	0.00012856315335514656
PRPF4	0.6130603221193587	0.0005437845057198711
PRPF40B	-0.1969159572071785	-0.0019642366731416052
PRPF6	-0.2989335169657966	-0.0002540934894209271
PRPF8	-1.734616239731661	-0.14625937210169418
PRPH	-0.5397771803470207	-0.01619493474195166
PRPH2	-0.1165452101019959	-0.000710809236412073
PRPS1	-0.5875302027603598	-0.08423890541137488
PRPS1L1	-0.5342956282346069	-0.020557558591954735
PRPS2	-1.227596426476404	-0.01720353632064033
PRPSAP1	-0.2999927748408645	-0.02689975213443064
PRPSAP2	-1.3432154608585032	-0.1422680087522892
PRR11	0.1295100726685841	0.0001932290284215275
PRR13	0.1200698001483893	0.0013814030507072188
PRR14	-0.3788341467840159	-0.001292203274680278
PRR14L	-0.9509969732807896	-0.01208241654553243
PRR15	-0.5039280214197063	-0.0010773981097953321
PRR15L	-1.176715535280234	-0.004367968066960229
PRR16	-0.7105051363767271	-0.0029741745008729794
PRR18	0.0867136048223725	0.00015521735263204677
PRR19	-0.5752972507428717	-0.011416198643741547
PRR20A	-0.8354206539535332	-0.0004628230422902574
PRR22	-0.6842204820863367	-0.012289284078752695
PRR23B	-0.3781592779155001	-0.0008996409221609747
PRR23E	-1.1695671904181628	-0.0005707487889240635
PRR27	-0.7963722230139773	-0.004090964109622801
PRR3	-1.4481269474858145	-0.0013062105066322046
PRR30	0.7325412351956614	0.0004571057307620927
PRR32	-0.9332077559887532	-0.0005851212630049482
PRR35	-0.2015287307264802	-0.002554981248150316
PRR36	-0.1537234126165164	-0.00019922554275100525
PRR4	-0.0200522262090492	-0.0005747168553775591
PRR5	-0.8460470979290365	-0.021948153814475065
PRR5-ARHGAP8	0.4274370674758697	0.005457516477531904
PRR7	-0.0049634561181983	-3.738971493838779e-05
PRRC1	-0.4351985214086613	-0.01433935608189398
PRRC2A	0.0567549026578615	0.001678810020619543
PRRC2C	-0.108816379006159	-0.012726619606665325
PRRG1	-0.6521659587742901	-0.0005249935968133035
PRRG2	-0.6639580586510432	-0.016985375056410987
PRRG3	-0.2566603133171166	-0.0013697960921734511
PRRG4	0.6347424833376445	0.01089471998400733
PRRT1	0.0423840879253889	0.00021014030793407816
PRRT2	-0.0251893232207887	-0.000976690818562861
PRRT3	0.1244207288918518	0.003170862275808843
PRRX1	-0.6223740516687702	-0.010161501141596013
PRRX2	-1.6046446504645735	-0.013921896987430639
PRSS1	-0.442592026674693	-0.01204514200595177
PRSS12	-0.4289370200574634	-0.00488859521759491
PRSS16	-0.3186207449250355	-0.001838441698217455
PRSS2	-0.3951802957850784	-0.011621462138447586
PRSS21	0.2142415080393754	0.0023386603017578216
PRSS22	-0.8228479593922792	-0.0042788093888398515
PRSS23	-0.3988546985641171	-0.0022323897478633637
PRSS27	-0.3317877443904328	-0.0016615930239072874
PRSS3	-1.153485898841342	-0.03610295514783516
PRSS33	-1.5592443175748478	-0.01440585825007402
PRSS35	-0.2780586891984714	-0.0025525787668419673
PRSS36	-0.7044011463105594	-0.025043573954779318
PRSS37	-0.079946046719506	-0.0002633422778940528
PRSS38	-0.112019185527659	-0.0007506405622208429
PRSS48	-0.6776285362541666	-0.006625851827493242
PRSS50	0.4914425264004727	0.012450696406355976
PRSS53	-1.3233693009919267	-0.026103459462065753
PRSS54	-1.2507094177715696	-0.020924368559318358
PRSS55	-0.2197739119817329	-0.0013463349848000959
PRSS57	-1.23120891271981	-0.011317272325720494
PRSS58	-0.8092882455032706	-0.002158371750757223
PRSS8	-1.0807002841653064	-0.07370592078064223
PRTFDC1	-1.3140283610393055	-0.011685654214722544
PRTG	0.6753206238677147	0.017648829184158856
PRTN3	-0.2276964997734809	-0.004747699716776851
PRUNE1	-0.5587548177510064	-0.017495730853419513
PRUNE2	-0.8326520353815247	-0.05506327909978022
PRX	0.2332430310524725	0.00761002037414902
PRXL2A	-0.0011472960034306	-1.774866917307138e-06
PRXL2B	0.2043980143976892	0.0010385463111546587
PRXL2C	-0.595244583176743	-0.001987521663227145
PSAP	0.0689510618625417	0.001330410738637742
PSAPL1	0.3954450753443777	0.0016403061725284785
PSAT1	-0.8888876291058987	-0.003123551128678128
PSCA	-0.3779230395665051	-0.00237789176495245
PSD	0.0842771532020991	0.00037604465758776616
PSD2	0.1053768984162339	0.00035501477076429203
PSD3	-0.119413320164449	-0.0005507342325984388
PSD4	-0.4660522582297299	-0.00207020413105646
PSEN1	-0.341073559019071	-0.010458338540201773
PSEN2	-0.8627556145150008	-0.04242341907693162
PSENEN	-0.6475014243199033	-0.00803419767296136
PSG1	-0.0262159958292362	-0.0002182219492825621
PSG11	-0.7111910956206978	-0.005812564824507963
PSG3	-0.902560511157294	-0.008059865364634636
PSG4	-0.8241148442111959	-0.00760822824175776
PSG5	-0.1854135674875669	-0.0015830610392088462
PSG6	-1.1280806758188344	-0.008907325016265517
PSG7	0.2202867179510273	0.0023196191400243174
PSG8	-0.4750504153487884	-0.0048326878753432246
PSG9	-1.2332688044995497	-0.01216126368117006
PSIP1	-0.5615826312234269	-0.011833669205140052
PSKH1	-0.4823481439399407	-0.002082296937388724
PSKH2	-0.3891310808903223	-0.0002883461309397288
PSMA1	-1.7550660401781677	-0.22764961607151013
PSMA2	-1.5607947192138432	-0.9297248335729869
PSMA3	-1.8329033512491155	-0.23931669186254326
PSMA4	-1.3647876452880725	-0.15738185210403938
PSMA5	0.0448639325664196	0.007445079881532201
PSMA6	-1.7390515257768595	-0.24138382988087967
PSMA7	-0.7458192219490144	-0.0947869107367222
PSMA8	-0.8636745848097077	-0.09866877559241544
PSMB1	-1.6499601227366576	-1.6164675822052263
PSMB10	-0.4337854128673134	-0.3805512670002367
PSMB2	-0.1701412275285189	-0.14867978322929906
PSMB3	-1.3938562268336716	-1.3656180935342481
PSMB4	-1.5488610292856029	-1.5195565786115193
PSMB5	-0.5526459387784249	-0.2527586992056392
PSMB6	-1.758235697923356	-1.7179615510267237
PSMB7	-1.4096922631036195	-1.380735774327208
PSMB8	-0.0288958037651207	-0.023093179619439283
PSMB9	-0.8717589955651188	-0.8558049341872815
PSMC1	-0.7789273274664992	-0.1868241616381849
PSMC2	-0.6801773741472209	-0.41170184208807475
PSMC3	0.1730072286722106	0.02660211050232512
PSMC3IP	-0.6255341339053575	-0.12187406637704862
PSMC4	-0.8723694631994645	-0.12735721793248983
PSMC5	-2.0006232330404288	-0.32014173037436244
PSMC6	-1.706895966507083	-0.12992892097051914
PSMD1	-1.4074989113373566	-0.5995114937939451
PSMD10	0.0065792966343454	0.006093494529458605
PSMD11	-1.8119629090157807	-0.379714947213347
PSMD12	-1.252675863634749	-1.219593946752019
PSMD13	-1.5136449824922762	-1.4775823907843977
PSMD14	-1.6621210719038184	-1.6280725217458687
PSMD2	-1.852281998367573	-0.001678167490521021
PSMD3	-1.4280219391649371	-1.4005953498013355
PSMD4	-1.5808040602959288	-1.5520049719254576
PSMD5	-0.4174748348748196	-0.2727321348753709
PSMD6	-1.9545165170424423	-0.9338679918428789
PSMD7	-1.6306087288617934	-0.60888886666174
PSMD8	-1.343847047512456	-0.15429648645423766
PSMD9	0.0244641648696502	0.015887199915504926
PSME1	-0.680911711340485	-0.4150429245304792
PSME2	-0.679234295661854	-0.06795807051526416
PSME3	-1.5755999132771257	-0.18569863017892876
PSME4	-0.4961695059298198	-0.003805123940975788
PSMF1	-0.0953862966351812	-0.011195680408664487
PSMG1	0.0860620621797629	0.008378486001448636
PSMG2	-0.9103701398738674	-0.19503769876657737
PSMG3	-0.0702817982177091	-0.00017802379488545715
PSORS1C1	-0.5966577872710425	-0.0003556080412135413
PSORS1C2	-0.6294818907263797	-0.004031202028211736
PSPC1	-0.0757002892820561	-0.0006043911096279359
PSPH	-0.0459203230359855	-0.0010224619127192532
PSRC1	-0.8151219252619422	-0.01587449949447632
PSTK	0.2629391482630319	0.001023885043336246
PSTPIP1	-1.1680667064303505	-0.033390354870018
PSTPIP2	-0.5116508679988634	-0.028220615275345307
PTAFR	-0.6138218752926676	-0.018786632315207386
PTBP1	-0.3921392413894704	-0.00033684760835355507
PTBP2	-0.7170692686116813	-0.0005492750597565478
PTBP3	0.0775319518132975	6.047492241437205e-05
PTCD1	-0.5107465363513662	-0.009310909357685406
PTCD2	-0.6772824414284584	-0.0012489088219940772
PTCD3	-0.2121388177211133	-0.0012755907109570541
PTCH1	0.1765360186891044	0.002802332760670843
PTCH2	-0.3840656944370182	-0.006208037884879963
PTCHD1	-0.1396313372473488	-0.0022786437925394853
PTCHD3	-0.840931040694603	-0.01850132382632196
PTCHD4	-0.0759694695146583	-0.0008495665775824238
PTCRA	-0.6150709353573044	-0.051141918133089145
PTDSS1	-0.197327061937676	-0.0026998288614312827
PTDSS2	-0.8114689341014876	-0.012651612151576293
PTEN	0.1428125470079488	0.012293732484085256
PTER	0.5882984750262618	0.0030220892662099065
PTF1A	-0.2755992453640524	-0.0077346928211421305
PTGDR	-0.7829713875394575	-0.014858448021336285
PTGDR2	-1.1006006307473817	-0.038377943994161196
PTGDS	-0.1107152611843839	-0.0017491904114520815
PTGER1	-1.179693874460323	-0.03673212816907108
PTGER2	0.2671464549962851	0.006036174150641061
PTGER3	-0.3881617749475349	-0.012601283861896772
PTGER4	-0.3108928955560598	-0.004944129718028019
PTGES	0.13663776294242	0.00026070485169413737
PTGES2	-0.0218744497577795	-0.00010974411443477974
PTGES3	-0.1637268516379145	-0.09016617819236752
PTGFR	0.4162682127771265	0.010562389631006808
PTGFRN	-0.3304274155989738	-0.015214860778670347
PTGIR	0.053913799389061	0.0012429287311154123
PTGIS	-0.6262103353894443	-0.00039012903894762374
PTGR1	-0.8026885088423044	-0.00309677226711361
PTGR2	-0.0511745977502895	-9.262602192802399e-05
PTGR3	-0.6694033508213408	-0.0048893220743990735
PTGS1	0.5513480895468424	0.0067396790466206025
PTGS2	-1.0289094829874483	-0.011784100308655246
PTH	-0.2114868103495341	-0.006221096013241895
PTH1R	0.4582344017370918	0.014216722313893274
PTH2R	-0.7343115624284469	-0.019003983235648204
PTHLH	-0.30127928012958	-0.008839232799721748
PTK2	-0.0412020819305249	-0.0036397507156606394
PTK2B	0.3152852165206203	0.011025839306942613
PTK6	-0.1755931868847723	-0.008071843207906099
PTK7	-0.5867378574416608	-0.02852778136667099
PTMA	-0.4739366287552499	-0.047970917689348885
PTMS	-0.091461665512681	-0.002219225851999692
PTN	-0.1821213127435003	-0.00314468870714202
PTOV1	-0.1031287097148887	-0.003301459384102732
PTP4A1	-0.6934588092959929	-0.006938055387006409
PTP4A2	-0.6653996834515783	-0.009910462885327806
PTP4A3	-0.6734370513801569	-0.004010991078020215
PTPA	-0.6320410265417302	-0.05374624073300257
PTPDC1	-0.0901942294943695	-0.0018559266603056415
PTPMT1	-1.3278434734218856	-0.005110869529200837
PTPN1	-0.5074305558616585	-0.015812550981761004
PTPN11	-0.3751236909747714	-0.02253780647745524
PTPN12	-1.4500299197620188	-0.03627974859244571
PTPN13	-0.7232745193808126	-0.015582949520059607
PTPN14	0.0410880780159406	0.0023355696186601114
PTPN18	-0.4674930002719006	-0.008429833780902911
PTPN2	-0.1655172195211001	-0.005398509631900201
PTPN20	-0.9992833303547471	-0.02951683101201852
PTPN21	-0.4773895420318564	-0.02426809736918942
PTPN22	-1.2944894299334724	-0.03160625392125566
PTPN23	-0.7796344112850635	-0.024707394128034944
PTPN3	-0.5299439913723594	-0.021057324497180698
PTPN4	-0.4621342550862904	-0.039104876396891725
PTPN5	-0.2750742618361498	-0.0033523300289971577
PTPN6	-0.9654261851620008	-0.09735840364266198
PTPN7	-0.3481103995353678	-0.018998473165042235
PTPN9	-1.0101172277364303	-0.0519776021876335
PTPRA	-0.4130032438083728	-0.05152298067158212
PTPRB	0.2924829684139224	0.006065804281936337
PTPRC	-1.058390821129938	-0.07651001406866209
PTPRD	-0.2740115205554675	-0.01195923281464338
PTPRE	-0.3763104040759755	-0.022663294085475624
PTPRF	-0.9126300679333608	-0.031278570318280075
PTPRG	-0.8799910750021154	-0.047662076604264574
PTPRH	-0.4654529246090908	-0.02753759137864764
PTPRJ	-1.0007898250008949	-0.027192460335099315
PTPRK	-0.7759789456311388	-0.038026848230653956
PTPRM	-0.4910361054232214	-0.021224053584707896
PTPRN	-0.7813042524192568	-0.03603453342582855
PTPRN2	-0.392079513616275	-0.010334823899411394
PTPRO	-0.6983785627858645	-0.04474022586775084
PTPRR	-0.6988957827796887	-0.01740390278277981
PTPRS	-0.9652972343339556	-0.03783579039695373
PTPRT	-0.4126894012097837	-0.011292007395902103
PTPRU	-0.6536065436655161	-0.020373569572597804
PTPRZ1	-0.5175274116048574	-0.013131740542061652
PTRH1	-0.2497767337571378	-0.002698837608245874
PTRH2	-0.5663569967811282	-0.0026443208179710875
PTS	0.7230225141878839	0.10619393177134545
PTTG1	-0.6459987077678262	-0.017888350216798875
PTTG1IP	-0.1417251168497166	-0.0012386775212665229
PTTG2	-0.818609721767791	-0.024159628718532816
PTX3	-0.1597188604513686	-0.004469412872010648
PTX4	-0.5139375409225618	-0.00477242400500691
PUDP	-0.2030084134324603	-0.000585273255925783
PUF60	-0.5270672117412458	-0.001299220676942171
PUM1	0.2539267628515409	0.007348894443686446
PUM2	-0.3421554227187047	-0.010603738705475377
PUM3	-0.958908644089403	-0.0004084950823820857
PURA	-0.3118704884653441	-0.00030750430162682926
PURB	-0.1377024030209373	-0.0001480300832475076
PURG	-0.1460906350455991	-0.00019064827873450682
PUS1	-0.6179922352347005	-0.00032753588467439125
PUS10	-0.5254412745472802	-0.00021543092256438487
PUS3	-1.3615552973421148	-0.0008087638466212162
PUS7	0.0553616731184088	2.8621985002217346e-05
PUS7L	-0.2314354573050879	-0.0031836261506887893
PUSL1	-0.5008427725914497	-0.0002208716627128293
PVALB	0.0578295107559903	0.0016785015496926182
PVR	-1.9627839995686167	-0.12314310534893545
PVRIG	-0.5490953246834485	-0.033205441569582175
PWP1	0.2253903773192818	0.0005303435578322701
PWP2	-0.0076780856565533	-0.00010672539062609086
PWWP2B	0.282147003171056	0.0003289834056974513
PWWP3A	-0.6818486699512355	-0.002166233224435075
PWWP3B	-0.9318150451948638	-0.0014424496899616492
PXDC1	0.3385567763656649	0.0024233894052254294
PXDN	-1.4628627844038262	-0.03624681407195801
PXDNL	-0.1963591169216409	-0.0023669127953734595
PXK	-0.5224607194412152	-0.008351012139548385
PXMP2	0.2534975280155995	0.0011987898099857699
PXMP4	-0.0620063795278515	-0.0007209481747703294
PXN	-0.3067320496106498	-0.009989956123769255
PXT1	-0.5446937939393894	-0.0006318448009696917
PXYLP1	-0.7511582810464039	-0.003594292374807043
PYCARD	-0.2948385718214013	-0.00915916023363183
PYCR1	0.3133874185251257	0.0011526389253354123
PYCR2	-0.905140687564744	-0.004240584121240825
PYCR3	-0.7448358230752327	-0.022622153618440968
PYDC1	-0.1353949946138642	-0.002439547012952605
PYDC2	-0.2638986927427758	-0.0006156756501688959
PYGB	-0.2352556868821774	-0.0031340762606443676
PYGL	-1.0800027869513706	-0.02128361492245066
PYGM	0.8481259146284101	0.015146680709348777
PYGO1	0.0081227998841453	0.00024815153646063894
PYGO2	-0.332274822293475	-0.007501768662919785
PYHIN1	-0.6325716338695804	-0.0006471207814485807
PYM1	-0.5350751166324338	-0.5009223420880188
PYROXD1	0.4813001210222917	0.011304295942450566
PYROXD2	0.0297415425947598	0.0002691014773973867
PYY	-0.5108698104172831	-0.017587204093425388
PZP	-0.1433045443474345	-0.0019968055209371523
QARS1	-0.7615402185781888	-0.07466673381093566
QDPR	-0.4537480372740816	-0.0006388772364819068
QKI	-0.2372801588190888	-0.004334396661148295
QNG1	0.3277725655095296	0.00035432214331580146
QPCT	-0.5698576392519877	-0.0005379456114538764
QPCTL	-0.3986730663734739	-0.0008886422649464733
QPRT	-0.4882594563340052	-0.0006279016608455307
QRFP	-0.3793487679329431	-0.01106560356060395
QRFPR	-0.0319902532785199	-0.0010164263174184127
QRICH1	-0.5231815902226787	-0.007137766435408007
QRICH2	-1.342045290611218	-0.005790925428987405
QRSL1	-0.6046619382015388	-0.03569017090234583
QSER1	0.2377921225252441	0.007586282084922863
QSOX1	-0.431103382167955	-0.0035104748409936575
QSOX2	-0.5759400292558632	-0.005359121972225807
QTGAL	1.0378076344155085	0.02488455145801506
QTMAN	-0.2064324574236171	-0.00013191034029369134
QTRT1	1.2245893233221428	0.02102987244941116
QTRT2	-0.1846343624050172	-0.0006608063830475567
R3HCC1L	-0.6398230508273199	-0.007732901392298989
R3HDM1	0.3658918442348626	0.00914912556509274
R3HDM2	-0.5042380887466092	-0.013016402022904971
R3HDM4	-0.591883842121047	-0.012676376246706464
R3HDML	-0.9713733135934794	-0.005525171407719711
RAB10	-1.6845880177027688	-0.16706396289161898
RAB11A	-0.3553769644249231	-0.02139369325838037
RAB11B	-1.3031115349416615	-0.07728493891432006
RAB11FIP1	-1.1800141783001818	-0.04027506391956351
RAB11FIP2	-0.4551747134439314	-0.020865208864269815
RAB11FIP3	-0.1167117293497937	-0.011694982127766727
RAB11FIP4	-0.0922795224195872	-0.007679409576235628
RAB11FIP5	-1.0219443168818103	-0.08480298330348639
RAB12	0.1429682401211759	0.00731797233884251
RAB13	-0.6452851955192761	-0.011142784756226858
RAB14	-0.5627979537623937	-0.021763959669945526
RAB15	-0.6461322663451483	-0.028564215230586314
RAB17	-1.3511643621244178	-0.03942967841551476
RAB18	-0.9763904531630616	-0.0300806370810476
RAB19	-1.049491575294957	-0.018742870043192635
RAB1A	-0.0159044522815329	-0.0018472385146909203
RAB1B	-1.2059316327327976	-0.040661602792484465
RAB20	-1.1656510921711511	-0.06842138780826224
RAB21	-0.3935646181313036	-0.012067871885760162
RAB22A	0.0690976052211085	0.0045625148727497945
RAB23	0.0260879742066771	0.0006466165286866985
RAB24	-0.2952217141409879	-0.007187763074190633
RAB25	-0.6091638124544942	-0.011812904651117551
RAB26	0.3092464347361114	0.005250076722514963
RAB27A	-1.1184321401159625	-0.020100462422164077
RAB27B	-0.2440912468478075	-0.002871977610411303
RAB28	-0.363801621275363	-0.033945237876340295
RAB29	-1.062908535067299	-0.020454611848835104
RAB2A	-0.6104891122291352	-0.021433662241252708
RAB2B	0.3376619234157346	0.007909392894090168
RAB30	0.116177567702718	0.0013053711507077395
RAB31	-0.0233062075525698	-0.0019441572216202679
RAB32	-0.8961357989111901	-0.017602795498012507
RAB33A	-0.2019439539753819	-0.009633534380441618
RAB33B	-0.2405416554210713	-0.006970897174102647
RAB34	-0.0591811607248604	-0.0007047292619116376
RAB35	0.2072780519234087	0.004259356688974126
RAB36	-0.4931198228523953	-0.012559268768227655
RAB37	0.091408213119324	0.0013667356025601324
RAB38	-0.3930813193344635	-0.007830572962461847
RAB39A	0.5032736603901347	0.013916523257108003
RAB39B	-0.1320681231234528	-0.0016009297885024951
RAB3A	0.1044138406991554	0.005335025190523345
RAB3B	-0.7799500476249186	-0.008931207995352942
RAB3C	0.8878588162425394	0.013165170527244374
RAB3D	-0.757888105316584	-0.024911782021756118
RAB3GAP1	-0.4464759602711857	-0.025409393374993452
RAB3GAP2	-0.3154766417392783	-0.009767787781531536
RAB3IL1	0.4109115173397841	0.012515132083617805
RAB3IP	0.0375822592593693	0.005343821444089721
RAB40A	-0.1575552205762329	-0.005869404632126404
RAB40AL	0.3683259980360203	0.013470418400173333
RAB40B	-0.684135302275906	-0.04183418959886938
RAB40C	1.1801268135396366	0.06917549342925287
RAB41	0.5363447275316857	0.020103273077342644
RAB42	-0.7093835719798485	-0.020669309136776844
RAB43	-0.2455844347854938	-0.006442416477727858
RAB44	-0.1730167566351519	-0.0010327370203552218
RAB4A	-0.8729488298382155	-0.016656736622142992
RAB4B	-0.6846546844930665	-0.016392002456133
RAB5A	-0.2552466615771124	-0.01899060686799874
RAB5B	-0.9023143987194708	-0.07385804279278356
RAB5C	-1.2630089632849253	-0.07222516756544846
RAB5IF	0.0756921212998693	0.0018476446809298096
RAB6A	-0.703936017210117	-0.08041413092599772
RAB6B	-0.1915651449641104	-0.023100457700932144
RAB6C	-1.057016810867664	-0.11493155187926285
RAB6D	-0.3778987775404517	-0.04078510346483079
RAB7A	-0.6383393563500521	-0.057330534272510884
RAB7B	-0.844860238735563	-0.1358408534850975
RAB8A	-0.225538849652973	-0.008063690491642744
RAB8B	0.6497496452907137	0.013145734823521719
RAB9A	-0.9062264339112114	-0.07426706871189159
RAB9B	-0.4572285405881503	-0.02532268826339353
RABAC1	-1.0940717182516542	-0.11186992726294988
RABEP1	0.1730454092484903	0.013784797300734735
RABEP2	-0.5000818290505842	-0.043525122073246644
RABEPK	-0.191163869528049	-0.010068983335781396
RABGAP1	-0.1642130886113303	-0.01201957702090632
RABGAP1L	-0.7953051782771683	-0.038814073920638924
RABGEF1	-0.4817396698428743	-0.04408736936501033
RABGGTA	-1.3034762042724035	-0.14906162829197925
RABGGTB	0.3562584401641675	0.02576674794331358
RABIF	-0.7466498316841671	-0.022901990287248458
RABL2A	-0.6439548995949744	-0.010803631350504887
RABL2B	-1.139877276808172	-0.020693332083175555
RABL3	-1.0494145871534817	-0.05976311132380363
RABL6	-0.3663543193607265	-0.00921234571464483
RAC1	-1.799242796878358	-0.12577966620137537
RAC2	-0.2987854472925361	-0.008616673514469448
RAC3	-1.3425317459107644	-0.040422288337627205
RACGAP1	0.3240822238657938	0.017763918936755753
RACK1	-0.3614583000980084	-0.05028716308453522
RAD1	0.0520487819423203	0.04495359608550708
RAD17	-0.4594066824248722	-0.27555120930507354
RAD18	-0.4744155154774801	-0.03124832675795518
RAD21	0.0475119785601468	0.0048398552080079135
RAD23A	-0.5211094136052054	-0.5098935756961805
RAD23B	-0.4620336708004825	-0.06679297355193016
RAD50	0.2486683733154471	0.010843433086793386
RAD51	0.0857308173457822	0.00018715037426584254
RAD51AP1	-0.5543618463178672	-0.025782260748551368
RAD51B	-1.1690433894462493	-0.026918393085389337
RAD51C	-0.3697343876334382	-0.04359168430198236
RAD51D	0.0697484819172513	0.0004266514638878262
RAD52	-1.035168513919966	-0.09802838793119295
RAD54B	0.5438411950098346	0.008369172150006345
RAD54L	-0.3087753140692311	-0.0011887849591665398
RAD54L2	-0.6528437927343973	-0.008548989465856933
RAD9A	-0.1095108397309782	-0.1049943936787932
RAD9B	0.0703474761882659	0.06879188244731477
RADIL	-0.9425548708666288	-0.021821087815433324
RADX	-0.1750247911137934	-0.012319820021708804
RAE1	-1.8090804303240888	-0.09857860172878992
RAET1E	-0.1320140176316463	-0.005248481298981362
RAET1G	-0.4112669068376463	-0.006652653485005766
RAF1	0.1248405633158153	0.013931832344355041
RAG1	-0.1715635144596648	-0.00708402907555402
RAG2	-0.7068756634900955	-0.003095408530423128
RAI1	-0.3151649589344355	-0.00884636523233067
RAI14	0.1170246845328862	0.002772314776584074
RAI2	0.2597283079777163	0.0002662215156771592
RALA	0.6313486718956561	0.05798874416494412
RALB	0.1416605019400447	0.007444542697953229
RALBP1	0.161259704442581	0.005260936597734763
RALGAPA1	-1.2805015318253696	-0.033563225650674766
RALGAPA2	0.1019114941935138	0.001598685609413651
RALGAPB	-0.8013073015987555	-0.038726380578966255
RALGDS	0.1645805974417897	0.0011063107760037104
RALGPS1	-0.0684226330982556	-0.00024912680711074864
RALGPS2	-1.6894420444210647	-0.006561792900531415
RALY	-0.6103735131465018	-0.0007867714584458408
RALYL	1.1685135162938172	0.1123759448619764
RAMAC	-0.5510884941909744	-0.006768468885653547
RAMP1	-0.4572080461821681	-0.014276321242038198
RAMP2	-0.5812195706366381	-0.017805661546453407
RAMP3	0.3049423019515143	0.009294031478878252
RAN	-1.2595807202524243	-0.21723358891833436
RANBP1	-1.069140482165112	-0.07926393706675706
RANBP10	-0.9395066742037051	-0.03321437945312359
RANBP17	-0.5381748980490964	-0.04090882670030401
RANBP2	-0.9538898233729198	-0.03400140275412773
RANBP3	-0.1560262139072108	-0.007080937665750948
RANBP3L	-0.9533443571216036	-0.02964233609598202
RANBP6	-0.3961074254506604	-0.009504597673688596
RANBP9	-0.4861800542090727	-0.015632633463038524
RANGAP1	-1.3707334377678646	-0.11182580458654016
RANGRF	-0.7116768867245924	-0.0503361945211437
RAP1A	-0.6751246577771739	-0.041262943958683095
RAP1B	-1.033610581206572	-0.03826323010568609
RAP1GAP	-0.1305126197882012	-0.0016370197900034077
RAP1GAP2	-0.0383213168822521	-0.000941094899994347
RAP1GDS1	-0.171150375488686	-0.007317876604769748
RAP2A	0.0855351599319483	0.010206311888559867
RAP2B	-0.1326631765099777	-0.010028274838742234
RAP2C	-0.4471593543389678	-0.020856406605078138
RAPGEF1	2.0951676380675908	0.053573436505388296
RAPGEF3	-0.4278758441973054	-0.0016387644832756797
RAPGEF4	-0.1610035073549883	-0.004310063891893037
RAPGEF6	-0.0125908224264263	-0.00029692936528241144
RAPGEFL1	0.3917761415140792	0.004233532985201139
RAPH1	-0.1069303029610445	-0.0028479816890644594
RAPSN	-0.7056021145834781	-0.06701879444525333
RARA	-0.1595253207090646	-0.007079574207747579
RARB	-0.9213056910959924	-0.027325926797907133
RARG	-0.8011534516579024	-0.022185541383310636
RARRES1	-0.399488990733072	-0.0028503539488804685
RARRES2	-1.2735331273794048	-0.006315450778674468
RARS1	0.36296432051103	0.03469938904085447
RARS2	-0.1826069539033483	-0.02587175322902639
RASA1	0.106793483057941	0.009024690079294361
RASA2	-0.873789910419825	-0.020700956767756074
RASA3	-1.0903698939622355	-0.11792023292233388
RASA4	0.7363492120164031	0.014303583443418632
RASAL1	-0.2334874310278788	-0.004834357259432231
RASAL2	-0.6802798086744202	-0.013101508835260657
RASAL3	0.2866166579733424	0.004806847970870926
RASD1	-0.1920363408987456	-0.007975845346547602
RASD2	-0.520832144636436	-0.01900620662207282
RASEF	-0.9039452812695056	-0.0210049765008595
RASGEF1A	-0.6494255247706756	-0.0024950928661689356
RASGEF1B	0.2057442218094304	0.001815075524802795
RASGEF1C	-0.3048646040495053	-0.0010670261141732685
RASGRF1	-0.821458098894138	-0.0040235017683834876
RASGRF2	-0.0816907381728446	-0.00031540794008535296
RASGRP1	-0.3465389969471739	-0.009204075758916939
RASGRP2	-0.6764537987544114	-0.010522238839624868
RASGRP3	-0.1774123060222181	-0.0028990944927090663
RASGRP4	-0.8243302403915846	-0.004213976188881781
RASIP1	-0.0447218101216863	-0.0011425975267989631
RASL10A	-0.3903250533602421	-0.002868498817144419
RASL10B	0.2177280857359344	0.0014748900527752197
RASL11B	0.852634815401653	0.00313087504215487
RASL12	-0.8038819725536092	-0.0046448300374147536
RASSF1	-0.5706915987598592	-0.01475351921113988
RASSF10	-0.3359509622895839	-0.0019129047792768906
RASSF2	-0.1975313369681063	-0.005054431850339903
RASSF3	-0.1113232337894772	-0.0004251434298420134
RASSF4	0.3860052048852976	0.009587983284145908
RASSF5	-0.3999994465156355	-0.005127192905437416
RASSF6	-0.8614795440828313	-0.003187474313106476
RASSF7	-0.3018749513146834	-0.0014888472598840183
RASSF8	-1.371744203382922	-0.010805229090047276
RASSF9	-0.5756676834331133	-0.003608285039758754
RAVER1	-0.3858790945681775	-0.0008169060432008317
RAVER2	0.6953942980936069	0.0008622889296360726
RAX	0.1061970027657643	0.0017677553080389127
RAX2	-0.473940534099703	-0.004801491550964091
RB1	-0.7204586665692254	-0.02583997053517184
RB1CC1	-1.1150597518069096	-0.04880393521708482
RBAK	-0.3732542040613085	-0.0014183659754329722
RBBP4	-0.5693197172302602	-0.011582240327332414
RBBP5	-0.4209325949221837	-0.01900173919997722
RBBP6	-0.5140147858218602	-0.0006625650589243778
RBBP7	-1.080691314191288	-0.020595815065857562
RBBP8	-0.8921898887267184	-0.025957372622615146
RBBP8NL	-0.5687189777310778	-0.005498943795681791
RBBP9	-1.9629854993407057	-0.002968034075003147
RBCK1	-0.0602214408089516	-0.0010931998150048984
RBFA	-0.7410099194629007	-0.00030455507689925224
RBFOX1	-0.4344430731514772	-0.0037566292535408234
RBFOX2	-0.6127806190907504	-0.0035032667993418203
RBFOX3	-0.4858462302665345	-0.015618984610608552
RBKS	-0.976431446818004	-0.0648799639152691
RBL1	-0.2226991661646812	-0.017199279302064493
RBL2	0.0186622185609216	0.0006301111474909569
RBM10	0.3660391148469709	0.00039202789200110577
RBM11	0.0406531904745536	0.0001450912368036818
RBM12	-0.5447893862873879	-0.09253356683968542
RBM12B	-0.6628801684485411	-0.001201801745397205
RBM14	-1.3831843469990364	-0.020547203474670685
RBM15	-0.92950846035155	-0.0009564642057017449
RBM15B	-0.3092107948815324	-0.00030086210341973105
RBM17	0.1652952005839119	9.686298754217238e-05
RBM18	0.0006171026126219	3.733470806362494e-07
RBM19	0.1054504202087315	5.325246220540941e-05
RBM22	-0.98906054975169	-0.11723928132536633
RBM23	0.3167072336095613	0.0002739517570722705
RBM24	-0.1836513018776285	-0.0009825344650453123
RBM25	-0.9763016742081172	-0.04847435442610723
RBM26	-0.073833083562115	-4.2011024546843434e-05
RBM28	0.0531862358907049	2.595488311466399e-05
RBM3	0.0115995916825073	6.750962359219249e-06
RBM33	-0.8927824288354403	-0.040676060240171494
RBM34	-0.7950746568714164	-0.002164988290660867
RBM38	-0.8766459645708851	-0.0007030700635858498
RBM39	-1.1466424262125154	-0.001012485262345651
RBM4	-0.4945688665071042	-0.002588573447298183
RBM41	-0.2946680637828608	-0.0011406600749034543
RBM42	-0.5558355319257452	-0.0005019194853289479
RBM43	-0.5487927407175174	-0.01067731156340002
RBM44	0.2044722202739906	0.003661279576226075
RBM45	-0.8923912093129577	-0.0007192673147062438
RBM46	0.0390744364051997	0.0006185874027307165
RBM47	-0.5652665693728075	-0.0005918340981333294
RBM48	-0.8330867474318175	-0.000652306923239113
RBM4B	0.2438930112350563	0.0017770044798586203
RBM5	-0.4400925204190039	-0.0005417538926357938
RBM6	1.6174655167654637	0.047003547917204375
RBM7	0.3327582241113838	0.0054775331270974885
RBM8A	-0.2851512789427178	-0.00014970442144492682
RBMS1	-0.0807222088174303	-0.0006758870544283439
RBMS2	-0.0773468291437909	-0.0008018545777336802
RBMS3	-0.6681016718795845	-0.009145643786359632
RBMX	0.6509742750663471	0.0004075098961915333
RBMX2	0.2116174763797116	0.00011406181976866455
RBMXL2	0.0691578800146756	4.5436727169641874e-05
RBMY1A1	0.314050837624594	0.00020695950199460744
RBMY1B	0.0390201536447129	2.579232155915523e-05
RBMY1D	-0.4059528947907133	-0.00026752295766708004
RBMY1E	-0.5541228848535819	-0.00036572110400336403
RBMY1F	0.2821132866961803	0.00021807357061614737
RBMY1J	-0.4349489358209462	-0.0003362155273895914
RBP1	-0.1505186006259321	-0.012713102046067475
RBP2	-0.2883792363659423	-0.0017928537124870636
RBP3	-0.7324731517293597	-0.027390101035767674
RBP4	-0.9198670810621564	-0.023484206579516855
RBP5	-0.0906720251593983	-0.0024320957308505407
RBP7	-0.24225147345075	-0.002577071174569078
RBPJ	-0.4599229734073403	-0.010453589262575436
RBPJL	0.4343111982808126	0.02132902294757071
RBPMS	0.9111391488148676	0.0005740176637533666
RBPMS2	0.804116086324727	0.0005628812604273088
RBSN	-1.4200625035842855	-0.040896380040723844
RBX1	-0.4920844413157833	-0.17430565871843545
RC3H1	-1.285956399376613	-0.040092262663364665
RC3H2	-0.4868477119794483	-0.029149519907057487
RCAN1	0.084066136127483	0.0032848002030452703
RCAN2	-0.2351602193714375	-0.0019657042737258462
RCAN3	-0.0990968355845801	-0.00045544905634673015
RCBTB1	-0.6425062096745455	-0.018582564596207204
RCBTB2	-0.1138023776313268	-0.0010274078652556184
RCC1	0.1239856916320864	0.003968781989143085
RCC1L	-0.6089997001795063	-0.019260833517577246
RCC2	-0.6593636722262307	-0.043475803091908745
RCCD1	-0.3031203896539191	-0.001726573739468723
RCE1	-0.4933562435372874	-0.00641856472842011
RCHY1	-0.7520294895786762	-0.03189733080047955
RCL1	0.0073476527775623	3.306443749903035e-06
RCN1	-0.2282083386731441	-0.007167795709384783
RCN2	0.2224688912658876	0.0013953248860196468
RCN3	-0.1862864409492243	-0.002587704951225675
RCOR1	-0.5455259467800871	-0.009967850099565752
RCOR2	0.197383161210366	0.004982148372110848
RCOR3	-0.9750258588847764	-0.019195334083864594
RCSD1	-0.3743313602008947	-0.0018929936885359244
RCVRN	-0.5913089388622554	-0.012015988946619892
RD3	-0.254340343071132	-0.00017447747534679657
RDH10	-0.2078425377926504	-0.010797004153252604
RDH11	-0.2671841040272027	-0.007085722438801415
RDH12	-1.421407180271148	-0.006639392939046532
RDH13	0.4563143332645415	0.004000507759730236
RDH14	-0.4569952494516725	-0.001519509204426811
RDH16	-0.466812650758707	-0.00272571906778009
RDH5	-1.1850821461342211	-0.013477939247984497
RDH8	-0.3501101587510704	-0.001577596375332323
RDM1	0.461418359617454	0.0005361681338754815
RDX	-0.2912538265599415	-0.01766134078876829
REC114	0.1946809418393891	0.0032858249363652095
REC8	-0.7112944703663174	-0.018928257150918074
RECK	-0.3030138938353585	-0.010676391535395022
RECQL	-0.7324987466863672	-0.019690298809676234
RECQL4	-0.9780105827161388	-0.028597029438619897
RECQL5	-0.6688972092122317	-0.01987159829127698
REDIC1	-0.5489170471811472	-0.0048216873424391975
REEP1	0.2747243529648538	0.0017912027813308468
REEP2	0.3621587236240011	0.002680698872264856
REEP3	0.2092549058617532	0.001566063715469361
REEP4	-0.0854826809474092	-0.0005237523861647761
REEP5	0.1905577846041842	0.0027811908662980687
REEP6	-1.0000019595348186	-0.012092023694695028
REG1A	-1.4679773517953976	-0.05740672231931082
REG1B	-1.4886248528560104	-0.04232607044125494
REG3A	-0.128649323655649	-0.003464654935370283
REG3G	-0.0277187641150914	-0.0003395548604098697
REG4	-0.6694208969506438	-0.009543264306928378
REL	-0.4008291226566902	-0.013921597088112162
RELA	-0.5511829136694724	-0.014014927945873674
RELB	0.2135007965753516	0.006988521574300984
RELCH	0.2506062107207801	0.02150176227363221
RELL1	-0.2511499774186791	-0.016647476253197145
RELL2	-0.3871156552887189	-0.027756579599856432
RELN	-0.8607781611275156	-0.010238956226611797
RELT	-0.5273937786895072	-0.04342402155595795
REM1	-0.1557180279214116	-0.0007985220471809987
REM2	-0.8269633900799652	-0.0054835942396202495
REN	-0.3981916364751076	-0.010233525057410264
RENBP	0.5144577402831648	0.0005268047260499608
REP15	-0.5333566206783324	-0.0012197865914913464
REPIN1	-0.3588080523456646	-0.005944373003210625
REPS1	0.3749317320908932	0.02366569092957718
REPS2	-0.779160270413518	-0.04974938326590313
RER1	0.0853109559832245	0.0027136561988703877
RERE	-0.0176147829476141	-0.0005898310070008582
RERG	-1.0844183677454375	-0.01318218967831354
RERGL	-0.8379441801595943	-0.008474967438134137
RESF1	-0.5982056034926276	-0.015890135445574667
REST	-0.1301281483683572	-0.0028351019685013985
RET	-1.1179950267801888	-0.07628303666726584
RETN	0.3997068745330032	0.002110452297534257
RETNLB	0.3167608606197479	0.0028505309847171112
RETREG1	-0.0555779334038851	-0.0012123770392723496
RETREG2	-0.3583441251990699	-0.0014129508856599326
RETREG3	-0.3110131727839567	-0.010543346557376132
RETSAT	-1.1870450166366475	-0.005319148719548817
REV1	-0.5202720193681122	-0.10098583950338931
REV3L	-0.825953965382373	-0.06489107329026612
REXO1	-0.4385618679528116	-0.00952117815325554
REXO2	-0.5042218498375068	-0.07636843293268912
REXO4	-0.4203179343189219	-0.004837439106076472
REXO5	-1.0087919956163542	-0.0366463868247553
RFC1	-0.2762209004507762	-0.07555276935399766
RFC2	-0.2596383667905972	-0.25094515499371445
RFC3	-0.8586997227388027	-0.8354083514592354
RFC4	0.8901246602964705	0.700302015989607
RFC5	-1.0743689482827907	-1.0253959885132162
RFESD	-0.2784384781178107	-0.0012345962119743724
RFFL	-0.0850512569805965	-0.0024733756042527267
RFK	-0.380037503354701	-0.06201946028496372
RFLNA	-0.4337815852536005	-0.00023077180335491547
RFLNB	-0.0767579080814845	-0.0001708631033893845
RFNG	-0.1213560608529532	-0.0009355338731154161
RFPL1	-0.5196741517569228	-0.0003533784231947075
RFPL2	-0.3075161568208546	-0.00023432731149749118
RFPL3	-0.1142441329534764	-0.00010030634873315227
RFPL4A	0.5046676108366263	0.0008427949100971658
RFPL4AL1	-0.4830047190099392	-0.0011529322642767248
RFPL4B	0.1209861458191693	0.0002033777111220236
RFT1	-0.2660344660953851	-0.0022054257239307426
RFTN1	-0.7845775246946154	-0.002515355544170937
RFTN2	0.0917887307007531	0.00023103223517379555
RFWD3	-0.9609962391524024	-0.028738592531852594
RFX1	-0.5413301938636847	-0.014328468901377872
RFX2	-1.1591796483772514	-0.12212769021408208
RFX3	-0.5004338652371721	-0.013410126286760502
RFX4	-0.7071144654431502	-0.014809805364241337
RFX5	0.1524575675415624	0.0037132565150422934
RFX6	-0.8833284025663277	-0.01953215763754664
RFX7	-0.3464553178295865	-0.004866657849552202
RFXANK	-0.2806514202827987	-0.003924348809814375
RFXAP	-0.069488491940691	-0.0017969724015862692
RGCC	-0.1576993451672817	-0.002734664344545832
RGL1	0.1330854818868684	0.0021084732895336558
RGL2	0.0011163959958729	1.5167355999929221e-05
RGL3	-0.0925615464337406	-0.0005100141208499106
RGL4	-0.2537895679885971	-0.0014019335735690104
RGMA	-0.6545519782532367	-0.02991760727002069
RGMB	-0.1457573246157691	-0.004750814238526377
RGN	0.1075136304428225	0.00029222204754359154
RGP1	0.1363881458512255	0.006323227217954516
RGPD1	-0.2895803064321833	-0.010609064106449469
RGPD2	-0.6255519539004822	-0.07271478467334595
RGPD5	-0.6288973386445357	-0.01820532015908202
RGR	-0.8863835385584913	-0.033172017547012975
RGS1	0.0984474555531778	0.000443505787267066
RGS10	-0.6869061387690754	-0.003951771016338491
RGS11	-0.0047275153986831	-3.137651970105973e-05
RGS12	-0.2567422060157127	-0.006528954298979574
RGS13	-0.8407865997804032	-0.0052347373702327895
RGS14	-0.3008305113968441	-0.0027619249251344255
RGS16	-0.1287012851929288	-0.0005238142307352203
RGS17	-0.0451279476803591	-0.00023010740522215104
RGS18	1.1163945075123338	0.005643374235474847
RGS19	-0.7151766008480225	-0.007701021637931506
RGS2	-0.7407519534771337	-0.007349000130446644
RGS20	-0.3363990316850122	-0.0060037135184824115
RGS21	0.5490329962071265	0.005334953624144648
RGS22	-0.0320513028670063	-0.00011256417566892612
RGS4	-0.9835209509347678	-0.006546315449421814
RGS5	-0.1989396928481112	-0.0011443011132623356
RGS6	-0.6427805985091866	-0.0073669084395137875
RGS7	-0.8198894354454748	-0.005594105618044474
RGS7BP	-0.2101489229991262	-0.003837319333964044
RGS8	0.595526206034261	0.0032170325649970776
RGS9	-0.5247945854583251	-0.006452874222795566
RGS9BP	-0.2636144287207901	-0.003393508540922731
RHAG	-1.084586887827435	-0.014778580933536628
RHBDD1	-0.0467767293805103	-0.0007308863965704734
RHBDD2	-0.6863347198550883	-0.07936637433460271
RHBDD3	-0.8376759521367787	-0.007477095548772887
RHBDF1	-0.9299228283800024	-0.021054382757351636
RHBDF2	-0.4697557994986769	-0.0041639154067562726
RHBDL1	-0.9648387331285416	-0.010395172510726908
RHBDL2	0.2393902283970348	0.001968027067652023
RHBDL3	-0.1957792721088613	-0.0032182196749254623
RHBG	-0.6027570469990282	-0.003763012244414933
RHCE	-0.5048319347036472	-0.0035080771142556445
RHCG	-0.0118864090479433	-7.16512737410022e-05
RHD	-0.2878368230253624	-0.0017065845237173736
RHEB	-0.4401584767865811	-0.01335969008742631
RHEBL1	-0.6635129147108744	-0.031876487448539825
RHEX	0.3763172539740367	0.011574389780479446
RHNO1	-0.5907098057207703	-0.023448225738085977
RHO	-0.0963043389099729	-0.001471626602883296
RHOA	0.2855077156550454	0.021680599403697185
RHOB	-1.0464076321943716	-0.12178405945767755
RHOBTB1	-0.4290109326090333	-0.026592242657770927
RHOBTB2	0.1387163396821111	0.005236541822999694
RHOBTB3	-0.071541909584188	-0.0034226364964171385
RHOC	-0.0618712404823972	-0.0025907963239599004
RHOD	-0.7133308332314872	-0.017154893208384037
RHOF	-1.2049993831041563	-0.12042884334681249
RHOG	-0.2734828511182303	-0.0070397220706343655
RHOH	2.272141918194733	0.06462426043729459
RHOJ	0.1406205479186119	0.005218428533259687
RHOQ	-0.7019376287814272	-0.021270815964963587
RHOT1	0.3827375375607847	0.09370945869638253
RHOT2	-0.1543806974261155	-0.01194937474217619
RHOU	-0.4962482475436254	-0.013565442094852543
RHOV	-0.115424355369138	-0.0030605922069680633
RHOXF1	0.3317765019102079	0.0008287777017716993
RHOXF2	-0.4532811911079971	-0.00024522512438942645
RHPN1	-0.0795652273772557	-0.004108748341761484
RHPN2	0.0932867294941135	0.002686284662512492
RIBC1	-0.4379879357908679	-0.005999996732399099
RIBC2	0.0370628459334607	0.0016545966310074862
RIC1	-0.0698730301563821	-0.002093605602575677
RIC3	-0.3005360758617214	-0.0003756700948271517
RIC8A	0.4751913710053097	0.013554358666555456
RIC8B	-0.4570787584473198	-0.08994121561471291
RICTOR	0.3994962743390947	0.24898165852282303
RIDA	0.2010333683561173	0.0003319060911559496
RIF1	0.6079135927142467	0.18634557731547619
RIGI	1.5945157845627271	0.05165593335669411
RILP	0.2988480459934867	0.007811887922269742
RILPL1	-0.5169932155151642	-0.037703281221089895
RILPL2	0.2460577306829416	0.002053105704818465
RIMBP2	0.546779235048903	0.03831610167528693
RIMKLA	-0.7388680067694284	-0.002990198823395877
RIMKLB	0.436761516385355	0.0008888096858441974
RIMOC1	-0.6871171686535537	-0.09752116551266156
RIMS1	-1.0467310052578378	-0.02742121214473958
RIMS2	0.1512388677179436	0.006651485402235159
RIMS3	-0.7480390116220059	-0.007374916615581356
RIMS4	-1.0971034336771948	-0.004797633315470373
RIN1	0.3291413240700666	0.0121624302070371
RIN2	-0.5125187750976459	-0.014833318388876067
RIN3	-0.2702772173034836	-0.014067118328994412
RING1	0.5942431444868028	0.000747557875764398
RINL	-0.8631321432770966	-0.020378549902772252
RINT1	-1.2206869007072414	-0.033623820679980966
RIOK1	-1.4736106794662371	-0.0010271066435879673
RIOK2	-0.8482752115474106	-0.09294466665403824
RIOK3	-0.6065198903434545	-0.004695676991039025
RIOX1	-0.0424327117576269	-0.00131583839160401
RIOX2	-0.5439806104144385	-0.0008050913034133689
RIPK1	-0.8305341401920536	-0.031426581330727114
RIPK2	-0.3975708351626774	-0.013945592185001233
RIPK3	-0.6053219976350132	-0.042518422435880956
RIPK4	-0.216386439142297	-0.006139099664906108
RIPOR1	-0.4260066300525874	-0.011684935855712418
RIPOR2	-0.9229851203700028	-0.0223445467790374
RIPOR3	-0.2770481677264934	-0.0027485948720145405
RIPPLY2	-0.2940021716958544	-0.007056052120700506
RIPPLY3	-0.3599272960297021	-0.0008386305997492059
RIT1	-0.6111713355403121	-0.0049706564719493584
RIT2	-0.4271709681191803	-0.013525941534525725
RITA1	-1.3421773688459488	-0.036104571221956025
RLBP1	-0.7045884890912101	-0.008192954951152591
RLF	-1.1634975837424282	-0.019489748025269413
RLIG1	-1.200145978652427	-0.0018662269968045238
RLIM	-0.7207784025814328	-0.02802530584917127
RLN1	1.9414906013638071	0.07445422307170065
RLN2	-0.182589932924462	-0.007213032710247946
RLN3	-0.363749242047573	-0.012287813145609063
RMC1	-0.6207807780141658	-0.014683327742369063
RMDN1	-0.0779207995016949	-0.0019028259238313898
RMDN2	-0.1515261765461464	-0.0009041566954508556
RMDN3	0.0126452053069929	0.00033767756251793836
RMI1	-0.8026255449098757	-0.02305140564981163
RMI2	-0.4715525286526377	-0.32524062471988324
RMND1	-0.2929048255984646	-0.0007720971202775526
RMND5A	0.0836429378453361	0.004000809003018116
RMND5B	-1.0999801082150342	-0.040626665316814074
RMP24	-0.2716283998091463	-0.00845470557245949
RMP64	-1.7830111567565556	-0.048134169187799974
RNASE1	0.3652748987634074	0.0030522370540670327
RNASE10	-0.4655834016494362	-0.017156282767380075
RNASE11	-0.2057842482523288	-0.0023691940501290617
RNASE12	-0.20452082085373	-0.000960429774729116
RNASE13	-0.0504899401826724	-0.00011648029200142523
RNASE2	-0.1502251972901291	-0.0011274401056624189
RNASE3	-0.4403635138473272	-0.0004711889598166401
RNASE4	-0.8625763768322703	-0.007276694314957033
RNASE6	-0.5137290887736023	-0.00030926491144170863
RNASE7	-0.3334623983256485	-0.008895442937734999
RNASE8	0.4255817966610852	0.0019593785918276363
RNASE9	-0.7385010374623081	-0.002610601167429259
RNASEH1	-0.0902304559833153	-0.00029983580523255677
RNASEH2A	-0.7795859305795968	-0.0015350046973112259
RNASEH2B	-1.0317095046852898	-0.023996531369475153
RNASEH2C	-0.5968469722797162	-0.00515257991169079
RNASEK	-0.7611331867201186	-0.011696333680328064
RNASEL	-0.1147224281575814	-0.003437542837313769
RNASET2	-0.500596308854008	-0.00043151401823215486
RND1	0.1874893173042073	0.005782170545661752
RND2	-1.2005877096445403	-0.041821272277757914
RND3	-0.5712819509702749	-0.009910599285432328
RNF10	-0.5224039472443703	-0.012086860127392997
RNF103	0.3550884865864708	0.010888788441174127
RNF11	0.1398873474631966	0.003721423104563419
RNF111	0.2611934243823209	0.00867005452894676
RNF112	-0.802088957856051	-0.002700633521101324
RNF113A	-0.2977354989270989	-0.00581894259103122
RNF113B	-0.9988022042287754	-0.0036975657600549264
RNF114	0.923543444166018	0.02713278284615344
RNF115	-0.6580621904659663	-0.01962407258188558
RNF121	-0.1670139515568325	-0.00238379013057067
RNF122	0.4705437450621205	0.007546110039561226
RNF123	-0.427863227129326	-0.016515520567191983
RNF125	-0.2513546129945289	-0.004441938720839315
RNF126	-0.5872115772769614	-0.01726636921825177
RNF128	-0.6729037537668126	-0.010161519585632637
RNF13	-0.1144263598835515	-0.005992508467101592
RNF130	-0.2262290098684065	-0.003651562448285949
RNF133	-0.1378997583261853	-0.0008205035620408027
RNF135	0.0245400702216222	0.0010298240468503757
RNF138	-0.5040473124972107	-0.01421615040167133
RNF139	-0.2726050844630501	-0.013937480153342362
RNF14	-0.5147577863831634	-0.015465897691882143
RNF141	-0.4479065507289772	-0.011965823502724626
RNF144A	-0.1645484288787771	-0.004798067637676262
RNF144B	-0.4575652840641264	-0.01098888786208406
RNF145	0.2836204995476778	0.008139624716518806
RNF146	-0.7897046010419189	-0.010462796259204384
RNF148	-0.5160562805270739	-0.0015734555993270481
RNF149	-0.3838275105526078	-0.004384461653042439
RNF150	-1.317154863778933	-0.024645284656167613
RNF151	-1.3302921136084591	-0.023877413147158234
RNF152	-0.4985550662742025	-0.0021487723356418127
RNF157	0.3284714604826376	0.00768130510338648
RNF166	-0.4013922464557131	-0.0070271740587001695
RNF167	-0.6643700580820244	-0.011461047871973003
RNF168	0.2944144858407063	0.009607039087468086
RNF169	-0.2338189151266796	-0.005601599749689863
RNF17	-0.0778717601023515	-0.002369404044634249
RNF170	-0.8634568800975059	-0.003501317648795386
RNF175	-1.3059354096409548	-0.04162407931148615
RNF180	-0.7051600707458576	-0.007295586091936642
RNF181	-0.2092109608723891	-0.0020893898662325498
RNF182	-0.3893634305447688	-0.010372641789712641
RNF183	-0.7130397341440673	-0.005754943694276767
RNF185	-0.1644591258518604	-0.06494425096239627
RNF186	-1.1933340351978614	-0.0006408203769012516
RNF19A	-0.6760799048548178	-0.013755521744176123
RNF19B	-0.785157045208534	-0.016174235131295803
RNF2	-0.7191192223687197	-0.012291185748726157
RNF20	0.2403309687505523	0.011729112598901954
RNF207	-0.1436134417780204	-0.0010419155200995381
RNF208	0.9361543917179376	0.0022074520556708967
RNF212	-0.453366139507537	-0.006883458096142935
RNF213	0.0482652913416144	0.000911731353443096
RNF214	-0.5427931770373883	-0.014792199660622904
RNF215	-0.8076336361275044	-0.02014803632047285
RNF216	0.1441243133316755	0.004383685114296242
RNF217	0.0227460626450519	0.0006044538687296092
RNF220	-0.3563029537766387	-0.009731346273547554
RNF222	-1.1158378862937233	-0.012923634399053903
RNF24	0.4560696279254204	0.0011962706340483775
RNF25	0.1418884621079383	0.004117319393448153
RNF26	0.0637562131110353	0.001892858211053527
RNF31	-0.4016918056847387	-0.008839228184092676
RNF32	-0.1159222107611725	-0.00040074308260137334
RNF34	-0.6053820806150304	-0.014514640764825969
RNF38	-0.1281435358351992	-0.002806215291255027
RNF39	-0.4972190368746823	-0.0013534302183728852
RNF4	-1.009106669762062	-0.01267538887888126
RNF40	-0.0686659468765391	-0.002319810349276997
RNF41	-0.888623133255879	-0.02646941727029287
RNF43	-0.6217874676718363	-0.03650078971473981
RNF44	-0.1125969702414006	-0.0023345855809851998
RNF5	-0.818567605502905	-0.040282530434403455
RNF6	-0.2886636802394286	-0.00813800647330997
RNF7	-0.4339721395439927	-0.019248834249473795
RNF8	-0.4399310300949159	-0.01685287790087604
RNFT1	-1.095620558289795	-0.04625709997099515
RNFT2	-0.0781253413053044	-0.0006972686711498418
RNGTT	-0.0993914433391031	-0.000896610210362049
RNH1	-0.8889282649932326	-0.1607155635259815
RNLS	0.078091088775454	0.0008414314815555168
RNMT	0.0478920139760585	0.0037003285678461843
RNPC3	0.4442164763438021	0.00021588920750308782
RNPEP	0.6799056903000191	0.015499130116079236
RNPEPL1	-0.9479193137109374	-0.01623975368249578
RNPS1	-0.4242806854363301	-0.0002329300963045452
RO60	0.2107384021467484	0.007469411925689351
ROBO1	-0.6256325657670754	-0.01654047377374994
ROBO2	0.333604238629826	0.010733382773676022
ROBO3	0.8663168666917617	0.02275381250365912
ROBO4	-0.1051272230126934	-0.0032191006958716844
ROCK1	-0.4593508736223933	-0.014199913556289044
ROCK2	-1.2220249848278637	-0.06321535246514538
ROGDI	-0.2382075646295952	-0.007509969890077247
ROM1	-0.5373145647377022	-0.0009951065738942244
ROMO1	0.0427765592103706	0.0029683509967260366
ROPN1	0.1569834721209373	0.0030986967561951813
ROPN1B	-0.2467487514532997	-0.004805925432055919
ROPN1L	-0.6793430515630188	-0.012275049598692188
ROR1	-0.6839823717229366	-0.029140384964883994
ROR2	-0.7411177975359229	-0.04235858771816567
RORA	-0.058040766098218	-0.0012728340005339208
RORB	-0.1554531352775199	-0.0032898547018781537
RORC	-0.3380989153003191	-0.006998647546716605
ROS1	-0.056404340304183	-0.001392228331728149
RP1	-0.916903828247225	-0.024742649805251368
RP1L1	-0.4225633862745301	-0.0010466895078020111
RP2	-0.6267696488116332	-0.06289508071894978
RP9	0.1404909094011413	7.825343653643571e-05
RPA1	-0.8307569336320988	-0.08233465817841004
RPA2	-0.5093436115446115	-0.41736990757716635
RPA4	-0.6513058519464634	-0.6328784554773421
RPAIN	0.0425598146535261	0.0008578356241564721
RPAP1	-0.277272316314288	-0.010608161549868345
RPAP2	-1.1543610066921106	-0.006664126091633555
RPAP3	0.245105705523017	0.01843513542950268
RPE	-0.6735238921648321	-0.005502690198986678
RPE65	-0.2898474350486176	-0.0021892176769222086
RPF1	-0.7942080946979366	-0.0003216542783526643
RPF2	-1.0570670079077726	-0.013153084779396414
RPGR	-1.1561141277527411	-0.0044452588212092895
RPGRIP1	-0.3534643785312397	-0.030579617244251667
RPGRIP1L	1.021059797826572	0.0501422045516673
RPH3A	0.0746610867408145	0.006135872091620358
RPH3AL	-0.2626567259269051	-0.003176307786634063
RPIA	0.2722022043691332	0.0012221878976174081
RPL10	-1.4049507236348195	-0.000987680358715278
RPL10A	-2.316108350764832	-0.0023068439173617727
RPL10L	-1.0480939549213952	-0.0005533936081984967
RPL11	-0.5877851641944005	-0.16383570995656202
RPL12	-1.5140237577512952	-0.0008857038982845077
RPL13	-2.2257104281183686	-0.0015891572456765153
RPL13A	0.0500234678906546	5.272473515674995e-05
RPL14	-1.685072778017817	-0.0009318452462438528
RPL15	0.7772649863372364	0.0004780179665974004
RPL17	-1.9610431464133735	-0.0019806535778775073
RPL18	-1.7343578314688854	-0.0010614269928589579
RPL19	-2.454462456892803	-0.003009170972150577
RPL21	-1.4367590987377066	-0.0012902096706664606
RPL22	-0.2808010742282814	-0.0002777122624117703
RPL23	-2.2980059146930114	-0.0011949630756403658
RPL23A	1.1470451757951	0.0035466636835584492
RPL24	-2.1891157073326024	-0.0013178476558142267
RPL26	-2.007669021886426	-0.0008612900103892768
RPL26L1	-0.0911285650102355	-3.964092577945244e-05
RPL27	-2.245927989739224	-0.0012667033862129224
RPL27A	-0.0170184816726139	-9.938793296806518e-06
RPL28	1.2751297207236507	0.10883614705292576
RPL3	-2.262436133802056	-0.01626239092976918
RPL30	-2.8773793677480897	-0.0014041611314610676
RPL32	-0.1369648705965415	-0.000141895605938017
RPL34	-0.3931805923997673	-0.00020877889456427645
RPL35A	-2.189640431199148	-0.0012524743266459127
RPL36	-0.6007598391606244	-0.0003232087934684159
RPL36AL	-0.7468242088540026	-0.0003345772455665932
RPL37	0.3604755123873469	0.00022421576870492978
RPL37A	-2.2440763762577687	-0.0014137681170423944
RPL38	-1.9835388723875873	-0.8323504334811308
RPL39L	0.3061886517099069	0.0001824884364191045
RPL3L	-0.6625543293355287	-0.0010461732860208
RPL4	-1.8814946940651407	-0.001298231338904947
RPL41	-0.2390381382996073	-0.000157048056862842
RPL5	-2.241073687380356	-0.001882501897399499
RPL6	-1.9134010917424733	-0.0017679826087700454
RPL7	-2.005065613343218	-0.0011890039087125283
RPL7A	-1.929711206085568	-0.001352727555465983
RPL7L1	-0.1936724877905263	-0.00014312396847719893
RPL8	-0.602347480958304	-0.0006029498284392623
RPL9	-1.566171553932687	-0.0008206738942607281
RPLP0	-2.3050366044052435	-0.012753767532174212
RPN1	1.711274177771667	0.007062428531663669
RPN2	0.6712569320515684	0.08478444931663746
RPP14	1.0630092657118724	0.001308564406091315
RPP21	-0.4513181208309585	-0.22820945911629498
RPP25	-1.0321134181591682	-0.0017504643571979494
RPP25L	-0.6769509819206267	-0.0009375771099600681
RPP30	-1.0217117668730746	-0.0023254159814031176
RPP38	0.470177030435411	0.00021204984072637035
RPP40	-0.59981343086474	-0.0013525792865999888
RPRD1A	-0.5950539459185856	-0.10681872888579122
RPRD1B	-0.0853199071187765	-0.0067894169288837585
RPRD2	-0.2828955559750121	-0.03580495893753338
RPRM	1.5702586924775024	0.013684804504941434
RPRML	-0.1515013648550768	-0.0011161105548873507
RPS10	-2.039701239125468	-0.004993188633379145
RPS11	-1.349960313493923	-0.002674271381031462
RPS12	-2.227112360074658	-0.0013874910003265118
RPS13	-1.461803459100198	-0.000708974677663596
RPS14	-2.035160021643509	-0.0011091622117957124
RPS16	-1.928647644554015	-0.0012150480160690296
RPS17	-0.3679846742076346	-0.00039006375466009267
RPS18	-1.3551940163503844	-0.0014608991496257143
RPS19	-1.2716844318195275	-0.11879312951398933
RPS19BP1	0.0744762505055488	0.0007598067076576089
RPS2	-0.4619665159285902	-0.04593333067877973
RPS21	-1.560673773509572	-0.0011861120678672748
RPS23	-0.1131036995507064	-0.00020437838508812647
RPS24	-0.4794653888031319	-0.000501520796688076
RPS25	-0.5405840425211479	-0.000804389055271468
RPS27A	-1.7555349934732636	-0.21365914191565702
RPS27L	-0.5001311706018805	-0.00028307424256066434
RPS28	-0.5060075836312216	-0.0004417446205100564
RPS29	-1.659468505844852	-0.0010587409067290155
RPS3	-1.9313947724716105	-0.0015798809238817774
RPS3A	-1.26083305893096	-0.001766427115562275
RPS4X	-1.648821778681943	-0.0008854172951522035
RPS4Y1	-1.3840883510778168	-0.0006989646172942975
RPS4Y2	-0.1631184097289126	-8.058049440608281e-05
RPS5	-1.881344911308506	-0.004061823663515064
RPS6	-1.127308600099516	-0.0007631879222673723
RPS6KA1	-0.2951290113237912	-0.008964838847971482
RPS6KA2	-0.7924263572184882	-0.02310002073927615
RPS6KA3	-0.1657453866049544	-0.006554732804066131
RPS6KA4	-0.6079531644868336	-0.01681476862337684
RPS6KA5	0.0235858957851859	0.0009026322316990644
RPS6KA6	0.2594766804992329	0.006276221947915445
RPS6KB1	-0.0660528505568252	-0.004086293546847434
RPS6KB2	-0.9405337924856304	-0.027991226198164847
RPS6KC1	-0.7841475199400536	-0.053186373834974016
RPS6KL1	-0.5213887670659162	-0.012438771815891562
RPS7	-0.933145039236274	-0.0006494689473084467
RPS9	-1.3039871764730506	-0.0008554155877663212
RPSA	-0.9097299097430268	-0.019015174573448746
RPTOR	-0.4356550480654343	-0.02398019646571377
RPUSD1	-0.3742209244986332	-0.01512975197747974
RPUSD2	-0.5799872686895882	-0.0005776673196148297
RPUSD3	-0.2096689541231214	-0.00010525381496980693
RPUSD4	-0.1958484353395765	-0.004974354409189904
RRAD	-0.2674082159587823	-0.0010525187380137672
RRAGA	-0.5337331132561747	-0.06121438449246393
RRAGB	0.6376542101618671	0.037980597719871285
RRAGC	-0.6221322502094564	-0.006028461504529633
RRAGD	0.0440918051367975	0.008048077191619648
RRAS	-0.7009983044484115	-0.016485377125713293
RRAS2	0.6212291397513734	0.015491591057979998
RRBP1	-1.134291291956083	-0.16514260348717807
RREB1	-0.6659712014083288	-0.000581392858829471
RRH	0.4071632079812075	0.013944932710148376
RRM1	0.4956832140288164	0.03454168476959807
RRM2	-0.225289321989617	-0.01479835440420998
RRM2B	-0.0501188191249806	-0.0016722645189241026
RRN3	-0.9708359139770824	-0.004248377959563712
RRP1	-0.8172989298678561	-0.000516532923676485
RRP12	-0.4358919747957387	-0.00018394641336380173
RRP15	-0.0759632894446356	-3.2208434724525496e-05
RRP1B	-0.1318765575371935	-0.0001194801611286973
RRP36	-0.3715919932957771	-0.00018616758864118432
RRP7A	-0.7505280341907208	-0.00043680731589899955
RRP8	0.0340226387118307	3.3444253853729575e-05
RRP9	-1.5224474084538793	-0.0007322972034663159
RRS1	-1.1122965461007883	-0.0004538169908091216
RS1	-0.6092272681467039	-0.004560066102078079
RSAD1	0.3957509098883378	0.0004432410190749383
RSAD2	-1.3445985180169604	-0.002308675655435121
RSBN1	-0.9079632246969404	-0.02026483121201101
RSBN1L	0.3248369047299175	0.0036830008258278047
RSC1A1	-0.6174475770414949	-0.0016609339822416212
RSF1	-0.1671638615848572	-0.03970743502542064
RSKR	-0.2800685167531813	-0.0016574454821453267
RSL1D1	1.4174858398390753	0.0010446870639613986
RSL24D1	-0.4773218752324506	-0.00025393523762366375
RSPH1	-0.07570136431881	-5.5337697317050106e-05
RSPH10B	-0.3395850432811598	-0.0001908467943240118
RSPH14	-0.2816732388759962	-0.001498783304059176
RSPH3	-0.7565195300409793	-0.0052986627884070185
RSPH4A	-0.197488084811041	-0.00043842354828051107
RSPH6A	-0.1974245265371749	-0.0008771571714046681
RSPH9	-1.2039367546893829	-0.001373691837100586
RSPO1	-0.580881210996579	-0.02196718475625763
RSPO2	0.7178756543464444	0.027826296113776877
RSPO3	-0.76734083657599	-0.027569021576502168
RSPO4	0.1702540227379979	0.006468631339907492
RSPRY1	0.924385957699908	0.012568875866845648
RSRC1	-0.6104072781525212	-0.0013581561938893595
RSRC2	-0.2588780836666265	-0.000212797784773967
RSRP1	-1.085622791872178	-0.0010639103360347343
RSU1	1.0289644185902698	0.06626942441488774
RTBDN	-0.5712151140601877	-0.008256914473740013
RTCA	0.3076197251830506	0.00013350696072944395
RTCB	-0.8351993658811463	-0.062028586505260976
RTEL1	-1.1883686718720805	-0.7287872902929752
RTF1	-0.8896211995341425	-0.006136607034386515
RTF2	0.1801582288330288	0.0021246059926279086
RTKN	-0.4342803545424238	-0.0118684478092899
RTKN2	-0.4618161476676932	-0.008345941420650552
RTL10	-0.3141981808235945	-0.0030496075430738083
RTL3	-0.3922639517844455	-0.0006346830739872328
RTL4	-0.2418099849889982	-0.00013879893138368495
RTL5	-0.5844276795835528	-0.0011045683144129148
RTL6	-0.5424624886537692	-0.0022978711019373665
RTL8A	-1.0727464760001042	-0.0007273221107280707
RTL8B	-1.2936539821772848	-0.0007787796972707255
RTL8C	0.0978244364405196	6.740103670751801e-05
RTL9	-0.3701155839909072	-0.0012632044881609663
RTN1	-0.3661058218476716	-0.008125352610087223
RTN2	-0.2169683409979075	-0.003911505251510276
RTN3	-0.6716290652669804	-0.01782033398872879
RTN4	-0.7957453495457714	-0.02337979411500431
RTN4IP1	-0.9267900626491324	-0.0036821369189050032
RTN4R	0.2784307315716935	0.019671131185540147
RTN4RL1	-0.5903329361357663	-0.030673699361614418
RTP1	-0.1519601837838702	-0.0003844592649731916
RTP2	-0.1539234782615982	-0.0007873185913080747
RTP3	-0.4525880920814582	-0.0022452895248161143
RTP4	-0.7925957129121713	-0.03958936326425005
RTP5	0.1025936894355565	6.412105589722281e-05
RTRAF	-1.1103859963358542	-0.20692820311916077
RTTN	-0.6582099788536033	-0.019215782122652098
RUBCNL	0.5954446059913987	0.0016731993428358303
RUFY1	0.1217094767696017	0.0033524875376186787
RUFY2	0.2367092029612637	0.023887509216835925
RUFY3	-0.6505669685704559	-0.05456695505581557
RUFY4	-0.6652595757645205	-0.00593810697327411
RUNDC1	0.3397009771307085	0.002372471624280868
RUNDC3A	-0.4843054069396625	-0.002019553546938393
RUNDC3B	-0.4274536583469711	-0.0020158714527643154
RUNX1	-0.0422115033500145	-0.0011808668062166558
RUNX1T1	-0.0964808487445032	-0.0028736820798550278
RUNX2	-0.1368186607123571	-0.004063103767174869
RUNX3	-0.1384403689078889	-0.0037684852820416437
RUSC1	-0.1328596440494401	-0.0021378445323995405
RUSC2	-1.0906912388206522	-0.008900040508776522
RUSF1	-0.0681065870803069	-0.004168191235901862
RUVBL1	-1.2088420696843292	-0.1688425983990193
RUVBL2	-0.4222841086277772	-0.0794029255134982
RWDD1	-1.5829186978999157	-0.3302158354062972
RWDD2A	-0.8701281587398584	-0.013051052252939135
RWDD2B	0.5449897649194578	0.0019183639725164916
RWDD3	-0.7851093373342276	-0.0006877557795047834
RWDD4	-0.4329867274421338	-0.006646346266236754
RXFP1	-0.6322383720211153	-0.016729659562050733
RXFP2	0.1896915137447694	0.011947150918673065
RXFP3	1.1343121179063504	0.03823879580674098
RXFP4	-0.1544593773812782	-0.005187209270595466
RXRA	-0.085417276637442	-0.0023751127941807125
RXRB	-0.0114131496729179	-0.00031571054625225493
RXYLT1	-0.6237119784737413	-0.003333116812963673
RYBP	-1.0454549407289475	-0.057692385449186236
RYK	-0.8977458496978012	-0.02782922359478214
RYR1	0.5210936840922741	0.015546830064892997
RYR2	0.505707082988565	0.015184866580897642
RYR3	-0.123734699584369	-0.0036563603727181038
S100A1	-0.38602441886002	-0.009972168812410896
S100A10	-0.6361133443122632	-0.007120652776231475
S100A11	-0.6590585477105844	-0.023342535642813477
S100A12	-0.1672478166144041	-0.0011404628614936217
S100A13	-0.5601871392129159	-0.0019141594546905334
S100A14	-0.2270041716186216	-0.0009425213205605169
S100A16	-0.2820774248257516	-0.0010479176332276671
S100A2	-0.367093107305791	-0.009157871747957567
S100A3	-0.6630774697843616	-0.003159564143522483
S100A4	-0.1171541596026178	-0.005246280421164828
S100A5	-0.6985915591431087	-0.0030507493387779555
S100A6	-0.4571105126407447	-0.025187703467530315
S100A7	0.5339029868140635	0.0018702621628096643
S100A7A	-0.9913265953524176	-0.005400747291479971
S100A8	-0.4955092838908485	-0.022989153226115916
S100A9	-0.7830587113801609	-0.0204378323670222
S100B	-0.0867323283500903	-0.0033734539111767623
S100G	-0.970097311842067	-0.005248226457065582
S100P	-0.8640844445934616	-0.027801052920350032
S100PBP	1.164082836755375	0.026152285010546256
S100Z	-0.2275361394142528	-0.00089831267840747
S1PR1	-0.0609762969389231	-0.00146934582733723
S1PR2	-1.293711174554332	-0.030245673549905726
S1PR3	-0.3759306572837228	-0.007657707488869433
S1PR4	-0.2184759838328712	-0.0048433940855909215
S1PR5	-0.413300418395999	-0.010610661641480484
SAA2	-0.7352613925381435	-0.0036417496772414245
SAA4	-0.7086121857715437	-0.003180251489742688
SAAL1	-0.0657626697095336	-0.0027348721452103734
SAC3D1	0.696247539342679	0.02394464912553407
SACM1L	-0.3933885210957222	-0.007048342132472054
SACS	0.4211275673293237	0.008857154996070336
SAE1	0.1715093822746771	0.02134708677419996
SAFB	0.0586023316789452	9.604922162179118e-05
SAFB2	-0.5545323706862854	-0.0006094310753842275
SAG	-0.6168119343115364	-0.030677758364918574
SAGE1	0.6905891730617106	0.0012693029000874242
SALL1	-0.4419094147615509	-0.011026965626544979
SALL2	-0.4548185145034503	-0.008516476684077106
SALL3	-0.8650394002355115	-0.020417524963758777
SALL4	-1.0109327444453218	-0.022896615728942093
SAMD1	-0.5077533178666451	-0.0070841742908754335
SAMD10	0.0092304034631583	2.1903747418074646e-05
SAMD11	-0.4285919935157354	-0.0035435986023881
SAMD12	-1.1660129419638516	-0.004808637372658924
SAMD13	-0.6342354532280811	-0.015533694720462161
SAMD14	0.0275085982046822	0.0001302532124991702
SAMD15	-0.6361184541477591	-0.0031456057557606686
SAMD3	-0.591103649130528	-0.014015067520884819
SAMD4A	-0.3060445132097837	-0.006018059307757187
SAMD4B	-0.1721457720907985	-0.001689094315754915
SAMD5	-0.450581108291795	-0.0006231536727675524
SAMD7	-0.6347423171951225	-0.0005509563313253664
SAMD8	-0.2373486106361389	-0.003918388212992017
SAMD9	-0.1026753186577553	-0.002130820888104396
SAMD9L	0.1862613337655938	0.003307069981008118
SAMHD1	-0.849650107630987	-0.012054835727068444
SAMM50	-0.6128932567841119	-0.0332984906410808
SAMSN1	-1.589480921081098	-0.006116322584320065
SAMTOR	-0.2952572478875324	-0.0030175290734105807
SANBR	-0.1983621627800661	-0.0029924915877000773
SAP130	-0.1670249127962098	-0.014012388034125224
SAP30	0.0196386140349864	0.00035449662194553955
SAP30BP	0.4675537368796315	0.0037867177149881353
SAP30L	-0.1509227656738229	-0.0010308024895522103
SAPCD1	-0.2484563525960061	-0.00042833875187551454
SAPCD2	-0.2324807381149532	-0.0014295240586688473
SAR1A	-0.6412617096513178	-0.019287228441182684
SAR1B	-0.4008807099571433	-0.030266493601764317
SARAF	-0.3191139804919973	-0.009002524503659735
SARDH	-0.5599354518336395	-0.007828457552086113
SARM1	-0.0352883690036205	-0.0010925279043520906
SARNP	-0.1178219014385467	-0.03134357133018939
SARS1	-1.0472425034918322	-0.2115723084954479
SARS2	-0.7945888240221044	-0.02179795520939839
SART1	-0.8322513511042171	-0.02278953874728678
SART3	0.1483989295381004	0.0001458761477359527
SASH1	-0.387527327945675	-0.005023904279487731
SASH3	-0.0939031450765945	-0.00031645359890812347
SASS6	-0.1516982264456251	-0.0015775098568080557
SAT1	-0.7345630344695542	-0.0027516731271229502
SAT2	-0.0778043964193247	-0.000586333931416031
SATB1	-0.6607306439766132	-0.022908852887957132
SATB2	-0.1399263409596569	-0.009273058541737421
SATL1	-0.9881450022317476	-0.002172930859907613
SAXO1	0.1754207522966978	0.0022003024960574806
SAXO2	-0.5939780468164091	-0.009181118669641235
SAXO4	-0.5339854034319035	-0.007724098860642484
SAXO5	-0.3301358147354606	-0.002873502131457449
SAYSD1	-0.71895238969694	-0.0033517560407671345
SBDS	-0.3185265412111644	-0.03471716330622845
SBF1	-0.4010172753685864	-0.00446813448215679
SBF2	-0.6012662749779798	-0.013794250880544813
SBK1	-0.9804129566498874	-0.015616997986476054
SBNO1	-0.5049701700332097	-0.1082403559466185
SBNO2	-0.1233105341069183	-0.0036589934785545867
SBSN	-0.1599663553125352	-0.00334169716247886
SBSPON	0.4454019039298232	0.004556461477202092
SC5D	-0.6842258505537507	-0.004439941544243289
SCAF1	-0.100361328388064	-0.006786734109586052
SCAF11	-0.4264250616769423	-0.014043882981268416
SCAF4	-0.5972096725080431	-0.00038161698073263956
SCAF8	-0.0807891436545071	-4.976611249117637e-05
SCAI	0.1814599084446242	0.006938482519197095
SCAMP1	-0.36701466575752	-0.00963560303479793
SCAMP2	-1.5405437575587315	-0.04597752844434034
SCAMP3	-0.2704718417821977	-0.009853559667967244
SCAMP4	-0.1344887381398479	-0.0012356825260289226
SCAMP5	-0.0995729015431397	-0.006654755728832657
SCAND1	-0.255268015738643	-0.0013945291699802066
SCAND3	-1.0470554704817905	-0.004279315707859078
SCAP	-0.7355912608964027	-0.004233327706458797
SCAPER	-0.5210683876747556	-0.01524646102336335
SCARA3	-0.9392440215897696	-0.024110394034209386
SCARA5	-1.062960951074701	-0.009335986033289096
SCARB1	0.0238096423980122	0.0008301708014914914
SCARB2	-0.0442542411363227	-0.0014892879769606681
SCARF1	-0.423498487677915	-0.027628194339131818
SCARF2	0.0669389649886377	0.0019851419457030395
SCCPDH	-0.4276825992368636	-0.0015435065006458406
SCD	-0.7054535600028559	-0.007728949203391289
SCD5	-0.6715922711699889	-0.004401615745248107
SCEL	0.1832885414508004	0.003526838114596301
SCFD1	-0.4864449393790717	-0.05468127563560145
SCFD2	-0.5197929039427619	-0.014033368820646687
SCG2	0.1014383687096565	0.0033526395242228567
SCG5	-0.0219700423760964	-0.00036490043382458507
SCGB1A1	-0.2081737462647878	-0.0019262316741880817
SCGB1C1	-1.1289282557670368	-0.004698599400502407
SCGB1D1	-0.63519585191821	-0.006130910362714564
SCGB1D2	-0.6340087153759695	-0.006345159223482702
SCGB1D4	0.919924106654302	0.005280364372195694
SCGB2A1	0.3471133610876081	0.012609587068229539
SCGB2A2	0.5749879335389012	0.01875610639203896
SCGB2B2	0.0067461165438421	0.000177389134520328
SCGB3A1	-0.1759173564554585	-0.0011538419409913522
SCGB3A2	-0.3539996185548572	-0.01100655614010762
SCGN	-0.0191433172188513	-5.143809336705345e-05
SCHIP1	-0.4331104017591342	-0.015981773824912053
SCIMP	-0.8360701209479521	-0.019532270165586056
SCIN	1.4259420676724006	0.01487827953409383
SCLT1	-0.2118096243561688	-0.0012928859470700542
SCLY	-1.8255089619841272	-0.055950024175851515
SCMH1	0.0399646743707948	0.0011959828452204053
SCML1	-1.1807322915896536	-0.03285977967494006
SCML2	0.1074024165433168	0.003674666279613041
SCML4	-0.2865081902267662	-0.006325241315636317
SCN10A	0.5392149202476174	0.012550227268763295
SCN11A	-1.0448685988820388	-0.027006718675304055
SCN1A	-0.2414079299878704	-0.006558570641910463
SCN1B	-0.7375403833310242	-0.056190989184840744
SCN2A	0.3363538471025313	0.009321037810905347
SCN2B	-0.5505861815082854	-0.010580064063863213
SCN3A	-0.6897455606292544	-0.01832516005479803
SCN3B	-0.4433754249051339	-0.028947981492056192
SCN4A	0.103450167695811	0.0027430846466221246
SCN4B	-0.4621468557856629	-0.03465824130279001
SCN5A	-0.6220325035577823	-0.015553300718958787
SCN7A	0.2393884294179067	0.005739337595294313
SCN8A	-0.6659864186995778	-0.018224052361295245
SCN9A	0.2923200953161789	0.007540981498871468
SCNM1	-0.3575297035560008	-0.002280681978983729
SCNN1A	-0.5510801535714708	-0.010651277208229388
SCNN1B	-0.7012252119158617	-0.011779181109762647
SCNN1D	-0.612487838765793	-0.01091637075032273
SCNN1G	0.0429590385845921	0.0008279495506408435
SCO1	-0.1306944445935962	-0.017324332797548737
SCO2	-0.9457690696312576	-0.033751660787930696
SCOC	-0.1089797458862724	-0.004584559949943708
SCP2D1	0.0942758102771952	0.0014324266613517038
SCPEP1	-0.7787323515575861	-0.015042772835037892
SCRG1	-0.2098941125897269	-0.0013939068017083764
SCRIB	-0.1983423139542782	-0.006275154128885453
SCRN1	-0.6665842507411475	-0.0022657198682691604
SCRN2	-0.3160533323825927	-0.0024004250594457915
SCRN3	-0.9106166891456208	-0.00420431725378533
SCRT1	-0.7168163500562558	-0.011509203316503243
SCRT2	-1.2471145176971623	-0.016686392246788032
SCT	-0.1900315110377912	-0.006378597699494499
SCTR	0.3328789768793707	0.014748535949617397
SCUBE1	-0.1805203408934733	-0.0037450749921759973
SCUBE2	-0.4585942698785249	-0.007053179870731713
SCUBE3	0.1311738681225958	0.002684473211128923
SCX	0.2699788351474114	0.002806699970192489
SCYL1	-0.13267598215523	-0.005870779534386771
SCYL2	-0.3125312804117773	-0.0093515609724812
SCYL3	-0.3382416731418509	-0.0016908701240361125
SDAD1	-0.9174965890830664	-0.00442233355938038
SDC1	-1.2885566756846087	-0.03478716457345738
SDC2	-0.8891444117377243	-0.02665032545301481
SDC3	-0.7573274918564739	-0.019766247537453967
SDC4	-0.1107697458100023	-0.004171145548221447
SDCBP	-0.9881476609972812	-0.07801722227871834
SDCBP2	0.241878219531315	0.001179398198434692
SDCCAG8	-0.2098497394176275	-0.002750290684807426
SDE2	-0.7613938026290549	-0.0007377905947475542
SDF2	0.0545722441100172	0.00161823075459434
SDF4	-0.5882374599693987	-0.00925473995769855
SDHA	-0.1502783736857724	-0.005385976912898082
SDHAF1	-0.5990182712220878	-0.002105549223345639
SDHAF2	-0.3639749922777862	-0.016448393876025435
SDHAF3	1.0114914046044872	0.00075963004485797
SDHAF4	-0.1030749491977565	-0.0014071792064477718
SDHB	-0.3537112480081111	-0.049587487280753115
SDHC	-0.1110189446738856	-0.0016367523013270952
SDHD	-0.6382851289994614	-0.011108714385106626
SDK1	-0.3236107725426298	-0.004893965713162191
SDK2	-0.0629717605865886	-0.0017092424976017744
SDR16C5	-0.2547517552994776	-0.006123213190378242
SDR39U1	0.0836334172310144	0.00028544085300945217
SDR42E1	-0.6046223081648489	-0.002208685291726193
SDR9C7	-0.8742121258234454	-0.003982036233125794
SDS	-0.5267089372598014	-0.0023169926150058665
SDSL	-0.922566256560234	-0.005328742697891912
SEBOX	0.713639990971775	0.0006601169916488919
SEC11A	-0.0623785342026302	-0.0018054842939609285
SEC11C	-0.3570502599090533	-0.02367671683508914
SEC13	-0.5544423344793206	-0.0283153700218589
SEC14L1	-1.3792979981073592	-0.011791618585819813
SEC14L2	-0.1904603101213597	-0.0034063826465205184
SEC14L3	-0.8291182509157408	-0.010168306229230645
SEC14L4	-0.7762952453279192	-0.004549866432866934
SEC16A	-0.1936858389053863	-0.004813286782637755
SEC16B	0.2201140135442447	0.008742928617977399
SEC22A	-0.6580188260658061	-0.020193281734307456
SEC22B	-0.4536636602847441	-0.03422846950482366
SEC22C	-0.8093936311541994	-0.024100504761247442
SEC23A	-0.8591340283671749	-0.13870375234376692
SEC23B	0.5145006308795268	0.07098925354686446
SEC23IP	-1.0209136007333033	-0.036365963371720995
SEC24A	-0.2137520671168208	-0.01614362486899789
SEC24B	0.4930573187761531	0.025361389305888986
SEC24C	-0.4273966510799964	-0.01800451132339593
SEC24D	-0.4280842992727037	-0.012939276029816742
SEC31A	-0.7371440621231553	-0.03181734915342175
SEC31B	-0.6602381793345347	-0.026344163593627266
SEC61A1	0.011185720728843	0.002272759480569236
SEC61A2	-0.2114606928504389	-0.05045600153896468
SEC61B	-0.3693287380510801	-0.00029435500422671083
SEC61G	0.6562727062132643	0.000519111710614692
SEC62	-0.631021518585907	-0.002154307464452287
SEC63	-0.8067621276026414	-0.0017321182879628712
SECISBP2	0.4848646407868734	0.034839463899100004
SECISBP2L	-0.6990552046603278	-0.0234092616384604
SECTM1	0.9640926192136944	0.10311356199538146
SEH1L	-0.9101966639355868	-0.335121668907788
SEL1L	-1.5658193230673847	-0.05197110915192956
SEL1L3	-0.0106358329657966	-8.156620301469412e-05
SELE	0.1832019069446032	0.0033590069638292997
SELENBP1	0.0769100623733675	0.0016705634648119156
SELENOF	-0.2497121280696719	-0.0011751452746958761
SELENOH	-0.2053226261332618	-0.004516892452305627
SELENOI	-0.6051722413027193	-0.017079170994045344
SELENOK	-0.2598308520420017	-0.0029745435941768354
SELENOM	0.3539550242631193	0.0011747767255292929
SELENON	-0.2934958361954958	-0.0030957940801900896
SELENOO	-0.8168164938910567	-0.002895614470843796
SELENOP	0.5744884749380423	0.005250250172458768
SELENOS	-0.7069997896049189	-0.045281215524826245
SELENOT	0.1687070088231067	0.00446921737073292
SELENOV	-0.2746995461654509	-0.0007988262802491312
SELENOW	-0.3603954390871444	-0.002603857047404618
SELL	-0.7619227520041427	-0.04218918662397339
SELP	-0.6018198829276205	-0.015527554799415536
SELPLG	-0.7730125931584931	-0.025472310969758667
SEM1	-0.3520262970987468	-0.022576150485536826
SEMA3A	-1.020244561366911	-0.02906268657509783
SEMA3B	-0.3334688540483599	-0.008218006439167782
SEMA3C	-0.2412567455964437	-0.0037539549614806636
SEMA3D	-0.9468508769199188	-0.02351409467742926
SEMA3E	-0.647749305852673	-0.01901597637191692
SEMA3F	0.0359195826361074	0.0008692538997937991
SEMA3G	-1.9979146973184232	-0.040385847691594604
SEMA4A	-0.5112596459245402	-0.004241410022589986
SEMA4B	-0.3451718167772127	-0.0077705079392886124
SEMA4C	-0.3894043752320907	-0.009944998339052364
SEMA4D	-0.913715638733331	-0.02152805416419601
SEMA4F	-0.2909039359957323	-0.006815588316444011
SEMA4G	0.0848124945742313	0.0021818862354166745
SEMA5A	0.0509946714428141	0.0015568163244776719
SEMA5B	-0.4412983289770769	-0.010701043179365138
SEMA6A	0.3025055223119209	0.006301492535279624
SEMA6B	-0.2646110332809488	-0.006690160754442229
SEMA6C	-0.0819785408072033	-0.0021002082369397414
SEMA6D	-0.108830159541408	-0.002590810778042759
SEMA7A	0.4483599687963988	0.01178917701953251
SEMG1	-1.2966461935705702	-0.010262954622111064
SEMG2	-0.079852175007211	-0.0003851270400597786
SENP1	0.3108738434640721	0.027795541217966152
SENP2	0.2684106416871082	0.007966696255915059
SENP3	-0.2043651495089496	-0.00601385325459986
SENP5	-0.3609337979591971	-0.018114545451976185
SENP6	0.076017079823578	0.002167246945770209
SENP7	-0.5963880956901089	-0.010981294005941973
SENP8	-0.8069162984573692	-0.08227157195811645
SEPHS1	-0.3452721276399465	-0.0016683549207562216
SEPHS2	-0.2207259572372094	-0.0011369594057288655
SEPSECS	-0.8837936171950291	-0.00395939540503373
SEPTIN1	0.0600080143983126	0.006565776895391373
SEPTIN10	0.0231033837376484	0.00027878853156220325
SEPTIN11	-0.0814438707644295	-0.008822162968944532
SEPTIN12	-0.7591316065158037	-0.08942266672113561
SEPTIN14	-0.2328919033939849	-0.004466400923289843
SEPTIN2	-0.5392735085479962	-0.07271510061910325
SEPTIN3	-1.0516064645359564	-0.07707223778584024
SEPTIN4	-0.2316188091786765	-0.004206660812303122
SEPTIN5	0.4642703174697273	0.0156644805114286
SEPTIN6	0.3651795650272942	0.010453630228471324
SEPTIN7	0.6019892685428208	0.120557380864728
SEPTIN9	-0.3079876275144751	-0.0380943736720104
SERAC1	-0.2560695187621406	-0.004082004198587284
SERBP1	0.3365727422858273	0.0003513819429464037
SERF1A	0.2243913382699551	0.00014720071790509055
SERF2	-0.2625953288504347	-0.0004112242849797807
SERGEF	-1.693902803840006	-0.020697798360121034
SERHL2	-0.5093330520271115	-0.0033666914738992074
SERINC1	-0.8581669973218534	-0.005990863808303859
SERINC2	-1.984034142478665	-0.008295246749703299
SERINC3	-0.2303253202901054	-0.0013294377487144886
SERINC4	-0.9311349777010774	-0.005130553727132937
SERINC5	-0.2129711372740473	-0.001197536704891968
SERP1	0.0336420447144925	0.0010858642772496746
SERP2	-0.6193304371225459	-0.011623593643915941
SERPINA1	-1.4847928835940034	-0.046133999686149285
SERPINA10	-0.881678392226021	-0.024448941816427563
SERPINA11	-0.0090011583222342	-8.389079556322275e-05
SERPINA12	-0.5580450968004724	-0.0048706176048745236
SERPINA3	-0.9421071317661728	-0.013993117228122964
SERPINA4	-1.634035394795097	-0.015211235490147556
SERPINA5	0.4902457339260064	0.008993557988872587
SERPINA6	-0.7422359677441797	-0.012981707075845702
SERPINA7	-0.0758580494183406	-0.0006520757928000558
SERPINA9	0.1000495282723745	0.0017633729358006002
SERPINB1	-0.552693020604939	-0.000606856936624223
SERPINB10	-0.1548845657277241	-0.0003591773079225922
SERPINB11	-0.5299597442593124	-0.0008309768789986018
SERPINB12	-0.2873220114863076	-0.00020313666212081946
SERPINB13	-1.163627678861728	-0.019501236270043697
SERPINB2	-0.085957498277747	-0.001178305386391356
SERPINB3	-0.2816186735383015	-0.004042072821295241
SERPINB4	0.1009583186818003	0.0013026651859512693
SERPINB5	0.1305013494246358	0.00022550633180577062
SERPINB6	-0.556266035763606	-0.0007292647728860876
SERPINB7	-0.1876973512927169	-0.000144526960495392
SERPINB8	1.1678910259013175	0.014334694451912771
SERPINB9	-0.4989675905978666	-0.000430110063095361
SERPINC1	0.2287891118628895	0.0026633340511958968
SERPIND1	-6.141095962509946e-05	-1.585630977520068e-06
SERPINE1	0.4414147122291908	0.012141111659863894
SERPINE2	0.997878867137681	0.005345637091256557
SERPINF1	-0.7313674312841099	-0.020673563180107934
SERPINF2	-0.8111132233373535	-0.01639746492298794
SERPING1	-0.3824609847844876	-0.009794443359345942
SERPINH1	0.4500612172270254	0.01385783493963734
SERPINI1	-0.1198513761773675	-0.0015065317985495095
SERPINI2	0.7930311069239023	0.006540920569908347
SERTAD1	0.1888786890633187	0.00193562880552089
SERTAD2	-1.0855627833938728	-0.0016066329194229317
SERTAD3	-0.4616926660227059	-0.004996438031697723
SERTAD4	0.1067398513346697	7.781335162297422e-05
SERTM1	0.9038155966054332	0.004492867330725609
SESN1	-0.3329851535264346	-0.008857738068956686
SESN2	0.3269368116595748	0.010075865598536436
SESN3	0.4249156981283276	0.01287876989457148
SESTD1	0.1076761834608723	0.010349081020974819
SET	-1.110313338330284	-0.17279695453100374
SETBP1	0.0190777433209407	0.00039771371501165075
SETD1A	-0.3626788791109404	-0.0003659429890229388
SETD2	-0.5054093221031681	-0.0035823412750672556
SETD3	-0.6596788117664597	-0.017075786042574807
SETD4	-0.3285196077607783	-0.00020565327445824723
SETD5	0.1291941485481682	0.0039896445013159814
SETD6	-0.3457197655643927	-0.0011159834032418597
SETD7	0.5132082841488758	0.01782577654162705
SETD9	-0.2889257684935367	-0.0008323951390298792
SETDB1	-0.6856600068555296	-0.005461281954604293
SETDB2	-0.6225954670442063	-0.0003144107108573242
SETMAR	-0.6835537686702436	-0.023683087423117928
SETX	-0.3726769239556213	-0.00943282562224073
SEZ6	-1.3232843866072286	-0.03186733459827528
SEZ6L	0.8260334656665794	0.02214017498026133
SEZ6L2	-0.081210560419972	-0.0022928989628974894
SF1	-0.6142245458561691	-0.006619497930691935
SF3A1	-1.435269371021432	-0.0015630083450423392
SF3A2	-0.3315142880198394	-0.003940710341691831
SF3A3	-1.2810041964734245	-0.0007442634381510596
SF3B1	-0.1421071522128832	-0.00027824580403282533
SF3B2	-1.5190024059866003	-0.0021417933924411064
SF3B3	-2.0728875327689975	-0.40185619576519616
SF3B4	-0.8142144111827548	-0.06187948103547818
SF3B5	-1.7069081183283266	-0.0008210228049159251
SF3B6	-2.4679367286015044	-0.0011426547053424965
SFI1	0.254525317397689	0.0036628738426701425
SFMBT1	0.4312091340532394	0.004437141989407834
SFMBT2	-0.571049093746449	-0.011648259414240065
SFN	-0.8442094617088258	-0.034415042916021994
SFPQ	-1.0231186591109531	-0.036960161560383176
SFR1	0.5981622946633156	0.0005018581652225219
SFRP1	-0.5853633057339104	-0.01797533639247692
SFRP2	-1.0091846142985583	-0.02736505000131971
SFRP4	0.5399627998354657	0.016595216690143202
SFRP5	-0.0500035398319498	-0.0013613463719248332
SFSWAP	-0.085100717656525	-5.080512844094542e-05
SFT2D1	-1.107417023301864	-0.009676609949611687
SFT2D2	0.2280652341213097	0.0014320216050477035
SFT2D3	-0.3352318127590148	-0.0025883248263123535
SFTA2	-0.6213555168948393	-0.0011582066834919804
SFTPA1	0.1282720329809516	0.004141390856823004
SFTPB	-1.3570796132270804	-0.0074408675193240814
SFTPC	-0.3734772633902994	-0.0006681508242052457
SFTPD	-1.2112205112254708	-0.027595236907249902
SFXN1	-0.5614628395966252	-0.0037668541908537586
SFXN2	-0.1075577948053216	-0.0007783957610061125
SFXN3	-0.5287181048490969	-0.0007349181657402446
SFXN4	-0.8708373122573505	-0.0018566251497326716
SFXN5	-0.2465109353553868	-0.004544675604211911
SGCA	-0.8184928496681048	-0.024860083322969347
SGCB	-0.5245415146445436	-0.018345314933178265
SGCD	-0.7122274458222393	-0.017716657714828204
SGCE	-1.465047642331594	-0.05137336062599967
SGCG	0.6587509710452126	0.012788991351871759
SGCZ	0.2819084781914432	0.007068009365215865
SGF29	-0.2482158959339623	-0.009410361046648379
SGIP1	-0.2690938830283657	-0.01971704699725441
SGK1	-0.1037074208675811	-0.0042560488449846605
SGK2	0.3889129301088171	0.013530669751415857
SGK3	-0.6526280572002249	-0.08543227582779543
SGMS1	-0.1934143462635846	-0.004193029612648251
SGMS2	0.3387393063108577	0.002703817142973266
SGO1	-1.3195782764729942	-0.11195697971079825
SGO2	-0.0327401469204258	-0.0008104823370151407
SGPL1	-0.1525857595236392	-0.0008769103599823545
SGPP1	-0.2777126737755057	-0.002357502887680268
SGPP2	-0.7369784174107721	-0.00438207366992445
SGSH	-0.2138767347511481	-0.0009881105145503042
SGSM1	-0.0698546893709451	-0.0012589910665325437
SGSM2	-0.8142980074581792	-0.015355217526638883
SGSM3	-0.0597297576670781	-0.0015307542294918776
SGTA	0.3228357773523165	0.01599618993202993
SGTB	-0.2488503030311584	-0.02402525250614319
SH2B1	1.0954005893888206	0.13523815676594378
SH2B2	-0.7814936788334721	-0.05074785502240917
SH2B3	0.3969558618305623	0.022243024761813727
SH2D1A	-0.8883867539992697	-0.05594082551258001
SH2D1B	-0.321086607546054	-0.01917400785622016
SH2D2A	-0.111953707499302	-0.00967772629106966
SH2D3A	0.0172490227986417	0.0005461040618049963
SH2D3C	-0.5031420772139001	-0.039356779563825696
SH2D4B	0.1974877877405269	0.02212238449490608
SH2D6	-0.7481235509810391	-0.022532733231997917
SH3BGR	-0.2320850010892008	-0.0014658488668793923
SH3BGRL	-0.2133311656362918	-0.0015364110549125735
SH3BGRL2	-0.1139850807231568	-0.00015296797833047645
SH3BGRL3	-0.3567162409945853	-0.0019633661904341977
SH3BP1	-0.6726577170876618	-0.06108942855046726
SH3BP2	-0.3583166917485234	-0.005238590033363411
SH3BP4	0.3718109016166956	0.011347668717341549
SH3BP5	-0.1988422358853371	-0.0396032092790467
SH3BP5L	-0.247307166107127	-0.0022507425187409625
SH3D19	-0.7264705964771994	-0.019668464929023695
SH3D21	0.429793834268681	0.0030227400364116336
SH3GL1	-0.5875934289172702	-0.05019928181926022
SH3GL2	-1.492862033532162	-0.09284556845146576
SH3GL3	-0.7394367461249509	-0.03248345625726909
SH3GLB1	-0.5372653234805	-0.0702415311265171
SH3GLB2	-1.2450800039884675	-0.12085120042713261
SH3KBP1	0.0452439365355789	0.002046790444933054
SH3PXD2A	-0.4789360745258367	-0.020544920788934815
SH3PXD2B	-0.7434759377344964	-0.04972069681193218
SH3RF1	-0.8980602429741164	-0.030922908346327747
SH3RF2	-1.100114330576364	-0.03447428277727152
SH3RF3	-0.7476949191227262	-0.022208034487783215
SH3TC1	0.1099488493049418	0.0009175231474497393
SH3TC2	0.2689811562650982	0.0021346344561198197
SH3YL1	-0.4616089474281272	-0.03568606450777366
SHANK1	0.0137674012317209	0.0003394628121705422
SHANK2	-0.2137350666415001	-0.00435698933348698
SHANK3	0.2156396419276149	0.004850813745161697
SHARPIN	0.5339283070851364	0.01388587348236314
SHB	-0.229778033434942	-0.017038730513301254
SHBG	-0.5610137179775219	-0.006351797314941503
SHC1	0.0935062443011407	0.0032541108079239974
SHC2	-1.377904816027085	-0.14788639018973895
SHC3	-0.4243342573512471	-0.022093811777507383
SHC4	0.0904727561950016	0.0030555363949737887
SHCBP1	-0.2879678464651203	-0.0129735274189466
SHCBP1L	-0.3763688248563194	-0.001179539897099705
SHD	-0.7917147560755358	-0.05435992686690236
SHE	-0.5561803483581474	-0.014090272945305307
SHF	0.1250557588326982	0.004046554244308448
SHFL	-0.6578015412540611	-0.001130760849415731
SHH	-0.6432888977923672	-0.0137882542352816
SHISA2	-0.4523016681907017	-0.0021059165670959073
SHISA3	-0.8015914345845147	-0.0010797436623853412
SHISA4	-0.2878488699598089	-0.0001977521736623887
SHISA5	-0.88304616084503	-0.0007779636677044714
SHISA6	0.0053168580375349	6.389799989509443e-05
SHISAL2A	0.009097582346877	1.1199123869005587e-05
SHKBP1	-0.8554801449884563	-0.006674456091199935
SHLD1	-0.5071296933817913	-0.0021629081422733397
SHLD2	1.355311612424291	0.03485048280187822
SHMT1	-0.1421232060830283	-0.011322103089398367
SHMT2	-0.6769369514396396	-0.016993825228940714
SHOC1	0.3484796919906278	0.007625781099830907
SHOC2	0.7945191842407375	0.04714200127773992
SHOX	-0.8703225508511249	-0.01604004461218623
SHOX2	-0.6163172136276148	-0.012425571343946342
SHPK	-0.034281139182999	-1.844325288045346e-05
SHPRH	0.0921067432518353	0.0019720974797650453
SHQ1	-0.1185815263741066	-0.00014763400033576272
SHROOM1	-0.4985181459937234	-0.019778208924154984
SHROOM2	-0.0782833383594268	-0.0005180791332626865
SHROOM3	-0.6570045380211762	-0.004516249194357565
SHROOM4	-0.802005585725275	-0.021146481278818328
SHTN1	-0.8200767686724795	-0.004989347060603365
SI	0.5423212277470192	0.016464872474399504
SIAE	0.0998182823665258	9.382918542453425e-05
SIAH1	0.5217794480934709	0.018296196347397556
SIAH2	-1.2878673491722408	-0.10878486711723001
SIAH3	-0.0724365798366868	-0.0012419975978798321
SIDT1	-0.6293309239413323	-0.01872448298002646
SIDT2	-0.8604760077184997	-0.026660988623149997
SIGIRR	-0.6167792726940651	-0.02203690663408625
SIGLEC1	-1.0588061696609774	-0.009726193474505738
SIGLEC10	-0.907708614003377	-0.02458347239305346
SIGLEC11	-0.0871337553136289	-0.0021883642647017895
SIGLEC12	0.4381561220477845	0.014942438230195594
SIGLEC15	0.2904094922480791	0.010664998193318457
SIGLEC5	-1.3217325256901882	-0.05295917883935446
SIGLEC6	-0.1515196505049539	-0.004971208213417032
SIGLEC7	-0.6949106571775305	-0.021174622634856533
SIGLEC8	-0.7205162938344953	-0.02474685262803958
SIGLEC9	-0.9184140881496876	-0.04805234350607981
SIGLECL1	-0.3866332249260863	-0.0023484102082010484
SIGMAR1	-0.5239918718065528	-0.003110939742915504
SIK1	-0.854024047124736	-0.049284873735521394
SIK2	-1.096059819467855	-0.054060958475613013
SIK3	-0.7851370319659936	-0.022167558960527863
SIKE1	-0.4312850547966258	-0.02389707360122624
SIL1	-0.744741180166804	-0.010506063828613105
SIM1	-0.5610165502700855	-0.01391377146324839
SIM2	-0.666475582245041	-0.015259624931082459
SIMC1	-0.1151535075766721	-0.0024837460049212407
SIN3A	0.1056186851956237	0.0033128356798459327
SIN3B	-0.5199631413898667	-0.01574708373699211
SINHCAF	-0.1358938262243484	-0.003928554622319688
SIPA1	-1.531299620003754	-0.01752419285132296
SIPA1L1	-0.3215747332565765	-0.005606655474328411
SIPA1L2	-0.6857759242348577	-0.007618970518249269
SIPA1L3	-1.1501152699573476	-0.009536755818486327
SIRPA	-0.6399526930074455	-0.022635126751673347
SIRPB1	0.2198858286889582	0.008598195559224333
SIRPD	0.1007472443912682	0.0047742104172134175
SIRPG	-0.402733998685359	-0.01741099623116544
SIRT1	-0.8138413530606425	-0.030090156346711135
SIRT2	-1.0528596644338573	-0.06229770634455133
SIRT3	0.3521917151948639	0.018808798549981708
SIRT4	-0.5277143347891208	-0.027380458260533532
SIRT5	-1.3354666025209734	-0.03878061467060655
SIRT6	-1.1645112583061366	-0.02133384625216842
SIRT7	1.3380853272085511	0.03970099165827771
SIT1	0.0157914718823914	0.00045801585047688015
SIVA1	-0.2344222668392522	-0.01888833972830591
SIX1	-0.1935677456889764	-0.0054649981640368704
SIX2	-0.4446302962951762	-0.009483519589679813
SIX3	-0.2555357800091821	-0.007095973075074977
SIX4	-0.4941861765971663	-0.010040380549924628
SIX5	-1.400960705700322	-0.012907050981617067
SIX6	0.0947175894084148	0.0018922680012013109
SKA1	0.9443041398577512	0.2027997013799905
SKA2	1.4694298329239364	0.24291438454032174
SKA3	-1.489197138656019	-0.045299887760777445
SKAP1	-0.8765414956889379	-0.024689544309070315
SKAP2	-0.3821761710413258	-0.012110398507957532
SKI	-0.0698957765017686	-0.0020263484565627736
SKIC2	-0.6707124146649618	-0.011467840865941516
SKIC3	-0.0887342668126222	-0.00273390276049689
SKIC8	-0.3699352587702812	-0.04921470708576313
SKIDA1	-0.2942260300103462	-0.00570298313969054
SKIL	0.3376155003714833	0.00919563338361809
SKOR1	-0.1489943544836768	-0.0035658818858578367
SKOR2	-0.4725783042156838	-0.012770010936516208
SKP1	-0.2428372265308189	-0.03931801818483142
SKP2	0.2019283069445418	0.04992576425050324
SLA	-0.4201562854556213	-0.006502338673711195
SLA2	-0.24068010572918	-0.016473590516739457
SLAIN1	-0.5819520204177584	-0.009031895356883611
SLAMF1	-0.3406365569612768	-0.03462195901298721
SLAMF6	-1.057361759967923	-0.02700290462606082
SLAMF7	-0.5648875077692005	-0.01314154298074268
SLAMF8	-0.6333448607536799	-0.021914365526938078
SLAMF9	-0.3355453442378258	-0.006780029225669507
SLBP	0.5161013387506364	0.038864495213277915
SLC10A1	-0.5777341623257515	-0.0006782599065704322
SLC10A2	0.6101974968596269	0.0007285758112503945
SLC10A3	-1.4808694555389077	-0.0027277615371026683
SLC10A4	-0.5596179330338988	-0.000685531967966526
SLC10A5	-0.4299249078542359	-0.00028547013881521265
SLC10A6	-0.6639278874701137	-0.0003897256699449567
SLC10A7	0.4079784885789942	0.0006674528073152345
SLC11A1	-0.1891680653080636	-0.0013111238606501887
SLC11A2	0.3797816144190116	0.0033116956777337813
SLC12A1	-0.0686691753814474	-0.001620523869826777
SLC12A2	-0.2878306542382257	-0.009524892010051364
SLC12A3	-0.4544649283458741	-0.010912611859441129
SLC12A4	-0.4599463433612956	-0.0043878881156667595
SLC12A5	-0.2083394382386673	-0.00503223079121677
SLC12A6	-0.4465773814319397	-0.011171133196519972
SLC12A7	-0.2794721797451372	-0.004684792149067735
SLC12A8	-0.9896401000881452	-0.006432660650572943
SLC12A9	-1.081968700815854	-0.012531361492849223
SLC13A1	-0.2173157424893719	-0.000276425624446481
SLC13A2	-0.0950699111944428	-0.00019641443652771885
SLC13A3	-0.9902364785636876	-0.006155309950751882
SLC13A4	0.059989737086482	0.0002512970086552731
SLC13A5	-0.9032832783593072	-0.003701654874716441
SLC14A1	-1.2318007183125788	-0.0043827469557561555
SLC14A2	-1.4202008964911936	-0.0014514453162139999
SLC15A1	-1.202340812570458	-0.027346039441102497
SLC15A2	0.114028362104604	0.0026403267245321054
SLC15A3	1.094317258805919	0.006318587852345375
SLC15A4	-0.3263614440854741	-0.00249209598703668
SLC16A1	-0.7456644753269309	-0.02241765678622885
SLC16A10	-0.1196006588500266	-0.0005814984033288294
SLC16A11	0.1128537807363482	0.002899665042239731
SLC16A12	-0.070939350093525	-0.0006003597198415021
SLC16A13	-0.7057257283021464	-0.004646498195141332
SLC16A14	-0.8085129210017211	-0.005880314474445518
SLC16A2	0.6928669927082771	0.005363483390554773
SLC16A3	-0.8391462905473362	-0.006604081306607537
SLC16A4	-0.918434466311616	-0.005539078266325356
SLC16A5	-0.4260210051272224	-0.003733648088934977
SLC16A6	0.5365905821415824	0.006960116440958466
SLC16A7	-0.218031724294987	-0.004968070869785574
SLC16A8	-0.2349785645495979	-0.0015727115325304588
SLC16A9	-0.8270951396115672	-0.0064604401355059515
SLC17A1	0.9200256912829516	0.025435030261208483
SLC17A2	0.194381047707789	0.001453775855806554
SLC17A3	-0.2406609702521834	-0.001896408445587205
SLC17A4	-0.4395887950353222	-0.005752458971832227
SLC17A5	0.550285380287344	0.003437632770655038
SLC17A6	-0.5370779286907766	-0.004948098957028126
SLC17A7	-0.4477452411496193	-0.005612934343051627
SLC17A8	-0.5478699064880994	-0.006451168148897371
SLC17A9	0.0206249154621867	0.00016025559314119064
SLC18A1	-0.3434953127196054	-0.0027692592111454584
SLC18A2	-1.0522359147970572	-0.004923411845335431
SLC18A3	-0.1678996688488978	-0.002652311068806038
SLC18B1	-0.2953279761852185	-0.0021680026731756893
SLC19A1	-0.7585758903354561	-0.006023092569263521
SLC19A2	-0.5852791835390428	-0.0019021573465018893
SLC19A3	-1.1056747582279605	-0.006573236437665225
SLC1A1	-0.0070067352393545	-8.323300790829211e-05
SLC1A2	-0.8272221159086741	-0.0065135469406649
SLC1A3	-0.0111787328334234	-0.00016225930707714064
SLC1A4	-0.3260822351541033	-0.002200076840584735
SLC1A5	0.1718984318784787	0.0010092156935585484
SLC1A6	0.3572546378385179	0.0025132863771939735
SLC1A7	0.1942341763087859	0.0010908191341501415
SLC20A1	-0.4187619577640235	-0.0009602211691529058
SLC20A2	-0.3855393809378931	-0.000937631774440956
SLC22A1	-0.2357909352217057	-0.005890764934643873
SLC22A10	-0.7847731458361173	-0.01903781174483837
SLC22A11	-0.5783752442642496	-0.027815222247156293
SLC22A12	-1.4679746034047594	-0.03472347126893618
SLC22A13	-1.1770308665373708	-0.029305714515047456
SLC22A14	-0.4601427082365967	-0.011921377284993748
SLC22A15	-0.2251322464319687	-0.005644740814788752
SLC22A16	-0.4937751694084881	-0.012656938917447775
SLC22A17	-0.9962410875851124	-0.024133940346749348
SLC22A2	-0.7265330856200782	-0.0178356607188873
SLC22A23	-1.394308000656466	-0.036441633905157395
SLC22A24	-0.7598964648939761	-0.018669136349515204
SLC22A25	-0.413256593789202	-0.010803767131431108
SLC22A3	-0.6340773170922813	-0.015548843969736922
SLC22A4	-0.1642260025046403	-0.004239986932664803
SLC22A5	-0.9364937540615632	-0.026208714201166907
SLC22A6	-0.8126798533974543	-0.02072171090192829
SLC22A7	-0.2621920846704078	-0.005662824644711467
SLC22A8	-0.1339400632787215	-0.005312866550013767
SLC22A9	-0.3542739890479944	-0.009273121663331253
SLC23A1	-0.5822885307749971	-0.002015300605012265
SLC23A2	-1.591310161678563	-0.005746220993821291
SLC23A3	0.8901765304891823	0.00449628165550086
SLC24A1	-0.4014977840023468	-0.004182000918168444
SLC24A2	-0.7461713891696272	-0.00606488105117073
SLC24A3	-0.4988562032983835	-0.0026663864066298597
SLC24A4	0.2691286117607399	0.0017323808739038826
SLC24A5	-0.2953463515819537	-0.0014879549192698828
SLC25A1	-0.5427014719288042	-0.002667377734530073
SLC25A10	0.183882324917957	0.00200983381135327
SLC25A11	-0.5999326318116927	-0.007385170697601936
SLC25A12	-0.88842752143934	-0.007484113440604999
SLC25A13	-0.3206757743560948	-0.007108740565925909
SLC25A14	0.2402481422029029	0.0004879439768140957
SLC25A15	-0.4564128434174192	-0.0006960295862115643
SLC25A16	-0.7169670879922991	-0.0014052554924649063
SLC25A17	0.5269268636906931	0.00033881397335311565
SLC25A18	-0.5396447409903685	-0.004966350551334361
SLC25A19	-0.3985510186457799	-0.0002020653664534104
SLC25A2	0.1957001581093518	0.0001939388566863676
SLC25A20	0.5842984600109074	0.0015846174235495808
SLC25A21	0.0842082757550988	0.0003414645581869256
SLC25A22	-0.966348717243806	-0.005762337400924815
SLC25A23	-0.3263687160265097	-0.0005427511747520856
SLC25A24	0.6790736642532679	0.0006919760638740799
SLC25A25	0.0545985141988103	3.87103465669565e-05
SLC25A26	-0.4136979103225113	-0.000549390824908295
SLC25A27	0.8207932607456476	0.002403282667463256
SLC25A28	-0.1472568719251608	-0.00030187658744657963
SLC25A29	-1.125192102931572	-0.10123015792444473
SLC25A3	-0.4064748604458943	-0.007429547499230056
SLC25A30	0.6627110570202315	0.0012180629228031854
SLC25A31	-0.4151526107665166	-0.06470734652451235
SLC25A32	0.1263598988858327	0.000981942774241806
SLC25A33	-0.7205469041779963	-0.0024700347875221715
SLC25A34	-0.7787116818912158	-0.0060529259033404205
SLC25A35	-0.6373152240496565	-0.000729088616312807
SLC25A36	-0.2857910726327389	-0.001085720284931775
SLC25A37	-1.158790636799606	-0.003751005291320324
SLC25A38	-0.6810437892175407	-0.0004883083968689767
SLC25A39	-0.3105023736057708	-0.00022852974697384733
SLC25A4	-0.90102580633672	-0.046232535148943446
SLC25A40	-0.1145174172206387	-5.8861952451408295e-05
SLC25A41	-0.5497699506888573	-0.00025344394726756317
SLC25A42	-0.4574320291111824	-0.0013873913442942164
SLC25A43	0.6547269194752888	0.0009814356522934579
SLC25A44	-0.4236365045924749	-0.0010446876203250432
SLC25A45	-0.6047983798950374	-0.0060606845649281696
SLC25A46	-0.675758955511517	-0.0024151625069981615
SLC25A47	-0.2497210431868521	-0.00016007118868277217
SLC25A48	-1.2030875483427967	-0.0007892254317128747
SLC25A5	-0.610370955299937	-0.015492435587423
SLC25A51	-0.1339693678391656	-6.122400110249868e-05
SLC25A52	-0.7546908339089637	-0.00036300629111021154
SLC25A53	-0.1378123439772215	-0.00015559013635028308
SLC25A6	-0.5281643316432824	-0.012035808789487118
SLC26A11	0.1352483165178952	0.0007870099538176323
SLC26A2	-0.1713641731737978	-0.00213742533199678
SLC26A3	0.5116172159194038	0.012642061405368468
SLC26A4	-0.8291504450895747	-0.020594438755134857
SLC26A5	1.0148441297639266	0.025149867223809626
SLC26A6	-0.4467628554078626	-0.011246808122037532
SLC26A7	0.2441663705640213	0.0017689853547363343
SLC26A8	-0.463743911875987	-0.0034048078009934965
SLC26A9	-0.3376366281806168	-0.0058255823826283614
SLC27A1	-1.0942668347558535	-0.009255308888365009
SLC27A2	-0.6894769646712182	-0.007067138887879987
SLC27A3	-0.4126166053455753	-0.006317160227840758
SLC27A4	-0.5166469664929266	-0.004055162040002981
SLC27A5	-0.376482824191968	-0.002021712765910868
SLC27A6	-0.5359539783747265	-0.0025581083387825696
SLC28A2	-0.4854645121915772	-0.0029642463114417706
SLC28A3	-0.7560326687098912	-0.0045664373190077425
SLC29A1	-0.2295908158898477	-0.0015460645542022344
SLC29A2	-1.1866488386471858	-0.009220261476288634
SLC29A3	-0.80396989060304	-0.004109090110872138
SLC29A4	-0.9980984274127532	-0.003775806350902445
SLC2A1	-0.698908652798433	-0.019068324774299646
SLC2A10	-0.6795080397646407	-0.006756348439379823
SLC2A11	-0.3434829540430715	-0.0034540645858571273
SLC2A12	0.4549727298164296	0.0031811693268764757
SLC2A13	0.2987741858254508	0.002847915539288197
SLC2A14	0.3216312061760438	0.0032465453951409863
SLC2A2	-0.5268468378638713	-0.01434393200768176
SLC2A3	-0.6279586774964694	-0.005286156147165279
SLC2A4	1.0295129170747062	0.05643583908820124
SLC2A4RG	-0.5774020132835647	-0.0017789756029266627
SLC2A5	-0.5821867032884952	-0.014595420651442573
SLC2A6	-0.1922464439368914	-0.004470306560864536
SLC2A7	-0.4022522981925747	-0.00347465535178746
SLC2A8	-0.1121482159650751	-0.003861150927461571
SLC2A9	-0.5174858526220073	-0.008980966972254936
SLC30A1	-0.5914905454267636	-0.0036441732503742904
SLC30A10	0.203219807830735	0.0017452517096503523
SLC30A2	-0.8052881249784035	-0.0019085328561988164
SLC30A3	-1.0176913998682082	-0.005766239471653268
SLC30A4	-0.1852739688096459	-0.0015846482552289013
SLC30A5	-1.025539354770974	-0.010907636577344079
SLC30A6	-0.5317346965163587	-0.0878633095176666
SLC30A7	-0.4325175083878758	-0.010617007278397187
SLC30A8	-0.9815404845860396	-0.004005666717595628
SLC30A9	-0.0976811044850479	-0.002565496528195298
SLC31A1	-0.8905532420226396	-0.0008656177512460057
SLC31A2	0.8776483104881354	0.0015867881453625488
SLC32A1	0.5779471794075632	0.00565925878075886
SLC33A1	-0.2363141586423859	-0.0013358839388054075
SLC33A2	0.1203683233047152	0.0007488113392786332
SLC34A1	-0.2774530077269557	-0.023463368504445463
SLC34A2	-0.1205741680222618	-0.0008033856815323303
SLC34A3	-0.5017830993846168	-0.002973566646953239
SLC35A1	-0.2051286498818235	-0.0005197959988005407
SLC35A2	0.0061512425292912	3.2250964581073765e-05
SLC35A3	-0.2360037627169777	-0.0012661601869765854
SLC35A4	-0.9897107080095924	-0.004843644204998945
SLC35A5	-0.8828874786965915	-0.004785250134535526
SLC35B1	-0.5861267153004297	-0.0007303138872643354
SLC35B2	-0.2329725738109558	-0.0016818290103412898
SLC35B3	-0.2153496052887601	-0.0005444038021699855
SLC35B4	0.2980811065026302	0.0021139912073166534
SLC35C1	-0.339232570124785	-0.0031416328319256344
SLC35D1	-0.5252385223603979	-0.0018430619749626362
SLC35D2	-0.6120274527067641	-0.003932888411093666
SLC35D3	-0.4243181932219856	-0.0013688504913341255
SLC35D4	-0.2197407559735245	-0.0004752992551707335
SLC35E1	-0.1443973533277069	-0.0014914802625218845
SLC35E3	0.6283449618395399	0.0008683727372622442
SLC35E4	-0.4286417680111294	-0.002830321594177488
SLC35F1	-1.4634309306380682	-0.005086885914897925
SLC35F2	-0.9162837724633006	-0.003994080964167528
SLC35F3	-0.3220536845966861	-0.0019030152222818183
SLC35F4	-0.3899412308822131	-0.0004932756570659996
SLC35F5	-0.704569640565706	-0.0186055704984186
SLC35F6	1.8631231389440464	0.009492612392919916
SLC35G1	-1.055385554317977	-0.00514922611951741
SLC35G2	-0.3494214407055992	-0.00030155070332893213
SLC35G3	-0.5300421604537711	-0.0006424110984699705
SLC35G5	-1.3805136969048248	-0.0010505709233445716
SLC35H1	-1.0268188943009626	-0.0037499426019871156
SLC36A1	-0.4083859123494272	-0.0008069705628024681
SLC36A2	-0.9678586165776708	-0.00104722302313704
SLC36A3	-0.0223127455817711	-5.5603361989773574e-05
SLC36A4	-1.2991971869787453	-0.004584866872847993
SLC37A1	-0.5876139823000837	-0.005000007375391411
SLC37A2	-0.3404962937036836	-0.0025666610619383672
SLC37A3	-0.2230828052730327	-0.008261425527676221
SLC37A4	-1.1108303063425655	-0.008541174225467987
SLC38A1	-0.5725177202685531	-0.0021228957067557946
SLC38A10	-0.1509982176687668	-0.0018954806263960298
SLC38A11	-0.8161116095230259	-0.0034276687599967084
SLC38A12	0.1647690481005809	0.006476247435593332
SLC38A2	0.6310030501730335	0.046640590453539764
SLC38A3	-0.6336223670288297	-0.01821791029681291
SLC38A4	-0.7601315540501561	-0.02341509239096101
SLC38A5	0.1738296554752779	0.0011898639917282774
SLC38A6	-0.4709287119687069	-0.0015776111850951682
SLC38A7	-0.2060610346091133	-0.0005316374692915123
SLC38A8	0.5558207814098675	0.0012061310956594125
SLC38A9	-0.981155214535984	-0.02234679116627157
SLC39A1	-0.3701093493122566	-0.013707369861128735
SLC39A10	-0.5782543225563079	-0.004635864903933921
SLC39A11	-0.6284967319554187	-0.006939860914251732
SLC39A12	-1.235663738405966	-0.006906124633950945
SLC39A13	-1.09184287468436	-0.005728899563468837
SLC39A14	0.1763247150710497	0.0011688565362059885
SLC39A2	-1.0636390552043138	-0.07856782609077705
SLC39A3	-0.3988673863753269	-0.010351007543826108
SLC39A4	-0.3219291066628964	-0.0025274654164104
SLC39A5	-0.6379344584237372	-0.004449592847505567
SLC39A6	-0.4203956213609537	-0.002588375840719392
SLC39A7	0.5571166971542763	0.02866699676877044
SLC39A8	-0.502745885778779	-0.005078236192251447
SLC39A9	-0.2817530308507756	-0.0034985273840740802
SLC3A1	0.1192877328977596	0.0008764069735998398
SLC3A2	-1.0294774313369337	-0.028187092070005245
SLC40A1	-0.2671100163312776	-0.006551407370557246
SLC41A1	-0.2668515859769314	-0.0016688898186997291
SLC41A2	-0.2955624203382762	-0.00044068356872436977
SLC41A3	0.351036065655469	0.0018952437184738772
SLC43A1	-0.4247902050118497	-0.022885997085218417
SLC43A2	-0.6600918391003014	-0.01649041432440373
SLC43A3	-0.6481123376858272	-0.0006986651000253217
SLC44A1	-0.3040063913752709	-0.0017425646353630528
SLC44A2	-1.4233367175487517	-0.007863935364456854
SLC44A3	-0.2214191219614237	-0.0014646874917748178
SLC44A4	-0.7428173924369076	-0.003653175936004711
SLC44A5	-0.320117490031297	-0.0022116917386262314
SLC45A1	-0.190420115151559	-0.0019061053526671055
SLC45A2	-0.5637150958702433	-0.005316960784248134
SLC45A3	-0.1932423802365306	-0.0011316273786651232
SLC45A4	-0.1907228594986669	-0.0009570473089643106
SLC46A1	-1.539345368235241	-0.012787341973930147
SLC46A2	0.1407193256076039	0.001593646362506114
SLC46A3	-0.5699718733196352	-0.005667800308290452
SLC47A1	0.1934918621477792	0.0010371163811120966
SLC47A2	-0.5555844380773471	-0.002730697513150161
SLC48A1	-0.6845832338262254	-0.0029854674827161694
SLC49A3	-0.0506930266212415	-0.00039231333302178797
SLC49A4	-0.1916311787851496	-0.001551062761087001
SLC4A1	-0.2241579772025626	-0.005707286257554447
SLC4A10	-0.4151708438054433	-0.012224290325007473
SLC4A11	-0.5461228776500049	-0.0033122352529472796
SLC4A1AP	-1.3586617829024277	-0.6995178882215781
SLC4A2	0.3505195693009084	0.008939651095450366
SLC4A3	-1.0110836675747392	-0.026821016449755104
SLC4A4	-0.0798021511471696	-0.002395022160228854
SLC4A5	-0.8969538183936372	-0.023596164100481414
SLC4A7	-0.480336562201196	-0.030028720522569972
SLC4A8	-0.7991856128864774	-0.024022720337754624
SLC4A9	-1.3896380557547277	-0.008851994415157615
SLC50A1	-0.7776885145313788	-0.006422151753000126
SLC51A	0.629432411752259	0.004581638525144693
SLC51B	-0.5936134280938213	-0.0036970244301683195
SLC52A1	-0.0470262441954486	-0.00027425705614785625
SLC52A2	-1.2742742479094114	-0.007333448296718662
SLC52A3	-0.7186850890181448	-0.0034676555545125488
SLC5A1	-0.3105064737402856	-0.0018173943908018917
SLC5A10	0.0751727576412932	0.00046592075186073533
SLC5A11	-0.5118788293179822	-0.00287675902076706
SLC5A12	-0.4546793071367386	-0.002445719993088517
SLC5A2	-0.3893820583844569	-0.0022350530151267825
SLC5A3	0.6570559860124774	0.0035316759248170656
SLC5A4	-0.1921093109723733	-0.0011261447809200523
SLC5A5	-0.4700139866827054	-0.002548885849780311
SLC5A6	-0.6863245373606007	-0.004032156656993529
SLC5A7	-0.4042090440876438	-0.0007578919576643321
SLC5A8	-0.1726699831322325	-0.0009731680249332624
SLC5A9	-0.0429429820177013	-0.00022068398458896703
SLC60A1	-0.341900899536017	-0.0019649044696334896
SLC60A2	0.412516420929205	0.0023055542765733268
SLC61A1	-1.0254227706445045	-0.004322156978266586
SLC66A1	-0.2470589274110885	-0.0014084829451706156
SLC66A2	-0.6613792085295448	-0.004505315168503259
SLC66A3	-0.5565305952861604	-0.005530244525358576
SLC67A1	-0.7461243817484713	-0.004884130202925493
SLC67A2	0.129351314156281	0.00045247089691867096
SLC68A1	-0.8072001820387482	-0.005061145141382952
SLC6A1	-0.7168251169779862	-0.006238528993059414
SLC6A11	0.0901303670669361	0.0006575010277532989
SLC6A12	-0.6083047834550129	-0.0045324789415233015
SLC6A13	-0.6123531150040147	-0.005492807441586012
SLC6A14	-0.0574473146462536	-0.0007585343425891326
SLC6A15	-0.5567061442002313	-0.014166501251463287
SLC6A16	0.0702212292783501	0.0005030648865501002
SLC6A17	0.0220181571130765	0.00023154294020111247
SLC6A18	-0.6738974232391932	-0.004405941353137845
SLC6A19	-0.1125145856332796	-0.0010576371049528283
SLC6A2	-0.4004497562303305	-0.0060107508410172615
SLC6A20	-0.479569397476853	-0.007792523139601384
SLC6A3	-0.0205642105272002	-0.0006525846568701711
SLC6A4	-0.2751744614111887	-0.006722787266736751
SLC6A5	0.3794932625405632	0.006177011834372748
SLC6A6	-0.0943127521373071	-0.0013548969972045537
SLC6A7	-1.1503533886485733	-0.006734168737148748
SLC6A8	0.0338518835711098	0.00028703012079943997
SLC6A9	0.0444609096015569	0.0007951833682238453
SLC71A1	-0.1113846534090827	-0.00114748469942037
SLC71A2	-0.0927770626679357	-0.0006090814164149979
SLC75A1	0.4429870421311095	0.0025538202978858462
SLC7A1	0.2334529744296718	0.0015291169825143503
SLC7A10	-0.3315882731318058	-0.004640577882479622
SLC7A11	-1.1575687101560217	-0.032865690818749765
SLC7A13	0.2703836747536096	0.0005015617166679458
SLC7A14	-0.4298085596168607	-0.002470109792118099
SLC7A2	-0.3710156499302955	-0.0022602273393753603
SLC7A3	-0.0281208456802496	-0.00016307278409976746
SLC7A4	-0.6981183253180715	-0.004060256180049904
SLC7A5	-1.281017506623388	-0.036957355066084746
SLC7A6	-0.7554826265940944	-0.00435460185968836
SLC7A6OS	0.4848201667317636	0.0017880167749067442
SLC7A7	-1.0868183747713327	-0.00756860316190756
SLC7A8	0.2571847259200177	0.005944053385463449
SLC7A9	-0.1835654354291273	-0.013336763145667813
SLC8A1	-0.2810631247725606	-0.001906170112207506
SLC8A2	0.4147847617587404	0.0029818876522835847
SLC8A3	0.0742535169581121	0.0008668355569690006
SLC8B1	-0.0736453036396382	-0.00039989399876323543
SLC9A1	-0.2557486248451993	-0.004145940957365525
SLC9A2	-1.1207139460034907	-0.028945799797378158
SLC9A3	-0.6027648632288309	-0.005983646797272605
SLC9A4	-0.0861627008550476	-0.002047570423119351
SLC9A5	1.0698126990053225	0.02750488449142684
SLC9A6	-0.3481794108953837	-0.0022903241648698338
SLC9A7	0.0084024431383233	8.525959052456652e-05
SLC9A8	0.5976318546758287	0.005216130827610632
SLC9A9	-0.4765979883470058	-0.00405727867479806
SLC9B1	-0.3911600238871427	-0.0015278710533031795
SLC9B2	-0.1134251971006211	-0.00044519389861993777
SLC9C1	-0.8131520989703703	-0.005636770350062607
SLC9C2	-0.7091752718642158	-0.004387667407023903
SLC9D1	-0.064808598817386	-0.0019375826788433892
SLCO1A2	-0.3452729121034081	-0.008324875183725274
SLCO1B1	-0.5938520265135941	-0.005340511274436752
SLCO1B3	-0.6915194287652573	-0.007461494636377125
SLCO1C1	0.219917481954923	0.005160363714072268
SLCO2A1	-0.7083073207252835	-0.01028108076032749
SLCO2B1	-0.5029953436020628	-0.005069187072821588
SLCO3A1	-0.2865745201038184	-0.007613998424638351
SLCO4A1	-0.1818283314756785	-0.004563345635045104
SLCO4C1	-1.0346385575629395	-0.009854932260787
SLCO5A1	-0.1672940596719251	-0.0016127147352373579
SLCO6A1	-0.4105868935010271	-0.003099520459039254
SLF1	-0.6521452416361015	-0.03116862967875584
SLF2	-1.129928769660697	-0.014953477337689662
SLFN11	1.2964143751834611	0.04224755165847863
SLFN12	-0.0899858872368213	-4.571283071630522e-05
SLFN13	0.2787635550709021	0.008240808215006008
SLFN5	-0.2950182106087453	-0.0027758263436176846
SLFNL1	-0.6414400621119811	-0.0006010293381989263
SLIRP	-0.7336940735443138	-0.00044681969078848706
SLIT1	-1.371487744604053	-0.11727043109011415
SLIT2	1.677675930405239	0.13533140660206902
SLIT3	-0.1579741825533535	-0.007816878501105037
SLITRK1	0.1735778338527736	0.007000220461448506
SLITRK2	-0.8070607088749666	-0.03836766609991591
SLITRK3	-0.0649481254746579	-0.0034867401161070093
SLITRK4	-0.2046854018517788	-0.009124465843748595
SLITRK5	-0.0813531489083233	-0.004466938700258216
SLITRK6	-1.191326985030326	-0.06560518573863502
SLK	-0.5577967722310839	-0.046852697680322124
SLMAP	-0.7528426480947262	-0.03532563557654884
SLN	-0.965013838634848	-0.0014398006472431933
SLPI	-1.0396361538206846	-0.04714957884807569
SLTM	-0.4472782805083387	-0.00030862201355075366
SLU7	-0.4337095427467868	-0.00023854024851073275
SLURP1	-1.1611758175414888	-0.03377744335646437
SLX1A	-0.8251693519505969	-0.024174161334744686
SLX1B	-0.8220893779404054	-0.024083930416142114
SLX4	-0.3266661800410592	-0.007268322505913567
SLX4IP	0.390756118790548	0.0012164237977949758
SLX9	-1.1108492962824636	-0.0005009930326233911
SMAD1	-0.0378657355729198	-0.0007973387939589722
SMAD2	-0.2606770659114665	-0.00829761168502789
SMAD3	-1.6573049637124249	-0.03505199998251778
SMAD4	0.2184409470021469	0.0013049662173908255
SMAD5	-0.3161006321265354	-0.008133269264615755
SMAD6	-0.0566265628904499	-0.0006998476907630703
SMAD7	-0.6560950788484134	-0.022415488368856047
SMAD9	0.617389388516025	0.012384831133631462
SMAGP	-1.2605994538838154	-0.0062878700759724715
SMAP1	-0.3632370899621555	-0.014457562654673711
SMAP2	-0.491543273484996	-0.014698618507021834
SMARCA1	-0.4929778127568208	-0.0014089305888589938
SMARCA2	0.3734712105894504	0.009538454718454563
SMARCA4	-1.5504647173536157	-0.026142385599299316
SMARCA5	-0.1869843441595285	-0.0024096672431838436
SMARCAD1	-0.3058871720632284	-0.02102209590004537
SMARCAL1	0.066233676790754	0.0068927400425833965
SMARCB1	-1.0103956980532052	-0.03111109393875624
SMARCC1	-0.8635330144975042	-0.009027374133556908
SMARCC2	0.167451603567055	0.003708048309388866
SMARCD1	0.2873777590552425	0.006689292097528879
SMARCD2	-0.906151793551606	-0.1356590788608174
SMARCD3	0.5526128720959272	0.016136848478073174
SMARCE1	-0.1845542818295333	-0.0038929880209121756
SMC1A	-0.2464364052595679	-0.027061920970768927
SMC1B	0.7791814698865691	0.069083787483083
SMC2	-0.6608975095475242	-0.11960130050779635
SMC3	-0.1905607170908894	-0.007966009656550449
SMC4	-1.3524356589773618	-0.0011144069829973461
SMC5	-0.3879174245888206	-0.028441717653427737
SMC6	-0.4814644053329632	-0.052952418227329955
SMCO1	-0.4567986683268109	-0.004488046916310917
SMCO3	-0.3574647451373876	-0.0012296787232726131
SMCO4	-1.0144088274135452	-0.01688483493229846
SMCP	-1.460648065306804	-0.0007595369939595379
SMCR8	-0.1727675697913479	-0.0031191457050129953
SMDT1	-0.145734180632172	-0.012809888743387288
SMG1	-0.737752728222709	-0.05505553509634788
SMG5	0.3119781104991717	0.009424234761958977
SMG6	-0.413101873093664	-0.012641330418539211
SMG7	-0.6720840506029111	-0.019321072286732487
SMG8	-1.3619920983214595	-0.03816165660286897
SMG9	-0.5144134135808716	-0.021290542361285112
SMIM11	0.0278801073465244	0.00045762408198585155
SMIM12	0.0011048373088985	3.6614308416896294e-06
SMIM13	0.2702781365475612	0.0008302944354741081
SMIM14	-0.3799482267976775	-0.007807556112465475
SMIM15	-0.1426169561618909	-0.012376156838772731
SMIM19	-0.3554873368160941	-0.002505119262543015
SMIM21	-0.6663253466388358	-0.0005263970238446803
SMIM29	-1.0077667327465605	-0.005733184942595182
SMIM3	-1.038974325502427	-0.005596954691481575
SMIM43	-0.1339515866085701	-0.0001634209356624555
SMIM7	-0.4618442872658712	-0.011328116678057288
SMIM8	-0.8509289023927709	-0.02368050042468842
SMN1	-0.989332431463306	-0.0005807381372689605
SMN2	0.1057081955371451	6.205071078030417e-05
SMNDC1	-0.8132572563188314	-0.0004700626941522845
SMO	0.6897362217694039	0.008303044637660083
SMOC1	-0.2354736695782536	-0.006310929818366774
SMOC2	-0.5951603270835308	-0.014361218692525598
SMOX	-0.792524890980183	-0.01885258210663659
SMPD1	-0.7048818334037905	-0.024180266413083632
SMPD2	-0.0890628480562559	-0.0005207504725849283
SMPD3	-0.8337329209693691	-0.047634496706663934
SMPD4	-1.2504166283681872	-0.03468530685430515
SMPDL3A	-0.9670886490620548	-0.005770617968953281
SMPDL3B	-0.0458497950461314	-0.0003769770148692924
SMPX	-0.7423825207225944	-0.0030630702805014244
SMR3B	-0.5420131348124194	-0.002774565237104775
SMS	-0.0208425293901193	-0.00014360502749792198
SMTN	0.5575034473101663	0.007216324621982793
SMTNL2	-0.7981345159878879	-0.004973176169120529
SMU1	-0.6058646017398286	-0.0004798447645779442
SMUG1	-0.7413803870477422	-0.000951932416969301
SMURF1	-0.2791656999702551	-0.0203333129230335
SMURF2	0.1982364974959408	0.005296680976594042
SMYD1	-0.3508853742765139	-0.0030327022898719094
SMYD2	-0.3972437671109741	-0.00042544807457585323
SMYD3	-0.7759793842458698	-0.006921736107473159
SMYD4	-0.4403180497766114	-0.012732677045390273
SMYD5	0.1545912352172108	0.00010002052918553539
SNAI1	-0.9365021981997904	-0.027718592062317395
SNAI2	-0.3035110885386104	-0.008675864465876178
SNAI3	-0.163889148548835	-0.0017267360691105254
SNAP23	0.1085574563216666	0.0062522581393900665
SNAP25	0.4956691374925899	0.026731932254112866
SNAP29	-0.0208241776715146	-0.0018733638475071249
SNAP47	-0.958304721655708	-0.055252975336503155
SNAP91	1.1742250342747915	0.03681782594968609
SNAPC1	-0.1733199082404322	-0.0030785082101665567
SNAPC2	-0.4906253130503015	-0.02945370941834875
SNAPC3	-0.5628868271303148	-0.017284565800690578
SNAPC4	-0.1686462563139757	-0.005176934130070112
SNAPC5	-0.8892663934820739	-0.002850988057503529
SNAPIN	-0.5489052053541598	-0.512828959637463
SNCA	-0.7141269233061069	-0.05064016838548266
SNCAIP	0.429316832255948	0.00208089868594458
SNCB	-0.6890461077090023	-0.016980852278380653
SNCG	-0.3023495770072891	-0.002250387901665253
SND1	-0.9052662395167522	-0.0007821500309424739
SNED1	-0.1211441569891562	-0.0023833901446046594
SNF8	-0.4285122836113362	-0.08056887956460343
SNIP1	-1.1476354505858868	-0.0005864417152493881
SNN	-0.2191723927177456	-0.001307801667346788
SNPH	-1.4701414441015448	-0.005933490868393834
SNRK	0.652068764449453	0.0070260409369428565
SNRNP200	-1.430839244940994	-0.017861166294598427
SNRNP25	-0.4981406757127922	-0.00025704058866780075
SNRNP27	-0.5778859870373386	-0.00027045064193347446
SNRNP35	0.0704289006934481	4.183476701190817e-05
SNRNP40	-1.310816473109489	-0.0012033295223145108
SNRNP48	-0.1287973265359905	-0.001245470147603028
SNRNP70	0.2029609576355813	0.003902736254374593
SNRPA	-1.4222460558859025	-0.0012572655134031377
SNRPA1	-1.3036082835981206	-0.0005696768199323787
SNRPB	-0.2078631230607774	-0.000121392063867494
SNRPB2	-0.1834047983807665	-0.000139020837172621
SNRPC	-1.577547612714577	-0.0007966615444208615
SNRPD1	-1.1830112882669168	-0.30015599008165866
SNRPD2	-1.8593259851907795	-0.0045070061881024494
SNRPD3	-1.3727855473373158	-0.3804126030226436
SNRPE	-0.4631615666508137	-0.0014441377648172372
SNRPF	-1.7606507061733545	-0.000695457028938475
SNRPG	-0.151287055943871	-0.0002573392821605246
SNRPN	-0.2478122215145333	-0.0001360489096114788
SNTA1	0.2466430308897372	0.005995892080929511
SNTB1	-0.4969139684440203	-0.012041716197303945
SNTB2	-0.1792164465112684	-0.004274491465740262
SNTG1	0.4911334873325274	0.017166097649246495
SNTG2	0.474447356367645	0.01375233107167256
SNTN	-0.4621369778406026	-0.0019705520735123295
SNU13	-1.7321494785930436	-0.0009838609038408488
SNUPN	2.766596613454022	0.004373989245870809
SNURF	0.1924487075418652	8.005866233741591e-05
SNW1	-0.8504583723812622	-0.02152850323845927
SNX1	-0.2723750366522821	-0.03695993059853142
SNX10	-0.2272835112600671	-0.019084996440507835
SNX11	-0.2564022490492372	-0.004554985954359699
SNX12	0.8204287137667708	0.02589929363618942
SNX13	-0.3098762053084644	-0.014901326960873434
SNX14	-0.5449740916400624	-0.014361702236990565
SNX15	-0.1256354768711945	-0.0032635071472061484
SNX16	-0.6710040299467204	-0.061055327688882034
SNX17	-0.7146356560748852	-0.009193073079747325
SNX18	-1.920029397242516	-0.21589962560233197
SNX19	-0.872103008026812	-0.016783622389475998
SNX2	-0.2660146932915856	-0.03612000708451808
SNX20	0.2111463963285361	0.015754477215657394
SNX21	-0.1511736459594847	-0.0011653976367016676
SNX22	-0.9338770390987988	-0.009292076539033049
SNX24	-0.0263741576141624	-0.0006089529251533956
SNX25	-0.5159434658836914	-0.015924595074500135
SNX27	-0.7210723340999988	-0.02972620697327245
SNX29	0.0259222584103721	0.0007446946396131697
SNX3	-0.022923858451797	-0.001721558845871503
SNX31	-0.2970594587061773	-0.0017888920603285994
SNX32	-0.2550971327498778	-0.0479105577931528
SNX33	0.0458693938129441	0.001702626028942672
SNX4	-0.9243268148287545	-0.06001376710638654
SNX5	0.0339114073586513	0.007157884219634683
SNX6	-1.0722037344476365	-0.1017071018422339
SNX7	-0.4755807666879379	-0.04315610109233024
SNX8	-1.0003641997123434	-0.029909889207199353
SNX9	-0.5462044641920607	-0.051120368212663345
SOAT1	-1.406642518974849	-0.16377538848424167
SOAT2	-2.059265351438665	-0.2580383041273734
SOBP	-0.5376664298131624	-0.014568071915787635
SOCS1	0.1031782450509377	0.009430285241165603
SOCS2	-1.020920861455056	-0.01565888417299765
SOCS3	-0.4748101104199989	-0.024323572336595704
SOCS4	-0.2537568116209888	-0.006972222156098288
SOCS5	-0.4653450275269487	-0.02160829635321386
SOCS6	-0.3528458296654555	-0.010164076969343112
SOCS7	-0.5931318701999972	-0.04639774054639478
SOD1	-0.7487005534690798	-0.033340384346531596
SOD2	-0.6546708778980445	-0.05512459726077114
SOHLH1	-0.3526251083666289	-0.0019129912128889618
SOHLH2	1.3724780843263913	0.0011158246825573562
SON	-1.2908119529250588	-0.01879809447044763
SORBS1	-0.3775190056015932	-0.018811017011116184
SORBS2	-0.869447932609446	-0.047410995765193094
SORBS3	-0.451345329321401	-0.022707183518159684
SORCS1	-0.018918038059198	-0.00038117954885478046
SORCS2	-0.305570134528506	-0.004316483720349676
SORCS3	-0.1728117481722984	-0.0034138960851437554
SORD	-0.2519200654334255	-0.0007330873904112681
SORL1	-0.7344095466751134	-0.010416130600493132
SORT1	0.8624102185827851	0.013400992386557899
SOS1	-0.3740615668831755	-0.015825048648559624
SOS2	-0.186786488415073	-0.00807384596174153
SOST	0.5030273537501225	0.007692294293546874
SOSTDC1	-0.3593385691952945	-0.01013442566701489
SOWAHA	0.2837926987377789	0.0030890835257607234
SOWAHB	-0.5502536851993214	-0.0006047288000340542
SOWAHC	-0.2186257745979721	-0.0008187535258694056
SOX10	-0.0376734173849148	-0.0010059179175946102
SOX11	-0.1517953957330281	-0.0022060424861880977
SOX12	-0.2011715848742748	-0.0005894327436816252
SOX13	-0.2840088852103317	-0.007981785709951162
SOX14	-0.8486694589367091	-0.01265960231895889
SOX15	0.3651964187696351	0.0029332576355577088
SOX17	-0.0823943892854522	-0.001979442808193704
SOX18	-0.6359614698551777	-0.01036172022835041
SOX2	-1.043563848792095	-0.030509632683285694
SOX21	-0.9636544540247708	-0.01305848150648967
SOX3	-0.3706948507849472	-0.0039790385283256235
SOX30	-0.4152576880581857	-0.004792904235567579
SOX4	-0.4125716156015869	-0.012529387394204592
SOX5	-0.0266238694264952	-0.0007755266925243787
SOX6	-0.6561115548992302	-0.019386784224162457
SOX7	-0.0851901357260961	-0.0014045297677161466
SOX8	-0.5507213794936937	-0.010856921275338677
SOX9	-0.4256586469773082	-0.012630994690404643
SP1	-1.519555409611962	-0.01040895455584194
SP100	-0.6900613345296569	-0.010214287873707982
SP110	-0.2493471706475108	-0.0021324170033775124
SP140	-0.3782560355230258	-0.0022105282715965627
SP140L	0.2107879374595552	0.0035975177286222287
SP2	0.0023261210589987	6.330538462064962e-05
SP3	-0.9220487271893528	-0.020579205542139163
SP4	-1.063507512179721	-0.017749940378279545
SP5	-0.6268118374777143	-0.010144949589576806
SP6	-0.3560763068287209	-0.006405812759848689
SP7	0.4099679892712549	0.012021081381411737
SP8	-0.0209100016439846	-0.000219973217294718
SPA17	0.3564644977455737	0.0014885957425855158
SPACA1	-0.8147514026074254	-0.008340610108492214
SPACA3	0.011639100094975	4.717327268493368e-05
SPACA4	-0.0669731189750079	-0.00032039940117643785
SPACA5	-0.3265700074238585	-0.002294154302152606
SPACA5B	-1.0548447531644607	-0.007410284390980336
SPACA7	-0.7256357849768711	-0.004186918479316546
SPACA9	0.7362885041566029	0.013430638604320594
SPACDR	-0.8470878205385671	-0.005118951699514561
SPAG1	-0.1806398395464331	-0.007290262644414946
SPAG11A	-1.161309504035715	-0.02833595189847145
SPAG16	-0.941813292456977	-0.09318583259557067
SPAG17	-0.8343336716549221	-0.000631590589442776
SPAG4	0.4279938300875562	0.024326741308346608
SPAG5	-1.1477978491994838	-0.030850510590783725
SPAG6	-0.51666587777821	-0.11878561862823271
SPAG7	-0.614582575430068	-0.0010693736812483184
SPAG8	-0.3141873436899757	-0.021884719424725255
SPAG9	-0.0817951331524382	-0.007146767964061136
SPAM1	-0.5145089105066398	-0.003269704126269696
SPANXA1	-0.9094175503625544	-0.006794258518758645
SPANXA2	-1.4668968310473345	-0.010959186224754636
SPANXB1	1.4594283724385648	0.0007238764727295282
SPANXC	-1.035807625603546	-0.0027842508976223313
SPANXN1	-1.1707412965349897	-0.0007246888625551586
SPANXN2	0.600098379120034	0.0004038662091477829
SPANXN3	0.2167074331295508	0.00013002445987773047
SPANXN4	-0.0723868355101875	-5.0815558528151626e-05
SPANXN5	0.6250925725748058	0.00032817360060177303
SPARC	-1.355417725192666	-0.04203014824049938
SPARCL1	0.2108192477474622	0.005179618097907399
SPART	-0.4662359182013181	-0.014460307003013881
SPAST	-0.3659847149831707	-0.011948302990055575
SPATA1	-0.7260467855168324	-0.0042836760345493115
SPATA12	0.2898317706397783	0.00022172130453943038
SPATA13	0.1403894793471408	0.002499494290296495
SPATA16	-0.4626170452851699	-0.000580121774787603
SPATA17	-0.3522886856621088	-0.002350822399423252
SPATA18	-0.9275721717758588	-0.010309037117116896
SPATA19	-0.196444290854773	-0.0005170413735297624
SPATA2	-0.861413286861959	-0.001593614580694624
SPATA20	-0.3533489682774791	-0.0021416480967298007
SPATA21	-0.3567808470615541	-0.0011780903569972515
SPATA22	-0.1236966303232757	-0.0026473552821787466
SPATA25	-1.2523171689111816	-0.0009730504402439881
SPATA2L	0.0102665598851489	4.013198259104705e-05
SPATA31A1	-0.4376923460705774	-0.0010587777851447267
SPATA31A3	-1.198002683036265	-0.001755073930648128
SPATA31A7	0.0075628086378597	1.107951465446446e-05
SPATA31D1	0.1560319465757121	0.00012857032397838676
SPATA31E1	-0.7160109946856097	-0.00339389211480979
SPATA31G1	0.3503322921445653	0.0004834585631595001
SPATA31H1	-1.347155359292025	-0.0162507350991397
SPATA32	-0.6072781328714966	-0.0013524084019048228
SPATA33	-0.4303499564433793	-0.0034522673505887887
SPATA4	-0.3009667008165389	-0.00034099527202513855
SPATA45	-1.005610322121406	-0.0005168837055704028
SPATA46	-0.2700227657605307	-0.00040233392098319075
SPATA6	-0.2847186861943143	-0.0008794960216542369
SPATA6L	-0.3337772553414727	-0.010647160668137636
SPATA7	-0.1634247769972631	-0.005711532531277349
SPATA9	-1.057367465206985	-0.004742293081453328
SPATC1	0.0445989819014717	0.0006778153269385668
SPATC1L	-0.0382030548699427	-0.00040201074639640704
SPATS1	-0.8189525612383486	-0.001777946010448455
SPATS2	-0.3623758210656704	-0.0116641529284618
SPATS2L	-0.3421070538649494	-0.005426844195459692
SPC24	-0.648155827161334	-0.029228587025840358
SPC25	-0.739237402565874	-0.1531699898116491
SPCS1	-0.2569369511066653	-0.0871273201202702
SPCS2	-0.3318650302306949	-0.03126765941827561
SPCS3	-0.1890871277537268	-0.01606030428289054
SPDEF	-0.3446463672609001	-0.008597548277690414
SPDL1	-0.5961287456358451	-0.06353301719488583
SPDYA	0.0535131838628719	0.0016300650936469409
SPDYC	0.5718177375969374	0.014611086831076944
SPDYE2	1.5935603475404865	0.008214803591571208
SPDYE3	-0.7879751308638896	-0.004172328317924296
SPECC1	-0.5823434506654003	-0.02089564769677589
SPECC1L	-0.0400449426101403	-0.0014078600473447025
SPEF1	-0.4203576243997464	-0.0037769132552317214
SPEF2	-0.3935224323772084	-0.006211358072641857
SPEG	-0.5583355485937247	-0.004083107866865909
SPEM1	-0.650370663992957	-0.0004396505688592389
SPEM2	-1.3042848384665202	-0.000935172229180495
SPEN	-0.9798066427808092	-0.0011218786059840264
SPESP1	-0.3907482482406191	-0.004812064677083224
SPG11	-0.2324532265225939	-0.002856850153962679
SPG21	-0.5123777405632789	-0.0019506220583244028
SPG7	-0.7820622042609675	-0.07659126197429784
SPHK1	-0.3343986361008276	-0.002641749225196538
SPHK2	-0.6343551253377786	-0.015069106002398929
SPHKAP	-0.3929144003557493	-0.0013905240628589968
SPI1	0.1422910877207914	0.004211673905447705
SPIB	0.3248008395030599	0.006965678803982622
SPIC	-0.2091278351396491	-0.0010437570251819886
SPICE1	0.1037079806027617	0.0009823219922693589
SPIDR	-0.0103337333381283	-0.0002532591366508484
SPIN1	-0.9406661315748646	-0.0033929827365905365
SPIN2A	0.3537418168653507	0.0010683002869333591
SPIN2B	-0.771468836601305	-0.0023421793879215623
SPIN3	-1.485897803167373	-0.006647906771370827
SPIN4	0.594540077744537	0.0029394061443689906
SPINDOC	-0.6187814509774048	-0.015885357409491936
SPINK1	-0.0959805750331691	-0.000686165130912126
SPINK13	0.0907215091587567	0.001418884403242955
SPINK14	-0.2083884676430973	-0.0020511676870110067
SPINK2	-0.6224210506661347	-0.008657254393715268
SPINK4	-0.0722551741159216	-0.0007680725008522466
SPINK5	-0.7046064068641179	-0.012419392527386941
SPINK6	-0.7480312404227416	-0.0057157067080701686
SPINK7	-0.3807631286058322	-0.0037703164994549506
SPINK8	-0.8127159392871546	-0.022033541830014047
SPINK9	-0.1458319875947553	-0.0009543245268200788
SPINT1	0.013716826792706	0.0005596328163156121
SPINT2	-0.8585504665066145	-0.043475278522961944
SPINT3	-0.077453498763456	-0.0011240051740552736
SPINT4	-0.0481437909961974	-0.0005070985505629472
SPIRE1	-0.1171168374311215	-0.0016577888338375247
SPIRE2	0.0238148762812	0.000198377919422396
SPMAP1	-0.4333872023281571	-0.000466324629705097
SPMAP2	-0.238465223353518	-0.001257665587966454
SPMIP10	0.4595728443044338	0.00024173531610413218
SPMIP2	0.5133347666999847	0.0002556407138165923
SPMIP3	-0.1513731741560548	-0.0006036762185343466
SPMIP4	-0.0411090566424697	-0.00010511585783479502
SPMIP5	-1.2019853756411716	-0.0026335499580298067
SPMIP6	0.8667652231099885	0.0004195143679852344
SPMIP8	-1.696853001585608	-0.04139133526767774
SPMIP9	-1.146173234321989	-0.005132563743293867
SPN	-0.1027600536421152	-0.010251034671176485
SPNS1	-0.135929129322414	-0.0009743399989830635
SPNS2	-0.9168693474697808	-0.007100236226805982
SPNS3	-1.0159239514435472	-0.005990903541662598
SPO11	-0.4195214756238589	-0.003791635096688436
SPOCD1	-0.9535673122223344	-0.02344345237098609
SPOCK1	-0.9023877113717638	-0.03439541000664614
SPOCK3	-0.0452898774296607	-0.0015193848080102574
SPON1	-0.0666924522942718	-0.0011635832151781602
SPON2	-0.1270111538690512	-0.0010779436628866376
SPOP	-0.2341943128596121	-0.02245197457953815
SPOPL	0.1678046747933211	0.0045557291159638745
SPOUT1	0.5222156992760802	0.000494538267214448
SPP1	-0.3561831495405523	-0.009111521148396869
SPP2	-0.5511113178872733	-0.0026310054315938423
SPPL2A	-0.5154261048577348	-0.00393888629332281
SPPL2B	0.3809052011452403	0.002851837240974414
SPPL2C	-0.3711737332352123	-0.002493173966140921
SPPL3	-0.4951704781187795	-0.005189386610684809
SPR	-0.3270114864729279	-0.001605626398582076
SPRED1	0.1715100216958016	0.00491153249130267
SPRED2	-0.7327166451803402	-0.024932149285551437
SPRED3	-0.6253474301536297	-0.013926487269521334
SPRING1	-0.1429205663301332	-0.004242311170377344
SPRN	0.0082852673465576	0.00011380643227231518
SPRR1A	-0.2999125549096009	-0.0012131462846093357
SPRR1B	-0.2266618056027993	-0.0005292553160825363
SPRR2B	-0.1170187352669495	-0.0006170397910626247
SPRR2E	-0.5300316512632863	-0.003443085606606308
SPRR2G	-0.7090911602472901	-0.0029888192404423277
SPRR3	-0.652938564953109	-0.025192328651585803
SPRR4	-0.9563036284215504	-0.008397302161169634
SPRTN	-0.170121320225666	-0.00454819349623318
SPRY1	-0.1417616550904453	-0.004481652964029338
SPRY2	0.2694851874444266	0.0075342668705712795
SPRY3	-0.0863575946882043	-0.0014610841445297285
SPRY4	-0.6740895485178213	-0.024603594431351957
SPRYD3	-0.2786076786782657	-0.0019193282984145724
SPRYD4	0.6561726972937403	0.004119452193610101
SPRYD7	-0.1209344242429908	-0.0005380372534570661
SPSB1	0.6587054954180018	0.015838573637325853
SPSB2	-0.3254883982330581	-0.0059310495926027836
SPSB3	0.3444073552912048	0.0010146240686878894
SPSB4	-1.268709398327042	-0.0225804898714247
SPTA1	-0.220041292906973	-0.0189052877626884
SPTAN1	-0.0298249549871287	-0.0009178928146838729
SPTB	-0.1357996691152063	-0.009730861090119221
SPTBN1	-1.322418334795704	-0.04877607786060474
SPTBN2	0.0047234433057819	0.00034246853344241086
SPTBN4	0.0384848995880798	0.0004947233842047658
SPTBN5	-0.2385017726011725	-0.003759980445057485
SPTLC1	-0.5773175639813558	-0.005948680179263891
SPTLC2	-0.7611516062591326	-0.015452138758666651
SPTLC3	-0.3024276667838058	-0.0022600419538753806
SPTSSA	-0.3834001664578617	-0.005603776832948107
SPTSSB	-0.3471371434788173	-0.0022893694612428003
SPTY2D1	0.7322995670877528	0.00039690636536156195
SPX	-0.2145158580737853	-0.00717963125387152
SPZ1	-0.2758883063201412	-0.001213356771195981
SQLE	-0.2555301581854704	-0.020556890165704726
SQOR	-0.5055028767742552	-0.02791740737561179
SQSTM1	0.2486783832005008	0.00821807452962695
SRA1	-0.6085102054917915	-0.019169897003607907
SRARP	-1.276890032413316	-0.0011287707886533712
SRBD1	-1.217376838593542	-0.00068051365277379
SRC	-0.452587295872111	-0.020611278041311805
SRCAP	-0.04791092581823	-3.799336417385639e-05
SRCIN1	-0.1889133520663093	-0.004181785961339822
SRD5A1	-0.6518857792240471	-0.0035547331541087293
SRD5A2	0.3666895431890111	0.0022423065566008027
SRD5A3	0.3736452127177577	0.001406026935456922
SREBF1	-1.4840291457689352	-0.04464701685045842
SREBF2	-0.5093533963974762	-0.029900572428721045
SREK1	0.1941307884852631	0.00011278998810993787
SREK1IP1	-0.3627319264258022	-0.0003474971855159185
SRF	-0.4118207133767966	-0.012261138099367366
SRFBP1	-0.7923678115598194	-0.021779021668533197
SRGAP1	-0.0507749762908216	-0.0030457369528049338
SRGAP2	0.1435031826714513	0.0063592000369026925
SRGAP3	-0.537081931385445	-0.06335633295395264
SRGN	-1.3131754538539726	-0.023160475479622515
SRI	0.0761980859157659	0.005339123682031802
SRM	-0.8664714729459737	-0.02418408528139507
SRMS	-0.9007480788341528	-0.09463979914694676
SRP14	-0.0180945888181054	-0.004010412287289608
SRP19	-0.6160240244637758	-0.0003480535738220333
SRP54	-1.0616981801719214	-0.2825677855582164
SRP68	-2.122102942883025	-0.24662019350715073
SRP72	-1.051249099946768	-0.0009650466737511331
SRPK1	0.5879416474266411	0.0004386044689802743
SRPK2	0.0900533269167234	0.00013462972374050146
SRPK3	-0.2444261596149648	-0.000298444340889872
SRPRA	-0.4359401416423688	-0.0004533777473080635
SRPRB	-1.206362997772164	-0.0019808480423418933
SRPX	0.45552646841699	0.00584030485157423
SRPX2	-1.3653085014260256	-0.0352113062517772
SRR	-0.49964880859966	-0.0013365605630040905
SRRD	-0.2201916280494935	-0.0012024664807782838
SRRM1	0.0317018963904423	1.6611793708591765e-05
SRRM2	-0.2834808983844648	-0.003105816722700196
SRRM3	-0.0349859110276133	-0.00013462578563425598
SRRM4	-0.341173338355957	-0.00033230283155870214
SRRT	0.2095487672206382	0.00013578760115897355
SRSF1	-0.8501220642476034	-0.011358480900412228
SRSF10	-0.6501298180798423	-0.00035757139994391327
SRSF11	-0.2467174337245738	-0.00017319563847465082
SRSF12	0.1014939781910276	8.911171285172223e-05
SRSF2	-1.4923736249229511	-0.0009013936694534625
SRSF3	-1.915280611079044	-0.000831231785208305
SRSF4	-0.3066564376895388	-0.00011928935426123061
SRSF5	0.1602020428409573	9.275698280491426e-05
SRSF6	-0.7093337030645546	-0.010611632197845736
SRSF7	-0.957921258582464	-0.0010910723135254265
SRSF8	0.2677693242509179	0.0001063044217276144
SRSF9	-0.6474856639527138	-0.00035028974419841816
SRXN1	0.45663745157624	0.00041051706896703976
SRY	-0.072432532714721	-5.497629233047324e-05
SS18	-0.6566738560716066	-0.01936268532012739
SS18L1	-0.7512201977575237	-0.0007271811514292829
SS18L2	-0.8756797874290396	-0.019005754106359875
SSB	-0.1767365733063102	-0.00018787097742460772
SSBP2	-0.9809904923249742	-0.028458534182347502
SSBP3	-0.4812489736662013	-0.010140397124120527
SSBP4	-0.3960743678310865	-0.011320597581348115
SSC4D	-0.416360151285614	-0.0018165793400591337
SSH1	-0.9298151873381452	-0.019451733719113996
SSH2	-0.8413277320983261	-0.005540984443599576
SSH3	-1.060833304830486	-0.005530124018081324
SSMEM1	-0.2881759461994784	-0.00026339281482632326
SSNA1	-0.4040570712546509	-0.056167569418037765
SSPN	-1.1462497456773684	-0.01059249389980456
SSR1	0.0557372746704322	0.002461748210368979
SSR2	-0.2164915496679629	-0.025040928075444266
SSR3	-0.1298689131535672	-0.016871270507779913
SSR4	-0.7270240734360136	-0.00047329267180684485
SSRP1	-0.7387412800669908	-0.06021554047954049
SST	-0.2232811148203046	-0.007351977267688169
SSTR1	-0.540498887614842	-0.01808239028515454
SSTR2	-0.752015142429995	-0.023629067790292873
SSTR3	-0.3311107981514589	-0.009928357282571494
SSTR4	-0.1774982945159121	-0.005866141135456379
SSTR5	-0.7703718886000941	-0.0229262674047388
SSU72	-0.4073300238894135	-0.00018411317079801488
SSUH2	0.412531211030714	0.0003712780899276426
SSX1	-0.2675266169091216	-0.0008793599897802827
SSX2IP	0.0907585090069508	0.0018546501315570396
SSX4	-0.2908188746579451	-0.0040022493530426405
SSX4B	-0.4863977285651574	-0.006693805540513696
SSX5	0.1520117698032321	0.002587392333820814
ST13	0.1278976338249851	0.017415565002680572
ST14	0.6974072608139368	0.010168895269928013
ST18	-0.2686855638233441	-0.00750761202435188
ST3GAL1	-1.246475419957355	-0.006163820951689119
ST3GAL2	-0.1173224376197274	-0.0007114432617260269
ST3GAL3	-0.0549606565299113	-0.00038703294328363533
ST3GAL4	-0.0788417795766648	-0.00042188236251473334
ST3GAL5	0.402227095852893	0.002672799051942474
ST3GAL6	-0.3180386287813086	-0.0016401252086252086
ST6GAL1	0.76600933114246	0.007496933323891256
ST6GAL2	0.1287919128001146	0.0011056785713889838
ST6GALNAC1	-1.0293879532506458	-0.008811560879825528
ST6GALNAC2	-1.4200283182853832	-0.006425628140241359
ST6GALNAC3	-0.4987289488108606	-0.0030252898034866804
ST6GALNAC4	-0.3427094431470145	-0.0024065057097783357
ST6GALNAC5	-0.0800199015902401	-0.0009936871379476015
ST6GALNAC6	-0.5161789857488805	-0.0030346162572176686
ST7	-1.4867732867603278	-0.035343574572866514
ST7L	-0.526229715243576	-0.0038798916904908857
ST8SIA1	-0.5816670926285721	-0.0032701323947578326
ST8SIA2	-0.3968689544989007	-0.006655492366946565
ST8SIA3	-1.2762374360177913	-0.0069401791770647495
ST8SIA4	0.1984688249478824	0.0013239855312273234
ST8SIA5	-0.1130786237018165	-0.0006541598381150085
ST8SIA6	-1.3322247948160597	-0.006546552641726117
STAB1	-0.8832453419257585	-0.009531100484720861
STAB2	-1.1138430684063625	-0.014417584677451956
STAC	-0.7725819047645655	-0.016100606895293544
STAC2	-1.1675510569851142	-0.0045300981011022435
STAC3	-0.7752077901084405	-0.019513530492609666
STAG1	-0.4917883505506012	-0.025256282530876674
STAG2	-0.34149979347251	-0.026356954060208323
STAG3	-0.3814249439888983	-0.015816929577331634
STAM	-0.0765302435824089	-0.010964105346833812
STAM2	-0.344789210547581	-0.04501947201040819
STAMBP	-0.2948800351358094	-0.011171825011155276
STAMBPL1	-0.1649411095385845	-0.005668366170402996
STAP1	-0.162861133866821	-0.0032254647562323896
STAP2	-0.5048021280677162	-0.01734247710976639
STAR	-1.7304312204274812	-0.016191644929539943
STARD10	-0.6292175235012352	-0.0045876249638475055
STARD13	-0.0662974141962133	-0.00034235984690924546
STARD3	-0.7622254904083252	-0.019258389240656745
STARD3NL	0.4266696212662654	0.010897142127140418
STARD4	0.0299732966845551	8.19769664322582e-05
STARD5	-0.2521734999208186	-0.00046929488335264346
STARD6	0.2151381470304548	0.0007577165538412618
STARD7	-0.2871991959119511	-0.0020641006210191924
STARD8	-0.5697971172787639	-0.006339562726843528
STAT1	-0.4773205928402804	-0.02516481897513242
STAT2	-0.8888137888615474	-0.054469175422802205
STAT3	-0.1224615948920628	-0.008306814904718405
STAT4	-0.3938999321238242	-0.020946022790616477
STAT5A	0.0537985119919021	0.004210809533606178
STAT5B	-0.2289348971235554	-0.015322841599376687
STAT6	0.5067849710567194	0.05473835150880731
STATH	0.0440332648800108	6.992482462945716e-05
STAU1	-0.875790708490009	-0.0031519707598555422
STAU2	-0.2296607243275785	-0.000685996583566477
STBD1	0.8155225153576666	0.050785033598867976
STC1	-0.2760764840580429	-0.0056797215065261175
STC2	0.0009613408836931	4.077815760449392e-05
STEAP1	-0.4681278202214688	-0.0015064353254726865
STEAP2	-0.3509685772023659	-0.03584266594679161
STEAP3	-0.6496209942706551	-0.1581054072065863
STEAP4	0.0116729753448946	0.002073458937538283
STEEP1	-0.2203908394138629	-0.000284524573683297
STH	-0.8183043710717577	-0.025537642812407415
STIL	0.3735779870955572	0.001073289556925536
STIM1	0.4322431515725036	0.023777263524851853
STIM2	0.1957856495862411	0.005394090431750528
STIMATE	-0.6709457457054792	-0.0048368478807908
STING1	-0.8270312806541933	-0.01448627991193885
STIP1	-0.0980440678860278	-0.006481889416081071
STK10	0.1443472642459	0.004638021947485013
STK11	-0.9689789809970434	-0.07810261280530469
STK11IP	-1.6438423254076446	-0.02171351327630958
STK16	-1.535944583577781	-0.014207487398094474
STK17A	-0.2926386690389156	-0.00023674468325248274
STK17B	-1.1187709429927413	-0.0005627417843253489
STK24	0.3720395482175986	0.014121877171243608
STK25	-0.4988921661042784	-0.032125163251952804
STK26	-0.5961239457432738	-0.02560352346967361
STK3	-1.2255184262034706	-0.1704524558269359
STK31	-0.106651427973021	-0.004671225893790347
STK32A	-0.3612467795946514	-0.0017354295291727054
STK32B	-0.5880409912145032	-0.008593631045608749
STK32C	-0.2168791106444388	-0.0012264513706943014
STK33	-0.3892843982759857	-0.0035724629229787206
STK35	-0.1223846638958327	-0.0017592795435025952
STK36	-0.0985422135406687	-0.0008750548562411381
STK38	-1.1037332631581402	-0.03108775109011218
STK38L	-0.7525110542155877	-0.04831346721380338
STK39	-0.9227154065934928	-0.04041678023960817
STK4	0.2048111144106365	0.028982001555791528
STK40	-0.3799054696122358	-0.011876604791017716
STKLD1	-0.5976107223656721	-0.0004494032632189854
STMN1	-0.467269443481254	-0.017758575199505057
STMN2	-0.3583116360253007	-0.0035823997369809563
STMN3	-0.9228892619500576	-0.005528106679080845
STMN4	0.1151174119127943	0.0004954653408726666
STN1	-0.8390759175020511	-0.20934105065758674
STOM	0.6881435004358272	0.02525142574849268
STOML1	-0.5256747421625731	-0.009055798783234648
STOML2	-0.0587977206302806	-0.0014209645144719913
STOML3	-0.956674944471438	-0.006195426940397032
STON1	0.8515649994913641	0.05807673296531103
STON2	-0.6734931161022564	-0.05224690197474864
STOX1	-0.1825151760586181	-0.001779705481747585
STOX2	0.1343431729138556	0.0010676251951464105
STPG1	-0.5951670648404099	-0.0003309128880512679
STPG2	-0.1177203964338974	-6.015512257772156e-05
STPG3	0.3614338839583717	0.00024902794604731815
STPG4	0.3934226682014135	0.00027028137305437107
STRA6	-0.3757482828012923	-0.0030920326191718342
STRA8	-0.1857475480325788	-0.001291688449018553
STRADA	-0.6258162240798664	-0.04366444958650044
STRADB	-0.3137902338371042	-0.023343483075609853
STRAP	0.6081046058436188	0.002146001154022131
STRBP	-0.0932113333750608	-0.0008557732517164332
STRC	-0.3316210240785685	-0.0062666424920127094
STRIP1	-0.7183992021773681	-0.02171146068820442
STRIP2	-0.7683604804390054	-0.023009322947226456
STRN	-0.4271534402034664	-0.05964727923657185
STRN3	-0.3736881903995151	-0.0453877939177347
STRN4	-0.614370819492486	-0.06340859790899998
STS	-1.6816893799143613	-0.007424658612321905
STT3A	-0.792173067559795	-0.009594008021216677
STT3B	0.0911832595697821	0.0034875773120250256
STUB1	0.5812584644418947	0.05683254636080625
STUM	-0.8388310862200858	-0.003919018834820241
STX10	-1.009555980471103	-0.1128754255085326
STX11	-0.3563472486225262	-0.018905290581170884
STX12	0.1951040482599949	0.01031124895054073
STX16	-0.7099615192690412	-0.030547514289589035
STX17	-0.0397090663738132	-0.0024130008363375064
STX18	-0.3255242481711159	-0.011717570837167488
STX19	-0.2754733252855681	-0.011788330008945316
STX1A	-1.1938382668053944	-0.06691702253097596
STX1B	0.0032681954284723	9.914724471356416e-05
STX2	-1.2394570531510365	-0.03496012564117813
STX3	-0.1415073666815789	-0.006068826434872874
STX4	-0.5940977233878588	-0.01962720648756469
STX5	-0.5984131504618582	-0.03705793116865149
STX6	-0.5346962241933702	-0.04429423521217878
STX7	-1.1296335591898643	-0.05025852668191626
STX8	0.0027064213041302	8.703850914082723e-05
STXBP1	-0.50819460256449	-0.025473254453545063
STXBP2	-0.1598766898218967	-0.00932256966020462
STXBP3	-0.9001754833685665	-0.07896339340109065
STXBP4	-0.8336125882360752	-0.030129259776616468
STXBP5	1.0518121688815034	0.07510885516765928
STXBP6	-0.0290498745137427	-0.000987782883090793
STYK1	-0.3781044894657182	-0.011462237598153248
STYX	-0.5585914424736986	-0.0009769764328864988
STYXL1	-0.960656746330776	-0.005888825855007657
STYXL2	-0.2428538831238729	-0.004177329643613738
SUB1	-0.3652390128650634	-0.037424580692231584
SUCLA2	-0.4172321890336176	-0.1414296123489144
SUCLG1	-0.6946575910784931	-0.029210351704850635
SUCLG2	-0.4161236123312142	-0.007063698319322361
SUCNR1	-0.3465828380180777	-0.002823263798495261
SUCO	-0.2617519737041309	-0.004825921139183061
SUDS3	-0.3961907212652682	-0.0066512498286013235
SUFU	0.6632843401634644	0.055372303285526336
SUGCT	-0.7076344341524314	-0.008668521818367286
SUGP1	-0.6285980833883131	-0.00038533062511703596
SUGP2	2.0780254367261186	0.002138288174391176
SUGT1	-0.1678912715224824	-0.015384045100876586
SULF1	0.8103714622530053	0.02313853636171006
SULF2	-0.4874428806712644	-0.011904330031753618
SULT1A3	-0.4411249106503497	-0.00030128831397418886
SULT1A4	-0.0479197957814492	-3.27292205187298e-05
SULT1B1	-0.884152650050648	-0.0004491495462257292
SULT1C2	1.1912415943907773	0.0006706690176420076
SULT1C3	0.0422935415861586	5.6081236143246295e-05
SULT1C4	-0.986062065369614	-0.0036237780902333315
SULT1E1	-0.9913100200642164	-0.000526385620654099
SULT2A1	0.5240767216889518	0.02039968639174245
SULT2B1	-0.3770801052506928	-0.00021531274009814558
SULT4A1	-0.4805991263941565	-0.00031959841905211407
SULT6B1	-0.4564366460191654	-0.00024145498574413847
SUMF1	-0.6263126016996217	-0.014048191656122514
SUMF2	0.067236518159261	0.001526134489178906
SUMO1	0.2065671775609049	0.006186893535126662
SUMO2	0.5798623507286376	0.5195682634998738
SUMO3	-0.0790821571939573	-0.015906268769363796
SUMO4	-0.5780860360914417	-0.014227275434246473
SUN1	0.7974164241584092	0.03654718955202821
SUN2	-0.8005699823715016	-0.06402318263021373
SUN3	-0.1418781092903958	-0.005228350205460376
SUN5	-0.7354842494011062	-0.0011260263858330936
SUOX	-0.7006830027908866	-0.005258625935945604
SUPT16H	-0.8428236430332617	-0.0006194753776294473
SUPT20H	-0.236155086367369	-0.004443966415261151
SUPT20HL1	-0.4218165423021762	-0.0016265245871171913
SUPT3H	-0.1128529673280516	-0.004972188887506625
SUPT4H1	0.7645067728425791	0.0024785309575556416
SUPT5H	0.8973005505526095	0.0005814507567580909
SUPT6H	0.0574982244457957	5.7325729772458315e-05
SUPT7L	-0.1742138709209217	-0.0001315314725452959
SUPV3L1	-0.080711373742056	-0.0002841847469457792
SURF1	0.4249633013463345	0.0029938664579849264
SURF2	-1.2493819135880024	-0.007571254396343295
SURF4	0.2031587767259703	0.0034640603019545197
SURF6	-0.2246270490091285	-9.389410648581572e-05
SUSD1	-0.4038542503598028	-0.0033196819379575793
SUSD2	-0.8624083023924158	-0.014509157279450003
SUSD3	0.1989851871732399	0.0016394389571203235
SUSD4	-0.8054969738622548	-0.008850800748798456
SUSD6	-0.6389574218864927	-0.001576946917215864
SUV39H1	-0.3998331123082304	-0.01144602250604771
SUV39H2	-0.1140414231025924	-0.0012846766312507034
SUZ12	0.0051470989779741	0.00011128542700277803
SV2A	-0.1592368439819217	-0.003753530886341858
SV2B	-0.3259362452184446	-0.00796294840693182
SV2C	-0.9633917109355452	-0.023550110373819405
SVBP	-0.565367285983539	-0.00483728249887516
SVEP1	-0.5322392429901726	-0.016020401214004193
SVIL	-0.8187506676317284	-0.00655573659572725
SVOP	-1.2035601125106383	-0.011796092662716766
SVOPL	-0.3011530008133019	-0.0025733523919496647
SWAP70	-0.1345387356252123	-0.0004219134749206657
SWSAP1	-0.5725222479797565	-0.0002931313909656353
SWT1	0.0914508714140437	0.00282446016362274
SYAP1	-1.107897663294844	-0.07279330806912443
SYBU	-0.4055636431861021	-0.002465826950571501
SYCE1	-0.4872304568569378	-0.01973088458087855
SYCE1L	-0.5154954985475098	-0.009690284381696088
SYCN	-0.1845142081577301	-0.0001190116642617359
SYCP1	-0.5187127055266767	-0.019572067804932567
SYCP2	-0.4727145784949865	-0.01400086038586451
SYCP2L	-0.458707642858106	-0.42108811165202703
SYCP3	-1.355180555319485	-0.02647480732872146
SYDE1	-0.7875938948302922	-0.008474510308373944
SYF2	-0.9756706552351329	-0.0005766213572439636
SYK	-0.7672650313486408	-0.05865434258647819
SYMPK	-0.2961276965340743	-0.08806630405535795
SYN1	-0.1692531830020156	-0.004062245645231377
SYN3	-1.3203951259511786	-0.020785660072723453
SYNC	-0.1312110077620609	-0.016432604190104984
SYNCRIP	-0.358482775465146	-0.001352913994605461
SYNDIG1	-0.1744493283888512	-0.0007768228593155544
SYNE1	-0.4889648150950026	-0.042204509050110056
SYNE2	-0.2477184477103807	-0.00741124051859917
SYNE3	-0.5170603629626137	-0.007888789957720597
SYNE4	-0.249313206811036	-0.0024534912682274055
SYNGAP1	-0.0014100808968809	-3.1874878673992744e-05
SYNGR1	-0.1992806655908631	-0.001990016726590359
SYNGR2	-1.3424427254815752	-0.016894641700185623
SYNGR3	0.105133981350223	0.005416292451200789
SYNGR4	-1.0130142469781394	-0.0053244028821171005
SYNJ1	-0.1317894588486434	-0.009910435515959135
SYNJ2	0.1013717375384033	0.002878349115665423
SYNJ2BP	0.4565830267504001	0.002683795031238852
SYNM	-0.4115975559285666	-0.013945336792415766
SYNPO	0.3813502953875413	0.003999601898024533
SYNPO2	0.5978539771247952	0.015327780265525498
SYNPO2L	0.0363428071393644	0.000995938286847142
SYNPR	-0.3464099805710767	-0.002376026056737015
SYNRG	-0.6650399239394621	-0.04196401920058006
SYP	-0.0627036995620879	-0.005071224405783422
SYPL1	-0.9729851722220672	-0.011199059332275992
SYPL2	-0.6372163701799144	-0.00469054970089435
SYS1	-0.1617758706550834	-0.011892629579467144
SYT1	-0.3487027863595546	-0.024838448175177434
SYT10	0.1277165162258008	0.008520862813036751
SYT11	0.0692975280587995	0.0036345860491559753
SYT12	0.4668160111437361	0.016078543871823704
SYT13	-0.4229114414021933	-0.011186430536529414
SYT14	-0.2925724383244411	-0.011627121271451612
SYT15	-0.1430312107508002	-0.006184097428021597
SYT16	-0.7586677844511087	-0.054353994749215234
SYT17	-0.92258779750968	-0.057585162557161694
SYT2	-0.113917578500613	-0.0019007147972827276
SYT3	-1.452826495977754	-0.06274612353478322
SYT4	1.1318308044531022	0.05766225216366774
SYT5	-0.2389494209730501	-0.01410852961193277
SYT6	-0.0633282913932658	-0.011032991598243376
SYT7	-0.637690990360344	-0.016989363365180286
SYT8	-0.6174054035141225	-0.015635791843995155
SYT9	-0.5734108164280324	-0.006835056931822146
SYTL1	-0.4785139204655755	-0.026406312186972317
SYTL2	-0.1921446151301948	-0.039017846271413005
SYTL3	-0.9163053519038684	-0.02755696715315694
SYTL4	-1.0987441729999303	-0.027483986743420258
SYTL5	-1.1855247056797171	-0.018590212909763645
SYVN1	-0.8805888916325164	-0.07742489770789737
SZRD1	-0.713599177784991	-0.01078176997715343
SZT2	-0.3940538590198604	-0.001176644823033303
TAAR1	-0.8892878353586191	-0.02632825565362728
TAAR2	0.096105920780388	0.0030981665681973684
TAAR5	0.3251259845964074	0.010998361806927268
TAAR6	-0.3840459843282957	-0.011358928078478001
TAAR8	0.3606516769635799	0.00990818352122043
TAAR9	-1.366045876711819	-0.04384870659657268
TAB1	-0.8903245334544058	-0.028455662413736267
TAB2	-0.1033250912616391	-0.003107812094967581
TAB3	0.0371272879433726	0.0005826756569832895
TAC1	-0.529322657893023	-0.017183401443181204
TAC3	-0.4547114377281865	-0.01534241862038674
TAC4	-0.4923327845300322	-0.015664059872607505
TACC1	-0.8650630045006557	-0.0368101609675119
TACC2	0.5169317964450132	0.032247239325832816
TACC3	-0.1144456557804292	-0.008806364320992466
TACO1	-0.2609811889759266	-0.00010726326866910584
TACR1	-0.5291560127010526	-0.018649045355623197
TACR2	0.5537385960733141	0.022031043783372877
TACR3	0.2479478052043343	0.007904576029914177
TACSTD2	-0.534046909403207	-0.021870823080789536
TADA1	-0.2854409918824288	-0.00017440444604016397
TADA2A	0.0798101720266529	0.0028747623964000377
TADA3	-0.3302103410072149	-0.013348422824875656
TAF1	-0.2396364532629126	-0.0001332378680141794
TAF10	-0.2912556293802502	-0.055184204098676
TAF11	-1.1969784590556245	-0.0009671585949169446
TAF12	0.8743221164909877	0.001129624174506356
TAF13	-0.154594560651378	-0.00013356970040279058
TAF15	0.6024108116567763	0.009207849256173826
TAF1A	-0.163727679216047	-0.0003068256708508721
TAF1B	-0.7634597016614815	-0.04789564438373304
TAF1C	-0.1927724486396592	-0.005711654880744463
TAF1D	0.656500494319282	0.0032523034488577234
TAF1L	-0.3722741909888394	-0.00020623990180781705
TAF2	0.3471182201483291	0.016612036661638584
TAF4	-0.4037869246592646	-0.008969318957456245
TAF4B	-0.5669027710292812	-0.016802431230536864
TAF5	-0.6140654777103516	-0.00031255932815456896
TAF5L	-0.1648278774075252	-0.08153804336321901
TAF6	-0.1424614510617549	-8.120302710520029e-05
TAF6L	1.457423932110603	0.42803520689335933
TAF7	-0.955959177023196	-0.002943398306054421
TAF7L	-0.2566919418000425	-0.0005888513144892975
TAF8	-0.1256019107067053	-0.00011731218460006274
TAF9B	-0.3634437254216064	-0.00024059974622910347
TAFA1	-0.3517817829073029	-0.010059200082234326
TAFA2	-0.6521971169209058	-0.0211109684776128
TAFA3	-0.6309380757562946	-0.01620122790927013
TAFA4	-0.1490560267803778	-0.003873369911914897
TAFA5	-0.3406136135639054	-0.007926419401245643
TAFAZZIN	-0.2202564104772953	-0.0028584876951743385
TAGAP	0.1341142480193908	0.0004455275319204163
TAGLN	-0.731356320769132	-0.002120933330230483
TAGLN2	-0.1042220070539849	-8.129316550210823e-05
TAGLN3	0.0464195633125349	2.7433961917708128e-05
TAL1	-0.2272243670907449	-0.0066683535010120904
TAL2	-0.5819690398490862	-0.00723503910340384
TALDO1	0.1969258448456544	0.0028629079323661236
TAMALIN	0.555115318197494	0.014063846586533512
TAMM41	-0.5150908937526286	-0.0023009110223929916
TANC1	0.4816912227087311	0.005587136492198572
TANGO2	0.459178833493726	0.0009055006596496276
TANK	0.2946768349725298	0.005848451143699799
TAOK1	-0.52476410786165	-0.017776908917921254
TAOK2	-0.9791005779904648	-0.02469095837576354
TAOK3	0.0721661879609315	0.0025943744571954876
TAP1	-0.3020529062474802	-0.003103895664599107
TAP2	-0.1682467016601999	-0.0040268165575352245
TAPBP	-0.2329483083764238	-0.007056936053955383
TAPBPL	-0.7118577711634083	-0.02772543647127243
TAPT1	-0.3517154109505104	-0.001709688612630431
TARBP1	-0.3561931308021036	-0.010488819122729543
TARBP2	-0.4580487189644637	-0.00886003637092962
TARDBP	-0.5983723246362248	-0.004754068119234806
TARP	-0.5913929781637974	-0.0074935404263134775
TARS1	-1.4937223027417563	-0.0007274427614352354
TARS2	0.441697967053675	0.00018330465632727513
TARS3	0.0813794062133003	0.00011458220394832681
TAS1R1	0.8199559231357282	0.014063064037700874
TAS1R2	0.6178131201468104	0.012203662562259946
TAS1R3	-0.271542998862281	-0.007359629898164402
TAS2R1	-0.8083224522349151	-0.0044886145772604835
TAS2R10	-0.8938004624882372	-0.004641505801701415
TAS2R13	-0.4615712426486099	-0.00224785195169873
TAS2R14	-0.1304626657852755	-0.0004730576261374089
TAS2R16	0.2006144561413894	0.0010032728951630883
TAS2R19	-0.6914534173562339	-0.0026372033337966764
TAS2R20	-0.7005889112552719	-0.0030279452744452853
TAS2R3	-0.1096950870698931	-0.0004660944249599758
TAS2R38	1.3525623691173247	0.007303836793233554
TAS2R39	-0.5018030201817734	-0.002245066712293254
TAS2R4	0.0935758460786025	0.0004379349596478597
TAS2R40	-0.1905130139471424	-0.0008098708222893023
TAS2R41	-0.5350750677774492	-0.0026716298134128037
TAS2R42	-0.3739508504787729	-0.0018020691484572067
TAS2R43	-0.4080278894285344	-0.0017218776933884152
TAS2R45	-0.8202323504421014	-0.0034646614482674366
TAS2R46	-0.7597238402942215	-0.0032326249404519124
TAS2R5	-0.4723385514524226	-0.0022369953796786734
TAS2R50	-0.8648324430516683	-0.003984283065139036
TAS2R60	-0.1189932898069975	-0.0004620509443205713
TAS2R7	-0.8127455179902807	-0.0036362234474885155
TAS2R8	0.6432950852687264	0.0019176626491860735
TAS2R9	-0.9579474807841168	-0.0044199696763379155
TASL	-0.613979840172374	-0.0009443009941851112
TASOR	-1.0340758327155648	-0.019599873333290815
TASP1	-0.4164059302300084	-0.00019654359906856394
TAT	-1.0512346204151717	-0.002762644582451071
TATDN1	-0.2796243726799605	-0.044996874427286566
TATDN2	-1.272581961422267	-0.002775501257861965
TATDN3	-0.0409370748357838	-0.0010193741004858525
TAX1BP1	-1.2892093414514934	-0.07361256418753881
TAX1BP3	-0.4441282323125611	-0.015814518096185677
TBATA	-0.445449250277475	-0.0019991762352453077
TBC1D1	0.3544437811766673	0.013433064862814516
TBC1D10A	-0.7211833151877884	-0.005695905823353153
TBC1D10B	-0.2429858217859733	-0.000874505972607718
TBC1D10C	-1.3263885513444058	-0.02561654209211451
TBC1D13	-0.8637403187718024	-0.01844431076705307
TBC1D14	-0.0866738053899421	-0.0027685346917655303
TBC1D15	-1.283966302113439	-0.12717044239282557
TBC1D16	-0.6163722717969295	-0.006944050014064208
TBC1D17	-1.166274765182561	-0.0785532705341062
TBC1D19	-0.886471480697382	-0.00728679557133248
TBC1D2	-0.2392305399370435	-0.002895407224858037
TBC1D20	0.2922740115769948	0.01729969874524232
TBC1D21	0.8637087399383707	0.05017284070301996
TBC1D22A	-0.7802649488004672	-0.003835002223354296
TBC1D22B	-0.4783581189032757	-0.0026123136873307884
TBC1D23	0.2592582450933326	0.0019133258487887947
TBC1D24	-0.6782656090459539	-0.0034910330897595246
TBC1D25	-0.1391591386916835	-0.007769393872295381
TBC1D26	0.2272916946201094	0.0012391943190688366
TBC1D28	0.5103540940380307	0.005398525606734289
TBC1D2B	0.0440924397450758	0.0005828138685504119
TBC1D31	-0.0870745353313869	-0.000790636780808993
TBC1D32	-0.5328238658642095	-0.016006561754426718
TBC1D3B	-1.0976340256813242	-0.012387897613839424
TBC1D3C	-0.2865711111366517	-0.0037216990203316953
TBC1D3F	-0.5640096419442977	-0.007452259399010006
TBC1D3G	0.0379294243933196	0.0004848139025954112
TBC1D4	-1.2947511427210228	-0.08880957038152039
TBC1D5	-0.449648588440891	-0.010522226618105292
TBC1D7	-0.015612792234391	-0.00015642456539636344
TBC1D8	-0.474307513077446	-0.004746869590879079
TBC1D8B	0.6683171648005846	0.00993453465476069
TBC1D9	0.0895903297296265	0.0014538718708523787
TBC1D9B	-0.8727854450163154	-0.007601961226092108
TBCA	-0.3934131555866424	-0.014301748445041213
TBCB	-0.3586474847029079	-0.008880470368728702
TBCC	0.2338709189486632	0.006108474532020134
TBCCD1	-0.6138548194330797	-0.003789939655179834
TBCD	0.4756644957176905	0.04093283251449014
TBCE	-0.4220498510653553	-0.023237642749807396
TBCEL	-0.2591019209224853	-0.0019170951129054688
TBCK	-0.135616638199267	-0.0036685656799283714
TBK1	-0.5114439179071419	-0.06822866442448436
TBKBP1	0.2764995261248802	0.00841581607666298
TBL1X	0.3207142753202747	0.0031802027540758435
TBL1XR1	0.8246866905344468	0.034675601276901884
TBL1Y	-0.384813569354711	-0.0005637518791046516
TBL2	-0.2661009470519078	-0.00955701551336927
TBL3	-1.0707323665174189	-0.029800623224912802
TBP	0.1411934095945627	0.003613280544934454
TBPL1	0.0295726852067326	0.0002061807612613397
TBPL2	0.0366627168636527	4.645166226624797e-05
TBR1	-0.334800406725506	-0.007848391134459311
TBRG1	-1.233991994967036	-0.01599994020674259
TBRG4	-0.2689569172324577	-0.0011624317962786821
TBX1	-0.9561906372741328	-0.017897976348497217
TBX10	-0.2292288199550323	-0.0013840836148884851
TBX15	-0.7756374160184523	-0.02498638371961842
TBX18	0.1188434107617324	0.002912138937305491
TBX19	-0.0942666931319017	-0.0025758373898292137
TBX2	0.312772214588317	0.008127698768292006
TBX20	-0.468242439182133	-0.001010467183755043
TBX21	0.210815912634514	0.004811240758144878
TBX22	-0.0319586347517698	-3.2693683351060505e-05
TBX3	-0.2386950077237302	-0.004924516704348278
TBX4	-1.0184804198649489	-0.019588433915262563
TBX5	-0.8833041133145021	-0.02564143510540668
TBX6	-0.7219885651883358	-0.011543153180231112
TBXA2R	-0.2924905407412097	-0.007479275617293474
TBXAS1	0.349635493345019	0.0015950371206399766
TBXT	-0.2074702537154962	-0.004229488592244106
TC2N	-0.1204702581179493	-0.0026358892476207305
TCAF1	-0.9081847128341995	-0.0028389854123197075
TCAF2	-0.4458454305484784	-0.0022564237240058497
TCAP	-0.068561766076176	-0.003055729352249088
TCEA1	0.5435348653655905	0.31277713827462905
TCEA2	-0.0339273197175916	-0.004287429320031769
TCEA3	-0.6139986457009693	-0.001897869813861696
TCEAL1	0.9002107270969375	0.01464192747623169
TCEAL2	-0.3697501511810475	-0.0031857673025759052
TCEAL3	0.1652813621324958	0.00028230056652230284
TCEAL4	0.1437222447035716	0.0011601259592472297
TCEAL5	0.3310267538965228	0.0005329530737734017
TCEAL6	-0.3463377039202205	-0.000716226371707016
TCEAL7	-0.033813657170256	-2.8268217394334018e-05
TCEAL8	-0.9996530782595208	-0.01864952782800962
TCEAL9	-0.2675489245385036	-0.0005899453786074005
TCEANC2	0.3785921599561647	0.019455472507987345
TCERG1	-0.7079822017259416	-0.025230361722907383
TCERG1L	-0.6834159527317837	-0.001029907840766798
TCF12	-0.1430546163340311	-0.0032968366880340807
TCF15	-0.0350680934027694	-0.0002893819067596531
TCF19	-0.0704926749242055	-0.003359257930838089
TCF20	-0.5780005673737609	-0.015433771150014165
TCF21	-1.0118131817632396	-0.006065820024670622
TCF23	-0.5984615710827501	-0.015413976224807313
TCF25	0.0585345904455206	0.023237998268509894
TCF3	-0.1947763718496878	-0.005063796115348183
TCF4	-0.6818914203231374	-0.016803168379602752
TCF7	-0.5723501743430531	-0.012873872471498293
TCF7L1	-0.8189354846196084	-0.024131571925286
TCF7L2	0.6381946408666709	0.019816581793550996
TCFL5	-0.6656508324122774	-0.004476501847972565
TCHHL1	-1.1806017566153046	-0.019325270154035925
TCHP	-0.3792451061224753	-0.04096188466718243
TCIM	-0.5189771222324597	-0.0006456075400571799
TCIRG1	-0.2247127652664453	-0.0018617452602324993
TCL1A	-0.4914380918909136	-0.015001147754970138
TCL1B	0.3964892457080974	0.004846684539535783
TCN1	-0.7192459350582593	-0.009678892548078995
TCN2	-0.2309970810127607	-0.013833260196449175
TCOF1	-1.01003654162875	-0.027466933713052227
TCP1	-1.4584736711282773	-0.19328276479260384
TCP10L	-0.9139232765678974	-0.004348446949910056
TCP11	-1.0805515024064567	-0.006342837319125901
TCP11L1	0.0348623210161111	0.0022811113887261816
TCP11L2	-0.4040968224511482	-0.01205420821371775
TCTA	-0.5260372405294531	-0.001935291007907858
TCTN1	-0.4039819180620809	-0.01016095320309746
TCTN2	0.5048103604038486	0.04109964030263974
TCTN3	-0.8276191564917562	-0.010497521380941437
TDG	0.4645719553473836	0.012070508543835722
TDO2	-0.4767018820370714	-0.001715173371569383
TDP1	-0.1918758622852147	-0.005689311192618901
TDP2	-0.1487413210994378	-0.0007506974475888626
TDRD1	-0.0414538544930754	-0.0011700350430670532
TDRD10	-0.2948533486305019	-0.0005717206429945432
TDRD12	-0.6128276147068066	-0.026845526489846366
TDRD3	0.3913642138572439	0.015502719239313146
TDRD5	-0.4234894856548202	-0.012563239081435897
TDRD6	0.4737734427216179	0.01575770470492101
TDRD7	-0.1983049386176354	-0.005498599337989794
TDRD9	-0.0329785451435198	-0.00016077040757465902
TDRKH	-0.7350803786965445	-0.0199537568797177
TDRP	-0.1229409186620985	-0.00042390028754691564
TEAD1	-0.7912739613145852	-0.020664910773691706
TEAD2	-1.1498210070383676	-0.02576633894672278
TEAD3	-0.5807024481323605	-0.013901435905840576
TEAD4	-0.6016603751986842	-0.015789373226339068
TEC	-0.8786943254480899	-0.026739547017710825
TECPR1	-0.0407204909978485	-0.0008803362948824868
TECPR2	-0.0527189815395116	-0.0015214698072303049
TECR	-1.14689107582914	-0.028320181335448953
TECRL	-1.3034303109582974	-0.0037760376108461873
TECTA	-0.4929925225003572	-0.013473485639934762
TECTB	-0.293338467496295	-0.0027051673472508323
TEDC1	-0.0407354020717538	-0.0024225750966092702
TEDC2	0.2376395024787097	0.0007214735295253627
TEDDM1	-1.1262203147461878	-0.0026849092303549114
TEF	-1.021443137459889	-0.03237464024179118
TEFM	0.2551499615539519	0.0013721964932371534
TEK	0.5913560711153567	0.03344532531407123
TEKT1	0.5837819563525807	0.034136649897717156
TEKT3	-0.4932681418808375	-0.003437585680767557
TEKT4	1.1234589877666332	0.013386013839239435
TEKT5	0.2052163326007995	0.0009546663792589193
TEKTIP1	0.1542500586801135	0.0003186806212331145
TEKTL1	0.7761926676970688	0.004327274122411159
TELO2	-0.174773945504259	-0.011841284355804558
TEN1	-0.5980619706894703	-0.46871193154481033
TENM1	-0.5563381908150479	-0.009046615320843493
TENM2	-0.288947471273783	-0.009422288090766789
TENM3	0.3388851376101962	0.02319838209510598
TENT2	0.256293022157436	0.012430724160679961
TENT4A	0.1047394587316839	0.004277245276225776
TENT4B	-1.3352086828167646	-0.13488411634683237
TENT5A	-1.4241225300920664	-0.02179049883293871
TENT5B	-0.5210858748674074	-0.002196376962566122
TENT5C	1.5290005968064238	0.007978325114135919
TENT5D	-0.5303407486528036	-0.0037070818330830965
TEP1	-1.724796492401281	-0.0600574138654126
TEPSIN	-0.7771641134747445	-0.03301393154040714
TERB2	-0.2570439263322375	-0.1063673471555432
TERF1	-0.5511929726231306	-0.01621003413187365
TERF2	-0.0584915244874633	-0.0017020448710606947
TERF2IP	-0.4080795024186485	-0.0003313605559639426
TERT	-0.2699714271987664	-0.007835920674444195
TES	-0.5167176682923345	-0.01116885240013881
TESC	-0.2539922499075357	-0.0034690261492371227
TESK1	-0.7957771194399186	-0.018359373922598364
TESK2	0.1074976650397454	0.000938992104122176
TESMIN	-0.6114651479151906	-0.05078095760406075
TET1	-0.0008562087921007	-2.2387291287057003e-05
TET2	-0.0409363147836673	-0.0008696101349494445
TEX10	-0.3249065401343625	-0.00014490831689992567
TEX101	-0.3500980768119944	-0.0037456993238115283
TEX11	-0.4152505335236415	-0.015690241409190793
TEX12	-0.684685625195098	-0.16205892531305297
TEX13A	0.4530113269778864	0.0015438626023406368
TEX13B	0.250080053675104	0.0009918174928754623
TEX14	0.4325570251939824	0.008593610419528849
TEX15	-0.069811610473392	-0.0011791879125060644
TEX19	-0.6963031550529042	-0.0004108188614812135
TEX2	-0.2765016677398461	-0.005845798259355826
TEX26	-0.0450244335915703	-0.00022539231455940095
TEX261	-0.8218488765171035	-0.010037240328903385
TEX264	-1.4841388399591744	-0.004022016256289363
TEX28	-0.7401052928171661	-0.0038233839426934798
TEX29	-0.4604324416741061	-0.0019259889035227857
TEX30	-0.6339138686499877	-0.00042852577520739163
TEX35	0.043901360480324	2.357503057793399e-05
TEX44	0.6459652557846239	0.0012647999708262937
TEX47	-0.1803137757111368	-0.00017382247978553586
TEX55	0.3007863453392957	0.000728203742066435
TEX9	-0.8272450830087293	-0.05705592062019507
TF	-1.365348793865028	-0.06767351296792011
TFAM	-0.2132614992655818	-9.426158267538716e-05
TFAP2A	-0.7235314103466634	-0.022661003772057497
TFAP2B	-0.4140624942660008	-0.01117678890772216
TFAP2C	0.4229865414043117	0.012357551807126967
TFAP2D	-1.415448641114038	-0.040132215321506313
TFAP2E	-0.6208942293339681	-0.014812052734991142
TFAP4	-1.3636446360000627	-0.024047873155861106
TFB1M	-0.0170580400706249	-7.52259567114558e-06
TFB2M	-0.3131877127067445	-0.00016223123518209365
TFCP2	0.3386127452857677	0.009314559397320898
TFCP2L1	-0.3630486887964828	-0.008045521992418855
TFDP1	0.1484764158501497	0.019750332836386914
TFDP2	-0.8977248136819487	-0.03618279861545094
TFDP3	-0.8859966386622057	-0.019763041021999158
TFE3	-0.215329571794127	-0.006442876117652074
TFEB	-0.1971827811506534	-0.006330750371622879
TFEC	-0.8589056553949452	-0.01754057129447557
TFF1	-0.0134356703443926	-0.001163730586879565
TFF2	-0.1685045027164394	-0.0003386940504600432
TFF3	-0.6977411589205216	-0.010334244304771844
TFG	-1.227169607618415	-0.13300800509132954
TFIP11	-0.0139636903184233	-0.0042397673640022305
TFPI	-0.903178189410208	-0.025988049222089325
TFPI2	-0.165512316232973	-0.002625356360087418
TFPT	-0.4796851924476881	-0.009913174187123923
TFR2	-0.9241154421855392	-0.024563912568733817
TFRC	-0.759139129528127	-0.021307517087595467
TG	-0.9777898660808434	-0.03990653780435746
TGDS	-0.084780860079219	-0.00016803566467701205
TGFA	-0.4326546833568684	-0.014766936997653276
TGFB1	0.3510209980535435	0.02320599818131976
TGFB1I1	-0.7259198775008644	-0.021628782750138253
TGFB2	0.6920443843046062	0.01794471088501844
TGFB3	0.1570810066469642	0.002955636221069278
TGFBI	-0.8824549413985333	-0.010488859433462968
TGFBR1	-0.8748359937162783	-0.03866687608626579
TGFBR2	1.123961189349205	0.0535792298962766
TGFBR3	-0.3470251962607335	-0.021725859437099482
TGFBRAP1	-1.4989203468463264	-0.37341403464705053
TGIF1	-1.4218564210680928	-0.04422257840805983
TGIF2	-0.312930300581537	-0.0050628993331086865
TGIF2LX	-0.8805624022346691	-0.021206584333017534
TGIF2LY	-0.0863310968045941	-0.001416952291853803
TGM1	0.5007048785342125	0.005214340605055289
TGM2	-0.7136991989751955	-0.01763907570267196
TGM3	-1.0680587688460936	-0.0053990370765170026
TGM4	-0.1813370057952006	-0.0005900706168575827
TGM5	-0.0220677056395722	-0.00010303411763116261
TGM6	-0.2870664643879038	-0.0008037861002861305
TGM7	-2.1037577787230735	-0.006563724269615989
TGOLN2	-0.2915769326383561	-0.008925461484992719
TGS1	-0.4234299062496223	-0.004119972987808826
TH	-0.1105887804689101	-0.0020735396337920645
THADA	-0.501947119499802	-0.20360882565966068
THAP1	-0.1807687647744621	-0.0037214865604118515
THAP10	-0.7868192367207401	-0.00045635515729802923
THAP11	-0.2723056916575122	-0.005337736167870555
THAP12	0.3272220764188904	0.0011639289258219931
THAP2	-0.7043051926352553	-0.005371735704229092
THAP3	-0.1480418910562295	-0.00045286014474100604
THAP4	-0.559682675936553	-0.001596214991771049
THAP5	-0.7977854198528092	-0.006379890002562915
THAP6	-0.5568084910177963	-0.0006715110401674623
THAP7	0.4390270366341595	0.0006383453112660678
THAP8	-0.383366068951077	-0.0017017619800738309
THAP9	-0.1417713559147961	-0.00028297562640593296
THBD	-0.0945915113879609	-0.0026573593294219855
THBS1	-0.5825238427277076	-0.013105621413687967
THBS2	-0.2423674027896105	-0.0061532236220226315
THBS3	-0.785118734764802	-0.012555618806358713
THBS4	-0.5720805996591547	-0.011501680456147306
THEM4	-0.195300009428298	-0.004319840908544524
THEM5	-0.7811161710995893	-0.003961040103646017
THEM6	-1.7869802959848138	-0.06552141953257917
THEMIS	-0.6016831993035653	-0.007117310564561873
THEMIS2	-0.275973991493875	-0.0029004866506006266
THG1L	-0.0531234832762745	-0.00016914517075165803
THNSL1	0.0386078608158778	0.00011563054314355399
THNSL2	-0.0500102278037059	-9.226887029783738e-05
THOC1	-0.889821041542905	-0.0066816662009456735
THOC2	-0.9445045342103542	-0.010704069886205944
THOC3	0.7763392293169741	0.38336174581132704
THOC5	-0.0997640074878098	-0.05773921744562982
THOC6	-1.4804984532958043	-0.15894335294893094
THOC7	0.3139683031071257	0.048592874271889845
THOP1	-0.0121710893676492	-0.0008555788981882682
THPO	-1.1039982655249143	-0.09075638541400663
THRA	-0.3084695506765598	-0.008373405953115216
THRAP3	-0.585318210203402	-0.0005946833015666565
THRB	0.0868716253188415	0.002310177132103952
THRSP	-0.4254193726455794	-0.013370505462877914
THSD1	-0.94045102558541	-0.03748073517368093
THSD4	-0.9605523449266706	-0.014694529772688208
THSD7B	0.0153262099618462	0.00011370515170693697
THTPA	0.5698507198913056	0.003978127875561205
THUMPD1	-0.2864417610905465	-0.0022196372066906446
THUMPD2	0.3897233033055048	0.0005775699354987581
THUMPD3	-0.2545411306163113	-0.00013261592905109817
THY1	-1.1838744607016656	-0.09455013380393852
THYN1	0.5734644997344749	0.0007328876306606589
TIA1	-0.3406745803742765	-0.00057914678663627
TIAL1	-0.6963534824247206	-0.0006998352498368442
TIAM1	-0.3959314704050912	-0.005158195196437528
TIAM2	0.7586398469004819	0.015259281880556294
TICAM1	-0.7695201727496712	-0.0258643425262892
TICAM2	-0.908824079358372	-0.07948938927700064
TICRR	-0.2832101658330225	-0.016163087374256428
TIE1	0.3761637591630646	0.02270750148563756
TIFA	-0.8857390199063229	-0.0031257730012494134
TIGAR	-0.6898716081891192	-0.07423018504114923
TIGD1	-0.4735707429486847	-0.0032207546227940045
TIGD2	-0.2572748171814417	-0.0005083750387505288
TIGD3	-0.9548185370062778	-0.0024281035396069646
TIGD4	-0.3858166226600067	-0.00045101963188954783
TIGD5	-0.1654755297540736	-0.0013122209509498035
TIGD6	-0.0614453210009308	-4.632977203470182e-05
TIGD7	-0.5402031832248693	-0.0009869512157518361
TIGIT	-1.089104971045035	-0.13787742201938827
TIMD4	-1.0434620706583415	-0.041817785943703695
TIMELESS	-0.0973915517826548	-0.001861152554566533
TIMM10	-1.0235763587610394	-0.26424033131959734
TIMM10B	-0.765087591539819	-0.16272954019497024
TIMM13	0.050932482222337	0.005174994856200551
TIMM17A	-1.1510293087451158	-0.04144165923205915
TIMM17B	-0.9005506904958662	-0.030663751011384244
TIMM21	-0.2187346651299324	-0.023881450738886017
TIMM22	-0.890020515033768	-0.015380444520298546
TIMM23B	-1.0093654920592523	-0.031367042031233326
TIMM29	-1.7075122867329184	-0.0022385486079068563
TIMM44	-0.7472515072420579	-0.056037137779589165
TIMM50	-0.1732169111025016	-0.008342126438696477
TIMM8A	-1.5478915773149753	-0.04276360060648082
TIMM8B	0.7616629661340584	0.046414979493243386
TIMM9	0.4417247682577882	0.0971586879526053
TIMMDC1	-1.2599513062819647	-0.00220617473729972
TIMP1	-0.340610533075289	-0.018547605968081787
TIMP2	-0.4753951167757827	-0.012598445989675019
TIMP3	-1.1736366201110493	-0.030641304877859273
TIMP4	-0.567931669710067	-0.006198974174885382
TINAG	-0.4755095215640916	-0.012863483577351805
TINAGL1	-0.8482040764227377	-0.02223227704711638
TINF2	-0.2485748498057233	-0.008111991648559976
TIPARP	-1.0810293192631597	-0.0006551037674734747
TIPIN	-0.6619407317375909	-0.15235095493526046
TIPRL	-0.0556595220064275	-0.007649844704563396
TIRAP	-0.2150167833035262	-0.004591253373880195
TJAP1	-0.7085981748924349	-0.004228205309583159
TJP1	-0.8132026038959139	-0.06998340288867845
TJP2	-0.1911031943524218	-0.014988032429866089
TJP3	-0.2830329693595351	-0.018125431357784626
TK1	-0.7872909780872961	-0.031117675908900376
TK2	-0.7224276348359215	-0.07502988929878915
TKFC	-0.68003723017326	-0.0028541162550371722
TKT	-1.1317493982560036	-0.01437774435544427
TKTL1	0.8169233054810692	0.007369465138744724
TKTL2	-1.06462755735836	-0.0077366484593232015
TLCD1	0.2025180273968565	0.0007112433122177601
TLCD3A	-0.2082464121112381	-0.0014437723751672138
TLCD3B	-0.5663896229345339	-0.0018203762481115919
TLCD4	-0.2843325769614463	-0.0006241100064303747
TLCD5	-0.1101884231320114	-0.0005037814705595561
TLDC2	-1.317804981240773	-0.005107812107289236
TLE1	-0.4667141096047854	-0.014393929854321186
TLE2	-0.3129270049891581	-0.008610812396286664
TLE3	0.2568885026259582	0.007955580037823299
TLE4	-0.4198083400435205	-0.01262573582680888
TLE5	0.393237468271077	0.0024840810870683933
TLE6	-0.8201026149747644	-0.021042192895022505
TLK1	1.1110866166036368	0.02808271423465692
TLK2	-0.508729454838944	-0.01761272245597908
TLL1	-0.639455482272486	-0.010769069776950937
TLL2	-0.3764531648373193	-0.004562235904663472
TLN1	-0.6101936997731481	-0.02234346270459336
TLN2	0.4089917788980215	0.01396216134802066
TLNRD1	-0.7248917310122539	-0.000648053207524955
TLR1	0.0359112974172444	0.0007368998230018551
TLR10	-0.4178034280491802	-0.016293080283633878
TLR2	-0.5836380650063291	-0.03249930201181243
TLR3	-0.6011311927352927	-0.05173034479083562
TLR4	-0.3244094086123256	-0.017026627811017908
TLR5	-0.8726203843562259	-0.07753144852966631
TLR6	-0.1493366329406526	-0.0025494749975628213
TLR7	-0.6066405219986352	-0.034084097728493315
TLR8	-1.1107492423516174	-0.08322510848167963
TLR9	-1.4813124486848743	-0.09217614843186499
TLX1	-0.5487473786757329	-0.01640041290648163
TLX2	-0.4923641673724576	-0.006009797026948217
TLX3	-1.362398430139215	-0.016912814111748213
TM2D1	-0.4761368788063688	-0.0033343865622810004
TM2D2	-0.4885960172307145	-0.0023403749225351226
TM2D3	0.1792151655601435	0.0023475394536723194
TM4SF1	-0.584709990294683	-0.0043987732569868996
TM4SF18	-1.350207577926837	-0.00726951759955809
TM4SF19	-0.8880269958608299	-0.0033496378283870507
TM4SF20	-0.271256096599497	-0.0008362825458162492
TM4SF4	0.7303646432457573	0.0032252902645732644
TM4SF5	-0.1503382188416421	-0.0009522422781429612
TM6SF1	0.0155519978321042	3.6033978976985434e-05
TM6SF2	-0.3764742429336083	-0.0013925782246114171
TM7SF2	-0.4718971230936029	-0.0027303967542195865
TM7SF3	-0.4525622953360518	-0.0021369991585768362
TM9SF1	-1.0493975044799866	-0.007412943971646625
TM9SF2	-1.675242489213106	-0.029437361020452697
TM9SF3	-0.2497133681892128	-0.005704701896282567
TM9SF4	-0.021645248846895	-0.0002654356866094734
TMA16	0.2802985648242374	0.0005224765248323784
TMA7	-0.3543670374230203	-0.0004039784226622431
TMBIM1	-0.3517557321227492	-0.010885432886270597
TMBIM4	-0.7161518837699989	-0.02079919916033208
TMBIM6	0.8638360850595641	0.014153954253700958
TMC1	-0.7888079864058686	-0.022965355716220458
TMC2	-0.3766238013199046	-0.008983230909082365
TMC3	-0.894149430272922	-0.021942427018897506
TMC4	0.9169482335769626	0.021717918912270363
TMC5	-0.6067331543353103	-0.013663630635631186
TMC6	-0.1338852646003669	-0.0016625872158073562
TMC7	0.5736795604630399	0.005046659093393362
TMC8	-0.787286211259282	-0.019212932699571517
TMCC1	-1.282351511803418	-0.025535465654541466
TMCC2	-0.1268990414620452	-0.011490835103429655
TMCC3	-0.7828095222715493	-0.009969862075650452
TMCO1	-0.2015440169028656	-0.0026652180795234946
TMCO2	1.0614129946142945	0.0007015939894400487
TMCO4	-0.7375909335149331	-0.0031487756951752498
TMCO5A	0.4647089317688676	0.0018546533466895503
TMCO6	-0.9104096970373936	-0.007225011355688756
TMED1	-0.5652793341958638	-0.021623630370994382
TMED10	-0.7003382030636588	-0.03244456793333012
TMED2	-0.6988070631572791	-0.06715186473409875
TMED3	-0.3978639249767189	-0.004955395185585034
TMED4	-0.2729711865623256	-0.007440102660942746
TMED5	0.5648321898070042	0.005902496383483194
TMED6	-0.2066422102886241	-0.0033951315150420936
TMED7	-0.3179495923204068	-0.007811067634535433
TMED8	0.0115023738509682	3.056180732202251e-05
TMED9	-0.3904427237999998	-0.010911702802038594
TMEFF1	0.4379069024565292	0.01143987991977437
TMEFF2	0.0332196914333929	0.0008189318332160018
TMEM100	-0.5402211855367214	-0.0018561999935041745
TMEM101	-0.3786322265387596	-0.0023948488328576546
TMEM102	-0.3101890235658444	-0.009221919670612554
TMEM106A	-0.4989683298168508	-0.001979906332713264
TMEM106B	1.1233891788574304	0.0024590989125189153
TMEM106C	0.1719399312837853	0.00047868076869405827
TMEM107	0.2583997670974383	0.031675935449639474
TMEM108	-0.3278859264813609	-0.012505241350072622
TMEM109	-1.193802412848047	-0.00734069103660264
TMEM11	-0.1607707588526002	-0.001212050750989753
TMEM115	-0.2408776577802214	-0.002939430057892042
TMEM116	0.0716999613199199	0.0008944570174660007
TMEM117	0.2145849183877081	0.002214945527597923
TMEM119	-0.502585512185845	-0.00924506049665862
TMEM120A	0.369893330600567	0.011725618580037974
TMEM120B	-0.0507575803946482	-0.0038471200484319658
TMEM121	-0.1585283672253628	-0.0009701936074192202
TMEM121B	-0.1659583833395589	-0.0015024212443730267
TMEM123	-0.038742319110391	-0.0006510259303310103
TMEM125	-1.0632881232682598	-0.011000778923333416
TMEM126A	-0.7145456707306348	-0.01391363330046692
TMEM126B	-0.4726740713206279	-0.0103435267027093
TMEM127	-0.5414019239022004	-0.003441150628322386
TMEM128	-0.4664896486295127	-0.0007118632038086364
TMEM129	-0.2455729443345283	-0.007171712266345565
TMEM130	-0.4445639250092662	-0.0033004425792687924
TMEM131L	-1.121170021165929	-0.007673287624859618
TMEM132A	-0.483028362537898	-0.012876570088535285
TMEM132B	0.2304123986154058	0.010922008519167466
TMEM132D	-0.4276447130256438	-0.018026079943456938
TMEM132E	0.0133545081876621	0.000515016608257189
TMEM134	-0.4610799704436005	-0.0007045301948378216
TMEM135	0.4553123176253387	0.007481692003219565
TMEM138	-0.7220896769459717	-0.003147588901807491
TMEM139	-0.5986292278513634	-0.0006824373197505543
TMEM140	-0.476659070150409	-0.002391398554944602
TMEM141	-0.3841449553813048	-0.002876093280939829
TMEM143	-0.0120569369308613	-8.172191851737789e-05
TMEM144	-0.3066456071383323	-0.00030020604938842734
TMEM145	-0.1417727307217095	-0.0009753963873653614
TMEM147	-0.8225804379596391	-0.0011664190610267682
TMEM14A	-1.0132883339521723	-0.008936189817124207
TMEM14B	-0.6501588565239529	-0.00931417577856215
TMEM14C	-0.4393451406778231	-0.0044123432478273775
TMEM150A	-0.7047739733230435	-0.006057532300711559
TMEM150C	-0.6967302731226563	-0.0017341616498022915
TMEM151A	-0.7141062556361658	-0.002562213245222563
TMEM151B	-0.6666517512809329	-0.001959956148765943
TMEM154	0.7646448458596283	0.014951100671093313
TMEM156	-0.1047217680688489	-0.0012897532955359432
TMEM158	-0.2012720909891129	-0.001540335312339681
TMEM160	-0.2725634519171558	-0.01656340840955364
TMEM161A	-1.238709195395935	-0.02886687908950687
TMEM161B	-1.0408481739073945	-0.020989744275016518
TMEM163	-0.1031561511310825	-0.00015958256579978462
TMEM164	-0.1475007888905045	-0.00014986080151275258
TMEM165	-1.183915831939279	-0.034403410160323514
TMEM167A	0.7888349626983528	0.015708859447175
TMEM167B	-0.421226142702875	-0.001584231522705513
TMEM168	-0.4096237064210369	-0.0009028106489519653
TMEM169	-0.0366780184976385	-0.00021724390356151285
TMEM17	-0.699257890831857	-0.009360965384566069
TMEM170A	-0.2129832410772092	-0.0006023166057663475
TMEM171	-0.713380616309091	-0.0022236073810354366
TMEM174	-0.4017700817276255	-0.0003318620875070187
TMEM175	0.0245608452146487	0.0001377372199637499
TMEM176A	-0.4039793610788087	-0.0004193305767998035
TMEM176B	-0.9273905588213393	-0.0036010575399032605
TMEM177	-0.7516486283218985	-0.03742759179866061
TMEM178A	-0.1780023027309561	-0.001877924293811587
TMEM179	-0.4581675676452542	-0.003178308416755128
TMEM179B	-0.938418547898492	-0.002050444527158205
TMEM18	-0.0080856022717773	-5.1125263164447864e-05
TMEM182	1.2950070132891196	0.00903137891067832
TMEM183A	-0.2645824223968503	-0.005009074420817171
TMEM184A	-0.3802193261813397	-0.0025942364625352807
TMEM184B	-0.4127861877684922	-0.0024767171266109533
TMEM184C	-0.7452906973178717	-0.0038695493004743896
TMEM185A	0.954974549704818	0.0061041973217131965
TMEM186	-0.6387425904619307	-0.0019788245452510614
TMEM187	-0.963773880352778	-0.009691710140827536
TMEM19	-1.2722619372630268	-0.006697186837752573
TMEM190	-0.308886489174715	-0.0015642011811807567
TMEM192	-0.7953665823437808	-0.0035051805283890423
TMEM196	-0.2824542382300339	-0.002649985663074178
TMEM198	-0.5601519516020114	-0.0029928918774095466
TMEM200A	0.4179522536581317	0.001890815995549388
TMEM200B	0.6890419848093038	0.004977639298262411
TMEM200C	-0.159613438663479	-0.0006954357522567779
TMEM201	-1.6427106718565962	-0.14188420614959793
TMEM202	-0.6621925338227805	-0.005367732679167459
TMEM203	-0.4384500686067628	-0.0031682401957524677
TMEM204	-0.2460907804185416	-0.0019674957894462402
TMEM205	-0.344302704351635	-0.0015569368290780936
TMEM207	-0.5182104499958194	-0.00033269110889731605
TMEM208	0.3956148756743403	0.010483002975618669
TMEM209	0.2268482975687604	0.008063549585379158
TMEM213	-0.2055515874397517	-0.001412961612060853
TMEM214	-0.8860866330462152	-0.006514508926155774
TMEM215	-0.7076530215563162	-0.0036500742851874788
TMEM216	-0.3429690258108269	-0.012512195999630587
TMEM217	0.1624244983040177	0.0011075726539350969
TMEM218	0.6038391503836066	0.0004782406071038164
TMEM219	-0.8865611462530969	-0.02495669626702468
TMEM220	-0.2127237457485926	-0.0005871175382661156
TMEM222	0.3661700969760472	0.0013778980749208655
TMEM223	-0.9028997898683104	-0.018425476011842613
TMEM225	0.1067149977011275	0.000903235740542343
TMEM229B	0.0341811113526467	4.115405806858662e-05
TMEM230	-0.3857363070484986	-0.0027576288590897163
TMEM231	-0.0049521749197314	-0.00044005026336733216
TMEM232	-0.537761555726845	-0.0005775559108506316
TMEM234	-0.3438867846742327	-0.0008916984326602854
TMEM236	-0.7643095370180398	-0.006245173226974403
TMEM237	-0.2725542284680016	-0.002229221034639785
TMEM242	-0.7534801362900145	-0.024038276788060333
TMEM243	-1.0160932940800076	-0.002772918599544341
TMEM244	-0.4221077704496437	-0.00707325990942468
TMEM245	0.0195966650133307	9.398560540393403e-05
TMEM248	-1.3500221995009969	-0.010716476219638914
TMEM25	-0.2134809042703468	-0.005634614987311533
TMEM252	-0.3090179139035965	-0.0003618599771811115
TMEM254	-0.3448639703294073	-0.003975936713927737
TMEM255A	-0.711472376143014	-0.007313936026750183
TMEM255B	-0.127725025664408	-0.0003673371738108374
TMEM256	-0.9861454515918854	-0.03621915014606676
TMEM258	0.5035195541982419	0.014561281987858958
TMEM259	-0.5027459119610052	-0.006936385347325988
TMEM26	-0.7589558886614208	-0.0038600496497319865
TMEM260	-0.1224935215535642	-0.0014238646945386303
TMEM263	0.1481206849071556	0.0006124790320910883
TMEM266	-0.1930864961188606	-0.0014008425293423339
TMEM267	0.4751201035687927	0.001111305922247406
TMEM268	-1.3583676181626831	-0.0014588868219067219
TMEM270	-0.9575944146204052	-0.0025634802479388248
TMEM30A	0.3450761625878579	0.0028189271721802108
TMEM30B	-0.6541994817944651	-0.004689301885502726
TMEM31	-0.494792558218348	-0.0002810421730680217
TMEM33	0.1344650118520123	0.0015207992840462591
TMEM35A	0.1901847012948002	0.0006643151616227371
TMEM37	0.2362346249417564	0.0021242217474762735
TMEM38A	-0.30610877362477	-0.002297346346053899
TMEM38B	-0.7617425823111382	-0.005396184453092103
TMEM39A	1.6436900806808228	0.037673376649204456
TMEM39B	-0.032330172670704	-0.00018486392733108546
TMEM40	-0.9099421841043788	-0.03248402603034222
TMEM41A	-1.0521476932120692	-0.0033489861074940163
TMEM41B	-0.1904666018068747	-0.008450812655569222
TMEM42	-0.4628792949484291	-0.0027092325133331553
TMEM43	-0.7006022765665196	-0.003873629987136287
TMEM44	0.0007821684365164	3.4759565318788816e-06
TMEM45A	-0.4186856716482936	-0.0020046669958520297
TMEM45B	-0.3832646391651743	-0.002135167304789186
TMEM47	-0.4771986168435338	-0.0030092144778153243
TMEM50A	0.0003611217423283	4.4761039961592785e-06
TMEM50B	-0.6912909023777741	-0.008709574079057578
TMEM51	0.7112737298570987	0.006087080580117051
TMEM52	-0.6957773440931176	-0.00045434260569280586
TMEM52B	-0.5763669338874069	-0.0009925038601541146
TMEM53	-1.1707486649536551	-0.000814841070807744
TMEM54	-1.2879212016695911	-0.0043055205771814434
TMEM59	0.5868979185067905	0.006114302515003744
TMEM59L	-0.2158008885333785	-0.001537581330800322
TMEM60	-0.1816231896247724	-0.001504929749230864
TMEM61	-0.1384790722015857	-0.0003705699972114433
TMEM62	0.2233912430508656	0.0005245226386834325
TMEM63A	-1.3857963949295793	-0.013813618464658046
TMEM63B	0.174121007395457	0.0014768943847282663
TMEM63C	0.0923862246389187	0.00043818786346239136
TMEM64	-0.206826124991268	-0.001058742933830301
TMEM65	-0.3616514558813787	-0.0007182397913804181
TMEM67	-0.0693136445886827	-0.0020769833600998767
TMEM68	0.0068534892236257	2.4604026312816262e-05
TMEM69	-0.6453296935175724	-0.017554258323065005
TMEM70	-0.2891377288100319	-0.0050119133911930925
TMEM71	-0.264791429496564	-0.0021453401617811613
TMEM74	-0.2277690443218308	-0.00042524480574885807
TMEM74B	-0.6554330236419228	-0.001263019436557985
TMEM79	-0.8786008319155014	-0.0051925309166206135
TMEM80	-0.5978077644159938	-0.002633343202252453
TMEM81	-0.6034659124802139	-0.0046738434921592565
TMEM82	-0.881239430183628	-0.000860089683859221
TMEM86A	-0.4449472294637711	-0.0009308296040382091
TMEM86B	-0.6868825387851591	-0.001074284290659989
TMEM87A	-0.3374485131855378	-0.006624451762345293
TMEM87B	-0.3756249744837125	-0.0037074184981542428
TMEM88	-0.5240472595339845	-0.003912536839680728
TMEM89	-1.067319229897256	-0.001321341206612803
TMEM8B	-0.9614977149596566	-0.0023508619130763607
TMEM9	-0.3310393198348872	-0.003314365670186891
TMEM91	-0.8310176520228507	-0.006875009035185045
TMEM92	-0.5295628195290242	-0.00035904359164067837
TMEM94	0.0265231374291027	0.0006558110960719934
TMEM95	-0.5850786332207658	-0.006947223690863372
TMEM97	-0.07096257105831	-0.00015107931378314197
TMEM98	-0.8822920135012278	-0.005594613657611286
TMEM9B	-1.0132136859064058	-0.007626459413817516
TMF1	-0.8432121221843233	-0.0406310193195738
TMIE	-0.8334163378490709	-0.007735770447915076
TMIGD1	0.1168293376476553	0.005815413940087338
TMIGD2	-0.3409375191909129	-0.010466099964122644
TMLHE	-0.5214716417825256	-0.0022235550805606895
TMOD1	-1.0565105835070827	-0.0014072720972314343
TMOD2	-0.1438719946930075	-0.028894963670154237
TMOD3	0.0407741752918012	0.0037789913402194266
TMOD4	-0.626070045994715	-0.5348748048849868
TMPO	-0.875597140221616	-0.02671184195674084
TMPPE	-0.8107899543308708	-0.006819554305876954
TMPRSS11A	-0.3092887869092156	-0.00324907870648131
TMPRSS11B	-1.5757331369697631	-0.012166235550543542
TMPRSS11D	-0.5693550602754212	-0.0038818628009578216
TMPRSS11E	-1.0104517999092089	-0.007898701719890286
TMPRSS11F	-0.5637166788393507	-0.005032298791998883
TMPRSS12	-0.4795437866670017	-0.0023583963428283144
TMPRSS13	-0.3210668017535695	-0.003523066015641918
TMPRSS15	0.0767738539574554	0.0034595066331768974
TMPRSS2	-0.2131192892251082	-0.010350990758374281
TMPRSS3	-0.0203200834051572	-0.00010481099020380084
TMPRSS4	0.7621320238679633	0.0011363388475871333
TMPRSS5	0.1565316914579559	0.0019646292594888044
TMPRSS6	0.1710039908213889	0.0014665302252842311
TMPRSS7	-0.912412315734834	-0.0070730202715764325
TMPRSS9	-1.7725590507425515	-0.042727535918149206
TMSB10	-0.6836232102776914	-0.0078233840184179
TMSB15A	-0.3239254036844923	-0.0021835811462371625
TMSB4X	-0.4987696342501971	-0.005097924431671264
TMSB4Y	-0.8174012313171759	-0.0051087576957323496
TMT1A	-0.7179046066858028	-0.0019354708196249245
TMT1B	-0.0694315029623274	-8.248462551924495e-05
TMTC1	-0.3189823931635699	-0.0024025753853080083
TMTC2	0.5814133701537578	0.004732123419681435
TMTC3	-0.2972948838663078	-0.0019538219767693747
TMTC4	-0.3699882265587358	-0.0034168412722699252
TMUB1	1.0541670501433984	0.03103256962212136
TMUB2	-0.2366295579894266	-0.0016509644260922292
TMX1	-0.1777705243695557	-0.005142901270011247
TMX2	-1.1700563118014429	-0.08570545478314388
TMX3	0.1225667255172724	0.00360162322932505
TMX4	0.0212022523141408	0.00014230951753251307
TNC	-0.7397433779632695	-0.02615066815437954
TNF	-0.0912972277439584	-0.0037983298630596455
TNFAIP1	-0.3238013270406176	-0.009200490906532108
TNFAIP2	-0.6388376209989061	-0.011513770443263285
TNFAIP3	-0.1882671875145521	-0.007175992119304667
TNFAIP6	-0.4669538491143901	-0.01275204266546488
TNFAIP8	-0.7794886282416735	-0.008806662521874429
TNFAIP8L1	0.1145719577594903	0.0006127308300977542
TNFAIP8L2	0.2160273295283726	0.0012514463199578625
TNFAIP8L3	-0.2174599724589472	-0.001244088502437637
TNFRSF10A	-0.3553936807089417	-0.009697271971824182
TNFRSF10B	-0.4572253900356883	-0.00919068756510737
TNFRSF10C	-0.3149192688864465	-0.009525678045277234
TNFRSF10D	-1.2817183170182338	-0.017572358126319985
TNFRSF11A	-0.8052618975889936	-0.024086188618784386
TNFRSF11B	-0.124687228342453	-0.0031663074765282515
TNFRSF12A	-0.7442162401317829	-0.054638867917995236
TNFRSF13B	-1.1493060154447272	-0.029019976889979364
TNFRSF13C	-1.3585138480882946	-0.04483231550076181
TNFRSF14	0.1858766430617629	0.020658701863170453
TNFRSF17	-1.3511867496535388	-0.06427595368101884
TNFRSF19	-0.5216081531355417	-0.0011292816515384475
TNFRSF1A	-0.0495730121561767	-0.0013365875537548362
TNFRSF1B	-0.3111198510098575	-0.006239508612002692
TNFRSF21	-0.0535548495396943	-0.0013633458047319978
TNFRSF25	-0.2927978581317426	-0.01816400792706078
TNFRSF4	0.2940949309414459	0.015788780462522464
TNFRSF6B	0.0208187698879745	0.00036909597134389996
TNFRSF8	-0.1823194184286196	-0.004136280645890092
TNFRSF9	0.4120584099253082	0.007622256466798351
TNFSF10	-0.4596594781052406	-0.013628903525820383
TNFSF11	0.0422286479524293	0.00118725843718255
TNFSF12	-0.5952523480697922	-0.010318699453789848
TNFSF12-TNFSF13	-1.071755164378584	-0.07126100087953205
TNFSF13	-0.9684293432871228	-0.1277280829448252
TNFSF13B	-1.2897253603057703	-0.037666429147730024
TNFSF14	-0.9750462482296413	-0.11704650172998259
TNFSF15	0.1940126968606617	0.008643071632445617
TNFSF18	0.500946303508216	0.0324252523334798
TNFSF4	-0.5666163374167683	-0.06610089530670277
TNFSF8	0.4260263306631202	0.013772153191346687
TNFSF9	-0.4714488694748694	-0.054822903235754665
TNIK	-0.8231513375376951	-0.047206906056449276
TNIP1	-0.5297317483683545	-0.02040950480113596
TNIP2	-0.4625152503645487	-0.012447672933061099
TNIP3	-1.2922911603916003	-0.03823501856250627
TNK1	-1.3224170054279072	-0.014332355504827659
TNK2	1.0513049760632276	0.0200641554681667
TNKS	-0.2110502934451215	-0.005150049260647855
TNKS1BP1	0.0488657486139087	0.0014961714910606567
TNKS2	-0.4851835884547524	-0.011215018647131602
TNMD	-0.5160826800236128	-0.00044589543554040146
TNN	-0.928133907743363	-0.024498094494886064
TNNC1	-0.7718081907625122	-0.15031813504109762
TNNC2	-0.2392905595399863	-0.029019962608211835
TNNI1	-0.9900231199872052	-0.0872418273563925
TNNI2	-0.7459605713385093	-0.016698327389412532
TNNI3	-1.5541218084269302	-0.1305337989333947
TNNI3K	-0.2724203147445027	-0.0070665829644724
TNNT1	-0.4411243118098825	-0.02983279608339054
TNNT2	-1.0307285138257027	-0.08629259117748783
TNNT3	-0.6166057967874076	-0.043930079992118856
TNP1	0.0063045475734063	3.6692466877224666e-06
TNP2	-1.026678094539017	-0.00045584507397532356
TNPO1	-1.2557473948157876	-0.0961400205470967
TNPO2	0.0716046886675167	0.011742596103963398
TNPO3	-0.2188899856740532	-0.01676018731307658
TNR	-1.156767532058482	-0.028665856211941246
TNRC18	0.0658024876243354	0.0015716266144196265
TNRC6A	0.0400563389173317	0.0012061364211397748
TNRC6B	-0.5508454013883755	-0.017002945004654983
TNRC6C	-0.5171072628787428	-0.015521491602568343
TNS1	-0.131487831795109	-0.005077271136936339
TNS2	0.0615175218948153	0.0013818065768013412
TNS3	-0.5866802140425914	-0.036245103623551295
TNS4	-1.0784271637845315	-0.03579838970182753
TNXB	-0.906112039010146	-0.022180716602929366
TOB1	0.2509722161318634	0.0002898729096323022
TOB2	-0.8439303992650745	-0.021105011424820984
TOE1	-0.5099137014266104	-0.0007286666793386263
TOGARAM1	-0.3084409005420552	-0.008765273511604124
TOGARAM2	-0.6172582509621654	-0.005198548989603357
TOLLIP	0.5895686800248009	0.05247868734636758
TOM1	-0.2015892342511859	-0.009180776906267509
TOM1L1	-0.1903442657157376	-0.0045960526399722
TOM1L2	0.594626113674609	0.015150478750315366
TOMM20	0.5117602833777416	0.07081073513012796
TOMM20L	-0.576006637734547	-0.017520393899971714
TOMM22	-0.8467220554811667	-0.04648504084591605
TOMM34	0.901141015213858	0.003589244663596797
TOMM40	-0.2517069712931122	-0.0142375531242236
TOMM40L	-0.1977124098472551	-0.006061071636277452
TOMM6	-1.2143492604387358	-0.00725209378334013
TOMM7	0.2992179158199385	0.05358723576210861
TOMM70	-0.1011727047845321	-0.005412233842448545
TONSL	-0.4608463988675971	-0.01429591613927173
TOP1	-0.4240978064374537	-0.003612889213040668
TOP1MT	-0.6028912680271465	-0.02020951819553798
TOP2A	-0.9985332627739468	-0.5644398989149662
TOP2B	-0.5798262029948399	-0.25633768538680074
TOP3A	-0.5862417793667773	-0.0003517450676200664
TOP3B	-0.8248159806524746	-0.004867239101830253
TOP6BL	-0.7413751585858224	-0.001824524265279709
TOPBP1	-0.0251515313328728	-0.0035472462215317153
TOPORS	0.692871491856671	0.03893452774190191
TOR1A	-0.8711935798563193	-0.032601806145383175
TOR1AIP1	-0.4899773004386092	-0.014844842271388544
TOR1AIP2	-0.0139572366934892	-0.00032856730900142925
TOR1B	-0.3064172884547913	-0.009892682157762938
TOR2A	-0.7742406417773466	-0.00696506881342901
TOR3A	-0.1503608939226582	-0.0011143245848608198
TOR4A	-0.9634634237745624	-0.001380643086268948
TOX	-0.3094670212208175	-0.007106600675314852
TOX2	-0.8492744306444107	-0.07190381967050903
TOX3	-0.3536433898624171	-0.006731955569420973
TOX4	-1.7284989107091526	-0.049514579796174386
TP53	-1.3739529660149468	-0.03401357962666602
TP53AIP1	-1.1637769432422649	-0.0007890407675182556
TP53BP1	0.0758266312836257	0.0016076004098441485
TP53BP2	-0.0428259582094291	-0.001013519126984349
TP53I11	-0.0888815939875288	-0.002766884020831772
TP53I13	-0.3040184007797444	-0.007132879719094363
TP53I3	-0.6804928779400485	-0.003840701803093634
TP53INP1	-0.4029660954229956	-0.0029094152089540284
TP53INP2	-0.0664722901863637	-0.0005787742306526687
TP53RK	-0.3574846804362152	-0.03810858190386141
TP53TG3	-0.2735570627858446	-0.0001657755800482218
TP53TG5	-0.7740338205352788	-0.0007570050764835026
TP63	-0.8667509783633793	-0.02598692783329084
TP73	-0.8866803260362418	-0.02288344585434333
TPBG	1.15177436133266	0.055315115477362335
TPCN1	-0.3994849489713075	-0.004404321562408665
TPCN2	-0.5102287246610372	-0.003608847769527516
TPD52	-0.5527735181420572	-0.0687213565489387
TPD52L1	-0.4411166788165728	-0.012429344659014572
TPD52L2	-0.4030605613480432	-0.010165187357197649
TPD52L3	-0.7130058218436912	-0.005979266821981194
TPGS1	-0.2575089888338408	-0.00816612505389876
TPGS2	0.2252688163034976	0.002832079558567572
TPH1	2.862400936391591	0.09813169130231292
TPH2	-0.1177855034143714	-0.000625087666620069
TPI1	-0.0283260657868825	-0.00018009712627299894
TPK1	-0.2944968132543284	-0.004044030239608438
TPM1	0.0982813892971528	0.005629164853383724
TPM2	-0.8150416701485153	-0.037032233324867936
TPM3	0.1170127342811161	0.007966109937124103
TPM4	0.4292972826291228	0.015062753755608033
TPMT	-0.2503247841292841	-0.00012065654595031494
TPO	-0.0128654469325035	-0.00010608847540542387
TPP1	-0.4594818609087141	-0.002095696767604645
TPP2	-0.862402918125722	-0.043243469523578076
TPPP	-0.3991440534021149	-0.0003887663080136599
TPPP2	-0.4548442343513189	-0.0012676508811371257
TPPP3	1.163984679375326	0.010435122650599798
TPR	-0.1350618592546999	-0.00467867786644206
TPRA1	0.3427749305765301	0.002905360311566669
TPRG1	0.1742181452431598	0.0013374727010317376
TPRG1L	0.1367928270794538	0.0010174650478169775
TPRKB	-0.569558048599121	-0.0042130208854876975
TPRN	-0.4924232598254502	-0.011721643276885017
TPRX1	-0.578117307126429	-0.007246122327522661
TPSAB1	0.3544328599136482	0.002079457589113374
TPSD1	-0.4900280012834962	-0.0004527858731859505
TPSG1	-0.7300769642457459	-0.007701581895828372
TPST1	-0.5217895479474111	-0.006671601160055598
TPST2	-0.6054311028115353	-0.014478884823737867
TPT1	-0.6513240243744196	-0.003738599899909169
TPTE	0.08880698428483	0.0015836061437670885
TPTE2	0.2869892069834974	0.012483743514575154
TPX2	5.092594809468631	0.17438572406063435
TRA2A	-0.5769775099145238	-0.00029021968748700546
TRA2B	-0.2699553196922143	-0.00013659739176426046
TRABD	-0.6039091112567007	-0.06103769778382599
TRADD	-0.7884813991342878	-0.06870117278796964
TRAF1	-0.226377783057209	-0.00522910041083847
TRAF2	0.1172127765758647	0.0029776733761332666
TRAF3	0.379577027641545	0.025823004767481946
TRAF3IP1	0.5923188560939727	0.06325432296113144
TRAF3IP2	-0.9171332640919676	-0.06364813139471846
TRAF3IP3	-0.6365161047143177	-0.016143321447764526
TRAF4	-0.6930024138571442	-0.02011993908151447
TRAF5	-0.0281055712047421	-0.0012541830094404114
TRAF6	-0.1299339018671374	-0.004323940386334599
TRAF7	-1.6332898495346877	-0.04579254751140404
TRAFD1	-0.7893809227260878	-0.04652137529993926
TRAIP	-0.2680840022355565	-0.019302852412966774
TRAK1	-0.1310990537989464	-0.007895571614095346
TRAK2	-1.4495347227422863	-0.03314940957439335
TRAM1	-0.6428761035499375	-0.012322006276741652
TRAM1L1	-0.8463295843008833	-0.021148929982094774
TRAM2	-0.6554938070676308	-0.03663423788939575
TRAP1	-0.3309467697451677	-0.030008267399873334
TRAPPC1	-0.3408271335239868	-0.03539046706373022
TRAPPC10	0.0651607203425797	0.002260881513726488
TRAPPC11	-0.3058979291076277	-0.009714400534670932
TRAPPC12	-0.6694674552615131	-0.054880933579973055
TRAPPC13	-0.0796051763519546	-0.002758080545066171
TRAPPC14	-0.5776955284471956	-0.005088342214562899
TRAPPC2	0.2412506037700072	0.01043650111909051
TRAPPC2L	-0.9287821815441936	-0.11699590506257743
TRAPPC3	-0.7484602339747566	-0.05136832277815549
TRAPPC4	-0.3659535389198379	-0.05134291555691434
TRAPPC5	-0.4104737560500644	-0.04599933099799442
TRAPPC6A	-0.3390293338356471	-0.02612627852404264
TRAPPC6B	-1.1576036426108574	-0.07445706629273034
TRAPPC8	-0.8342126260037933	-0.054210473288230504
TRAPPC9	-0.2690432787566545	-0.022198491886932806
TRARG1	0.2002028856669353	0.000980994139767983
TRAT1	-0.0476223288153473	-0.002026853936709997
TRDMT1	-0.4858208314168388	-0.0005305163479071881
TRDN	-0.7973101648336387	-0.024103483593085732
TREH	0.1482007817292888	0.0011052814301370359
TREM1	0.0275795004242996	0.0018560727990549386
TREM2	-0.5145516939284402	-0.0022516782126308543
TREML1	-0.1788386834880213	-0.0007977993670400629
TREML2	-0.1478985221790991	-0.0011219581892506457
TREML4	-0.8010788482667492	-0.012515254846471422
TRERF1	-0.1187199774087132	-0.0023283361969396836
TRH	0.3505868301393472	0.01354457159560354
TRHDE	0.2008587924173421	0.0033878852517033094
TRHR	-0.0971120837974431	-0.0032930707615712955
TRIAP1	-0.4143019332339144	-0.0805688826540661
TRIB1	-0.4095300391694845	-0.009620270150130361
TRIB2	-0.2179652673079484	-0.004483545548524499
TRIB3	-1.0483582603641757	-0.025423736172091625
TRIL	-0.2561003903854246	-0.008333762803532102
TRIM10	1.04705745320457	0.005543122157264994
TRIM11	-0.8339853169762514	-0.02113151996154426
TRIM13	-0.4751396535480726	-0.004334699059319066
TRIM14	-0.5677397958698114	-0.01240511453975538
TRIM15	-1.0503984393972263	-0.011600600364702968
TRIM16	-0.6813262680448541	-0.004696381965633179
TRIM17	-0.0060784450573209	-4.031224762015221e-05
TRIM2	0.1298472162231972	0.0032125499765781216
TRIM21	0.5761893320969894	0.01617939644528346
TRIM22	-0.4502898359920473	-0.012895850612976243
TRIM23	-1.1220757149862848	-0.11395464338686212
TRIM24	-0.1608086558650686	-0.005142178388597298
TRIM25	-0.3764047086617751	-0.01810431367721406
TRIM26	0.5649633849424017	0.010031489863037285
TRIM27	-0.381818843267441	-0.008526014770161957
TRIM28	0.2139149796908694	0.006448253147801567
TRIM29	-0.4264361052251844	-0.011185419040056587
TRIM3	0.0558775715435662	0.001598936709719147
TRIM31	-0.3656627834263507	-0.005893387080482495
TRIM32	0.1916562565007263	0.006782523261304202
TRIM33	-0.6356872514488883	-0.01989383253409296
TRIM35	-0.7098009363157036	-0.01596555246054912
TRIM37	0.1720594470796532	0.008145294224750783
TRIM38	-0.6728175060746652	-0.012241241705522456
TRIM39	0.2148665285865743	0.006491547561657583
TRIM4	-0.051392202326533	-0.0013379445953689603
TRIM40	-0.2788324430382944	-0.005882806883221935
TRIM41	-0.3089662693119511	-0.010797753179914066
TRIM42	-0.4534631396654057	-0.000517401442358228
TRIM43	-0.6325303022679089	-0.0006072290901771925
TRIM43B	0.0415380724576812	4.8101087905994826e-05
TRIM44	-0.3818213755432454	-0.00022642007569714453
TRIM45	0.5929149632466707	0.008074315969493161
TRIM46	-0.449974541710013	-0.007819207611294897
TRIM47	0.1981504949249792	0.005499865137137722
TRIM48	-1.8286946194957452	-0.001256313203593577
TRIM49	-0.7166878324500531	-0.00038127792686342825
TRIM49B	-0.5620818263583183	-0.00033500076850955765
TRIM49C	0.3090271606471088	0.00016347536798232053
TRIM5	-0.2933114382655671	-0.008922827263476816
TRIM50	-0.1336208438781679	-0.0035899912124747364
TRIM51	-0.4691210190837003	-0.0006412884330874183
TRIM51G	-0.3661880074885312	-0.0007993884203474636
TRIM52	-0.5379014712330307	-0.003981546690066893
TRIM54	-1.0819048740499966	-0.015379277784620702
TRIM55	-0.6151152835757392	-0.007803352487441827
TRIM56	-0.5911190385886663	-0.017136540928685436
TRIM58	-0.9268667910171984	-0.0210936344299694
TRIM59	-0.8198956860499994	-0.04393493023267527
TRIM6	-0.9555136541238172	-0.027904820755031957
TRIM6-TRIM34	-0.9320141088273324	-0.028915737726367987
TRIM60	0.2254872829088229	0.004259229286864756
TRIM61	-0.0706330861410413	-0.00104120232280509
TRIM62	1.17128995078584	0.03332905554961108
TRIM63	0.0582248208134249	0.0013618785588260084
TRIM64	-0.72477731898251	-0.00040007708007834547
TRIM64B	-0.773419240832678	-0.0004277008401804709
TRIM64C	0.3985955487973903	0.0002220177206801464
TRIM65	0.7834465036918722	0.011573071752536336
TRIM66	-0.1221172214360196	-0.002928737321700058
TRIM67	-0.0542671025966313	-0.0007256596959221537
TRIM68	-0.316931171320081	-0.008931754270142521
TRIM69	0.3939419478078136	0.008717935304986916
TRIM71	0.1002363738954214	0.004242103579628128
TRIM72	-0.1557743336874111	-0.003654310093972977
TRIM73	0.3093109320298676	0.003128680077482111
TRIM74	0.3205272315451558	0.0009792106923704508
TRIM75	-0.365192754464796	-0.009392392452080088
TRIM77	1.85413233251108	0.0027663654401065313
TRIM8	0.5465633968312151	0.007182936161155829
TRIM9	0.1195110734766383	0.0016742306283342259
TRIML1	-0.3031897699766205	-0.0036243305103005213
TRIML2	-0.9979252186086288	-0.0033350660805900375
TRIO	-0.9588900955635902	-0.02765343146595838
TRIOBP	0.1523999673925124	0.00014432276912070926
TRIP10	-0.8514219603892085	-0.05464085572993784
TRIP11	-0.205840637167621	-0.00546136378533132
TRIP12	-0.9062644094757192	-0.022372043212317602
TRIP13	0.5761476980110265	0.024206845531933276
TRIP4	-0.1987210903894366	-0.010440806089061
TRIP6	-2.19343956297352	-0.052796090280772624
TRIR	-0.6918303629923581	-0.004213246910623461
TRIT1	0.6487164612944759	0.20413420374137792
TRMO	-0.8003380969535245	-0.008087416469715366
TRMT1	-0.6469600193859741	-0.005013293190221913
TRMT10A	-0.417464395367027	-0.0013943310805258702
TRMT10B	-0.4371833090160562	-0.002612607454679952
TRMT10C	-0.5292206149702948	-0.11750973300984917
TRMT11	-0.8239282878262182	-0.00035099345061396895
TRMT112	-0.4312702173208747	-0.0027359782586836292
TRMT13	0.224263453346347	0.0003195754210185445
TRMT1L	-0.4663582258874107	-0.0025565757943147856
TRMT2A	0.2044191657089683	0.00010875099615717113
TRMT2B	-0.33513492934299	-0.015985265859801936
TRMT44	-0.3933973160690613	-0.009963967221397184
TRMT5	-0.3620299359335147	-0.00015856911193887945
TRMT6	-0.2411535159863169	-0.00012081791150914478
TRMT61A	-1.239519309989852	-0.0005391908998455857
TRMT61B	-0.3853138327311954	-0.00019034503336921052
TRMT9B	-0.6683486272478646	-0.0016361174395027726
TRMU	0.1667932154569406	0.00012309339300722215
TRNAU1AP	0.2568152606658592	0.00015460278692084725
TRNP1	-0.8971848725605918	-0.0055688265039835925
TRNT1	-1.1054402274467805	-0.0007561211155735979
TRO	-0.2712324089858955	-0.007577691042247949
TROAP	-0.6965628313189421	-0.016763481098521663
TRPA1	-0.3825609484701106	-0.007953824679642068
TRPC1	-0.0574944317406396	-0.0022159503881477314
TRPC3	-0.5651812982046491	-0.02388908311251411
TRPC4	0.0055209258089437	0.0001294601892939208
TRPC4AP	0.0746377262446954	0.0026512066739378254
TRPC5	1.0216448513893446	0.02576179657263371
TRPC6	0.1299574271677318	0.004338368791140391
TRPC7	1.6317653753483292	0.036700035056959276
TRPM1	-0.412525074325404	-0.012515185704884106
TRPM2	-0.2939034912340266	-0.004079086554837056
TRPM3	-0.6230890231859992	-0.03504501902007334
TRPM4	-1.0930499842461758	-0.018897741177632134
TRPM5	-0.6171076112788879	-0.007354071403610507
TRPM6	-0.3771918656194755	-0.005783105683677799
TRPM7	-0.8688314443093043	-0.022740794223351728
TRPM8	-1.149829875296195	-0.02924707270803402
TRPS1	-0.408425540963279	-0.011141440331937287
TRPT1	-0.9946388458395498	-0.0031420641140071375
TRPV1	-1.363091190665719	-0.04649912978717967
TRPV2	-0.2857132474472942	-0.005834835939368642
TRPV3	-0.2330335616350236	-0.00389748631834577
TRPV4	-0.7307838147239505	-0.022802647370831427
TRPV5	-0.5919384583276402	-0.018516426914946916
TRPV6	-0.6826635338890055	-0.02048946330614461
TRRAP	-1.2431658930764695	-0.07709741919092342
TRUB1	1.1583022463026302	0.0005722013096734993
TRUB2	0.3658434760760281	0.0001496299817150955
TSACC	-0.483716947916083	-0.0003061928280308805
TSBP1	-0.1965628249706252	-0.00021641567029265834
TSC1	0.989554599522837	0.0585925173923467
TSC2	0.997639429204058	0.13324571980392322
TSC22D1	0.1882333489999758	0.012036016801756451
TSC22D2	-0.1475419761348759	-0.006761406140332958
TSC22D3	-0.6249134394742447	-0.05154223557439623
TSC22D4	-0.1561519403593883	-0.004676126006002242
TSEN15	0.3639785268951715	0.00669538500223668
TSEN2	-0.7564238298632857	-0.10025187586710071
TSEN34	-1.1911732837906543	-0.0007182774901257646
TSEN54	-1.3015528579619875	-0.03201039098871712
TSFM	-0.8870317274946715	-0.007757092456940902
TSG101	-0.6732719188573657	-0.056354879424118084
TSGA10	1.4034731668616516	0.009780804499858851
TSGA10IP	-0.5084350908823387	-0.0003965793708882242
TSGA13	0.1671990726779975	9.279548533628862e-05
TSHB	-0.2754356884623596	-0.009923947855298817
TSHR	0.3890344177753562	0.01571854661579549
TSHZ1	-0.4325791050235054	-0.012341049287215584
TSHZ2	-0.1016136559117569	-0.0029706752305802132
TSHZ3	-1.4740483074834767	-0.04473441803550855
TSKS	0.0839423499515756	0.0004959314035139086
TSKU	-0.8788444707573388	-0.02297826753242138
TSLP	1.0270637921798282	0.024453361828009532
TSN	-0.7435307133045419	-0.01579556647344169
TSNARE1	-0.5271215434027104	-0.022369456937380825
TSNAX	-0.2946411583426298	-0.024346493555009844
TSNAXIP1	-0.9017830850776938	-0.039377260193002576
TSPAN1	-1.5330065726998583	-0.017675565783229368
TSPAN10	-0.3264762893073629	-0.002876909061376482
TSPAN11	-0.2441823679085246	-0.0017588455960451028
TSPAN12	-0.8623717215076601	-0.02179213340249857
TSPAN13	-0.923172460609669	-0.00515684136496561
TSPAN14	0.7585431205846682	0.005239257333878303
TSPAN15	-0.4034692414316426	-0.017914034319564932
TSPAN16	-0.4486519711364777	-0.0036888165066841197
TSPAN17	-0.0400710920511269	-0.00036216252995808487
TSPAN18	-0.8328490333143322	-0.009282102476288233
TSPAN2	0.7326700747737769	0.015424170414137552
TSPAN3	-0.6774327459798092	-0.009925744594096165
TSPAN31	0.5821926134010221	0.004625520313471122
TSPAN32	-1.4092272200064075	-0.010533973469547896
TSPAN33	-0.2432142130364403	-0.002311751094911365
TSPAN4	-0.1567274288964796	-0.0019982747184301144
TSPAN5	-0.9106513941696052	-0.008702184722684747
TSPAN6	-0.8329857125333534	-0.011158676605096802
TSPAN7	-0.4365177389176732	-0.006268394730857787
TSPAN8	-0.1348946984606098	-0.0013570406665137345
TSPAN9	-0.0059154688826698	-5.756342769725983e-05
TSPEAR	-0.0960165781362442	-0.001220082658377255
TSPO	-0.6859426264875497	-0.011132848827892932
TSPO2	3.148568150631772	0.0066560730704355656
TSPOAP1	-0.4453373435992652	-0.0063188915683299735
TSPY1	0.1864742531950098	0.0006446414932951488
TSPY2	-0.6285361147644146	-0.0021332515735104233
TSPY3	0.0442361269739826	0.0001388129664443574
TSPYL1	-1.5201732802252153	-0.0017497194455392225
TSPYL2	-0.13974285905953	-0.004285913487355785
TSPYL4	-0.7598246198923015	-0.008390743277470686
TSPYL5	-0.8034051945791674	-0.00416806614947672
TSPYL6	-1.0699509776079754	-0.00528448787840579
TSR1	-0.3710305547143698	-0.0001754974523798969
TSR2	-1.8191429473029832	-0.0009550500473340662
TSR3	-0.802508578946022	-0.0006275617087357892
TSSC4	-0.876424214889227	-0.014150745373601458
TSSK1B	-0.3180640468980117	-0.00021851000021893405
TSSK2	-0.6364158055559199	-0.002851779224696077
TSSK3	-0.5258670629769069	-0.0015386870262704296
TSSK4	-0.5983535419756315	-0.027242438412608528
TSSK6	-0.491797241607158	-0.02077253189100314
TST	0.7066494332345737	0.004054754447899984
TSTD1	0.1692620504240042	0.0003556195679408328
TSTD2	0.0665459482673152	0.00011512449050245531
TTBK1	0.2154900918891438	0.00423308736507034
TTBK2	-0.3013809277980828	-0.0019496332219257975
TTC1	-0.6346640218325224	-0.0435157386569469
TTC12	-0.4019736909130804	-0.07386949925802405
TTC13	-0.9426832236817336	-0.009484335913461922
TTC14	-0.1922988278383491	-0.0886255299811713
TTC16	-0.6825363002213001	-0.007450566253215712
TTC17	-0.3471321988786884	-0.002842318444418701
TTC19	-0.5144318750183612	-0.01186177017417337
TTC21A	-0.1655770329394959	-0.016326061024867236
TTC21B	-0.5961010887056462	-0.05601323490131474
TTC22	0.1189316098879832	0.003481366084641044
TTC23	0.5803408969014694	0.005246281707989283
TTC23L	-0.4140183165775911	-0.0009493439999124163
TTC27	-0.4893029257928117	-0.04171552093846616
TTC29	-0.1874061834453864	-0.002906669905237943
TTC3	-0.0975626343947886	-0.0023907723558442943
TTC31	-0.7507392776806352	-0.0005337756264309317
TTC32	0.1100113120328123	0.0005088023181517568
TTC33	-0.3963304158383013	-0.0013395968055334585
TTC36	-0.1113658220583112	-0.0023452528467259757
TTC38	0.1188811568524924	0.000218741328608586
TTC39A	-0.9203532176998376	-0.027894985675264376
TTC39B	-0.2800304725345708	-0.006623000705915134
TTC39C	-0.2238875816704295	-0.0015452720886893045
TTC4	-0.4134466272881903	-0.02220456456513955
TTC5	-0.5006198821553551	-0.0018843332364327568
TTC6	-0.3936734839995278	-0.0025356509104409583
TTC7A	-0.153649948885955	-0.006994913923033102
TTC7B	-0.6203237394952116	-0.03381260639240499
TTC8	-0.4678271164665024	-0.004980019654785918
TTC9B	-0.415415578499504	-0.00030283795672613844
TTC9C	-0.0755992024644724	-0.001836380227064499
TTF1	-0.4691767342917559	-0.01904951376571387
TTF2	-0.3827720637890706	-0.07165301648099506
TTI1	-0.8376427209762726	-0.08343926672188846
TTI2	-1.2091299576404753	-0.051582693122900314
TTK	0.0478008967837929	0.001623079450293688
TTL	-1.5435559510165082	-0.0040919668261447635
TTLL1	-0.8060562577995632	-0.08535168502588016
TTLL10	-0.996904704175689	-0.0007277404340482529
TTLL11	0.3174560443074863	0.0002714249178829008
TTLL12	-0.2237358886910123	-0.003359841840472932
TTLL13	0.1989623991083245	0.0007196469975748098
TTLL2	-0.6216011376535006	-0.0009572657519863908
TTLL3	0.3431001871254786	0.002264118134841033
TTLL4	-0.5729669120453194	-0.0015315405558971387
TTLL5	-0.003258876590318	-1.3635139653890514e-05
TTLL6	0.5399512917556825	0.00031641145696882997
TTLL7	-0.3017965733978847	-0.00951353338322152
TTLL9	-0.3635291166575675	-0.0005496560243862421
TTN	-1.447588376587237	-0.043446469946512745
TTPA	0.6566848231447541	0.0016673227659645307
TTPAL	0.3031817066673024	0.00020737628736043485
TTR	0.325373995396485	0.00992585910356517
TTYH1	-0.6814962384075152	-0.004424273579741588
TTYH2	-0.1526070121173236	-0.0012042219326178006
TTYH3	0.4848223870798577	0.0035130230167806486
TUB	-0.8691206155079961	-0.08200326831441046
TUBA1A	-0.1339256896873724	-0.026238051495101562
TUBA1B	-0.5001535529087843	-0.11846487008131593
TUBA1C	-0.3632055987843886	-0.0639125628068913
TUBA3D	-0.0293574603755318	-0.0013975619011771913
TUBA3E	-0.8074302346676283	-0.03176026828065116
TUBA4A	0.1879770072897394	0.04176773911175094
TUBA8	-0.9011098986259866	-0.1953894615388699
TUBAL3	1.3452742173073724	0.03365337982016123
TUBB	-0.6849223469151055	-0.03954947107791894
TUBB1	-0.0750300546717174	-0.005431125537466937
TUBB2A	-0.7056503991035319	-0.03286919559024252
TUBB2B	-0.5652010573641959	-0.03489946968906701
TUBB3	-0.3297978711080254	-0.02011734033971844
TUBB4A	-1.1663342630220148	-0.07898065728906177
TUBB4B	-0.2295935409644075	-0.016183130328417228
TUBB6	-0.1851406298239963	-0.005875067606204874
TUBB8	-0.4721185761498944	-0.02958531057443313
TUBD1	-0.2729089841830425	-0.028229159505925548
TUBE1	-1.0853889907026848	-0.09978957841621415
TUBG1	-0.6358304758302838	-0.020733795986349727
TUBG2	-0.6721065965423221	-0.023825506740828777
TUBGCP2	-0.0204640631328674	-0.0014836650411960191
TUBGCP3	-0.718445015485252	-0.09016700477844558
TUBGCP4	-0.4722615239506095	-0.049200677826698444
TUBGCP5	-0.4464837760755707	-0.029754571805228187
TUBGCP6	-0.6427008400435761	-0.019150556930778436
TUFM	0.1804361341036783	0.00013839451485752124
TUFT1	-1.070192576311381	-0.005508281190274678
TULP1	-0.1051473262341439	-0.0005820955980322207
TULP2	-0.6389006538110249	-0.004233355732151851
TULP3	-0.2977031431673809	-0.00955597319252976
TULP4	-0.7608304483943207	-0.011913083160958272
TUSC1	-0.4813775980995504	-0.0026066596937090653
TUSC2	-0.2226037579434295	-0.00040558404697292854
TUSC3	-0.0628747039704684	-0.0025627100591323216
TUT1	-0.1165062389100678	-0.0034770121940320632
TUT4	0.292009397691755	0.001075178602301042
TUT7	-0.3886411490071526	-0.009994684429016944
TVP23A	-0.4018900775271321	-0.0017064252691802028
TVP23B	0.0486391520603211	0.00017874888382168004
TVP23C	-0.3751162700261565	-0.0022739548288985604
TWF1	-0.4481623472889766	-0.027033600950818356
TWF2	0.6008841264601359	0.044346450301010955
TWIST1	-0.878451100576495	-0.012437110681962016
TWIST2	-0.3644997177116081	-0.011370933193731328
TWNK	-0.8428190347699007	-0.011197693695952901
TWSG1	-0.2238359368397096	-0.007053741877629768
TXK	0.64337630289804	0.02091680698351818
TXLNA	0.0968962372073389	0.00540390314905329
TXLNB	-1.0841671664906043	-0.00592063689620519
TXLNG	-1.4038997801814288	-0.04220824689115466
TXN	-0.7904693657193773	-0.06353002292286636
TXN2	-0.6920217052656092	-0.07608294234201687
TXNDC11	0.4681773793602553	0.0066579505118821896
TXNDC12	0.6520128900423985	0.006748333411938824
TXNDC15	-0.2789218459120312	-0.007138446802426614
TXNDC16	-0.4420812884553622	-0.006903541400518936
TXNDC17	-1.524450465270878	-0.003314155311498889
TXNDC2	-0.8631020546637744	-0.033135350980596966
TXNDC5	-0.125780258349097	-0.007244942880907987
TXNDC8	-1.3661364539032723	-0.018446940537055884
TXNDC9	1.1902853769573736	0.01810066972739078
TXNIP	-0.6680226722709591	-0.018504896044577838
TXNL1	-0.5021988180635641	-0.06318062890294088
TXNL4A	0.4509001335985532	0.02740616102025366
TXNL4B	-0.3181340316784048	-0.04328436194806873
TXNRD1	0.4174059158774762	0.05996578609270587
TXNRD2	-0.7559761474702749	-0.09673319587800142
TXNRD3	-0.256804802883718	-0.02465274746723116
TYK2	-0.0330825093029945	-0.0015596418185803726
TYMP	-0.907912806565134	-0.0009387818419883485
TYMS	-0.2765574869378199	-0.03448257025884208
TYR	0.1423434118079269	0.00011515582015261286
TYRO3	-1.0618159114134489	-0.08929659451804824
TYROBP	0.1421532277933067	0.010135525141662768
TYRP1	-1.1435940569726435	-0.0014557952345261751
TYSND1	-0.5452677010704203	-0.03798225752116334
TYW1	-0.6902034268223629	-0.002902995613214858
TYW2	0.3516874847807197	0.0005015063532973063
TYW3	-0.0086699610492938	-4.716458810815827e-06
TYW5	0.6412800831912827	0.0038803857833904516
U2AF1	-1.4602691666988394	-0.0008265123483515431
U2AF1L4	-0.317446732342022	-0.00014602549687733012
U2AF2	-0.9591367675362444	-0.04640783249724118
U2SURP	-0.3933884064702643	-0.0002368198206950991
UACA	-0.2511077088752955	-0.010465918198213442
UAP1	-2.243240281733875	-0.008284286360443201
UAP1L1	-0.5347100699445994	-0.002631842964267318
UBA1	-0.7865077125059265	-0.06709539993845558
UBA2	-0.4437630325058008	-0.049490228437176924
UBA3	-0.9969988371937454	-0.062365268262980354
UBA5	-0.733591308218384	-0.08754972108801483
UBA52	-2.3929370852696987	-0.4454954901017451
UBA6	0.6425872511566283	0.03339268909360534
UBA7	-0.9438891747152098	-0.017826290953671452
UBAC1	-0.2950404964674334	-0.00508325271363741
UBAC2	-0.5034372863279724	-0.012090549868452583
UBALD1	-0.2011928855293833	-0.0002866998618793712
UBALD2	1.0427951787831795	0.0020417929600574656
UBAP1	-0.6284195403482165	-0.01616546425591752
UBAP2	-0.4364801353707666	-0.019513280931885493
UBAP2L	-0.4221080257341449	-0.059708024456146265
UBASH3A	-0.5321136130606159	-0.02767203633360427
UBASH3B	0.7544577550595263	0.06447369637412194
UBB	-0.6429918591011923	-0.08094110120737628
UBC	-0.2220759484133433	-0.017141598306129144
UBD	-0.6787636219820512	-0.14355375470384996
UBE2A	-0.480609227662218	-0.333896051779911
UBE2B	-0.4086045977709737	-0.31031312735877487
UBE2C	0.1760860231286548	0.007202798776077624
UBE2D1	-0.8376680746509451	-0.4357180750381369
UBE2D2	-0.3714312955521159	-0.10360184554316948
UBE2D3	-0.7472834750001415	-0.21147823429114004
UBE2D4	-0.5517949241328834	-0.1303240287715527
UBE2E1	-1.010492059687402	-0.05475553323828126
UBE2E2	0.1528825546120433	0.004469215718973862
UBE2E3	-1.3336623805594552	-0.3299654105613565
UBE2F	0.3744647880380867	0.10599263271896847
UBE2G1	0.3689554099282015	0.1710012396610633
UBE2G2	-0.4553705834025841	-0.22504004398230643
UBE2H	0.3427953791976147	0.052773005832093586
UBE2I	-0.602867524131002	-0.0536732956733831
UBE2J1	-1.3363444972995846	-0.14593683717209843
UBE2J2	-0.095613617987413	-0.0033860606674062438
UBE2K	0.0116847660212085	0.0021526493897891783
UBE2L3	-0.5303136621483816	-0.29261435124558544
UBE2L6	1.1344612480590253	0.6156698503991369
UBE2M	0.0492791869204022	0.00587383268497734
UBE2N	-0.2343204564926944	-0.049155979683493924
UBE2NL	-0.6056902347956745	-0.1473383894456914
UBE2O	-0.3988310575444281	-0.012094950651092326
UBE2Q1	-0.2325290442193593	-0.0061557413876190984
UBE2Q2	-1.122457929376696	-0.03384659640242489
UBE2QL1	-1.1282628499250822	-0.02876280483314012
UBE2R2	-0.7206418125311986	-0.13214048595478323
UBE2S	0.1662967490201361	0.020151008562514994
UBE2T	-0.5882306905739854	-0.1346624755317213
UBE2U	-0.757571626919328	-0.1830899107938632
UBE2V1	-0.4553621069421749	-0.20596255778048042
UBE2V2	-1.4522204597040005	-0.13214189628984613
UBE2W	-0.2204221664390012	-0.003493691338058169
UBE2Z	-0.4563579129367625	-0.0582723419028952
UBE3A	-0.9183440321630338	-0.027495220322961235
UBE3B	-0.5350288755301145	-0.011720877576238218
UBE3C	-0.0752675526463599	-0.002257499706522272
UBE3D	-0.2170644332566997	-0.017392070650259807
UBE4A	0.1380482855485116	0.0041694723684216955
UBE4B	-0.029847900021538	-0.004866729946411793
UBFD1	0.1395489411454754	0.13624567815962085
UBIAD1	-0.5786755107678632	-0.0007488061109336149
UBL3	-0.9915372172923742	-0.008859385036507364
UBL4A	-0.6679637443582376	-0.08790803654001021
UBL4B	-0.3073045823995642	-0.00020527946104290887
UBL5	-0.9710862200069628	-0.0006185819221444352
UBL7	-0.3172574435593949	-0.0011884463835734934
UBLCP1	-0.7033992405178218	-0.6725411158363049
UBN1	0.5156527505961626	0.0009116740630540155
UBOX5	-0.3971642474166026	-0.028750322706240443
UBP1	-0.1706319275628642	-0.0035697905565426815
UBQLN1	-0.6119902913992565	-0.14842539338277028
UBQLN2	-0.9543272047460654	-0.22591597052512655
UBQLN3	-0.2305132110778388	-0.006650075626384571
UBQLN4	-0.6659681683646389	-0.040398961029335725
UBQLNL	-0.5962607408479847	-0.0003255583645029997
UBR1	-0.1066387777649361	-0.0030898585857390237
UBR2	-0.4383484261858428	-0.01686896248490979
UBR3	0.3012659463288747	0.010669634755183427
UBR4	0.0077457705170795	2.7210891826500282e-05
UBR5	-0.9082815578985504	-0.024595356306334845
UBR7	-0.7075519778024825	-0.033533718435970854
UBTD1	-0.714511058193117	-0.00041584543586839414
UBTD2	0.570739042582248	0.005124095124303422
UBTF	-1.2608347886550808	-0.0012255314145727385
UBXN1	0.4161217917172604	0.01534573943494913
UBXN10	-0.5906832026416726	-0.009447387143050913
UBXN11	-1.025914098903208	-0.0807773984053419
UBXN2A	-0.1049454850836567	-0.004709848425069429
UBXN2B	-0.3407717995564234	-0.014192804679725477
UBXN4	-0.4564575857485623	-0.019742247041211067
UBXN6	-0.7403461987202063	-0.034387600238156145
UBXN8	-0.6591406446640395	-0.019194175572616833
UCHL1	-0.6234436508141324	-0.0067313210978401875
UCHL3	-0.5426598009356611	-0.05097637638029413
UCHL5	0.4701787081957772	0.025844313053397284
UCK1	-0.6339773213108082	-0.023094525860710122
UCK2	-0.8560149755324014	-0.02986636249632548
UCKL1	-1.4562365833144637	-0.00893838014838418
UCMA	-0.4099678186566898	-0.008759372413418834
UCN	-1.2791821105568069	-0.04451937499370855
UCN2	-0.2875532438459023	-0.012099377841304033
UCN3	-0.5968829438246319	-0.022858826099651928
UCP1	-0.260185300499433	-0.0009582624617394118
UCP2	0.2610069932067139	0.003254757205287722
UCP3	-0.7884745314036432	-0.0011480189177237045
UEVLD	-1.005163645353877	-0.03009862019647649
UFC1	-1.0370341927187057	-0.02958347441568652
UFD1	-1.4376990059853645	-0.1204446719254299
UFM1	-0.1236691522674882	-0.11850200774744801
UFSP1	-0.1131040776430983	-0.0007001142406107784
UFSP2	0.0128981536782327	0.00038597724882111353
UGCG	-0.987948951911886	-0.003943892216032249
UGDH	-0.7603772224942021	-0.09297968714381354
UGGT1	0.5390924441827458	0.015006177276270913
UGGT2	-0.1327377509006956	-0.002088097559418842
UGP2	0.1397914199907196	0.00017390052646845517
UGT1A1	-0.9238998187011004	-0.007088159409074842
UGT1A10	-0.0113434382467445	-8.096946220526225e-05
UGT1A3	-2.1285951517526263	-0.016349739360611924
UGT1A4	-0.2179588415172675	-0.0015810734363662583
UGT1A5	-0.4403052655109059	-0.003226997290929429
UGT1A6	-0.7927021404895038	-0.010204454654521383
UGT1A7	-0.0916691012536075	-0.0006163830368292568
UGT1A8	-1.0634967372522337	-0.005603564308582019
UGT1A9	-0.8471790740649654	-0.004743355635689741
UGT2A1	-0.358115716712701	-0.004503663253378928
UGT2A3	-0.7364927902357408	-0.005592926249050215
UGT2B11	-0.8345691771836272	-0.005293672290875747
UGT2B15	-0.3770388679831998	-0.002674336690604836
UGT2B17	-0.2583296464323067	-0.001959172038542614
UGT2B28	-0.6527712710267506	-0.0033278279396943746
UGT2B4	-0.2890052314283975	-0.0019574324324645367
UGT2B7	-1.0306127890650714	-0.00699683022496277
UGT3A1	-0.2576825174267586	-0.0021593794960362367
UGT3A2	-0.5365862674593687	-0.0038392747436717827
UGT8	0.040468125068925	0.00034454561683682747
UHMK1	-0.0534124233474981	-0.001578016635378484
UHRF1	-0.8278713104932043	-0.02323751981423375
UHRF2	0.9151846344615188	0.03395151956925342
UIMC1	-0.6625917403732461	-0.03588795643383613
ULBP1	-0.691189069654504	-0.02618155076944296
ULBP2	-0.6383168139339658	-0.013010811618416024
ULBP3	-0.8564175386721565	-0.03257212824831813
ULK1	-0.0563593972851865	-0.002130103420393624
ULK2	0.1498638471436871	0.0035288440086924003
ULK3	-0.5735418114618591	-0.11544192226923156
ULK4	-0.5538186985439194	-0.04555989523571553
UMOD	-0.860716533728135	-0.009112405942579765
UMODL1	-0.3316450615983273	-0.006168598145728887
UMPS	-0.2388598777923479	-0.007362855732949125
UNC119	-0.2978928569394927	-0.060485059351565416
UNC119B	-1.1680148110643778	-0.00817493566263958
UNC13A	-0.2569779425036257	-0.008112022711011952
UNC13B	-0.4805515436318576	-0.056623868937685416
UNC13C	-0.9921026029057702	-0.008334653967011376
UNC13D	-0.4183616159376615	-0.012600633510426427
UNC45A	-0.6311338557238154	-0.025740794305695813
UNC45B	0.0583492983505842	0.006271382586720791
UNC50	-0.85421483102518	-0.007876714956883185
UNC5A	-0.7412654691980539	-0.015077339643488417
UNC5B	-0.3684313577611112	-0.01059682271192508
UNC5C	-0.2022297545497178	-0.015569668802782774
UNC5CL	-0.5647578123964059	-0.002361817171441769
UNC5D	0.5611857057786678	0.027226485701557845
UNC79	0.3829819483573271	0.009019990847711767
UNC80	0.0160720944508485	0.00015162413904930473
UNC93A	-0.671557596235067	-0.004488019415638952
UNC93B1	-0.4662118983223139	-0.00242383565937771
UNG	-0.6361852316016059	-0.01657135291275863
UNK	-0.5827000764130623	-0.01728521506671708
UNKL	0.2858567520894036	0.006932883808424305
UPB1	0.1920205683894192	0.00047947535926837973
UPF1	-0.5813534854205942	-0.18774868947006632
UPF2	-0.7392605987777092	-0.0006875123568632697
UPF3A	-0.1590011961006345	-8.745065785534898e-05
UPF3B	0.300842770972982	0.009823719843351755
UPK1A	-1.17024801036563	-0.008091094743667966
UPK1B	-0.6729461844226987	-0.0036608272432594813
UPK2	-0.0657443145220634	-0.0005757229622697092
UPK3A	-0.8255620861795455	-0.009545148840407905
UPK3B	-0.7815611229568348	-0.010760533540869702
UPK3BL1	0.0116576058728395	2.1345076353169125e-05
UPP1	-0.753299671553752	-0.000665163609981963
UPP2	-0.2032928064854117	-0.00021447391084210933
UPRT	-0.7432450762628866	-0.0038894014840836853
UQCC1	-0.3056470837673032	-0.013247050257558688
UQCC2	0.0936045103297568	4.5959814571910586e-05
UQCC3	-0.825886624947185	-0.016660610885059563
UQCC4	-0.5329976910796307	-0.002363311762247082
UQCC5	0.1870052967331874	0.0008013176965017079
UQCR10	0.7884298836348897	0.0033831526306773115
UQCR11	-0.4129219060777166	-0.0010917655196694828
UQCRB	-0.4259877562361458	-0.0011957476317548614
UQCRC1	-0.6953053858382017	-0.009816321437263732
UQCRC2	-0.1667771380265	-0.002565699491399676
UQCRFS1	-0.6994222139802027	-0.0028620356996069893
UQCRH	-0.5444041337915602	-0.007603148132532929
UQCRQ	-0.5081652738123107	-0.0020631510116779815
URB1	0.0713696610063336	0.007013996174719448
URB2	-0.7100238455788026	-0.09459647694646386
URGCP	-1.1160138207158	-0.005489671984101019
URI1	0.5576222981003032	0.2725373405742251
URM1	-0.9285500731118403	-0.002964860383446106
UROC1	-0.5176131838583775	-0.000581279605472958
UROD	-0.1389597408651022	-7.753953540272704e-05
UROS	-0.2113345159442972	-0.0002698741768608675
USB1	-0.7548635087991465	-0.002854138926769573
USE1	-1.0235460255122848	-0.03813937200263876
USF1	0.0652872201613642	0.0020958503416201135
USF2	0.2222882475882349	0.006748004332036046
USF3	-0.8212931699213863	-0.023805182530171384
USH1C	0.1395378067505545	0.006323155712901377
USH1G	-0.9134731976215382	-0.0028573441621601715
USH2A	-0.0785607651244846	-0.0017554402967066083
USHBP1	-0.8514835008544555	-0.0022572827607651616
USO1	-0.4270061745483571	-0.02130931613466121
USP1	0.4975991952728325	0.01671584976680026
USP10	0.1845848365763458	0.00682834685946876
USP11	-0.2452457994375896	-0.007487844748428485
USP12	-0.4288539247421706	-0.034572916850939564
USP13	-0.2559933784637591	-0.01826359159311843
USP14	-0.0413375836007967	-0.002515846675528088
USP15	-0.9285766485519223	-0.025730858931373765
USP16	0.8047044189251354	0.03164258716097418
USP17L2	-0.6406381820455789	-0.018650258755710893
USP18	-0.612626406055228	-0.016887659509318417
USP19	-1.3868578902592643	-0.041630700149802594
USP2	-0.8639078013634074	-0.03162420897670889
USP20	0.13361502034675	0.004080068261308358
USP21	0.4208996902627075	0.009330925233433963
USP22	-0.1888012402769101	-0.0048665407693776344
USP24	-0.5819395440213511	-0.013619713088275701
USP25	-0.1709629478682815	-0.010892220371636084
USP26	-0.7132897344522422	-0.020488534332406206
USP27X	-0.1977946200156111	-0.014552541373028572
USP28	0.3501160438196077	0.013486119891887468
USP29	-0.483419282380487	-0.016545508358754547
USP3	0.3693106509025667	0.014119854115957835
USP30	0.1215861480084514	0.004229009400029957
USP31	-0.1365426339339424	-0.002391134605451199
USP32	-0.4527460202955369	-0.011895901683265231
USP33	0.3201499790488789	0.009611222521026393
USP34	-0.1674450010838733	-0.0048728169765417965
USP35	-0.4293491510293382	-0.013436911030614167
USP36	-0.5541124444854268	-0.01542815279180774
USP37	0.1849708140082441	0.006642116960222038
USP38	0.3497606075298182	0.013532587665936197
USP39	-1.5229609850581574	-0.32562733413725475
USP4	-0.3034319796654698	-0.00899342044530486
USP40	-0.4217141795182761	-0.013378882345217311
USP42	-1.4624955046758663	-0.031597215378522094
USP43	-0.0234860183601974	-0.00024310377604640332
USP44	-0.2581587931139947	-0.007944836858083186
USP45	-0.0858974639837062	-0.002712212425285523
USP46	-0.2204028096007355	-0.007880943262893498
USP47	-0.5490630381259414	-0.016652532883321674
USP48	-0.4529011674035499	-0.012441195068575517
USP49	-0.8113761028361175	-0.022037786329131788
USP5	-0.402592174276668	-0.01558273269755271
USP50	-0.5764487894897597	-0.009183405665361364
USP51	-0.2477715936083013	-0.007098408385284224
USP53	-0.2915546552001687	-0.008322136078033615
USP54	-0.8113995372502618	-0.010076770853111
USP6	-0.7606461902404182	-0.01553011326613862
USP6NL	-0.3968178975519109	-0.0051665690261258794
USP7	-0.7647684154479066	-0.027200518232235696
USP8	-0.4599645073867413	-0.013944743970443835
USP9X	-0.8331869158255056	-0.07901361478848018
USP9Y	-0.5460013281992189	-0.058535164392253654
USPL1	-1.235898630879162	-0.020688943080917174
UST	-0.0201195941462978	-0.00010617109831001349
UTF1	0.4262899221729948	0.00028092505871200353
UTP11	-2.0327233464930856	-0.0008273184020226859
UTP14A	-0.0457905007497639	-0.000992234360746634
UTP14C	-0.9924728353292624	-0.0003950041884610465
UTP15	-1.1792396406378542	-0.0009882028188545218
UTP18	-0.844083076596845	-0.012538010019769535
UTP20	-0.7278441146767315	-0.09964549851981792
UTP23	-0.8940937718898849	-0.005057888467581079
UTP25	-0.1920305554762196	-0.00013730184716549703
UTP3	0.5172058541913617	0.000250327633428619
UTP4	-0.6382060595914212	-0.0014678739370602688
UTP6	-0.9148750290475676	-0.11454143876172641
UTRN	-0.2224422698243521	-0.010379823636813744
UTS2	0.4032709336207964	0.013128081973091406
UTS2B	-0.239887557783704	-0.0080036084778955
UTY	-0.0392382738973269	-0.001483716850879622
UVRAG	-1.0897592595667227	-0.04120161808569865
UVSSA	-0.249039483751774	-0.01826380861990385
UXS1	-0.3792964549365003	-0.011169901301424997
UXT	-0.6086068306427421	-0.0547362725275163
VAC14	0.4260213464038678	0.06415157240553362
VAMP1	-1.109216482147507	-0.08032280233822958
VAMP2	0.1521623324254742	0.0059192668936833715
VAMP3	-0.8991024966693897	-0.059211294020659326
VAMP4	0.6099078124181111	0.028058199002482784
VAMP5	-0.2718831036183904	-0.015486733465207136
VAMP8	0.2042903058086255	0.007681111208098511
VANGL1	0.1501207190249704	0.006667461614775036
VANGL2	-0.2214388619745161	-0.004872097841163304
VAPA	-0.2615875608307852	-0.0350304982086546
VAPB	-0.4299006227009496	-0.019038578976934253
VARS1	-0.7368648478621982	-0.00792792889814939
VARS2	-0.3934477856659927	-0.009875539420216416
VASH1	0.0120237278664257	0.0008035096621296302
VASH2	-0.3224362221147084	-0.00020474700104283986
VASN	-0.1221269070412534	-0.002432523734447685
VASP	-0.6213814067229747	-0.01830030380939833
VAT1	-1.814562651825983	-0.010814793404882858
VAT1L	-0.1217408414238499	-0.00031202177656932734
VAV1	-0.1411442061140382	-0.003909835653564972
VAV2	-0.1932754198402341	-0.01658554360275001
VAV3	-0.4306683027708208	-0.030938780202752994
VAX1	-0.1049715155278818	-0.0013681987333904113
VAX2	-0.2357565827578455	-0.002281652207930429
VBP1	-0.1640512233180779	-0.15712219179879225
VCAM1	-0.888849761715634	-0.05036756059737812
VCAN	-0.2895465465402345	-0.016346060738382396
VCF1	-0.3873326507603478	-0.0008308285358809461
VCF2	0.3110291147983444	0.0004111804897634113
VCL	-0.0041976002664861	-0.00012052569645161537
VCP	0.2551191542715308	0.030478575122511245
VCPIP1	-1.0708636493306678	-0.03165794206516253
VCPKMT	-0.5329176198193831	-0.0003730423338735682
VCX	0.1482086990049093	8.640567151986212e-05
VCX2	-0.2278675515571627	-0.00020485292884988925
VCX3A	-0.1074777350004887	-6.674367343530349e-05
VCX3B	0.695124353286526	0.0003788427725411567
VCY	-0.0283433737914997	-9.154909734654403e-05
VCY1B	-0.7003972972852414	-0.0022622832702313294
VDAC1	0.0566666247501134	0.001403178962062308
VDAC2	-0.6005041896441683	-0.07816702986179175
VDAC3	0.4002647009694814	0.05506841755938126
VDR	-0.8097741394763807	-0.02493699462517514
VEGFA	-0.8634988282031543	-0.05654881126136817
VEGFB	-0.7277567831162985	-0.028407986028944714
VEGFC	0.0520882502950865	0.00219187357241724
VEGFD	-0.5004257061704954	-0.018875056785338747
VENTX	-0.1932152209339613	-0.00030083609899417773
VEPH1	-0.0533461296922753	-0.0016184682287339403
VEZF1	-0.080171126873041	-0.001871514785724269
VEZT	-0.4663835791268985	-0.007420162743908955
VGF	-0.5008057205561435	-0.012668381507188204
VGLL1	-1.2068409643204183	-0.008265653764630546
VGLL2	-0.2850959316818512	-0.006587711693372536
VGLL3	-0.1912291430278977	-0.004260202848375505
VGLL4	-0.8134932733627076	-0.00806415881884452
VHL	0.9705412945747348	0.03018771642645255
VHLL	-0.6943579752572724	-0.012787990830313185
VIL1	-0.944271017981214	-0.008465389676201585
VILL	-1.0986829170118135	-0.00731832691021569
VIM	-0.4588745460746276	-0.017088946970365206
VIP	-0.0708053238298009	-0.002380191765862587
VIPAS39	-0.6858907811007399	-0.02709817297972803
VIPR1	-0.0713248871872988	-0.0021037275475893785
VIPR2	-0.5437253892251916	-0.03298673191351393
VIRMA	-0.7330483934321544	-0.41848193379415494
VIT	-0.1429541821947004	-0.0015357567793176665
VKORC1	0.0439094643374864	4.733440255581034e-05
VKORC1L1	0.1063781766921553	0.0015141869670361385
VLDLR	-0.3061678935045207	-0.008638833283123558
VMA12	0.2818554565171831	0.026292040694835872
VMA21	-0.5576292573175958	-0.010332870138095052
VMA22	-0.1180616102123816	-0.007462202135083791
VMAC	-1.2165828566676042	-0.007926037311189441
VMO1	0.3545528652162442	0.002854505117855982
VMP1	-0.2240070717028162	-0.0015384805684549416
VN1R1	-0.2620047168945287	-0.0020176983248047656
VN1R2	-1.0101974166509555	-0.004692367000343688
VN1R4	-0.5191261769230808	-0.0023942099279692488
VN1R5	-0.2270771258814657	-0.0013188639471195527
VNN1	-1.6538307060036024	-0.004984645747894858
VNN2	-0.8763700809854065	-0.0021295792967945377
VOPP1	-0.2181943575162707	-0.00014684480260845017
VPREB1	-0.681398036517163	-0.021715474025765468
VPREB3	-1.305661396997794	-0.025021695012065723
VPS11	-0.9247970301614656	-0.04069199412413465
VPS13A	-0.5466925986945459	-0.016417725431395906
VPS13B	-0.2093025405654096	-0.0010306057097440769
VPS13C	0.3346403152434415	0.04169517935838708
VPS13D	-0.4434001445496015	-0.013393788166409813
VPS16	0.2839804714760351	0.008440467573210715
VPS18	0.5217320522247163	0.016112650968855915
VPS25	0.0762213800778598	0.007938075628208708
VPS26A	-0.7327338548946156	-0.08889746947737945
VPS26B	0.3389384088187351	0.023729755878217285
VPS26C	-0.1473993334513539	-0.0037109256189712856
VPS28	-0.3277667686831234	-0.026512726152009166
VPS29	0.0731194250635994	0.01207340634707647
VPS33A	-0.4131860780779982	-0.02356358884671016
VPS33B	-0.6403921637072298	-0.061618533991909655
VPS35	-0.3170142066847595	-0.0675027860720059
VPS35L	-0.2786034549808102	-0.017989425088110914
VPS36	0.3021320877505207	0.03053135386345337
VPS37A	0.0481422706745125	0.004901172008289419
VPS37B	-0.8482148547166244	-0.05105744496481249
VPS37C	-0.4899159292654772	-0.016045236599373645
VPS37D	-0.2878375883385098	-0.01906002942459944
VPS39	-0.1689076968318166	-0.006314107522966969
VPS41	-0.2146113941992478	-0.008106945415876586
VPS45	-0.313958159599827	-0.02669397856181569
VPS4A	-0.5850439966437643	-0.026623012111271136
VPS4B	-0.8503023003145924	-0.11632475589223751
VPS50	-0.6630560791752514	-0.027261550695290463
VPS51	-0.6235175765613801	-0.09139395933721398
VPS52	-1.2110130317434882	-0.072204229991642
VPS53	-0.0690043925662506	-0.002747478894417834
VPS54	-0.92952809148773	-0.08466048904461095
VPS72	-0.4734635720006648	-0.012964379528522203
VPS8	-0.2268014365890659	-0.007467890902568173
VPS9D1	0.8506116079775912	0.019772466827439106
VRK1	-0.5984000184397293	-0.04967258713066349
VRK2	0.2597539819235344	0.008373169607305131
VRK3	-0.7848259261262285	-0.020869306201622542
VRTN	0.328693719726067	0.005172981761048841
VSIG1	0.4219526493844698	0.018622036275284807
VSIG10	-0.4652857501713028	-0.014785850568943661
VSIG2	-0.213258586727751	-0.013027967063198307
VSIG4	-0.2358547460202996	-0.015204140347452592
VSIG8	-1.3436262181290857	-0.0191802642637927
VSIR	1.3655502107691868	0.09385699708658775
VSNL1	-0.5837148877748801	-0.015638889273264588
VSTM1	-0.1390356529762332	-0.00503684460037
VSTM2A	-0.7361478499113762	-0.017774289836110176
VSTM2L	-0.5806210144608188	-0.015050857936853346
VSTM4	-0.2425675234742289	-0.006825607543041327
VSX2	-0.5066728017404265	-0.006776748723278205
VTA1	-0.4314960557874859	-0.044299542567422245
VTCN1	-0.1582493836225375	-0.007223134866067101
VTI1A	-0.4951289366834903	-0.028019346526918718
VTI1B	-0.1028457828533475	-0.0031684728781459295
VTN	-0.4764450108562003	-0.033548875439439345
VWA1	-0.4850844053284421	-0.00328499159288421
VWA2	-0.981518070472645	-0.007991520129788276
VWA3B	-0.5603709801435921	-0.018525864603547153
VWA5A	-0.4502365379259701	-0.015050056753251403
VWA5B1	-0.3987959160227122	-0.0198712029035797
VWA7	-0.2326176258605005	-0.0012817231184913578
VWA8	-0.13762713121017	-0.0034020050563841925
VWC2	-0.5966162655596421	-0.007727373871528484
VWC2L	-0.1248177771602429	-0.002535423507456014
VWCE	-0.3952101119711391	-0.00708137478629887
VWF	-0.7440469835828833	-0.029645808013876403
VXN	-0.4662871389560958	-0.00029236203612547203
WAC	-1.4173125826971007	-0.028815382118814754
WAPL	-0.7546149733129472	-0.042670458280953914
WARS1	-1.0394308141342563	-0.21768591654250904
WARS2	0.1407734588336246	0.0005053767172127123
WASF1	-0.3115918787116689	-0.015957243292581986
WASF2	-0.4876701958644939	-0.036078328760251126
WASF3	-0.3476296972881263	-0.0556297899382297
WASHC2A	-0.750281804200803	-0.023863463064410742
WASHC2C	-0.048165689045698	-0.0046995744458778
WASHC3	-1.239268696279355	-0.10818691791649142
WASHC4	-0.27700534000561	-0.031273625881293364
WASHC5	-0.900891856259852	-0.11327003397940746
WASL	-0.2601912438198426	-0.02513083147558332
WBP1	-0.1393589184183313	-0.0001735018534308225
WBP11	-0.4154043616970262	-0.0003186151454216191
WBP1L	-0.2697912072385874	-0.00027761515224850644
WBP2	-0.463978460501516	-0.011855113644274235
WBP2NL	0.0797960401520423	0.0005762072059378974
WBP4	0.4561878809897313	0.00025181571030633167
WDCP	-0.748928354523402	-0.05573749492869515
WDFY1	-0.3182098322823242	-0.00025297681666444774
WDFY2	-0.4602805552060385	-0.0003981426802532233
WDFY4	-0.093263173842285	-0.002815242165603215
WDHD1	-0.5802555513959562	-0.10921686039484967
WDPCP	-0.2174275545138369	-0.002426708935928934
WDR11	-0.6062502825177132	-0.06403942984291108
WDR12	-1.3725996363105053	-0.0007919899901511616
WDR13	-0.9751392335792638	-0.03345800224333812
WDR17	-0.0284205094083538	-0.0012507581985522424
WDR18	-0.8001983200802327	-0.0038777610591088077
WDR19	-0.3038245718648996	-0.028840243659703727
WDR20	-0.4414792884594899	-0.005217402231014252
WDR24	-0.1612996615251333	-0.007007663794959416
WDR25	-0.1107545139084126	-0.0001363388066212559
WDR26	0.6679617892825893	0.029760369559696485
WDR27	-0.852101253969318	-0.017257606696640598
WDR31	0.0984928957220451	0.0004989650097278805
WDR33	-0.555361898783226	-0.0017510560668635114
WDR35	0.4108191454057336	0.03307997922636048
WDR36	-0.7682593227765748	-0.0009380446331101979
WDR37	-0.5534496034198155	-0.04512219271721414
WDR4	0.0623997044529661	0.001343840035099078
WDR41	-1.2557729828176163	-0.010915178766650721
WDR44	-0.4601892688273661	-0.00872012645500976
WDR45	-1.142108045767634	-0.04178630707050043
WDR45B	-0.4064495769039871	-0.00826230699930425
WDR46	-0.834194898762439	-0.00035369863707527415
WDR47	-0.5829939387438776	-0.014181327559944822
WDR48	-0.8997531215236307	-0.09322522042730642
WDR49	-0.4520652543412885	-0.0008155257188316845
WDR5	-0.0057264411993668	-4.894389293098804e-05
WDR53	-0.3226761304511872	-0.008492513077344796
WDR54	0.1671884147497079	0.003904351049649928
WDR55	-0.154579210235592	-0.0001834855225496477
WDR59	0.2626869528585831	0.026586546498817195
WDR5B	-0.2831039130417595	-0.007746855476474707
WDR6	-0.9558215753421924	-0.10598054045236695
WDR62	-0.3867337450752163	-0.002197807873262454
WDR64	-0.2837966570442622	-0.0009172307955670555
WDR7	-0.1934543603530468	-0.009595529727871475
WDR70	-0.869553015843676	-0.0007739021841008715
WDR72	-0.2231441688524487	-0.0012516156430933847
WDR73	0.7023921865400069	0.024830968578562325
WDR74	-0.5128213796029784	-0.0002523081187646654
WDR75	-0.5949511192747248	-0.00393500670288303
WDR76	1.1161472708714877	0.03041724542578978
WDR77	-0.0906244278996663	-0.004180867356723205
WDR81	-0.7982865447951739	-0.03675710395509379
WDR82	0.2965741359627717	0.00020196698659064751
WDR83	0.1200139528072228	0.018013134204741686
WDR83OS	-0.6679679985156182	-0.1198548339096544
WDR86	-0.0274981885905616	-1.61139385140691e-05
WDR88	0.3856193399739577	0.00017275746430833305
WDR89	-0.349422816493276	-0.29851435808992116
WDR90	0.0969698679219323	0.006363744552244729
WDR91	0.6367742696837178	0.015348806996456334
WDR93	0.7199772827578784	0.008255259524101834
WDSUB1	-0.7563943643572639	-0.0019038446150872333
WDTC1	-0.0197199367723791	-0.0013702792465023063
WEE1	0.1801099357887103	0.005591512956560511
WFDC1	0.1465588657704284	0.0022800162747905546
WFDC10A	-0.0868664363901688	-0.0003114161744587552
WFDC10B	0.8210932763831638	0.0032622035870703094
WFDC11	-0.971854811965516	-0.02271030324601018
WFDC12	0.7464759697877806	0.0006292792425310991
WFDC13	-0.2313057581662123	-0.0013628535271153228
WFDC2	0.4146318249952009	0.0037876617213311605
WFDC3	-0.5420985029402695	-0.005205229825232468
WFDC6	0.5328386413905638	0.0020786035400645895
WFDC8	0.6829431513478647	0.0064913746535614535
WFDC9	-0.9664525722261536	-0.02462811089803907
WFIKKN1	-0.823288400493682	-0.009988958163189844
WFIKKN2	0.5158384381132177	0.00827198519358356
WFS1	-1.116474409721654	-0.0063482734936773245
WHAMM	-0.1556415108170644	-0.0019858300365149244
WHR1	-0.1450568603772331	-0.0036652967480119256
WHRN	-0.4544480124808701	-0.033458280470891576
WIF1	-0.1916527595941985	-0.0014281963644959673
WIPF1	2.2969943767625116	0.2987126337260808
WIPF2	-0.3138751181843706	-0.04817292538870083
WIPF3	-0.4986183720742678	-0.07777349643940014
WIPI1	0.6044065846167953	0.07411354421888067
WIPI2	0.2851933266706211	0.005789139338086937
WLS	-0.0643286781441296	-0.0019491589477671268
WNK1	-0.3928785342449155	-0.02236028889801512
WNK2	-0.0208825568254658	-0.0016814217104728555
WNK3	-0.5360940893628732	-0.01610426644446071
WNK4	-0.2311436058003593	-0.009975233451920307
WNT1	-0.3542192715166311	-0.014996227078928092
WNT10A	-0.5395423543632063	-0.014580053041956923
WNT10B	-0.4215880938713963	-0.004710825360918982
WNT16	-0.2164487377118312	-0.006662292146770164
WNT2	-0.1265958069105983	-0.0029409471903401093
WNT2B	-0.3484638147961492	-0.009829467287769776
WNT3	-0.4667840404510797	-0.011598183053087978
WNT3A	-0.3421249216647767	-0.011334940779675718
WNT4	-0.1434241277343484	-0.0038332966619559297
WNT5A	-0.2366419642969629	-0.010175841106733701
WNT5B	0.0597018865102194	0.00261231574614116
WNT6	-0.2146212847185325	-0.0055494625589670955
WNT7A	0.0475221808573221	0.00223724923040101
WNT7B	-0.9619594817127828	-0.028702947015346012
WNT8A	-1.2634527441944603	-0.03664265648712774
WNT8B	-0.3272454882237244	-0.011809635179017767
WNT9A	-0.0585195140834248	-0.0022112768786703733
WNT9B	0.0976672963609818	0.0024988177773957194
WRAP53	-0.4946825272329038	-0.06323873023387272
WRAP73	-0.2645296278155669	-0.006214330016643297
WRN	-0.909691486069405	-0.17516473440860822
WRNIP1	-0.8344294295511785	-0.012740068530387394
WSB1	-0.1115496820171374	-0.0036553715300195752
WSB2	-0.0216661803814675	-0.0005543942236009904
WSCD1	0.5357013982807949	0.0037858017816503778
WSCD2	-0.7205588735118569	-0.004208063821309244
WT1	0.31690507313889	0.007478959726077803
WTAP	-0.7356369422897439	-0.020312407250504406
WTIP	-0.5621827457293544	-0.012415243756687063
WWC1	-0.7290993282026742	-0.04017920577859297
WWC2	0.2519235575855328	0.006756841738001576
WWC3	-0.1921076749194444	-0.005841033855925707
WWP1	-0.4812981202286949	-0.04420338195804379
WWP2	0.1458707963076798	0.00489498631169681
WWTR1	-0.2739531040965043	-0.0037687728530556098
XAB2	-1.5308195341890842	-0.00247380436724956
XAF1	-0.2653915014273227	-0.006543227467690641
XAGE1B	-0.2755665205486304	-0.0001612064145209488
XAGE2	-0.738658126684258	-0.00044024024350381775
XAGE5	-1.0806620873325548	-0.0012611326559170916
XBP1	0.2525690648775964	0.007748061203250024
XCL2	0.6527252202691872	0.018661414047496064
XCR1	0.0222997207643643	0.000707860036223216
XDH	-0.639904399056049	-0.013165393106179151
XG	0.0268980468275024	0.0006438854449567524
XIAP	-0.1244154810000374	-0.00858479260448358
XIRP1	0.079438063398221	0.001658825639881651
XIRP2	-0.130545321665101	-0.0030759088690731095
XK	-0.3070985460298386	-0.007402917550595289
XKR3	-1.1493437855897572	-0.007187996035078342
XKR4	-0.4700379584889175	-0.0033424399228146923
XKR5	-0.6470539153586701	-0.00408226315199785
XKR6	-0.4450527154006325	-0.002857683485587461
XKR7	-0.3367455533243354	-0.0019372971682749018
XKR8	-1.006435161846701	-0.005252585109677931
XKR9	-0.4337958131398202	-0.002344232574207588
XKRX	-0.1766095204814199	-0.001018330495095867
XPA	-0.4076692641117098	-0.0012780431429902104
XPC	0.7036222614515623	0.020597134459471582
XPNPEP1	1.131795993401825	0.0022466150469026224
XPNPEP2	-0.2520293854955618	-0.002296491760635559
XPNPEP3	0.2905608535494186	0.008049988447586642
XPO1	-1.4262842779538851	-0.10961993075070174
XPO4	-0.2517865293126324	-0.009191215466028333
XPO5	-0.3521766953572797	-0.06579611546351449
XPO6	-0.2235895634629	-0.0637266030199419
XPO7	-0.4416739009317465	-0.02851844210926194
XPOT	0.4440015165554489	0.01413834029167516
XPR1	-1.2534842824791528	-0.012514787076271862
XRCC1	-1.0557083425050295	-0.08657969687717998
XRCC2	-0.3088767229809486	-0.028828082309257895
XRCC3	-0.6663935732503556	-0.3031690922145168
XRCC4	-0.3686184280270005	-0.0025128718238600625
XRCC5	-0.0992603523378239	-0.04691798630163325
XRCC6	-0.134928852533518	-0.0730897450577339
XRN1	-0.7733721671293863	-0.1062621091357448
XRN2	0.6183109870006636	0.002848558717112057
XXYLT1	0.564451751924107	0.00355548158536995
XYLB	-0.8288520242206954	-0.0010335784742032071
XYLT1	0.1504042528090755	0.003633315535108837
XYLT2	-0.6205103324139046	-0.010292404883749436
YAE1	-0.5480661873895152	-0.000738245154413677
YAF2	-0.1901501338402334	-0.005378396535671002
YAP1	-0.6113827714282475	-0.020993050222531732
YARS1	2.031920662615107	0.19317876123614347
YARS2	0.0479981818309512	0.0018217229932119218
YBEY	-0.327103838069962	-0.007262686516667367
YBX1	0.0951292329217935	7.011024466336181e-05
YBX2	0.4312847343006528	0.047873899361575364
YBX3	0.1405601118587725	0.00034704291617930933
YDJC	-0.7446124656733969	-0.007737268130812267
YEATS2	0.0980076496488944	0.0007204542325690227
YEATS4	-0.5573337812084682	-0.0009630727739282331
YES1	0.1382161764185432	0.010290056118184123
YIF1A	-0.991719390651462	-0.028243176526362986
YIF1B	-0.651878666171792	-0.013188809173987697
YIPF1	0.4473720528979721	0.012532680689883792
YIPF2	-0.5034820951886061	-0.014258109453646136
YIPF3	0.536354306026189	0.01640064196966881
YIPF4	-0.8005767565210928	-0.007221202343820257
YIPF5	-0.4281545895653003	-0.0063602364279925355
YIPF6	-0.2562512445016613	-0.00696721508675567
YIPF7	0.1864294026453677	0.0035037541933170407
YJEFN3	-0.3166884405062692	-0.004944773310064887
YJU2	0.0041005199456761	2.1568734914256287e-06
YJU2B	-0.3668349415898556	-0.00017644760690472053
YKT6	-0.268733576263139	-0.012131439833246884
YLPM1	-0.7800943800502249	-0.017925008664794066
YME1L1	-0.0605609845530339	-0.003311595757329
YOD1	0.3068073543161728	0.006819100257031256
YPEL1	-0.4279703428532055	-0.002424024021920556
YPEL2	-0.7172827355359448	-0.0052153627700818545
YPEL3	0.1084648202291192	0.00020250381936776554
YPEL4	0.3464520237581191	0.0015056804952527857
YPEL5	-0.5043075583487878	-0.0006409749066613093
YRDC	-0.4020368265862993	-0.0003292681609741791
YTHDC1	-0.7021744581855158	-0.0008657811069427409
YTHDC2	-1.2660267984056253	-0.0011698087617267978
YTHDF1	0.6305581965957603	0.012911309633494789
YTHDF2	-1.076158248771027	-0.0753461436294547
YTHDF3	0.3771459613280712	0.009010017016127622
YWHAB	-0.321928638145635	-0.013695166195353459
YWHAE	-0.1437071192684082	-0.029821670269222268
YWHAG	0.6861861946657504	0.04614464921888238
YWHAH	-0.2230714784017959	-0.01315050979474267
YWHAQ	-0.9845803784861062	-0.030860687383268512
YWHAZ	-0.0172008777925726	-0.0015597239955971057
YY1	-0.0367398614161289	-0.00018836526948049287
YY1AP1	-0.2705231323301945	-0.007195103750586182
YY2	0.5908623775531466	0.017351264579225704
ZACN	-0.6652383509700451	-0.005433001612372359
ZAN	-0.3941433981114841	-0.00692391707462444
ZAP70	-0.5659614253601707	-0.006213124527603954
ZAR1	-0.1593378212845098	-0.0002884014565249627
ZBBX	-0.3427360809367682	-0.008179053835475037
ZBED1	-0.0350649702131817	-0.00010295075254590147
ZBED2	-0.6197140326203532	-0.0003259695811583058
ZBED3	-0.3251850481027254	-0.00025396952256822854
ZBED4	-0.3584351262368337	-0.007331432072048197
ZBP1	-0.235632667054799	-0.003576196987890684
ZBTB1	-0.0441819924481004	-0.0005867810417032214
ZBTB10	-1.4779120679299709	-0.0032041133632721764
ZBTB11	0.0707483443397782	0.0017498895489000737
ZBTB12	0.0780708183649804	0.0014606269407904183
ZBTB14	0.1423856487163144	0.0006198047288621166
ZBTB16	-1.5663154700391215	-0.04700669357134408
ZBTB17	-1.0518941073290335	-0.029250019442498436
ZBTB18	0.0410452913936493	3.226159903540835e-05
ZBTB2	0.3682723806732472	0.005449326416822039
ZBTB20	-0.961097183477298	-0.02572761050450379
ZBTB21	0.6099647534240918	0.0070261839946921135
ZBTB22	-0.4767874796657008	-0.0031878010890448753
ZBTB24	-0.5045481258380773	-0.00029616974986695135
ZBTB25	-0.7726501306686739	-0.0007718774805380054
ZBTB26	0.1170773352466355	0.001711319409300071
ZBTB3	-1.1963716453462998	-0.0008386565233877562
ZBTB32	-0.3344526189799617	-0.009812170935634116
ZBTB33	0.033467599359274	0.0009447568623129458
ZBTB37	-0.8143888063982975	-0.018292801369318556
ZBTB38	-1.0845638877348986	-0.01883236734662878
ZBTB39	1.7675101147835213	0.006698863335029545
ZBTB4	0.0965099644594798	0.002346350255938873
ZBTB40	1.858252616395188	0.048834878758865545
ZBTB41	-0.2428481575814501	-0.0031329840809582875
ZBTB42	0.5275910048736822	0.0002965061447390094
ZBTB43	0.1206610367698406	0.0006491563778217424
ZBTB44	-0.3762955839449978	-0.009806262917606643
ZBTB45	-0.3452181049885119	-0.005863184295124886
ZBTB46	-0.995597768741488	-0.007721856294358981
ZBTB47	-0.1983883597557968	-0.0025840083858192533
ZBTB48	-0.471439459154697	-0.001207356454895179
ZBTB49	-0.3128415744318691	-0.0021216915577969364
ZBTB5	-1.2414344123136123	-0.017800928038164885
ZBTB6	-0.2543492864697286	-0.0011738219570577976
ZBTB7A	-0.0931797713684657	-0.0023657412152739755
ZBTB7B	-0.0931090217480869	-0.0018960721188780417
ZBTB7C	-0.3841327440494162	-0.009347102060954446
ZBTB8A	0.1081160116963702	0.00029926512037555274
ZBTB8OS	-0.0942910906574649	-0.002218857945351464
ZBTB9	-0.819850012583509	-0.0058201152393303306
ZC2HC1A	-0.5184845760090335	-0.002224298831078754
ZC2HC1C	-0.3165402287059903	-0.00023645555084337476
ZC3H10	-0.3680941182270751	-0.000254721129813136
ZC3H11A	-0.826113598260966	-0.021093158504397243
ZC3H12A	-0.4410715595698262	-0.007803879103468935
ZC3H12B	0.5676443391246155	0.00996045521861963
ZC3H13	-1.7660763175046656	-0.001605363372611741
ZC3H14	-0.0482840626779123	-3.601991075772258e-05
ZC3H15	-0.8861261318327591	-0.2537643710036064
ZC3H18	0.9275391584161512	0.0025980371827236397
ZC3H3	-0.3785567629704076	-0.01016954888043703
ZC3H4	0.082207911975809	0.00015397541913069027
ZC3H6	-0.2142350327996606	-0.0015392787106655616
ZC3H7A	-0.1597578148702955	-0.0033582690263884818
ZC3H7B	-0.365762528435539	-0.008996295149400518
ZC3H8	-0.2879617793564121	-0.00015146789594147275
ZC3HAV1	-0.0480505920143992	-0.00030440050041121894
ZC3HAV1L	-0.4210759486287828	-0.0008518366440760276
ZC3HC1	0.5013550521274017	0.04025730662067397
ZC4H2	-0.842967705144662	-0.005352001959963459
ZCCHC10	0.1013033888532771	0.00036408437953867786
ZCCHC12	-0.1419023919865651	-0.00012586742169208324
ZCCHC13	0.0154676654081861	3.887024317077167e-05
ZCCHC14	-0.5141701564748621	-0.003564741694840219
ZCCHC17	-0.9948342696196164	-0.0016961924297014459
ZCCHC2	-0.4456025844245863	-0.0026232624145075393
ZCCHC24	-0.0978091300752228	-0.00019111904016698534
ZCCHC3	-0.7923089043329582	-0.01023663104398182
ZCCHC7	-0.1968846462706204	-0.0012200941529390348
ZCCHC8	0.4401060343109592	0.02241328000935422
ZCCHC9	-1.3982814113019506	-0.007796817149419677
ZCRB1	0.0543968481378594	0.0072775911218197955
ZCWPW1	-0.337654404628441	-0.0009714317221160247
ZCWPW2	0.1875802791016348	0.003483740943475562
ZDHHC1	-0.5752292106859036	-0.004339529165414457
ZDHHC11	-0.3734357480304812	-0.0004824789864553817
ZDHHC12	-0.5576463302285622	-0.000850968299928786
ZDHHC13	-0.4830147379110528	-0.0015702809129488327
ZDHHC14	0.3404491373535253	0.0013046010943387088
ZDHHC15	-0.6477637302246022	-0.003574360263379355
ZDHHC16	-0.4451247235944755	-0.002751315916537453
ZDHHC17	-0.7603849009724359	-0.01999356058616923
ZDHHC18	-0.5431521765603914	-0.0023263207722081566
ZDHHC19	-0.5322212271230026	-0.0009063727497904734
ZDHHC2	-0.3928329075538875	-0.0020686580911787717
ZDHHC20	-0.6084727836560934	-0.0042958178526120196
ZDHHC21	-0.0399214401383988	-0.00025086632982969804
ZDHHC22	-1.027755891623246	-0.006355642433798154
ZDHHC23	0.2754127840480034	0.0015585609449276512
ZDHHC24	-0.2407589899843352	-0.0009738701144866359
ZDHHC3	-0.3231126648558261	-0.00690136340865559
ZDHHC4	-0.7541031010334941	-0.0025179502543508365
ZDHHC5	-1.0052181382972245	-0.0055588563047836515
ZDHHC6	-0.3169230352112354	-0.001551021334323786
ZDHHC7	0.2912598349863839	0.0025563875716754915
ZDHHC8	-0.5589625500085511	-0.004356554114766647
ZDHHC9	-0.2827993254178938	-0.0006425200673494548
ZEB1	-0.3411231260886992	-0.010474526709679598
ZEB2	-0.0872547379276873	-0.0021969870462812385
ZER1	-0.825784332746799	-0.023859386726053262
ZFAND1	-0.0552030671117459	-0.0012842993563547684
ZFAND2A	-1.6025868173561384	-0.003762873847152213
ZFAND2B	0.3171097773690504	0.0017983295474598847
ZFAND3	-0.0534281432068151	-0.0011412251388975706
ZFAND4	0.1439743049446673	0.0006995711477261382
ZFAND5	-1.6741563824117005	-0.1911300633980318
ZFAND6	-0.7319207730390693	-0.01970550297253086
ZFAT	-0.430489967793818	-0.006649778532511107
ZFC3H1	-0.0599544341643948	-7.104600448480784e-05
ZFHX2	0.0710638499494107	0.0014398246638250103
ZFHX3	-0.3238207990335683	-0.006125718055318012
ZFHX4	0.0039286937934708	8.651376602602048e-05
ZFP1	-0.1812000595800579	-0.00013934284581706454
ZFP14	-0.6772025882048538	-0.002926192383633173
ZFP2	-0.3932006793698313	-0.00022687679199639266
ZFP28	-0.703341298986407	-0.0013968358197870043
ZFP3	-1.2545432886653185	-0.0006197443846006673
ZFP30	-0.5505921890887951	-0.002212830007947868
ZFP36	-0.1602063618113702	-0.011207556453238027
ZFP36L1	-0.6706185184773017	-0.003547571962744926
ZFP36L2	-0.4582674443788532	-0.010690004675025509
ZFP37	-1.5574544232365022	-0.0018720602167302755
ZFP41	-1.2084687466987534	-0.0008326349664754411
ZFP42	-0.2485010612867922	-0.001152796423309429
ZFP64	-0.7197706249470067	-0.0005902119124565455
ZFP69	-1.7816571839739446	-0.0010155445948651484
ZFP69B	0.6257745504580497	0.00040112148684360986
ZFP82	-0.4227350015853295	-0.00038384338143947915
ZFP90	-0.0731937463130013	-0.00033134808955895685
ZFP91	-0.2287602934180433	-0.0028556147427374343
ZFPL1	-0.7547383243111373	-0.01075804007473095
ZFPM1	0.2278060676455093	0.0058573496113013355
ZFPM2	-0.6313244408635059	-0.01616001171278316
ZFR	-0.3762938285609132	-0.0011349021869397143
ZFR2	-0.8993342857587432	-0.02358234364116576
ZFX	-0.7172755337885703	-0.018703676819070758
ZFY	-0.6639002939480612	-0.009609292854604238
ZFYVE1	0.2407953059207651	0.0020518168017508395
ZFYVE16	-1.307196912632919	-0.013262819875573597
ZFYVE19	-0.0670475233071435	-0.007136270190719126
ZFYVE21	-0.0364159880158179	-0.00018907180977812652
ZFYVE26	-0.6618842982774313	-0.034558964865959524
ZFYVE27	-0.5199932055461369	-0.01020746662487067
ZFYVE28	-0.7177797985191852	-0.018795064024224862
ZFYVE9	1.9701025671960053	0.03270370261545369
ZG16	-0.614132492014111	-0.0014929560880863038
ZG16B	-0.6816164417512591	-0.0070854029120043386
ZGPAT	-0.4335245738336981	-0.0018628550937634005
ZGRF1	-0.6012526011344722	-0.018121753398192993
ZHX1	-0.3518414654365466	-0.010060203021227176
ZHX2	0.1151643099054978	0.002691505086801389
ZIC1	0.4608754498174696	0.01084071233060652
ZIC2	-0.7831196954435722	-0.010205615871020634
ZIC3	-0.4803382580333122	-0.00893621295245174
ZIC4	-0.4101978416652735	-0.00028754868700735676
ZIC5	-1.0997599020705182	-0.018350593725948668
ZIK1	-0.8928134299945261	-0.0016999167707095776
ZIM2	-1.3810517817918435	-0.0008880162956921554
ZIM3	-0.3562531398114674	-0.00021018935248876577
ZKSCAN1	-0.5311111099466965	-0.0015970511076097164
ZKSCAN2	0.73364431012505	0.0009933543959093178
ZKSCAN3	0.0293533151342558	1.5968203433035154e-05
ZKSCAN4	-0.4148555778083802	-0.00035387180787054836
ZKSCAN5	-0.4576664882775563	-0.00030434821470457494
ZKSCAN7	-0.6928924088299482	-0.0030029956998689957
ZKSCAN8	0.2378738503770647	0.00013249573466002503
ZMAT1	0.2662142018763074	0.0011481818526925139
ZMAT2	0.5371424228587011	0.00046677676546421124
ZMAT3	-0.2046851741610291	-0.00019076658231807913
ZMAT4	-0.4585916081977348	-0.0009570806863086725
ZMAT5	-0.3335592460213541	-0.00017245013019304007
ZMIZ1	-0.8884474846161041	-0.02650416536106762
ZMIZ2	-0.1317336526418929	-0.003914728955559132
ZMPSTE24	-0.502618675732658	-0.0047834219369477056
ZMYM1	-0.1742623729382394	-0.0004103878882695538
ZMYM2	-0.0558138147948222	-0.0015779123580644185
ZMYM3	-0.164799954732625	-0.004580614741793312
ZMYM4	-0.8221588428358471	-0.020965872651156934
ZMYM5	-0.2538650946472671	-0.0009321926275447647
ZMYM6	-0.7563475718433754	-0.022424192810012396
ZMYND10	0.5736167243043326	0.02783303069669483
ZMYND11	0.1440869916691028	0.0005835523162598663
ZMYND12	-0.0877396107725506	-7.528058604284842e-05
ZMYND15	-0.9939748912433491	-0.0015356912069709743
ZMYND19	-0.4218575756795436	-0.0024598515237874187
ZMYND8	0.1962094395083175	0.005724214188215655
ZNF10	0.1310183048519008	9.040263034781155e-05
ZNF100	0.1865529745107493	0.0001003655002867831
ZNF101	-0.3336174668911903	-0.00017948619718746037
ZNF106	-0.0858600991749294	-0.002001999932461829
ZNF107	-0.2597349281284729	-0.00014103606597376075
ZNF112	1.0396224898375146	0.0007786772448882984
ZNF114	-0.414421825264774	-0.0002544550007125712
ZNF117	-0.5274848832769824	-0.00028642429161940145
ZNF12	-0.5298867651994319	-0.0017178928927765584
ZNF121	0.0824683313054431	6.036681851558434e-05
ZNF124	-0.6920428260969748	-0.002169554259814016
ZNF131	-0.3575498479236112	-0.011420857242375989
ZNF132	0.1217282086168093	6.853298145126364e-05
ZNF133	0.4803631293698494	0.005084643724379856
ZNF134	-0.246006217928046	-0.00017737048312612116
ZNF135	-0.6877204896183831	-0.0004676499329405005
ZNF136	-0.5903198644122605	-0.0006062585007513915
ZNF138	-1.682980647762606	-0.0042983325743856955
ZNF14	0.8839588184927223	0.007345697781674522
ZNF140	-0.4161526765186039	-0.0004386249210506085
ZNF141	-0.2683499042583183	-0.0001588631433209244
ZNF142	-0.5827199680593875	-0.0015121583171141108
ZNF143	-0.3530080751085816	-0.010496342105278566
ZNF146	-0.0183896182142578	-6.075929857990777e-05
ZNF148	-0.6196472952484089	-0.01865448182345335
ZNF154	-0.4056217530813287	-0.0003585696297238946
ZNF155	-0.4261644977839536	-0.0017749751332701669
ZNF157	-0.7374913246951723	-0.0013009346967622838
ZNF16	-0.2210578611265572	-0.00012732932800889695
ZNF160	-0.0486169853632563	-2.7906149598509114e-05
ZNF165	0.2498628247491245	0.0001366749651377711
ZNF169	0.2690485747306717	0.0006936072256556716
ZNF17	-1.00271658513116	-0.0008683525627235845
ZNF174	0.3674792702578267	0.0004681685903084712
ZNF175	-0.2866768313871712	-0.000244535337173257
ZNF177	-0.1366036780247588	-7.29463640652212e-05
ZNF18	-0.781068432805353	-0.00043974152766941375
ZNF180	-0.1466282362851074	-0.00011055769015897098
ZNF181	0.4879366817925271	0.0002995931226206116
ZNF182	-0.5020600713302912	-0.0007129253012890135
ZNF184	0.026158369143139	5.147967047369756e-05
ZNF185	-0.9566378685206351	-0.005038611653498185
ZNF189	-0.9161671872881246	-0.0006101673467338911
ZNF19	-1.2349830653636316	-0.0006014367528320886
ZNF195	-0.1294354707380303	-0.00030184351776108665
ZNF197	-0.9014251246044264	-0.001572986842434724
ZNF2	-0.0123542472118669	-7.919072462806682e-06
ZNF20	0.765917147209726	0.0006579228294531546
ZNF200	-0.6403673224768796	-0.0005468736933952552
ZNF202	-0.5163801046200726	-0.00047713521666894706
ZNF205	-0.7384701153590849	-0.0004888672163677143
ZNF207	-1.082634449929623	-0.035560211142388394
ZNF208	-0.7884334626567298	-0.0006465154393785183
ZNF211	-1.1600950856773729	-0.008102104078370772
ZNF212	-0.0733508251007297	-0.0003571451674154529
ZNF213	-1.5749404740039814	-0.00438305933915308
ZNF214	-0.5271466822325517	-0.0002946749953679964
ZNF215	-0.1042417215606826	-7.672190706866238e-05
ZNF217	0.061116514758021	7.62734104180102e-05
ZNF219	-0.2749100473206657	-0.00025594125405553977
ZNF22	-0.731444742646978	-0.00035913936863966623
ZNF221	-0.0864088629930562	-0.0002662257068816061
ZNF222	-0.740485345870441	-0.0006634748698999152
ZNF223	-0.6839194450383244	-0.0011886519954766078
ZNF224	-0.2934454398610734	-0.000870946065507666
ZNF225	0.7074584615169428	0.002509355163000596
ZNF226	-0.2774776938519153	-0.00019756411802256368
ZNF227	-0.2697042856067735	-0.0005612546183476957
ZNF229	-0.2172052376891673	-0.00012815109023660873
ZNF23	0.0235324075887284	2.1955736280283598e-05
ZNF230	-0.1974334042921108	-0.00016248769173240717
ZNF232	-0.2187427451828399	-0.00014108907064293172
ZNF233	-1.005774519022922	-0.0010902595786208473
ZNF234	0.0895876283891867	0.00027628824595225175
ZNF235	-0.5203395326334068	-0.0005291853046881747
ZNF236	-0.4177077747959107	-0.011267249517344896
ZNF239	0.130772586805581	9.89948482118248e-05
ZNF24	-0.4024557280420864	-0.00020806961139775866
ZNF248	0.263473190494341	0.00018732943844147645
ZNF25	-0.5248535654532829	-0.001010867967063023
ZNF250	-0.1613976223503336	-9.812975438900284e-05
ZNF253	-0.3127148319722483	-0.0001626117126255691
ZNF254	-0.2626448365993699	-0.0009765135024764572
ZNF256	-0.4586399378334663	-0.0008287623676650735
ZNF257	-0.1092765394623442	-6.13041386383751e-05
ZNF26	-0.0714069496514646	-5.962480295897294e-05
ZNF260	-0.5712336439176039	-0.0012424331755207885
ZNF263	-0.5019059264793002	-0.0004406734034488256
ZNF264	-0.2147752408825752	-0.00018191462902754122
ZNF266	-0.7943603684615879	-0.001997021966312432
ZNF267	-0.6767704183328552	-0.000902134967637696
ZNF268	-0.609232833723273	-0.0012403980494605838
ZNF273	-0.4222219394311381	-0.00022842206923224574
ZNF274	-0.019670298075154	-0.00014622899589069484
ZNF275	-0.6447636262605257	-0.00047841461068531013
ZNF276	0.1800423482893088	0.0031907104963831306
ZNF277	0.4987206824809592	0.0009500629001262272
ZNF280B	0.3206340285718011	0.0006233125515435814
ZNF280C	-0.1277266800844042	-0.003118702347620897
ZNF280D	-0.2248954662132364	-0.007113218700858453
ZNF281	-0.7638239763732764	-0.02098606375085577
ZNF284	0.1556064097202164	9.21189945543681e-05
ZNF285	0.9331302954117018	0.0005972033890634891
ZNF286A	0.0368180435115873	1.936629088709492e-05
ZNF287	-0.4687920957058945	-0.00038159676590459815
ZNF296	-0.7409050233699777	-0.0005260425665926841
ZNF3	-1.2004116805189695	-0.0006122099570646745
ZNF30	-0.4540624380870185	-0.0022176409476169986
ZNF300	0.2281275113207914	0.00020782416281324098
ZNF302	-0.6241126112104936	-0.0011851898486887273
ZNF304	-0.0546119894109589	-0.0001211840045029178
ZNF311	-0.3614260584139829	-0.00019480864548513679
ZNF317	-0.2924358019238309	-0.00018452699101393732
ZNF318	-0.1507894027332422	-0.0010375818802074396
ZNF319	-0.0826687450975082	-0.0019094826742622445
ZNF32	-0.0898252369497361	-5.2637588852545356e-05
ZNF320	-0.2759227491778921	-0.0001997680704047939
ZNF322	-0.1228880166435097	-5.984646410538923e-05
ZNF324	-0.7630933421569094	-0.0005265344060882674
ZNF324B	-0.1092613565987306	-7.549959740972284e-05
ZNF326	-0.2629210402374768	-0.002117828979112876
ZNF329	-0.3347040540361768	-0.00018274841350375255
ZNF330	-0.3641480746200482	-0.0021495660844821447
ZNF331	-0.414679748937922	-0.00030313089647362096
ZNF333	-0.1176994253459827	-7.109045290897355e-05
ZNF334	-0.598629418401581	-0.0006531046954761249
ZNF335	-0.5089124175513022	-0.011787938327740813
ZNF337	-0.5105073256438445	-0.0021461727970067223
ZNF33A	0.1695197125955586	0.0012481736438410978
ZNF33B	-0.0209460831874447	-0.0001184710465081872
ZNF34	0.7796240901042598	0.0004248951291068216
ZNF341	-0.4178070946915541	-0.00921348205213815
ZNF343	-0.7574245821298793	-0.0006165436098537218
ZNF345	-0.5533813800638193	-0.00032815515837784486
ZNF346	-0.3756156118049943	-0.002220639496991126
ZNF347	-0.4478208485843676	-0.00025122749605583023
ZNF35	-0.629180054103817	-0.0003108149467272856
ZNF350	-0.6544698173377219	-0.014010235379748612
ZNF354A	-0.2723641700767045	-0.0001446253743107301
ZNF354B	-0.8373114578215903	-0.0004261915320311895
ZNF354C	0.4335132646555547	0.0002332301363846884
ZNF358	0.1318818896370332	0.0023401122497195173
ZNF362	-0.2086691444224006	-0.004888700715528001
ZNF366	-0.3207444713640215	-0.005957507811115335
ZNF367	-0.4024656792182396	-0.00021894132949472234
ZNF37A	0.632346477394169	0.0018900836209311711
ZNF382	-0.2918113575651011	-0.0007137705806042373
ZNF383	-0.3971798163809991	-0.00036421389162137613
ZNF384	-0.7044425547227059	-0.013324530922579982
ZNF385A	0.2883266493753768	0.00016549949674146626
ZNF385B	-0.3172322325457927	-0.0006176511567666583
ZNF385C	-0.325134906784017	-0.00022856983946916394
ZNF385D	1.031781191878314	0.006868567394333936
ZNF391	0.6361706504031682	0.0005197514213793885
ZNF394	-1.149611357664637	-0.0010760362307741002
ZNF395	0.1437878178777039	0.0025520899795113666
ZNF396	-0.4759945126587633	-0.0003489039777788735
ZNF397	-0.5265053570271452	-0.0010503781872691546
ZNF398	-0.6376175610953903	-0.0182307613068394
ZNF404	-0.4753268368216302	-0.0009558822688482984
ZNF407	-0.0093500084748775	-1.1126510085104226e-05
ZNF408	-0.1105825997040245	-7.287393320495213e-05
ZNF41	-0.1799497221711155	-0.00010041194497148245
ZNF410	-0.9312226516837984	-0.005251164532844939
ZNF414	-1.0859797937649125	-0.0005538496948201055
ZNF416	-0.2499811592789	-0.00022473306219173109
ZNF417	0.1596943595309677	0.0007428981605380617
ZNF418	-0.1984134480352062	-0.0003190488244406116
ZNF419	-0.7913061998580473	-0.0007374973782677001
ZNF420	0.1886786840330842	0.00013924486881641615
ZNF423	-0.1220603038010309	-0.0025128554743518235
ZNF425	-0.7456951165061848	-0.0041184741284636586
ZNF426	-0.2041913610491506	-0.000248092503674718
ZNF428	-1.046206651814766	-0.004728854066202741
ZNF429	-1.0472739804493016	-0.0005822843331298117
ZNF43	-0.7217865401675625	-0.0004200797663775214
ZNF430	-0.123971387656641	-6.644866378395957e-05
ZNF431	-0.0102266126572863	-5.624636961507465e-06
ZNF432	-0.1591238493065771	-0.0005048999738497692
ZNF433	-0.2313483243251038	-0.000942513073300473
ZNF436	0.0245854865656031	1.3669530530475322e-05
ZNF438	0.1746457914241139	0.00026057152080477796
ZNF439	-0.354740274818184	-0.00037247728855909314
ZNF44	0.022649161050138	0.00021224528820084322
ZNF441	-0.2735549971568521	-0.00016495366328558183
ZNF442	-0.5659266360694702	-0.0016655220899524509
ZNF443	0.4281333171502142	0.000815593969171158
ZNF444	-0.1569207476330363	-0.0008024927033953475
ZNF445	-0.8734518772904799	-0.002300672244783124
ZNF446	-0.418624257257278	-0.0008066889437347746
ZNF449	-0.0008750025453009	-1.8471303731301998e-06
ZNF45	-0.7062635313329354	-0.0005530043450336884
ZNF451	-1.0361646939923648	-0.044448356878190466
ZNF454	-0.5344367382175688	-0.0003094388714279723
ZNF460	-0.7954135898406512	-0.014793101943856432
ZNF461	0.1745137859742913	0.0003179641180451587
ZNF462	0.1686825550978319	0.002698414833900017
ZNF467	-0.671046761688683	-0.0005891790567626637
ZNF468	-0.1784236900194387	-9.759775844063296e-05
ZNF470	-0.1554360283356654	-0.00011160306834500775
ZNF471	0.7149982110001583	0.0005484036278371214
ZNF473	-0.0461072825396056	-4.0297764939615296e-05
ZNF474	0.7551509117147064	0.0003889027195330738
ZNF48	-0.4283332018242359	-0.00033452823062472825
ZNF480	-0.051350085560746	-2.8242547058410302e-05
ZNF483	-0.7538347876836711	-0.0008103723967599464
ZNF484	-0.8144273968652712	-0.0009317049420138703
ZNF485	-0.9867684318715306	-0.0005910742906910469
ZNF488	-0.1683472920650902	-0.0005250752039510163
ZNF490	-0.5277983185799408	-0.0003256515625638235
ZNF491	-0.3429271339550275	-0.00019478261208645564
ZNF493	0.3324270504459199	0.0007449690200493065
ZNF496	0.3535355363092543	0.0011146975459830786
ZNF497	-0.1156013867647878	-5.7338287835334755e-05
ZNF500	0.2934605512884111	0.0004657218948947084
ZNF501	-0.5167965209473626	-0.0006263573833882035
ZNF502	-0.0629623770738014	-3.381079648863135e-05
ZNF503	0.1590605091473892	0.0011791155543095962
ZNF507	-0.6613639181261889	-0.0005833229757872986
ZNF510	-0.1403425221431772	-0.000818196904094723
ZNF511	-1.0268689700817648	-0.02032379065585829
ZNF512	-0.5982915622166103	-0.0012109421219264193
ZNF512B	-0.2341880036540252	-0.0065195598337244075
ZNF513	-0.946946662226472	-0.0005530168507402596
ZNF514	-0.7943634186107424	-0.0005290460367947544
ZNF517	-0.0555777656245128	-5.085365554642921e-05
ZNF518A	-0.1896425967146301	-0.0002960320934715376
ZNF518B	-0.7892811012374844	-0.013183362233969702
ZNF519	-0.0436624385387466	-2.375236656507815e-05
ZNF521	0.0211005046580697	0.0004857547177334225
ZNF524	-1.776404038492489	-0.0013287502207923818
ZNF526	-0.7704312598246841	-0.0045131863200529995
ZNF528	-0.6253119801011715	-0.0003989490433045474
ZNF529	-0.4766934322606113	-0.0002545542928271664
ZNF530	0.8603253338940877	0.0011803663581026883
ZNF532	-0.3739927800258456	-0.012039201581811994
ZNF536	0.3720913304286503	0.0013090173004479916
ZNF540	-0.6322624162626032	-0.0008902254820977452
ZNF543	-0.5854324353704541	-0.0006141186247036063
ZNF544	-0.204132819548938	-0.00027639583766926205
ZNF546	-0.368563556171248	-0.0005369971013415083
ZNF547	-0.2956911297003002	-0.00030012649664580473
ZNF548	-0.7453224513146659	-0.0005016020097347701
ZNF549	-0.15233411562452	-0.00042546918493928436
ZNF550	-0.5478127436083616	-0.0003051316981898574
ZNF551	-0.2870671417895573	-0.001813690201826423
ZNF552	0.190982657427683	0.00032524346559934414
ZNF554	-0.1697970032984834	-8.982261474489771e-05
ZNF555	-0.358929283733872	-0.000819076625480696
ZNF556	-0.3316207651353369	-0.00020394677055823217
ZNF557	-0.3646554257222305	-0.00018743288882122646
ZNF558	-0.3513912063430332	-0.0002052124645043314
ZNF559	-0.6589524397979765	-0.0019663140803571617
ZNF560	-0.0324840753634827	-2.790382073723164e-05
ZNF561	0.4241975502098961	0.00030669482880175486
ZNF562	-0.4649015587915946	-0.0003598338065046942
ZNF563	-0.2893990838449035	-0.00015714370252778258
ZNF564	-0.3460323087866149	-0.0002467210361648564
ZNF566	-0.6105873898404697	-0.0007400319164866492
ZNF567	-0.1752944412355782	-0.001313656542619423
ZNF568	-0.2633530462007707	-0.0003555266123710405
ZNF569	-1.3074342697370032	-0.0011963023568093579
ZNF57	-0.1345863830847081	-0.00011587887583593368
ZNF570	-0.7487738895855507	-0.0003901111964740719
ZNF571	-0.2436569333562526	-0.00047415639231126756
ZNF572	-0.902231207316064	-0.0004772803086701978
ZNF573	-0.9233613372961388	-0.0018236386411598744
ZNF574	-0.8148045908041202	-0.01608261301329172
ZNF575	0.1969037887418634	0.00010238997014576896
ZNF576	-0.720811104928473	-0.005317423521057346
ZNF577	-0.050370397447993	-4.6743728831737505e-05
ZNF579	-0.43720451970437	-0.00043239526998762196
ZNF580	-0.3876329217513014	-0.00024188294317281205
ZNF581	-0.379851290260107	-0.0002488025951203701
ZNF582	-0.0665333887457839	-6.174298475608747e-05
ZNF583	-0.7658263653802951	-0.0005674773367467987
ZNF584	-0.4927440628027909	-0.0008918667536730515
ZNF585A	-0.8489721001453716	-0.003954512042477141
ZNF585B	-0.1356925672547227	-0.00043693006656020714
ZNF586	-0.9377259530110342	-0.001857635112914859
ZNF587	-0.1870993005119135	-0.0010135169108730355
ZNF589	-0.1826069599854686	-0.00019429380542453862
ZNF592	-0.911901304744348	-0.013759678787287467
ZNF593	-0.0767336534809432	-3.1230596966743884e-05
ZNF595	-0.6667168022077214	-0.0006447151477348666
ZNF596	-0.723162709085267	-0.0003919541883242147
ZNF597	0.2995597495683894	0.0045293434134740474
ZNF598	-0.0437374211321089	-0.0013194705207134612
ZNF599	-0.0641255266005417	-3.661567568890931e-05
ZNF600	-0.0301123869756457	-1.6712374771483366e-05
ZNF606	-0.0244888047778214	-2.698666286515918e-05
ZNF607	-0.3081056909595107	-0.0007582481054513558
ZNF608	0.7588590050397997	0.02065234782215815
ZNF609	-0.6654124363108903	-0.017717936941650077
ZNF610	-0.3611591619857499	-0.0002018879715500342
ZNF611	-0.8268219525474214	-0.0004564057178061766
ZNF613	-0.5953168647201498	-0.002317568554355543
ZNF614	-0.6803946541940915	-0.0005191411211500918
ZNF615	-1.0863339004911825	-0.011065397110403186
ZNF616	-0.6769837903089904	-0.00036760219813778176
ZNF618	-0.6839751173226505	-0.02040160979950002
ZNF619	-1.2494231443358417	-0.000828367544694663
ZNF620	0.4047774727305542	0.0005743792338046564
ZNF621	-0.3237628640785401	-0.0003036895665056706
ZNF622	-0.8251212818693239	-0.0005115751947589808
ZNF623	-0.6081253933036906	-0.00031440082833800805
ZNF624	-0.4279706358359418	-0.00032012203560528445
ZNF626	-0.2288786854564992	-0.0001952335186943938
ZNF627	0.0379165771243957	4.8533218719226505e-05
ZNF628	0.1860994962877821	0.0016752676655826144
ZNF629	-0.7668480731273584	-0.00245007959364191
ZNF630	-0.1713583902952627	-9.236217236914659e-05
ZNF638	1.0856003605992706	0.024170892028742758
ZNF639	0.394669315608164	0.008460526118692212
ZNF641	-0.5856391979491811	-0.0003420132916023217
ZNF644	-0.2466985528571188	-0.00013371061564855838
ZNF646	-0.1268150480720185	-0.0034402386240977175
ZNF648	-0.2560991052736018	-0.00017952547279679487
ZNF649	-0.8338698689272682	-0.003630669409309326
ZNF652	-0.1858431840203691	-0.0033704519853934136
ZNF653	-0.2827440574452078	-0.0021497030687559152
ZNF654	-0.8547534029755368	-0.015469327087051265
ZNF658	0.1210361822530957	0.00013289772811389907
ZNF660	-0.3633020367753509	-0.00038001393046701703
ZNF662	-0.5118327091276949	-0.000308635123604
ZNF664	-0.2097237096883384	-0.00010234517032790914
ZNF665	-0.4362176256011094	-0.00023991969408061018
ZNF667	-0.5158124701843985	-0.0017558256485076923
ZNF668	-1.0538928925908104	-0.02901261744013242
ZNF669	0.2054844111578945	0.0001241125843393683
ZNF670	-1.7294726853435152	-0.0017018011223780191
ZNF671	-0.6037956454391347	-0.0003212192833736197
ZNF672	1.3797824588610932	0.0007588803523736013
ZNF674	-0.4566892302561206	-0.00036763483035617714
ZNF675	-0.309043127865363	-0.00016997372032594965
ZNF676	-1.0323353061889176	-0.0005440407063615596
ZNF677	-0.4785488973664383	-0.0025889495347524312
ZNF678	-1.528869095065422	-0.0008638110387119634
ZNF681	-0.3139275813896436	-0.00018082228688043472
ZNF682	-1.2019231581153005	-0.0006490385053822623
ZNF683	-0.1331664386415247	-7.896769811442414e-05
ZNF684	-0.0829095671892696	-4.634644805880171e-05
ZNF687	-1.3258289727344292	-0.028460244728717256
ZNF688	-1.169921857643328	-0.0011640722483551114
ZNF689	-0.6447854899876795	-0.015131825879030862
ZNF69	-1.2675415593028867	-0.0008289721797840879
ZNF691	0.1461431030928565	6.912568776292112e-05
ZNF692	0.1531703032499481	9.26680334662186e-05
ZNF695	-0.3276999994804452	-0.00017957959971528397
ZNF696	-0.4397182237771296	-0.00020227038293747963
ZNF697	-1.457406087409578	-0.0039000186899080308
ZNF699	-0.1891217600675367	-0.0001618882266178114
ZNF7	-0.277566643218915	-0.00026896207727912866
ZNF70	-0.8844277110527606	-0.00046786225914691035
ZNF701	0.2617520857332123	0.00014239313463886748
ZNF703	-0.2040420953361668	-0.004835185533181145
ZNF704	0.2362001574981215	0.0016867053246940856
ZNF705A	-0.628963874594662	-0.00042077683210382886
ZNF706	-0.9071604901951508	-0.005467456274406174
ZNF707	-0.2663034292996174	-0.000259645843567127
ZNF708	0.4906903048778786	0.00026251931310966505
ZNF709	-0.5852383690560274	-0.0008216746701546626
ZNF71	0.5742086473593164	0.0019115405870591643
ZNF710	-0.48458688240792	-0.0036581463752973884
ZNF711	-0.6298844896720561	-0.003629394429490387
ZNF713	-0.7960876418498986	-0.0006416466393310182
ZNF714	-0.2654967379229668	-0.0001454922123817858
ZNF717	-0.7107126506468591	-0.0011037367464545721
ZNF718	-0.1189871011907729	-6.520493145254355e-05
ZNF74	-0.6184370378181918	-0.00032035038558982337
ZNF740	-0.5680641419844155	-0.007881889970033765
ZNF746	-0.6782321833471816	-0.007969228154329384
ZNF747	-0.4516264724049131	-0.00045433623123934257
ZNF749	-0.0579071138768834	-5.396943013325533e-05
ZNF750	-0.4823600340140211	-0.001785214485885892
ZNF75A	0.6870985117698417	0.0011831836372676674
ZNF75D	-0.2907708935415956	-0.00022127664998515423
ZNF76	-0.2121612539121572	-0.0014047196621523928
ZNF761	-1.3068020517586738	-0.005497716231748741
ZNF763	-0.747307153401646	-0.0003960727913028724
ZNF764	-0.6936845026720706	-0.0003627969948974929
ZNF765	-0.1232894720789609	-6.645302545055992e-05
ZNF766	-0.72518744176989	-0.0004111812794835277
ZNF768	-0.9050359816344928	-0.02516543050532871
ZNF77	-1.966603182384737	-0.001205527750801844
ZNF770	-1.2359127252246425	-0.0036768403575433116
ZNF771	-0.5610624340975416	-0.0004196747007049611
ZNF772	-0.3999127120425986	-0.0003691194332153185
ZNF773	-0.5007712308072358	-0.0016500412055098423
ZNF774	-0.4246864260614739	-0.00030619891319032266
ZNF775	-0.361552239906725	-0.0002021077021078593
ZNF776	-0.0516655735468855	-0.00017447464186783233
ZNF777	0.0497728102542653	0.0008714721347419311
ZNF780A	0.2084006430589749	0.0005418416719533347
ZNF780B	-0.6846448238345542	-0.0018807193310735203
ZNF782	0.1319925731959313	0.0005122631765734093
ZNF784	0.0527138367615441	3.0046886954080135e-05
ZNF785	-0.0981788986392237	-0.00039026112209091424
ZNF786	0.2249139425206257	0.003094590935141289
ZNF787	-0.2845067054606625	-0.0018046260327369821
ZNF79	1.18581919463855	0.0006854034945010818
ZNF790	-0.2799046188760508	-0.00023931844913902342
ZNF791	-0.1481026532686412	-0.0001503241930676708
ZNF792	0.5409380031149195	0.000288860893663367
ZNF793	0.2998184667842055	0.0002134707483503543
ZNF8	-0.3031961546716718	-0.00026741900842041456
ZNF80	-0.261759904743162	-0.00023689271379256162
ZNF800	0.0309110399916357	0.00010590122301134389
ZNF804A	0.0376920713030556	0.0003181964659403954
ZNF804B	-0.4509400519815248	-0.0003368522188301991
ZNF81	-0.242005901230845	-0.0001505276705655856
ZNF813	-1.1128395278686585	-0.0006120617403277622
ZNF816	-0.544977285053867	-0.00030682221148532713
ZNF821	0.1500668150317096	0.0014575989744029952
ZNF823	-0.6291187121753539	-0.0031940357017142713
ZNF827	-0.2648626168671845	-0.005679978818716771
ZNF829	-1.009696258905049	-0.0013499638981560506
ZNF83	-1.110436477942305	-0.000651826212552133
ZNF830	0.0250997925277329	1.194750124320086e-05
ZNF831	-0.7818759662692943	-0.0045997763095622585
ZNF835	0.0929316272567084	6.52380023342093e-05
ZNF839	-0.1463645608370532	-0.0011013933202988254
ZNF84	-1.2126247332961424	-0.004906279670916192
ZNF844	-0.2318547360414349	-0.00040249982176793095
ZNF846	0.0247624629211023	2.3400527460441673e-05
ZNF85	0.8752390972120914	0.0004752548297861656
ZNF875	0.1366862758212729	0.00025218617889024854
ZNF878	-0.2302141975307806	-0.00020212806543202537
ZNF90	0.2359270320671963	0.00012810837841248758
ZNF91	-0.690523726476346	-0.00042052894942409466
ZNF92	-0.2174767864531152	-0.00011939475576276024
ZNF93	-0.4505509225689791	-0.0002392425398841279
ZNF99	-0.9301499922630174	-0.0005078618957756075
ZNFX1	-1.6503552576362748	-0.10588514297468574
ZNG1A	0.0489606836663841	0.0003692614762118689
ZNG1C	-0.1096932121472528	-0.0006185600232983586
ZNG1E	0.0086294410357369	7.775126373198948e-05
ZNG1F	-0.2236506690761638	-0.0016997450849788448
ZNHIT1	0.2993288192043502	0.009189095420754348
ZNHIT2	-0.9813054791886582	-0.0021009750309429172
ZNHIT3	-0.8844803397975273	-0.1870375195356239
ZNHIT6	0.2832934758168764	0.0002090705851528548
ZNRD2	-0.2788699072223815	-0.007456423579312036
ZNRF1	0.1924688862355813	0.005425120496322331
ZNRF2	0.2158196568788252	0.00578698827954882
ZNRF3	0.1052049378863755	0.003419370891182977
ZNRF4	0.7196135151533958	0.000752715736850452
ZP1	-0.8590526237666503	-0.020588914233815307
ZP2	-0.3982408514104343	-0.0061265372580981215
ZP3	-0.4990309751090374	-0.006209941454256861
ZP4	-0.5421348139411234	-0.00575747172405473
ZPBP	0.2706268728853054	0.0021652856099553283
ZPBP2	0.1153356030597736	0.0009516340608461919
ZPLD1	-0.2309301851762085	-0.0018465177606689631
ZPR1	-0.3905069295636707	-0.03335671141639919
ZRANB1	0.221726724123811	0.005797045202217039
ZRANB2	-0.1560280205113497	-7.021260923010736e-05
ZRANB3	0.123392071868915	0.0036770837416936672
ZRSR2	-0.5221710825852487	-0.0002992040303213475
ZSCAN1	-0.9473341133053296	-0.0014778412167563142
ZSCAN10	0.1735642399294733	0.004095595369615782
ZSCAN16	-0.7980095455343669	-0.003032436273030594
ZSCAN18	-0.7431700815296418	-0.003931369731291805
ZSCAN20	-0.1686990900201327	-0.0005104834464009216
ZSCAN21	-0.5451557462333911	-0.001262580708276534
ZSCAN22	-0.2165871010458575	-0.00011652386036267132
ZSCAN23	-0.978533525586902	-0.0005333007714448616
ZSCAN26	-0.2453072914842709	-0.00019281153110663695
ZSCAN29	0.0599265879942628	5.2255984730997164e-05
ZSCAN31	-0.8859691670516955	-0.0004243792310177621
ZSCAN32	0.2267184504021262	0.0006554430401125469
ZSCAN4	-0.4421936554253988	-0.0005770627203301454
ZSCAN5A	-1.2482084829629	-0.0006715361638340402
ZSCAN5B	1.0570406320608574	0.0005877145914258367
ZSCAN9	-0.7215070195803388	-0.008747551105392028
ZSWIM1	-0.9739326855109932	-0.007615179668010456
ZSWIM2	-0.8531527242417356	-0.003408345133345734
ZSWIM3	-0.3395255354983076	-0.0010824074071686047
ZSWIM4	-1.0399487592623298	-0.07224524030595406
ZSWIM7	-0.2316984052771573	-0.0003317921163568892
ZSWIM8	-0.6798658446641999	-0.02739043514983128
ZUP1	0.6247490621262507	0.0009708600425441936
ZW10	-0.3270529023048191	-0.0699831070880875
ZWILCH	0.1728005982979746	0.0455073831629682
ZWINT	0.2166453623574287	0.021902629488973684
ZXDA	0.1489973227599181	9.014338026975044e-05
ZXDB	-0.711250926643952	-0.0003748292383413627
ZXDC	0.0593307287795407	0.0008134836222962825
ZYG11B	-0.8148048919070182	-0.030600812520459975
ZYX	0.1407020161095173	0.004114971163138943
ZZEF1	-0.096191500587982	-0.005260328401154383
ZZZ3	-0.1115898645847746	-0.0034676550419718705
