gene	logit	probability
A1BG	-2.732090	0.061106
A1CF	-5.262145	0.005157
A2M	-3.490399	0.029587
A2ML1	-3.579942	0.027121
A4GALT	-5.118528	0.005949
A4GNT	-5.211285	0.005425
AAAS	-3.632235	0.025775
AACS	-3.966852	0.018581
AADAC	-5.779235	0.003082
AADACL2	-6.230136	0.001965
AADACL4	-7.473248	0.000568
AADAT	-5.887535	0.002766
AAGAB	-4.515170	0.010823
AAK1	-3.467260	0.030258
AAMDC	-4.871341	0.007605
AAMP	-7.415015	0.000602
AANAT	-3.519689	0.028757
AAR2	-3.126601	0.042023
AARD	-6.374492	0.001702
AARS1	-0.939305	0.281041
AARS2	-6.925044	0.000982
AARSD1	-5.011866	0.006614
AASDH	-4.829800	0.007925
AASDHPPT	-5.278117	0.005076
AASS	-4.343012	0.012831
AATF	-7.211627	0.000737
AATK	-3.835888	0.021126
ABAT	-2.399329	0.083224
ABCA1	-3.779428	0.022326
ABCA10	-4.846588	0.007794
ABCA12	-3.695190	0.024241
ABCA13	-3.475203	0.030026
ABCA2	-3.812185	0.021622
ABCA3	-3.746357	0.023059
ABCA4	-4.158959	0.015383
ABCA5	-5.030668	0.006492
ABCA6	-4.877383	0.007559
ABCA7	-4.191755	0.014895
ABCA8	-4.724112	0.008800
ABCA9	-4.829549	0.007927
ABCB1	-4.246343	0.014114
ABCB10	-5.042181	0.006418
ABCB11	-4.258445	0.013947
ABCB4	-3.975253	0.018429
ABCB5	-3.843830	0.020963
ABCB6	-4.715502	0.008876
ABCB7	-2.816453	0.056442
ABCB8	-4.596298	0.009988
ABCB9	-4.984779	0.006795
ABCC1	-3.764599	0.022652
ABCC10	-4.194485	0.014855
ABCC11	-4.292325	0.013489
ABCC12	-3.703789	0.024038
ABCC2	-3.748749	0.023005
ABCC3	-4.273715	0.013739
ABCC4	-4.340657	0.012860
ABCC5	-3.832116	0.021204
ABCC6	-3.718889	0.023686
ABCC8	-3.368513	0.033294
ABCC9	-4.496122	0.011029
ABCD1	-4.035196	0.017375
ABCD2	-4.726095	0.008783
ABCD3	-5.238330	0.005281
ABCD4	-3.694557	0.024256
ABCE1	-7.336946	0.000651
ABCF1	-5.127215	0.005898
ABCF2	-7.477079	0.000566
ABCF3	-7.342922	0.000647
ABCG1	-4.794778	0.008205
ABCG2	-4.759650	0.008496
ABCG4	-4.999072	0.006699
ABCG5	-3.519457	0.028764
ABCG8	-4.735537	0.008701
ABHD1	-6.058197	0.002333
ABHD10	-2.220816	0.097897
ABHD12	-4.539017	0.010571
ABHD12B	-6.197772	0.002030
ABHD13	-5.501649	0.004063
ABHD14A	-4.725775	0.008786
ABHD14B	-5.724240	0.003255
ABHD15	-7.137336	0.000794
ABHD16A	-3.858270	0.020668
ABHD16B	-7.130009	0.000800
ABHD17A	-5.405191	0.004473
ABHD17B	-6.315789	0.001804
ABHD17C	-5.042349	0.006417
ABHD18	-7.083527	0.000838
ABHD2	-6.826942	0.001083
ABHD3	-5.058286	0.006316
ABHD4	-5.188245	0.005551
ABHD5	-5.076723	0.006202
ABHD6	-4.427805	0.011800
ABHD8	-7.016357	0.000896
ABI1	-3.290878	0.035885
ABI2	-2.206791	0.099142
ABI3	-2.517296	0.074655
ABI3BP	-3.317771	0.034967
ABITRAM	-4.730213	0.008747
ABL1	-2.776720	0.058595
ABL2	-2.468681	0.078083
ABLIM1	-3.792637	0.022039
ABLIM2	-4.011673	0.017781
ABLIM3	-4.107837	0.016177
ABO	-5.246655	0.005238
ABR	-3.693299	0.024285
ABRA	-4.843320	0.007819
ABRAXAS1	-3.041815	0.045572
ABRAXAS2	-1.417335	0.195080
ABT1	-7.703444	0.000451
ABTB1	-3.565792	0.027497
ABTB2	-3.415673	0.031809
ABTB3	-3.595117	0.026724
ACAA1	-3.262557	0.036878
ACAA2	-1.929688	0.126785
ACACA	-2.195482	0.100157
ACACB	-3.696169	0.024217
ACAD10	-4.058242	0.016986
ACAD11	-5.877062	0.002795
ACAD8	-3.690481	0.024352
ACAD9	-3.376646	0.033033
ACADL	-6.422252	0.001622
ACADM	-3.529914	0.028473
ACADS	-2.342632	0.087653
ACADSB	-3.866747	0.020497
ACADVL	-4.138765	0.015692
ACAN	-3.144974	0.041290
ACAP1	-1.964953	0.122932
ACAP2	-1.713939	0.152653
ACAP3	-2.575892	0.070706
ACAT1	-3.161852	0.040627
ACAT2	-3.082440	0.043837
ACBD3	-5.042042	0.006419
ACBD4	-4.503056	0.010954
ACBD5	-6.117144	0.002200
ACBD6	-7.011051	0.000901
ACBD7	-5.150713	0.005762
ACCS	-5.898852	0.002735
ACCSL	-4.542972	0.010530
ACD	1.510329	0.819110
ACE	-4.920022	0.007246
ACE2	-4.067750	0.016828
ACER1	-4.735643	0.008700
ACER2	-4.709215	0.008931
ACER3	-3.705614	0.023995
ACHE	-3.607767	0.026397
ACIN1	-4.540334	0.010557
ACKR1	-3.602007	0.026545
ACKR2	-3.268489	0.036668
ACKR3	-3.314386	0.035081
ACKR4	-3.502584	0.029239
ACKR5	-4.161468	0.015346
ACLY	-5.039453	0.006436
ACMSD	-7.130705	0.000800
ACO1	-5.825348	0.002943
ACO2	-3.950677	0.018878
ACOT1	-7.025712	0.000888
ACOT11	-6.878196	0.001029
ACOT12	-6.252789	0.001921
ACOT13	-4.708564	0.008937
ACOT2	-6.218403	0.001988
ACOT4	-7.532279	0.000535
ACOT6	-7.003606	0.000908
ACOT7	-3.711238	0.023864
ACOT8	-5.720467	0.003267
ACOT9	-2.832675	0.055584
ACOX1	-3.487144	0.029680
ACOX2	-4.066259	0.016853
ACOX3	-5.123619	0.005919
ACOXL	-4.804852	0.008123
ACP1	-5.097727	0.006074
ACP2	-4.497377	0.011015
ACP3	-5.237114	0.005287
ACP4	-5.301936	0.004957
ACP5	-4.790756	0.008238
ACP6	-4.618936	0.009767
ACP7	-5.501504	0.004064
ACR	-3.956695	0.018767
ACRBP	-4.907303	0.007338
ACRV1	-4.490301	0.011093
ACSBG1	-3.732139	0.023382
ACSBG2	-3.788874	0.022121
ACSF2	-5.429837	0.004365
ACSF3	-5.506599	0.004043
ACSL1	-4.409950	0.012010
ACSL3	-4.130845	0.015815
ACSL4	-4.327088	0.013034
ACSL5	-3.711542	0.023857
ACSL6	-3.719827	0.023665
ACSM1	-5.329277	0.004824
ACSM2A	-5.632028	0.003569
ACSM2B	-5.772548	0.003102
ACSM3	-5.428953	0.004369
ACSM5	-5.751713	0.003167
ACSM6	-6.000155	0.002472
ACSS1	-5.107855	0.006013
ACSS2	-3.612032	0.026287
ACSS3	-5.659946	0.003471
ACTA1	-2.250759	0.095284
ACTA2	-1.408798	0.196424
ACTB	-0.944990	0.279894
ACTBL2	-1.291295	0.215634
ACTC1	-1.366304	0.203218
ACTG1	-0.973956	0.274093
ACTG2	-1.632578	0.163477
ACTL10	-5.435579	0.004340
ACTL6A	-1.430023	0.193095
ACTL6B	-2.624459	0.067581
ACTL7A	-2.510408	0.075132
ACTL7B	-4.326115	0.013046
ACTL8	-5.434449	0.004345
ACTL9	-4.357303	0.012651
ACTMAP	-6.033213	0.002392
ACTN1	-1.675563	0.157684
ACTN2	-2.329331	0.088723
ACTN3	-3.305423	0.035386
ACTN4	-2.421313	0.081562
ACTR10	-1.890267	0.131214
ACTR1A	-2.079455	0.111110
ACTR1B	-2.248883	0.095446
ACTR2	-2.422722	0.081456
ACTR3	-3.238917	0.037727
ACTR3B	-2.306488	0.090587
ACTR5	-3.382577	0.032844
ACTR6	-1.919805	0.127883
ACTRT1	-3.483746	0.029778
ACTRT2	-4.047501	0.017166
ACTRT3	-4.422928	0.011857
ACVR1	-3.143590	0.041345
ACVR1B	-2.959334	0.049297
ACVR1C	-3.114752	0.042503
ACVR2A	-2.858968	0.054220
ACVR2B	-2.518344	0.074582
ACVRL1	-3.165736	0.040476
ACY1	-6.208063	0.002009
ACY3	-5.513292	0.004017
ACYP1	-5.494083	0.004094
ACYP2	-6.692961	0.001238
ADA	-5.404263	0.004477
ADA2	-5.373478	0.004617
ADAD1	-4.732303	0.008729
ADAD2	-5.595381	0.003701
ADAM10	-3.709485	0.023905
ADAM11	-4.133267	0.015777
ADAM12	-3.577918	0.027175
ADAM15	-3.713337	0.023815
ADAM17	-3.669905	0.024846
ADAM18	-3.931275	0.019241
ADAM19	-3.581982	0.027067
ADAM2	-3.868692	0.020458
ADAM20	-3.634462	0.025719
ADAM21	-4.294004	0.013466
ADAM22	-3.707882	0.023942
ADAM23	-3.533028	0.028387
ADAM28	-3.470042	0.030177
ADAM29	-3.841116	0.021018
ADAM30	-4.611930	0.009835
ADAM32	-3.867523	0.020482
ADAM33	-3.623752	0.025989
ADAM7	-3.610453	0.026328
ADAM8	-3.525838	0.028586
ADAM9	-3.639622	0.025590
ADAMDEC1	-4.834141	0.007891
ADAMTS1	-3.606061	0.026441
ADAMTS10	-3.725097	0.023543
ADAMTS12	-3.265752	0.036765
ADAMTS13	-3.969402	0.018535
ADAMTS14	-3.639929	0.025583
ADAMTS15	-4.037814	0.017330
ADAMTS16	-4.414871	0.011952
ADAMTS17	-3.666610	0.024926
ADAMTS18	-3.559857	0.027656
ADAMTS19	-4.231726	0.014319
ADAMTS2	-3.419378	0.031695
ADAMTS20	-4.026547	0.017523
ADAMTS3	-3.545192	0.028053
ADAMTS4	-4.573127	0.010220
ADAMTS5	-3.654418	0.025224
ADAMTS6	-3.700922	0.024105
ADAMTS7	-3.654669	0.025218
ADAMTS8	-4.671655	0.009270
ADAMTS9	-3.533551	0.028373
ADAMTSL1	-3.510909	0.029003
ADAMTSL2	-3.711111	0.023867
ADAMTSL3	-3.877457	0.020283
ADAMTSL4	-3.774352	0.022437
ADAMTSL5	-4.028335	0.017493
ADAP1	-6.503978	0.001495
ADAP2	-6.629482	0.001319
ADAR	-3.496125	0.029423
ADARB1	-3.338749	0.034266
ADARB2	-3.312462	0.035146
ADAT1	-5.506327	0.004045
ADAT2	-3.134826	0.041693
ADAT3	-1.850311	0.135836
ADCK1	-5.660825	0.003468
ADCK2	-4.834042	0.007892
ADCK5	-4.676720	0.009224
ADCY1	-3.616900	0.026163
ADCY10	-7.401021	0.000610
ADCY2	-3.712065	0.023845
ADCY3	-3.670349	0.024835
ADCY4	-3.662960	0.025015
ADCY5	-3.628259	0.025875
ADCY6	-3.900064	0.019839
ADCY7	-3.692384	0.024307
ADCY8	-3.670757	0.024825
ADCY9	-3.357755	0.033642
ADCYAP1	-3.323650	0.034769
ADCYAP1R1	-3.627145	0.025903
ADD1	-2.870335	0.053640
ADD2	-3.244207	0.037536
ADD3	-4.527152	0.010696
ADGRA1	-4.286834	0.013562
ADGRA2	-3.643650	0.025490
ADGRA3	-3.630972	0.025807
ADGRB1	-3.453110	0.030676
ADGRB2	-3.415094	0.031827
ADGRB3	-3.527269	0.028546
ADGRD1	-3.599246	0.026617
ADGRD2	-3.314890	0.035064
ADGRE1	-3.429991	0.031371
ADGRE2	-3.400304	0.032286
ADGRE3	-3.570226	0.027379
ADGRE5	-3.145993	0.041249
ADGRF1	-3.556774	0.027739
ADGRF3	-2.955597	0.049473
ADGRF4	-3.278865	0.036303
ADGRF5	-3.312015	0.035161
ADGRG1	-3.230626	0.038029
ADGRG2	-3.479131	0.029912
ADGRG3	-4.331942	0.012972
ADGRG4	-5.613765	0.003634
ADGRG5	-4.312373	0.013224
ADGRG6	-3.339538	0.034239
ADGRG7	-3.518896	0.028779
ADGRL1	-3.632164	0.025777
ADGRL2	-3.654238	0.025228
ADGRL3	-3.619552	0.026095
ADGRL4	-3.384516	0.032783
ADGRV1	-3.428163	0.031427
ADH1A	-4.732296	0.008729
ADH1B	-4.877934	0.007555
ADH1C	-4.863489	0.007664
ADH4	-5.663675	0.003458
ADH5	-5.476755	0.004165
ADH6	-6.982174	0.000927
ADH7	-6.047539	0.002358
ADHFE1	-5.793726	0.003037
ADI1	-3.584355	0.027005
ADIG	-6.353924	0.001737
ADIPOQ	-4.792885	0.008220
ADIPOR1	-5.057038	0.006324
ADIPOR2	-4.050007	0.017124
ADISSP	-4.023049	0.017584
ADK	-2.265301	0.094038
ADM	-3.555490	0.027774
ADM2	-3.606733	0.026423
ADNP	-3.589156	0.026879
ADNP2	-4.117577	0.016023
ADO	-5.204694	0.005461
ADORA1	-3.723716	0.023575
ADORA2A	-3.376058	0.033052
ADORA2B	-3.398669	0.032337
ADORA3	-3.443302	0.030969
ADPGK	-6.761915	0.001156
ADPRH	-5.740535	0.003203
ADPRHL1	-5.214926	0.005405
ADPRM	-6.426548	0.001615
ADPRS	-4.936389	0.007129
ADRA1A	-3.539406	0.028212
ADRA1B	-3.592135	0.026801
ADRA1D	-3.681437	0.024568
ADRA2A	-3.456672	0.030571
ADRA2B	-3.425991	0.031493
ADRA2C	-3.461298	0.030434
ADRB1	-4.160899	0.015354
ADRB2	-3.630468	0.025819
ADRB3	-3.537016	0.028277
ADRM1	-1.606448	0.167082
ADSL	-5.121573	0.005931
ADSS1	-5.913615	0.002695
ADSS2	-5.840848	0.002898
ADTRP	-6.260393	0.001907
AEBP1	-3.505442	0.029158
AEBP2	-3.084587	0.043748
AEN	-7.453314	0.000579
AFAP1	-3.661744	0.025044
AFAP1L1	-4.371328	0.012477
AFAP1L2	-3.973395	0.018462
AFDN	-3.473121	0.030087
AFF1	-3.804430	0.021787
AFF2	-3.480664	0.029867
AFF3	-4.546151	0.010497
AFF4	-4.002711	0.017938
AFG1L	-3.330158	0.034551
AFG2A	-2.430579	0.080870
AFG2B	-2.163878	0.103041
AFG3L2	-3.101446	0.043048
AFM	-6.648927	0.001294
AFMID	-6.448871	0.001580
AFP	-5.672024	0.003429
AFTPH	-3.491050	0.029568
AGA	-7.278467	0.000690
AGAP1	-3.796605	0.021954
AGAP2	-4.617919	0.009777
AGAP3	-4.088339	0.016491
AGAP4	-7.157058	0.000779
AGAP6	-7.342619	0.000647
AGBL1	-3.805647	0.021761
AGBL2	-5.659538	0.003472
AGBL3	-6.874163	0.001033
AGBL4	-6.727566	0.001196
AGBL5	-7.414205	0.000602
AGER	-3.169576	0.040327
AGFG1	-2.141731	0.105107
AGFG2	-2.491666	0.076444
AGGF1	-7.505712	0.000550
AGK	-2.849939	0.054684
AGL	-5.578189	0.003765
AGMAT	-3.515630	0.028871
AGMO	-5.435313	0.004341
AGO1	-2.837367	0.055338
AGO2	-2.709321	0.062426
AGO3	-2.485700	0.076867
AGO4	-2.380480	0.084673
AGPAT1	-5.435742	0.004339
AGPAT2	-3.906673	0.019711
AGPAT3	-1.893979	0.130791
AGPAT4	-3.299053	0.035604
AGPAT5	-3.556981	0.027734
AGPS	-5.569056	0.003800
AGR2	-4.405241	0.012066
AGR3	-5.701662	0.003329
AGRN	-3.392943	0.032517
AGRP	-3.452162	0.030704
AGT	-3.591492	0.026818
AGTPBP1	-3.432927	0.031282
AGTR1	-3.140031	0.041486
AGTR2	-3.494016	0.029483
AGTRAP	-3.043539	0.045497
AGXT	-5.652425	0.003497
AGXT2	-5.450096	0.004278
AHCTF1	-1.250523	0.222610
AHCY	-4.687556	0.009125
AHCYL1	-2.520538	0.074431
AHCYL2	-1.199847	0.231502
AHDC1	-2.612936	0.068311
AHI1	-5.929114	0.002654
AHNAK	-4.139870	0.015675
AHR	-3.433521	0.031264
AHRR	-3.527981	0.028526
AHSA1	-2.126644	0.106534
AHSG	-5.240007	0.005272
AHSP	-3.707443	0.023952
AICDA	-2.691777	0.063460
AIDA	-4.984009	0.006800
AIF1	-3.678416	0.024640
AIF1L	-4.858628	0.007701
AIFM1	-3.073386	0.044218
AIFM2	-6.188755	0.002048
AIFM3	-4.084528	0.016552
AIG1	-6.062632	0.002323
AIM2	-4.227816	0.014375
AIMP1	-0.925272	0.283885
AIMP2	-2.941682	0.050131
AIP	-4.642861	0.009538
AIPL1	-4.351248	0.012727
AIRE	-3.961506	0.018679
AIRIM	-3.148410	0.041154
AJAP1	-4.560789	0.010346
AJM1	-4.866548	0.007641
AJUBA	-3.503246	0.029220
AK1	-4.694446	0.009063
AK2	-4.405007	0.012069
AK3	-5.096373	0.006082
AK4	-4.397973	0.012153
AK5	-4.606489	0.009888
AK7	-5.506889	0.004042
AK8	-4.996643	0.006715
AK9	-5.419883	0.004408
AKAP1	-3.649221	0.025352
AKAP10	-3.586982	0.026936
AKAP11	-4.987761	0.006775
AKAP12	-4.408917	0.012022
AKAP13	-4.236039	0.014259
AKAP14	-3.685076	0.024481
AKAP17A	-7.242266	0.000715
AKAP19	-5.343220	0.004758
AKAP3	-5.944223	0.002614
AKAP4	-5.885904	0.002771
AKAP5	-3.462791	0.030390
AKAP6	-4.260959	0.013912
AKAP7	-4.685112	0.009147
AKAP8	-3.729919	0.023433
AKAP8L	-3.653525	0.025246
AKAP9	-4.210716	0.014619
AKIP1	-5.610707	0.003645
AKIRIN1	-4.871603	0.007603
AKIRIN2	-4.529353	0.010673
AKNA	-5.530747	0.003947
AKNAD1	-4.015574	0.017713
AKR1A1	-5.440443	0.004319
AKR1B1	-3.844719	0.020944
AKR1B10	-5.968087	0.002553
AKR1B15	-5.861210	0.002840
AKR1C1	-5.626109	0.003590
AKR1C2	-5.573277	0.003784
AKR1C3	-5.756086	0.003153
AKR1C4	-5.606932	0.003659
AKR1C8	-5.765247	0.003125
AKR1D1	-6.457290	0.001567
AKR1E2	-6.009816	0.002449
AKR7A2	-4.751991	0.008561
AKR7A3	-5.466468	0.004208
AKR7L	-5.241359	0.005265
AKT1	-1.456883	0.188944
AKT1S1	-3.161106	0.040656
AKT2	-2.987118	0.048011
AKT3	-2.534656	0.073464
AKTIP	-1.395110	0.198593
ALAD	-5.236486	0.005291
ALAS1	-2.553386	0.072199
ALAS2	-2.009451	0.118214
ALB	-3.729411	0.023444
ALCAM	-3.322891	0.034794
ALDH16A1	-5.721529	0.003264
ALDH18A1	-6.955863	0.000952
ALDH1A1	-3.719171	0.023680
ALDH1A2	-3.457890	0.030534
ALDH1A3	-3.941262	0.019054
ALDH1B1	-5.473412	0.004179
ALDH1L1	-3.528083	0.028524
ALDH1L2	-3.448444	0.030815
ALDH2	-5.273941	0.005097
ALDH3A1	-4.906851	0.007341
ALDH3A2	-5.016674	0.006583
ALDH3B1	-4.937234	0.007123
ALDH3B2	-4.782499	0.008305
ALDH4A1	-5.296749	0.004983
ALDH5A1	-4.854043	0.007736
ALDH6A1	-4.269535	0.013795
ALDH7A1	-4.890862	0.007459
ALDH8A1	-3.523634	0.028647
ALDH9A1	-5.246602	0.005238
ALDOA	-3.137405	0.041590
ALDOB	-3.936233	0.019148
ALDOC	-3.334583	0.034404
ALG1	-3.465263	0.030317
ALG10	-2.260988	0.094406
ALG10B	-2.191254	0.100539
ALG11	-4.992545	0.006743
ALG12	-5.221484	0.005370
ALG13	-4.306254	0.013305
ALG14	-4.618865	0.009768
ALG2	-3.626769	0.025913
ALG3	-3.585511	0.026975
ALG5	-3.389980	0.032610
ALG6	-4.634128	0.009621
ALG8	-3.625535	0.025944
ALG9	-3.860071	0.020632
ALK	-3.904418	0.019755
ALKAL1	-5.373775	0.004615
ALKAL2	-4.772542	0.008388
ALKBH1	-4.836782	0.007870
ALKBH2	-3.180396	0.039910
ALKBH3	-3.866184	0.020509
ALKBH4	-4.023609	0.017574
ALKBH5	-7.343963	0.000646
ALKBH6	-4.347079	0.012779
ALKBH7	-6.004556	0.002461
ALKBH8	-3.180577	0.039903
ALLC	-6.722599	0.001202
ALMS1	-3.772305	0.022482
ALOX12	-3.820152	0.021454
ALOX12B	-3.644090	0.025479
ALOX15	-3.695629	0.024230
ALOX15B	-3.707006	0.023963
ALOX5	-3.823849	0.021377
ALOX5AP	-3.688473	0.024400
ALOXE3	-4.258633	0.013944
ALPG	-4.767304	0.008432
ALPI	-4.756865	0.008519
ALPK1	-3.469172	0.030202
ALPK2	-5.740547	0.003203
ALPK3	-5.307179	0.004931
ALPL	-4.952587	0.007016
ALPP	-4.746176	0.008610
ALS2	-4.287866	0.013548
ALS2CL	-3.626500	0.025919
ALX1	-3.890218	0.020031
ALX3	-3.611062	0.026312
ALX4	-3.478269	0.029937
ALYREF	-1.717540	0.152188
AMACR	-4.807728	0.008100
AMBN	-3.207203	0.038896
AMBP	-3.414982	0.031830
AMBRA1	-3.469297	0.030199
AMD1	-7.426703	0.000595
AMDHD1	-4.094174	0.016396
AMDHD2	-6.225874	0.001974
AMELX	-3.526473	0.028568
AMELY	-3.548560	0.027962
AMER1	-5.828341	0.002934
AMER2	-5.694556	0.003353
AMER3	-6.043405	0.002368
AMFR	-2.444348	0.079853
AMHR2	-3.279837	0.036269
AMIGO1	-3.963292	0.018646
AMIGO2	-3.714380	0.023791
AMIGO3	-4.261760	0.013901
AMMECR1	-4.797062	0.008186
AMMECR1L	-5.623048	0.003601
AMN	-4.935826	0.007133
AMN1	-5.389749	0.004542
AMOT	-2.687644	0.063706
AMOTL1	-3.806883	0.021734
AMOTL2	-4.253733	0.014012
AMPD1	-5.447517	0.004289
AMPD2	-2.629040	0.067293
AMPD3	-3.445883	0.030892
AMPH	-1.897590	0.130381
AMT	-4.298286	0.013410
AMTN	-3.797366	0.021938
AMY1A	-5.463055	0.004223
AMY1B	-5.463055	0.004223
AMY1C	-5.463055	0.004223
AMY2A	-5.486485	0.004125
AMY2B	-5.333177	0.004806
AMZ1	-7.232703	0.000722
AMZ2	-5.100746	0.006055
ANAPC1	-2.075584	0.111493
ANAPC10	1.414679	0.804503
ANAPC11	-6.863791	0.001044
ANAPC13	-3.776233	0.022396
ANAPC15	-3.568535	0.027424
ANAPC16	-2.296986	0.091373
ANAPC2	-2.447666	0.079609
ANAPC4	-1.463085	0.187996
ANAPC5	-2.352615	0.086858
ANAPC7	-2.303851	0.090805
ANG	-2.832258	0.055606
ANGEL1	-4.122585	0.015944
ANGEL2	-3.705525	0.023997
ANGPT1	-2.921933	0.051080
ANGPT2	-3.225437	0.038220
ANGPT4	-3.461269	0.030435
ANGPTL1	-3.638875	0.025609
ANGPTL2	-3.286168	0.036049
ANGPTL3	-3.320539	0.034873
ANGPTL4	-3.493978	0.029484
ANGPTL5	-3.516990	0.028833
ANGPTL6	-3.562762	0.027578
ANGPTL7	-4.110944	0.016128
ANGPTL8	-3.227751	0.038135
ANK1	-3.951435	0.018864
ANK2	-3.403055	0.032200
ANK3	-3.383637	0.032811
ANKAR	-3.601584	0.026556
ANKDD1A	-4.192974	0.014877
ANKEF1	-7.605443	0.000497
ANKFN1	-5.568220	0.003803
ANKFY1	-2.666148	0.065001
ANKH	-6.280317	0.001869
ANKHD1	-3.044085	0.045474
ANKIB1	-3.419954	0.031678
ANKK1	-3.880282	0.020227
ANKLE1	-3.872585	0.020381
ANKMY1	-6.799273	0.001113
ANKMY2	-3.374183	0.033112
ANKRA2	-3.515910	0.028863
ANKRD1	-3.766242	0.022616
ANKRD10	-3.904247	0.019758
ANKRD11	-2.960737	0.049231
ANKRD12	-1.652134	0.160821
ANKRD13A	-4.153168	0.015471
ANKRD13B	-4.735894	0.008698
ANKRD13C	-4.583413	0.010117
ANKRD13D	-5.194350	0.005517
ANKRD16	-5.350034	0.004726
ANKRD17	-3.340679	0.034202
ANKRD2	-3.459418	0.030489
ANKRD20A1	-5.971827	0.002543
ANKRD22	-5.969701	0.002548
ANKRD23	-5.006585	0.006649
ANKRD24	-2.140924	0.105182
ANKRD26	-4.297750	0.013417
ANKRD27	-2.953942	0.049551
ANKRD28	-3.828750	0.021274
ANKRD29	-7.386103	0.000619
ANKRD30A	-5.755267	0.003156
ANKRD33	-6.953094	0.000955
ANKRD34A	-6.461768	0.001560
ANKRD34B	-7.289989	0.000682
ANKRD35	-4.168359	0.015242
ANKRD36	-6.573430	0.001395
ANKRD36B	-7.229360	0.000724
ANKRD37	-3.890692	0.020022
ANKRD39	-3.610246	0.026333
ANKRD40	-5.130510	0.005879
ANKRD42	-3.718967	0.023684
ANKRD44	-3.633129	0.025753
ANKRD45	-5.346904	0.004740
ANKRD46	-3.044704	0.045447
ANKRD49	-4.524699	0.010722
ANKRD50	-4.054252	0.017053
ANKRD53	-7.153397	0.000782
ANKRD54	-5.579093	0.003762
ANKRD55	-5.979562	0.002524
ANKRD6	-2.943167	0.050060
ANKRD7	-7.382146	0.000622
ANKRD9	-3.982950	0.018290
ANKS1A	-4.340257	0.012866
ANKS1B	-4.412113	0.011984
ANKS3	-2.878113	0.053246
ANKS4B	-5.776024	0.003091
ANKS6	-3.896985	0.019899
ANKZF1	-4.168480	0.015240
ANLN	-4.800789	0.008156
ANO1	-5.161747	0.005699
ANO10	-5.306521	0.004935
ANO2	-4.874291	0.007583
ANO3	-4.603150	0.009921
ANO4	-4.633308	0.009629
ANO5	-4.187374	0.014959
ANO6	-4.327995	0.013022
ANO7	-4.299273	0.013397
ANO8	-4.234021	0.014287
ANO9	-4.661225	0.009366
ANOS1	-4.757710	0.008512
ANP32A	-5.902746	0.002724
ANP32B	-3.646048	0.025430
ANP32D	-5.143302	0.005804
ANP32E	-5.191024	0.005535
ANPEP	-3.450541	0.030753
ANTKMT	-3.189486	0.039563
ANTXR1	-4.764474	0.008455
ANTXR2	-5.298744	0.004973
ANXA1	-3.156096	0.040852
ANXA10	-5.332591	0.004808
ANXA11	-3.655785	0.025190
ANXA13	-3.560548	0.027638
ANXA2	-3.681243	0.024573
ANXA2R	-5.572882	0.003785
ANXA3	-2.351428	0.086952
ANXA4	-3.723635	0.023577
ANXA5	-3.395017	0.032452
ANXA6	-3.529521	0.028484
ANXA7	-4.169752	0.015221
ANXA8	-3.928333	0.019297
ANXA8L1	-3.916318	0.019525
ANXA9	-6.583673	0.001381
AOAH	-5.323529	0.004852
AOC1	-5.800820	0.003016
AOC2	-5.858342	0.002848
AOC3	-5.689172	0.003371
AOPEP	-4.877906	0.007555
AOX1	-5.328197	0.004829
AP1AR	-6.681295	0.001253
AP1B1	-2.109559	0.108171
AP1G1	-1.983496	0.120947
AP1G2	-2.478387	0.077387
AP1M1	-1.681517	0.156895
AP1M2	-2.016204	0.117512
AP1S1	-2.662225	0.065240
AP1S2	-3.284863	0.036094
AP1S3	-4.898897	0.007400
AP2A1	-2.538300	0.073216
AP2A2	-2.452599	0.079249
AP2B1	-2.670903	0.064712
AP2M1	-2.004470	0.118734
AP2S1	-2.056940	0.113353
AP3B1	-2.542781	0.072913
AP3B2	-2.049863	0.114066
AP3D1	-1.802654	0.141528
AP3M1	-2.915164	0.051409
AP3M2	-3.254520	0.037165
AP3S1	-3.209789	0.038799
AP3S2	-3.687383	0.024426
AP4B1	-2.613270	0.068289
AP4E1	-1.845013	0.136459
AP4M1	-2.517579	0.074635
AP4S1	-2.486213	0.076830
AP5B1	-3.459164	0.030497
AP5M1	-3.123156	0.042162
AP5S1	-2.443707	0.079900
AP5Z1	-1.759941	0.146798
APAF1	-3.393525	0.032498
APBA1	-3.125212	0.042079
APBA2	-3.634184	0.025726
APBA3	-3.734406	0.023330
APBB1	-3.754957	0.022866
APBB1IP	-2.776307	0.058618
APBB2	-3.472092	0.030117
APBB3	-4.460501	0.011425
APC	-3.151874	0.041018
APC2	-4.371803	0.012471
APCDD1	-3.718595	0.023693
APCDD1L	-4.107296	0.016186
APCS	-3.526138	0.028578
APEH	-4.207477	0.014666
APEX1	-2.425471	0.081251
APEX2	-3.497564	0.029382
APH1A	-4.771889	0.008393
APH1B	-5.026828	0.006517
API5	-3.594414	0.026742
APIP	-6.002039	0.002468
APLF	-1.623692	0.164696
APLN	-4.029720	0.017469
APLNR	-3.589425	0.026872
APLP1	-3.088133	0.043599
APLP2	-3.399891	0.032299
APMAP	-5.239414	0.005275
APOA1	-3.513984	0.028917
APOA2	-3.465427	0.030312
APOA4	-4.761621	0.008479
APOA5	-4.860923	0.007684
APOB	-3.173193	0.040187
APOBEC1	-3.419427	0.031694
APOBEC2	-5.864781	0.002830
APOBEC3A	-5.300392	0.004965
APOBEC3B	-6.257751	0.001912
APOBEC3C	-5.610237	0.003647
APOBEC3D	-5.583152	0.003747
APOBEC3G	-5.643148	0.003529
APOBEC3H	-3.800842	0.021863
APOBEC4	-6.460581	0.001561
APOBR	-3.581160	0.027089
APOC1	-3.542659	0.028123
APOC2	-3.452750	0.030687
APOC3	-3.230646	0.038029
APOC4	-3.920981	0.019436
APOD	-3.607584	0.026401
APOE	-3.145520	0.041268
APOF	-3.609448	0.026353
APOH	-3.567398	0.027454
APOL1	-3.525412	0.028598
APOL2	-4.383087	0.012333
APOL3	-4.569666	0.010255
APOL4	-4.427228	0.011806
APOL5	-4.644717	0.009521
APOL6	-4.735181	0.008704
APOLD1	-5.027709	0.006511
APOM	-4.896544	0.007417
APOO	-3.467229	0.030259
APOOL	-4.309212	0.013266
APP	-3.196197	0.039309
APPBP2	-3.734044	0.023338
APPL1	-1.521190	0.179286
APPL2	-1.455738	0.189120
APRT	-1.392782	0.198964
APTX	-3.397374	0.032378
AQP1	-4.540181	0.010559
AQP10	-5.447851	0.004287
AQP11	-6.120443	0.002193
AQP12A	-5.906375	0.002715
AQP2	-5.341697	0.004765
AQP3	-6.069461	0.002307
AQP4	-4.947962	0.007048
AQP5	-5.057820	0.006319
AQP6	-5.647182	0.003515
AQP7	-6.302404	0.001829
AQP8	-7.323900	0.000659
AQP9	-5.665508	0.003451
AQR	-1.736804	0.149719
AR	-3.332884	0.034460
ARAF	-3.611357	0.026305
ARAP1	-3.424956	0.031525
ARAP2	-5.094218	0.006095
ARAP3	-5.279720	0.005068
ARB2A	-5.763016	0.003132
ARC	-6.219845	0.001986
ARCN1	-2.175390	0.101982
AREG	-3.777070	0.022377
AREL1	-4.204453	0.014709
ARF1	-3.203241	0.039044
ARF3	-2.863081	0.054009
ARF4	-3.089510	0.043542
ARF5	-2.514826	0.074825
ARF6	-2.427459	0.081103
ARFGAP1	-1.931712	0.126561
ARFGAP2	-2.203084	0.099474
ARFGAP3	-2.024541	0.116650
ARFGEF1	-1.990428	0.120212
ARFGEF2	-3.453743	0.030657
ARFGEF3	-2.242923	0.095962
ARFIP1	-4.333123	0.012956
ARFIP2	-4.872159	0.007599
ARFRP1	-2.149313	0.104395
ARG1	-6.317854	0.001801
ARG2	-5.239523	0.005275
ARGFX	-7.450163	0.000581
ARGLU1	-5.419612	0.004409
ARHGAP1	-2.767630	0.059099
ARHGAP10	-2.460029	0.078708
ARHGAP11A	-3.637426	0.025645
ARHGAP11B	-4.995971	0.006720
ARHGAP12	-3.238158	0.037755
ARHGAP15	-5.163216	0.005691
ARHGAP17	-1.873531	0.133134
ARHGAP18	-5.527635	0.003960
ARHGAP19	-4.152189	0.015486
ARHGAP20	-5.252621	0.005207
ARHGAP21	-4.539127	0.010570
ARHGAP22	-4.573411	0.010217
ARHGAP24	-4.457045	0.011464
ARHGAP25	-4.813478	0.008054
ARHGAP26	-3.621133	0.026055
ARHGAP27	-3.555381	0.027777
ARHGAP28	-5.208289	0.005441
ARHGAP29	-4.585747	0.010093
ARHGAP30	-4.438658	0.011674
ARHGAP31	-5.460109	0.004235
ARHGAP32	-3.946480	0.018956
ARHGAP33	-4.275013	0.013721
ARHGAP35	-3.217839	0.038500
ARHGAP36	-5.199128	0.005491
ARHGAP4	-3.292076	0.035844
ARHGAP42	-3.493945	0.029485
ARHGAP44	-3.268749	0.036659
ARHGAP45	-4.094928	0.016384
ARHGAP5	-2.879251	0.053189
ARHGAP6	-5.377911	0.004596
ARHGAP8	-4.154036	0.015458
ARHGAP9	-4.516848	0.010805
ARHGDIA	-2.540646	0.073057
ARHGDIB	-2.018263	0.117299
ARHGDIG	-2.270375	0.093606
ARHGEF1	-3.986526	0.018226
ARHGEF10	-3.745562	0.023077
ARHGEF10L	-4.982161	0.006812
ARHGEF11	-3.690888	0.024342
ARHGEF12	-2.618261	0.067972
ARHGEF15	-4.011234	0.017789
ARHGEF16	-3.906489	0.019715
ARHGEF17	-5.383643	0.004570
ARHGEF18	-3.657083	0.025158
ARHGEF19	-3.775112	0.022420
ARHGEF2	-2.565734	0.071377
ARHGEF25	-3.866554	0.020501
ARHGEF26	-3.774072	0.022443
ARHGEF28	-4.076705	0.016680
ARHGEF3	-3.826407	0.021323
ARHGEF35	-5.634599	0.003559
ARHGEF37	-3.893634	0.019964
ARHGEF39	-5.337686	0.004784
ARHGEF4	-4.401864	0.012106
ARHGEF5	-5.001375	0.006684
ARHGEF6	-3.631895	0.025784
ARHGEF7	-4.133172	0.015779
ARHGEF9	-4.217406	0.014523
ARID1A	-3.629284	0.025849
ARID1B	-3.538882	0.028226
ARID2	-3.674382	0.024738
ARID3A	-3.826481	0.021322
ARID3B	-3.658030	0.025135
ARID3C	-4.120527	0.015977
ARID4A	-3.821503	0.021426
ARID4B	-4.593767	0.010013
ARID5A	-3.586788	0.026941
ARID5B	-5.027868	0.006510
ARIH1	-3.149712	0.041103
ARIH2	-3.146715	0.041221
ARK2C	-3.493951	0.029485
ARK2N	-3.655719	0.025192
ARL1	-2.639555	0.066636
ARL10	-4.650151	0.009470
ARL11	-4.958108	0.006977
ARL13A	-5.242126	0.005261
ARL13B	-3.666318	0.024933
ARL14	-4.884274	0.007508
ARL14EP	-4.040534	0.017284
ARL15	-3.254619	0.037161
ARL16	-4.439018	0.011670
ARL17A	-3.035511	0.045847
ARL17B	-3.158497	0.040758
ARL2	-3.128773	0.041936
ARL2BP	-2.577646	0.070591
ARL3	-2.456125	0.078992
ARL4A	-4.348679	0.012759
ARL4C	-4.740665	0.008657
ARL4D	-3.795728	0.021973
ARL5A	-5.420732	0.004404
ARL5B	-5.242991	0.005257
ARL6	-3.452291	0.030701
ARL6IP1	-3.309385	0.035251
ARL6IP4	-4.304169	0.013332
ARL6IP5	-2.420218	0.081644
ARL6IP6	-6.251498	0.001924
ARL8A	-4.566740	0.010285
ARL8B	-3.734514	0.023328
ARL9	-1.888743	0.131388
ARLN	-6.954607	0.000953
ARMC1	-5.262905	0.005154
ARMC10	-6.759786	0.001158
ARMC12	-3.891268	0.020011
ARMC2	-3.777739	0.022363
ARMC3	-5.501131	0.004066
ARMC5	-3.609351	0.026356
ARMC6	-4.019314	0.017648
ARMC7	-4.438840	0.011672
ARMC8	-2.133120	0.105919
ARMC9	-2.776739	0.058594
ARMCX1	-6.086888	0.002267
ARMCX2	-7.361537	0.000635
ARMCX3	-6.898968	0.001008
ARMCX5	-7.454247	0.000579
ARMCX6	-5.839016	0.002903
ARMH3	-3.584852	0.026992
ARMH4	-3.682204	0.024550
ARNT	-3.682421	0.024544
ARNT2	-3.452035	0.030708
ARPC1A	-1.517572	0.179819
ARPC1B	-3.815726	0.021547
ARPC2	-1.598026	0.168258
ARPC3	-1.844373	0.136535
ARPC4	-2.078716	0.111183
ARPC5	-2.240873	0.096140
ARPC5L	-1.679353	0.157181
ARPIN	-4.558023	0.010374
ARPP19	-4.502449	0.010960
ARPP21	-3.734311	0.023332
ARR3	-2.715738	0.062051
ARRB1	-3.343105	0.034122
ARRB2	-2.919725	0.051187
ARRDC1	-4.957059	0.006984
ARRDC2	-4.783921	0.008294
ARRDC3	-3.638394	0.025621
ARRDC4	-4.970232	0.006894
ARRDC5	-4.421917	0.011869
ARSA	-3.770429	0.022523
ARSB	-5.290187	0.005016
ARSD	-5.326270	0.004839
ARSF	-5.039625	0.006435
ARSG	-5.158834	0.005716
ARSH	-5.610317	0.003647
ARSI	-5.216844	0.005395
ARSJ	-5.186375	0.005561
ARSK	-7.491194	0.000558
ARSL	-5.155059	0.005737
ART1	-5.367800	0.004643
ART3	-4.770345	0.008406
ART4	-5.763546	0.003130
ART5	-5.295996	0.004987
ARTN	-3.329620	0.034569
ARV1	-6.672277	0.001264
ARVCF	-3.594514	0.026739
ARX	-4.230006	0.014344
AS3MT	-4.847911	0.007784
ASAH1	-5.088657	0.006129
ASAH2	-5.041235	0.006424
ASAH2B	-3.740817	0.023184
ASAP1	-1.977109	0.121627
ASAP2	-3.442572	0.030991
ASAP3	-3.683741	0.024513
ASB1	-3.671334	0.024811
ASB10	-3.871062	0.020411
ASB11	-3.606692	0.026424
ASB12	-3.696273	0.024215
ASB13	-3.640583	0.025566
ASB14	-2.811502	0.056706
ASB15	-3.611548	0.026300
ASB16	-3.715816	0.023757
ASB17	-3.518279	0.028797
ASB18	-3.664157	0.024985
ASB2	-3.957720	0.018748
ASB3	-3.972134	0.018485
ASB4	-3.544507	0.028072
ASB5	-3.740185	0.023199
ASB6	-3.527277	0.028546
ASB7	-3.616117	0.026183
ASB8	-3.651331	0.025300
ASB9	-3.980791	0.018329
ASCC1	-2.874655	0.053421
ASCC2	3.543007	0.971887
ASCC3	-5.779994	0.003079
ASCL1	-3.457290	0.030552
ASCL2	-4.213464	0.014579
ASCL3	-3.803393	0.021809
ASCL4	-4.338245	0.012891
ASF1A	-3.389693	0.032619
ASF1B	-3.470302	0.030169
ASGR1	-3.423047	0.031583
ASGR2	-3.335014	0.034389
ASH1L	-3.725978	0.023523
ASH2L	-2.303562	0.090828
ASIC1	-4.513409	0.010842
ASIC2	-4.028226	0.017494
ASIC3	-4.308992	0.013269
ASIC4	-4.538157	0.010580
ASIC5	-4.156535	0.015420
ASIP	-3.400877	0.032268
ASL	-6.865514	0.001042
ASMT	-7.203934	0.000743
ASMTL	-3.503037	0.029226
ASNS	-5.733469	0.003225
ASNSD1	-5.758469	0.003146
ASPA	-7.417071	0.000601
ASPDH	-5.546885	0.003884
ASPG	-6.873611	0.001034
ASPH	-3.685493	0.024471
ASPHD1	-5.945156	0.002612
ASPHD2	-6.028186	0.002404
ASPM	-3.624219	0.025977
ASPN	-3.649415	0.025347
ASPSCR1	-2.558804	0.071837
ASRGL1	-5.723258	0.003258
ASS1	-5.014527	0.006597
ASTE1	-4.994223	0.006731
ASTL	-5.164906	0.005681
ASTN1	-3.228583	0.038104
ASTN2	-3.592686	0.026787
ASXL1	-3.586842	0.026940
ASXL2	-4.903592	0.007365
ASZ1	-3.447406	0.030846
ATAD1	-3.617345	0.026152
ATAD2	-3.058712	0.044843
ATAD3A	-1.428752	0.193293
ATAD3B	-1.506622	0.181440
ATAD3C	-1.623207	0.164763
ATAD5	-2.823714	0.056056
ATAT1	-5.118917	0.005947
ATCAY	-4.918288	0.007259
ATE1	-3.772599	0.022475
ATF1	-4.252371	0.014031
ATF2	-4.118717	0.016005
ATF3	-3.317655	0.034970
ATF4	-3.380191	0.032920
ATF5	-3.439635	0.031079
ATF6	-3.314894	0.035064
ATF6B	-3.111390	0.042640
ATF7	-3.346622	0.034006
ATF7IP	-3.993159	0.018107
ATF7IP2	-4.918869	0.007254
ATG10	-5.058642	0.006314
ATG101	-2.893972	0.052452
ATG12	-2.568529	0.071192
ATG13	-2.300010	0.091122
ATG14	-2.708100	0.062497
ATG16L1	-3.057712	0.044886
ATG16L2	-2.503943	0.075582
ATG2A	-3.485093	0.029739
ATG2B	-3.243024	0.037578
ATG4A	-3.357713	0.033643
ATG4B	-3.682759	0.024536
ATG4C	-5.030627	0.006492
ATG4D	-5.059675	0.006308
ATG5	-2.109020	0.108223
ATG7	-2.294229	0.091602
ATG9A	-3.392622	0.032527
ATG9B	-5.226564	0.005343
ATIC	-3.587409	0.026925
ATL1	-4.192595	0.014882
ATL2	-3.488014	0.029655
ATL3	-4.571307	0.010239
ATM	-2.219089	0.098049
ATMIN	-3.671539	0.024806
ATN1	-3.562173	0.027594
ATOH1	-3.499266	0.029333
ATOH7	-4.840318	0.007843
ATOH8	-4.714141	0.008888
ATOSA	-3.475579	0.030015
ATOSB	-5.707880	0.003309
ATOX1	-4.658843	0.009388
ATP10A	-5.046769	0.006389
ATP10B	-4.567083	0.010281
ATP10D	-4.832596	0.007903
ATP11A	-4.086228	0.016525
ATP11B	-4.683448	0.009162
ATP11C	-4.480887	0.011197
ATP12A	-4.973144	0.006874
ATP13A1	-5.125705	0.005907
ATP13A2	-3.925139	0.019357
ATP13A3	-5.150497	0.005763
ATP13A4	-5.031301	0.006488
ATP13A5	-4.911538	0.007307
ATP1A1	-4.609530	0.009858
ATP1A2	-3.648421	0.025372
ATP1A3	-3.568326	0.027429
ATP1A4	-4.904200	0.007361
ATP1B1	-4.102394	0.016264
ATP1B2	-4.369564	0.012499
ATP1B3	-4.715150	0.008879
ATP1B4	-3.619161	0.026105
ATP23	-3.993987	0.018093
ATP2A1	-3.468810	0.030213
ATP2A2	-3.251258	0.037282
ATP2A3	-4.814523	0.008046
ATP2B1	-3.587079	0.026934
ATP2B2	-3.424428	0.031541
ATP2B3	-3.455863	0.030594
ATP2B4	-3.446738	0.030866
ATP2C1	-4.457781	0.011455
ATP2C2	-4.438014	0.011681
ATP4A	-5.089460	0.006124
ATP4B	-4.859674	0.007693
ATP5F1A	-2.561328	0.071669
ATP5F1B	-2.524699	0.074145
ATP5F1C	-2.795209	0.057584
ATP5F1D	-6.190812	0.002044
ATP5F1E	-3.842343	0.020993
ATP5IF1	-4.391339	0.012233
ATP5MC1	-5.954906	0.002586
ATP5MC2	-5.796631	0.003029
ATP5MC3	-4.621525	0.009742
ATP5ME	-2.822294	0.056131
ATP5MG	-4.882617	0.007520
ATP5MJ	-4.584358	0.010107
ATP5MK	-5.369527	0.004635
ATP5PB	-1.425685	0.193772
ATP5PD	-4.640307	0.009562
ATP5PF	-5.360507	0.004677
ATP5PO	-6.674542	0.001261
ATP6AP1	-3.634944	0.025707
ATP6AP2	-3.269240	0.036642
ATP6V0A1	-3.302179	0.035497
ATP6V0A2	-4.910676	0.007314
ATP6V0A4	-4.802286	0.008144
ATP6V0B	-2.757197	0.059681
ATP6V0C	-2.541955	0.072969
ATP6V0D1	-1.977914	0.121541
ATP6V0D2	-1.917572	0.128133
ATP6V0E1	-1.289831	0.215881
ATP6V0E2	-0.900515	0.288945
ATP6V1A	-2.624568	0.067574
ATP6V1B1	-2.478131	0.077406
ATP6V1B2	-2.533916	0.073514
ATP6V1C1	-2.448356	0.079559
ATP6V1C2	-2.356963	0.086514
ATP6V1D	-1.546366	0.175612
ATP6V1E1	-1.423059	0.194182
ATP6V1E2	-1.257809	0.221351
ATP6V1F	2.598935	0.930793
ATP6V1G1	-1.360773	0.204115
ATP6V1G2	-1.802350	0.141565
ATP6V1G3	-1.208292	0.230003
ATP6V1H	-2.475137	0.077620
ATP7A	-5.117431	0.005956
ATP7B	-5.157903	0.005721
ATP8A1	-3.737593	0.023258
ATP8A2	-4.393783	0.012203
ATP8B1	-3.658927	0.025113
ATP8B2	-4.003665	0.017922
ATP8B3	-4.650054	0.009471
ATP8B4	-3.761813	0.022714
ATP9A	-4.861294	0.007681
ATP9B	-4.310283	0.013252
ATPAF1	-4.691268	0.009092
ATPAF2	-5.413313	0.004437
ATPSCKMT	-5.975420	0.002534
ATR	-1.440028	0.191541
ATRAID	-3.986756	0.018222
ATRN	-3.857325	0.020687
ATRNL1	-3.681802	0.024559
ATRX	-3.959762	0.018711
ATXN1	-4.931991	0.007160
ATXN10	-2.306397	0.090595
ATXN2	-2.897379	0.052283
ATXN2L	-4.126157	0.015888
ATXN3	-2.049205	0.114133
ATXN7	-3.664453	0.024978
ATXN7L1	-3.624683	0.025965
ATXN7L2	-3.635916	0.025683
ATXN7L3B	-4.045149	0.017206
AUH	-5.016008	0.006587
AUNIP	-4.912610	0.007300
AUP1	-1.573972	0.171651
AURKA	-1.524216	0.178842
AURKAIP1	-7.709940	0.000448
AURKB	-2.280756	0.092729
AURKC	-2.097914	0.109300
AUTS2	-3.523340	0.028655
AVEN	-7.130184	0.000800
AVIL	-4.411248	0.011994
AVL9	-4.397492	0.012159
AVP	-4.843607	0.007817
AVPI1	-6.740979	0.001180
AVPR1A	-3.425252	0.031516
AVPR1B	-3.361683	0.033515
AVPR2	-3.674033	0.024746
AWAT1	-5.431172	0.004359
AWAT2	-5.322443	0.004857
AXDND1	-5.492449	0.004101
AXIN1	-3.554393	0.027804
AXIN2	-3.930205	0.019261
AXL	-2.671414	0.064681
AZGP1	-3.471221	0.030142
AZI2	-4.625976	0.009699
AZIN1	-4.250406	0.014058
AZIN2	-6.222131	0.001981
AZU1	-4.228422	0.014366
B2M	-2.450451	0.079406
B3GALNT1	-4.009487	0.017819
B3GALNT2	-4.345121	0.012804
B3GALT1	-3.719706	0.023667
B3GALT2	-4.846566	0.007794
B3GALT4	-4.196712	0.014822
B3GALT5	-4.371666	0.012473
B3GALT6	-5.158995	0.005715
B3GAT1	-4.754791	0.008537
B3GAT2	-5.026983	0.006516
B3GAT3	-4.979625	0.006830
B3GLCT	-5.469292	0.004197
B3GNT2	-3.618253	0.026128
B3GNT3	-3.670267	0.024837
B3GNT4	-4.164492	0.015300
B3GNT5	-3.725567	0.023532
B3GNT6	-3.050964	0.045176
B3GNT7	-3.293728	0.035787
B3GNT8	-3.533277	0.028380
B3GNT9	-3.566716	0.027472
B4GALNT1	-5.105442	0.006027
B4GALNT2	-5.504144	0.004053
B4GALNT3	-4.274477	0.013728
B4GALNT4	-3.719458	0.023673
B4GALT1	-3.604563	0.026479
B4GALT2	-4.400815	0.012119
B4GALT3	-4.648713	0.009483
B4GALT4	-4.236070	0.014258
B4GALT5	-4.621765	0.009740
B4GALT6	-4.845550	0.007802
B4GALT7	-5.255381	0.005192
B4GAT1	-3.854935	0.020736
B9D1	-2.230899	0.097010
B9D2	-2.273793	0.093317
BAALC	-5.796693	0.003028
BAAT	-7.675131	0.000464
BABAM1	-1.722329	0.151571
BABAM2	-1.402632	0.197399
BACC1	-3.719417	0.023674
BACE1	-2.361930	0.086122
BACE2	-5.813327	0.002979
BACH1	-3.433530	0.031264
BACH2	-3.430772	0.031347
BAD	-3.368311	0.033301
BAG1	-3.386745	0.032712
BAG2	-3.240570	0.037667
BAG3	-2.695128	0.063261
BAG4	-2.173248	0.102179
BAG5	-3.191225	0.039497
BAG6	-3.400140	0.032291
BAGE3	-5.505844	0.004047
BAGE4	-6.485646	0.001523
BAGE5	-6.577020	0.001390
BAHCC1	-3.619154	0.026106
BAHD1	-3.542376	0.028130
BAIAP2	-1.835962	0.137530
BAIAP2L1	-2.621561	0.067764
BAIAP2L2	-3.656743	0.025167
BAIAP3	-3.462411	0.030401
BAK1	-2.605809	0.068766
BAMBI	-2.639497	0.066639
BANF1	-3.483198	0.029794
BANF2	-3.585513	0.026975
BANK1	-5.634505	0.003560
BANP	-3.946057	0.018964
BAP1	-1.471825	0.186665
BARD1	-2.577944	0.070571
BARHL1	-7.431701	0.000592
BARHL2	-6.141390	0.002147
BARX1	-4.467567	0.011345
BARX2	-4.301913	0.013362
BASP1	-2.779262	0.058455
BATF	-3.465487	0.030310
BATF2	-4.379292	0.012379
BATF3	-3.505897	0.029145
BAX	-3.232038	0.037978
BAZ1A	-3.415111	0.031827
BAZ1B	-3.917080	0.019511
BAZ2A	-3.499028	0.029340
BAZ2B	-3.508626	0.029068
BBC3	-4.006266	0.017876
BBLN	2.080545	0.888998
BBOF1	-5.100104	0.006059
BBOX1	-5.873672	0.002805
BBS1	-2.138512	0.105410
BBS10	3.835833	0.978873
BBS12	3.966719	0.981416
BBS2	-1.974756	0.121879
BBS4	-2.384752	0.084343
BBS5	-2.252898	0.095100
BBS7	-2.269879	0.093648
BBS9	-2.006385	0.118534
BBX	-3.841355	0.021013
BCAM	-2.553776	0.072173
BCAN	-3.738676	0.023233
BCAP29	-4.121310	0.015964
BCAP31	-3.357501	0.033650
BCAR1	-3.575108	0.027249
BCAR3	-2.593463	0.069560
BCAS1	-4.657301	0.009403
BCAS2	-7.475578	0.000566
BCAS3	-3.471898	0.030122
BCAS4	-2.240168	0.096201
BCAT1	-5.679073	0.003405
BCAT2	-5.256863	0.005185
BCCIP	-5.349302	0.004729
BCDIN3D	-4.410569	0.012002
BCHE	-4.772967	0.008384
BCKDHA	-1.390828	0.199276
BCKDHB	-4.031077	0.017445
BCKDK	-1.716724	0.152294
BCL10	-3.399015	0.032326
BCL11A	-3.751879	0.022935
BCL11B	-3.688301	0.024404
BCL2	-2.848371	0.054766
BCL2A1	-3.357239	0.033659
BCL2L1	-1.698629	0.154644
BCL2L10	-3.476125	0.029999
BCL2L12	-5.255336	0.005192
BCL2L13	-5.119689	0.005942
BCL2L14	-3.536909	0.028280
BCL2L15	-6.379117	0.001694
BCL2L2	-3.328406	0.034609
BCL3	-3.873823	0.020356
BCL6	-3.457242	0.030554
BCL6B	-3.655786	0.025190
BCL7A	-4.214314	0.014567
BCL7B	-4.798746	0.008173
BCL7C	-5.937500	0.002632
BCL9	-3.432657	0.031290
BCL9L	-3.768437	0.022567
BCLAF1	-7.252048	0.000708
BCLAF3	-7.409991	0.000605
BCO1	-5.262153	0.005157
BCO2	-5.143925	0.005801
BCOR	-3.675737	0.024705
BCORL1	-6.650623	0.001292
BCR	-3.732024	0.023384
BCS1L	-3.447192	0.030853
BDH1	-2.874918	0.053407
BDH2	-5.787075	0.003058
BDKRB1	-3.453814	0.030655
BDKRB2	-3.417121	0.031765
BDNF	-2.787623	0.057997
BDP1	-3.336943	0.034325
BEAN1	-6.504659	0.001494
BECN1	-2.450319	0.079415
BEGAIN	-5.566328	0.003810
BEND2	-5.266450	0.005135
BEND3	-5.405143	0.004473
BEND4	-3.936722	0.019139
BEND5	-5.441576	0.004314
BEND6	-6.563270	0.001409
BEND7	-6.682038	0.001252
BEST1	-4.674993	0.009239
BEST2	-4.457466	0.011459
BEST3	-4.083467	0.016570
BEST4	-4.397748	0.012155
BET1	-3.330535	0.034538
BET1L	-3.300160	0.035566
BEX1	-4.550925	0.010447
BEX2	-4.553812	0.010417
BEX3	-5.450158	0.004277
BEX4	-7.451744	0.000580
BEX5	-6.571025	0.001398
BFAR	-3.107223	0.042810
BFSP1	-5.053964	0.006343
BFSP2	-3.387377	0.032692
BGLAP	-4.349969	0.012743
BGN	-2.755742	0.059763
BHLHA15	-4.286480	0.013567
BHLHE22	-4.221100	0.014470
BHLHE23	-3.749524	0.022988
BHLHE40	-3.485527	0.029727
BHLHE41	-3.535578	0.028317
BHMT	-3.701470	0.024092
BHMT2	-2.073496	0.111700
BICC1	-3.555628	0.027770
BICD1	-2.306289	0.090603
BICD2	-2.203855	0.099405
BICDL1	-4.658336	0.009393
BICRA	-1.873693	0.133115
BICRAL	-3.665092	0.024963
BID	-2.668874	0.064835
BIK	-3.244993	0.037507
BIN1	-1.773131	0.145153
BIN2	-1.826073	0.138707
BIN3	-2.262965	0.094237
BIRC2	-3.413286	0.031883
BIRC3	-3.472032	0.030119
BIRC5	-2.394660	0.083581
BIRC6	-3.455723	0.030599
BIRC7	-3.539812	0.028200
BIVM	-5.500307	0.004069
BKGD	-7.176565	0.000764
BLCAP	-7.289153	0.000682
BLID	-5.251733	0.005211
BLK	-3.120929	0.042252
BLM	-3.442984	0.030979
BLMH	-5.333430	0.004804
BLNK	-3.422935	0.031586
BLOC1S1	-2.102071	0.108896
BLOC1S2	-2.267597	0.093842
BLOC1S3	-1.605738	0.167181
BLOC1S4	-2.554990	0.072092
BLOC1S5	-3.714164	0.023796
BLOC1S6	-2.459133	0.078773
BLTP2	-3.674156	0.024743
BLTP3A	-3.486285	0.029705
BLTP3B	-3.996179	0.018054
BLVRA	-2.098354	0.109257
BLVRB	-5.783096	0.003070
BLZF1	-3.763789	0.022670
BMAL1	-3.606188	0.026437
BMAL2	-3.664377	0.024980
BMERB1	-4.657914	0.009397
BMF	-2.200740	0.099684
BMI1	-3.753109	0.022908
BMP1	-3.681690	0.024562
BMP10	-3.745167	0.023086
BMP15	-4.391231	0.012234
BMP2	-3.138894	0.041531
BMP2K	-3.520703	0.028729
BMP3	-3.658925	0.025113
BMP4	-4.118433	0.016010
BMP5	-4.050832	0.017110
BMP6	-3.451555	0.030723
BMP7	-3.609091	0.026363
BMP8A	-4.934504	0.007143
BMP8B	-4.992078	0.006746
BMPER	-3.564875	0.027522
BMPR1A	-3.049229	0.045251
BMPR1B	-3.333949	0.034425
BMPR2	-3.063956	0.044619
BMS1	-7.836295	0.000395
BMX	-3.617931	0.026137
BNC1	-3.882728	0.020179
BNC2	-3.547986	0.027977
BNIP1	-2.124887	0.106701
BNIP2	-2.319977	0.089482
BNIP3	-2.973498	0.048638
BNIP3L	-3.418000	0.031738
BNIP5	-5.115276	0.005968
BNIPL	-5.574277	0.003780
BOC	-3.670720	0.024826
BOD1	-6.609298	0.001346
BOD1L1	-4.349069	0.012754
BOK	-2.676254	0.064389
BOLA1	-4.234998	0.014273
BOLA2	3.332087	0.965513
BOLA2B	-5.398011	0.004505
BOLA3	-3.943461	0.019013
BOLL	-6.998883	0.000912
BOP1	-6.998938	0.000912
BORA	-3.725090	0.023543
BORCS5	-2.689320	0.063607
BORCS6	-2.315807	0.089822
BORCS7	-3.467666	0.030246
BORCS8-MEF2B	-3.802936	0.021819
BPGM	-4.809335	0.008087
BPHL	-3.600333	0.026588
BPI	-3.895799	0.019922
BPIFA1	-4.619508	0.009761
BPIFA2	-4.603584	0.009917
BPIFA3	-5.014281	0.006599
BPIFB1	-4.701682	0.008998
BPIFB2	-5.201122	0.005480
BPIFB3	-4.122346	0.015948
BPIFB4	-3.905704	0.019730
BPIFB6	-3.614820	0.026216
BPIFC	-4.844292	0.007812
BPNT1	-4.973813	0.006869
BPNT2	-5.362411	0.004668
BPTF	-6.884303	0.001023
BPY2	-7.433202	0.000591
BPY2B	-7.433202	0.000591
BPY2C	-7.433202	0.000591
BRAF	-3.963160	0.018649
BRAP	-3.113123	0.042569
BRAT1	-3.565983	0.027492
BRCA1	-3.149411	0.041114
BRCA2	-4.138077	0.015703
BRCC3	-1.399128	0.197955
BRD1	-3.534253	0.028353
BRD10	-3.666002	0.024941
BRD2	-3.497574	0.029381
BRD3	-3.425020	0.031523
BRD4	-4.127379	0.015869
BRD7	-3.800515	0.021870
BRD8	-3.337854	0.034295
BRD9	-5.344075	0.004754
BRDT	-5.007025	0.006646
BRF1	-1.757355	0.147122
BRF2	-1.987969	0.120472
BRI3	-5.999909	0.002473
BRI3BP	-4.340260	0.012865
BRINP1	-3.749819	0.022981
BRINP2	-3.885272	0.020129
BRINP3	-4.401690	0.012108
BRIP1	-0.027923	0.493020
BRIX1	-7.826140	0.000399
BRK1	-2.484840	0.076928
BRME1	-4.878674	0.007550
BRMS1	-4.565154	0.010301
BRMS1L	-3.434928	0.031222
BROX	-2.177347	0.101803
BRPF1	-3.440538	0.031052
BRPF3	-3.460428	0.030459
BRS3	-3.296385	0.035695
BRSK1	-3.921662	0.019423
BRSK2	-2.402833	0.082957
BRWD1	-3.198375	0.039227
BRWD3	-4.536494	0.010597
BSCL2	-5.044573	0.006403
BSDC1	-3.374686	0.033096
BSG	-3.157608	0.040793
BSN	-3.561836	0.027603
BSND	-5.114141	0.005975
BSPH1	-5.415781	0.004426
BSPRY	-3.621635	0.026043
BST1	-3.435275	0.031211
BST2	-3.501459	0.029271
BTAF1	0.985384	0.728175
BTBD1	-3.971896	0.018489
BTBD10	-3.624978	0.025958
BTBD16	-6.020879	0.002422
BTBD17	-3.402605	0.032214
BTBD2	-1.979986	0.121320
BTBD3	-3.515551	0.028873
BTBD6	-3.574263	0.027272
BTBD7	-4.150186	0.015517
BTBD8	-4.327135	0.013033
BTBD9	-4.766033	0.008442
BTC	-4.541389	0.010546
BTD	-5.532722	0.003940
BTF3	-4.848439	0.007780
BTF3L4	-2.604417	0.068855
BTG1	-3.456414	0.030578
BTG2	-3.453539	0.030663
BTG3	-3.441287	0.031030
BTG4	-3.452842	0.030684
BTK	-2.147381	0.104576
BTLA	-3.433540	0.031264
BTN1A1	-3.232172	0.037973
BTN2A1	-4.443231	0.011621
BTN2A2	-4.906655	0.007343
BTN3A1	-5.039082	0.006438
BTN3A2	-4.188700	0.014939
BTN3A3	-4.750144	0.008576
BTNL2	-4.305478	0.013315
BTNL3	-4.048382	0.017151
BTNL8	-3.288022	0.035984
BTNL9	-3.892874	0.019979
BTRC	-3.386205	0.032729
BUB1	-3.351417	0.033849
BUB1B	-3.328461	0.034608
BUB3	0.545551	0.633103
BUD13	-7.635847	0.000483
BUD23	-5.569225	0.003799
BUD31	-7.646200	0.000478
BYSL	-2.148525	0.104469
BZW1	-2.860696	0.054131
BZW2	-2.263600	0.094183
C10orf120	-7.346964	0.000644
C10orf53	-4.541975	0.010540
C10orf62	-6.983384	0.000926
C10orf67	-5.357934	0.004689
C10orf71	-2.591256	0.069703
C10orf88	-5.442766	0.004309
C10orf90	-5.857822	0.002849
C10orf95	-7.277361	0.000691
C11orf16	-6.713860	0.001212
C11orf24	-3.325872	0.034694
C11orf42	-6.530691	0.001456
C11orf52	-4.759404	0.008498
C11orf58	-7.684746	0.000460
C11orf65	-5.566044	0.003811
C11orf68	-3.797388	0.021937
C11orf71	-7.139889	0.000792
C11orf87	-5.122986	0.005923
C12orf42	-7.173949	0.000766
C12orf43	-7.472841	0.000568
C12orf50	-4.901226	0.007383
C12orf54	-6.477248	0.001536
C12orf57	-5.024345	0.006533
C12orf60	-7.349002	0.000643
C12orf71	-7.422372	0.000597
C12orf76	-4.588361	0.010067
C14orf119	-3.959317	0.018719
C14orf180	-6.033614	0.002391
C14orf39	-3.689164	0.024383
C14orf93	-5.561992	0.003826
C15orf39	-3.773556	0.022454
C15orf40	-4.212806	0.014589
C16orf46	-7.402277	0.000609
C16orf54	-5.348944	0.004731
C16orf74	-5.175561	0.005621
C16orf78	-7.520921	0.000541
C16orf82	-7.108801	0.000817
C16orf86	-6.311983	0.001811
C16orf87	-4.243885	0.014149
C16orf89	-6.488203	0.001519
C16orf90	-6.849865	0.001058
C17orf50	-7.477962	0.000565
C17orf58	-5.265778	0.005139
C17orf67	-5.027673	0.006511
C17orf75	-4.311976	0.013230
C17orf78	-3.538420	0.028239
C18orf32	-5.860031	0.002843
C18orf54	-3.567796	0.027444
C19orf12	-4.387843	0.012275
C19orf18	-4.632898	0.009633
C19orf25	-3.409939	0.031986
C19orf33	-5.323493	0.004852
C19orf44	-2.980285	0.048325
C19orf47	-3.739498	0.023214
C19orf53	-7.395564	0.000614
C19orf73	-6.890663	0.001016
C1D	-6.572399	0.001396
C1GALT1	-4.879189	0.007546
C1GALT1C1	-4.833327	0.007897
C1QA	-3.328400	0.034610
C1QB	-3.434295	0.031241
C1QBP	-2.401414	0.083065
C1QC	-3.606996	0.026416
C1QL1	-4.625433	0.009704
C1QL2	-4.375642	0.012424
C1QL3	-3.838194	0.021079
C1QL4	-4.207328	0.014668
C1QTNF1	-4.105444	0.016215
C1QTNF12	-4.598077	0.009971
C1QTNF2	-4.610126	0.009853
C1QTNF3	-4.123877	0.015924
C1QTNF4	-5.061516	0.006296
C1QTNF5	-3.576166	0.027221
C1QTNF6	-5.131702	0.005872
C1QTNF7	-4.676344	0.009227
C1QTNF8	-4.917239	0.007266
C1QTNF9	-4.755064	0.008535
C1QTNF9B	-4.758769	0.008503
C1R	-3.755389	0.022857
C1RL	-3.578659	0.027155
C1S	-3.509438	0.029045
C1orf105	-7.387058	0.000619
C1orf115	-6.172336	0.002082
C1orf116	-5.621269	0.003607
C1orf122	-7.216309	0.000734
C1orf141	-6.188610	0.002048
C1orf146	-6.451259	0.001576
C1orf159	-4.014000	0.017741
C1orf162	-3.166429	0.040449
C1orf174	-7.077784	0.000843
C1orf198	-5.470964	0.004190
C1orf21	-5.359909	0.004679
C1orf210	-4.534999	0.010613
C1orf216	-5.449511	0.004280
C1orf226	-5.344517	0.004752
C1orf35	-7.667042	0.000468
C1orf50	-4.660797	0.009370
C1orf52	-7.609204	0.000496
C1orf53	-6.013555	0.002439
C1orf54	-5.052623	0.006352
C1orf56	-4.714807	0.008882
C1orf74	-6.957681	0.000950
C1orf87	-6.705619	0.001223
C1orf94	-7.043061	0.000873
C2	-4.849596	0.007771
C20orf141	-6.432641	0.001606
C20orf144	-5.840019	0.002900
C20orf204	-2.614368	0.068219
C20orf96	-5.137743	0.005837
C21orf58	-6.942848	0.000965
C21orf91	-4.705322	0.008966
C22orf15	-7.121813	0.000807
C22orf23	-4.492594	0.011068
C22orf31	-6.369398	0.001710
C22orf39	-3.654946	0.025211
C22orf42	-7.047885	0.000868
C2CD2	-5.139561	0.005826
C2CD2L	-4.363857	0.012569
C2CD3	-3.488962	0.029628
C2CD4A	-5.345862	0.004745
C2CD4B	-5.459840	0.004236
C2CD5	-3.498796	0.029347
C2orf15	-5.306667	0.004934
C2orf42	-5.896106	0.002743
C2orf49	2.079892	0.888933
C2orf66	-4.214358	0.014566
C2orf68	-6.079084	0.002285
C2orf69	-4.597796	0.009974
C2orf76	-4.952750	0.007014
C2orf78	-3.469602	0.030190
C3	-3.694546	0.024256
C3AR1	-3.485436	0.029729
C3orf18	-5.064169	0.006279
C3orf20	-7.573594	0.000514
C3orf22	-4.377366	0.012403
C3orf33	-3.530095	0.028468
C3orf38	-3.803762	0.021801
C3orf52	-4.315895	0.013179
C3orf62	-7.267756	0.000697
C3orf70	-7.303077	0.000673
C4A	-4.403690	0.012084
C4B	-4.405821	0.012059
C4BPA	-4.095759	0.016371
C4BPB	-5.529350	0.003953
C4orf17	-7.317096	0.000664
C4orf33	-4.852873	0.007745
C4orf36	-7.464427	0.000573
C4orf46	3.593254	0.973228
C4orf50	-5.498575	0.004076
C4orf51	-6.613837	0.001340
C5	-4.439153	0.011668
C5AR1	-3.593845	0.026757
C5AR2	-3.636769	0.025661
C5orf15	-3.962479	0.018661
C5orf22	-6.290982	0.001850
C5orf24	-3.621365	0.026049
C5orf34	-6.704275	0.001224
C5orf46	-3.003649	0.047261
C6	-3.677771	0.024656
C6orf118	-4.929064	0.007181
C6orf120	-5.818264	0.002964
C6orf136	-3.495897	0.029429
C6orf15	-5.373347	0.004617
C6orf163	-6.331155	0.001777
C6orf47	-4.826652	0.007950
C6orf58	-5.768133	0.003116
C6orf62	-4.767583	0.008429
C6orf89	-5.572135	0.003788
C7	-3.750037	0.022977
C7orf25	-3.910933	0.019629
C7orf33	-7.422949	0.000597
C8A	-3.719146	0.023680
C8B	-3.582113	0.027064
C8G	-4.533005	0.010634
C8orf33	-5.745367	0.003187
C8orf34	-5.610284	0.003647
C8orf58	-5.430927	0.004360
C8orf74	-4.993733	0.006735
C8orf76	-3.983929	0.018272
C8orf82	-5.290751	0.005013
C9	-3.768286	0.022570
C9orf152	-6.387584	0.001679
C9orf40	-5.731286	0.003232
C9orf43	-7.623571	0.000489
C9orf50	-7.442766	0.000585
C9orf72	-3.621051	0.026057
C9orf78	-7.538313	0.000532
C9orf85	-3.667194	0.024912
CA1	-6.018909	0.002426
CA10	-5.342847	0.004759
CA11	-5.299883	0.004967
CA12	-5.042242	0.006418
CA13	-5.972850	0.002541
CA14	-5.201201	0.005480
CA2	-6.035855	0.002386
CA3	-2.362245	0.086097
CA4	-5.298527	0.004974
CA5A	-6.229783	0.001966
CA5B	-5.042763	0.006414
CA6	-5.449204	0.004281
CA7	-5.663809	0.003457
CA8	-6.598040	0.001361
CA9	-5.179962	0.005597
CAAP1	-3.686546	0.024446
CAB39	-2.569118	0.071153
CAB39L	-2.481779	0.077145
CABCOCO1	-3.524557	0.028622
CABIN1	-2.525136	0.074115
CABLES1	-4.073749	0.016729
CABLES2	-3.526064	0.028580
CABP1	-5.617307	0.003621
CABP2	-5.064116	0.006280
CABP4	-5.167122	0.005669
CABP5	-4.656150	0.009414
CABP7	-5.321198	0.004863
CABS1	-7.022011	0.000891
CABYR	-5.165626	0.005677
CACFD1	-4.036998	0.017344
CACHD1	-3.925920	0.019342
CACNA1A	-2.673197	0.064574
CACNA1B	-3.295160	0.035738
CACNA1C	-3.635491	0.025693
CACNA1D	-4.065541	0.016864
CACNA1E	-2.886474	0.052826
CACNA1F	-4.130563	0.015820
CACNA1G	-3.522286	0.028685
CACNA1H	-3.626733	0.025914
CACNA1I	-3.648909	0.025360
CACNA1S	-4.517364	0.010800
CACNA2D1	-3.481721	0.029837
CACNA2D2	-3.482735	0.029807
CACNA2D3	-3.504396	0.029187
CACNA2D4	-4.045652	0.017197
CACNB1	-3.004202	0.047236
CACNB2	-3.365557	0.033389
CACNB3	-2.134598	0.105779
CACNB4	-3.172619	0.040209
CACNG1	-3.648064	0.025381
CACNG2	-4.451988	0.011521
CACNG3	-4.048961	0.017142
CACNG4	-4.717620	0.008857
CACNG5	-3.713189	0.023818
CACNG6	-4.730899	0.008741
CACNG7	-3.694290	0.024262
CACNG8	-4.723472	0.008806
CACTIN	-5.299994	0.004967
CACUL1	-2.158420	0.103547
CACYBP	-2.634406	0.066957
CAD	-4.741313	0.008652
CADM1	-2.582350	0.070283
CADM2	-3.527820	0.028531
CADM3	-3.000133	0.047420
CADM4	-3.599402	0.026612
CADPS	-3.454947	0.030622
CADPS2	-2.764498	0.059273
CAGE1	-5.861066	0.002840
CALB1	-4.374548	0.012437
CALB2	-4.843037	0.007821
CALCB	-3.399930	0.032298
CALCOCO1	-3.506819	0.029119
CALCOCO2	-3.509632	0.029039
CALCR	-3.447651	0.030839
CALCRL	-3.533052	0.028386
CALD1	-2.867831	0.053767
CALHM1	-4.753596	0.008547
CALHM2	-4.892705	0.007445
CALHM3	-5.092259	0.006107
CALHM4	-3.834723	0.021150
CALHM5	-4.821384	0.007991
CALHM6	-5.002892	0.006674
CALM1	-3.110449	0.042678
CALM2	-3.110449	0.042678
CALM3	-3.110449	0.042678
CALML3	-4.721657	0.008822
CALML4	-3.361545	0.033519
CALML5	-3.411339	0.031943
CALML6	-2.153561	0.103999
CALN1	-5.438492	0.004327
CALR	-1.973802	0.121981
CALR3	-3.449133	0.030795
CALU	-3.156677	0.040829
CALY	-3.796078	0.021965
CAMK1	-2.584017	0.070174
CAMK1D	-3.092114	0.043434
CAMK1G	-3.888240	0.020070
CAMK2A	-2.984520	0.048130
CAMK2B	-3.620878	0.026062
CAMK2D	-2.782596	0.058272
CAMK2G	-2.478865	0.077353
CAMK2N1	-7.510181	0.000547
CAMK2N2	-3.605894	0.026445
CAMK4	-2.283897	0.092465
CAMKK1	-3.810294	0.021662
CAMKK2	-3.320367	0.034879
CAMKMT	-7.468795	0.000570
CAMKV	-4.353364	0.012700
CAMLG	-3.090368	0.043506
CAMP	-4.700103	0.009012
CAMSAP1	-4.256501	0.013974
CAMSAP2	-4.326075	0.013047
CAMSAP3	-3.272097	0.036541
CAMTA1	-4.514757	0.010828
CAMTA2	-5.571991	0.003788
CAND1	-4.337951	0.012895
CAND2	-2.944766	0.049984
CANT1	-4.760647	0.008487
CANX	-2.786199	0.058075
CAP1	-2.647913	0.066118
CAP2	-2.446641	0.079685
CAPG	-6.147985	0.002133
CAPN1	-3.462524	0.030398
CAPN11	-3.486929	0.029686
CAPN12	-4.767549	0.008430
CAPN13	-3.629924	0.025833
CAPN15	-3.137837	0.041573
CAPN2	-3.214468	0.038625
CAPN3	-3.078475	0.044004
CAPN5	-3.146207	0.041241
CAPN6	-4.494478	0.011047
CAPN7	-3.303754	0.035443
CAPN9	-3.680916	0.024580
CAPNS1	-3.063956	0.044619
CAPNS2	-3.782139	0.022267
CAPRIN1	-5.853604	0.002861
CAPRIN2	-3.649570	0.025343
CAPS	-4.564142	0.010311
CAPS2	-5.328718	0.004827
CAPSL	-5.118176	0.005951
CAPZA1	-2.660365	0.065353
CAPZA2	-2.817639	0.056378
CAPZA3	-2.418561	0.081768
CAPZB	-1.712571	0.152831
CARD10	-3.448227	0.030822
CARD11	-2.909723	0.051675
CARD14	-3.371276	0.033205
CARD16	-3.586938	0.026937
CARD18	-1.907739	0.129235
CARD6	-4.737525	0.008684
CARD8	-3.472707	0.030099
CARD9	-5.403905	0.004479
CARF	-5.010710	0.006622
CARHSP1	-6.543612	0.001437
CARM1	-3.202773	0.039062
CARMIL1	-3.229755	0.038061
CARMIL2	-3.734170	0.023335
CARMIL3	-3.302545	0.035484
CARNMT1	-6.518038	0.001474
CARS1	-3.333083	0.034454
CARS2	-1.928051	0.126967
CARTPT	-4.673441	0.009254
CASC3	-3.284015	0.036124
CASD1	-5.334392	0.004800
CASK	-3.122064	0.042206
CASKIN1	-4.408769	0.012024
CASKIN2	-3.721186	0.023633
CASP1	-3.002049	0.047333
CASP10	-3.980488	0.018334
CASP14	-3.482053	0.029827
CASP2	-4.377856	0.012397
CASP3	-3.739930	0.023205
CASP4	-3.241184	0.037645
CASP5	-3.476814	0.029979
CASP6	-4.116841	0.016035
CASP7	-3.912953	0.019590
CASP8	-3.351265	0.033854
CASP8AP2	-3.764790	0.022648
CASP9	-3.429448	0.031388
CASQ1	-3.320844	0.034863
CASQ2	-3.942157	0.019037
CASR	-3.576026	0.027225
CASS4	-4.002597	0.017940
CAST	-3.378001	0.032990
CASTOR1	-4.086575	0.016519
CASZ1	-3.621477	0.026047
CAT	-4.416622	0.011931
CATIP	-7.091185	0.000832
CATSPER1	-3.566185	0.027487
CATSPER2	-2.104873	0.108624
CATSPER3	-3.737124	0.023268
CATSPER4	-2.668549	0.064855
CATSPERB	-5.061791	0.006294
CATSPERD	-5.026896	0.006516
CATSPERE	-5.057738	0.006320
CATSPERG	-4.505401	0.010928
CATSPERT	-4.213105	0.014584
CAV1	-3.554909	0.027790
CAV2	-3.638127	0.025628
CAV3	-3.578485	0.027160
CAVIN1	-4.324749	0.013064
CAVIN2	-4.441128	0.011645
CAVIN3	-4.435048	0.011716
CAVIN4	-4.877895	0.007556
CBARP	-4.976417	0.006851
CBFA2T2	-3.559152	0.027675
CBFA2T3	-3.554800	0.027793
CBFB	-3.498293	0.029361
CBL	-2.360487	0.086236
CBLB	-2.963691	0.049093
CBLC	-2.962249	0.049161
CBLIF	-4.070996	0.016774
CBLL1	-3.438801	0.031105
CBLL2	-4.029938	0.017465
CBLN1	-3.652738	0.025265
CBLN2	-5.091616	0.006111
CBLN3	-3.061831	0.044709
CBLN4	-4.299544	0.013393
CBR1	-3.844491	0.020949
CBR3	-5.053587	0.006346
CBR4	-4.967038	0.006916
CBS	-5.736571	0.003215
CBX1	-3.831232	0.021223
CBX3	-2.565586	0.071386
CBX4	-4.576397	0.010187
CBX5	-2.716887	0.061984
CBX6	-4.177448	0.015106
CBX7	-3.878669	0.020259
CBX8	-3.632131	0.025778
CBY1	-3.754662	0.022873
CBY2	-5.491631	0.004104
CC2D1A	-2.762300	0.059396
CC2D1B	-3.467806	0.030242
CC2D2A	-4.737889	0.008681
CC2D2B	-4.532863	0.010636
CCAR1	-5.316565	0.004886
CCAR2	-3.487125	0.029681
CCBE1	-3.731543	0.023395
CCDC102A	-4.571969	0.010232
CCDC102B	-4.955100	0.006998
CCDC106	-3.633319	0.025748
CCDC107	-4.867041	0.007637
CCDC110	-5.149578	0.005768
CCDC112	-5.493385	0.004097
CCDC116	-7.566495	0.000517
CCDC117	-4.539227	0.010569
CCDC12	-7.548082	0.000527
CCDC120	-3.733582	0.023349
CCDC121	-4.683116	0.009165
CCDC122	-4.184738	0.014998
CCDC124	-7.160999	0.000776
CCDC125	-5.571663	0.003790
CCDC126	-4.861085	0.007683
CCDC127	-3.551911	0.027871
CCDC13	-4.703846	0.008979
CCDC134	-4.492185	0.011072
CCDC136	-4.528376	0.010683
CCDC138	-3.456678	0.030570
CCDC14	-3.674642	0.024731
CCDC141	-3.879692	0.020239
CCDC142	-4.962078	0.006950
CCDC146	-2.980075	0.048334
CCDC148	-4.825436	0.007959
CCDC149	-4.797032	0.008187
CCDC15	-6.503456	0.001496
CCDC150	-4.968222	0.006907
CCDC152	-6.547366	0.001432
CCDC157	-3.644307	0.025474
CCDC158	-3.116354	0.042438
CCDC159	-7.084808	0.000837
CCDC167	-5.249955	0.005220
CCDC17	-4.089166	0.016477
CCDC170	-5.119098	0.005946
CCDC171	-3.631411	0.025796
CCDC172	-4.075200	0.016705
CCDC174	-4.906720	0.007342
CCDC178	-3.544971	0.028059
CCDC18	-4.725798	0.008786
CCDC181	-6.408842	0.001644
CCDC183	-2.674348	0.064504
CCDC184	-6.234443	0.001957
CCDC185	-7.096950	0.000827
CCDC186	-4.395451	0.012183
CCDC187	-5.455275	0.004256
CCDC190	-7.380521	0.000623
CCDC191	-5.906976	0.002713
CCDC197	-3.502462	0.029242
CCDC198	-7.185059	0.000757
CCDC22	-2.382434	0.084522
CCDC24	-5.373168	0.004618
CCDC25	-5.766418	0.003121
CCDC27	-5.300025	0.004967
CCDC28A	-1.413992	0.195605
CCDC28B	-3.344964	0.034060
CCDC3	-4.947931	0.007048
CCDC30	-4.442750	0.011627
CCDC32	-6.736593	0.001185
CCDC33	-4.290453	0.013514
CCDC34	-6.380608	0.001691
CCDC38	-4.677913	0.009213
CCDC42	-3.939471	0.019087
CCDC43	-7.321779	0.000661
CCDC47	-5.532812	0.003939
CCDC50	-4.951693	0.007022
CCDC51	-3.670075	0.024842
CCDC54	-7.479371	0.000564
CCDC57	-3.509905	0.029032
CCDC59	-7.751709	0.000430
CCDC6	-3.526392	0.028571
CCDC60	-6.827779	0.001082
CCDC61	-2.774206	0.058734
CCDC62	-3.229030	0.038088
CCDC63	-3.516694	0.028841
CCDC66	-3.598191	0.026644
CCDC68	-6.453625	0.001572
CCDC69	-4.842206	0.007828
CCDC7	-4.909306	0.007324
CCDC70	-7.248600	0.000711
CCDC71	-7.577487	0.000512
CCDC71L	-5.652180	0.003498
CCDC73	-4.881004	0.007532
CCDC74A	-6.050071	0.002352
CCDC74B	-6.261304	0.001905
CCDC77	-4.900957	0.007385
CCDC78	-5.396187	0.004513
CCDC8	-6.692867	0.001238
CCDC80	-3.663091	0.025011
CCDC81	-3.302452	0.035487
CCDC82	-3.823934	0.021375
CCDC83	-6.977304	0.000932
CCDC85A	-5.337135	0.004787
CCDC85B	-5.264093	0.005147
CCDC86	-7.585437	0.000508
CCDC87	-6.155897	0.002116
CCDC88A	-3.409158	0.032010
CCDC88B	-3.652268	0.025277
CCDC88C	-3.495418	0.029443
CCDC89	-5.296956	0.004982
CCDC9	-6.724730	0.001199
CCDC90B	-4.827864	0.007940
CCDC91	-4.242529	0.014168
CCDC92	-5.429014	0.004368
CCDC93	0.181089	0.545149
CCDC97	-7.755889	0.000428
CCER1	-7.523335	0.000540
CCHCR1	-3.910936	0.019629
CCIN	-3.791300	0.022068
CCK	-3.411655	0.031933
CCKAR	-3.482367	0.029818
CCKBR	-3.368187	0.033305
CCL1	-3.383146	0.032826
CCL11	-3.378752	0.032966
CCL13	-3.464067	0.030352
CCL14	-3.354770	0.033739
CCL15	-3.331013	0.034522
CCL16	-3.581960	0.027068
CCL17	-3.389780	0.032616
CCL18	-3.204443	0.038999
CCL19	-3.427662	0.031442
CCL2	-3.230730	0.038026
CCL20	-3.415828	0.031804
CCL21	-3.360217	0.033562
CCL22	-3.388739	0.032649
CCL23	-3.335886	0.034360
CCL24	-3.381774	0.032870
CCL25	-3.407825	0.032052
CCL26	-3.419617	0.031688
CCL27	-3.426867	0.031466
CCL28	-3.460617	0.030454
CCL3	-3.377809	0.032996
CCL3L1	-3.385424	0.032754
CCL3L3	-3.385424	0.032754
CCL4	-3.131444	0.041829
CCL4L1	-3.166845	0.040433
CCL4L2	-2.991257	0.047822
CCL5	-3.336178	0.034351
CCL7	-3.465299	0.030316
CCL8	-3.540153	0.028191
CCM2	-3.686428	0.024449
CCM2L	-3.827303	0.021304
CCN1	-3.395485	0.032437
CCN2	-3.081024	0.043897
CCN3	-3.366496	0.033359
CCN4	-3.767543	0.022587
CCN5	-4.563874	0.010314
CCN6	-3.653062	0.025257
CCNA1	-2.934189	0.050489
CCNA2	-3.284199	0.036117
CCNB1	-2.471967	0.077847
CCNB1IP1	0.361895	0.589499
CCNB2	-2.646156	0.066226
CCNB3	-3.467663	0.030246
CCNC	-6.960853	0.000947
CCND1	-3.852042	0.020795
CCND2	-3.287739	0.035994
CCND3	-3.502271	0.029248
CCNDBP1	-3.680738	0.024585
CCNE1	-1.134174	0.243392
CCNE2	-2.535291	0.073421
CCNF	-1.245848	0.223420
CCNG1	-3.620359	0.026075
CCNG2	-3.376582	0.033035
CCNH	-2.685012	0.063864
CCNI	-3.457103	0.030558
CCNI2	-3.653360	0.025250
CCNJ	-5.803918	0.003007
CCNJL	-5.338352	0.004781
CCNK	-6.881171	0.001026
CCNL1	-2.806288	0.056985
CCNL2	-2.185056	0.101101
CCNO	-3.453940	0.030652
CCNP	-3.481893	0.029832
CCNQ	-3.178951	0.039966
CCNT1	-4.028866	0.017483
CCNT2	-1.898371	0.130293
CCNY	-3.458336	0.030521
CCNYL1	-3.452809	0.030685
CCPG1	-4.043679	0.017231
CCR1	-3.485518	0.029727
CCR10	-3.308168	0.035292
CCR2	-3.342928	0.034128
CCR3	-3.467291	0.030257
CCR4	-3.331125	0.034519
CCR5	-3.009831	0.046984
CCR6	-3.525714	0.028589
CCR7	-3.314302	0.035084
CCR8	-3.522365	0.028683
CCR9	-3.502526	0.029240
CCRL2	-3.315800	0.035033
CCS	-3.694918	0.024247
CCSAP	-7.499484	0.000553
CCSER1	-5.051325	0.006360
CCSER2	-3.827366	0.021303
CCT2	-1.020686	0.264894
CCT3	1.813376	0.859769
CCT4	-3.117050	0.042409
CCT5	-2.175599	0.101963
CCT6A	3.935870	0.980845
CCT6B	3.781749	0.977725
CCT7	1.571243	0.827961
CCT8	-1.806412	0.141072
CCT8L2	-2.001315	0.119065
CCZ1	-3.969702	0.018529
CCZ1B	-3.969702	0.018529
CD101	-3.132887	0.041771
CD109	-3.614827	0.026216
CD14	-3.331497	0.034506
CD151	-4.143361	0.015622
CD160	-2.359079	0.086347
CD163	-4.549210	0.010465
CD163L1	-4.833102	0.007899
CD164	-3.596454	0.026689
CD164L2	-4.854484	0.007733
CD177	-4.807476	0.008102
CD180	-3.213740	0.038652
CD19	-3.379536	0.032941
CD1A	-4.641743	0.009549
CD1B	-4.410652	0.012001
CD1C	-3.632457	0.025769
CD1D	-3.799309	0.021896
CD1E	-3.951666	0.018860
CD2	-2.873180	0.053495
CD200	-1.938611	0.125801
CD200R1	-2.615767	0.068131
CD200R1L	-2.743860	0.060434
CD207	-4.735759	0.008699
CD209	-2.605398	0.068792
CD22	-2.733213	0.061042
CD226	-2.022550	0.116856
CD24	-5.182384	0.005583
CD244	-2.883323	0.052984
CD247	-3.410753	0.031961
CD248	-4.047725	0.017162
CD27	-2.854075	0.054471
CD274	-2.206263	0.099189
CD276	-2.096090	0.109477
CD28	-3.452970	0.030680
CD2AP	-3.593288	0.026771
CD2BP2	-1.976347	0.121709
CD300A	-3.703266	0.024050
CD300C	-4.795273	0.008201
CD300E	-4.973822	0.006869
CD300LB	-4.029893	0.017466
CD300LD	-5.513909	0.004014
CD300LF	-2.569423	0.071132
CD300LG	-5.246328	0.005239
CD302	-4.142770	0.015631
CD320	-3.471475	0.030135
CD33	-2.797122	0.057480
CD34	-3.558823	0.027684
CD36	-4.198705	0.014793
CD37	-4.675146	0.009238
CD38	-2.929266	0.050726
CD3D	-3.424170	0.031549
CD3E	-3.440631	0.031049
CD3G	-3.588721	0.026891
CD4	-2.920299	0.051159
CD40	-3.190655	0.039519
CD40LG	-2.439472	0.080212
CD44	-3.270399	0.036601
CD46	-2.876750	0.053315
CD47	-2.313238	0.090033
CD48	-2.610164	0.068487
CD5	-2.794482	0.057623
CD52	-5.076364	0.006204
CD53	-4.815182	0.008041
CD55	-3.626677	0.025915
CD58	-2.346178	0.087370
CD59	-3.538932	0.028225
CD5L	-5.066113	0.006267
CD6	-3.338519	0.034273
CD63	-3.442657	0.030989
CD68	-3.350479	0.033879
CD69	-3.576668	0.027208
CD7	-2.685647	0.063826
CD70	-2.001384	0.119058
CD72	-3.106746	0.042830
CD74	-3.605230	0.026462
CD79A	-3.499849	0.029317
CD79B	-1.962806	0.123164
CD80	-2.446367	0.079705
CD81	-3.881969	0.020194
CD82	-3.987107	0.018215
CD83	-2.858706	0.054233
CD84	-3.548097	0.027974
CD86	-3.290070	0.035913
CD8A	-2.638647	0.066692
CD8B	-2.980271	0.048325
CD9	-2.939432	0.050238
CD93	-3.594722	0.026734
CD96	-3.129735	0.041897
CD99	-3.665370	0.024956
CD99L2	-4.460727	0.011422
CDA	-3.504213	0.029193
CDADC1	-3.443383	0.030967
CDAN1	-2.170608	0.102421
CDC123	-5.071895	0.006231
CDC14A	-3.212671	0.038692
CDC14B	-3.625371	0.025948
CDC16	-2.670839	0.064716
CDC20	-2.713390	0.062188
CDC20B	-3.519012	0.028776
CDC23	-3.276664	0.036380
CDC25A	-4.158718	0.015387
CDC25B	-3.471414	0.030137
CDC25C	-3.352660	0.033808
CDC26	-1.115164	0.246909
CDC34	-1.997201	0.119497
CDC37	-3.133392	0.041751
CDC37L1	-4.026582	0.017523
CDC40	-7.540043	0.000531
CDC42	-3.000403	0.047408
CDC42BPA	-3.004959	0.047202
CDC42BPB	-2.583917	0.070181
CDC42BPG	-3.096057	0.043270
CDC42EP1	-3.812760	0.021610
CDC42EP2	-5.617620	0.003620
CDC42EP3	-5.519940	0.003990
CDC42EP4	-4.956413	0.006989
CDC42EP5	-5.413925	0.004434
CDC42SE1	-4.910926	0.007312
CDC42SE2	-5.087189	0.006137
CDC45	-3.521331	0.028711
CDC5L	-3.678287	0.024644
CDC6	-0.870833	0.295081
CDC7	-2.045899	0.114467
CDC73	-7.021149	0.000892
CDCA2	-4.070685	0.016779
CDCA3	-3.506556	0.029126
CDCA4	-5.914397	0.002693
CDCA5	-3.929553	0.019274
CDCA7	-3.709085	0.023914
CDCA7L	-3.457976	0.030532
CDCA8	-0.770823	0.316301
CDCP1	-2.844261	0.054979
CDCP2	-3.678378	0.024641
CDH1	-3.013855	0.046804
CDH10	-3.756190	0.022839
CDH11	-3.439504	0.031083
CDH12	-3.659903	0.025089
CDH13	-3.465952	0.030297
CDH15	-3.482862	0.029804
CDH16	-3.478333	0.029935
CDH17	-3.191331	0.039493
CDH18	-3.643359	0.025497
CDH19	-3.929084	0.019283
CDH2	-2.993089	0.047739
CDH20	-3.521113	0.028717
CDH22	-3.737650	0.023256
CDH23	-4.199459	0.014782
CDH24	-3.982226	0.018303
CDH26	-4.339834	0.012871
CDH3	-3.166965	0.040428
CDH4	-3.301935	0.035505
CDH5	-2.765672	0.059208
CDH6	-3.273202	0.036502
CDH7	-3.719156	0.023680
CDH8	-3.928579	0.019292
CDH9	-2.826411	0.055914
CDHR1	-4.249663	0.014068
CDHR2	-3.398589	0.032340
CDHR3	-3.209168	0.038822
CDHR4	-2.446794	0.079673
CDHR5	-2.832789	0.055578
CDIN1	-3.870791	0.020416
CDIP1	-5.594827	0.003703
CDIPT	-1.885569	0.131750
CDK1	-3.504793	0.029176
CDK10	-1.764839	0.146185
CDK11A	-2.850531	0.054654
CDK11B	-3.416035	0.031798
CDK12	-6.668496	0.001269
CDK13	-4.350027	0.012742
CDK14	-1.797433	0.142164
CDK15	-3.310869	0.035200
CDK16	-3.266985	0.036721
CDK17	-2.614917	0.068185
CDK18	-3.592076	0.026803
CDK19	-3.916574	0.019521
CDK2	-3.402536	0.032216
CDK20	-4.394485	0.012195
CDK2AP1	-1.074541	0.254540
CDK2AP2	-3.825839	0.021335
CDK3	-3.167335	0.040414
CDK4	-3.057458	0.044897
CDK5	-1.008133	0.267345
CDK5R1	-3.460150	0.030468
CDK5R2	-3.547058	0.028003
CDK5RAP1	-3.305809	0.035372
CDK5RAP2	-3.721811	0.023619
CDK5RAP3	-3.433448	0.031266
CDK6	-2.730685	0.061187
CDK7	-2.340492	0.087824
CDK8	-3.728457	0.023466
CDK9	-2.326109	0.088984
CDKAL1	-3.189885	0.039548
CDKL1	-3.429252	0.031394
CDKL2	-3.582412	0.027056
CDKL3	-3.648211	0.025377
CDKL4	-3.458539	0.030515
CDKL5	-3.574468	0.027266
CDKN1A	-2.941866	0.050122
CDKN1B	-1.126893	0.244735
CDKN1C	-2.275629	0.093162
CDKN2A	-3.267239	0.036712
CDKN2AIP	-3.516579	0.028844
CDKN2AIPNL	-4.868319	0.007628
CDKN2B	-3.560082	0.027650
CDKN2C	-3.519683	0.028757
CDKN2D	-3.659712	0.025094
CDKN3	0.074879	0.518711
CDNF	-4.138416	0.015698
CDO1	-6.009817	0.002449
CDON	-3.721986	0.023615
CDPF1	-5.057781	0.006319
CDR2	-3.183172	0.039804
CDR2L	-4.329792	0.012999
CDRT15	-5.119314	0.005945
CDRT4	-7.281036	0.000688
CDS1	-4.761201	0.008483
CDS2	-4.254972	0.013995
CDSN	-5.293900	0.004997
CDT1	-2.586661	0.070002
CDV3	-5.450009	0.004278
CDX1	-3.584844	0.026992
CDX2	-3.782631	0.022256
CDX4	-3.602339	0.026536
CDY1	-3.635870	0.025684
CDY1B	-3.635870	0.025684
CDY2A	-3.771180	0.022507
CDY2B	-3.771180	0.022507
CDYL	-3.568647	0.027421
CDYL2	-3.606625	0.026426
CEACAM1	-3.429858	0.031375
CEACAM16	-4.785914	0.008277
CEACAM18	-3.576616	0.027209
CEACAM19	-3.082774	0.043823
CEACAM21	-3.635004	0.025706
CEACAM3	-3.627773	0.025887
CEACAM4	-3.510285	0.029021
CEACAM5	-3.067100	0.044485
CEACAM6	-3.483516	0.029785
CEACAM7	-3.921814	0.019421
CEACAM8	-3.949936	0.018892
CEBPA	-3.446346	0.030878
CEBPB	-3.451189	0.030733
CEBPD	-3.389419	0.032628
CEBPE	-3.374914	0.033089
CEBPG	-3.471100	0.030146
CEL	-4.716110	0.008871
CELA1	-5.727643	0.003244
CELA2A	-4.875259	0.007575
CELA2B	-5.015759	0.006589
CELA3A	-5.175957	0.005619
CELA3B	-5.137859	0.005836
CELF1	-7.303608	0.000673
CELF2	-7.341622	0.000648
CELF3	-5.346787	0.004741
CELF4	-6.648390	0.001294
CELF5	-7.345295	0.000645
CELF6	-4.965865	0.006924
CELSR1	-4.518560	0.010787
CELSR2	-3.458721	0.030510
CELSR3	-5.028737	0.006504
CEMIP	-5.035131	0.006463
CEMIP2	-4.865730	0.007647
CEMP1	-6.940329	0.000967
CENATAC	0.183654	0.545785
CEND1	-5.045861	0.006395
CENPA	3.043560	0.954504
CENPB	-3.668851	0.024871
CENPC	-3.575547	0.027237
CENPE	-3.428734	0.031409
CENPF	-3.117383	0.042396
CENPH	-2.746671	0.060275
CENPI	-2.233396	0.096791
CENPK	-2.603022	0.068944
CENPL	-3.224814	0.038243
CENPM	-5.258452	0.005176
CENPN	-3.352460	0.033815
CENPO	3.741769	0.976837
CENPP	-3.819440	0.021469
CENPQ	1.692148	0.844507
CENPS	-2.303260	0.090853
CENPT	-0.984308	0.272038
CENPU	-1.870048	0.133536
CENPV	-6.772048	0.001144
CENPW	-4.545388	0.010505
CENPX	-3.413012	0.031891
CEP104	-3.342197	0.034152
CEP112	-4.110146	0.016141
CEP120	-3.285017	0.036089
CEP126	-3.608561	0.026376
CEP128	-3.479227	0.029909
CEP131	-3.830584	0.021236
CEP135	-3.569374	0.027402
CEP15	-4.491786	0.011077
CEP152	-3.586226	0.026956
CEP162	-3.594650	0.026736
CEP164	-3.479031	0.029915
CEP170	-3.916789	0.019516
CEP170B	-3.955167	0.018795
CEP19	-4.462941	0.011397
CEP192	-4.718256	0.008852
CEP20	-3.825711	0.021338
CEP250	-3.902075	0.019800
CEP290	-3.328005	0.034623
CEP350	-5.773914	0.003098
CEP41	-2.821842	0.056155
CEP43	-2.493608	0.076307
CEP44	-3.003172	0.047283
CEP55	-4.904268	0.007360
CEP57	-2.030287	0.116059
CEP57L1	-4.732217	0.008730
CEP63	-4.149240	0.015531
CEP68	-5.268465	0.005125
CEP70	-1.631539	0.163620
CEP72	-2.991846	0.047796
CEP76	-2.276285	0.093106
CEP83	-5.093479	0.006099
CEP85	-5.304716	0.004944
CEP85L	-5.088905	0.006127
CEP89	-4.149870	0.015522
CEP95	-4.715917	0.008872
CEP97	-5.737548	0.003212
CEPT1	-4.170450	0.015210
CER1	-3.718361	0.023698
CERCAM	-4.551103	0.010445
CERK	-4.062556	0.016914
CERKL	-4.480329	0.011203
CERS1	-5.066473	0.006265
CERS2	-4.746721	0.008605
CERS3	-5.087804	0.006134
CERS4	-4.975221	0.006860
CERS5	-5.092245	0.006107
CERS6	-5.873748	0.002804
CERT1	-2.548099	0.072554
CES1	-3.800343	0.021874
CES2	-3.920414	0.019447
CES3	-4.497610	0.011013
CES4A	-4.151675	0.015494
CES5A	-4.230488	0.014337
CETN1	-2.677983	0.064285
CETN2	-2.705978	0.062622
CETN3	-2.179631	0.101595
CETP	-3.549527	0.027935
CFAP100	-4.209310	0.014639
CFAP107	-5.420340	0.004406
CFAP119	-4.693202	0.009074
CFAP126	-6.940760	0.000967
CFAP141	-5.688071	0.003375
CFAP157	-5.138562	0.005832
CFAP161	-2.958461	0.049338
CFAP184	-4.602708	0.009925
CFAP20	-3.254948	0.037149
CFAP206	-3.375570	0.033068
CFAP20DC	-3.641675	0.025539
CFAP210	-4.296419	0.013434
CFAP221	-5.044764	0.006402
CFAP251	-5.965643	0.002559
CFAP263	-3.280864	0.036234
CFAP298	-1.386577	0.199955
CFAP299	-7.066764	0.000852
CFAP300	-0.319192	0.420873
CFAP36	-2.633909	0.066988
CFAP410	-3.461135	0.030439
CFAP418	-2.731689	0.061129
CFAP43	-4.111549	0.016118
CFAP44	-4.964264	0.006935
CFAP45	-3.778268	0.022351
CFAP46	-0.099766	0.475079
CFAP47	-4.620823	0.009749
CFAP52	-4.884446	0.007507
CFAP53	-4.111518	0.016119
CFAP54	-0.629761	0.347565
CFAP57	-2.485027	0.076915
CFAP58	-2.303137	0.090864
CFAP61	-3.395792	0.032427
CFAP65	-3.759367	0.022768
CFAP68	-6.965203	0.000943
CFAP69	-3.519252	0.028769
CFAP70	-2.671649	0.064667
CFAP74	-3.698921	0.024152
CFAP77	-7.222022	0.000730
CFAP91	-2.257998	0.094662
CFAP95	-4.433591	0.011732
CFAP96	-5.137798	0.005836
CFB	-4.228404	0.014366
CFC1	-3.764613	0.022652
CFC1B	-3.405598	0.032121
CFD	-3.170198	0.040303
CFDP1	-2.858032	0.054268
CFH	-4.224788	0.014418
CFHR1	-4.704696	0.008971
CFHR2	-4.573267	0.010219
CFHR3	-5.051226	0.006361
CFHR4	-6.361914	0.001723
CFHR5	-6.812454	0.001099
CFI	-3.264764	0.036800
CFL1	-2.199483	0.099797
CFL2	-2.369541	0.085525
CFLAR	-3.959855	0.018709
CFP	-5.250976	0.005215
CFTR	-5.230680	0.005321
CGA	-3.008768	0.047031
CGAS	-6.424031	0.001619
CGB1	-4.303094	0.013346
CGB2	-4.298654	0.013405
CGB3	-4.305540	0.013314
CGB5	-4.305540	0.013314
CGB7	-4.303094	0.013346
CGB8	-4.305540	0.013314
CGN	-4.073153	0.016739
CGNL1	-3.834420	0.021157
CGREF1	-4.767862	0.008427
CGRRF1	-3.516279	0.028853
CH25H	-5.365295	0.004654
CHAC1	-5.399403	0.004499
CHAC2	-5.421165	0.004403
CHAD	-3.554062	0.027813
CHADL	-3.627357	0.025898
CHAF1A	-3.589415	0.026872
CHAF1B	-3.450046	0.030767
CHAMP1	-6.160339	0.002107
CHAT	-5.890608	0.002758
CHCHD1	-7.824553	0.000400
CHCHD10	-7.225646	0.000727
CHCHD2	-6.960220	0.000948
CHCHD3	-4.555986	0.010395
CHCHD4	-1.257143	0.221466
CHCHD5	-4.850111	0.007767
CHCHD6	-1.639482	0.162536
CHCHD7	-3.315190	0.035054
CHCT1	-7.091813	0.000831
CHD1	-6.286571	0.001858
CHD1L	-3.582814	0.027046
CHD2	-3.060360	0.044772
CHD3	-3.471934	0.030121
CHD4	-5.135660	0.005849
CHD5	-2.119262	0.107239
CHD6	-4.439516	0.011664
CHD7	-2.405386	0.082763
CHD8	-2.830375	0.055705
CHD9	-3.487408	0.029673
CHDH	-4.023359	0.017578
CHEK1	-2.179149	0.101639
CHEK2	-2.345266	0.087443
CHERP	-6.167271	0.002093
CHFR	-3.969210	0.018538
CHGA	-3.621136	0.026055
CHGB	-3.407409	0.032065
CHI3L1	-3.884007	0.020154
CHI3L2	-4.522741	0.010743
CHIA	-4.895945	0.007421
CHIC1	-5.109615	0.006002
CHIC2	-5.056418	0.006328
CHID1	-4.966136	0.006922
CHIT1	-4.605875	0.009894
CHKA	-6.480161	0.001531
CHKB	-5.794461	0.003035
CHL1	-3.586461	0.026950
CHLSN	-5.771123	0.003107
CHM	-2.357822	0.086446
CHML	-4.330849	0.012986
CHMP1A	-3.291860	0.035851
CHMP1B	-2.165297	0.102910
CHMP2A	-2.464395	0.078392
CHMP2B	-2.368495	0.085607
CHMP3	-3.124499	0.042108
CHMP4A	-2.451831	0.079305
CHMP4B	-1.987432	0.120529
CHMP4C	-2.228891	0.097186
CHMP5	-1.967643	0.122642
CHMP6	-2.067644	0.112282
CHMP7	-1.940775	0.125563
CHN1	-2.511256	0.075073
CHN2	-2.507844	0.075310
CHODL	-4.174094	0.015156
CHORDC1	-2.090792	0.109995
CHP1	-3.644805	0.025461
CHP2	-4.171945	0.015188
CHPF	-4.394721	0.012192
CHPF2	-4.646858	0.009501
CHPT1	-5.108267	0.006010
CHRAC1	-6.723873	0.001200
CHRD	-3.893319	0.019971
CHRDL1	-3.527126	0.028550
CHRDL2	-3.917683	0.019499
CHRFAM7A	-3.639703	0.025588
CHRM1	-3.665831	0.024945
CHRM2	-3.984604	0.018260
CHRM3	-3.554862	0.027791
CHRM4	-3.956020	0.018780
CHRM5	-3.685021	0.024482
CHRNA1	-3.780559	0.022301
CHRNA10	-4.601267	0.009939
CHRNA2	-4.179374	0.015077
CHRNA3	-3.853929	0.020756
CHRNA4	-3.910522	0.019637
CHRNA5	-4.517117	0.010802
CHRNA6	-4.354956	0.012680
CHRNA7	-3.639581	0.025591
CHRNA9	-3.746273	0.023061
CHRNB1	-3.704470	0.024022
CHRNB2	-4.201085	0.014758
CHRNB3	-4.448322	0.011563
CHRNB4	-4.184870	0.014996
CHRND	-3.994532	0.018083
CHRNE	-3.682059	0.024553
CHRNG	-3.738662	0.023233
CHST1	-5.125698	0.005907
CHST10	-4.656528	0.009410
CHST11	-4.694062	0.009066
CHST12	-4.061893	0.016925
CHST13	-3.853323	0.020769
CHST14	-4.871188	0.007606
CHST15	-5.143350	0.005804
CHST2	-4.945005	0.007069
CHST3	-4.662900	0.009351
CHST4	-5.277224	0.005081
CHST5	-5.266531	0.005135
CHST6	-5.216262	0.005398
CHST7	-5.192276	0.005529
CHST8	-4.893111	0.007442
CHST9	-5.136014	0.005847
CHSY1	-4.980740	0.006822
CHSY3	-4.794734	0.008205
CHTF18	1.775058	0.855086
CHTF8	-1.173157	0.236285
CHTOP	-4.144715	0.015601
CHUK	-3.442558	0.030992
CHURC1	-6.228453	0.001969
CIAO1	-1.191323	0.233022
CIAO2A	-3.449715	0.030777
CIAO2B	-4.693034	0.009076
CIAO3	-3.618919	0.026112
CIAPIN1	-4.523256	0.010737
CIART	-3.530575	0.028455
CIB1	-2.702872	0.062804
CIB2	-3.730784	0.023413
CIB3	-4.046321	0.017186
CIB4	-2.821165	0.056191
CIBAR2	-4.444081	0.011611
CIC	-3.514659	0.028898
CIDEA	-5.155489	0.005735
CIDEB	-3.965752	0.018601
CIDEC	-3.547125	0.028001
CIITA	-3.698245	0.024168
CILK1	-2.945100	0.049969
CILP	-4.474872	0.011263
CILP2	-4.434190	0.011726
CIMAP1A	-6.897569	0.001009
CIMAP1B	-6.929403	0.000978
CIMAP1C	-7.472207	0.000568
CIMAP1D	-7.304948	0.000672
CIMAP2	-6.972315	0.000937
CIMAP3	-7.616604	0.000492
CIMIP1	-6.977687	0.000932
CIMIP2A	-5.203205	0.005469
CIMIP4	-4.448650	0.011559
CIMIP5	-5.429208	0.004367
CIMIP6	-5.338033	0.004782
CIMIP7	-4.925284	0.007208
CINP	-3.572054	0.027330
CIP2A	-3.404638	0.032151
CIPC	-4.237733	0.014235
CIRBP	-7.248589	0.000711
CIROZ	-4.563022	0.010323
CIRSR	-7.490747	0.000558
CISD1	-5.644826	0.003523
CISD2	-5.939415	0.002627
CISD3	-5.234080	0.005303
CISH	-2.991300	0.047820
CIT	-2.706843	0.062571
CITED1	-3.523666	0.028646
CITED2	-3.564513	0.027531
CITED4	-3.583541	0.027026
CIZ1	-3.922205	0.019413
CKAP2	-4.106616	0.016197
CKAP2L	-3.629189	0.025852
CKAP4	-4.486132	0.011139
CKAP5	0.284635	0.570682
CKB	-5.249094	0.005225
CKLF	-4.865233	0.007651
CKM	-5.327588	0.004832
CKMT2	-2.505497	0.075474
CKS1B	-0.542093	0.367701
CKS2	-3.529597	0.028482
CLASP1	-2.849275	0.054719
CLASP2	-3.462775	0.030390
CLASRP	-7.474659	0.000567
CLBA1	-3.660216	0.025082
CLC	-6.676531	0.001259
CLCA1	-4.027606	0.017505
CLCA2	-4.673771	0.009251
CLCA4	-3.990087	0.018162
CLCC1	-4.081379	0.016604
CLCF1	-3.200028	0.039165
CLCN1	-4.252764	0.014025
CLCN2	-4.608819	0.009865
CLCN3	-3.618981	0.026110
CLCN4	-4.694917	0.009059
CLCN5	-4.694146	0.009066
CLCN6	-4.007110	0.017861
CLCN7	-4.279812	0.013656
CLCNKA	-4.658589	0.009391
CLCNKB	-5.052240	0.006354
CLDN1	-3.642916	0.025508
CLDN10	-3.724808	0.023550
CLDN11	-4.271076	0.013774
CLDN12	-5.382636	0.004575
CLDN14	-3.955932	0.018781
CLDN15	-4.937304	0.007123
CLDN16	-4.136976	0.015720
CLDN17	-5.033850	0.006472
CLDN18	-3.698885	0.024153
CLDN19	-3.673379	0.024762
CLDN2	-3.659219	0.025106
CLDN20	-5.084070	0.006157
CLDN23	-5.013056	0.006607
CLDN4	-4.187892	0.014951
CLDN5	-4.536746	0.010595
CLDN6	-4.273079	0.013747
CLDN7	-4.259834	0.013928
CLDN8	-5.038665	0.006441
CLDN9	-4.493752	0.011055
CLDND1	-4.976205	0.006853
CLDND2	-5.128819	0.005889
CLEC10A	-3.294918	0.035746
CLEC11A	-4.778241	0.008341
CLEC12A	-3.519321	0.028767
CLEC12B	-3.458022	0.030531
CLEC14A	-3.968229	0.018556
CLEC16A	-3.119169	0.042323
CLEC17A	-4.170030	0.015217
CLEC18A	-4.948714	0.007043
CLEC18B	-4.972666	0.006877
CLEC18C	-5.089819	0.006121
CLEC1A	-3.557716	0.027714
CLEC1B	-2.946719	0.049892
CLEC2A	-3.352379	0.033817
CLEC2B	-2.917484	0.051296
CLEC2D	-3.530842	0.028447
CLEC2L	-3.126349	0.042033
CLEC3A	-4.213041	0.014585
CLEC3B	-4.418245	0.011912
CLEC4A	-3.347225	0.033986
CLEC4C	-3.190856	0.039511
CLEC4D	-3.465124	0.030321
CLEC4E	-3.195975	0.039317
CLEC4F	-4.490458	0.011091
CLEC4G	-3.628621	0.025866
CLEC4M	-2.564002	0.071491
CLEC5A	-3.495282	0.029447
CLEC6A	-3.156808	0.040824
CLEC7A	-3.054914	0.045006
CLEC9A	-3.509194	0.029052
CLGN	-2.880534	0.053124
CLHC1	-3.543391	0.028103
CLIC1	-3.479822	0.029892
CLIC2	-2.291873	0.091798
CLIC3	-4.341160	0.012854
CLIC4	-3.642634	0.025515
CLIC5	-3.142568	0.041385
CLIC6	-5.018199	0.006573
CLINT1	-2.876724	0.053316
CLIP1	-3.427321	0.031452
CLIP2	-3.826234	0.021327
CLIP3	-4.016606	0.017695
CLIP4	-5.049369	0.006373
CLK1	-3.653725	0.025241
CLK2	-3.400377	0.032284
CLK3	-4.268270	0.013813
CLK4	-3.571680	0.027340
CLMN	-3.965811	0.018600
CLMP	-2.944926	0.049977
CLN3	-6.032180	0.002395
CLN5	-7.146083	0.000787
CLN6	-5.774822	0.003095
CLN8	-5.324340	0.004848
CLNK	-3.521384	0.028710
CLNS1A	-2.763058	0.059353
CLOCK	-3.483747	0.029778
CLP1	-7.162905	0.000774
CLPB	-3.698544	0.024161
CLPP	-1.295993	0.214840
CLPS	-4.952720	0.007015
CLPSL1	-6.480415	0.001531
CLPSL2	-4.387272	0.012282
CLPTM1	-3.354323	0.033754
CLPTM1L	-3.973511	0.018460
CLPX	-2.247737	0.095545
CLRN1	-4.784154	0.008292
CLRN3	-4.749962	0.008578
CLSPN	-1.120311	0.245954
CLSTN1	-3.411831	0.031928
CLSTN2	-3.393257	0.032507
CLSTN3	-3.664718	0.024972
CLTA	-2.297935	0.091294
CLTB	-1.770260	0.145510
CLTC	-1.260545	0.220880
CLTCL1	-1.569165	0.172335
CLTRN	-5.021421	0.006552
CLU	-2.630281	0.067215
CLUAP1	-2.630662	0.067191
CLUH	-3.532503	0.028401
CLUL1	-3.846107	0.020916
CLVS1	-5.699137	0.003338
CLVS2	-5.657891	0.003478
CLXN	-5.248635	0.005227
CLYBL	-5.572755	0.003786
CMA1	-5.677307	0.003411
CMAS	-6.267967	0.001892
CMBL	-7.237396	0.000719
CMC1	-3.340554	0.034206
CMC2	-7.086179	0.000836
CMIP	-3.735897	0.023296
CMKLR1	-3.332483	0.034473
CMKLR2	-3.422376	0.031603
CMPK1	-4.347334	0.012776
CMPK2	-3.999728	0.017991
CMSS1	-6.905937	0.001001
CMTM1	-4.868886	0.007623
CMTM2	-6.252296	0.001922
CMTM3	-3.758810	0.022780
CMTM4	-4.644154	0.009526
CMTM5	-4.821537	0.007990
CMTM6	-4.578433	0.010167
CMTM7	-4.697511	0.009036
CMTM8	-4.892635	0.007446
CMTR1	-3.740401	0.023194
CMTR2	-3.622765	0.026014
CMYA5	-5.549072	0.003876
CNBD1	-7.374979	0.000626
CNBD2	-7.531668	0.000536
CNBP	-7.268050	0.000697
CNDP1	-5.929957	0.002652
CNDP2	-6.030720	0.002398
CNEP1R1	-2.288640	0.092068
CNFN	-5.243618	0.005253
CNGA1	-3.841285	0.021015
CNGA2	-3.422327	0.031605
CNGA3	-3.618576	0.026120
CNGA4	-3.645988	0.025432
CNGB1	-3.864142	0.020550
CNGB3	-3.706099	0.023984
CNIH1	-2.376824	0.084957
CNIH2	-4.281718	0.013631
CNIH3	-2.986675	0.048031
CNIH4	-4.264030	0.013870
CNKSR1	-4.536932	0.010593
CNKSR2	-3.831970	0.021207
CNKSR3	-3.965165	0.018612
CNMD	-5.694062	0.003355
CNN1	-5.913208	0.002696
CNN2	-6.908516	0.000998
CNN3	-7.439239	0.000587
CNNM1	-3.946490	0.018956
CNNM2	-4.453807	0.011500
CNNM3	-4.374320	0.012440
CNNM4	-4.558115	0.010373
CNOT1	-4.597031	0.009981
CNOT10	-2.072711	0.111778
CNOT11	-3.222643	0.038322
CNOT2	-3.537486	0.028264
CNOT3	-3.462071	0.030411
CNOT4	-3.510423	0.029017
CNOT6	-4.361354	0.012600
CNOT6L	-3.512218	0.028967
CNOT7	-2.854687	0.054440
CNOT8	-3.672467	0.024784
CNOT9	-4.043903	0.017227
CNP	-7.558298	0.000521
CNPPD1	-5.614526	0.003631
CNPY2	-4.828675	0.007934
CNPY3	-4.540555	0.010555
CNPY4	-5.586299	0.003735
CNR1	-3.676455	0.024688
CNR2	-3.701855	0.024083
CNRIP1	-5.602500	0.003675
CNST	-6.469468	0.001548
CNTD1	-4.269350	0.013798
CNTF	-4.361932	0.012593
CNTFR	-2.898736	0.052216
CNTLN	-5.244209	0.005250
CNTN1	-3.573044	0.027304
CNTN2	-3.817096	0.021518
CNTN3	-3.598241	0.026643
CNTN4	-3.529589	0.028482
CNTN5	-3.471411	0.030137
CNTN6	-3.607195	0.026411
CNTNAP1	-3.545114	0.028055
CNTNAP2	-3.615835	0.026190
CNTNAP3	-3.354975	0.033733
CNTNAP4	-3.479280	0.029908
CNTNAP5	-3.673294	0.024764
CNTRL	-3.288475	0.035969
CNTROB	-5.033156	0.006476
COA1	-4.159597	0.015374
COA3	-4.299387	0.013395
COA4	-6.360928	0.001725
COA5	-5.619894	0.003612
COA6	-5.481373	0.004146
COA7	-4.348619	0.012760
COA8	-7.237624	0.000719
COASY	-3.936145	0.019149
COBL	-5.309466	0.004920
COBLL1	-4.493264	0.011060
COCH	-4.968103	0.006908
COG1	-2.582286	0.070287
COG2	-2.780132	0.058407
COG3	-2.461967	0.078568
COG4	-1.632142	0.163537
COG5	-1.817122	0.139780
COG6	-1.872431	0.133261
COG7	-2.358392	0.086401
COG8	-2.993650	0.047714
COIL	-7.590200	0.000505
COL10A1	-3.441798	0.031014
COL11A1	-2.974038	0.048613
COL11A2	-3.658170	0.025132
COL12A1	-3.547798	0.027982
COL13A1	-3.655628	0.025194
COL14A1	-3.602490	0.026533
COL15A1	-3.273526	0.036491
COL16A1	-3.305941	0.035368
COL17A1	-2.822270	0.056133
COL18A1	-3.311843	0.035167
COL19A1	-3.466716	0.030274
COL1A1	-2.347744	0.087245
COL1A2	-3.260116	0.036965
COL20A1	-3.685410	0.024473
COL21A1	-4.105889	0.016208
COL22A1	-3.331048	0.034521
COL23A1	-3.735075	0.023315
COL24A1	-3.469333	0.030198
COL25A1	-3.593151	0.026775
COL26A1	-3.857064	0.020693
COL27A1	-3.120901	0.042253
COL28A1	-3.496015	0.029426
COL2A1	-2.402663	0.082970
COL3A1	-3.051445	0.045155
COL4A1	-3.123711	0.042140
COL4A2	-2.760204	0.059513
COL4A3	-2.818191	0.056349
COL4A4	-2.895752	0.052364
COL4A5	-3.645732	0.025438
COL4A6	-2.755793	0.059760
COL5A1	-3.111755	0.042625
COL5A2	-3.585317	0.026980
COL5A3	-3.543729	0.028093
COL6A1	-3.652359	0.025275
COL6A2	-3.586260	0.026955
COL6A3	-3.764362	0.022657
COL6A5	-4.483427	0.011168
COL7A1	-3.571960	0.027333
COL8A1	-3.605387	0.026458
COL8A2	-3.647307	0.025399
COL9A1	-3.678188	0.024646
COL9A2	-3.567167	0.027460
COL9A3	-3.620194	0.026079
COLEC10	-4.695471	0.009054
COLEC11	-4.694395	0.009064
COLEC12	-3.636261	0.025674
COLGALT1	-4.252062	0.014035
COLGALT2	-4.396963	0.012165
COLQ	-4.402034	0.012104
COMMD1	-2.083012	0.110759
COMMD10	-0.585848	0.357588
COMMD2	2.141435	0.894866
COMMD3	-1.337841	0.207865
COMMD4	-1.812330	0.140357
COMMD5	-3.764124	0.022662
COMMD6	-2.612351	0.068348
COMMD7	-2.536874	0.073313
COMMD8	3.961004	0.981312
COMMD9	-0.991133	0.270688
COMP	-4.458211	0.011450
COMT	-2.659240	0.065422
COMTD1	-5.741567	0.003199
COP1	-1.170301	0.236801
COPA	-2.207944	0.099039
COPB1	-2.222057	0.097787
COPB2	-1.762217	0.146513
COPE	-2.229408	0.097141
COPG1	-2.679155	0.064215
COPG2	-2.710585	0.062352
COPRS	-3.869532	0.020442
COPS2	-1.930902	0.126651
COPS3	0.001029	0.500257
COPS4	-2.196439	0.100071
COPS5	-1.868935	0.133665
COPS6	3.570112	0.972618
COPS7A	-0.905437	0.287935
COPS7B	-2.071641	0.111884
COPS8	0.623307	0.650970
COPS9	-4.630250	0.009658
COPZ1	-2.982913	0.048204
COPZ2	-3.487360	0.029674
COQ10A	-1.998566	0.119354
COQ10B	-3.605053	0.026466
COQ2	-3.712548	0.023833
COQ3	-5.238461	0.005280
COQ4	-4.756978	0.008518
COQ5	-4.032945	0.017413
COQ6	-2.708362	0.062482
COQ7	-2.558525	0.071856
COQ8A	-4.390670	0.012241
COQ8B	-4.769217	0.008416
COQ9	-2.797850	0.057440
CORIN	-2.736365	0.060861
CORO1A	-3.679838	0.024606
CORO1B	-3.471651	0.030130
CORO1C	-4.837333	0.007866
CORO2A	-5.141912	0.005813
CORO2B	-5.344207	0.004753
CORO6	-2.099816	0.109115
CORO7	-3.423109	0.031581
CORT	-3.431964	0.031311
COTL1	-1.900104	0.130097
COX10	-5.076612	0.006202
COX11	-5.609791	0.003648
COX14	-3.706368	0.023978
COX15	-3.930360	0.019258
COX16	-3.651479	0.025296
COX17	-3.107772	0.042788
COX18	-3.699152	0.024147
COX19	-7.293543	0.000679
COX20	-3.736778	0.023276
COX4I1	-3.620333	0.026076
COX4I2	-5.971786	0.002543
COX5A	-2.127614	0.106442
COX5B	-6.148686	0.002132
COX6A1	-5.892398	0.002753
COX6B1	-3.032056	0.045999
COX6B2	-5.227691	0.005337
COX6C	-4.483369	0.011169
COX7A1	-6.059953	0.002329
COX7A2	-4.536135	0.010601
COX7A2L	-3.609693	0.026347
COX7B	-6.703341	0.001225
COX7B2	-6.631948	0.001316
COX7C	-5.106245	0.006022
COX8A	-7.082270	0.000839
COX8C	-6.216140	0.001993
COXFA4	-3.946836	0.018950
COXFA4L2	-5.617968	0.003619
COXFA4L3	-3.913263	0.019584
CP	-5.030938	0.006490
CPA1	-5.630668	0.003573
CPA2	-5.477804	0.004161
CPA3	-5.262893	0.005154
CPA4	-4.822872	0.007979
CPA5	-5.432068	0.004355
CPA6	-5.257053	0.005184
CPAMD8	-4.853056	0.007744
CPAP	-5.240695	0.005269
CPB1	-5.630682	0.003573
CPB2	-6.026178	0.002409
CPD	-5.055055	0.006337
CPE	-5.669963	0.003436
CPEB1	-3.616457	0.026174
CPEB2	-3.852288	0.020790
CPEB3	-6.827358	0.001083
CPEB4	-4.006258	0.017876
CPED1	-5.004143	0.006665
CPLANE1	-3.594320	0.026744
CPLANE2	-3.265656	0.036768
CPLX1	-2.261073	0.094399
CPLX2	-3.053903	0.045049
CPLX3	-4.988243	0.006771
CPLX4	-5.218779	0.005385
CPM	-5.421738	0.004400
CPN1	-4.844968	0.007806
CPN2	-3.598168	0.026644
CPNE1	-5.070565	0.006240
CPNE2	-2.091422	0.109933
CPNE3	-3.576199	0.027220
CPNE4	-2.871062	0.053603
CPNE5	-5.634113	0.003561
CPNE6	-3.727761	0.023482
CPNE7	-3.879132	0.020250
CPNE8	-5.063492	0.006284
CPNE9	-5.078947	0.006188
CPO	-5.502284	0.004061
CPOX	-3.833584	0.021174
CPPED1	-4.254316	0.014004
CPQ	-6.758409	0.001160
CPS1	-4.039380	0.017304
CPSF1	-3.018930	0.046578
CPSF2	-2.125474	0.106645
CPSF3	-2.140862	0.105188
CPSF4	-3.252154	0.037250
CPSF6	-3.739854	0.023206
CPSF7	-6.826925	0.001083
CPT1A	-3.045331	0.045419
CPT1B	-4.737090	0.008688
CPT1C	-4.901967	0.007377
CPT2	-4.213667	0.014576
CPTP	-4.929928	0.007175
CPVL	-3.802460	0.021829
CPXCR1	-7.514259	0.000545
CPXM1	-5.044719	0.006402
CPXM2	-4.762863	0.008469
CPZ	-5.294626	0.004993
CR1	-6.552226	0.001425
CR2	-4.108768	0.016162
CRABP1	-6.076639	0.002291
CRABP2	-5.484227	0.004135
CRACDL	-3.998560	0.018012
CRACR2A	-3.675277	0.024716
CRACR2B	-5.602783	0.003674
CRADD	-2.726247	0.061442
CRAMP1	-3.560432	0.027641
CRAT	-4.563111	0.010322
CRB1	-3.791957	0.022054
CRB2	-4.349341	0.012751
CRB3	-3.522044	0.028691
CRBN	-3.298500	0.035623
CRCP	-7.604851	0.000498
CRCT1	-7.671605	0.000466
CREB1	-3.721294	0.023631
CREB3	-3.434389	0.031238
CREB3L1	-3.418862	0.031711
CREB3L2	-3.433422	0.031267
CREB3L3	-3.409072	0.032013
CREB3L4	-3.451280	0.030731
CREB5	-3.751207	0.022950
CREBBP	-3.721697	0.023621
CREBL2	-4.224825	0.014417
CREBRF	-3.437632	0.031140
CREBZF	-3.595172	0.026722
CREG1	-6.133267	0.002165
CREG2	-6.133073	0.002165
CRELD1	-4.655469	0.009420
CRELD2	-4.381558	0.012351
CRH	-3.223101	0.038306
CRHBP	-5.910622	0.002703
CRHR1	-3.387498	0.032688
CRHR2	-3.249594	0.037341
CRIM1	-3.519642	0.028758
CRIP1	-4.721793	0.008821
CRIP2	-3.709611	0.023902
CRIP3	-6.670504	0.001266
CRIPT	-4.128881	0.015846
CRIPTO	-2.849968	0.054683
CRISP1	-5.253808	0.005200
CRISP2	-4.792382	0.008224
CRISP3	-4.730379	0.008746
CRISPLD1	-4.666248	0.009320
CRISPLD2	-5.203559	0.005467
CRK	-2.095654	0.109520
CRKL	-3.462499	0.030398
CRLF1	-3.490714	0.029578
CRLF2	-2.708585	0.062469
CRLF3	-3.976751	0.018401
CRLS1	-3.457192	0.030555
CRMP1	-4.334552	0.012938
CRNKL1	-2.734486	0.060969
CRNN	-5.148570	0.005774
CROCC	-3.662349	0.025030
CROT	-6.599005	0.001360
CRP	-3.012508	0.046864
CRTAC1	-4.646042	0.009508
CRTAM	-3.699457	0.024140
CRTAP	-3.502907	0.029230
CRTC1	-3.552320	0.027860
CRTC2	-3.854756	0.020740
CRTC3	-3.554459	0.027802
CRX	-3.448678	0.030808
CRY1	-2.716341	0.062016
CRY2	-2.553574	0.072187
CRYAA	-2.731761	0.061125
CRYAB	-3.386044	0.032734
CRYBA1	-7.478447	0.000565
CRYBA2	-6.160812	0.002106
CRYBA4	-7.454700	0.000578
CRYBB1	-6.109070	0.002218
CRYBB2	-4.691942	0.009086
CRYBB3	-6.841980	0.001067
CRYBG1	-4.788453	0.008257
CRYBG2	-5.421372	0.004402
CRYBG3	-4.037233	0.017340
CRYGA	-7.144244	0.000789
CRYGB	-7.471961	0.000568
CRYGC	-7.524282	0.000540
CRYGD	-7.518358	0.000543
CRYGN	-7.301298	0.000674
CRYGS	-7.447385	0.000583
CRYL1	-6.113813	0.002207
CRYM	-7.563867	0.000519
CRYZ	-6.093669	0.002252
CRYZL1	-5.277641	0.005079
CS	-3.287787	0.035993
CSAD	-3.924400	0.019371
CSAG2	-5.459413	0.004238
CSDC2	-3.648888	0.025360
CSDE1	-6.118505	0.002197
CSE1L	-0.904401	0.288147
CSF1	-2.213302	0.098562
CSF1R	-2.322673	0.089263
CSF2	-3.074703	0.044163
CSF2RA	-2.739377	0.060689
CSF2RB	-2.923098	0.051023
CSF3	-2.729192	0.061273
CSF3R	-3.280516	0.036246
CSGALNACT1	-4.945076	0.007068
CSGALNACT2	-4.766948	0.008435
CSHL1	-3.140942	0.041450
CSK	-2.913255	0.051502
CSKMT	-3.661333	0.025054
CSMD1	-3.771362	0.022503
CSMD2	-4.052537	0.017081
CSMD3	-4.087175	0.016509
CSN1S1	-5.303484	0.004950
CSN2	-5.718032	0.003275
CSN3	-4.830555	0.007919
CSNK1A1	-2.338052	0.088020
CSNK1A1L	-3.820255	0.021452
CSNK1D	-1.907220	0.129293
CSNK1E	-1.737514	0.149629
CSNK1G1	-2.565075	0.071420
CSNK1G2	-2.351825	0.086921
CSNK1G3	-3.078638	0.043997
CSNK2A1	-4.859064	0.007698
CSNK2A2	-3.251850	0.037260
CSNK2B	-3.381942	0.032865
CSPG4	-3.527381	0.028543
CSPG5	-3.864468	0.020543
CSPP1	-3.157840	0.040783
CSRNP1	-5.403674	0.004480
CSRNP2	-7.550412	0.000526
CSRNP3	-6.438486	0.001596
CSRP1	-3.555615	0.027771
CSRP2	-3.585280	0.026981
CSRP3	-5.015187	0.006593
CST1	-5.236569	0.005290
CST11	-5.259613	0.005170
CST2	-5.293858	0.004997
CST3	-4.707601	0.008946
CST4	-5.363802	0.004661
CST5	-5.442799	0.004309
CST6	-3.915306	0.019545
CST7	-5.605615	0.003664
CST8	-4.994833	0.006727
CST9	-5.288229	0.005025
CST9L	-5.336901	0.004788
CSTA	-2.507524	0.075332
CSTB	-3.700525	0.024115
CSTF1	-7.274292	0.000693
CSTF2	-7.370637	0.000629
CSTF2T	-7.476561	0.000566
CSTF3	-3.344076	0.034090
CSTL1	-5.180220	0.005595
CSTPP1	-5.336957	0.004787
CT45A1	-4.261215	0.013909
CT45A2	-4.289769	0.013523
CT45A3	-4.658504	0.009392
CT45A5	-4.448061	0.011566
CT45A6	-4.971002	0.006888
CT47A1	-7.498727	0.000553
CT47A10	-7.498727	0.000553
CT47A11	-7.498727	0.000553
CT47A2	-7.498727	0.000553
CT47A3	-7.498727	0.000553
CT47A4	-7.498727	0.000553
CT47A5	-7.498727	0.000553
CT47A6	-7.498727	0.000553
CT47A7	-7.498727	0.000553
CT47A8	-7.498727	0.000553
CT47A9	-7.498727	0.000553
CT55	-6.104735	0.002227
CT83	-7.483655	0.000562
CTAG1A	-4.287221	0.013557
CTAG1B	-4.287221	0.013557
CTAG2	-5.452597	0.004267
CTAGE1	-6.087751	0.002265
CTAGE15	-5.249674	0.005222
CTAGE4	-5.338644	0.004779
CTAGE6	-5.375093	0.004609
CTBP1	-3.593679	0.026761
CTBP2	-3.583036	0.027040
CTBS	-4.795923	0.008196
CTC1	-3.812865	0.021608
CTCF	-3.509160	0.029053
CTCFL	-7.454807	0.000578
CTDNEP1	-4.299206	0.013397
CTDP1	-3.572287	0.027324
CTDSP1	-2.683492	0.063955
CTDSP2	-2.061330	0.112913
CTDSPL	-3.710840	0.023873
CTDSPL2	-3.162477	0.040602
CTF1	-5.233325	0.005307
CTH	-5.183856	0.005575
CTHRC1	-4.086707	0.016517
CTIF	-0.361091	0.410695
CTLA4	-3.431566	0.031323
CTNNA1	-1.813025	0.140273
CTNNA2	-3.416425	0.031786
CTNNA3	-3.721846	0.023618
CTNNAL1	-3.098805	0.043157
CTNNB1	-3.533603	0.028371
CTNNBIP1	-5.088017	0.006132
CTNNBL1	-2.772328	0.058838
CTNND1	-3.461600	0.030425
CTNND2	-2.695356	0.063248
CTNS	-5.108412	0.006009
CTPS1	-3.521330	0.028711
CTPS2	-5.470049	0.004193
CTR9	-2.463392	0.078465
CTRB1	-4.781040	0.008318
CTRC	-4.920692	0.007241
CTRL	-4.992371	0.006744
CTSA	-3.660419	0.025077
CTSB	-2.939672	0.050227
CTSC	-3.751239	0.022950
CTSD	-3.301728	0.035512
CTSE	-4.243368	0.014156
CTSF	-3.487767	0.029662
CTSG	-4.789234	0.008250
CTSH	-3.507149	0.029110
CTSK	-3.956864	0.018764
CTSL	-3.705876	0.023989
CTSO	-3.488135	0.029652
CTSS	-3.726076	0.023521
CTSV	-4.039270	0.017306
CTSW	-3.543449	0.028101
CTSZ	-3.544328	0.028077
CTTN	-1.425088	0.193865
CTTNBP2	-3.368113	0.033307
CTTNBP2NL	-1.886407	0.131655
CTU1	-7.557424	0.000522
CTU2	-1.771435	0.145364
CTXN1	-4.906198	0.007346
CTXN3	-5.748348	0.003178
CUBN	-4.210638	0.014620
CUEDC1	-5.376189	0.004604
CUEDC2	-2.418588	0.081766
CUL1	0.049100	0.512273
CUL2	-1.319977	0.210822
CUL3	-2.305375	0.090679
CUL4A	-2.759245	0.059567
CUL4B	-2.579242	0.070486
CUL5	-0.333675	0.417347
CUL7	-3.048792	0.045270
CUL9	-2.067851	0.112261
CUTA	-5.052213	0.006355
CUTC	-5.596498	0.003697
CUX1	-3.707526	0.023950
CUX2	-3.601117	0.026568
CUZD1	-4.080104	0.016625
CWC15	-6.569763	0.001400
CWC22	-6.552791	0.001424
CWC25	-7.476702	0.000566
CWC27	-7.492606	0.000557
CWF19L1	-3.521173	0.028716
CWF19L2	-7.426836	0.000595
CWH43	-4.927371	0.007193
CX3CL1	-2.292237	0.091768
CX3CR1	-3.507361	0.029104
CXADR	-2.237570	0.096427
CXCL1	-3.345111	0.034056
CXCL10	-3.307768	0.035306
CXCL11	-3.125534	0.042066
CXCL12	-3.228669	0.038101
CXCL13	-3.449220	0.030792
CXCL14	-3.069384	0.044388
CXCL16	-3.571620	0.027342
CXCL17	-3.626231	0.025926
CXCL2	-3.407808	0.032052
CXCL3	-3.374111	0.033114
CXCL5	-3.293524	0.035794
CXCL6	-3.336207	0.034350
CXCL8	-3.020015	0.046530
CXCL9	-3.325536	0.034705
CXCR1	-3.449072	0.030797
CXCR2	-3.115875	0.042457
CXCR3	-3.299521	0.035588
CXCR4	-2.939090	0.050255
CXCR5	-3.413097	0.031889
CXCR6	-3.476961	0.029975
CXXC1	-2.565410	0.071398
CXXC4	-5.099712	0.006062
CXXC5	-3.722891	0.023594
CXorf38	-6.531168	0.001455
CXorf58	-7.450852	0.000581
CXorf65	-6.701137	0.001228
CXorf66	-5.971360	0.002544
CYB561	-5.924098	0.002667
CYB561A3	-6.045395	0.002363
CYB561D1	-5.827701	0.002936
CYB561D2	-6.406328	0.001648
CYB5A	-2.139690	0.105299
CYB5B	-3.359615	0.033582
CYB5D1	-3.911936	0.019610
CYB5D2	-5.163232	0.005691
CYB5R1	-5.247460	0.005233
CYB5R2	-4.859603	0.007694
CYB5R3	-4.975339	0.006859
CYB5R4	-2.646483	0.066206
CYB5RL	-2.898217	0.052242
CYBA	-3.545150	0.028055
CYBB	-3.617929	0.026137
CYBC1	-3.733061	0.023361
CYBRD1	-6.729396	0.001194
CYC1	-5.762813	0.003132
CYCS	-1.305802	0.213190
CYFIP1	-2.901711	0.052069
CYFIP2	-3.480470	0.029873
CYGB	-5.707510	0.003310
CYLC1	-7.367997	0.000631
CYLC2	-7.319134	0.000662
CYLD	-3.555971	0.027761
CYP11A1	-4.857433	0.007710
CYP11B1	-6.268058	0.001892
CYP11B2	-6.279428	0.001871
CYP17A1	-5.613997	0.003633
CYP19A1	-5.080446	0.006179
CYP1A1	-4.233651	0.014292
CYP1A2	-4.564401	0.010309
CYP1B1	-4.893206	0.007442
CYP20A1	-5.953054	0.002591
CYP21A2	-5.131218	0.005875
CYP24A1	-3.627551	0.025893
CYP26A1	-4.693810	0.009069
CYP26B1	-4.134103	0.015765
CYP26C1	-5.626601	0.003588
CYP27A1	-3.428726	0.031410
CYP27B1	-4.443842	0.011614
CYP27C1	-4.447104	0.011577
CYP2A13	-4.949815	0.007035
CYP2A6	-4.405442	0.012063
CYP2A7	-4.673327	0.009255
CYP2B6	-5.080495	0.006178
CYP2C18	-5.301093	0.004961
CYP2C19	-4.816910	0.008027
CYP2C8	-5.251574	0.005212
CYP2C9	-4.900054	0.007391
CYP2D6	-5.332798	0.004807
CYP2E1	-4.936065	0.007132
CYP2F1	-5.705315	0.003317
CYP2J2	-5.218485	0.005386
CYP2R1	-4.778946	0.008335
CYP2S1	-5.575246	0.003776
CYP2U1	-5.562997	0.003823
CYP2W1	-5.468387	0.004200
CYP39A1	-7.424065	0.000596
CYP3A4	-5.606472	0.003661
CYP3A43	-5.476143	0.004168
CYP3A5	-5.330762	0.004817
CYP3A7	-5.427124	0.004376
CYP46A1	-5.528064	0.003958
CYP4A11	-5.389669	0.004543
CYP4A22	-5.562327	0.003825
CYP4B1	-5.411956	0.004443
CYP4F11	-5.664433	0.003455
CYP4F12	-5.619097	0.003615
CYP4F2	-5.453672	0.004262
CYP4F22	-5.526161	0.003965
CYP4F3	-5.527752	0.003959
CYP4F8	-5.577537	0.003768
CYP4V2	-5.590188	0.003720
CYP4X1	-5.899005	0.002735
CYP4Z1	-5.894365	0.002747
CYP51A1	-3.127917	0.041970
CYP7A1	-4.134896	0.015752
CYP7B1	-7.567510	0.000517
CYP8B1	-6.753504	0.001165
CYREN	-6.899097	0.001008
CYRIA	-2.950192	0.049727
CYRIB	-3.311080	0.035193
CYS1	-5.590783	0.003718
CYSLTR1	-3.953911	0.018819
CYSLTR2	-3.601348	0.026562
CYSRT1	-5.151012	0.005760
CYSTM1	-5.359310	0.004682
CYTH1	-3.662505	0.025026
CYTH2	-3.665535	0.024952
CYTH3	-4.092436	0.016424
CYTH4	-4.075119	0.016706
CYTIP	-3.507746	0.029093
CYTL1	-3.315848	0.035032
CYYR1	-5.935132	0.002638
CZIB	-3.369184	0.033273
D2HGDH	-5.766574	0.003121
DAAM1	-2.657709	0.065515
DAAM2	-1.769102	0.145654
DAB2	-3.498359	0.029359
DAB2IP	-3.721237	0.023632
DACH1	-3.521511	0.028706
DACH2	-3.508272	0.029078
DACT1	-5.349473	0.004728
DACT2	-4.889005	0.007473
DACT3	-5.430681	0.004361
DAD1	-3.106366	0.042845
DAG1	-3.313729	0.035103
DAGLA	-4.139498	0.015681
DAGLB	-4.390838	0.012239
DALRD3	-4.283746	0.013603
DAND5	-2.688106	0.063679
DAO	-2.532813	0.073590
DAOA	-5.549507	0.003874
DAP	-6.814044	0.001097
DAP3	-6.579901	0.001386
DAPK1	-2.633813	0.066994
DAPK2	-1.999717	0.119233
DAPK3	-3.401063	0.032262
DAPL1	-6.918997	0.000988
DAPP1	-2.099756	0.109121
DARS1	-1.377360	0.201433
DARS2	-6.464901	0.001555
DAW1	-5.507076	0.004042
DAXX	-2.354534	0.086706
DAZ1	-3.808023	0.021710
DAZ2	-4.250660	0.014054
DAZ4	-3.683273	0.024524
DAZAP1	-6.959749	0.000948
DAZAP2	-5.600030	0.003684
DAZL	-3.478677	0.029925
DBF4	-2.653456	0.065776
DBF4B	-3.647807	0.025387
DBH	-6.428615	0.001612
DBI	-5.528607	0.003956
DBN1	-2.444834	0.079817
DBNDD1	-5.605555	0.003664
DBNDD2	-5.396596	0.004512
DBNL	-2.464996	0.078349
DBP	-3.513332	0.028935
DBR1	-1.864741	0.134151
DBT	-3.883054	0.020173
DBX1	-4.831424	0.007912
DBX2	-4.491207	0.011083
DCAF1	-3.285703	0.036065
DCAF10	-3.731490	0.023397
DCAF11	-3.474516	0.030046
DCAF12	-3.578042	0.027171
DCAF12L1	-3.671163	0.024815
DCAF12L2	-3.762456	0.022699
DCAF13	-7.383434	0.000621
DCAF15	-2.457175	0.078915
DCAF16	-3.650802	0.025313
DCAF17	-3.324254	0.034748
DCAF4	-3.354934	0.033734
DCAF4L1	-3.648761	0.025363
DCAF4L2	-3.927483	0.019313
DCAF5	-3.319847	0.034897
DCAF6	-3.165612	0.040481
DCAF7	-4.229687	0.014348
DCAF8	-3.575628	0.027235
DCAF8L1	-3.463927	0.030356
DCAKD	-4.382517	0.012340
DCANP1	-7.334105	0.000652
DCBLD1	-2.515018	0.074812
DCBLD2	-3.663441	0.025003
DCC	-3.570706	0.027366
DCD	-4.834686	0.007886
DCDC1	-5.051353	0.006360
DCDC2	-5.466480	0.004208
DCHS1	-3.804164	0.021792
DCK	-3.034082	0.045910
DCLK1	-3.962108	0.018668
DCLK2	-4.392944	0.012213
DCLK3	-2.718061	0.061916
DCLRE1A	-3.605392	0.026458
DCLRE1B	-2.270714	0.093578
DCLRE1C	-2.981962	0.048247
DCN	-2.895267	0.052388
DCP1A	-3.051183	0.045166
DCP1B	-2.241665	0.096071
DCP2	-6.244322	0.001938
DCPH1	-4.745195	0.008618
DCPS	-5.454545	0.004259
DCST1	-5.090201	0.006119
DCST2	-4.247451	0.014099
DCSTAMP	-3.933689	0.019196
DCT	-5.727952	0.003243
DCTD	-4.283324	0.013609
DCTN1	-2.882743	0.053013
DCTN2	-1.617778	0.165512
DCTN4	-2.352850	0.086839
DCTN5	-1.908802	0.129116
DCTN6	-1.857277	0.135021
DCTPP1	3.677305	0.975333
DCUN1D1	-2.221596	0.097828
DCUN1D2	-3.091756	0.043449
DCUN1D3	-3.339009	0.034257
DCUN1D4	-3.437209	0.031153
DCUN1D5	-2.288537	0.092077
DCX	-3.605571	0.026453
DCXR	-3.562290	0.027591
DDA1	-3.301180	0.035531
DDAH1	-6.019557	0.002425
DDAH2	-4.204525	0.014708
DDB1	-1.959494	0.123522
DDB2	-1.502812	0.182007
DDC	-5.752050	0.003166
DDHD1	-4.435818	0.011707
DDHD2	-2.971555	0.048728
DDI1	-4.106806	0.016194
DDI2	-3.409693	0.031994
DDIAS	-3.614723	0.026218
DDIT3	-3.429791	0.031377
DDIT4	-3.453295	0.030671
DDIT4L	-4.334072	0.012944
DDN	-5.825912	0.002941
DDO	-3.516268	0.028853
DDOST	-1.533343	0.177505
DDR1	-3.531521	0.028429
DDR2	-2.618569	0.067953
DDRGK1	-3.439471	0.031084
DDT	-5.728414	0.003242
DDTL	-6.365503	0.001717
DDX1	-2.239701	0.096242
DDX10	-7.061123	0.000857
DDX11	-3.682995	0.024531
DDX17	-3.622913	0.026010
DDX18	-7.655262	0.000473
DDX19A	-1.822386	0.139148
DDX19B	-1.259465	0.221066
DDX20	-3.361002	0.033537
DDX21	-6.597341	0.001362
DDX23	-6.976904	0.000932
DDX24	-7.667179	0.000468
DDX25	-1.887415	0.131539
DDX27	-7.832232	0.000397
DDX28	-7.330009	0.000655
DDX31	-7.277630	0.000690
DDX39A	-1.712928	0.152784
DDX39B	-1.779544	0.144359
DDX3X	-2.175838	0.101941
DDX3Y	-2.262307	0.094293
DDX4	-3.366732	0.033351
DDX41	-3.401948	0.032235
DDX42	-0.072020	0.482003
DDX43	-6.105699	0.002225
DDX46	-7.387304	0.000619
DDX47	-7.560228	0.000520
DDX49	-7.437536	0.000588
DDX5	-3.111047	0.042654
DDX50	-6.857845	0.001050
DDX51	-7.712366	0.000447
DDX52	-7.538926	0.000532
DDX53	-7.423459	0.000597
DDX54	-6.689193	0.001243
DDX55	-1.890709	0.131164
DDX56	-2.756465	0.059723
DDX59	-6.477104	0.001536
DDX6	-6.743530	0.001177
DDX60	-6.230530	0.001965
DEAF1	-4.570390	0.010248
DECR1	-2.473468	0.077739
DECR2	-3.910776	0.019632
DEDD	-4.069003	0.016807
DEDD2	-4.905746	0.007350
DEF6	-5.499127	0.004074
DEF8	-4.775743	0.008361
DEFA1	-6.362293	0.001722
DEFA3	-6.379130	0.001694
DEFA4	-4.848482	0.007779
DEFA5	-6.615115	0.001338
DEFA6	-7.261663	0.000701
DEFB1	-5.315085	0.004893
DEFB103A	-6.515639	0.001478
DEFB103B	-6.515639	0.001478
DEFB104A	-5.591168	0.003717
DEFB104B	-5.591168	0.003717
DEFB105A	-6.561676	0.001412
DEFB105B	-6.561676	0.001412
DEFB106A	-4.906374	0.007345
DEFB106B	-4.906374	0.007345
DEFB107A	-7.399487	0.000611
DEFB107B	-7.399487	0.000611
DEFB108B	-4.993912	0.006733
DEFB110	-4.929357	0.007179
DEFB112	-5.310180	0.004917
DEFB113	-6.481482	0.001529
DEFB114	-4.462152	0.011406
DEFB115	-5.604749	0.003667
DEFB116	-5.064850	0.006275
DEFB118	-5.053876	0.006344
DEFB121	-7.138419	0.000793
DEFB123	-5.001244	0.006685
DEFB124	-5.745506	0.003187
DEFB125	-6.557666	0.001417
DEFB126	-7.133359	0.000797
DEFB127	-6.926929	0.000980
DEFB128	-4.964868	0.006931
DEFB129	-4.952701	0.007015
DEFB130A	-7.375621	0.000626
DEFB131A	-6.519600	0.001472
DEFB132	-4.410130	0.012008
DEFB134	-5.150163	0.005765
DEFB135	-4.998633	0.006702
DEFB136	-5.931301	0.002648
DEFB4A	-5.673716	0.003423
DEGS1	-5.504986	0.004050
DEGS2	-5.038315	0.006443
DEK	-4.065697	0.016862
DELE1	-3.620787	0.026064
DENND10	-4.446282	0.011586
DENND1A	-3.766830	0.022603
DENND1B	-4.538553	0.010576
DENND1C	-4.138011	0.015704
DENND2A	-5.400761	0.004493
DENND2B	-4.583183	0.010119
DENND2C	-5.436802	0.004335
DENND2D	-5.049649	0.006371
DENND3	-4.851059	0.007759
DENND4A	-4.309014	0.013268
DENND4C	-4.366187	0.012540
DENND5A	-3.411397	0.031941
DENND5B	-3.135011	0.041686
DENND6A	-4.261053	0.013911
DENND6B	-4.601720	0.009935
DENR	-7.369052	0.000630
DEPDC1B	-5.350884	0.004722
DEPDC4	-6.740362	0.001181
DEPDC5	-2.923268	0.051015
DEPDC7	-5.361962	0.004670
DEPP1	-5.927931	0.002657
DEPTOR	-3.909442	0.019658
DERA	-4.980541	0.006823
DERL1	-3.467593	0.030249
DERL2	-2.305039	0.090707
DERL3	-3.701827	0.024084
DES	-2.958688	0.049327
DESI1	-5.382787	0.004574
DESI2	-7.069387	0.000850
DET1	-3.154914	0.040898
DEUP1	-4.459986	0.011430
DFFA	-0.707786	0.330088
DFFB	-3.504487	0.029185
DGAT1	-3.835117	0.021142
DGAT2	-4.381254	0.012355
DGAT2L6	-5.428176	0.004372
DGCR2	-3.468984	0.030208
DGCR6	-5.462253	0.004226
DGCR6L	-5.432844	0.004352
DGCR8	-4.234634	0.014278
DGKA	-3.621144	0.026055
DGKB	-3.108596	0.042754
DGKD	-2.588320	0.069894
DGKE	-3.940417	0.019069
DGKG	-4.948623	0.007043
DGKH	-2.639297	0.066652
DGKI	-3.457746	0.030539
DGKK	-6.012569	0.002442
DGKQ	-4.490877	0.011087
DGKZ	-3.196512	0.039297
DGLUCY	-7.664240	0.000469
DGUOK	-5.779988	0.003079
DHCR24	-5.545303	0.003891
DHCR7	-4.213371	0.014581
DHDDS	-2.459315	0.078760
DHDH	-5.414889	0.004430
DHFR	-1.321630	0.210547
DHFR2	-1.697023	0.154854
DHH	-3.581672	0.027076
DHODH	-4.678165	0.009210
DHPS	-2.559797	0.071771
DHRS1	-5.514835	0.004010
DHRS11	-3.547696	0.027985
DHRS12	-4.579109	0.010160
DHRS13	-5.403677	0.004480
DHRS2	-3.969963	0.018525
DHRS3	-4.517529	0.010798
DHRS4	-3.462642	0.030394
DHRS4L2	-4.465866	0.011364
DHRS7	-5.232022	0.005314
DHRS7B	-4.981933	0.006814
DHRS9	-5.261439	0.005161
DHRSX	-4.043233	0.017238
DHTKD1	-2.975740	0.048534
DHX15	-7.080318	0.000841
DHX16	1.602460	0.832362
DHX29	-7.440244	0.000587
DHX30	-1.399691	0.197865
DHX32	-6.260627	0.001906
DHX33	-4.488420	0.011113
DHX34	-6.835740	0.001074
DHX35	-7.436759	0.000589
DHX36	-4.980661	0.006823
DHX37	-7.659870	0.000471
DHX38	-7.336783	0.000651
DHX40	-6.687446	0.001245
DHX57	-5.054909	0.006338
DHX58	-2.222947	0.097709
DHX8	-7.348444	0.000643
DHX9	-7.136372	0.000795
DIABLO	-3.311721	0.035171
DIAPH1	-2.016773	0.117453
DIAPH2	-1.731214	0.150432
DIAPH3	-2.803172	0.057153
DICER1	0.047087	0.511770
DIDO1	-3.499441	0.029328
DIMT1	-1.552637	0.174706
DIO1	-6.174355	0.002078
DIO2	-5.877645	0.002794
DIO3	-4.852368	0.007749
DIP2A	-3.307177	0.035326
DIP2B	-3.345632	0.034038
DIP2C	-2.977959	0.048432
DIPK1A	-5.054736	0.006339
DIPK1B	-5.359672	0.004680
DIPK1C	-5.545423	0.003890
DIPK2A	-5.255492	0.005192
DIPK2B	-5.108204	0.006011
DIRAS1	-4.359659	0.012621
DIRAS2	-4.145612	0.015587
DIRAS3	-5.139992	0.005824
DIS3	-7.696187	0.000454
DIS3L	-6.887492	0.001019
DIS3L2	-6.915519	0.000991
DISC1	-2.393391	0.083678
DISP1	-5.221697	0.005369
DISP2	-3.833989	0.021166
DIXDC1	-4.971970	0.006882
DKC1	-6.573313	0.001395
DKK1	-3.651076	0.025306
DKK2	-3.916994	0.019513
DKK3	-4.436782	0.011696
DKK4	-4.482746	0.011176
DKKL1	-5.325231	0.004844
DLAT	-3.042686	0.045534
DLD	-2.278569	0.092913
DLEC1	-4.514350	0.010832
DLEU7	-5.231427	0.005317
DLG1	-2.619723	0.067880
DLG2	-2.928892	0.050744
DLG3	-3.061931	0.044705
DLG4	-2.909774	0.051672
DLG5	-3.519627	0.028759
DLGAP1	-4.052222	0.017087
DLGAP2	-4.290104	0.013518
DLGAP3	-3.727629	0.023485
DLGAP4	-3.109337	0.042724
DLGAP5	-3.297875	0.035644
DLK1	-4.226918	0.014387
DLK2	-4.592808	0.010023
DLL1	-3.977209	0.018393
DLL3	-2.523155	0.074251
DLL4	-3.639738	0.025587
DLST	-2.413075	0.082181
DLX1	-4.152980	0.015474
DLX2	-3.460218	0.030466
DLX3	-4.129903	0.015830
DLX4	-3.936419	0.019144
DLX5	-3.528115	0.028523
DMAC1	-4.075812	0.016695
DMAC2	-3.802942	0.021818
DMAC2L	-3.500122	0.029309
DMAP1	-2.394685	0.083579
DMBT1	-3.986294	0.018230
DMBX1	-4.461417	0.011414
DMC1	-0.893595	0.290369
DMD	-2.359151	0.086341
DMGDH	-4.055347	0.017034
DMKN	-4.515143	0.010824
DMP1	-3.658738	0.025118
DMPK	-3.691125	0.024337
DMRT1	-3.688622	0.024396
DMRT2	-5.518488	0.003996
DMRT3	-4.314507	0.013197
DMRTA1	-4.551826	0.010438
DMRTC1	-7.341422	0.000648
DMRTC1B	-7.341422	0.000648
DMRTC2	-4.141160	0.015655
DMTF1	-3.098092	0.043186
DMTN	-4.978243	0.006839
DMWD	-3.634665	0.025714
DMXL1	-3.432653	0.031290
DMXL2	-2.011848	0.117965
DNA2	-5.450890	0.004274
DNAAF1	-3.486226	0.029707
DNAAF10	-3.629737	0.025838
DNAAF11	-1.245139	0.223543
DNAAF19	-4.393558	0.012206
DNAAF2	-2.557098	0.071951
DNAAF3	-4.986141	0.006786
DNAAF4	-2.449271	0.079492
DNAAF5	-2.031346	0.115951
DNAAF6	-2.606337	0.068732
DNAAF8	-5.766502	0.003121
DNAH1	-2.454601	0.079103
DNAH10	-3.383703	0.032809
DNAH11	-3.508397	0.029074
DNAH12	-2.942686	0.050083
DNAH2	-3.542666	0.028122
DNAH3	-2.630722	0.067187
DNAH5	-2.713346	0.062190
DNAH6	-1.987504	0.120521
DNAH7	-3.452687	0.030689
DNAH8	-3.578418	0.027161
DNAH9	-2.115646	0.107585
DNAI1	-2.979377	0.048366
DNAI2	-2.312946	0.090056
DNAI3	-2.184245	0.101174
DNAI4	-3.155978	0.040856
DNAI7	-5.076890	0.006201
DNAJA1	-3.588081	0.026907
DNAJA2	-2.251921	0.095184
DNAJA3	-3.743551	0.023123
DNAJA4	-4.971990	0.006882
DNAJB1	-1.283286	0.216991
DNAJB11	-3.516056	0.028859
DNAJB12	-3.506253	0.029135
DNAJB13	-2.307314	0.090519
DNAJB14	-3.811452	0.021637
DNAJB2	-2.566334	0.071337
DNAJB4	-2.175105	0.102008
DNAJB5	-3.209423	0.038813
DNAJB6	-2.642331	0.066463
DNAJB7	-5.063675	0.006283
DNAJB8	-3.456023	0.030590
DNAJB9	-2.641805	0.066496
DNAJC1	-2.578079	0.070563
DNAJC10	-2.813571	0.056595
DNAJC11	-3.666496	0.024929
DNAJC12	-2.832020	0.055618
DNAJC13	-2.408748	0.082508
DNAJC14	-5.388552	0.004548
DNAJC15	-3.063124	0.044654
DNAJC16	-3.752945	0.022911
DNAJC17	-2.751058	0.060027
DNAJC18	-3.152008	0.041012
DNAJC19	-3.152758	0.040983
DNAJC2	-2.279363	0.092847
DNAJC21	3.404068	0.967831
DNAJC22	-3.669095	0.024865
DNAJC24	-3.013843	0.046804
DNAJC25	-3.472383	0.030108
DNAJC25-GNG10	-4.775856	0.008360
DNAJC27	-4.443965	0.011613
DNAJC28	-3.693708	0.024276
DNAJC3	-3.729480	0.023443
DNAJC30	-7.061387	0.000857
DNAJC4	-3.580542	0.027105
DNAJC5	-3.764150	0.022662
DNAJC5B	-5.238501	0.005280
DNAJC6	-3.486998	0.029684
DNAJC7	-2.392387	0.083755
DNAJC8	-5.594192	0.003706
DNAJC9	-3.055378	0.044986
DNAL1	-3.491256	0.029562
DNAL4	-2.226900	0.097361
DNALI1	-2.626650	0.067443
DNASE1	-6.996177	0.000915
DNASE1L1	-5.349741	0.004727
DNASE1L2	-5.125072	0.005911
DNASE1L3	-6.165188	0.002097
DNASE2	-6.692183	0.001239
DNASE2B	-6.556715	0.001419
DND1	-5.319825	0.004870
DNER	-3.405095	0.032137
DNHD1	-3.109573	0.042714
DNLZ	-3.756490	0.022832
DNM1	-3.421586	0.031628
DNM1L	-2.114070	0.107737
DNM2	-2.809724	0.056801
DNM3	-2.449114	0.079503
DNMBP	-3.258924	0.037008
DNMT1	-3.617456	0.026149
DNMT3B	-4.039979	0.017294
DNMT3L	-3.571338	0.027349
DNPEP	-2.766823	0.059144
DNPH1	-4.510675	0.010872
DNTT	-7.669226	0.000467
DNTTIP1	-3.490739	0.029577
DNTTIP2	-4.019154	0.017651
DOC2A	-3.348280	0.033952
DOC2B	-3.456735	0.030569
DOCK1	-3.082833	0.043821
DOCK10	-3.700560	0.024114
DOCK11	-3.485540	0.029726
DOCK2	-2.449615	0.079467
DOCK3	-3.193642	0.039406
DOCK4	-3.201250	0.039119
DOCK5	-3.533019	0.028387
DOCK6	-4.078276	0.016655
DOCK7	-2.741799	0.060551
DOCK8	-3.458880	0.030505
DOCK9	-3.132403	0.041790
DOHH	-6.848728	0.001060
DOK1	-2.831635	0.055638
DOK2	-2.913675	0.051482
DOK3	-4.244160	0.014145
DOK4	-4.491073	0.011084
DOK5	-5.351545	0.004718
DOK6	-5.439922	0.004321
DOK7	-3.597955	0.026650
DOLK	-5.412641	0.004440
DOLPP1	-5.091750	0.006110
DONSON	-0.880178	0.293141
DOP1A	-2.078047	0.111249
DOP1B	-2.337095	0.088097
DORIP1	-7.249516	0.000710
DOT1L	-3.431829	0.031315
DPAGT1	-4.975501	0.006858
DPCD	-4.935537	0.007135
DPEP1	-5.166196	0.005674
DPEP2	-5.201506	0.005478
DPEP3	-5.052290	0.006354
DPF1	-3.775327	0.022416
DPF2	-3.764482	0.022654
DPF3	-3.989054	0.018181
DPH1	-5.119538	0.005943
DPH2	-2.515146	0.074803
DPH3	-3.186116	0.039692
DPH5	-3.728903	0.023456
DPH6	-3.778701	0.022342
DPH7	-2.979372	0.048367
DPM1	-4.176970	0.015113
DPM2	-4.458064	0.011452
DPM3	-4.048258	0.017153
DPP10	-5.152073	0.005754
DPP3	-2.132091	0.106017
DPP4	-4.843582	0.007817
DPP6	-4.258774	0.013942
DPP7	-4.974127	0.006867
DPP8	-3.751312	0.022948
DPP9	-4.350787	0.012732
DPPA2	-5.360100	0.004678
DPPA3	-5.501129	0.004066
DPPA4	-4.602736	0.009925
DPPA5	-6.628855	0.001320
DPRX	-7.431024	0.000592
DPT	-4.833212	0.007898
DPY19L2	-5.080903	0.006176
DPY19L3	-3.430752	0.031348
DPY19L4	-4.921966	0.007232
DPY30	-3.561126	0.027622
DPYD	-5.401883	0.004488
DPYS	-3.673699	0.024754
DPYSL2	-4.197365	0.014812
DPYSL3	-3.406965	0.032079
DPYSL4	-4.908406	0.007330
DPYSL5	-3.969246	0.018538
DQX1	-1.396419	0.198385
DR1	-3.411276	0.031945
DRAM1	-5.327497	0.004833
DRAM2	-5.115633	0.005966
DRAP1	-3.754864	0.022868
DRAXIN	-3.583886	0.027017
DRC1	-4.918924	0.007254
DRC10	-5.132320	0.005868
DRC11	-7.123851	0.000805
DRC12	-4.331687	0.012975
DRC2	-4.610899	0.009845
DRC3	-2.103219	0.108784
DRC4	-3.013449	0.046822
DRC5	-3.857193	0.020690
DRC7	-3.539740	0.028202
DRC8	-4.797341	0.008184
DRC9	-4.790040	0.008244
DRD1	-3.823161	0.021391
DRD2	-2.610861	0.068443
DRD3	-3.567904	0.027441
DRD4	-3.344761	0.034067
DRD5	-3.702394	0.024071
DRG1	-5.277659	0.005078
DRG2	-7.274664	0.000692
DRGX	-5.488023	0.004119
DRICH1	-7.560234	0.000520
DROSHA	-7.161321	0.000775
DRP2	-2.583818	0.070187
DSC1	-2.865642	0.053878
DSC2	-2.808151	0.056885
DSC3	-2.596376	0.069372
DSCAM	-3.580236	0.027113
DSCAML1	-3.427975	0.031433
DSCC1	3.978330	0.981627
DSE	-5.510725	0.004027
DSEL	-4.872579	0.007595
DSG1	-2.880651	0.053118
DSG2	-3.039432	0.045676
DSG3	-2.601207	0.069061
DSG4	-3.303320	0.035457
DSN1	-3.434496	0.031235
DSP	-3.109540	0.042715
DSPP	-5.874324	0.002803
DST	-2.112625	0.107876
DSTN	-3.201424	0.039112
DSTYK	-3.481302	0.029849
DTD1	-5.207928	0.005443
DTD2	-7.032004	0.000882
DTL	-3.562461	0.027586
DTNB	-3.285078	0.036087
DTNBP1	-2.468921	0.078066
DTWD1	-6.103237	0.002231
DTWD2	-7.480706	0.000564
DTX1	-3.486879	0.029688
DTX2	-3.505724	0.029150
DTX3	-3.784333	0.022219
DTX3L	-3.461846	0.030418
DTX4	-3.938854	0.019099
DTYMK	-2.182828	0.101303
DUOX1	-3.947430	0.018939
DUOX2	-4.101273	0.016282
DUOXA1	-4.852941	0.007745
DUOXA2	-5.072566	0.006227
DUS1L	-3.717090	0.023728
DUS2	-5.588227	0.003728
DUS3L	-5.959316	0.002575
DUS4L	-6.067126	0.002312
DUSP1	-3.845014	0.020938
DUSP10	-3.524678	0.028618
DUSP11	-4.242751	0.014164
DUSP12	-0.061850	0.484542
DUSP13B	-5.109496	0.006003
DUSP14	-5.139088	0.005829
DUSP15	-5.156685	0.005728
DUSP16	-4.544120	0.010518
DUSP18	-6.853716	0.001054
DUSP19	-3.785904	0.022185
DUSP2	-5.319716	0.004870
DUSP21	-5.531870	0.003943
DUSP22	-4.091746	0.016435
DUSP23	-5.414068	0.004434
DUSP26	-4.608878	0.009865
DUSP28	-3.744039	0.023112
DUSP29	-4.644920	0.009519
DUSP3	-3.646070	0.025430
DUSP4	-4.054997	0.017040
DUSP5	-6.589617	0.001373
DUSP6	-2.438787	0.080262
DUSP7	-3.490890	0.029573
DUSP8	-5.540221	0.003910
DUSP9	-6.200572	0.002024
DUT	-3.385272	0.032759
DUX1	-6.279014	0.001872
DUX5	-6.309279	0.001816
DVL1	-3.067729	0.044458
DVL2	-3.450665	0.030749
DVL3	-3.471344	0.030139
DXO	-5.590039	0.003721
DYDC1	-3.501250	0.029277
DYDC2	-3.833467	0.021176
DYM	-4.111509	0.016119
DYNAP	-3.723516	0.023579
DYNC1H1	-1.771867	0.145310
DYNC1I1	-1.926632	0.127124
DYNC1I2	-2.159140	0.103480
DYNC1LI1	-1.943440	0.125270
DYNC1LI2	-1.326157	0.209796
DYNC2H1	-3.450873	0.030743
DYNC2I1	-2.985487	0.048086
DYNC2I2	-2.593615	0.069550
DYNC2LI1	-1.137765	0.242731
DYNLL1	-0.937694	0.281366
DYNLL2	-1.310801	0.212353
DYNLRB1	-2.024852	0.116618
DYNLRB2	-3.520262	0.028741
DYNLT1	-2.373024	0.085253
DYNLT2	-2.522669	0.074284
DYNLT2B	-2.405081	0.082786
DYNLT3	-2.543573	0.072859
DYNLT4	-3.712095	0.023844
DYNLT5	-3.373835	0.033123
DYRK1A	-2.956265	0.049441
DYRK1B	-3.336089	0.034354
DYRK2	-3.372017	0.033182
DYRK3	-5.981533	0.002519
DYRK4	-4.792940	0.008220
DYSF	-3.210402	0.038776
DZANK1	-4.004961	0.017899
DZIP1	-3.497406	0.029386
DZIP1L	-3.499567	0.029325
DZIP3	-4.010780	0.017797
E2F1	-3.392293	0.032537
E2F2	-3.572936	0.027307
E2F3	-3.385712	0.032745
E2F4	-3.621152	0.026055
E2F5	-1.191035	0.233074
E2F6	-3.142194	0.041400
E2F7	-3.437017	0.031158
E2F8	-3.319309	0.034915
E4F1	-3.209000	0.038828
EAF1	-7.563637	0.000519
EAF2	-7.174219	0.000765
EAPP	-1.218180	0.228257
EARS2	-4.942745	0.007084
EBAG9	-3.369404	0.033265
EBF1	-4.934132	0.007145
EBF2	-4.434730	0.011719
EBF3	-4.346445	0.012787
EBI3	-2.749108	0.060137
EBLN2	-6.856181	0.001052
EBNA1BP2	-3.526050	0.028580
EBP	-5.020357	0.006559
EBPL	-5.128427	0.005891
ECD	-4.591995	0.010031
ECE1	-4.818347	0.008015
ECE2	-3.693711	0.024276
ECEL1	-4.522846	0.010741
ECH1	-4.043185	0.017239
ECHDC1	-4.797930	0.008179
ECHDC2	-4.642591	0.009541
ECHDC3	-3.469222	0.030201
ECHS1	-4.108356	0.016169
ECI1	-4.028694	0.017486
ECI2	-4.195234	0.014844
ECM1	-4.822191	0.007985
ECM2	-3.954762	0.018803
ECPAS	-1.947961	0.124776
ECRG4	-4.623015	0.009728
ECSCR	-3.562477	0.027586
ECSIT	-5.450840	0.004274
ECT2	-3.724974	0.023546
EDA	-2.163157	0.103108
EDA2R	-5.540092	0.003911
EDAR	-2.892298	0.052536
EDARADD	-4.155515	0.015436
EDC3	-2.273412	0.093349
EDC4	-3.633621	0.025740
EDDM3A	-7.431987	0.000592
EDDM3B	-7.352293	0.000641
EDEM1	-3.703467	0.024046
EDEM2	-4.994397	0.006730
EDEM3	-4.211365	0.014610
EDF1	-3.783138	0.022245
EDIL3	-3.677375	0.024666
EDN1	-3.452448	0.030696
EDN2	-3.353665	0.033775
EDN3	-3.541042	0.028167
EDNRA	-3.358187	0.033628
EDNRB	-3.535023	0.028332
EDRF1	-3.377763	0.032998
EEA1	-2.918934	0.051225
EED	-2.638985	0.066671
EEF1A1	-2.394689	0.083579
EEF1A2	-4.062893	0.016908
EEF1AKMT1	-5.226239	0.005345
EEF1AKMT2	-6.129403	0.002173
EEF1AKMT3	-5.083971	0.006157
EEF1B2	-0.995925	0.269743
EEF1D	-2.044179	0.114642
EEF1E1	-1.730950	0.150466
EEF1G	-6.460701	0.001561
EEF2	-5.994823	0.002485
EEF2K	-3.403432	0.032188
EEFSEC	-6.606215	0.001350
EEIG1	-3.704492	0.024021
EEIG2	-5.094986	0.006090
EEPD1	-6.858020	0.001050
EFCAB11	-5.040886	0.006426
EFCAB12	-6.136513	0.002158
EFCAB13	-5.026815	0.006517
EFCAB14	-4.492987	0.011063
EFCAB3	-5.402432	0.004485
EFCAB5	-5.076040	0.006206
EFCAB6	-5.134242	0.005857
EFCAB7	-5.441679	0.004314
EFCC1	-4.656353	0.009412
EFEMP1	-3.065982	0.044532
EFEMP2	-3.404853	0.032144
EFHB	-6.975212	0.000934
EFHC1	-1.896997	0.130449
EFHC2	-3.615188	0.026207
EFHD1	-5.054291	0.006341
EFHD2	-4.990851	0.006754
EFL1	-7.393336	0.000615
EFNA1	-3.421788	0.031621
EFNA2	-3.667186	0.024912
EFNA3	-3.637704	0.025638
EFNA4	-3.472658	0.030100
EFNA5	-3.550863	0.027899
EFNB1	-3.349533	0.033910
EFNB2	-3.613090	0.026260
EFNB3	-3.512760	0.028951
EFR3A	-3.603206	0.026514
EFS	-4.590611	0.010045
EFTUD2	-7.168790	0.000770
EGF	-3.794593	0.021997
EGFL6	-4.704248	0.008975
EGFL7	-4.982661	0.006809
EGFL8	-4.837851	0.007862
EGFLAM	-3.625754	0.025938
EGFR	-2.208534	0.098987
EGLN1	-3.323241	0.034782
EGLN2	-3.747949	0.023023
EGLN3	-2.401817	0.083034
EGR1	-3.520372	0.028738
EGR2	-3.759438	0.022766
EGR3	-3.500936	0.029286
EGR4	-4.091889	0.016433
EHBP1	-3.448754	0.030806
EHD1	-4.646842	0.009501
EHD2	-3.985476	0.018245
EHD3	-4.538113	0.010580
EHD4	-4.293333	0.013475
EHF	-4.056208	0.017020
EHHADH	-3.726116	0.023520
EHMT1	-3.593426	0.026768
EHMT2	-3.696310	0.024214
EI24	-5.670608	0.003434
EID1	-4.186476	0.014972
EID2	-7.198078	0.000747
EID2B	-6.283407	0.001864
EID3	-3.468270	0.030229
EIF1	-7.573163	0.000514
EIF1AD	-7.679838	0.000462
EIF1AX	-7.609823	0.000495
EIF1AY	-7.567155	0.000517
EIF1B	-7.432812	0.000591
EIF2A	-6.615575	0.001338
EIF2AK1	-2.637856	0.066741
EIF2AK2	-3.307210	0.035325
EIF2AK3	-3.452993	0.030680
EIF2AK4	-3.304202	0.035427
EIF2B1	-1.708201	0.153397
EIF2B2	-2.165005	0.102937
EIF2B3	-0.131518	0.467168
EIF2B4	-2.099017	0.109192
EIF2B5	-2.228951	0.097181
EIF2D	-7.264286	0.000700
EIF2S1	-7.122747	0.000806
EIF2S2	-6.555527	0.001420
EIF2S3	-1.408083	0.196537
EIF3A	-1.916483	0.128254
EIF3B	-6.824564	0.001086
EIF3C	-6.045838	0.002362
EIF3D	-6.932440	0.000975
EIF3E	-1.420038	0.194656
EIF3F	-2.288518	0.092078
EIF3G	-1.437239	0.191973
EIF3H	-5.490165	0.004110
EIF3I	-3.538751	0.028230
EIF3J	-6.677648	0.001257
EIF3K	-1.753808	0.147568
EIF3L	-2.079916	0.111064
EIF3M	-4.691036	0.009094
EIF4A1	-0.742126	0.322539
EIF4A2	-1.670394	0.158372
EIF4A3	-2.037219	0.115350
EIF4B	-1.403172	0.197313
EIF4E	-2.105285	0.108584
EIF4E2	-4.507913	0.010901
EIF4E3	-2.107285	0.108391
EIF4EBP1	-5.542315	0.003902
EIF4EBP2	-4.268839	0.013805
EIF4EBP3	-6.335135	0.001770
EIF4ENIF1	-3.736988	0.023271
EIF4G1	-1.666900	0.158838
EIF4G2	-5.643654	0.003527
EIF4G3	-3.368687	0.033289
EIF4H	-7.160931	0.000776
EIF5	-1.519685	0.179508
EIF5A	-3.674616	0.024732
EIF5A2	-4.561863	0.010335
EIF5B	-7.628404	0.000486
EIF6	-7.624337	0.000488
EIPR1	2.764909	0.940750
ELAC1	-2.963984	0.049080
ELAC2	-3.454122	0.030646
ELANE	-3.375371	0.033074
ELAPOR1	-3.056231	0.044949
ELAPOR2	-2.608318	0.068605
ELAVL1	-5.528819	0.003955
ELAVL2	-4.679882	0.009195
ELAVL3	-6.902527	0.001004
ELAVL4	-6.224782	0.001976
ELF1	-3.640687	0.025564
ELF2	-3.490872	0.029573
ELF3	-3.504262	0.029191
ELF4	-3.435826	0.031194
ELF5	-4.309938	0.013256
ELFN2	-2.699291	0.063015
ELK1	-3.854325	0.020748
ELK3	-3.977232	0.018393
ELK4	-3.495112	0.029452
ELL	-2.786133	0.058078
ELL2	-3.426532	0.031476
ELL3	-2.577421	0.070606
ELMO1	-2.947985	0.049832
ELMO2	-2.957608	0.049378
ELMO3	-3.545972	0.028032
ELMOD1	-5.004667	0.006662
ELMOD2	-5.103567	0.006038
ELMOD3	-5.472782	0.004182
ELN	-3.586908	0.026938
ELOA	-6.814596	0.001096
ELOA2	-4.176107	0.015126
ELOB	-2.144811	0.104817
ELOC	0.331846	0.582209
ELOF1	2.075122	0.888462
ELOVL1	-5.504637	0.004051
ELOVL2	-5.422204	0.004398
ELOVL3	-5.432404	0.004354
ELOVL4	-5.643138	0.003529
ELOVL5	-5.353745	0.004708
ELOVL6	-5.181837	0.005586
ELOVL7	-5.330224	0.004820
ELP1	-3.136781	0.041615
ELP2	-2.575037	0.070762
ELP3	-1.759914	0.146801
ELP4	-1.957796	0.123706
ELP5	-3.070910	0.044323
ELP6	-4.915071	0.007282
ELSPBP1	-2.942085	0.050112
EMB	-3.100293	0.043095
EMC1	-3.468348	0.030226
EMC10	-2.469304	0.078038
EMC2	-2.076882	0.111364
EMC3	-4.576128	0.010190
EMC4	-2.208366	0.099002
EMC6	-2.947926	0.049835
EMC7	-3.474458	0.030048
EMC8	-1.287965	0.216197
EMC9	-2.560612	0.071717
EMCN	-3.360936	0.033539
EMD	-3.148729	0.041141
EME1	-2.310088	0.090291
EME2	2.087110	0.889644
EMG1	-5.953035	0.002591
EMID1	-3.698443	0.024164
EMILIN1	-4.201175	0.014757
EMILIN2	-3.703955	0.024034
EMILIN3	-4.710187	0.008923
EML1	-3.812257	0.021620
EML2	-3.141685	0.041420
EML3	-4.576574	0.010185
EML4	-3.344243	0.034084
EML5	-3.599008	0.026623
EMP1	-4.861178	0.007682
EMP2	-5.409626	0.004453
EMP3	-5.081735	0.006171
EMSY	-3.648191	0.025377
EMX1	-4.332726	0.012961
EMX2	-4.212299	0.014596
EN1	-4.080542	0.016618
EN2	-6.556513	0.001419
ENAH	-2.403075	0.082939
ENAM	-4.357822	0.012644
ENC1	-3.979783	0.018347
ENDOG	-3.517232	0.028826
ENDOU	-3.581471	0.027081
ENDOV	-7.503996	0.000551
ENG	-2.718195	0.061908
ENGASE	-6.561444	0.001412
ENHO	-4.528256	0.010684
ENKD1	-4.650440	0.009467
ENKUR	-3.547006	0.028004
ENO1	-3.464748	0.030332
ENO2	-3.891214	0.020012
ENO3	-5.272433	0.005105
ENOPH1	-6.087869	0.002265
ENOSF1	-5.050876	0.006363
ENOX1	-5.179654	0.005598
ENOX2	-3.876307	0.020306
ENPEP	-3.771322	0.022504
ENPP1	-5.443302	0.004307
ENPP2	-4.338376	0.012889
ENPP3	-4.995875	0.006720
ENPP4	-4.675581	0.009234
ENPP5	-5.276319	0.005085
ENPP6	-4.954729	0.007001
ENPP7	-4.931048	0.007167
ENSA	-3.071222	0.044310
ENTHD1	-6.313969	0.001808
ENTPD1	-3.715765	0.023759
ENTPD2	-4.257650	0.013958
ENTPD3	-4.052190	0.017087
ENTPD4	-4.864310	0.007658
ENTPD5	-3.699537	0.024138
ENTPD6	-4.897355	0.007411
ENTPD7	-4.882339	0.007522
ENTPD8	-4.968905	0.006903
ENTR1	-4.969168	0.006901
ENTREP1	-6.269455	0.001890
ENTREP3	-5.202459	0.005473
ENY2	-2.043115	0.114750
EOGT	-5.071918	0.006231
EOLA1	-5.880189	0.002786
EOLA2	-4.510486	0.010874
EOMES	-4.003201	0.017930
EP300	-3.626264	0.025925
EP400	-5.696412	0.003347
EPAS1	-2.673450	0.064558
EPB41	-2.380921	0.084639
EPB41L1	-2.807448	0.056923
EPB41L2	-1.988631	0.120402
EPB41L3	-3.219770	0.038428
EPB41L4A	-5.359806	0.004680
EPB41L4B	-3.606525	0.026429
EPB41L5	-2.405502	0.082754
EPB42	-4.947366	0.007052
EPC1	-4.192924	0.014877
EPC2	-3.570745	0.027365
EPCAM	-3.401581	0.032246
EPCIP	-4.385972	0.012298
EPDR1	-6.763026	0.001154
EPG5	-3.753300	0.022903
EPGN	-3.854258	0.020750
EPHA1	-2.797283	0.057471
EPHA2	-2.597424	0.069304
EPHA3	-2.456281	0.078980
EPHA4	-3.199686	0.039178
EPHA5	-2.340345	0.087836
EPHA6	-3.562340	0.027590
EPHA7	-2.510842	0.075102
EPHA8	-2.848115	0.054779
EPHB1	-2.343868	0.087554
EPHB2	-2.405583	0.082748
EPHB3	-2.886493	0.052825
EPHB4	-2.804377	0.057088
EPHB6	-2.953254	0.049583
EPHX1	-4.897656	0.007409
EPHX2	-5.159781	0.005710
EPHX3	-5.577414	0.003768
EPHX4	-5.720111	0.003269
EPM2A	-3.008595	0.047039
EPM2AIP1	-4.380426	0.012365
EPN1	-2.171921	0.102301
EPN2	-1.379660	0.201064
EPN3	-2.266955	0.093897
EPO	-3.267220	0.036713
EPOP	-1.445715	0.190662
EPOR	-3.463935	0.030356
EPPIN	-3.645819	0.025436
EPPK1	-3.177454	0.040023
EPRS1	-1.062841	0.256767
EPS15	-2.088141	0.110255
EPS15L1	-3.447305	0.030849
EPS8	-2.726178	0.061446
EPS8L1	-3.520746	0.028728
EPS8L2	-3.466753	0.030273
EPS8L3	-3.659580	0.025097
EPSTI1	-7.375626	0.000626
EPX	-4.894590	0.007431
EPYC	-3.350329	0.033884
EQTN	-4.657671	0.009399
ERAL1	-7.809258	0.000406
ERAP1	-4.223807	0.014431
ERAP2	-4.220396	0.014480
ERAS	-5.414819	0.004430
ERBB2	-2.279981	0.092795
ERBB3	-3.452598	0.030691
ERBB4	-2.290794	0.091888
ERBIN	-5.043818	0.006408
ERC1	-3.270149	0.036610
ERC2	-3.105639	0.042875
ERCC1	-1.826852	0.138614
ERCC2	-1.670285	0.158386
ERCC3	-3.159569	0.040716
ERCC4	-4.518961	0.010783
ERCC5	-3.920404	0.019447
ERCC6	-6.465905	0.001553
ERCC6L	0.905509	0.712080
ERCC6L2	-2.635949	0.066860
ERCC8	-1.847443	0.136173
EREG	-3.631210	0.025801
ERF	-4.916174	0.007274
ERG	-3.404142	0.032166
ERG28	-4.243283	0.014157
ERGIC1	-4.287454	0.013554
ERGIC2	-4.987674	0.006775
ERGIC3	-4.882801	0.007519
ERH	-7.561074	0.000520
ERI1	-5.543971	0.003896
ERI2	-4.033296	0.017407
ERI3	-4.879400	0.007544
ERICH1	-5.794535	0.003035
ERICH3	-6.041273	0.002373
ERICH4	-5.551135	0.003868
ERICH5	-5.225356	0.005350
ERICH6	-7.516541	0.000544
ERLEC1	-3.493933	0.029485
ERLIN1	-1.864931	0.134129
ERLIN2	-1.901521	0.129936
ERMAP	-7.350019	0.000642
ERMARD	-5.556815	0.003846
ERMN	-6.659601	0.001280
ERMP1	-4.986546	0.006783
ERN1	-3.462003	0.030413
ERN2	-3.466767	0.030273
ERO1A	-3.283944	0.036126
ERO1B	-4.383538	0.012327
ERP27	-3.418738	0.031715
ERP29	-3.655543	0.025196
ERP44	-3.622628	0.026017
ERRFI1	-4.013834	0.017743
ERV3-1	-4.879103	0.007546
ERVFRD-1	-4.685277	0.009146
ERVW-1	-4.803989	0.008130
ESAM	-2.331586	0.088541
ESCO1	-3.155416	0.040878
ESCO2	-0.054621	0.486348
ESD	-4.277327	0.013690
ESF1	-7.617384	0.000492
ESM1	-3.980564	0.018333
ESPL1	-2.587768	0.069930
ESPN	-3.608682	0.026373
ESPNL	-3.667652	0.024900
ESR1	-3.393416	0.032502
ESR2	-3.415198	0.031824
ESRP1	-6.479332	0.001532
ESRP2	-7.291459	0.000681
ESRRA	-4.308993	0.013269
ESRRB	-3.697632	0.024183
ESRRG	-4.330286	0.012993
ESS2	-6.574735	0.001393
ESX1	-4.340949	0.012857
ESYT1	-3.658262	0.025130
ESYT2	-3.598473	0.026637
ESYT3	-3.589096	0.026881
ETAA1	-3.647615	0.025392
ETF1	-6.040829	0.002374
ETFA	-5.318199	0.004878
ETFB	-2.553917	0.072164
ETFBKMT	-5.006395	0.006650
ETFDH	-4.241463	0.014182
ETFRF1	-7.442661	0.000585
ETHE1	-3.973531	0.018460
ETNK1	-6.582506	0.001382
ETNK2	-6.178848	0.002069
ETNPPL	-5.358453	0.004686
ETS1	-3.437366	0.031148
ETS2	-3.434802	0.031225
ETV1	-3.504286	0.029191
ETV2	-5.207425	0.005446
ETV3	-3.739624	0.023211
ETV3L	-4.779587	0.008330
ETV4	-3.876652	0.020299
ETV5	-3.405695	0.032118
ETV6	-2.812719	0.056641
ETV7	-3.813115	0.021602
EVA1A	-5.533345	0.003937
EVA1B	-5.479536	0.004154
EVA1C	-4.586567	0.010085
EVC	-4.780099	0.008325
EVC2	-4.517835	0.010795
EVI2A	-3.614437	0.026226
EVI2B	-3.598213	0.026643
EVI5	-5.026513	0.006519
EVI5L	-3.883432	0.020165
EVL	-3.154476	0.040915
EVPL	-3.791645	0.022061
EVX1	-5.179719	0.005598
EVX2	-6.881268	0.001026
EWSR1	-7.427482	0.000594
EXD1	-6.524203	0.001465
EXD2	-4.197778	0.014806
EXD3	-6.203862	0.002018
EXO1	-0.397326	0.401955
EXO5	-6.698298	0.001231
EXOC1	-2.980787	0.048301
EXOC2	-3.075041	0.044149
EXOC3	-3.316250	0.035018
EXOC3L1	-3.659654	0.025095
EXOC3L2	-3.895628	0.019925
EXOC3L4	-3.733677	0.023347
EXOC4	-3.059125	0.044825
EXOC5	-3.234679	0.037881
EXOC6	-2.081893	0.110869
EXOC7	-2.037228	0.115349
EXOC8	-2.871200	0.053596
EXOG	-6.716530	0.001209
EXOSC1	-6.329298	0.001780
EXOSC10	-5.834142	0.002917
EXOSC2	-1.540775	0.176423
EXOSC3	-7.525182	0.000539
EXOSC4	-7.303732	0.000673
EXOSC5	-6.847788	0.001061
EXOSC6	-7.215508	0.000735
EXOSC7	-7.524762	0.000539
EXOSC8	-4.431228	0.011760
EXOSC9	-6.537534	0.001446
EXPH5	-6.042514	0.002370
EXT1	-4.432848	0.011741
EXT2	-4.485202	0.011149
EXTL1	-4.089360	0.016474
EXTL2	-4.787966	0.008261
EXTL3	-4.254389	0.014003
EYA1	-3.489355	0.029617
EYA2	-3.572675	0.027314
EYA3	-3.571308	0.027350
EYA4	-3.591899	0.026808
EYS	-4.742084	0.008645
EZH1	-3.931118	0.019244
EZH2	-3.397509	0.032373
EZHIP	-6.973454	0.000936
EZR	-3.283107	0.036155
F10	-4.649776	0.009473
F11	-3.354147	0.033760
F11R	-2.623629	0.067633
F12	-4.238029	0.014231
F13A1	-4.598195	0.009970
F13B	-4.480349	0.011203
F2	-3.485265	0.029734
F2R	-2.894195	0.052441
F2RL1	-3.478391	0.029933
F2RL2	-3.292949	0.035814
F2RL3	-3.587430	0.026924
F3	-3.434165	0.031245
F5	-4.096412	0.016360
F7	-4.825744	0.007957
F8	-4.760975	0.008485
F8A1	-4.199124	0.014787
F8A2	-4.199124	0.014787
F8A3	-4.199124	0.014787
F9	-5.174295	0.005628
FA2H	-3.076256	0.044097
FAAH	-5.633634	0.003563
FAAH2	-5.797883	0.003025
FAAP100	-3.081911	0.043860
FAAP20	-3.685418	0.024473
FAAP24	-0.935977	0.281714
FABP1	-3.397744	0.032366
FABP2	-4.921625	0.007235
FABP3	-4.770307	0.008407
FABP4	-4.789822	0.008245
FABP5	-3.552672	0.027850
FABP6	-4.429075	0.011785
FABP7	-6.191035	0.002044
FABP9	-5.042704	0.006415
FADD	-3.408993	0.032016
FADS1	-6.075420	0.002293
FADS2	-5.594753	0.003704
FADS3	-5.679281	0.003404
FADS6	-6.591549	0.001370
FAF1	-3.459062	0.030500
FAF2	-3.426783	0.031469
FAH	-6.004512	0.002462
FAHD1	-6.949973	0.000958
FAHD2A	-3.668288	0.024885
FAHD2B	-4.205622	0.014692
FAIM	-5.219286	0.005382
FAIM2	-3.866560	0.020501
FAM107A	-3.361647	0.033516
FAM107B	-7.017375	0.000895
FAM110A	-5.185429	0.005566
FAM110B	-4.344772	0.012808
FAM110C	-6.911711	0.000995
FAM110D	-5.194885	0.005514
FAM111A	-5.822341	0.002952
FAM111B	-6.617019	0.001336
FAM114A1	-2.478906	0.077350
FAM114A2	-1.901286	0.129963
FAM117A	-4.324328	0.013069
FAM117B	-4.555534	0.010400
FAM118A	-7.350535	0.000642
FAM118B	-7.044161	0.000872
FAM120A	-4.907348	0.007338
FAM120AOS	-7.372031	0.000628
FAM120B	-1.944522	0.125152
FAM120C	-4.766812	0.008436
FAM124A	-7.319149	0.000662
FAM124B	-7.566680	0.000517
FAM131A	-5.390735	0.004538
FAM131B	-5.583328	0.003746
FAM131C	-6.756733	0.001162
FAM133A	-7.234954	0.000720
FAM133B	-6.131928	0.002168
FAM135A	-2.877829	0.053261
FAM135B	-3.126114	0.042043
FAM136A	-3.638383	0.025621
FAM13A	-4.424047	0.011844
FAM13B	-3.718844	0.023687
FAM13C	-5.115921	0.005965
FAM149A	-4.957484	0.006982
FAM149B1	-5.117099	0.005958
FAM151A	-7.270617	0.000695
FAM151B	-7.483853	0.000562
FAM153A	-5.234559	0.005301
FAM156A	-6.590576	0.001371
FAM161A	-7.476144	0.000566
FAM161B	-5.454563	0.004259
FAM162A	-3.919649	0.019462
FAM163A	-5.136387	0.005845
FAM167A	-5.893742	0.002749
FAM167B	-5.980392	0.002521
FAM168A	-4.511565	0.010862
FAM168B	-5.847502	0.002879
FAM170A	-7.558785	0.000521
FAM171A1	-4.326252	0.013045
FAM171B	-3.748046	0.023021
FAM174A	-5.064732	0.006276
FAM174B	-3.919510	0.019464
FAM174C	-4.808867	0.008091
FAM177A1	-4.210180	0.014627
FAM177B	-3.751803	0.022937
FAM178B	-3.555303	0.027779
FAM180A	-3.583430	0.027029
FAM181A	-6.150858	0.002127
FAM181B	-4.896516	0.007417
FAM184A	-3.088447	0.043586
FAM186B	-6.903659	0.001003
FAM187B	-4.275417	0.013716
FAM193A	-3.701851	0.024083
FAM193B	-3.609870	0.026343
FAM199X	-3.510217	0.029023
FAM200A	-6.965231	0.000943
FAM200C	-6.065720	0.002316
FAM204A	-7.395271	0.000614
FAM209A	-6.852277	0.001056
FAM209B	-6.429559	0.001611
FAM20A	-3.608875	0.026368
FAM20B	-4.924285	0.007215
FAM20C	-3.364686	0.033418
FAM210A	-3.213729	0.038652
FAM210B	-3.611158	0.026310
FAM216A	-5.994071	0.002487
FAM216B	-6.636145	0.001310
FAM217A	-7.349056	0.000643
FAM217B	-4.746788	0.008605
FAM219A	-5.104910	0.006030
FAM219B	-5.378205	0.004595
FAM220A	-4.145711	0.015585
FAM221A	-6.682899	0.001251
FAM221B	-7.420910	0.000598
FAM222A	-3.635796	0.025686
FAM222B	-4.021097	0.017617
FAM227B	-6.574602	0.001393
FAM228A	-7.581494	0.000510
FAM229B	-6.349988	0.001744
FAM234A	-4.681780	0.009178
FAM234B	-4.496004	0.011030
FAM241A	-5.204429	0.005462
FAM241B	-4.416718	0.011930
FAM24A	-5.295265	0.004990
FAM24B	-5.388566	0.004548
FAM32A	-7.567993	0.000516
FAM3A	-5.306128	0.004937
FAM3B	-5.213325	0.005414
FAM3C	-5.179949	0.005597
FAM3D	-5.225812	0.005347
FAM43A	-5.322192	0.004858
FAM43B	-5.346512	0.004742
FAM47A	-6.192975	0.002040
FAM47B	-6.329106	0.001780
FAM47C	-4.300986	0.013374
FAM47E	-3.352907	0.033800
FAM50A	-7.676068	0.000464
FAM50B	-3.511946	0.028974
FAM53A	-6.120337	0.002193
FAM53B	-5.287264	0.005030
FAM53C	-3.706716	0.023969
FAM72D	-7.102448	0.000822
FAM76A	-3.560205	0.027647
FAM76B	-3.475491	0.030018
FAM78A	-6.355772	0.001734
FAM78B	-6.342635	0.001757
FAM81A	-5.040767	0.006427
FAM81B	-6.459379	0.001563
FAM83A	-6.667755	0.001270
FAM83B	-5.720189	0.003268
FAM83C	-6.693869	0.001237
FAM83D	-3.405831	0.032114
FAM83E	-6.005774	0.002458
FAM83F	-5.977189	0.002530
FAM83G	-4.693573	0.009071
FAM83H	-5.585626	0.003737
FAM86B1	-4.871220	0.007606
FAM89A	-5.631225	0.003571
FAM89B	-5.639507	0.003542
FAM8A1	-6.585600	0.001378
FAM90A1	-7.004072	0.000907
FAM91A1	-2.425733	0.081231
FAM98A	-0.883576	0.292437
FAM98B	-0.617925	0.350254
FAM98C	-2.186299	0.100988
FAM9A	-5.019595	0.006564
FAM9B	-6.825908	0.001084
FAM9C	-6.955754	0.000952
FAN1	-3.574810	0.027257
FANCA	-3.113596	0.042550
FANCB	-3.443400	0.030966
FANCC	-3.104157	0.042936
FANCD2	-0.768963	0.316704
FANCD2OS	-7.307037	0.000670
FANCE	-0.837494	0.302063
FANCF	-3.507464	0.029101
FANCG	-3.411139	0.031949
FANCI	-2.905979	0.051859
FANCL	-3.587428	0.026924
FANCM	-2.636498	0.066826
FANK1	-5.793557	0.003038
FAP	-4.572458	0.010227
FAR1	-4.828557	0.007935
FAR2	-5.589283	0.003724
FARP1	-3.838659	0.021069
FARP2	-3.984581	0.018261
FARS2	-6.450304	0.001578
FARSA	-7.022991	0.000890
FARSB	-7.284343	0.000686
FAS	-3.507436	0.029101
FASLG	-3.448609	0.030810
FASN	-5.566611	0.003809
FASTK	-4.796435	0.008191
FASTKD1	-4.250556	0.014056
FASTKD2	-2.470728	0.077936
FASTKD3	-2.351018	0.086985
FASTKD5	-3.985623	0.018242
FAT1	-3.591930	0.026807
FAT2	-3.624965	0.025958
FAT4	-4.180596	0.015059
FATE1	-5.113616	0.005978
FAU	-6.523284	0.001467
FAXC	-6.964311	0.000944
FAXDC2	-5.338511	0.004780
FBF1	-3.587614	0.026920
FBH1	-3.750112	0.022975
FBL	-1.828513	0.138416
FBLIM1	-3.159577	0.040716
FBLN1	-2.718110	0.061913
FBLN2	-3.334557	0.034405
FBLN5	-3.506096	0.029139
FBLN7	-4.658492	0.009392
FBN1	-3.635237	0.025700
FBN2	-3.648353	0.025373
FBN3	-4.509387	0.010885
FBP1	-5.482554	0.004141
FBP2	-5.739665	0.003206
FBRS	-3.716537	0.023741
FBXL12	-2.703676	0.062757
FBXL13	-3.730409	0.023421
FBXL14	-3.647280	0.025400
FBXL15	-3.629077	0.025854
FBXL16	-3.730711	0.023414
FBXL17	-3.699856	0.024130
FBXL18	-3.594247	0.026746
FBXL19	-3.253202	0.037212
FBXL2	-4.017714	0.017676
FBXL20	-3.802161	0.021835
FBXL22	-3.483847	0.029775
FBXL3	-1.521463	0.179246
FBXL4	-3.713813	0.023804
FBXL5	-3.633905	0.025733
FBXL6	-3.650161	0.025329
FBXL7	-3.797131	0.021943
FBXL8	-3.595011	0.026726
FBXO10	-4.598178	0.009970
FBXO11	-3.525961	0.028583
FBXO15	-3.588565	0.026895
FBXO16	-3.799021	0.021902
FBXO17	-3.719298	0.023677
FBXO2	-3.632829	0.025760
FBXO21	-3.552817	0.027846
FBXO22	-4.118844	0.016003
FBXO24	-3.517516	0.028818
FBXO25	-3.511238	0.028994
FBXO27	-3.610046	0.026338
FBXO28	-3.450185	0.030763
FBXO3	-3.503280	0.029219
FBXO30	-3.497277	0.029390
FBXO31	-3.580404	0.027109
FBXO32	-3.735384	0.023308
FBXO33	-3.873394	0.020364
FBXO34	-3.724729	0.023552
FBXO36	-4.181568	0.015045
FBXO38	-3.726495	0.023511
FBXO39	-3.577080	0.027197
FBXO4	-1.414895	0.195463
FBXO40	-3.661704	0.025045
FBXO41	-3.592618	0.026789
FBXO42	-3.731987	0.023385
FBXO43	-3.688809	0.024392
FBXO44	-3.865957	0.020513
FBXO45	-3.626669	0.025915
FBXO46	-3.855926	0.020716
FBXO47	-3.700631	0.024112
FBXO48	-4.119250	0.015997
FBXO5	-3.720716	0.023644
FBXO6	-3.309399	0.035250
FBXO7	-3.501888	0.029259
FBXO8	-3.658939	0.025113
FBXO9	-2.725136	0.061506
FBXW10	-4.102970	0.016255
FBXW10B	-3.874114	0.020350
FBXW11	-3.436615	0.031171
FBXW12	-3.627639	0.025891
FBXW2	-3.537393	0.028267
FBXW4	-3.830262	0.021243
FBXW5	-3.530046	0.028469
FBXW7	-3.503542	0.029212
FBXW8	-3.577063	0.027197
FBXW9	-3.498895	0.029344
FCAMR	-4.315925	0.013178
FCER1A	-2.894216	0.052440
FCER1G	-2.757590	0.059659
FCER2	-4.195165	0.014845
FCF1	-3.170607	0.040287
FCGBP	-3.771605	0.022497
FCGR1A	-2.442336	0.080001
FCGR2A	-2.554754	0.072108
FCGR2B	-2.845766	0.054901
FCGR2C	-2.706497	0.062591
FCGR3A	-2.788397	0.057954
FCGR3B	-3.044589	0.045452
FCGRT	-3.392112	0.032543
FCHO1	-1.807869	0.140896
FCHO2	-2.054388	0.113610
FCHSD1	-2.458766	0.078800
FCHSD2	-3.673458	0.024760
FCMR	-3.657597	0.025146
FCN1	-3.493375	0.029501
FCN2	-2.953219	0.049585
FCN3	-3.601230	0.026565
FCRL1	-3.609024	0.026364
FCRL2	-3.616002	0.026186
FCRL3	-3.455476	0.030606
FCRL4	-3.471786	0.030126
FCRL5	-3.240437	0.037672
FCRL6	-3.701990	0.024080
FCRLA	-3.657798	0.025141
FCRLB	-3.557193	0.027728
FCSK	-4.997788	0.006708
FDCSP	-5.504290	0.004053
FDFT1	-5.118414	0.005950
FDPS	-3.906604	0.019712
FDX1	-5.884271	0.002775
FDXR	-2.971201	0.048744
FECH	-5.963532	0.002564
FEM1A	-4.143406	0.015621
FEM1B	-3.575313	0.027244
FEM1C	-5.347869	0.004736
FEN1	2.759827	0.940466
FER	-2.779630	0.058435
FER1L5	-2.472723	0.077793
FER1L6	-3.470360	0.030167
FERD3L	-4.858446	0.007703
FERMT1	-3.889982	0.020036
FERMT2	-3.853340	0.020768
FERMT3	-3.408026	0.032046
FERRY3	-6.915864	0.000991
FES	-2.172478	0.102249
FETUB	-5.148321	0.005776
FEV	-5.730746	0.003234
FEZ1	-3.500376	0.029302
FEZF1	-5.931255	0.002648
FEZF2	-4.033660	0.017401
FFAR1	-4.338881	0.012883
FFAR2	-3.682405	0.024545
FFAR3	-3.503324	0.029218
FFAR4	-3.195446	0.039337
FGA	-3.343506	0.034108
FGB	-3.741866	0.023161
FGD1	-5.487954	0.004119
FGD2	-5.038167	0.006444
FGD3	-5.443265	0.004307
FGD4	-5.283037	0.005051
FGD5	-4.556478	0.010390
FGD6	-4.945478	0.007065
FGF1	-2.575962	0.070702
FGF10	-2.867624	0.053777
FGF11	-3.839213	0.021058
FGF12	-2.883507	0.052975
FGF13	-3.396340	0.032410
FGF14	-3.693578	0.024279
FGF16	-2.625201	0.067534
FGF17	-3.396229	0.032414
FGF18	-3.196989	0.039279
FGF19	-3.153462	0.040955
FGF2	-2.354146	0.086737
FGF20	-2.802752	0.057176
FGF21	-3.338114	0.034287
FGF22	-3.469093	0.030205
FGF23	-3.592577	0.026790
FGF3	-3.446672	0.030868
FGF4	-2.978014	0.048429
FGF5	-4.012115	0.017773
FGF6	-2.811448	0.056709
FGF7	-3.072443	0.044258
FGF8	-3.297291	0.035664
FGF9	-2.852627	0.054546
FGFBP1	-3.345070	0.034057
FGFBP2	-4.546852	0.010489
FGFBP3	-4.346822	0.012782
FGFR1	-2.841931	0.055100
FGFR1OP2	-2.776252	0.058621
FGFR2	-2.738060	0.060765
FGFR3	-3.281861	0.036199
FGFR4	-3.360962	0.033538
FGFRL1	-2.705209	0.062667
FGG	-2.530311	0.073760
FGGY	-6.814148	0.001097
FGL1	-3.475907	0.030006
FGL2	-4.269832	0.013791
FGR	-2.215895	0.098332
FH	-4.063623	0.016896
FHDC1	-4.274825	0.013724
FHIP1B	-3.705001	0.024010
FHIP2A	-3.372345	0.033171
FHIP2B	-3.486358	0.029703
FHIT	-2.774385	0.058724
FHL1	-4.439327	0.011666
FHL2	-3.589763	0.026863
FHL3	-3.976288	0.018410
FHL5	-3.995442	0.018067
FHOD1	-3.155129	0.040890
FHOD3	-2.668518	0.064857
FIBCD1	-3.363385	0.033460
FIBIN	-3.865579	0.020521
FIBP	-3.647407	0.025397
FICD	-6.458179	0.001565
FIG4	-3.462623	0.030395
FIGLA	-5.288107	0.005026
FIGN	-4.458493	0.011447
FIGNL1	-3.497467	0.029384
FIGNL2	-3.712210	0.023841
FILIP1	-2.832503	0.055593
FILIP1L	-3.584350	0.027005
FIP1L1	-3.203273	0.039043
FIRRM	-3.383804	0.032805
FIS1	-3.770370	0.022524
FITM1	-5.321606	0.004861
FITM2	-4.970316	0.006893
FIZ1	-3.927061	0.019321
FJX1	-5.101308	0.006052
FKBP10	-5.168313	0.005662
FKBP11	-5.473081	0.004181
FKBP14	-4.680227	0.009192
FKBP15	-3.331599	0.034503
FKBP1A	-3.625945	0.025933
FKBP1B	-4.542924	0.010530
FKBP2	-3.277499	0.036351
FKBP3	-2.983542	0.048175
FKBP4	-2.410161	0.082401
FKBP5	-3.487285	0.029676
FKBP6	-3.072160	0.044270
FKBP7	-4.998112	0.006705
FKBP8	-1.670988	0.158293
FKBP9	-4.968929	0.006903
FKBPL	-4.965088	0.006929
FKRP	-4.889940	0.007466
FKTN	-4.899967	0.007392
FLACC1	-6.529716	0.001457
FLAD1	-5.686172	0.003381
FLCN	-3.449904	0.030772
FLG	-7.048012	0.000868
FLG2	-5.541270	0.003906
FLI1	-3.373378	0.033138
FLII	-3.987916	0.018201
FLNA	-3.618356	0.026126
FLNB	-3.450527	0.030753
FLNC	-3.647583	0.025392
FLOT1	-1.983468	0.120950
FLOT2	-2.643885	0.066367
FLRT1	-2.901664	0.052071
FLRT3	-3.249426	0.037348
FLT1	-3.052894	0.045093
FLT3	-2.526895	0.073994
FLT3LG	-2.919291	0.051208
FLT4	-2.678733	0.064240
FLVCR1	-4.497962	0.011009
FLVCR2	-4.282472	0.013620
FLYWCH1	-6.641276	0.001304
FLYWCH2	-5.479793	0.004153
FMC1	-7.753180	0.000429
FMN2	-3.730507	0.023419
FMNL1	-3.321321	0.034847
FMNL2	-2.394264	0.083611
FMNL3	-2.280185	0.092777
FMO1	-6.068727	0.002309
FMO2	-5.702602	0.003326
FMO3	-5.284275	0.005045
FMO4	-6.075223	0.002294
FMO5	-5.529984	0.003950
FMOD	-3.220589	0.038398
FMR1	-2.209332	0.098916
FMR1NB	-7.177033	0.000763
FN1	-3.345266	0.034051
FN3K	-6.148097	0.002133
FN3KRP	-6.147438	0.002134
FNBP1	-2.707480	0.062533
FNBP1L	-2.165287	0.102911
FNBP4	-2.300395	0.091090
FNDC1	-3.673829	0.024751
FNDC11	-4.716141	0.008870
FNDC3A	-4.134408	0.015760
FNDC3B	-3.871834	0.020396
FNDC4	-4.474240	0.011270
FNDC5	-3.646639	0.025416
FNDC7	-4.260777	0.013915
FNDC8	-5.448219	0.004286
FNDC9	-5.786172	0.003060
FNIP1	-4.674513	0.009244
FNTA	-1.513740	0.180385
FNTB	-3.590634	0.026841
FOCAD	-1.672240	0.158126
FOLH1	-5.015297	0.006592
FOLR1	-2.909529	0.051685
FOLR2	-3.528367	0.028516
FOLR3	-3.563402	0.027561
FOS	-5.408286	0.004459
FOSB	-3.714384	0.023791
FOSL1	-3.438926	0.031101
FOSL2	-3.446689	0.030868
FOXA1	-3.455503	0.030605
FOXA2	-3.493221	0.029506
FOXA3	-3.566545	0.027477
FOXB2	-3.897134	0.019896
FOXC1	-3.450286	0.030760
FOXD1	-4.668751	0.009297
FOXD2	-4.665560	0.009326
FOXD3	-4.114402	0.016073
FOXD4	-5.696923	0.003345
FOXD4L1	-6.162472	0.002103
FOXD4L3	-6.081627	0.002279
FOXD4L4	-6.094990	0.002249
FOXD4L5	-6.083625	0.002275
FOXD4L6	-6.102688	0.002232
FOXE1	-3.591580	0.026816
FOXE3	-4.206504	0.014680
FOXF1	-3.894893	0.019940
FOXF2	-3.891330	0.020010
FOXG1	-3.513563	0.028929
FOXH1	-4.448487	0.011561
FOXI1	-3.450675	0.030749
FOXI2	-3.806080	0.021752
FOXJ1	-3.509377	0.029047
FOXJ2	-3.474233	0.030054
FOXJ3	-3.507015	0.029113
FOXK1	-5.566916	0.003808
FOXK2	-3.371851	0.033187
FOXL1	-3.718772	0.023689
FOXL2	-3.563667	0.027554
FOXM1	-3.458560	0.030515
FOXN1	-3.710750	0.023875
FOXN2	-3.457487	0.030546
FOXN3	-3.566064	0.027490
FOXN4	-3.348828	0.033934
FOXO1	-3.354606	0.033745
FOXO3	-3.465769	0.030302
FOXO4	-3.496407	0.029415
FOXP1	-3.533637	0.028370
FOXP2	-3.782034	0.022269
FOXP3	-3.298829	0.035611
FOXP4	-3.565411	0.027507
FOXQ1	-3.809310	0.021683
FOXR1	-3.507403	0.029102
FOXR2	-3.448757	0.030806
FOXRED1	-3.795208	0.021984
FOXRED2	-5.336405	0.004790
FOXS1	-3.701743	0.024086
FPGS	-5.001310	0.006684
FPGT	-7.577433	0.000512
FPR1	-3.482363	0.029818
FPR2	-3.486717	0.029693
FPR3	-3.421351	0.031635
FRA10AC1	-3.929120	0.019282
FRAS1	-3.532453	0.028403
FRAT1	-4.195211	0.014844
FRAT2	-4.714002	0.008889
FREM1	-4.324338	0.013069
FREM2	-4.099714	0.016307
FREY1	-3.606436	0.026431
FRG1	-6.900337	0.001006
FRG2	-7.246729	0.000712
FRG2B	-7.013893	0.000898
FRK	-2.110582	0.108073
FRMD1	-3.628071	0.025880
FRMD3	-4.066174	0.016854
FRMD4A	-4.543240	0.010527
FRMD5	-5.005282	0.006658
FRMD6	-3.620900	0.026061
FRMD7	-5.508627	0.004035
FRMD8	-4.796595	0.008190
FRMPD1	-4.058053	0.016989
FRMPD2	-3.689278	0.024381
FRMPD4	-3.763645	0.022673
FRRS1	-4.719988	0.008837
FRRS1L	-4.161087	0.015351
FRS2	-2.204874	0.099314
FRS3	-3.598622	0.026633
FRY	-3.482590	0.029812
FRYL	-4.172273	0.015183
FRZB	-3.574138	0.027275
FSAF1	-5.112130	0.005987
FSCB	-5.774044	0.003098
FSCN1	-4.321323	0.013108
FSCN2	-4.733915	0.008715
FSCN3	-5.820393	0.002958
FSD1	-4.669306	0.009292
FSD1L	-4.398776	0.012143
FSD2	-4.854082	0.007736
FSHB	-3.168638	0.040363
FSHR	-3.637272	0.025649
FSIP1	-4.150171	0.015517
FSIP2	-6.687264	0.001245
FST	-3.614910	0.026214
FSTL1	-3.168107	0.040384
FSTL3	-3.419638	0.031687
FSTL4	-4.056889	0.017008
FSTL5	-3.781534	0.022280
FTCD	-6.906844	0.001000
FTH1	-2.922940	0.051031
FTHL17	-5.717000	0.003279
FTL	-3.273088	0.036506
FTMT	-3.657336	0.025152
FTO	-3.127728	0.041978
FTSJ1	-4.398786	0.012143
FTSJ3	-7.808069	0.000406
FUBP1	-6.196255	0.002033
FUBP3	-5.120536	0.005937
FUCA1	-5.194653	0.005516
FUCA2	-4.674046	0.009248
FUNDC1	-4.764885	0.008452
FUNDC2	-5.518699	0.003995
FUOM	-5.455170	0.004256
FURIN	-3.757886	0.022801
FUS	-3.396161	0.032416
FUT1	-5.325374	0.004843
FUT2	-5.108427	0.006009
FUT3	-4.994748	0.006728
FUT4	-5.682652	0.003393
FUT5	-5.301836	0.004958
FUT6	-5.412150	0.004442
FUT7	-5.346306	0.004743
FUT8	-4.190849	0.014908
FUT9	-5.432159	0.004355
FUZ	-3.388756	0.032649
FXN	-3.512695	0.028953
FXR1	-2.274036	0.093296
FXR2	-2.271324	0.093526
FXYD1	-3.675531	0.024710
FXYD2	-3.554862	0.027791
FXYD3	-4.377979	0.012395
FXYD4	-4.207969	0.014658
FXYD5	-4.321942	0.013100
FXYD6	-3.633385	0.025746
FXYD7	-3.652969	0.025260
FYB1	-2.727168	0.061389
FYB2	-4.107616	0.016181
FYCO1	-2.413808	0.082126
FYN	-2.290597	0.091905
FYTTD1	-3.666896	0.024919
FZD1	-3.458722	0.030510
FZD10	-2.849844	0.054689
FZD2	-3.668035	0.024891
FZD3	-3.391649	0.032557
FZD4	-3.463756	0.030361
FZD5	-3.452937	0.030681
FZD6	-3.498671	0.029350
FZD7	-3.655316	0.025202
FZD8	-3.154675	0.040907
FZD9	-3.634575	0.025716
FZR1	-3.862649	0.020580
G0S2	-5.149744	0.005767
G2E3	-6.410884	0.001641
G3BP1	-5.594638	0.003704
G3BP2	-1.311906	0.212168
G6PC1	-4.500130	0.010986
G6PC2	-3.931734	0.019232
G6PC3	-5.211048	0.005426
G6PD	-4.622576	0.009732
GAA	-4.948044	0.007047
GAB1	-2.601448	0.069045
GAB2	-3.676409	0.024689
GAB3	-3.769154	0.022551
GAB4	-4.266981	0.013830
GABARAP	-1.044545	0.260274
GABARAPL1	-0.939313	0.281039
GABARAPL2	-1.223387	0.227341
GABBR1	-3.579353	0.027137
GABBR2	-3.483479	0.029786
GABPA	-3.508888	0.029060
GABPB1	-3.638091	0.025628
GABPB2	-4.991514	0.006750
GABRA1	-3.566467	0.027479
GABRA2	-3.631987	0.025781
GABRA3	-3.645893	0.025434
GABRA4	-3.499843	0.029317
GABRA5	-3.625128	0.025954
GABRA6	-3.792767	0.022037
GABRB1	-3.628917	0.025859
GABRB2	-3.272064	0.036542
GABRB3	-3.604765	0.026474
GABRD	-3.663475	0.025002
GABRE	-3.685861	0.024462
GABRG1	-3.954710	0.018804
GABRG2	-3.640922	0.025558
GABRG3	-3.729679	0.023438
GABRP	-3.634297	0.025723
GABRQ	-3.390988	0.032578
GABRR1	-3.692283	0.024309
GABRR2	-3.692589	0.024302
GABRR3	-3.658511	0.025123
GAD1	-4.639042	0.009574
GAD2	-3.671155	0.024816
GADD45A	-3.467736	0.030244
GADD45B	3.317597	0.965028
GADD45G	3.923981	0.980621
GADD45GIP1	-7.559112	0.000521
GADL1	-4.918294	0.007259
GAGE2B	-7.304592	0.000672
GAGE2C	-7.304592	0.000672
GAGE2E	-7.302477	0.000673
GAGE6	-7.308286	0.000670
GAGE8	-7.302477	0.000673
GAK	-2.306451	0.090590
GAL	-3.258917	0.037008
GAL3ST1	-5.088331	0.006130
GAL3ST2	-4.922854	0.007226
GAL3ST3	-4.950249	0.007032
GAL3ST4	-4.605961	0.009893
GALC	-2.676403	0.064380
GALE	-5.882062	0.002781
GALK1	-5.335869	0.004793
GALK2	-3.456585	0.030573
GALM	-4.828809	0.007933
GALNS	-4.923083	0.007224
GALNT1	-3.640547	0.025567
GALNT10	-4.027251	0.017511
GALNT11	-3.575645	0.027235
GALNT12	-3.723882	0.023571
GALNT13	-3.510462	0.029016
GALNT14	-3.395148	0.032447
GALNT15	-2.838189	0.055295
GALNT16	-3.638927	0.025608
GALNT17	-3.634938	0.025707
GALNT18	-3.677045	0.024673
GALNT2	-3.629659	0.025840
GALNT3	-3.382769	0.032838
GALNT4	-3.272684	0.036520
GALNT5	-3.270111	0.036611
GALNT6	-3.601076	0.026569
GALNT7	-3.364921	0.033410
GALNT8	-3.559458	0.027667
GALNT9	-3.691550	0.024327
GALNTL5	-3.297520	0.035656
GALNTL6	-3.679420	0.024616
GALP	-3.361865	0.033509
GALR1	-3.327341	0.034645
GALR2	-3.430274	0.031363
GALT	-2.434279	0.080596
GAMT	-5.300251	0.004966
GAN	-3.501095	0.029281
GANAB	-3.860865	0.020616
GANC	-4.761527	0.008480
GAP43	-5.584371	0.003742
GAPDH	-2.216808	0.098251
GAPDHS	-3.769653	0.022540
GAPT	-3.760383	0.022745
GAPVD1	-3.507999	0.029085
GAR1	-6.980269	0.000929
GAREM1	-5.336142	0.004791
GARIN1A	-5.766775	0.003120
GARIN1B	-5.511180	0.004025
GARIN2	-5.990186	0.002497
GARIN3	-6.761649	0.001156
GARIN4	-5.209842	0.005433
GARIN5A	-6.270634	0.001887
GARIN6	-6.488184	0.001519
GARNL3	-2.424115	0.081352
GARRE1	-3.674619	0.024732
GARS1	-5.039559	0.006435
GART	-5.574944	0.003777
GAS1	-3.153973	0.040935
GAS2	-3.843762	0.020964
GAS2L1	-5.580242	0.003757
GAS2L2	-5.432020	0.004355
GAS2L3	-3.650405	0.025323
GAS6	-4.284563	0.013592
GAS7	-2.985609	0.048080
GASK1B	-4.644976	0.009518
GAST	-3.361492	0.033521
GATA1	-3.392891	0.032518
GATA2	-3.568260	0.027431
GATA3	-3.408746	0.032023
GATA4	-3.668936	0.024869
GATA5	-3.523357	0.028655
GATA6	-3.508272	0.029078
GATAD1	-4.525288	0.010716
GATAD2A	-3.765231	0.022638
GATAD2B	-3.508151	0.029081
GATB	-5.588280	0.003728
GATC	-3.380023	0.032926
GATD1	-5.228003	0.005336
GATD3	-4.367485	0.012524
GATM	-5.639399	0.003542
GBA1	-4.463578	0.011390
GBA2	-6.200759	0.002024
GBA3	-5.704228	0.003321
GBE1	-3.469799	0.030184
GBF1	-3.229907	0.038056
GBGT1	-4.917453	0.007265
GBP1	-4.220173	0.014483
GBP2	-4.385417	0.012304
GBP3	-4.209713	0.014633
GBP4	-5.286601	0.005033
GBP5	-5.624640	0.003595
GBP6	-4.502466	0.010960
GBP7	-5.933655	0.002642
GBX2	-4.890123	0.007464
GC	-5.338360	0.004781
GCA	-3.703970	0.024034
GCAT	-5.068636	0.006252
GCC1	-3.295948	0.035710
GCC2	-2.597232	0.069317
GCDH	-5.218066	0.005389
GCFC2	-2.753484	0.059890
GCG	-3.326081	0.034687
GCGR	-3.501514	0.029269
GCH1	-3.450667	0.030749
GCHFR	-3.043980	0.045478
GCK	-2.415578	0.081992
GCKR	-4.661616	0.009363
GCLC	-2.402095	0.083013
GCLM	-4.707843	0.008944
GCM1	-3.581189	0.027088
GCM2	-7.267984	0.000697
GCN1	-4.723063	0.008810
GCNA	-5.397039	0.004510
GCNT1	-3.990142	0.018161
GCNT2	-4.423258	0.011853
GCNT3	-4.111063	0.016126
GCNT4	-5.035722	0.006460
GCNT7	-3.903418	0.019774
GCOM1	-5.018314	0.006572
GCSAM	-4.570542	0.010246
GCSAML	-4.882251	0.007523
GCSH	-4.924929	0.007211
GDA	-5.621682	0.003606
GDAP1	-5.528773	0.003955
GDAP1L1	-5.544245	0.003895
GDAP2	-5.713178	0.003291
GDE1	-2.267880	0.093818
GDF10	-3.813080	0.021603
GDF11	-3.581170	0.027089
GDF15	-3.564389	0.027535
GDF2	-3.570399	0.027374
GDF3	-5.023860	0.006536
GDF5	-4.022484	0.017593
GDF6	-3.421069	0.031643
GDF7	-3.554959	0.027788
GDF9	-3.960188	0.018703
GDI1	-1.466216	0.187518
GDI2	-1.576941	0.171229
GDNF	-3.379812	0.032932
GDPD1	-5.354938	0.004703
GDPD2	-6.417660	0.001630
GDPD3	-4.992689	0.006742
GDPD4	-6.239408	0.001947
GDPD5	-4.391639	0.012229
GDPGP1	-7.270739	0.000695
GEM	-4.782350	0.008307
GEMIN2	-0.928599	0.283209
GEMIN4	-2.665760	0.065024
GEMIN5	-3.400170	0.032290
GEMIN6	-5.403651	0.004480
GEMIN7	-3.248661	0.037375
GEMIN8	1.961512	0.876696
GEN1	-3.948709	0.018915
GET1	-3.157006	0.040816
GET3	3.626652	0.974084
GET4	-2.145367	0.104765
GFAP	-3.190552	0.039523
GFER	-3.206054	0.038939
GFI1	-3.559449	0.027667
GFI1B	-7.149356	0.000785
GFM1	-6.645618	0.001298
GFM2	-7.666996	0.000468
GFOD1	-4.399322	0.012137
GFOD2	-4.816779	0.008028
GFPT1	-4.287561	0.013552
GFPT2	-6.930124	0.000977
GFRA1	-2.849552	0.054704
GFRA2	-3.316212	0.035019
GFRA3	-3.366505	0.033359
GFRA4	-3.330127	0.034552
GFRAL	-3.184214	0.039764
GFUS	-4.361916	0.012593
GGA1	-2.223970	0.097618
GGA2	-2.474603	0.077658
GGA3	-3.332520	0.034472
GGACT	-4.267136	0.013828
GGCT	-5.151482	0.005757
GGCX	-4.833657	0.007895
GGH	-7.007935	0.000904
GGN	-3.618436	0.026124
GGNBP2	-3.400502	0.032280
GGPS1	-2.689001	0.063626
GGT1	-5.457819	0.004245
GGT5	-5.548981	0.003876
GGT6	-5.132900	0.005865
GGT7	-4.528234	0.010684
GGTLC1	-7.118942	0.000809
GGTLC2	-6.068082	0.002310
GH2	-2.653211	0.065791
GHDC	-5.295959	0.004987
GHITM	-4.760051	0.008492
GHR	-2.849213	0.054722
GHRH	-3.425658	0.031503
GHRHR	-3.422782	0.031591
GHRL	-3.230522	0.038033
GHSR	-3.481880	0.029832
GID4	-2.747012	0.060256
GIGYF1	-6.780215	0.001135
GIGYF2	-3.221667	0.038358
GIMAP1	-7.223215	0.000729
GIMAP2	-7.399758	0.000611
GIMAP4	-7.193147	0.000751
GIMAP5	-6.550815	0.001427
GIMAP6	-6.921716	0.000985
GIMAP7	-7.070188	0.000849
GIMAP8	-6.319193	0.001798
GIN1	-6.788729	0.001125
GINM1	-6.488698	0.001518
GINS1	-2.664255	0.065116
GINS2	-1.819555	0.139487
GINS3	-3.536360	0.028295
GINS4	-6.052054	0.002348
GIP	-3.434319	0.031240
GIPC1	-3.475897	0.030006
GIPC2	-4.963677	0.006939
GIPC3	-4.038410	0.017320
GIPR	-3.343141	0.034120
GIT1	-3.467695	0.030246
GIT2	-3.109176	0.042730
GJA1	-2.497758	0.076016
GJA10	-4.882993	0.007517
GJA3	-4.523527	0.010734
GJA4	-3.805659	0.021760
GJA5	-4.716842	0.008864
GJA8	-4.497225	0.011017
GJA9	-4.990134	0.006759
GJB1	-4.269587	0.013795
GJB2	-4.672189	0.009265
GJB3	-5.136142	0.005846
GJB4	-5.208745	0.005439
GJB5	-4.975816	0.006856
GJB6	-4.862131	0.007675
GJB7	-5.126733	0.005901
GJC1	-3.622396	0.026023
GJC2	-4.569862	0.010253
GJC3	-5.049674	0.006371
GJD2	-4.887543	0.007483
GJD3	-4.696233	0.009047
GJD4	-4.911812	0.007305
GK	-6.474731	0.001540
GK2	-6.474327	0.001540
GK5	-7.309271	0.000669
GKAP1	-6.500349	0.001501
GKN1	-6.015485	0.002435
GKN2	-3.726053	0.023521
GLA	-3.299753	0.035580
GLB1	-2.670491	0.064737
GLB1L	-5.362585	0.004667
GLB1L2	-5.035684	0.006460
GLB1L3	-5.342551	0.004761
GLCCI1	-3.686434	0.024448
GLCE	-3.943274	0.019016
GLDC	-5.751992	0.003166
GLDN	-4.718026	0.008854
GLE1	-3.485958	0.029714
GLG1	-3.271317	0.036568
GLI1	-3.492676	0.029521
GLI2	-3.536649	0.028287
GLI3	-3.495300	0.029446
GLI4	-7.461719	0.000574
GLIPR1	-5.218146	0.005388
GLIPR1L1	-5.354304	0.004706
GLIPR1L2	-5.252400	0.005208
GLIPR2	-6.686520	0.001246
GLIS1	-4.082563	0.016584
GLIS2	-3.576337	0.027217
GLIS3	-3.665191	0.024960
GLMN	-2.458755	0.078801
GLMP	-3.358562	0.033616
GLO1	-4.786529	0.008272
GLOD4	-3.258006	0.037040
GLP1R	-3.466996	0.030266
GLP2R	-3.429778	0.031378
GLRA1	-3.773347	0.022459
GLRA2	-3.918407	0.019485
GLRA3	-3.793128	0.022029
GLRB	-3.615299	0.026204
GLRX	-3.688025	0.024411
GLRX2	-2.674973	0.064466
GLRX3	-1.398568	0.198043
GLRX5	-3.984770	0.018257
GLS	-4.230599	0.014335
GLS2	-3.910645	0.019634
GLT1D1	-6.620901	0.001330
GLT6D1	-4.911627	0.007307
GLT8D1	-5.164759	0.005682
GLT8D2	-4.763567	0.008463
GLTP	-4.010533	0.017801
GLTPD2	-5.002552	0.006676
GLUD1	-5.568548	0.003802
GLUD2	-5.003110	0.006672
GLUL	-3.582668	0.027049
GLYAT	-6.194988	0.002035
GLYATL1	-4.764770	0.008453
GLYATL2	-5.438676	0.004326
GLYCTK	-3.886044	0.020114
GLYR1	-3.531446	0.028431
GM2A	-2.736133	0.060875
GMCL1	-3.913276	0.019584
GMDS	-5.659115	0.003473
GMEB1	-3.877164	0.020289
GMEB2	-6.115328	0.002204
GMFB	-4.241280	0.014185
GMFG	-4.686166	0.009138
GMIP	-3.084840	0.043737
GML	-3.665770	0.024946
GMNN	-3.507435	0.029101
GMPPA	-4.758166	0.008508
GMPPB	-2.830057	0.055721
GMPR	-3.683209	0.024526
GMPR2	-3.161157	0.040654
GMPS	-4.116546	0.016039
GNA11	-2.941320	0.050148
GNA12	-3.781806	0.022274
GNA13	-3.229547	0.038069
GNA14	-2.879053	0.053199
GNA15	-3.297157	0.035669
GNAI1	-3.454132	0.030646
GNAI2	-3.313854	0.035099
GNAI3	-2.986003	0.048062
GNAL	-3.442842	0.030983
GNAO1	-2.624902	0.067553
GNAQ	-3.455745	0.030598
GNAS	-3.690029	0.024363
GNAT1	-2.787108	0.058025
GNAT2	-2.788990	0.057922
GNAZ	-3.238006	0.037760
GNB1	-3.648770	0.025363
GNB1L	-4.130666	0.015818
GNB2	-3.556607	0.027744
GNB3	-3.588000	0.026909
GNB4	-3.649106	0.025355
GNB5	-3.671260	0.024813
GNE	-3.434174	0.031244
GNG10	-4.104360	0.016233
GNG11	-3.313200	0.035121
GNG12	-3.932709	0.019214
GNG13	-3.073457	0.044216
GNG2	-3.010201	0.046967
GNG3	-3.343621	0.034105
GNG4	-3.450799	0.030745
GNG5	-3.761888	0.022712
GNG7	-3.667773	0.024898
GNG8	-3.754758	0.022871
GNGT1	-3.187208	0.039650
GNGT2	-2.989008	0.047925
GNL1	-7.298263	0.000676
GNL2	-7.355161	0.000639
GNL3	-7.482177	0.000563
GNL3L	-5.183017	0.005580
GNLY	-5.109137	0.006005
GNMT	-4.553462	0.010421
GNPAT	-5.833300	0.002920
GNPDA1	-2.444651	0.079831
GNPDA2	-2.166575	0.102792
GNPNAT1	-4.420420	0.011886
GNPTAB	-3.553945	0.027816
GNPTG	-4.613756	0.009817
GNRH1	-3.394062	0.032482
GNRH2	-3.617687	0.026143
GNRHR	-3.296318	0.035698
GNS	-5.927780	0.002657
GOLGA1	-3.620774	0.026064
GOLGA2	-3.858158	0.020671
GOLGA3	-4.448716	0.011558
GOLGA4	-3.411668	0.031933
GOLGA5	-2.957061	0.049404
GOLGA6A	-5.617429	0.003621
GOLGA6B	-5.629220	0.003579
GOLGA6L9	-4.676846	0.009222
GOLGA7	-2.506269	0.075420
GOLGA7B	-3.577063	0.027197
GOLGA8A	-5.387007	0.004555
GOLGA8B	-4.959960	0.006964
GOLGA8F	-4.829594	0.007926
GOLGA8G	-4.847229	0.007789
GOLGB1	-2.340549	0.087820
GOLIM4	-3.485977	0.029714
GOLM1	-3.052859	0.045094
GOLM2	-3.578521	0.027159
GOLPH3	-1.479562	0.185494
GOLPH3L	-3.296483	0.035692
GOLT1A	-4.911902	0.007305
GOLT1B	-5.033606	0.006473
GON4L	-2.944747	0.049985
GON7	-6.989830	0.000920
GOPC	-3.331541	0.034505
GORAB	-4.814769	0.008044
GORASP1	-3.313881	0.035098
GORASP2	-2.532796	0.073591
GOSR1	-2.558694	0.071845
GOSR2	-2.842222	0.055085
GOT1	-5.537529	0.003921
GOT1L1	-5.723943	0.003256
GOT2	-4.954872	0.007000
GP1BA	-2.736449	0.060857
GP2	-3.351063	0.033860
GP5	-2.932673	0.050562
GP6	-3.106572	0.042837
GP9	-2.834678	0.055479
GPA33	-2.480832	0.077213
GPAA1	-3.501164	0.029279
GPALPP1	-4.201484	0.014752
GPAM	-5.322424	0.004857
GPANK1	-7.104221	0.000821
GPAT2	-4.869876	0.007616
GPAT3	-5.294903	0.004992
GPAT4	-5.436031	0.004338
GPATCH1	-7.597282	0.000502
GPATCH11	-5.741134	0.003201
GPATCH2	-3.543104	0.028110
GPATCH2L	-3.757616	0.022807
GPATCH3	-7.515244	0.000544
GPATCH4	-7.011034	0.000901
GPATCH8	-6.300224	0.001833
GPBAR1	-3.558823	0.027684
GPBP1	-6.631473	0.001316
GPBP1L1	-3.783290	0.022242
GPC1	-3.834273	0.021160
GPC2	-2.846134	0.054882
GPC3	-3.077718	0.044036
GPC4	-3.151010	0.041052
GPC5	-2.835562	0.055432
GPC6	-3.078030	0.044023
GPCPD1	-3.219128	0.038452
GPD1	-6.059474	0.002330
GPD1L	-5.833066	0.002921
GPD2	-5.122794	0.005924
GPER1	-3.322455	0.034809
GPHA2	-2.493386	0.076323
GPHB5	-2.537797	0.073251
GPHN	-2.040781	0.114987
GPI	-3.657096	0.025158
GPIHBP1	-4.245726	0.014123
GPKOW	-7.354044	0.000640
GPLD1	-4.642720	0.009540
GPM6A	-4.864558	0.007656
GPM6B	-5.009040	0.006633
GPN1	-6.876226	0.001031
GPN2	-5.633413	0.003564
GPN3	-1.836912	0.137417
GPNMB	-3.150186	0.041084
GPR101	-5.642718	0.003531
GPR107	-5.036278	0.006456
GPR108	-5.006770	0.006648
GPR119	-5.675153	0.003418
GPR12	-4.852727	0.007747
GPR132	-5.710603	0.003300
GPR135	-3.404693	0.032149
GPR137	-4.734361	0.008712
GPR137B	-4.861408	0.007680
GPR139	-4.372946	0.012457
GPR141	-5.491305	0.004106
GPR142	-3.673690	0.024754
GPR143	-4.579914	0.010152
GPR146	-4.302011	0.013360
GPR148	-5.665941	0.003450
GPR149	-5.544496	0.003894
GPR15	-3.639292	0.025598
GPR151	-5.230373	0.005323
GPR152	-4.461603	0.011412
GPR153	-4.305157	0.013319
GPR155	-4.462493	0.011402
GPR156	-4.818980	0.008010
GPR157	-4.925581	0.007206
GPR158	-3.714550	0.023787
GPR15LG	-5.098031	0.006072
GPR160	-5.272862	0.005103
GPR161	-4.637237	0.009592
GPR162	-4.566294	0.010289
GPR17	-4.422584	0.011861
GPR171	-5.067725	0.006257
GPR173	-3.657120	0.025158
GPR174	-4.597399	0.009977
GPR176	-3.722412	0.023605
GPR179	-4.326313	0.013044
GPR18	-4.907376	0.007338
GPR180	-5.206960	0.005448
GPR183	-5.183266	0.005578
GPR19	-3.464809	0.030330
GPR20	-5.267185	0.005132
GPR21	-5.710336	0.003301
GPR22	-3.633751	0.025737
GPR26	-5.124827	0.005912
GPR3	-5.329419	0.004824
GPR31	-3.510806	0.029006
GPR32	-4.170735	0.015206
GPR34	-4.535781	0.010605
GPR35	-5.554878	0.003854
GPR37	-3.626021	0.025932
GPR37L1	-3.461247	0.030435
GPR39	-3.313987	0.035094
GPR4	-3.268602	0.036664
GPR42	-3.664771	0.024971
GPR45	-3.411985	0.031923
GPR50	-4.695215	0.009056
GPR52	-5.669653	0.003437
GPR55	-5.132945	0.005865
GPR6	-5.231726	0.005316
GPR61	-3.324117	0.034753
GPR62	-3.636510	0.025668
GPR63	-3.353414	0.033784
GPR65	-3.477259	0.029966
GPR68	-4.491888	0.011075
GPR75	-5.329508	0.004823
GPR78	-5.834284	0.002917
GPR82	-5.597218	0.003694
GPR83	-3.393198	0.032509
GPR84	-3.338391	0.034277
GPR85	-3.632412	0.025771
GPR87	-5.370554	0.004630
GPR88	-5.222028	0.005367
GPR89B	-4.810125	0.008081
GPRASP1	-5.938528	0.002629
GPRASP2	-7.477942	0.000565
GPRASP3	-7.250926	0.000709
GPRC5A	-5.195161	0.005513
GPRC5B	-4.036094	0.017360
GPRC5C	-4.782882	0.008302
GPRC5D	-5.193748	0.005521
GPRC6A	-3.895610	0.019926
GPRIN1	-4.846351	0.007796
GPRIN2	-5.585264	0.003739
GPRIN3	-5.731907	0.003230
GPS1	-1.959609	0.123509
GPS2	-3.554629	0.027797
GPSM1	-5.352795	0.004713
GPSM2	-5.355578	0.004700
GPSM3	-4.716133	0.008870
GPT	-5.727409	0.003245
GPT2	-5.766385	0.003121
GPX1	-5.565938	0.003811
GPX2	-4.531877	0.010646
GPX3	-4.059204	0.016970
GPX4	-4.385922	0.012298
GPX5	-4.021689	0.017607
GPX6	-4.293165	0.013477
GPX7	-4.685647	0.009142
GPX8	-4.675812	0.009232
GRAMD1A	-4.392118	0.012223
GRAMD1B	-4.382503	0.012340
GRAMD1C	-5.546886	0.003884
GRAMD2A	-4.891581	0.007454
GRAMD2B	-4.162383	0.015332
GRAMD4	-3.879427	0.020244
GRAP	-2.571091	0.071022
GRAP2	-2.721618	0.061710
GRB10	-2.913996	0.051466
GRB14	-2.737072	0.060821
GRB2	-2.895975	0.052353
GRB7	-2.242392	0.096008
GREB1	-5.959347	0.002575
GREM1	-3.560843	0.027630
GREM2	-3.218383	0.038480
GRHL1	-3.791126	0.022072
GRHL2	-4.518372	0.010789
GRHL3	-4.331748	0.012974
GRHPR	-5.169452	0.005656
GRIA1	-3.579584	0.027131
GRIA2	-3.239213	0.037716
GRIA3	-3.893778	0.019962
GRIA4	-3.437045	0.031158
GRID1	-3.689103	0.024385
GRID2	-3.202130	0.039086
GRIK1	-3.660127	0.025084
GRIK2	-3.135268	0.041676
GRIK3	-3.558003	0.027706
GRIK4	-3.643463	0.025495
GRIK5	-2.928219	0.050776
GRIN1	-3.381760	0.032870
GRIN2A	-3.569252	0.027405
GRIN2B	-3.235641	0.037846
GRIN2C	-3.747609	0.023031
GRIN2D	-3.414955	0.031831
GRIN3A	-3.201637	0.039104
GRIN3B	-4.212538	0.014593
GRINA	-5.871630	0.002810
GRIP1	-2.884741	0.052913
GRIP2	-2.419097	0.081728
GRIPAP1	-2.042564	0.114806
GRK1	-3.693456	0.024282
GRK2	-2.932288	0.050580
GRK3	-2.347490	0.087265
GRK4	-3.532428	0.028404
GRK5	-4.133066	0.015781
GRK6	-4.034512	0.017387
GRK7	-3.615452	0.026200
GRM1	-2.514161	0.074871
GRM2	-3.610999	0.026314
GRM3	-2.976285	0.048509
GRM4	-3.493266	0.029504
GRM5	-3.173570	0.040173
GRM6	-3.417687	0.031747
GRM7	-2.463329	0.078469
GRM8	-2.616965	0.068055
GRN	-3.502490	0.029241
GRP	-3.451974	0.030710
GRPEL1	-2.580484	0.070405
GRPEL2	-2.373051	0.085251
GRPR	-3.346285	0.034017
GRSF1	-6.838486	0.001071
GRTP1	-4.583953	0.010111
GRWD1	-1.926824	0.127102
GRXCR2	-6.235151	0.001956
GSAP	-2.648079	0.066108
GSC	-5.835724	0.002913
GSDMA	-4.004644	0.017904
GSDMB	-4.392156	0.012223
GSDMC	-4.890409	0.007462
GSDMD	-2.551709	0.072312
GSDME	-5.452038	0.004269
GSE1	-3.803545	0.021806
GSG1	-4.368841	0.012507
GSG1L	-4.887270	0.007486
GSK3A	-2.638156	0.066723
GSK3B	-3.286988	0.036020
GSKIP	-3.002198	0.047327
GSN	-3.302951	0.035470
GSPT1	-7.442569	0.000585
GSPT2	-7.432967	0.000591
GSR	-2.509652	0.075184
GSS	-5.864474	0.002830
GSTA1	-5.382410	0.004576
GSTA2	-5.385133	0.004563
GSTA3	-4.576333	0.010188
GSTA4	-5.081362	0.006173
GSTA5	-5.221522	0.005370
GSTCD	-6.483427	0.001526
GSTK1	-5.548758	0.003877
GSTM1	-4.718958	0.008846
GSTM2	-4.808038	0.008098
GSTM3	-4.958393	0.006975
GSTM5	-5.061278	0.006298
GSTO1	-4.145045	0.015596
GSTO2	-4.174591	0.015148
GSTP1	-3.488641	0.029637
GSTT1	-5.319678	0.004870
GSTT2	-5.550079	0.003872
GSTT2B	-5.552639	0.003862
GSTZ1	-5.551745	0.003866
GSX1	-5.093217	0.006101
GSX2	-4.308440	0.013276
GTF2A1	-7.461421	0.000575
GTF2A1L	-3.455594	0.030602
GTF2A2	-5.858486	0.002847
GTF2B	-2.287641	0.092152
GTF2E1	-2.649738	0.066005
GTF2E2	-2.461493	0.078602
GTF2F1	-3.838539	0.021071
GTF2F2	-7.381287	0.000622
GTF2H1	-2.091337	0.109942
GTF2H2	-1.600137	0.167962
GTF2H2C_2	-1.679050	0.157221
GTF2H3	-4.773384	0.008381
GTF2H4	-7.458558	0.000576
GTF2H5	-6.663044	0.001276
GTF2I	-3.473170	0.030085
GTF2IRD1	-4.107431	0.016184
GTF2IRD2	-3.902886	0.019784
GTF2IRD2B	-3.787668	0.022147
GTF3A	-3.226147	0.038194
GTF3C1	-6.285555	0.001860
GTF3C2	-3.363010	0.033472
GTF3C3	-1.921781	0.127663
GTF3C4	-3.267530	0.036702
GTF3C5	-4.153608	0.015465
GTF3C6	-4.867391	0.007635
GTPBP1	-7.074527	0.000846
GTPBP10	-5.940818	0.002623
GTPBP2	-7.381017	0.000623
GTPBP3	-5.908222	0.002710
GTPBP4	-7.350663	0.000642
GTPBP6	-7.757298	0.000427
GTPBP8	-7.624639	0.000488
GTSE1	-3.740717	0.023187
GTSF1	-4.232848	0.014303
GTSF1L	-4.891299	0.007456
GUCA1A	-5.386011	0.004559
GUCA1B	-4.988099	0.006772
GUCA1C	-4.623676	0.009721
GUCA2A	-5.158857	0.005715
GUCA2B	-5.357703	0.004690
GUCD1	-5.285217	0.005040
GUCY1A1	-2.290457	0.091916
GUCY1A2	-2.232188	0.096897
GUCY1B1	-3.189967	0.039545
GUCY2C	-3.381617	0.032875
GUCY2D	-3.654688	0.025217
GUCY2F	-3.230688	0.038027
GUF1	-7.786262	0.000415
GUK1	-3.122544	0.042187
GULP1	-3.817709	0.021505
GUSB	-3.948218	0.018924
GXYLT2	-5.173122	0.005635
GYG1	-3.669726	0.024850
GYG2	-5.042401	0.006417
GYPA	-5.115146	0.005969
GYPB	-4.152607	0.015480
GYPC	-5.383483	0.004571
GYS1	-3.565514	0.027505
GYS2	-2.879575	0.053173
GZF1	-6.160776	0.002106
GZMA	-2.847577	0.054807
GZMB	-3.208832	0.038835
GZMH	-3.815707	0.021548
GZMK	-4.246295	0.014115
GZMM	-3.584440	0.027003
H1-0	-3.567078	0.027463
H1-1	-3.976567	0.018405
H1-10	-3.768521	0.022565
H1-2	-3.717319	0.023723
H1-3	-3.887887	0.020077
H1-4	-3.499901	0.029315
H1-5	-3.664609	0.024974
H1-6	-7.424162	0.000596
H1-7	-7.208345	0.000740
H1-8	-3.474602	0.030044
H2AB1	-3.515419	0.028877
H2AB2	-3.451358	0.030728
H2AB3	-3.451358	0.030728
H2AC1	-3.802848	0.021820
H2AC11	-3.927411	0.019314
H2AC12	-3.868840	0.020455
H2AC17	-3.927411	0.019314
H2AC21	-3.747508	0.023033
H2AC4	-3.819105	0.021476
H2AC6	-3.757188	0.022817
H2AC7	-3.889116	0.020053
H2AC8	-3.819105	0.021476
H2AJ	-3.684469	0.024495
H2AX	-3.580010	0.027119
H2AZ1	-3.272082	0.036541
H2BC1	-2.025290	0.116573
H2BC10	-3.414031	0.031860
H2BC12	-3.459364	0.030491
H2BC17	-3.415037	0.031829
H2BC18	-3.412599	0.031904
H2BC21	-3.407255	0.032069
H2BC3	-3.459800	0.030478
H2BC5	-3.452057	0.030708
H2BC8	-3.414031	0.031860
H2BW1	-3.570364	0.027375
H3-3A	-3.433934	0.031252
H3-3B	-3.433934	0.031252
H3-4	-3.437062	0.031157
H3-5	-3.477516	0.029959
H3C1	-3.419148	0.031702
H3C10	-3.419148	0.031702
H3C11	-3.419148	0.031702
H3C12	-3.419148	0.031702
H3C2	-3.419148	0.031702
H3C3	-3.419148	0.031702
H3C4	-3.419148	0.031702
H3C6	-3.419148	0.031702
H4C11	-3.206744	0.038913
H4C12	-3.206744	0.038913
H4C13	-3.206744	0.038913
H4C14	-3.206744	0.038913
H4C15	-3.206744	0.038913
H4C16	-3.206744	0.038913
H4C2	-3.206744	0.038913
H4C3	-3.206744	0.038913
H4C4	-3.206744	0.038913
H4C5	-3.206744	0.038913
H4C6	-3.206744	0.038913
H4C7	-4.118401	0.016010
H4C8	-3.206744	0.038913
H6PD	-5.564680	0.003816
HAAO	-5.119742	0.005942
HABP2	-4.097889	0.016336
HABP4	-7.157181	0.000779
HACD1	-5.432120	0.004355
HACD2	-3.531945	0.028417
HACD3	-5.169543	0.005655
HACD4	-5.394945	0.004519
HACE1	-3.384838	0.032773
HACL1	-4.063012	0.016906
HACL2	-5.338347	0.004781
HADH	-5.623142	0.003600
HADHA	-4.243713	0.014151
HADHB	-3.083764	0.043782
HAGH	-1.644100	0.161908
HAGHL	-4.008017	0.017845
HAL	-4.502503	0.010960
HAMP	-3.645452	0.025445
HAND1	-3.430192	0.031365
HAND2	-3.460400	0.030460
HAO1	-5.834740	0.002916
HAO2	-5.805362	0.003002
HAP1	-2.725281	0.061498
HAPLN1	-4.757758	0.008512
HAPLN2	-4.608399	0.009869
HAPLN3	-4.420404	0.011886
HAPLN4	-3.670424	0.024833
HAPSTR1	-4.529592	0.010670
HARBI1	-6.919178	0.000988
HARS1	-4.150019	0.015519
HARS2	-6.294020	0.001844
HAS1	-5.471288	0.004188
HAS2	-5.287057	0.005031
HASPIN	-4.203695	0.014720
HAT1	-3.445223	0.030912
HAUS1	-1.092393	0.251168
HAUS2	-2.413406	0.082156
HAUS3	-1.371974	0.202301
HAUS4	-1.869287	0.133624
HAUS6	-3.400272	0.032287
HAUS7	-1.350667	0.205761
HAUS8	-1.744044	0.148800
HAVCR1	-3.250617	0.037305
HAVCR2	-1.995508	0.119675
HAX1	-2.538747	0.073186
HBA1	-4.359107	0.012628
HBB	-6.422100	0.001623
HBD	-6.440174	0.001594
HBE1	-6.157213	0.002114
HBEGF	-3.164891	0.040509
HBG1	-6.528689	0.001459
HBG2	-5.916621	0.002687
HBM	-4.616031	0.009795
HBP1	-3.608813	0.026370
HBQ1	-4.390849	0.012239
HBS1L	-7.541236	0.000530
HBZ	-3.480893	0.029861
HCAR1	-4.530774	0.010658
HCAR2	-3.470016	0.030178
HCAR3	-3.451315	0.030730
HCCS	-4.066150	0.016854
HCFC1	-4.085639	0.016534
HCFC1R1	-6.558709	0.001416
HCFC2	-3.371440	0.033200
HCK	-3.512209	0.028967
HCLS1	-2.049028	0.114151
HCN1	-4.124934	0.015907
HCN2	-3.675869	0.024702
HCN3	-4.557182	0.010383
HCN4	-3.761271	0.022726
HCRT	-3.364086	0.033437
HCRTR1	-3.265249	0.036783
HCRTR2	-3.441115	0.031035
HCST	-2.807723	0.056908
HDAC1	-2.712069	0.062265
HDAC10	-2.678745	0.064239
HDAC11	-3.501503	0.029269
HDAC2	-2.763593	0.059324
HDAC3	-2.437251	0.080376
HDAC4	-3.654469	0.025223
HDAC5	-3.500473	0.029299
HDAC6	-3.520498	0.028735
HDAC7	-3.513011	0.028944
HDAC8	-5.378696	0.004593
HDAC9	-3.584394	0.027004
HDC	-5.857106	0.002851
HDDC2	-5.509439	0.004032
HDDC3	-5.266289	0.005136
HDGF	-3.934296	0.019184
HDGFL1	-7.101360	0.000823
HDGFL2	-4.312498	0.013223
HDGFL3	-5.329803	0.004822
HDHD2	-4.650641	0.009465
HDHD3	-5.582011	0.003751
HDHD5	-6.799170	0.001113
HDLBP	-0.688617	0.334341
HDX	-7.546768	0.000528
HEATR1	-2.872928	0.053508
HEATR3	-3.138335	0.041553
HEATR4	-6.726143	0.001198
HEATR5B	-1.021271	0.264780
HEATR6	-3.247658	0.037411
HEATR9	-6.314833	0.001806
HEBP1	-4.979406	0.006831
HEBP2	-6.842829	0.001066
HECA	-4.173559	0.015164
HECTD1	-2.862329	0.054047
HECTD2	-3.509063	0.029055
HECTD3	-3.600340	0.026588
HECTD4	-2.710587	0.062352
HECW1	-3.453794	0.030656
HECW2	-2.260616	0.094438
HELB	-1.564020	0.173071
HELLS	-2.591218	0.069706
HELQ	-3.166575	0.040443
HELT	-4.533985	0.010624
HELZ	-2.999722	0.047438
HELZ2	-3.083575	0.043790
HEMGN	-4.465451	0.011369
HEMK1	-6.943373	0.000964
HEMK2	-7.547441	0.000527
HENMT1	-4.962762	0.006945
HEPACAM	-3.453448	0.030666
HEPACAM2	-3.763812	0.022669
HEPH	-4.358675	0.012634
HEPN1	-7.537415	0.000532
HERC1	-3.422020	0.031614
HERC2	-2.374289	0.085154
HERC3	-3.199939	0.039168
HERC4	-3.213806	0.038649
HERC5	-3.344674	0.034070
HERC6	-3.351429	0.033848
HERPUD1	-4.786381	0.008274
HERPUD2	-4.013926	0.017742
HES1	-2.997469	0.047540
HES2	-4.555509	0.010400
HES3	-4.454919	0.011488
HES4	-3.935595	0.019160
HES5	-3.489115	0.029624
HES6	-3.598953	0.026624
HES7	-4.146199	0.015578
HESX1	-6.069560	0.002307
HEXA	-5.654707	0.003489
HEXB	-6.613230	0.001341
HEXD	-4.081654	0.016599
HEXIM1	-3.555990	0.027760
HEXIM2	-3.514786	0.028894
HEY1	-3.458636	0.030512
HEY2	-3.511066	0.028999
HEYL	-3.933567	0.019198
HFM1	-0.688121	0.334451
HGD	-6.259880	0.001908
HGF	-3.626449	0.025921
HGFAC	-4.616180	0.009794
HGH1	-2.752242	0.059960
HGS	-1.976473	0.121695
HHAT	-3.460571	0.030455
HHATL	-5.028076	0.006509
HHEX	-3.782175	0.022266
HHIP	-4.162649	0.015328
HHIPL1	-5.213435	0.005413
HHIPL2	-5.286443	0.005034
HHLA2	-2.195951	0.100115
HIBADH	-3.474963	0.030033
HIBCH	-6.682348	0.001251
HIC1	-3.541326	0.028159
HIC2	-3.692073	0.024314
HID1	-3.542819	0.028118
HIF1A	-3.485512	0.029727
HIF1AN	-4.666465	0.009318
HIF3A	-3.365288	0.033398
HIGD1A	-3.031140	0.046039
HIGD1B	-3.687800	0.024416
HIGD2A	-3.184004	0.039772
HIKESHI	-3.152708	0.040985
HILPDA	-6.901863	0.001005
HINFP	-6.308568	0.001817
HINT1	-4.910838	0.007312
HINT2	-3.588164	0.026905
HIP1	-3.107804	0.042786
HIP1R	-3.337087	0.034321
HIPK1	-3.428030	0.031431
HIPK2	-3.724931	0.023547
HIPK3	-3.148561	0.041148
HIPK4	-3.808885	0.021692
HIRA	-1.818762	0.139582
HIRIP3	-6.438655	0.001596
HIVEP1	-4.411056	0.011997
HIVEP2	-4.476068	0.011250
HIVEP3	-3.586788	0.026941
HJURP	-3.037747	0.045749
HJV	-3.674271	0.024740
HK1	-3.529723	0.028478
HK2	-3.665552	0.024952
HK3	-5.237842	0.005284
HKDC1	-3.152099	0.041009
HLA-A	-3.541682	0.028149
HLA-B	-3.353201	0.033791
HLA-C	-3.016507	0.046686
HLA-DMA	-3.420700	0.031655
HLA-DMB	-3.033261	0.045946
HLA-DOA	-3.561714	0.027606
HLA-DOB	-3.604498	0.026481
HLA-DPA1	-3.577490	0.027186
HLA-DPB1	-3.559980	0.027653
HLA-DQA1	-3.408061	0.032044
HLA-DQA2	-3.444128	0.030944
HLA-DQB1	-3.576591	0.027210
HLA-DRA	-3.617378	0.026151
HLA-DRB1	-3.607162	0.026412
HLA-DRB4	-3.638025	0.025630
HLA-DRB5	-3.682509	0.024542
HLA-E	-3.389044	0.032640
HLA-F	-2.370465	0.085453
HLA-G	-3.353154	0.033792
HLCS	-3.852177	0.020792
HLF	-3.373703	0.033128
HLTF	-2.740243	0.060640
HLX	-3.983015	0.018289
HM13	-4.209533	0.014636
HMBOX1	-4.109766	0.016147
HMBS	-2.611970	0.068372
HMCES	-5.169015	0.005658
HMCN1	-3.665579	0.024951
HMCN2	-4.512296	0.010854
HMG20A	-3.467150	0.030261
HMG20B	-3.863071	0.020571
HMGA1	-3.564773	0.027524
HMGA2	-3.631029	0.025805
HMGB1	-3.457891	0.030534
HMGB2	-3.510586	0.029013
HMGB3	-3.515934	0.028862
HMGB4	-6.063915	0.002320
HMGCL	-3.909993	0.019647
HMGCLL1	-3.573388	0.027295
HMGCR	-5.239542	0.005275
HMGCS1	-3.513151	0.028940
HMGCS2	-4.223086	0.014442
HMGN1	-4.208289	0.014654
HMGN3	-4.495216	0.011039
HMGN4	-7.071584	0.000848
HMGN5	-5.638195	0.003547
HMGXB4	-4.134908	0.015752
HMHB1	-6.695018	0.001236
HMMR	-3.109629	0.042712
HMOX1	-4.900530	0.007388
HMOX2	-5.400813	0.004493
HMX1	-6.007675	0.002454
HMX2	-4.788405	0.008257
HNF1A	-3.631854	0.025785
HNF1B	-3.594424	0.026742
HNF4A	-3.458695	0.030511
HNF4G	-4.090317	0.016459
HNMT	-5.014596	0.006597
HNRNPA0	-7.385109	0.000620
HNRNPA1	-7.067225	0.000852
HNRNPA1L2	-6.615145	0.001338
HNRNPA2B1	-7.167422	0.000771
HNRNPA3	-1.632625	0.163471
HNRNPAB	-6.881116	0.001026
HNRNPC	-7.210410	0.000738
HNRNPCL1	-7.230601	0.000724
HNRNPD	-2.220907	0.097889
HNRNPDL	-7.142004	0.000791
HNRNPF	-7.027756	0.000886
HNRNPH1	-6.674368	0.001261
HNRNPH2	-7.046219	0.000870
HNRNPH3	-7.177593	0.000763
HNRNPK	-7.083416	0.000838
HNRNPL	-3.591639	0.026814
HNRNPLL	-7.200509	0.000746
HNRNPM	-3.029668	0.046103
HNRNPR	-6.936338	0.000971
HNRNPU	-4.514269	0.010833
HNRNPUL1	-3.866855	0.020495
HNRNPUL2	-3.110914	0.042659
HOATZ	-7.170500	0.000768
HOGA1	-5.732219	0.003229
HOMER1	-3.413211	0.031885
HOMER2	-2.503920	0.075584
HOMER3	-3.531939	0.028417
HOMEZ	-3.704657	0.024018
HOOK1	-3.875438	0.020324
HOOK2	-4.256521	0.013973
HOOK3	-2.084773	0.110586
HOPX	-3.582381	0.027057
HORMAD1	-3.502129	0.029252
HORMAD2	-2.705347	0.062659
HOXA1	-5.301550	0.004959
HOXA10	-3.556754	0.027740
HOXA11	-3.465221	0.030318
HOXA13	-3.461194	0.030437
HOXA2	-3.559645	0.027662
HOXA3	-3.998980	0.018004
HOXA4	-4.392982	0.012213
HOXA5	-3.963564	0.018641
HOXA6	-3.855408	0.020726
HOXA7	-2.952044	0.049640
HOXA9	-3.521326	0.028711
HOXB1	-3.507938	0.029087
HOXB13	-3.574267	0.027271
HOXB2	-4.456494	0.011470
HOXB3	-4.144425	0.015605
HOXB4	-4.655173	0.009423
HOXB5	-4.353333	0.012700
HOXB6	-4.311020	0.013242
HOXB7	-3.572281	0.027324
HOXB8	-3.611500	0.026301
HOXB9	-3.495630	0.029437
HOXC10	-3.614884	0.026214
HOXC11	-3.869385	0.020445
HOXC12	-3.710165	0.023889
HOXC13	-3.443820	0.030954
HOXC4	-4.158565	0.015389
HOXC5	-3.937583	0.019122
HOXC6	-3.962366	0.018663
HOXC8	-3.662772	0.025019
HOXC9	-3.507773	0.029092
HOXD1	-4.294764	0.013456
HOXD10	-3.806136	0.021750
HOXD11	-3.474626	0.030043
HOXD12	-3.987379	0.018211
HOXD13	-3.505571	0.029154
HOXD3	-3.799715	0.021887
HOXD4	-4.404101	0.012079
HOXD8	-3.572339	0.027323
HOXD9	-3.551356	0.027886
HP	-2.703034	0.062795
HP1BP3	-3.686803	0.024440
HPCA	-3.577063	0.027197
HPCAL1	-3.656366	0.025176
HPCAL4	-3.720724	0.023644
HPD	-7.035284	0.000879
HPDL	-3.871327	0.020406
HPF1	-6.176696	0.002073
HPGD	-5.087400	0.006136
HPGDS	-4.223834	0.014431
HPN	-5.122458	0.005926
HPR	-3.557721	0.027714
HPRT1	-3.011601	0.046905
HPS1	-3.608282	0.026383
HPS3	-3.259316	0.036994
HPS4	-3.724807	0.023550
HPS5	-3.558649	0.027689
HPS6	-3.677270	0.024668
HPSE	-7.333033	0.000653
HPSE2	-7.003617	0.000908
HPX	-4.520018	0.010772
HR	-3.940939	0.019060
HRAS	-3.206070	0.038938
HRC	-3.643507	0.025494
HRCT1	-5.036852	0.006452
HRG	-4.864090	0.007660
HRH1	-3.319759	0.034900
HRH2	-3.175667	0.040092
HRH3	-3.156271	0.040845
HRH4	-3.189785	0.039552
HRK	-4.699811	0.009015
HRNR	-5.900311	0.002731
HROB	-4.631120	0.009650
HS1BP3	-3.395045	0.032451
HS2ST1	-5.176900	0.005614
HS3ST1	-3.464643	0.030335
HS3ST2	-4.640795	0.009558
HS3ST3A1	-3.920280	0.019450
HS3ST3B1	-4.017265	0.017684
HS3ST4	-4.607221	0.009881
HS3ST5	-4.972907	0.006875
HS3ST6	-4.225619	0.014406
HS6ST1	-3.968080	0.018559
HS6ST2	-3.929616	0.019272
HS6ST3	-3.713575	0.023809
HSBP1	-2.377395	0.084913
HSCB	-1.031004	0.262889
HSD11B1	-4.778584	0.008338
HSD11B1L	-4.579404	0.010157
HSD11B2	-3.457213	0.030554
HSD17B1	-4.789575	0.008247
HSD17B10	-4.152262	0.015485
HSD17B11	-5.472160	0.004185
HSD17B12	-4.256159	0.013978
HSD17B13	-5.611163	0.003643
HSD17B14	-4.010679	0.017799
HSD17B2	-5.013065	0.006607
HSD17B3	-5.021847	0.006549
HSD17B4	-5.144396	0.005798
HSD17B6	-5.103957	0.006036
HSD17B7	-3.564714	0.027526
HSD17B8	-4.873549	0.007588
HSD3B1	-4.625896	0.009700
HSD3B2	-4.877439	0.007559
HSD3B7	-5.432138	0.004355
HSDL1	-4.870808	0.007609
HSDL2	-5.794806	0.003034
HSF1	-2.946049	0.049924
HSF2	-2.553961	0.072161
HSF2BP	-1.676340	0.157581
HSF4	-3.902868	0.019785
HSF5	-4.985365	0.006791
HSFX1	-7.378167	0.000624
HSFY1	-7.219899	0.000731
HSFY2	-7.219899	0.000731
HSH2D	-3.661955	0.025039
HSP90AA1	-3.021679	0.046456
HSP90AB1	-3.351246	0.033854
HSP90B1	-3.236700	0.037808
HSPA12A	-1.981380	0.121172
HSPA12B	-3.050865	0.045180
HSPA13	-3.485287	0.029734
HSPA14	-4.039871	0.017295
HSPA1A	-2.535275	0.073422
HSPA1B	-2.535275	0.073422
HSPA1L	-1.739695	0.149352
HSPA2	-2.561377	0.071666
HSPA4	-2.450422	0.079408
HSPA4L	-2.470590	0.077946
HSPA5	-3.291174	0.035875
HSPA6	-3.774408	0.022436
HSPA8	-2.109138	0.108212
HSPA9	-2.604770	0.068832
HSPB1	-2.482646	0.077084
HSPB2	-2.534904	0.073447
HSPB3	-2.722821	0.061640
HSPB6	-3.227140	0.038157
HSPB7	-3.537310	0.028269
HSPB8	-2.478621	0.077371
HSPB9	-2.613880	0.068250
HSPBAP1	-3.583627	0.027024
HSPBP1	-0.948165	0.279254
HSPD1	-2.075378	0.111513
HSPE1	-1.547881	0.175393
HSPG2	-2.650183	0.065978
HSPH1	-1.994303	0.119802
HTATIP2	-3.650816	0.025313
HTATSF1	-7.428492	0.000594
HTN1	-7.039134	0.000876
HTN3	-6.481994	0.001528
HTR1A	-4.177300	0.015108
HTR1B	-4.147435	0.015559
HTR1D	-3.499958	0.029313
HTR1E	-3.671924	0.024797
HTR1F	-3.746458	0.023057
HTR2A	-3.603696	0.026501
HTR2B	-3.417136	0.031764
HTR2C	-3.664891	0.024968
HTR3A	-4.011229	0.017789
HTR3B	-3.842210	0.020996
HTR3C	-3.698518	0.024162
HTR3D	-3.675365	0.024714
HTR3E	-3.716009	0.023753
HTR4	-3.504585	0.029182
HTR5A	-3.275580	0.036419
HTR6	-3.510723	0.029009
HTR7	-3.457742	0.030539
HTRA1	-3.571758	0.027338
HTRA2	-2.975826	0.048530
HTRA3	-4.436292	0.011701
HTRA4	-4.836865	0.007869
HTT	-2.670224	0.064753
HUNK	-4.246300	0.014115
HUS1	0.282087	0.570058
HUS1B	0.097924	0.524462
HUWE1	-3.620532	0.026071
HVCN1	-4.798063	0.008178
HYAL1	-5.257895	0.005179
HYAL2	-4.461221	0.011416
HYAL3	-5.378002	0.004596
HYAL4	-4.716131	0.008870
HYCC1	-5.549265	0.003875
HYCC2	-4.717546	0.008858
HYDIN	-3.312858	0.035133
HYI	-4.466427	0.011358
HYKK	-6.465093	0.001554
HYLS1	-4.929669	0.007177
HYOU1	-3.305532	0.035382
HYPK	-4.745618	0.008615
IAH1	-6.450876	0.001577
IAPP	-3.418153	0.031733
IARS1	-3.901045	0.019820
IARS2	-4.910128	0.007318
IBA57	-4.823903	0.007971
IBSP	-3.535043	0.028331
IBTK	-3.519578	0.028760
ICA1	-4.414568	0.011955
ICA1L	-4.294636	0.013458
ICAM1	-2.747748	0.060214
ICAM2	-2.831998	0.055619
ICAM3	-3.410941	0.031955
ICAM4	-2.781804	0.058315
ICAM5	-2.918414	0.051251
ICE2	-4.128632	0.015850
ICMT	-4.763341	0.008465
ICOS	-2.889272	0.052686
ICOSLG	-2.572524	0.070928
ID1	-3.481231	0.029851
ID2	-3.497190	0.029392
ID3	-3.447951	0.030830
ID4	-3.507632	0.029096
IDE	-3.490774	0.029576
IDH1	-4.136382	0.015729
IDH2	-3.234029	0.037905
IDH3A	-5.095060	0.006090
IDH3B	-3.178107	0.039998
IDH3G	-4.059618	0.016963
IDI1	-4.703552	0.008982
IDI2	-5.548465	0.003878
IDNK	-1.300918	0.214010
IDO1	-5.412892	0.004439
IDS	-5.178075	0.005607
IDUA	-5.062216	0.006292
IER2	-7.357720	0.000637
IER3	-3.460477	0.030458
IER3IP1	-2.298165	0.091275
IER5	-4.774167	0.008374
IER5L	-5.244981	0.005246
IFFO2	-5.241634	0.005264
IFI16	-3.598630	0.026632
IFI27	-4.691189	0.009092
IFI27L1	-5.395072	0.004518
IFI27L2	-4.783442	0.008298
IFI30	-5.401547	0.004489
IFI35	-4.623380	0.009724
IFI44	-5.954725	0.002587
IFI44L	-6.036761	0.002384
IFI6	-3.992748	0.018115
IFIH1	-3.326882	0.034660
IFIT1	-3.457968	0.030532
IFIT1B	-7.188510	0.000755
IFIT2	-4.521739	0.010753
IFIT3	-4.671032	0.009276
IFIT5	-3.736611	0.023280
IFITM1	-3.911608	0.019616
IFITM2	-3.533657	0.028370
IFITM3	-3.495071	0.029453
IFITM5	-5.154390	0.005741
IFNA1	-2.928647	0.050755
IFNA13	-2.931935	0.050597
IFNA14	-3.414802	0.031836
IFNA16	-3.595334	0.026718
IFNA17	-3.584829	0.026993
IFNA2	-3.497760	0.029376
IFNA21	-3.558713	0.027687
IFNA4	-3.579622	0.027130
IFNA5	-3.458086	0.030529
IFNA6	-3.365363	0.033396
IFNA7	-3.570857	0.027362
IFNA8	-3.304372	0.035421
IFNAR1	-3.342588	0.034139
IFNAR2	-2.753100	0.059912
IFNB1	-2.899748	0.052166
IFNE	-2.728867	0.061291
IFNG	-2.920350	0.051157
IFNGR1	-3.090893	0.043484
IFNGR2	-3.215936	0.038570
IFNK	-3.078732	0.043993
IFNL1	-2.936007	0.050402
IFNL2	-3.092952	0.043399
IFNL3	-3.148641	0.041145
IFNLR1	-3.342085	0.034155
IFNW1	-3.362648	0.033483
IFRD1	-7.647303	0.000477
IFRD2	-7.528218	0.000537
IFT122	-2.318785	0.089579
IFT140	-2.465525	0.078311
IFT172	-3.460611	0.030454
IFT20	-1.963879	0.123048
IFT22	-2.410809	0.082352
IFT25	-2.298502	0.091247
IFT27	-2.503803	0.075592
IFT43	-5.251149	0.005214
IFT46	-1.391462	0.199174
IFT52	-2.170916	0.102393
IFT56	-2.067717	0.112274
IFT57	-2.302744	0.090896
IFT70A	-1.652375	0.160788
IFT70B	-2.354195	0.086733
IFT74	-1.815814	0.139937
IFT80	-2.111574	0.107977
IFT81	-1.975978	0.121748
IFT88	-2.230902	0.097010
IFTAP	-4.012065	0.017774
IGBP1	-3.540509	0.028181
IGDCC3	-3.661291	0.025055
IGDCC4	-3.627268	0.025900
IGF1	-3.065103	0.044570
IGF1R	-3.435153	0.031215
IGF2	-3.120388	0.042274
IGF2BP1	-6.307272	0.001820
IGF2BP2	-6.242657	0.001941
IGF2BP3	-7.067607	0.000852
IGF2R	-3.503181	0.029222
IGFALS	-3.076087	0.044104
IGFBP1	-3.259736	0.036979
IGFBP2	-3.015056	0.046750
IGFBP3	-2.950950	0.049692
IGFBP4	-3.176792	0.040048
IGFBP5	-2.959225	0.049302
IGFBP6	-3.520510	0.028734
IGFBP7	-3.266780	0.036729
IGFBPL1	-4.958279	0.006976
IGFL1	-3.808977	0.021690
IGFL2	-4.330927	0.012985
IGFL3	-4.555398	0.010401
IGFL4	-4.487970	0.011118
IGFLR1	-3.626982	0.025907
IGFN1	-4.305930	0.013309
IGHMBP2	-4.655740	0.009417
IGIP	-7.375920	0.000626
IGLL1	-3.302088	0.035500
IGSF1	-3.368147	0.033306
IGSF10	-3.396628	0.032401
IGSF11	-3.578603	0.027157
IGSF21	-3.611151	0.026310
IGSF3	-3.413432	0.031878
IGSF5	-5.831102	0.002926
IGSF6	-3.223144	0.038304
IGSF8	-4.235887	0.014261
IGSF9	-3.613878	0.026240
IHH	-3.526006	0.028581
IHO1	-3.296151	0.035703
IK	-7.344532	0.000646
IKBKB	-3.183847	0.039778
IKBKE	-2.294880	0.091548
IKBKG	-3.405006	0.032139
IKZF1	-3.557502	0.027720
IKZF2	-3.497747	0.029376
IKZF3	-3.488922	0.029629
IKZF4	-3.628483	0.025869
IKZF5	-5.471116	0.004189
IL10	-2.896032	0.052350
IL10RA	-3.096665	0.043245
IL10RB	-3.120253	0.042280
IL11	-3.179141	0.039958
IL11RA	-2.648245	0.066097
IL12A	-3.074957	0.044152
IL12B	-3.255439	0.037132
IL12RB1	-2.840687	0.055165
IL12RB2	-3.101358	0.043051
IL13	-2.483829	0.077000
IL13RA1	-2.954403	0.049529
IL13RA2	-2.995599	0.047625
IL15	-4.451176	0.011530
IL15RA	-4.416701	0.011930
IL16	-3.632810	0.025761
IL17A	-2.837479	0.055332
IL17B	-3.212438	0.038700
IL17C	-3.254778	0.037156
IL17D	-3.106889	0.042824
IL17F	-3.102886	0.042988
IL17RA	-3.544546	0.028071
IL17RB	-2.706654	0.062582
IL17RC	-3.436566	0.031172
IL17RD	-2.421788	0.081526
IL17RE	-3.594033	0.026752
IL17REL	-3.576018	0.027225
IL18	-1.948387	0.124729
IL18BP	-2.517631	0.074631
IL18R1	-2.358989	0.086354
IL18RAP	-2.406563	0.082674
IL19	-2.762811	0.059367
IL1A	-1.918958	0.127978
IL1B	-2.249330	0.095407
IL1F10	-2.880206	0.053141
IL1R1	-3.028286	0.046164
IL1R2	-2.761497	0.059441
IL1RAP	-2.746829	0.060266
IL1RAPL1	-3.530954	0.028444
IL1RAPL2	-3.516960	0.028834
IL1RL1	-3.427040	0.031461
IL1RL2	-2.153068	0.104045
IL1RN	-3.238492	0.037743
IL2	-3.157352	0.040803
IL20	-2.777314	0.058562
IL20RA	-2.789536	0.057892
IL20RB	-3.237918	0.037763
IL21	-3.148238	0.041161
IL21R	-3.672448	0.024784
IL22	-2.689139	0.063617
IL22RA1	-2.645766	0.066250
IL22RA2	-2.843267	0.055030
IL23A	-2.661333	0.065294
IL23R	-2.970862	0.048760
IL24	-2.825145	0.055980
IL25	-3.188472	0.039602
IL26	-3.662423	0.025028
IL27RA	-2.560665	0.071713
IL2RA	-2.163046	0.103118
IL2RB	-3.325732	0.034699
IL2RG	-3.104703	0.042914
IL3	-2.536875	0.073313
IL31	-3.159069	0.040735
IL31RA	-3.532102	0.028413
IL32	-5.069623	0.006246
IL33	-2.379755	0.084730
IL34	-3.286136	0.036050
IL36A	-2.854199	0.054465
IL36B	-2.233238	0.096805
IL36G	-2.211693	0.098705
IL36RN	-2.787670	0.057994
IL37	-1.978215	0.121509
IL3RA	-2.396899	0.083409
IL4	-3.166139	0.040460
IL4I1	-5.275728	0.005088
IL4R	-3.237659	0.037773
IL5	-3.441458	0.031025
IL5RA	-3.049571	0.045236
IL6	-2.930310	0.050675
IL6R	-3.356333	0.033688
IL6ST	-2.563227	0.071543
IL7	-3.048937	0.045263
IL7R	-3.490604	0.029581
IL9	-2.694734	0.063285
IL9R	-3.482000	0.029829
ILDR1	-5.914220	0.002693
ILDR2	-3.758258	0.022793
ILF2	-3.209999	0.038791
ILF3	-1.888283	0.131440
ILK	-2.846952	0.054839
ILKAP	-2.152491	0.104099
ILRUN	-4.554456	0.010411
IMMP1L	-2.973681	0.048629
IMMP2L	-3.174796	0.040125
IMMT	-2.035657	0.115510
IMP3	-7.537643	0.000532
IMP4	-4.001162	0.017966
IMPA1	-3.883442	0.020165
IMPA2	-4.265381	0.013852
IMPACT	-4.713363	0.008895
IMPDH1	-5.266447	0.005135
IMPDH2	-3.539554	0.028208
IMPG1	-3.722210	0.023610
IMPG2	-3.595351	0.026718
INA	-3.213912	0.038646
INAFM1	-5.033144	0.006476
INAVA	-5.771372	0.003106
INCA1	-5.739779	0.003205
INCENP	-3.572937	0.027307
INF2	-2.889393	0.052680
ING1	-4.693118	0.009075
ING2	-3.492750	0.029519
ING3	-3.841774	0.021005
ING4	-3.774063	0.022443
ING5	-3.494072	0.029481
INHA	-3.898870	0.019862
INHBA	-3.540854	0.028172
INHBB	-3.537850	0.028254
INHBC	-4.297208	0.013424
INHBE	-3.592679	0.026787
INIP	-7.508401	0.000548
INKA1	-5.736204	0.003217
INKA2	-5.453538	0.004263
INMT	-5.338532	0.004780
INO80	-7.509768	0.000547
INO80B	-3.464555	0.030338
INO80C	-3.233363	0.037929
INO80D	-4.631347	0.009648
INO80E	-4.956212	0.006990
INPP1	-7.297903	0.000676
INPP4A	-4.264675	0.013862
INPP4B	-2.528027	0.073917
INPP5A	-5.663858	0.003457
INPP5B	-3.211987	0.038717
INPP5D	-3.446182	0.030883
INPP5E	-3.251187	0.037284
INPP5J	-3.451857	0.030714
INPP5K	-3.277074	0.036366
INPPL1	-2.215170	0.098396
INS	-3.282970	0.036160
INS-IGF2	-3.657670	0.025144
INSC	-4.809788	0.008084
INSIG1	-5.359145	0.004683
INSIG2	-4.990275	0.006758
INSL3	-3.695323	0.024237
INSL4	-4.479717	0.011210
INSL5	-4.265592	0.013849
INSL6	-3.861144	0.020610
INSM1	-4.028357	0.017492
INSM2	-6.909407	0.000997
INSR	-2.390772	0.083879
INSRR	-2.711915	0.062274
INSYN1	-5.613437	0.003635
INSYN2A	-4.750544	0.008573
INSYN2B	-5.663115	0.003460
INTS1	-3.813929	0.021585
INTS10	-1.108264	0.248195
INTS11	-2.252691	0.095118
INTS12	-5.753520	0.003162
INTS13	-3.311779	0.035169
INTS14	-1.635403	0.163091
INTS15	-4.301796	0.013363
INTS2	-5.602834	0.003674
INTS3	-3.774997	0.022423
INTS4	-2.425830	0.081224
INTS5	-3.544636	0.028069
INTS6	-2.858266	0.054256
INTS6L	-5.644401	0.003525
INTS7	-1.773654	0.145088
INTS8	-2.733374	0.061033
INTS9	-1.616394	0.165703
INTU	-2.273553	0.093337
INVS	-5.811620	0.002984
IP6K1	-3.252399	0.037241
IP6K2	-3.939108	0.019094
IP6K3	-4.929830	0.007176
IPCEF1	-4.161386	0.015347
IPMK	-3.987203	0.018214
IPO11	-4.844929	0.007807
IPO13	-1.986495	0.120628
IPO4	-7.360658	0.000635
IPO5	-2.191862	0.100484
IPO7	-1.769565	0.145596
IPO8	-1.779857	0.144321
IPO9	-6.687237	0.001245
IPP	-5.389699	0.004543
IPPK	-5.446985	0.004291
IQCB1	-2.050050	0.114047
IQCC	-6.273037	0.001883
IQCE	-5.297052	0.004981
IQCF1	-6.254097	0.001919
IQCF2	-6.941159	0.000966
IQCF3	-5.409333	0.004455
IQCH	-5.602785	0.003674
IQCJ	-5.790885	0.003046
IQCK	-6.359567	0.001727
IQCN	-5.462667	0.004224
IQGAP1	-3.299506	0.035588
IQGAP2	-2.450050	0.079435
IQGAP3	-3.293541	0.035793
IQSEC1	-3.930703	0.019252
IQSEC2	-3.604784	0.026473
IQSEC3	-3.751033	0.022954
IQUB	-3.555706	0.027768
IRAG1	-3.460353	0.030462
IRAG2	-3.907202	0.019701
IRAK1	-3.466706	0.030275
IRAK1BP1	-4.654529	0.009429
IRAK2	-3.033463	0.045937
IRAK3	-3.938971	0.019096
IRAK4	-3.446539	0.030872
IREB2	-5.634508	0.003560
IRF1	-3.547773	0.027983
IRF2	-3.425567	0.031506
IRF2BP1	-3.452856	0.030684
IRF2BP2	-3.525034	0.028608
IRF2BPL	-3.491344	0.029560
IRF3	-3.497987	0.029370
IRF4	-3.520238	0.028742
IRF5	-3.556107	0.027757
IRF6	-3.462915	0.030386
IRF7	-3.673486	0.024759
IRF8	-3.452260	0.030702
IRF9	-2.466128	0.078267
IRGC	-4.953503	0.007009
IRGQ	-4.988405	0.006770
IRS1	-2.312018	0.090133
IRS2	-3.203001	0.039053
IRS4	-2.098020	0.109289
IRX1	-3.897296	0.019893
IRX2	-4.302553	0.013353
IRX3	-3.988334	0.018193
IRX4	-3.960174	0.018703
IRX5	-3.811858	0.021629
IRX6	-4.302852	0.013349
ISCA1	-6.703411	0.001225
ISCA2	-7.358211	0.000637
ISCU	-4.156665	0.015418
ISG15	-3.025110	0.046304
ISG20	-6.090972	0.002258
ISG20L2	-5.203665	0.005466
ISL1	-3.597992	0.026649
ISL2	-3.986590	0.018225
ISLR	-3.421373	0.031634
ISLR2	-4.515538	0.010819
ISM2	-3.636127	0.025677
ISOC1	-3.250409	0.037312
ISOC2	-3.824893	0.021355
IST1	-1.673928	0.157901
ISX	-6.742789	0.001178
ISY1	-6.694367	0.001236
ISYNA1	-5.447293	0.004289
ITCH	-2.097879	0.109303
ITFG1	-3.186428	0.039680
ITFG2	-2.458195	0.078841
ITGA1	-3.353873	0.033769
ITGA10	-3.812475	0.021616
ITGA11	-3.639753	0.025587
ITGA2	-3.587291	0.026928
ITGA2B	-3.741191	0.023176
ITGA3	-3.546923	0.028006
ITGA4	-3.581302	0.027085
ITGA5	-3.648526	0.025369
ITGA6	-3.197937	0.039243
ITGA7	-4.122745	0.015942
ITGA8	-3.249326	0.037351
ITGA9	-3.463167	0.030379
ITGAD	-3.472636	0.030101
ITGAE	-3.599833	0.026601
ITGAL	-3.360123	0.033565
ITGAM	-3.279262	0.036290
ITGAV	-3.297006	0.035674
ITGAX	-3.410100	0.031981
ITGB1	-2.744997	0.060370
ITGB1BP1	-3.660680	0.025070
ITGB1BP2	-2.960359	0.049249
ITGB2	-3.452385	0.030698
ITGB3	-3.463217	0.030377
ITGB3BP	-3.459382	0.030490
ITGB4	-2.823129	0.056087
ITGB5	-2.661072	0.065310
ITGB6	-3.445250	0.030911
ITGB7	-3.465672	0.030305
ITGB8	-2.689919	0.063571
ITGBL1	-4.694917	0.009059
ITIH1	-3.679409	0.024617
ITIH2	-4.279895	0.013655
ITIH3	-3.524682	0.028618
ITIH4	-3.622272	0.026026
ITIH6	-4.356905	0.012656
ITK	-3.466139	0.030291
ITLN1	-7.431488	0.000592
ITLN2	-7.028704	0.000885
ITM2A	-7.298450	0.000676
ITM2B	-5.109399	0.006003
ITM2C	-6.201716	0.002022
ITPA	-3.671979	0.024796
ITPK1	-7.265311	0.000699
ITPKA	-3.648955	0.025359
ITPKB	-3.844520	0.020948
ITPKC	-4.304281	0.013330
ITPR1	-3.319993	0.034892
ITPR2	-2.699847	0.062982
ITPR3	-2.078415	0.111213
ITPRID1	-5.838310	0.002905
ITPRID2	-4.537782	0.010584
ITPRIP	-4.982886	0.006808
ITPRIPL1	-5.190649	0.005538
ITPRIPL2	-4.980609	0.006823
ITSN1	-3.274829	0.036445
ITSN2	-3.338155	0.034285
IVD	-5.190352	0.005539
IVL	-3.097338	0.043217
IVNS1ABP	-3.583229	0.027035
IWS1	-4.014032	0.017740
IYD	-5.641484	0.003535
IZUMO1	-2.846106	0.054883
IZUMO1R	-3.248847	0.037368
IZUMO2	-3.445880	0.030892
IZUMO4	-3.382228	0.032856
JADE1	-3.626221	0.025927
JADE2	-3.547373	0.027994
JADE3	-4.573365	0.010218
JAG1	-2.877008	0.053302
JAG2	-3.124712	0.042099
JAGN1	-5.404136	0.004478
JAK1	-3.313101	0.035124
JAK2	-3.179863	0.039931
JAK3	-2.876637	0.053321
JAKMIP1	-2.731525	0.061139
JAKMIP2	-4.238372	0.014226
JAM2	-2.758382	0.059615
JAM3	-2.529968	0.073784
JAML	-3.002934	0.047293
JARID2	-3.827231	0.021306
JCHAIN	-3.286718	0.036030
JDP2	-3.469532	0.030192
JHY	-5.468718	0.004199
JKAMP	-6.594836	0.001366
JMJD1C	-3.681507	0.024566
JMJD4	-7.151018	0.000783
JMJD6	-4.634449	0.009618
JMJD7	-5.589486	0.003723
JMJD8	-5.111673	0.005990
JMY	-4.108349	0.016169
JOSD1	-4.862032	0.007675
JOSD2	-4.566267	0.010290
JPH1	-3.564803	0.027524
JPH2	-5.222145	0.005367
JPH3	-6.077380	0.002289
JPH4	-4.951787	0.007021
JPT1	-5.255237	0.005193
JPT2	-5.181197	0.005590
JRK	-5.699417	0.003337
JRKL	-6.898437	0.001008
JSRP1	-5.796432	0.003029
JTB	-5.051083	0.006362
JUN	-3.229646	0.038065
JUNB	-3.399066	0.032325
JUND	-3.452194	0.030703
JUP	-3.668607	0.024877
KANK1	-3.906558	0.019713
KANK2	-3.835108	0.021142
KANK3	-4.234247	0.014284
KANK4	-4.721657	0.008822
KANSL1	-3.256872	0.037081
KANSL1L	-3.480513	0.029872
KANSL2	-3.947258	0.018942
KANSL3	-3.611727	0.026295
KARS1	-1.271723	0.218962
KASH5	-3.630577	0.025817
KAT14	-3.695228	0.024240
KAT2A	-4.129017	0.015844
KAT2B	-2.294163	0.091608
KAT5	-2.309688	0.090324
KAT6A	-1.897749	0.130363
KAT6B	-3.872663	0.020379
KAT7	-3.122480	0.042189
KAT8	-2.872342	0.053538
KATNA1	-2.095151	0.109569
KATNAL1	-1.236912	0.224974
KATNAL2	-2.715232	0.062081
KATNB1	-0.278717	0.430768
KATNBL1	-3.254704	0.037158
KATNIP	-3.773175	0.022463
KAZALD1	-3.828935	0.021270
KAZN	-4.095860	0.016369
KBTBD11	-4.241994	0.014175
KBTBD12	-3.886902	0.020097
KBTBD2	-3.801363	0.021852
KBTBD3	-4.199193	0.014786
KBTBD4	-3.575168	0.027247
KBTBD6	-4.067251	0.016836
KBTBD7	-3.813556	0.021593
KBTBD8	-3.761834	0.022713
KCMF1	-5.108842	0.006007
KCNA1	-4.655623	0.009418
KCNA10	-4.190161	0.014918
KCNA2	-3.815429	0.021553
KCNA3	-3.263887	0.036831
KCNA4	-4.487937	0.011119
KCNA5	-3.725611	0.023531
KCNA6	-4.645281	0.009515
KCNA7	-4.388985	0.012261
KCNAB1	-3.157295	0.040805
KCNAB2	-2.429965	0.080916
KCNAB3	-2.072318	0.111817
KCNB1	-2.797740	0.057446
KCNB2	-3.101042	0.043064
KCNC1	-4.747541	0.008598
KCNC2	-4.811913	0.008067
KCNC3	-4.398086	0.012151
KCNC4	-5.089110	0.006126
KCND1	-3.542465	0.028128
KCND2	-3.227126	0.038158
KCND3	-3.056328	0.044945
KCNE1	-5.125330	0.005909
KCNE2	-4.529443	0.010672
KCNE3	-5.094465	0.006093
KCNE5	-5.180111	0.005596
KCNF1	-3.823978	0.021374
KCNG1	-3.842563	0.020989
KCNG2	-4.803363	0.008135
KCNG3	-3.891504	0.020006
KCNG4	-4.349297	0.012751
KCNH1	-3.310850	0.035201
KCNH2	-3.631824	0.025785
KCNH3	-3.678466	0.024639
KCNH4	-3.687727	0.024418
KCNH5	-3.466729	0.030274
KCNH6	-3.950399	0.018884
KCNH7	-2.971728	0.048720
KCNH8	-3.542298	0.028132
KCNIP1	-3.615859	0.026189
KCNIP2	-3.780790	0.022296
KCNIP3	-3.400913	0.032267
KCNIP4	-3.499732	0.029320
KCNJ1	-3.519314	0.028768
KCNJ10	-4.434487	0.011722
KCNJ11	-3.592997	0.026779
KCNJ12	-4.157588	0.015404
KCNJ13	-5.090963	0.006114
KCNJ14	-3.612236	0.026282
KCNJ15	-4.291149	0.013504
KCNJ16	-4.097101	0.016349
KCNJ2	-3.647027	0.025406
KCNJ3	-3.674030	0.024746
KCNJ4	-4.004897	0.017900
KCNJ5	-3.724732	0.023552
KCNJ6	-3.954917	0.018800
KCNJ8	-3.745058	0.023089
KCNJ9	-3.914119	0.019568
KCNK1	-4.659072	0.009386
KCNK10	-5.023251	0.006540
KCNK12	-5.306256	0.004936
KCNK13	-4.915348	0.007280
KCNK15	-4.763580	0.008463
KCNK16	-4.763830	0.008461
KCNK17	-5.041100	0.006425
KCNK18	-4.964442	0.006933
KCNK2	-4.920575	0.007242
KCNK3	-3.789969	0.022097
KCNK4	-4.628299	0.009677
KCNK5	-4.710836	0.008917
KCNK6	-5.045458	0.006397
KCNK7	-5.013627	0.006603
KCNK9	-3.638014	0.025630
KCNMA1	-4.239198	0.014214
KCNMB1	-2.284648	0.092402
KCNMB2	-4.916187	0.007274
KCNMB3	-5.048799	0.006376
KCNMB4	-4.431561	0.011756
KCNN1	-4.730936	0.008741
KCNN2	-4.156638	0.015419
KCNN3	-5.132400	0.005868
KCNN4	-4.944417	0.007073
KCNQ1	-4.184638	0.014999
KCNQ2	-3.889740	0.020041
KCNQ3	-3.654020	0.025234
KCNQ4	-4.253731	0.014012
KCNQ5	-3.629497	0.025844
KCNRG	-5.193472	0.005522
KCNS1	-4.498963	0.010998
KCNS2	-3.399232	0.032319
KCNS3	-4.104647	0.016228
KCNT1	-3.625776	0.025938
KCNT2	-4.464528	0.011379
KCNU1	-5.230140	0.005324
KCNV1	-5.010128	0.006626
KCNV2	-4.766571	0.008438
KCTD1	-3.250062	0.037325
KCTD10	-4.842235	0.007828
KCTD11	-5.434276	0.004345
KCTD12	-3.430659	0.031351
KCTD13	-6.167509	0.002092
KCTD14	-3.829459	0.021260
KCTD15	-3.592426	0.026794
KCTD16	-3.780312	0.022307
KCTD17	-4.892470	0.007447
KCTD18	-5.844492	0.002887
KCTD2	-3.415740	0.031807
KCTD20	-4.072313	0.016753
KCTD21	-3.775384	0.022414
KCTD3	-4.321695	0.013103
KCTD4	-6.212170	0.002001
KCTD5	-3.536409	0.028294
KCTD6	-3.550168	0.027918
KCTD7	-3.819324	0.021471
KCTD8	-3.782866	0.022251
KCTD9	-5.558316	0.003840
KDELR1	-2.817516	0.056385
KDELR2	-2.732236	0.061098
KDELR3	-3.430262	0.031363
KDF1	-6.064651	0.002318
KDM1A	-3.421125	0.031642
KDM1B	-6.060155	0.002329
KDM2A	-3.531321	0.028434
KDM2B	-3.474972	0.030033
KDM3A	-3.781542	0.022280
KDM3B	-3.216300	0.038557
KDM4A	-3.535397	0.028322
KDM4C	-4.020135	0.017634
KDM4D	-3.657029	0.025160
KDM5A	-1.445665	0.190670
KDM5B	-2.218006	0.098145
KDM5C	-2.620302	0.067843
KDM5D	-3.249292	0.037352
KDM6A	-3.643872	0.025484
KDM6B	-3.974679	0.018439
KDM7A	-3.434993	0.031220
KDM8	-3.753370	0.022902
KDR	-2.316373	0.089776
KDSR	-5.023032	0.006541
KEAP1	-3.468982	0.030208
KEL	-3.657158	0.025157
KERA	-5.379650	0.004588
KGD4	-3.681842	0.024558
KHDC1L	-7.318484	0.000663
KHDC3L	-5.458420	0.004242
KHDC4	-7.096735	0.000827
KHDRBS1	-4.348835	0.012757
KHDRBS2	-6.478262	0.001534
KHDRBS3	-0.779907	0.314340
KHK	-7.400092	0.000611
KHNYN	-5.772706	0.003102
KHSRP	-0.236776	0.441081
KIAA0232	-4.207905	0.014659
KIAA0319	-3.596425	0.026690
KIAA0319L	-3.621717	0.026041
KIAA0408	-6.443562	0.001588
KIAA0513	-3.141438	0.041430
KIAA0586	-4.872480	0.007596
KIAA0753	-3.654769	0.025215
KIAA0825	-2.795501	0.057568
KIAA0930	-4.696497	0.009045
KIAA1143	-7.720368	0.000444
KIAA1191	-4.810831	0.008075
KIAA1217	-3.947717	0.018933
KIAA1328	-4.698133	0.009030
KIAA1586	-7.084245	0.000838
KIAA1755	-3.734117	0.023337
KIAA1958	-5.342215	0.004762
KIAA2012	-7.450141	0.000581
KIAA2013	-4.948948	0.007041
KICS2	-2.366120	0.085793
KIDINS220	-2.812720	0.056641
KIF11	-2.519781	0.074483
KIF12	-3.680472	0.024591
KIF13A	-2.599055	0.069199
KIF13B	-3.316807	0.034999
KIF14	-3.260207	0.036962
KIF15	-3.273566	0.036489
KIF16B	-3.454569	0.030633
KIF17	-3.450819	0.030744
KIF18A	-3.084397	0.043755
KIF18B	-2.797153	0.057478
KIF19	-3.659167	0.025107
KIF1A	-3.353818	0.033770
KIF1B	-3.473149	0.030086
KIF1C	-2.800237	0.057311
KIF20A	-2.791034	0.057811
KIF20B	-3.359269	0.033593
KIF21A	-1.765430	0.146112
KIF21B	-2.121920	0.106984
KIF22	-2.394615	0.083584
KIF23	-3.368506	0.033294
KIF24	-3.210484	0.038773
KIF25	-4.471213	0.011304
KIF26A	-4.534076	0.010623
KIF26B	-4.114865	0.016066
KIF27	-3.695425	0.024235
KIF2A	-3.332379	0.034477
KIF2B	-2.481167	0.077189
KIF2C	-2.772698	0.058817
KIF3A	-1.945184	0.125079
KIF3B	-1.758867	0.146932
KIF3C	-2.395993	0.083479
KIF4A	-2.611875	0.068378
KIF5A	-2.370258	0.085469
KIF5B	-2.148401	0.104481
KIF5C	-3.127290	0.041995
KIF6	-1.933600	0.126353
KIF7	-3.746206	0.023063
KIF9	-2.350971	0.086989
KIFAP3	-1.056380	0.258002
KIFBP	-2.870318	0.053641
KIFC1	-3.409121	0.032012
KIFC2	-4.210747	0.014618
KIFC3	-3.318650	0.034937
KIN	-5.450244	0.004277
KIR2DL4	-3.634907	0.025708
KIR2DL5A	-3.655946	0.025186
KIR2DL5B	-3.654570	0.025220
KIR3DL1	-3.591537	0.026817
KIR3DL2	-3.592387	0.026795
KIR3DL3	-3.610849	0.026318
KIRREL1	-3.269257	0.036641
KIRREL2	-3.945583	0.018973
KIRREL3	-3.525453	0.028597
KISS1	-3.421676	0.031625
KISS1R	-3.458546	0.030515
KIT	-2.367305	0.085700
KITLG	-2.714749	0.062109
KIZ	-6.785532	0.001129
KL	-4.207701	0.014662
KLB	-4.096698	0.016356
KLC1	-3.095024	0.043313
KLC2	-4.644862	0.009519
KLC3	-3.612370	0.026279
KLC4	-2.080583	0.110998
KLF1	-4.237099	0.014244
KLF10	-3.937175	0.019130
KLF11	-5.934041	0.002641
KLF12	-7.375161	0.000626
KLF13	-3.621728	0.026040
KLF14	-3.931780	0.019232
KLF15	-3.586870	0.026939
KLF16	-4.454806	0.011489
KLF17	-6.409402	0.001643
KLF2	-4.015515	0.017714
KLF3	-5.279736	0.005068
KLF4	-3.471576	0.030132
KLF5	-3.498557	0.029353
KLF6	-4.151945	0.015490
KLF7	-5.884634	0.002774
KLF8	-3.431341	0.031330
KLF9	-4.418903	0.011904
KLHDC1	-6.767784	0.001149
KLHDC10	-6.308178	0.001818
KLHDC2	-4.761928	0.008477
KLHDC3	-7.424193	0.000596
KLHDC4	-4.968059	0.006909
KLHDC7A	-4.948912	0.007041
KLHDC7B	-6.233602	0.001959
KLHDC8A	-5.938219	0.002630
KLHDC8B	-6.956718	0.000951
KLHDC9	-4.973588	0.006871
KLHL1	-4.634688	0.009616
KLHL10	-4.349179	0.012753
KLHL11	-3.886966	0.020095
KLHL12	-3.951823	0.018857
KLHL13	-3.658058	0.025135
KLHL14	-7.283600	0.000686
KLHL15	-3.746251	0.023062
KLHL17	-3.861819	0.020597
KLHL18	-3.582634	0.027050
KLHL2	-5.434188	0.004346
KLHL20	-3.602965	0.026520
KLHL21	-3.825731	0.021337
KLHL22	-3.547992	0.027977
KLHL23	-5.475762	0.004170
KLHL24	-4.013425	0.017751
KLHL25	-3.927336	0.019316
KLHL26	-3.849614	0.020844
KLHL28	-5.346162	0.004744
KLHL3	-3.829994	0.021248
KLHL30	-4.156563	0.015420
KLHL31	-3.929551	0.019274
KLHL32	-5.792501	0.003041
KLHL34	-3.580403	0.027109
KLHL35	-5.802022	0.003012
KLHL36	-3.896528	0.019908
KLHL38	-4.844885	0.007807
KLHL4	-5.629386	0.003578
KLHL40	-4.016767	0.017692
KLHL41	-3.609478	0.026353
KLHL42	-3.737233	0.023266
KLHL5	-4.518605	0.010787
KLHL6	-4.651875	0.009453
KLHL7	-3.610905	0.026316
KLHL8	-4.892648	0.007446
KLHL9	-3.668517	0.024880
KLK1	-3.437245	0.031152
KLK10	-5.028009	0.006509
KLK11	-4.151703	0.015494
KLK12	-4.455284	0.011484
KLK13	-3.981853	0.018310
KLK14	-4.891503	0.007454
KLK15	-4.513835	0.010838
KLK2	-3.851628	0.020803
KLK4	-3.635035	0.025705
KLK5	-4.717939	0.008854
KLK6	-3.729203	0.023449
KLK7	-4.851421	0.007757
KLK8	-3.583637	0.027024
KLK9	-5.220601	0.005375
KLKB1	-3.213830	0.038649
KLLN	-6.687527	0.001245
KLRB1	-3.608531	0.026377
KLRC1	-2.994703	0.047666
KLRC2	-3.135507	0.041666
KLRC3	-3.298114	0.035636
KLRC4	-3.730751	0.023413
KLRD1	-2.369491	0.085529
KLRF1	-3.340471	0.034209
KLRG1	-3.034576	0.045888
KLRG2	-2.811298	0.056717
KLRK1	-2.610401	0.068472
KMO	-5.159013	0.005715
KMT2A	-1.844360	0.136536
KMT2B	-3.771327	0.022503
KMT2C	-3.446089	0.030886
KMT2D	-4.352129	0.012716
KMT2E	-3.472573	0.030103
KMT5A	-3.825200	0.021348
KMT5B	-3.584503	0.027001
KMT5C	-3.906238	0.019719
KNCN	-5.917089	0.002686
KNDC1	-4.088559	0.016487
KNG1	-3.506527	0.029127
KNL1	-3.479274	0.029908
KNOP1	-5.237208	0.005287
KNSTRN	-5.198888	0.005492
KNTC1	-3.456494	0.030576
KPLCE	-6.138877	0.002153
KPNA1	-3.461023	0.030442
KPNA2	-3.466026	0.030295
KPNA3	-1.942162	0.125411
KPNA4	-2.496548	0.076101
KPNA5	-3.629988	0.025832
KPNA6	-5.026874	0.006517
KPNB1	-2.026744	0.116423
KPRP	-6.896729	0.001010
KPTN	-2.397409	0.083370
KRABD2	-7.352051	0.000641
KRABD3	-4.967736	0.006911
KRABD4	-6.931431	0.000976
KRABD5	-6.009060	0.002450
KRAS	-3.352223	0.033822
KRCC1	-6.179240	0.002068
KREMEN1	-3.227567	0.038141
KREMEN2	-3.732296	0.023378
KRI1	-7.430193	0.000593
KRIT1	-3.327503	0.034640
KRR1	-6.836160	0.001073
KRT1	-5.339084	0.004777
KRT10	-4.582416	0.010127
KRT12	-5.197476	0.005500
KRT13	-4.860168	0.007690
KRT14	-2.348985	0.087146
KRT15	-4.690559	0.009098
KRT16	-3.084274	0.043761
KRT17	-4.645353	0.009515
KRT18	-2.336010	0.088184
KRT19	-4.799378	0.008168
KRT2	-4.851887	0.007753
KRT20	-4.771248	0.008399
KRT222	-4.877426	0.007559
KRT23	-4.810416	0.008079
KRT24	-5.840788	0.002898
KRT25	-5.652798	0.003495
KRT26	-5.098620	0.006068
KRT27	-5.692361	0.003360
KRT28	-5.664157	0.003456
KRT3	-3.654789	0.025215
KRT31	-5.420300	0.004406
KRT32	-5.927814	0.002657
KRT33A	-5.296165	0.004986
KRT33B	-5.109645	0.006002
KRT34	-5.407526	0.004463
KRT35	-5.395155	0.004518
KRT36	-5.048617	0.006377
KRT37	-5.592422	0.003712
KRT38	-5.764065	0.003129
KRT39	-5.732196	0.003229
KRT4	-5.491883	0.004103
KRT40	-5.793697	0.003037
KRT5	-2.587267	0.069962
KRT6A	-4.335288	0.012929
KRT6B	-4.508353	0.010897
KRT6C	-4.424133	0.011843
KRT7	-4.754366	0.008540
KRT71	-6.315213	0.001805
KRT72	-5.080416	0.006179
KRT73	-6.302756	0.001828
KRT74	-5.062371	0.006291
KRT75	-3.820220	0.021453
KRT76	-4.727429	0.008772
KRT77	-4.979660	0.006829
KRT78	-4.960142	0.006963
KRT79	-4.842135	0.007828
KRT8	-3.015648	0.046724
KRT80	-4.253613	0.014014
KRT81	-5.363719	0.004662
KRT82	-5.325549	0.004842
KRT83	-5.412159	0.004442
KRT84	-6.094864	0.002249
KRT85	-6.495286	0.001508
KRT86	-5.412825	0.004439
KRT9	-5.259451	0.005171
KRTAP1-1	-6.014765	0.002436
KRTAP1-3	-6.229791	0.001966
KRTAP1-5	-7.262022	0.000701
KRTAP10-10	-6.487161	0.001521
KRTAP10-11	-7.387655	0.000618
KRTAP10-7	-7.376861	0.000625
KRTAP10-8	-6.664648	0.001274
KRTAP11-1	-5.417012	0.004421
KRTAP12-1	-6.508249	0.001489
KRTAP12-2	-5.570560	0.003794
KRTAP13-1	-3.856322	0.020708
KRTAP13-2	-4.052597	0.017080
KRTAP13-3	-4.963386	0.006941
KRTAP15-1	-3.691746	0.024322
KRTAP17-1	-7.736739	0.000436
KRTAP19-3	-6.078039	0.002287
KRTAP19-4	-5.662654	0.003461
KRTAP2-4	-5.228474	0.005333
KRTAP20-1	-7.026341	0.000887
KRTAP20-3	-7.714158	0.000446
KRTAP21-2	-5.123324	0.005921
KRTAP25-1	-6.119071	0.002196
KRTAP26-1	-5.249784	0.005221
KRTAP27-1	-3.698829	0.024155
KRTAP3-1	-4.740490	0.008659
KRTAP3-2	-5.064275	0.006279
KRTAP3-3	-4.991660	0.006749
KRTAP4-1	-7.715430	0.000446
KRTAP4-11	-7.492657	0.000557
KRTAP4-12	-7.002150	0.000909
KRTAP4-2	-7.777692	0.000419
KRTAP4-4	-7.674849	0.000464
KRTAP4-5	-7.780875	0.000417
KRTAP4-7	-7.711065	0.000448
KRTAP5-1	-7.594799	0.000503
KRTAP5-11	-7.703056	0.000451
KRTAP5-2	-7.726990	0.000441
KRTAP5-3	-7.692050	0.000456
KRTAP5-4	-7.589410	0.000506
KRTAP5-5	-7.776581	0.000419
KRTAP5-6	-7.666160	0.000468
KRTAP5-7	-7.755666	0.000428
KRTAP5-8	-7.690433	0.000457
KRTAP5-9	-7.558110	0.000522
KRTAP6-2	-5.455515	0.004254
KRTAP6-3	-4.228192	0.014369
KRTAP8-1	-5.454170	0.004260
KRTAP9-2	-7.685583	0.000459
KRTAP9-3	-7.679496	0.000462
KRTAP9-4	-7.547162	0.000527
KRTCAP2	-3.144509	0.041308
KRTCAP3	-5.048502	0.006378
KRTDAP	-5.133292	0.005863
KSR1	-2.098313	0.109261
KSR2	-2.476450	0.077526
KTI12	-2.563690	0.071512
KTN1	2.921883	0.948918
KXD1	-1.864883	0.134135
KY	-4.334607	0.012937
KYAT1	-5.762939	0.003132
KYAT3	-5.949684	0.002600
KYNU	-5.887926	0.002765
L1CAM	-3.630000	0.025831
L1TD1	-7.190654	0.000753
L2HGDH	-3.903557	0.019771
L3HYPDH	-5.510689	0.004027
L3MBTL1	-3.716328	0.023746
L3MBTL2	-4.495208	0.011039
L3MBTL3	-3.628198	0.025877
L3MBTL4	-5.261979	0.005158
LACC1	-7.226062	0.000727
LACRT	-3.227070	0.038160
LACTB	-3.936854	0.019136
LACTB2	-4.193007	0.014876
LAD1	-6.224321	0.001977
LAG3	-2.875978	0.053354
LAGE3	-2.206663	0.099154
LAIR1	-3.482403	0.029817
LAIR2	-3.228216	0.038118
LALBA	-3.635309	0.025698
LAMA1	-3.512559	0.028957
LAMA2	-4.284725	0.013590
LAMA4	-3.584474	0.027002
LAMA5	-3.553405	0.027830
LAMB1	-2.818254	0.056346
LAMB2	-3.613991	0.026237
LAMB3	-3.355793	0.033706
LAMB4	-3.554993	0.027787
LAMC1	-3.083701	0.043785
LAMC2	-3.541430	0.028156
LAMC3	-3.140380	0.041472
LAMP1	-3.806945	0.021733
LAMP2	-3.710340	0.023885
LAMP3	-4.639909	0.009566
LAMP5	-5.148899	0.005772
LAMTOR1	-2.478077	0.077409
LAMTOR2	-2.547576	0.072589
LAMTOR3	-3.093721	0.043367
LAMTOR4	-3.441184	0.031033
LAMTOR5	-3.464494	0.030340
LANCL1	-6.849548	0.001059
LANCL2	-6.937081	0.000970
LANCL3	-7.213894	0.000736
LAP3	-3.316506	0.035009
LAPTM4A	-4.693169	0.009075
LAPTM5	-3.889963	0.020036
LARGE1	-4.042075	0.017258
LARGE2	-4.208543	0.014650
LARP1	-3.336452	0.034342
LARP1B	-3.415893	0.031802
LARP4	-6.181688	0.002063
LARP4B	-6.775353	0.001140
LARP7	-6.952540	0.000955
LARS1	-1.631985	0.163559
LARS2	-4.523007	0.010740
LAS1L	-4.268198	0.013814
LASP1	-3.156527	0.040835
LAT	-3.639991	0.025581
LAT2	-3.455711	0.030599
LATS1	-3.963886	0.018635
LATS2	-3.903388	0.019775
LAX1	-3.360720	0.033546
LAYN	-4.110558	0.016134
LBH	-5.434775	0.004343
LBHD1	-6.296105	0.001840
LBP	-3.554706	0.027795
LBR	-3.422282	0.031606
LBX1	-5.739447	0.003206
LBX2	-4.960993	0.006957
LCA5	-4.391729	0.012228
LCA5L	-4.940783	0.007098
LCAT	-3.505448	0.029158
LCE1B	-3.987106	0.018215
LCE1C	-5.071290	0.006235
LCE1E	-4.599856	0.009953
LCE2A	-6.751590	0.001168
LCE2B	-4.936120	0.007131
LCE2C	-4.810313	0.008080
LCE3D	-5.313639	0.004900
LCE3E	-4.991090	0.006752
LCE4A	-4.910670	0.007314
LCE5A	-4.395680	0.012180
LCE6A	-6.111740	0.002212
LCK	-3.246479	0.037454
LCLAT1	-5.495256	0.004089
LCMT1	-7.241854	0.000715
LCMT2	-6.954263	0.000954
LCN1	-4.799771	0.008164
LCN10	-5.514225	0.004013
LCN12	-4.318638	0.013143
LCN15	-4.564900	0.010304
LCN2	-3.534610	0.028343
LCN6	-4.965906	0.006923
LCN8	-5.195665	0.005510
LCN9	-5.238994	0.005278
LCNL1	-5.427214	0.004376
LCOR	-3.644614	0.025466
LCORL	-4.035888	0.017363
LCP1	-1.989193	0.120342
LCP2	-2.956777	0.049417
LCT	-4.579571	0.010155
LCTL	-4.181036	0.015053
LDAF1	-4.546799	0.010490
LDAH	-5.688499	0.003373
LDB1	-3.480020	0.029886
LDB2	-3.537433	0.028266
LDB3	-3.222134	0.038341
LDHA	-2.534670	0.073463
LDHAL6A	-3.589629	0.026867
LDHAL6B	-2.967594	0.048912
LDHB	-2.360892	0.086204
LDHC	-2.517200	0.074661
LDHD	-3.432996	0.031280
LDLR	-3.165624	0.040480
LDLRAD1	-4.803458	0.008135
LDLRAD2	-3.980158	0.018340
LDLRAD3	-4.825556	0.007958
LDLRAD4	-6.177648	0.002071
LDLRAP1	-2.762882	0.059363
LDOC1	-3.526874	0.028557
LEAP2	-4.664783	0.009333
LECT2	-6.428590	0.001612
LEF1	-3.530733	0.028450
LEFTY1	-3.573194	0.027300
LEFTY2	-3.588147	0.026906
LEKR1	-4.887085	0.007487
LELP1	-4.348991	0.012755
LEMD1	-4.988944	0.006767
LEMD2	-4.556957	0.010385
LEMD3	-2.399242	0.083231
LENEP	-6.732007	0.001191
LENG8	-4.068101	0.016822
LENG9	-5.681891	0.003396
LEO1	-5.964860	0.002561
LEP	-2.526359	0.074031
LEPR	-2.708784	0.062457
LEPROT	-3.168927	0.040352
LEPROTL1	-3.698889	0.024153
LETM1	-2.988920	0.047929
LETM2	-4.098658	0.016324
LETMD1	-3.989106	0.018180
LGALS1	-3.451638	0.030720
LGALS12	-4.928534	0.007185
LGALS13	-7.260720	0.000702
LGALS14	-7.062850	0.000856
LGALS2	-3.686431	0.024449
LGALS3	-2.668573	0.064853
LGALS3BP	-2.701866	0.062863
LGALS4	-3.215941	0.038570
LGALS7B	-6.987032	0.000923
LGALS8	-3.373549	0.033132
LGALS9	-2.653861	0.065751
LGALS9B	-2.920768	0.051136
LGALS9C	-1.883020	0.132042
LGALSL	-6.381588	0.001690
LGI1	-3.385166	0.032762
LGI2	-3.361902	0.033508
LGI3	-4.220305	0.014481
LGI4	-3.782115	0.022267
LGMN	-5.045672	0.006396
LGR4	-3.523211	0.028659
LGR5	-3.184656	0.039747
LGR6	-3.451782	0.030716
LGSN	-7.471920	0.000569
LHB	-3.696768	0.024203
LHCGR	-3.599788	0.026602
LHFPL1	-5.608823	0.003652
LHFPL2	-5.114679	0.005972
LHFPL3	-4.960122	0.006963
LHFPL4	-5.159482	0.005712
LHFPL5	-5.252299	0.005208
LHFPL6	-4.955458	0.006996
LHFPL7	-5.981540	0.002519
LHPP	-4.184567	0.015000
LHX1	-4.032971	0.017413
LHX2	-3.657050	0.025159
LHX3	-4.015244	0.017719
LHX4	-3.606685	0.026424
LHX5	-3.944003	0.019002
LHX6	-3.956372	0.018773
LHX8	-4.024035	0.017567
LHX9	-3.852937	0.020776
LIAS	-4.395461	0.012183
LIAT1	-5.916700	0.002687
LIF	-3.512242	0.028966
LIFR	-2.751861	0.059982
LIG1	-2.880434	0.053129
LIG3	-2.201341	0.099630
LIG4	-7.516677	0.000544
LILRA1	-3.407104	0.032074
LILRA2	-3.439972	0.031069
LILRA3	-3.407074	0.032075
LILRA4	-3.458781	0.030508
LILRA5	-3.494856	0.029459
LILRA6	-3.466591	0.030278
LILRB1	-3.565142	0.027515
LILRB2	-3.446394	0.030877
LILRB3	-3.590193	0.026852
LILRB4	-3.605615	0.026452
LILRB5	-3.491294	0.029561
LIM2	-4.618727	0.009769
LIMA1	-4.145032	0.015596
LIMCH1	-4.129263	0.015840
LIMD1	-3.612792	0.026268
LIMD2	-3.748141	0.023019
LIME1	-4.278166	0.013678
LIMK1	-3.654470	0.025223
LIMK2	-3.700080	0.024125
LIMS1	-4.283432	0.013608
LIMS2	-4.280178	0.013651
LIMS3	-4.020391	0.017630
LIN28A	-3.712923	0.023825
LIN28B	-4.788489	0.008256
LIN37	-3.903635	0.019770
LIN52	-6.597190	0.001362
LIN54	-3.582696	0.027049
LIN7A	-3.902491	0.019792
LIN7B	-4.297446	0.013421
LIN7C	-4.186012	0.014979
LIN9	0.270181	0.567137
LINGO1	-2.477690	0.077437
LINGO2	-3.172620	0.040209
LINGO4	-3.593241	0.026773
LINS1	-3.478988	0.029916
LIPA	-4.663256	0.009347
LIPC	-3.618594	0.026120
LIPE	-7.179431	0.000762
LIPF	-4.765953	0.008443
LIPG	-3.893784	0.019962
LIPH	-4.012312	0.017770
LIPI	-4.626600	0.009693
LIPJ	-4.693517	0.009071
LIPK	-4.786341	0.008274
LIPM	-4.771022	0.008401
LIPN	-4.545144	0.010507
LIPT1	-4.309799	0.013258
LITAF	-6.372612	0.001705
LIX1	-3.670502	0.024831
LIX1L	-2.860093	0.054162
LKAAEAR1	-3.475790	0.030009
LLCFC1	-4.667088	0.009312
LLGL1	-3.599763	0.026603
LLGL2	-4.923194	0.007223
LLPH	-7.464403	0.000573
LMAN1	-3.658492	0.025124
LMAN1L	-5.127057	0.005899
LMAN2	-3.460772	0.030449
LMAN2L	-4.929614	0.007177
LMBR1	-4.327529	0.013028
LMBR1L	-5.271268	0.005111
LMBRD1	-4.833843	0.007893
LMBRD2	-4.713227	0.008896
LMCD1	-3.561636	0.027608
LMF1	-4.131693	0.015802
LMF2	-4.181185	0.015050
LMLN	-4.310244	0.013252
LMNA	-2.070440	0.112003
LMNB1	-3.231643	0.037992
LMNB2	-3.138980	0.041528
LMNTD1	-7.388255	0.000618
LMNTD2	-6.561259	0.001412
LMO1	-3.677594	0.024660
LMO2	-3.633688	0.025739
LMO3	-4.101800	0.016274
LMO4	-3.643752	0.025487
LMO7	-3.619818	0.026089
LMOD1	-4.857742	0.007708
LMOD3	-4.377121	0.012406
LMTK2	-3.025437	0.046290
LMTK3	-3.642319	0.025523
LMX1A	-3.556115	0.027757
LMX1B	-3.555037	0.027786
LNP1	-7.366529	0.000632
LNPEP	-4.835745	0.007878
LNPK	-3.256711	0.037086
LNX1	-2.773013	0.058800
LNX2	-3.865559	0.020521
LONP1	-1.041800	0.260803
LONP2	-3.946657	0.018953
LONRF1	-3.525496	0.028595
LONRF2	-3.640204	0.025576
LONRF3	-2.582262	0.070289
LORICRIN	-3.584534	0.027000
LOX	-3.599218	0.026617
LOXL1	-3.531688	0.028424
LOXL2	-4.487563	0.011123
LOXL3	-4.677830	0.009213
LOXL4	-4.678442	0.009208
LPA	-3.775420	0.022414
LPAR1	-3.112229	0.042606
LPAR2	-3.780850	0.022295
LPAR3	-3.860260	0.020628
LPAR4	-3.498451	0.029356
LPAR5	-4.561294	0.010340
LPAR6	-3.712937	0.023824
LPCAT1	-3.537781	0.028256
LPCAT2	-4.861998	0.007676
LPCAT3	-2.195429	0.100162
LPCAT4	-5.117095	0.005958
LPGAT1	-5.270762	0.005113
LPIN1	-3.464647	0.030335
LPIN2	-3.483283	0.029792
LPIN3	-3.236479	0.037816
LPL	-5.121721	0.005930
LPO	-4.886830	0.007489
LPP	-4.003925	0.017917
LPXN	-3.782995	0.022248
LRAT	-6.497575	0.001505
LRATD1	-6.934493	0.000973
LRATD2	-7.379377	0.000624
LRBA	-3.382818	0.032837
LRCH1	-3.725595	0.023532
LRCH2	-3.806646	0.021739
LRCH3	-3.656503	0.025173
LRCH4	-2.947911	0.049835
LRFN2	-3.404581	0.032153
LRFN3	-3.056412	0.044941
LRFN4	-2.996411	0.047588
LRFN5	-3.546279	0.028024
LRG1	-3.420816	0.031651
LRGUK	-2.984937	0.048111
LRIF1	-3.755689	0.022850
LRIG1	-3.411455	0.031939
LRIG2	-2.846777	0.054848
LRIG3	-3.632811	0.025761
LRIT1	-4.182532	0.015030
LRIT2	-3.305014	0.035400
LRIT3	-3.551597	0.027879
LRMDA	-7.444328	0.000584
LRP1	-3.504171	0.029194
LRP10	-3.134715	0.041698
LRP11	-3.581164	0.027089
LRP12	-3.426216	0.031486
LRP1B	-3.542228	0.028134
LRP2	-3.631216	0.025801
LRP2BP	-2.787260	0.058017
LRP3	-4.205932	0.014688
LRP4	-3.599789	0.026602
LRP5	-3.649003	0.025357
LRP6	-3.633411	0.025746
LRP8	-2.807084	0.056943
LRPAP1	-3.187504	0.039639
LRPPRC	-2.626643	0.067443
LRR1	-3.584515	0.027001
LRRC1	-3.526836	0.028558
LRRC10	-7.485642	0.000561
LRRC14	-6.119624	0.002194
LRRC15	-2.996689	0.047576
LRRC17	-4.059551	0.016964
LRRC18	-6.989084	0.000921
LRRC19	-3.571445	0.027346
LRRC2	-7.326666	0.000657
LRRC20	-4.648662	0.009484
LRRC23	-6.061849	0.002325
LRRC24	-3.657762	0.025142
LRRC25	-3.438788	0.031105
LRRC26	-3.609144	0.026361
LRRC27	-7.276672	0.000691
LRRC28	-5.726217	0.003249
LRRC3	-5.563292	0.003821
LRRC31	-4.169193	0.015229
LRRC32	-3.537130	0.028274
LRRC34	-6.979648	0.000930
LRRC36	-3.018283	0.046607
LRRC37A	-3.644374	0.025472
LRRC37A2	-3.506567	0.029126
LRRC37A3	-3.657076	0.025159
LRRC37B	-3.511372	0.028990
LRRC39	-6.255764	0.001916
LRRC3B	-4.759767	0.008495
LRRC4	-2.740251	0.060640
LRRC40	-3.406712	0.032086
LRRC41	-3.679009	0.024626
LRRC42	-7.037383	0.000878
LRRC43	-7.542169	0.000530
LRRC45	-3.578880	0.027149
LRRC46	-5.291234	0.005010
LRRC47	-7.441815	0.000586
LRRC49	-2.362095	0.086109
LRRC4B	-3.302970	0.035469
LRRC4C	-2.915227	0.051406
LRRC52	-2.992386	0.047771
LRRC55	-3.613779	0.026243
LRRC56	-7.385540	0.000620
LRRC57	-5.113734	0.005978
LRRC59	-7.370768	0.000629
LRRC61	-3.571428	0.027347
LRRC63	-7.459252	0.000576
LRRC66	-3.124933	0.042090
LRRC7	-4.810498	0.008078
LRRC70	-4.249996	0.014064
LRRC71	-7.126470	0.000803
LRRC73	-4.562036	0.010333
LRRC74A	-7.390226	0.000617
LRRC75A	-7.436499	0.000589
LRRC75B	-7.504688	0.000550
LRRC8A	-3.348927	0.033930
LRRC8B	-4.031983	0.017430
LRRC8C	-4.571765	0.010234
LRRC8D	-4.682410	0.009172
LRRC8E	-4.818202	0.008017
LRRCC1	-3.129583	0.041903
LRRD1	-4.158834	0.015385
LRRFIP1	-3.303936	0.035436
LRRFIP2	-2.909916	0.051666
LRRIQ1	-7.310620	0.000668
LRRK1	-3.470706	0.030157
LRRK2	-4.029980	0.017464
LRRN1	-2.838116	0.055299
LRRN2	-3.588372	0.026900
LRRN3	-3.329322	0.034579
LRRN4	-3.788098	0.022137
LRRN4CL	-4.987268	0.006778
LRRTM1	-3.474665	0.030042
LRRTM2	-2.885565	0.052872
LRRTM3	-3.541937	0.028142
LRRTM4	-3.594928	0.026729
LRSAM1	-3.516024	0.028860
LRTM1	-3.892430	0.019988
LRTM2	-3.616530	0.026172
LRTOMT	-4.551880	0.010437
LRWD1	-1.818509	0.139613
LSAMP	-3.389035	0.032640
LSG1	-7.597788	0.000501
LSM1	-1.621497	0.164999
LSM10	-7.419502	0.000599
LSM11	-7.472417	0.000568
LSM12	-3.658220	0.025131
LSM14A	-6.652451	0.001289
LSM14B	-6.471982	0.001544
LSM2	-7.721819	0.000443
LSM3	-7.611310	0.000495
LSM4	-6.271482	0.001886
LSM5	-7.672067	0.000465
LSM6	-7.687902	0.000458
LSM7	-1.394422	0.198703
LSM8	-7.537069	0.000533
LSMEM1	-5.991545	0.002494
LSMEM2	-3.493410	0.029500
LSP1	-4.022021	0.017601
LSR	-4.879306	0.007545
LSS	-4.840041	0.007845
LST1	-4.303666	0.013339
LTA	-2.473911	0.077708
LTA4H	-4.023948	0.017568
LTAP1	-5.237281	0.005287
LTB	-3.050768	0.045184
LTB4R	-3.353835	0.033770
LTB4R2	-3.349614	0.033908
LTBP1	-3.521384	0.028710
LTBP2	-3.651792	0.025288
LTBP3	-3.661076	0.025061
LTBP4	-3.569012	0.027411
LTBR	-3.273859	0.036479
LTF	-3.170312	0.040298
LTK	-3.533076	0.028386
LTN1	-4.110201	0.016140
LTO1	-6.287063	0.001857
LTV1	-6.753108	0.001166
LUC7L	-7.486962	0.000560
LUC7L2	-7.598704	0.000501
LUC7L3	-7.507549	0.000549
LUM	-2.699190	0.063021
LURAP1	-6.612484	0.001342
LURAP1L	-4.803747	0.008132
LUZP1	-4.462042	0.011407
LUZP2	-6.225046	0.001975
LUZP4	-7.472731	0.000568
LVRN	-4.946197	0.007060
LXN	-4.028807	0.017484
LY6D	-4.416530	0.011932
LY6E	-5.378462	0.004594
LY6G5B	-5.309968	0.004918
LY6G5C	-4.936357	0.007130
LY6G6C	-5.110683	0.005996
LY6G6D	-5.270907	0.005113
LY6G6F	-3.657564	0.025147
LY6H	-5.367182	0.004646
LY6K	-5.042889	0.006414
LY75	-2.463825	0.078433
LY86	-4.907497	0.007337
LY9	-3.071960	0.044279
LY96	-3.213569	0.038658
LYAR	-7.637647	0.000482
LYG1	-7.304405	0.000672
LYG2	-7.374944	0.000626
LYN	-3.344756	0.034067
LYPD1	-4.581595	0.010135
LYPD2	-4.952282	0.007018
LYPD3	-4.935174	0.007138
LYPD4	-4.638130	0.009583
LYPD5	-3.801137	0.021857
LYPD6	-4.577230	0.010179
LYPD6B	-4.655557	0.009419
LYPD8	-4.451436	0.011527
LYPLA1	-7.200811	0.000745
LYPLA2	-7.081861	0.000840
LYPLAL1	-4.793624	0.008214
LYRM1	-7.769819	0.000422
LYRM2	-5.423159	0.004394
LYRM4	-6.958802	0.000949
LYRM7	-3.581950	0.027068
LYRM9	-7.397739	0.000612
LYSMD1	-7.196352	0.000749
LYSMD2	-7.031509	0.000883
LYSMD3	-5.898585	0.002736
LYSMD4	-4.155749	0.015432
LYST	-4.688333	0.009118
LYVE1	-3.216897	0.038535
LYZ	-4.039169	0.017307
LYZL1	-5.459177	0.004239
LYZL2	-5.438129	0.004329
LYZL4	-5.303974	0.004947
LYZL6	-4.957455	0.006982
LZIC	-5.191353	0.005534
LZTFL1	-2.325509	0.089032
LZTR1	-3.524713	0.028617
LZTS1	-4.031389	0.017440
LZTS2	-5.550168	0.003872
LZTS3	-5.566996	0.003807
M1AP	-1.868052	0.133767
M6PR	-2.972011	0.048706
MAB21L1	-5.524604	0.003972
MAB21L2	-5.511309	0.004025
MAB21L3	-5.592278	0.003713
MAB21L4	-5.189397	0.005544
MACC1	-3.953290	0.018830
MACF1	-5.160147	0.005708
MACIR	-7.214300	0.000735
MACO1	-4.626876	0.009690
MACROD1	-6.134128	0.002163
MACROD2	-6.497104	0.001506
MACROH2A1	-3.507142	0.029110
MACROH2A2	-3.527500	0.028540
MAD1L1	-2.279601	0.092827
MAD2L1	1.048049	0.740400
MAD2L1BP	-3.169305	0.040337
MAD2L2	-1.923681	0.127452
MADCAM1	-2.636225	0.066843
MADD	-3.742392	0.023149
MAEA	-2.396559	0.083435
MAEL	-3.296404	0.035695
MAF	-3.474871	0.030036
MAF1	0.370308	0.591533
MAFB	-3.506097	0.029139
MAFF	-3.529080	0.028496
MAFG	-4.187134	0.014962
MAFK	-4.174779	0.015146
MAG	-2.737190	0.060814
MAGEA1	-4.620138	0.009755
MAGEA10	-3.969472	0.018533
MAGEA11	-3.914120	0.019568
MAGEA12	-4.742570	0.008641
MAGEA2	-5.308634	0.004924
MAGEA2B	-5.308634	0.004924
MAGEA3	-4.135119	0.015749
MAGEA4	-3.761438	0.022722
MAGEA6	-4.135119	0.015749
MAGEA8	-4.191832	0.014893
MAGEA9	-4.106896	0.016192
MAGEA9B	-4.106896	0.016192
MAGEB1	-4.131244	0.015809
MAGEB10	-4.864498	0.007657
MAGEB18	-3.894067	0.019956
MAGEB2	-4.935462	0.007136
MAGEB3	-5.467207	0.004205
MAGEB4	-5.448842	0.004283
MAGEB6	-4.526266	0.010705
MAGEC1	-3.778331	0.022350
MAGEC2	-4.370657	0.012485
MAGEC3	-4.731814	0.008734
MAGED1	-3.579260	0.027139
MAGED2	-3.667196	0.024912
MAGED4B	-3.493478	0.029498
MAGEE1	-3.947611	0.018935
MAGEE2	-3.999950	0.017987
MAGEF1	-3.942729	0.019026
MAGEH1	-4.192748	0.014880
MAGEL2	-3.546202	0.028026
MAGI1	-3.458160	0.030526
MAGI2	-2.835379	0.055442
MAGI3	-2.863880	0.053968
MAGIX	-3.308660	0.035275
MAGOH	-7.593802	0.000503
MAGOHB	-7.089592	0.000833
MAGT1	-3.905058	0.019742
MAIP1	-6.090722	0.002259
MAJIN	-5.635033	0.003558
MAK	-2.918192	0.051262
MAK16	-7.536305	0.000533
MAL	-4.740849	0.008656
MAL2	-3.482052	0.029827
MALL	-5.020968	0.006555
MALSU1	-7.181432	0.000760
MALT1	-3.273488	0.036492
MAMDC2	-4.617994	0.009776
MAMDC4	-3.553770	0.027820
MAML1	-3.434601	0.031231
MAML2	-3.919785	0.019459
MAML3	-4.150150	0.015517
MAMLD1	-3.579038	0.027145
MAMSTR	-4.363147	0.012578
MAN1A1	-4.516087	0.010814
MAN1A2	-4.351364	0.012725
MAN1B1	-3.911773	0.019613
MAN1C1	-4.343668	0.012822
MAN2A1	-5.182283	0.005584
MAN2A2	-5.014189	0.006599
MAN2B1	-5.243287	0.005255
MAN2B2	-5.530195	0.003950
MAN2C1	-5.284900	0.005042
MANBA	-5.210719	0.005428
MANBAL	-4.313538	0.013209
MANEA	-6.051031	0.002350
MANEAL	-5.614419	0.003632
MANF	-3.840545	0.021030
MANSC1	-3.687196	0.024430
MAOA	-3.641283	0.025549
MAOB	-3.678987	0.024627
MAP1A	-3.413546	0.031875
MAP1B	-3.266550	0.036737
MAP1LC3A	-3.586978	0.026936
MAP1LC3B	-2.801216	0.057259
MAP1LC3C	-5.769918	0.003110
MAP1S	-2.276834	0.093060
MAP2	-3.179372	0.039949
MAP2K1	-3.431573	0.031323
MAP2K2	-2.288164	0.092108
MAP2K3	-2.015214	0.117615
MAP2K4	-3.177932	0.040005
MAP2K5	-2.411149	0.082326
MAP2K6	-2.097801	0.109311
MAP2K7	-3.243333	0.037567
MAP3K1	-3.600872	0.026574
MAP3K10	-3.800872	0.021863
MAP3K11	-3.681042	0.024577
MAP3K12	-2.913708	0.051480
MAP3K13	-3.602652	0.026528
MAP3K14	-2.764149	0.059293
MAP3K15	-3.557067	0.027731
MAP3K19	-5.646101	0.003519
MAP3K2	-3.616551	0.026172
MAP3K20	-3.530591	0.028454
MAP3K21	-3.691870	0.024319
MAP3K3	-3.475950	0.030004
MAP3K4	-3.357644	0.033646
MAP3K5	-3.318032	0.034958
MAP3K6	-3.455912	0.030593
MAP3K7	-3.165514	0.040484
MAP3K7CL	-5.401189	0.004491
MAP3K8	-3.488958	0.029628
MAP3K9	-3.687593	0.024421
MAP4K1	-2.157029	0.103676
MAP4K2	-3.472477	0.030106
MAP4K3	-3.140881	0.041452
MAP4K4	-2.884083	0.052946
MAP4K5	-3.726188	0.023518
MAP6	-4.114018	0.016079
MAP6D1	-6.199871	0.002026
MAP7	-4.853740	0.007739
MAP7D1	-5.218231	0.005388
MAP7D2	-4.957852	0.006979
MAP9	-3.795583	0.021976
MAPDA	-5.359457	0.004681
MAPK1	-2.428432	0.081030
MAPK10	-2.762338	0.059394
MAPK11	-3.669508	0.024855
MAPK12	-2.860247	0.054154
MAPK13	-2.778867	0.058477
MAPK14	-3.164748	0.040514
MAPK15	-3.000319	0.047411
MAPK1IP1L	-5.985422	0.002509
MAPK3	-2.122800	0.106900
MAPK4	-2.290971	0.091874
MAPK6	-2.675292	0.064447
MAPK7	-3.489071	0.029625
MAPK8	-2.781693	0.058322
MAPK8IP1	-4.680882	0.009186
MAPK8IP2	-4.568895	0.010263
MAPK8IP3	-3.500869	0.029288
MAPK9	-3.988833	0.018185
MAPKAP1	-3.867901	0.020474
MAPKAPK2	-2.846302	0.054873
MAPKAPK3	-3.336656	0.034335
MAPKAPK5	-2.027545	0.116341
MAPRE1	-2.476192	0.077544
MAPRE2	-2.335028	0.088263
MAPRE3	-2.099542	0.109141
MAPT	-2.064560	0.112589
MARCHF1	-5.814252	0.002976
MARCHF10	-5.417703	0.004418
MARCHF11	-7.020924	0.000892
MARCHF2	-6.124773	0.002183
MARCHF3	-5.506736	0.004043
MARCHF4	-6.486500	0.001522
MARCHF5	-5.604889	0.003666
MARCHF6	-3.034868	0.045875
MARCHF7	-6.732258	0.001190
MARCHF8	-6.463023	0.001558
MARCHF9	-5.995656	0.002483
MARCKS	-4.975174	0.006860
MARCKSL1	-4.801479	0.008151
MARCO	-4.491991	0.011074
MARF1	-3.601284	0.026564
MARK1	-4.340409	0.012864
MARK2	-3.980505	0.018334
MARK3	-3.614261	0.026230
MARK4	-3.335308	0.034380
MARS1	-2.769017	0.059022
MARS2	-3.757226	0.022816
MARVELD2	-3.920928	0.019437
MARVELD3	-3.816737	0.021526
MAS1	-5.858153	0.002848
MAS1L	-5.946167	0.002609
MASP1	-3.558840	0.027684
MASP2	-3.754455	0.022878
MAST1	-3.716261	0.023747
MAST2	-3.309542	0.035245
MAST3	-3.019840	0.046538
MAST4	-3.163525	0.040562
MASTL	-3.477511	0.029959
MAT1A	-3.694907	0.024247
MAT2A	-3.289377	0.035937
MAT2B	-4.918654	0.007256
MATCAP1	-6.445345	0.001585
MATCAP2	-6.947113	0.000960
MATK	-3.469294	0.030199
MATN1	-3.975162	0.018430
MATN2	-3.636115	0.025678
MATN3	-3.688381	0.024402
MATN4	-4.203117	0.014729
MATR3	-7.210178	0.000738
MAU2	-5.035560	0.006461
MAVS	-3.604220	0.026488
MAX	-3.632143	0.025777
MAZ	-4.901881	0.007378
MB	-6.276532	0.001876
MB21D2	-3.568286	0.027430
MBD1	-3.744326	0.023105
MBD2	-3.718857	0.023687
MBD3	-3.511901	0.028975
MBD3L1	-4.910455	0.007315
MBD3L2	-3.788566	0.022127
MBD4	-3.256798	0.037083
MBD5	-3.865235	0.020528
MBD6	-3.506233	0.029135
MBIP	-3.528985	0.028499
MBLAC1	-6.957563	0.000951
MBLAC2	-6.265536	0.001897
MBNL1	-3.866085	0.020511
MBNL2	-3.941216	0.019054
MBNL3	-6.638216	0.001308
MBOAT1	-4.739481	0.008667
MBOAT2	-1.997252	0.119492
MBOAT7	-2.383076	0.084472
MBP	-4.466840	0.011353
MBTD1	-3.992803	0.018114
MBTPS1	-2.680904	0.064110
MBTPS2	-5.840813	0.002898
MC1R	-3.909295	0.019660
MC2R	-3.905340	0.019737
MC3R	-3.729381	0.023445
MC4R	-3.796906	0.021948
MC5R	-4.164929	0.015293
MCAM	-3.314335	0.035083
MCAT	-6.037556	0.002382
MCC	-3.208363	0.038852
MCCC1	-3.983730	0.018276
MCCC2	-3.299652	0.035583
MCCD1	-5.545165	0.003891
MCEE	-3.656487	0.025173
MCEMP1	-5.055631	0.006333
MCF2	-4.736202	0.008696
MCF2L	-3.839638	0.021049
MCF2L2	-4.566246	0.010290
MCHR1	-3.712822	0.023827
MCHR2	-3.461707	0.030422
MCL1	-3.034257	0.045902
MCM10	-3.936735	0.019138
MCM2	-0.533386	0.369728
MCM3	-1.389509	0.199486
MCM3AP	-3.345279	0.034050
MCM4	3.342814	0.965869
MCM5	-2.149422	0.104385
MCM6	1.916925	0.871795
MCM7	-2.150564	0.104278
MCM8	-3.116016	0.042451
MCM9	0.552936	0.634816
MCMBP	-7.406689	0.000607
MCMDC2	3.624165	0.974021
MCOLN1	-5.178669	0.005604
MCOLN2	-5.141769	0.005813
MCOLN3	-5.131167	0.005875
MCPH1	-3.037112	0.045777
MCRIP1	-3.059040	0.044829
MCRIP2	-5.897655	0.002738
MCRS1	-2.413991	0.082112
MCTP1	-4.141232	0.015654
MCTP2	-3.775081	0.022421
MCTS1	-7.704374	0.000451
MCU	-2.347992	0.087226
MCUB	-3.543128	0.028110
MCUR1	-2.244228	0.095849
MDC1	-3.466331	0.030286
MDFI	-3.611414	0.026303
MDFIC	-5.609926	0.003648
MDGA1	-3.574847	0.027256
MDGA2	-3.358249	0.033626
MDH1	-5.624982	0.003594
MDH1B	-5.689375	0.003370
MDH2	-2.436920	0.080400
MDK	-4.080099	0.016625
MDM1	-7.498045	0.000554
MDM2	-3.398051	0.032356
MDM4	-3.459307	0.030493
MDN1	-2.304127	0.090782
MDP1	-5.300797	0.004963
ME1	-5.072669	0.006227
ME2	-4.689734	0.009105
ME3	-4.333715	0.012949
MEA1	-4.913605	0.007292
MEAF6	-2.317875	0.089653
MEAK7	-4.088215	0.016493
MECOM	-3.495282	0.029447
MECP2	-3.484803	0.029748
MECR	-3.654541	0.025221
MED1	-0.696413	0.332608
MED10	-7.424340	0.000596
MED11	-6.601490	0.001357
MED12	-7.289926	0.000682
MED12L	-6.232123	0.001961
MED13	-1.491677	0.183670
MED13L	-2.661081	0.065309
MED14	-3.173597	0.040171
MED15	-3.587071	0.026934
MED16	-3.249208	0.037355
MED17	-3.144708	0.041300
MED18	-6.503637	0.001496
MED19	-6.367656	0.001713
MED20	-2.989444	0.047905
MED21	0.393124	0.597034
MED22	-4.806557	0.008110
MED23	-7.048838	0.000868
MED24	-6.926436	0.000981
MED25	-1.869805	0.133564
MED26	-3.108738	0.042748
MED27	-6.313226	0.001809
MED28	-6.956937	0.000951
MED29	-6.659669	0.001280
MED30	-7.597345	0.000502
MED31	-7.499248	0.000553
MED4	-1.866929	0.133897
MED6	-4.545890	0.010499
MED7	-2.645242	0.066283
MED8	-7.376248	0.000626
MED9	-7.439510	0.000587
MEDAG	-3.540357	0.028186
MEF2A	-3.527110	0.028551
MEF2C	-3.525411	0.028598
MEF2D	-3.511269	0.028993
MEFV	-3.508653	0.029067
MEGF10	-2.791033	0.057811
MEGF11	-2.922575	0.051049
MEGF6	-4.006464	0.017872
MEGF8	-3.868360	0.020465
MEGF9	-3.143442	0.041350
MEI1	-3.657171	0.025156
MEIG1	-4.048923	0.017142
MEIOB	-3.761493	0.022721
MEIOC	-3.290423	0.035901
MEIS1	-3.800993	0.021860
MEIS2	-3.764836	0.022647
MEIS3	-3.335644	0.034368
MELK	-3.560299	0.027644
MELTF	-3.813201	0.021601
MEMO1	-6.788385	0.001126
MEN1	-3.140396	0.041471
MEOX1	-4.180232	0.015065
MEOX2	-4.347331	0.012776
MEP1A	-3.561028	0.027625
MEP1B	-3.487411	0.029673
MEPCE	-3.637624	0.025640
MEPE	-4.778947	0.008335
MERTK	-2.630248	0.067217
MESD	-4.247924	0.014092
MESP1	-4.380679	0.012362
MESP2	-3.889219	0.020051
MEST	-4.323417	0.013081
MET	-3.566624	0.027475
METAP1	-7.433908	0.000591
METAP1D	-5.884968	0.002773
METAP2	-7.546474	0.000528
METRN	-4.628559	0.009674
METRNL	-4.962903	0.006944
METTL1	-6.504570	0.001494
METTL13	-5.727962	0.003243
METTL14	-5.290107	0.005016
METTL15	-5.798640	0.003023
METTL16	-4.433910	0.011729
METTL17	-7.807762	0.000406
METTL18	-6.419762	0.001626
METTL21A	-4.804961	0.008123
METTL21C	-6.256669	0.001914
METTL22	-7.385791	0.000620
METTL23	-7.325458	0.000658
METTL25	-5.922773	0.002671
METTL25B	-5.909208	0.002707
METTL26	-6.794113	0.001119
METTL27	-6.761277	0.001156
METTL2A	-3.422254	0.031607
METTL2B	-3.439051	0.031097
METTL3	-2.716766	0.061991
METTL4	-5.258618	0.005176
METTL5	-7.545538	0.000528
METTL6	-2.210179	0.098840
METTL8	-2.916357	0.051351
METTL9	-3.086528	0.043666
MEX3A	-3.685925	0.024461
MEX3B	-3.507411	0.029102
MEX3C	-3.745347	0.023082
MEX3D	-3.776775	0.022384
MFAP1	-7.528593	0.000537
MFAP2	-3.678388	0.024641
MFAP3	-3.429203	0.031395
MFAP3L	-3.656609	0.025170
MFAP4	-3.472751	0.030098
MFAP5	-3.677939	0.024652
MFF	-3.312608	0.035141
MFGE8	-3.986905	0.018219
MFHAS1	-3.219985	0.038421
MFN1	-2.441336	0.080074
MFN2	-1.917748	0.128113
MFNG	-5.010821	0.006621
MFRP	-4.335576	0.012925
MFSD1	-4.790110	0.008243
MFSD11	-5.101993	0.006048
MFSD12	-4.927208	0.007195
MFSD2A	-4.854606	0.007732
MFSD2B	-4.902978	0.007370
MFSD6	-4.915169	0.007281
MFSD6L	-5.241506	0.005264
MFSD8	-3.867328	0.020486
MGA	-4.105563	0.016214
MGAM	-3.567041	0.027464
MGARP	-5.050274	0.006367
MGAT1	-4.581277	0.010138
MGAT2	-4.958259	0.006976
MGAT3	-4.600315	0.009949
MGAT4A	-4.648152	0.009488
MGAT4B	-3.771928	0.022490
MGAT4C	-4.711233	0.008914
MGAT5	-4.745999	0.008612
MGAT5B	-5.122205	0.005928
MGLL	-4.337718	0.012898
MGME1	-6.343630	0.001755
MGMT	-2.365101	0.085873
MGP	-3.656832	0.025165
MGRN1	-3.796401	0.021958
MGST1	-4.951478	0.007023
MGST2	-4.788139	0.008259
MGST3	-5.085844	0.006146
MIA	-5.737097	0.003214
MIA2	-3.212230	0.038708
MIA3	-3.411537	0.031937
MIB1	-3.676552	0.024685
MIB2	-3.596515	0.026687
MICA	-3.496660	0.029407
MICAL1	-3.122220	0.042200
MICAL2	-3.583225	0.027035
MICALL1	-2.499863	0.075868
MICALL2	-3.341698	0.034168
MICB	-3.495030	0.029454
MICOS10	-3.350807	0.033869
MICOS13	-2.609648	0.068520
MICU1	-2.461029	0.078636
MICU2	-5.938092	0.002630
MICU3	-5.060905	0.006300
MID1	-4.087315	0.016507
MID1IP1	-3.431836	0.031315
MID2	-3.757762	0.022804
MIDEAS	-3.599999	0.026597
MIDN	-3.586047	0.026961
MIEF1	-5.095680	0.006086
MIEF2	-5.754193	0.003159
MIEN1	-6.303481	0.001827
MIER1	-4.746640	0.008606
MIER2	-6.705635	0.001222
MIER3	-4.914142	0.007289
MIF4GD	-3.458621	0.030513
MIGA1	-5.415298	0.004428
MIGA2	-4.654798	0.009426
MIIP	-7.042104	0.000874
MILR1	-3.525313	0.028601
MINAR1	-5.506300	0.004045
MINDY1	-5.749118	0.003175
MINDY2	-5.789083	0.003051
MINDY3	-5.025684	0.006524
MINDY4	-3.113040	0.042573
MINK1	-2.865849	0.053868
MINPP1	-5.852825	0.002864
MIOS	-2.772853	0.058809
MIOX	-6.572875	0.001396
MIP	-5.576089	0.003773
MIPEP	-1.360557	0.204150
MIPOL1	-3.821146	0.021433
MIS12	-1.331638	0.208889
MIS18A	-3.446528	0.030873
MIS18BP1	-3.908291	0.019680
MISP	-5.848444	0.002876
MITD1	-4.865904	0.007646
MITF	-3.355570	0.033713
MIX23	3.466211	0.969711
MIXL1	-3.685774	0.024464
MKI67	-3.881583	0.020202
MKKS	0.755781	0.680437
MKLN1	-3.013811	0.046806
MKNK1	-3.928046	0.019302
MKNK2	-3.565366	0.027509
MKRN1	-3.377975	0.032991
MKRN2	-2.486838	0.076786
MKRN3	-4.048088	0.017156
MKS1	-1.825521	0.138773
MKX	-5.442130	0.004312
MLANA	-5.762667	0.003133
MLC1	-5.529047	0.003954
MLEC	-3.702865	0.024060
MLF1	-3.230211	0.038045
MLF2	-6.061466	0.002326
MLH1	-2.181033	0.101467
MLH3	-2.438636	0.080274
MLIP	-5.243058	0.005256
MLKL	-3.513222	0.028938
MLLT1	-5.741116	0.003201
MLLT10	-2.873899	0.053459
MLLT11	-3.479703	0.029895
MLLT3	-3.879961	0.020234
MLLT6	-3.703381	0.024048
MLN	-3.552383	0.027858
MLNR	-3.569136	0.027408
MLPH	-2.840065	0.055197
MLST8	-2.212439	0.098639
MLX	-3.634111	0.025728
MLXIP	-3.480168	0.029882
MLXIPL	-3.505114	0.029167
MLYCD	-7.555134	0.000523
MMAA	-7.372857	0.000628
MMAB	-4.629054	0.009670
MMACHC	-6.303466	0.001827
MMADHC	-6.377489	0.001697
MMD	-5.603829	0.003670
MMD2	-6.240577	0.001945
MME	-3.706946	0.023964
MMEL1	-3.602724	0.026527
MMGT1	-2.608708	0.068580
MMP1	-4.022749	0.017589
MMP10	-3.833925	0.021167
MMP11	-4.431348	0.011759
MMP12	-3.758667	0.022784
MMP13	-4.864381	0.007658
MMP14	-4.509044	0.010889
MMP15	-3.551720	0.027876
MMP16	-4.135878	0.015737
MMP17	-3.759002	0.022776
MMP19	-4.687809	0.009123
MMP2	-3.566555	0.027477
MMP20	-4.341428	0.012851
MMP21	-4.853143	0.007743
MMP23B	-5.153896	0.005744
MMP24	-3.691130	0.024337
MMP25	-4.480583	0.011200
MMP26	-5.041770	0.006421
MMP27	-4.861485	0.007680
MMP28	-5.147892	0.005778
MMP3	-3.779883	0.022316
MMP7	-3.804851	0.021778
MMP8	-4.888689	0.007475
MMP9	-3.514200	0.028911
MMRN1	-4.554155	0.010414
MMRN2	-3.966704	0.018584
MMS19	-2.469554	0.078020
MMS22L	-2.397578	0.083358
MMUT	-3.849755	0.020841
MN1	-3.241179	0.037645
MNAT1	-5.565939	0.003811
MND1	2.887477	0.947224
MNDA	-3.850448	0.020827
MNS1	-2.790601	0.057834
MNT	-3.836888	0.021106
MNX1	-4.750997	0.008569
MOAP1	-4.060226	0.016953
MOB1A	-3.535881	0.028308
MOB1B	-3.621099	0.026056
MOB2	-3.951309	0.018867
MOB3A	-3.888752	0.020060
MOB3B	-3.609542	0.026351
MOB3C	-4.359538	0.012623
MOB4	-2.270347	0.093609
MOBP	-7.624521	0.000488
MOCOS	-5.908209	0.002710
MOCS1	-3.315071	0.035058
MOCS2	-4.764097	0.008458
MOCS3	-2.179133	0.101640
MOG	-4.055356	0.017034
MOGAT1	-4.645321	0.009515
MOGAT2	-3.156303	0.040844
MOGAT3	-5.198729	0.005493
MOGS	-3.492743	0.029519
MOK	-2.697579	0.063116
MON1A	-2.212595	0.098625
MON1B	-2.356549	0.086547
MON2	-2.461086	0.078632
MORC1	-3.204329	0.039003
MORC2	-3.349279	0.033919
MORC3	-2.949822	0.049745
MORC4	-3.486012	0.029713
MORF4L1	-2.292505	0.091746
MORF4L2	-1.722705	0.151523
MORN1	-5.404571	0.004476
MORN3	-5.128280	0.005892
MORN4	-5.604941	0.003666
MORN5	-6.683218	0.001250
MOS	-3.648138	0.025379
MOSPD1	-5.546973	0.003884
MOSPD2	-4.804749	0.008124
MOV10	-2.588603	0.069875
MOV10L1	-3.289907	0.035919
MOXD1	-5.415833	0.004426
MPC1	-4.363245	0.012577
MPC2	-4.108227	0.016171
MPDU1	-4.795080	0.008203
MPDZ	-2.675934	0.064408
MPEG1	-4.152869	0.015476
MPHOSPH10	-5.935097	0.002638
MPHOSPH6	-7.353434	0.000640
MPHOSPH8	-3.394428	0.032470
MPHOSPH9	-5.074059	0.006218
MPI	-3.549169	0.027945
MPIG6B	-2.250903	0.095272
MPL	-2.365463	0.085845
MPLKIP	-5.463432	0.004221
MPND	-6.340261	0.001761
MPO	-5.086325	0.006143
MPP1	-2.238216	0.096371
MPP2	-2.614178	0.068231
MPP3	-3.959961	0.018707
MPP4	-3.708064	0.023938
MPP7	-4.799695	0.008165
MPPE1	-4.973965	0.006868
MPPED1	-4.900415	0.007388
MPPED2	-6.103901	0.002229
MPRIP	-4.414797	0.011952
MPST	-4.529050	0.010676
MPV17	-4.568668	0.010265
MPV17L	-6.967057	0.000942
MPV17L2	-4.665406	0.009328
MPZ	-4.228928	0.014359
MPZL1	-2.793865	0.057657
MPZL2	-5.394328	0.004522
MPZL3	-4.705448	0.008965
MR1	-3.062716	0.044672
MRAP	-3.668943	0.024869
MRAP2	-4.818156	0.008017
MRAS	-3.679726	0.024609
MRC1	-3.101556	0.043043
MRC2	-2.690495	0.063537
MRE11	0.698128	0.667773
MREG	-5.358811	0.004684
MRFAP1	-7.104844	0.000820
MRFAP1L1	-5.944460	0.002613
MRGBP	-3.613944	0.026238
MRGPRD	-5.436990	0.004334
MRGPRE	-5.344580	0.004751
MRGPRF	-5.077187	0.006199
MRGPRG	-5.070754	0.006239
MRGPRX1	-4.607134	0.009882
MRGPRX2	-4.664789	0.009333
MRGPRX3	-5.244490	0.005249
MRGPRX4	-4.665186	0.009330
MRI1	-6.940301	0.000967
MRM1	-4.857755	0.007708
MRM2	-7.410582	0.000604
MRM3	-7.635453	0.000483
MRNIP	-6.354273	0.001736
MRO	-4.842586	0.007825
MROH2B	-2.071002	0.111947
MROH5	-5.372238	0.004622
MROH7	-3.962430	0.018662
MROH8	-3.607293	0.026409
MROH9	-3.676714	0.024681
MRPL1	-7.768635	0.000423
MRPL10	-7.641908	0.000480
MRPL11	-6.793413	0.001120
MRPL12	-6.500511	0.001500
MRPL13	-7.266057	0.000698
MRPL14	-7.824482	0.000400
MRPL15	-7.193082	0.000751
MRPL16	-7.826535	0.000399
MRPL17	-7.824448	0.000400
MRPL18	-7.823454	0.000400
MRPL19	-7.549696	0.000526
MRPL2	-7.817394	0.000403
MRPL20	-7.003607	0.000908
MRPL21	-7.731887	0.000438
MRPL22	-7.382161	0.000622
MRPL23	-7.811571	0.000405
MRPL24	-7.812227	0.000405
MRPL27	-7.471955	0.000568
MRPL28	-7.418296	0.000600
MRPL3	-7.064793	0.000854
MRPL30	-7.821348	0.000401
MRPL32	-7.815201	0.000403
MRPL33	-7.825497	0.000399
MRPL34	-5.146479	0.005786
MRPL35	-7.768474	0.000423
MRPL36	-7.813371	0.000404
MRPL37	-7.823170	0.000400
MRPL38	-6.519748	0.001472
MRPL39	-7.773016	0.000421
MRPL4	-6.796504	0.001116
MRPL40	-7.829186	0.000398
MRPL41	-7.827793	0.000398
MRPL42	-7.818417	0.000402
MRPL43	-7.821653	0.000401
MRPL44	-7.821096	0.000401
MRPL45	-7.820578	0.000401
MRPL46	-6.945444	0.000962
MRPL47	-7.829197	0.000398
MRPL48	-3.846179	0.020914
MRPL49	-7.823851	0.000400
MRPL50	-7.820309	0.000401
MRPL51	-7.087219	0.000835
MRPL52	-7.024041	0.000889
MRPL53	-7.819757	0.000402
MRPL54	-7.202699	0.000744
MRPL55	-7.802970	0.000408
MRPL57	-7.825432	0.000399
MRPL58	-7.825019	0.000399
MRPL9	-7.823611	0.000400
MRPS10	-7.355024	0.000639
MRPS11	-7.811579	0.000405
MRPS12	-7.821104	0.000401
MRPS14	-7.408966	0.000605
MRPS15	-7.822623	0.000400
MRPS16	-7.819461	0.000402
MRPS17	-7.813020	0.000404
MRPS18A	-7.622076	0.000489
MRPS18B	-7.827314	0.000399
MRPS18C	-4.779559	0.008330
MRPS2	-6.563894	0.001408
MRPS21	-7.815953	0.000403
MRPS22	-7.158461	0.000778
MRPS23	-7.810130	0.000405
MRPS24	-6.109528	0.002217
MRPS25	-2.939251	0.050247
MRPS26	-7.828769	0.000398
MRPS27	-0.036807	0.490799
MRPS28	-6.913915	0.000993
MRPS30	-7.240584	0.000716
MRPS31	-7.792271	0.000413
MRPS33	-7.819536	0.000402
MRPS34	-7.215075	0.000735
MRPS35	-6.909196	0.000998
MRPS5	-7.707010	0.000449
MRPS6	-7.817369	0.000403
MRPS7	-6.346584	0.001750
MRPS9	-7.737696	0.000436
MRRF	-7.790029	0.000414
MRS2	-4.510981	0.010868
MRTFA	-3.624332	0.025974
MRTFB	-3.545981	0.028032
MRTO4	-7.747523	0.000432
MS4A1	-5.671918	0.003429
MS4A10	-6.824981	0.001085
MS4A13	-5.639710	0.003541
MS4A14	-5.715441	0.003284
MS4A15	-6.647217	0.001296
MS4A2	-3.830636	0.021235
MS4A3	-5.712292	0.003294
MS4A4A	-5.068312	0.006254
MS4A5	-5.851654	0.002867
MS4A6A	-4.717096	0.008862
MS4A6E	-5.293256	0.005000
MS4A7	-5.618473	0.003617
MS4A8	-6.204792	0.002016
MSANTD1	-5.706629	0.003313
MSANTD2	-7.094322	0.000829
MSANTD3	-7.303505	0.000673
MSANTD4	-4.255920	0.013982
MSC	-4.911958	0.007304
MSH2	-2.175749	0.101950
MSH3	1.099738	0.750211
MSH4	-4.333090	0.012957
MSH5	-7.131230	0.000799
MSH6	-1.963734	0.123064
MSI1	-4.265749	0.013847
MSI2	-1.128529	0.244433
MSL2	-3.468018	0.030236
MSL3	-4.671738	0.009269
MSLN	-3.799092	0.021901
MSMB	-3.110125	0.042692
MSMO1	-4.562402	0.010329
MSMP	-3.437711	0.031137
MSN	-3.242850	0.037585
MSR1	-5.194766	0.005515
MSRA	-5.800536	0.003017
MSRB1	-5.574431	0.003779
MSRB2	-4.032788	0.017416
MSRB3	-6.257561	0.001912
MSS51	-6.797935	0.001115
MST1	-3.544686	0.028067
MST1R	-3.618026	0.026134
MSTN	-3.804062	0.021794
MSTO1	-2.190600	0.100598
MSX1	-3.485075	0.029740
MSX2	-5.506563	0.004044
MT1A	-5.025324	0.006527
MT1F	-4.624733	0.009711
MT1H	-4.792420	0.008224
MT1X	-5.210941	0.005427
MT3	-5.260423	0.005166
MT4	-5.798159	0.003024
MTA1	-4.348094	0.012766
MTA2	-3.523819	0.028642
MTA3	-3.538486	0.028237
MTAP	-2.850456	0.054658
MTARC1	-4.520036	0.010771
MTARC2	-5.038198	0.006444
MTBP	-2.979822	0.048346
MTCH1	-7.474957	0.000567
MTCH2	-7.425957	0.000595
MTCL1	-3.658484	0.025124
MTCL2	-4.880997	0.007532
MTCL3	-3.795161	0.021985
MTCP1	-6.454726	0.001571
MTDH	-2.746181	0.060303
MTERF1	-4.326130	0.013046
MTERF2	-4.467694	0.011344
MTERF3	-2.224424	0.097579
MTERF4	-5.332741	0.004808
MTF1	-7.525888	0.000539
MTF2	-2.559077	0.071819
MTFMT	-5.952322	0.002593
MTFP1	-4.583547	0.010115
MTFR1	-7.173156	0.000766
MTFR1L	-3.613565	0.026248
MTFR2	-5.618634	0.003616
MTG1	-7.118232	0.000810
MTG2	-7.697888	0.000454
MTHFD1	-5.550857	0.003869
MTHFD1L	-5.496014	0.004086
MTHFD2	-4.393667	0.012205
MTHFD2L	-4.317187	0.013162
MTHFR	-5.602726	0.003674
MTHFS	-4.319655	0.013130
MTHFSD	-5.311209	0.004912
MTIF2	-7.133181	0.000798
MTIF3	-7.808232	0.000406
MTM1	-2.523777	0.074208
MTMR1	-2.907278	0.051795
MTMR10	-3.495293	0.029446
MTMR11	-4.441716	0.011639
MTMR12	-4.103374	0.016248
MTMR14	-4.108169	0.016172
MTMR2	-3.873969	0.020353
MTMR3	-3.480502	0.029872
MTMR4	-2.958725	0.049326
MTMR6	-4.492309	0.011071
MTMR7	-2.688720	0.063642
MTMR8	-3.987737	0.018204
MTMR9	-1.852290	0.135604
MTNAP1	-7.532356	0.000535
MTNR1A	-4.322285	0.013096
MTNR1B	-3.726570	0.023509
MTO1	-4.842554	0.007825
MTOR	-2.103401	0.108767
MTPAP	-7.318634	0.000663
MTPN	-3.218466	0.038477
MTR	-5.934549	0.002639
MTRES1	-7.762228	0.000425
MTREX	-1.773654	0.145088
MTRF1	-3.743468	0.023124
MTRF1L	-7.040712	0.000875
MTRFR	-7.794329	0.000412
MTRR	-2.336869	0.088115
MTSS1	-3.717783	0.023712
MTSS2	-4.574709	0.010204
MTTP	-3.590931	0.026833
MTURN	-3.975085	0.018432
MTUS1	-3.509271	0.029050
MTUS2	-4.328285	0.013018
MTX1	-3.588092	0.026907
MTX2	-2.562318	0.071603
MTX3	-3.655420	0.025199
MUC1	-3.642170	0.025527
MUC13	-3.335984	0.034357
MUC15	-3.375649	0.033065
MUC16	-5.499824	0.004071
MUC17	-5.625265	0.003593
MUC2	-3.528100	0.028523
MUC20	-4.809506	0.008086
MUC21	-5.935617	0.002637
MUC4	-4.280527	0.013647
MUC7	-3.727594	0.023486
MUCL1	-5.405510	0.004472
MUCL3	-5.885334	0.002772
MUL1	-4.174208	0.015154
MUS81	-2.721990	0.061688
MUSK	-3.475319	0.030023
MUSTN1	-5.715719	0.003283
MUTYH	-3.342623	0.034138
MVB12A	-3.580695	0.027101
MVB12B	-4.328398	0.013017
MVD	-5.444903	0.004300
MVK	-3.594417	0.026742
MVP	-3.474970	0.030033
MX1	-3.763153	0.022684
MX2	-3.463337	0.030374
MXD1	-4.043494	0.017234
MXD3	-3.570319	0.027376
MXD4	-3.472786	0.030097
MXI1	-3.567278	0.027457
MXRA5	-3.464557	0.030338
MXRA7	-6.490262	0.001516
MXRA8	-2.671732	0.064662
MYADM	-5.024409	0.006533
MYB	-3.480557	0.029871
MYBBP1A	-7.515965	0.000544
MYBL1	-3.511242	0.028994
MYBL2	-3.444069	0.030946
MYBPC1	-3.819390	0.021470
MYBPC2	-3.635131	0.025702
MYBPC3	-4.054637	0.017046
MYBPH	-5.999303	0.002474
MYBPHL	-5.968635	0.002551
MYC	-1.144809	0.241438
MYCBP	-3.487840	0.029660
MYCBP2	-3.492966	0.029513
MYCBPAP	-7.522952	0.000540
MYCL	-3.602809	0.026524
MYCN	-3.511908	0.028975
MYCT1	-5.923090	0.002670
MYD88	-2.695284	0.063252
MYDGF	-3.851589	0.020804
MYEF2	-3.772715	0.022473
MYEOV	-7.468811	0.000570
MYF5	-3.427029	0.031461
MYF6	-3.431295	0.031332
MYG1	-5.966396	0.002557
MYH1	-3.401472	0.032249
MYH10	-1.946144	0.124974
MYH11	-3.059647	0.044803
MYH13	-2.642709	0.066440
MYH14	-2.216497	0.098279
MYH2	-3.383765	0.032807
MYH3	-3.011888	0.046892
MYH4	-3.380566	0.032908
MYH6	-3.052873	0.045094
MYH7	-2.497186	0.076056
MYH7B	-3.651720	0.025290
MYH8	-3.258293	0.037030
MYH9	-2.719434	0.061836
MYL1	-2.809777	0.056798
MYL10	-2.369923	0.085495
MYL11	-2.709918	0.062391
MYL12A	-3.137213	0.041598
MYL12B	-3.063109	0.044655
MYL2	-1.539658	0.176585
MYL3	-5.064233	0.006279
MYL4	-2.794225	0.057637
MYL5	-3.037228	0.045772
MYL6	-2.143860	0.104906
MYL6B	-2.319059	0.089557
MYL7	-3.067257	0.044478
MYL9	-2.386959	0.084173
MYLIP	-3.636808	0.025660
MYLK	-2.916882	0.051325
MYLK2	-6.527580	0.001460
MYLK3	-4.413772	0.011965
MYLK4	-6.206754	0.002012
MYMK	-5.109063	0.006005
MYNN	-6.607277	0.001349
MYO10	-3.526186	0.028576
MYO15A	-4.662623	0.009353
MYO16	-3.396321	0.032411
MYO18A	-3.738317	0.023241
MYO18B	-4.839997	0.007845
MYO19	-3.729035	0.023453
MYO1A	-3.506155	0.029138
MYO1B	-2.238058	0.096385
MYO1C	-3.076900	0.044070
MYO1D	-2.193090	0.100373
MYO1E	-2.855816	0.054381
MYO1F	-1.922641	0.127567
MYO1G	-3.658900	0.025114
MYO3A	-3.592115	0.026802
MYO3B	-2.680134	0.064156
MYO5A	-3.475508	0.030017
MYO5B	-2.053049	0.113745
MYO5C	-3.246981	0.037436
MYO6	-3.497478	0.029384
MYO7A	-3.380101	0.032923
MYO7B	-3.620795	0.026064
MYO9A	-3.732550	0.023372
MYO9B	-4.202321	0.014740
MYOC	-3.443389	0.030967
MYOCD	-3.566453	0.027479
MYOD1	-3.404274	0.032162
MYOF	-2.558157	0.071880
MYOG	-3.425904	0.031496
MYOM1	-3.708058	0.023938
MYOM2	-6.430722	0.001609
MYOM3	-5.493239	0.004098
MYORG	-5.347987	0.004735
MYOT	-5.965897	0.002558
MYOZ1	-3.030214	0.046079
MYOZ2	-3.447222	0.030852
MYOZ3	-4.852058	0.007752
MYPN	-3.377739	0.032998
MYPOP	-4.586604	0.010085
MYRF	-3.684670	0.024491
MYRFL	-4.277807	0.013683
MYRIP	-3.706434	0.023976
MYT1	-3.476754	0.029981
MYT1L	-3.444066	0.030946
MZB1	-3.055020	0.045001
MZF1	-4.860549	0.007687
MZT1	0.975418	0.726198
MZT2A	3.838912	0.978936
N4BP1	-5.090534	0.006117
N4BP2	-3.521244	0.028714
N4BP2L1	-4.370532	0.012487
N4BP2L2	-4.155909	0.015430
N4BP3	-5.376162	0.004604
NAA10	-2.298810	0.091222
NAA11	-3.785960	0.022184
NAA15	-6.741379	0.001180
NAA16	-7.361259	0.000635
NAA20	-3.890068	0.020034
NAA25	-1.366454	0.203193
NAA30	-3.472841	0.030095
NAA38	-2.536736	0.073323
NAA40	-5.202857	0.005471
NAA50	-2.266332	0.093950
NAA60	-2.502812	0.075661
NAA80	-5.764922	0.003126
NAAA	-7.542367	0.000530
NAALAD2	-6.084759	0.002272
NAALADL1	-4.597673	0.009975
NAALADL2	-4.595147	0.010000
NAB1	-4.070525	0.016782
NAB2	-4.030701	0.017452
NABP1	-4.718251	0.008852
NABP2	-4.810712	0.008076
NACA	-3.201777	0.039099
NACA2	-3.451285	0.030731
NACC1	-3.510108	0.029026
NACC2	-3.866169	0.020509
NADK	-4.475857	0.011252
NADK2	-6.218468	0.001988
NADSYN1	-5.592356	0.003712
NAE1	-2.947928	0.049835
NAF1	-7.161345	0.000775
NAGA	-4.466033	0.011362
NAGK	-4.722232	0.008817
NAGLU	-4.560420	0.010349
NAGPA	-6.909432	0.000997
NAGS	-5.153188	0.005748
NAIF1	-5.698252	0.003341
NAIP	-2.829139	0.055770
NALCN	-3.664666	0.024973
NALF1	-3.395199	0.032446
NALF2	-3.549114	0.027947
NAMPT	-4.775254	0.008365
NANOG	-3.741582	0.023167
NANOS1	-7.146508	0.000787
NANOS2	-6.414567	0.001635
NANP	-5.805624	0.003002
NANS	-1.250723	0.222575
NAP1L1	-2.714641	0.062115
NAP1L2	-5.855952	0.002855
NAP1L3	-5.398514	0.004503
NAP1L4	-3.338047	0.034289
NAP1L5	-4.462279	0.011404
NAPA	-1.530025	0.177990
NAPB	-1.365760	0.203306
NAPEPLD	-5.572810	0.003785
NAPG	-1.853115	0.135508
NAPRT	-5.035568	0.006460
NAPSA	-4.526106	0.010707
NARF	-5.680810	0.003399
NARS1	-0.828044	0.304059
NARS2	-2.347872	0.087235
NASP	-3.372359	0.033171
NAT1	-6.717564	0.001208
NAT10	-6.462500	0.001558
NAT14	-4.151953	0.015490
NAT16	-6.015999	0.002433
NAT2	-6.653474	0.001288
NAT8	-7.071993	0.000848
NAT8L	-7.405658	0.000607
NAT9	-5.186210	0.005562
NATD1	-5.033831	0.006472
NAV1	-4.657004	0.009406
NAV2	-3.676522	0.024686
NAV3	-4.126469	0.015883
NAXD	-5.540178	0.003910
NAXE	-4.819232	0.008008
NBEA	-3.860667	0.020620
NBL1	-2.840617	0.055168
NBN	-2.219438	0.098018
NBPF1	-5.390059	0.004541
NBPF10	-6.989948	0.000920
NBPF11	-5.772171	0.003103
NBPF14	-6.398369	0.001662
NBPF15	-5.774308	0.003097
NBPF3	-5.546791	0.003885
NBPF8	-5.484007	0.004135
NBR1	-3.543422	0.028102
NCALD	-3.648521	0.025369
NCAM1	-3.520764	0.028727
NCAM2	-3.072667	0.044249
NCAN	-3.552787	0.027847
NCAPD2	-2.267383	0.093861
NCAPD3	-0.381544	0.405755
NCAPG	-0.427823	0.394646
NCAPG2	-2.725936	0.061460
NCAPH	-3.620657	0.026067
NCAPH2	-3.210885	0.038758
NCBP1	-2.046918	0.114364
NCBP2	-2.845643	0.054907
NCBP3	-7.122167	0.000806
NCCRP1	-6.324581	0.001789
NCDN	-4.895614	0.007424
NCEH1	-5.737431	0.003213
NCF1	-1.625676	0.164424
NCF2	-3.263570	0.036842
NCF4	-2.453882	0.079155
NCK1	-3.634659	0.025714
NCK2	-2.391656	0.083811
NCKAP1	-3.678827	0.024631
NCKAP1L	-3.243064	0.037577
NCKAP5	-4.113998	0.016080
NCKAP5L	-4.259139	0.013937
NCKIPSD	-2.449725	0.079459
NCL	-6.277273	0.001875
NCLN	-3.811588	0.021635
NCMAP	-5.292905	0.005002
NCOA1	-2.987581	0.047990
NCOA2	-3.179401	0.039948
NCOA3	-3.231318	0.038004
NCOA4	-3.362360	0.033493
NCOA5	-6.863310	0.001044
NCOA6	-3.446227	0.030882
NCOA7	-5.060819	0.006300
NCOR1	-1.934216	0.126285
NCOR2	-5.315372	0.004891
NCR1	-3.331988	0.034490
NCR2	-3.200329	0.039153
NCR3	-3.023039	0.046396
NCS1	-2.749928	0.060091
NCSTN	-4.268137	0.013814
NDC1	-3.137882	0.041571
NDC80	-2.753199	0.059906
NDE1	-2.696815	0.063162
NDEL1	-2.403840	0.082880
NDFIP1	-6.226485	0.001972
NDFIP2	-6.844085	0.001065
NDN	-3.571872	0.027335
NDNF	-4.611524	0.009839
NDOR1	-1.926405	0.127149
NDP	-3.622166	0.026029
NDRG1	-3.464505	0.030339
NDRG2	-6.457109	0.001567
NDRG3	-5.023837	0.006536
NDRG4	-4.587849	0.010072
NDST1	-4.642366	0.009543
NDST2	-4.558586	0.010368
NDST3	-4.609949	0.009854
NDST4	-4.613315	0.009821
NDUFA1	-6.336095	0.001768
NDUFA10	-5.236313	0.005292
NDUFA11	-4.313193	0.013214
NDUFA12	-6.555217	0.001421
NDUFA13	-5.092219	0.006107
NDUFA2	-6.447136	0.001583
NDUFA5	-3.348753	0.033936
NDUFA6	-7.496293	0.000555
NDUFA7	-5.696914	0.003345
NDUFA8	-7.486156	0.000560
NDUFA9	-3.117956	0.042373
NDUFAB1	-5.414232	0.004433
NDUFAF1	-2.968957	0.048848
NDUFAF2	-7.838544	0.000394
NDUFAF3	-4.554200	0.010413
NDUFAF4	-4.144799	0.015599
NDUFAF5	-1.853833	0.135423
NDUFAF6	-3.570969	0.027359
NDUFAF7	-2.949104	0.049779
NDUFB1	-4.274108	0.013733
NDUFB10	-6.256833	0.001914
NDUFB11	-5.330923	0.004816
NDUFB2	-5.706429	0.003314
NDUFB3	-4.079759	0.016630
NDUFB4	-2.445027	0.079803
NDUFB5	-3.841151	0.021018
NDUFB6	-4.270265	0.013785
NDUFB7	-7.751064	0.000430
NDUFB8	-7.123265	0.000805
NDUFB9	-5.092391	0.006106
NDUFC1	-5.668218	0.003442
NDUFC2	-4.894523	0.007432
NDUFS1	-2.089092	0.110162
NDUFS2	-3.485038	0.029741
NDUFS3	-5.418037	0.004416
NDUFS4	-3.618320	0.026127
NDUFS5	-6.987024	0.000923
NDUFS6	-7.262058	0.000701
NDUFS7	-2.150331	0.104300
NDUFS8	-4.496400	0.011026
NDUFV1	-1.960491	0.123414
NDUFV2	-4.684374	0.009154
NDUFV3	-4.462861	0.011398
NEB	-3.552178	0.027864
NEBL	-3.511264	0.028993
NECAB1	-7.326023	0.000658
NECAB2	-5.800713	0.003016
NECAB3	-5.492984	0.004099
NECAP1	-3.386643	0.032716
NECAP2	-1.882892	0.132057
NECTIN1	-2.968746	0.048858
NECTIN3	-2.043274	0.114734
NECTIN4	-3.297753	0.035648
NEDD1	-3.021949	0.046444
NEDD4	-1.874477	0.133025
NEDD4L	-2.545961	0.072698
NEDD8	-1.512177	0.180616
NEDD9	-3.623867	0.025986
NEFH	-4.246399	0.014114
NEFL	-3.421667	0.031625
NEFM	-2.330028	0.088666
NEGR1	-3.619574	0.026095
NEIL1	-3.399663	0.032306
NEIL2	-4.862300	0.007673
NEIL3	-3.842012	0.021000
NEK1	-4.407927	0.012034
NEK10	-3.471728	0.030127
NEK11	-1.754877	0.147433
NEK2	-3.481918	0.029831
NEK3	-5.128913	0.005888
NEK4	-3.055275	0.044990
NEK5	-6.876277	0.001031
NEK6	-3.478897	0.029919
NEK7	-2.305528	0.090666
NEK8	-3.559076	0.027677
NEK9	-2.898392	0.052233
NELFA	-1.580504	0.170724
NELFB	-7.038432	0.000877
NELFCD	-3.619975	0.026085
NELFE	-1.926354	0.127155
NELL1	-3.604269	0.026487
NELL2	-3.541652	0.028150
NEMF	-7.744047	0.000433
NEMP1	-5.146699	0.005785
NENF	-4.942592	0.007086
NEO1	-3.208775	0.038837
NES	-2.935458	0.050428
NET1	-5.183667	0.005576
NETO1	-3.607842	0.026395
NETO2	-3.609383	0.026355
NEU1	-4.568765	0.010264
NEU2	-5.475185	0.004172
NEU3	-6.158192	0.002112
NEU4	-5.122730	0.005924
NEURL1	-4.375893	0.012421
NEURL2	-3.907718	0.019691
NEURL4	-3.394490	0.032468
NEUROD1	-3.993683	0.018098
NEUROD2	-3.914567	0.019559
NEUROD4	-4.383138	0.012332
NEUROD6	-4.383846	0.012324
NEUROG1	-3.556126	0.027757
NEUROG2	-3.566933	0.027467
NEUROG3	-3.673245	0.024765
NEXMIF	-4.264518	0.013864
NEXN	-5.922026	0.002673
NF1	-3.370097	0.033243
NF2	-3.385412	0.032754
NFAM1	-2.491831	0.076433
NFASC	-3.307698	0.035308
NFAT5	-3.819384	0.021470
NFATC1	-3.533422	0.028376
NFATC2	-3.486988	0.029685
NFATC2IP	-3.365800	0.033382
NFATC3	-3.449356	0.030788
NFATC4	-3.963807	0.018637
NFE2	-3.496489	0.029412
NFE2L1	-3.387747	0.032681
NFE2L2	-3.445876	0.030892
NFE2L3	-3.310618	0.035209
NFIA	-3.590611	0.026841
NFIB	-3.874531	0.020342
NFIC	-3.389651	0.032620
NFIL3	-3.720315	0.023653
NFIX	-3.494989	0.029455
NFKB1	-3.708305	0.023932
NFKB2	-3.505957	0.029143
NFKBIA	-3.353773	0.033772
NFKBIB	-3.513361	0.028934
NFKBID	-5.867599	0.002822
NFKBIE	-3.660474	0.025075
NFKBIL1	-3.748160	0.023019
NFKBIZ	-3.953049	0.018835
NFRKB	-6.044286	0.002366
NFS1	-3.297723	0.035649
NFU1	-4.258058	0.013952
NFX1	-3.500116	0.029309
NFXL1	-3.447269	0.030850
NFYA	-3.659212	0.025106
NFYB	-3.529063	0.028497
NFYC	-3.589406	0.026873
NGB	-3.274466	0.036458
NGDN	-7.377929	0.000625
NGEF	-3.746777	0.023050
NGF	-2.912497	0.051539
NGFR	-3.270934	0.036582
NGLY1	-3.141010	0.041447
NGRN	-7.759715	0.000426
NHEJ1	-1.059137	0.257474
NHERF1	-3.313816	0.035100
NHERF2	-3.351480	0.033847
NHERF4	-3.477558	0.029958
NHLH1	-4.131809	0.015800
NHLH2	-4.491809	0.011076
NHLRC1	-3.563198	0.027567
NHLRC3	-5.366955	0.004647
NHLRC4	-5.341568	0.004766
NHP2	-5.673730	0.003423
NHS	-4.185619	0.014985
NHSL2	-3.951295	0.018867
NHSL3	-4.907240	0.007339
NIBAN1	-4.898980	0.007399
NIBAN2	-5.247097	0.005235
NIBAN3	-5.260451	0.005166
NICN1	-1.872794	0.133219
NID1	-3.602191	0.026540
NID2	-3.551410	0.027884
NIF3L1	-3.457719	0.030539
NIFK	-6.458484	0.001565
NIM1K	-3.720663	0.023645
NIN	-4.189278	0.014931
NINJ1	-5.170621	0.005649
NINJ2	-5.147928	0.005778
NINL	-5.501800	0.004063
NIP7	-0.830500	0.303539
NIPA1	-6.462287	0.001559
NIPA2	-5.285692	0.005038
NIPAL1	-5.914877	0.002692
NIPAL2	-6.202725	0.002020
NIPAL3	-5.943611	0.002616
NIPBL	-4.326075	0.013047
NIPSNAP1	-4.321933	0.013100
NIPSNAP2	-3.249043	0.037361
NIPSNAP3A	-5.586011	0.003736
NIPSNAP3B	-5.170573	0.005649
NISCH	-4.233126	0.014300
NIT1	-7.177075	0.000763
NIT2	-5.769522	0.003112
NKAIN1	-4.457632	0.011457
NKAIN2	-4.354231	0.012689
NKAIN3	-4.237190	0.014242
NKAIN4	-4.405277	0.012065
NKAP	-7.447786	0.000582
NKAPD1	-7.424047	0.000596
NKAPL	-6.191025	0.002044
NKD1	-4.051656	0.017096
NKD2	-5.006455	0.006650
NKG7	-5.005780	0.006655
NKIRAS1	-5.124426	0.005914
NKIRAS2	-4.959282	0.006969
NKPD1	-3.597634	0.026658
NKRF	-2.866554	0.053832
NKTR	-7.503641	0.000551
NKX2-1	-3.383013	0.032831
NKX2-2	-4.267779	0.013819
NKX2-3	-3.494436	0.029471
NKX2-5	-4.376205	0.012417
NKX2-8	-4.188715	0.014939
NKX3-1	-3.579605	0.027130
NKX3-2	-4.470890	0.011308
NKX6-1	-5.696737	0.003346
NLE1	-5.833979	0.002918
NLGN1	-3.296113	0.035705
NLGN2	-3.486325	0.029704
NLGN3	-3.531790	0.028421
NLGN4X	-3.492401	0.029529
NLGN4Y	-3.561166	0.027621
NLK	-3.292912	0.035815
NLN	-4.923381	0.007222
NLRC3	-4.239766	0.014206
NLRC4	-3.590941	0.026833
NLRC5	-3.077538	0.044043
NLRP1	-3.657574	0.025146
NLRP10	-6.513122	0.001482
NLRP11	-5.623844	0.003598
NLRP12	-4.189285	0.014931
NLRP13	-4.036663	0.017350
NLRP14	-3.775188	0.022419
NLRP2	-3.779327	0.022328
NLRP3	-2.681136	0.064096
NLRP4	-3.811695	0.021632
NLRP5	-4.453135	0.011508
NLRP6	-2.804359	0.057089
NLRP7	-4.599113	0.009961
NLRP8	-3.991339	0.018140
NLRP9	-3.453337	0.030669
NLRX1	-3.285374	0.036076
NMB	-3.445219	0.030912
NMBR	-3.477243	0.029967
NMD3	-7.099359	0.000825
NME1	-4.077927	0.016660
NME1-NME2	-1.962529	0.123194
NME2	-3.489836	0.029603
NME3	-2.811811	0.056689
NME4	-1.871738	0.133341
NME5	0.183483	0.545742
NME6	-3.093401	0.043380
NME7	2.581254	0.929645
NME8	-2.619423	0.067899
NME9	-2.162969	0.103126
NMI	-3.247084	0.037432
NMNAT1	-4.060089	0.016955
NMNAT2	-6.362735	0.001722
NMNAT3	-6.390887	0.001674
NMRAL1	-4.440161	0.011657
NMRK1	-6.061794	0.002325
NMRK2	-3.870608	0.020420
NMS	-3.513426	0.028933
NMT1	-3.432934	0.031282
NMT2	-3.283867	0.036129
NMU	-3.363526	0.033455
NMUR1	-3.393335	0.032504
NMUR2	-3.421910	0.031618
NNAT	-6.857533	0.001050
NNMT	-7.004173	0.000907
NNT	-4.179181	0.015080
NOA1	-4.767002	0.008434
NOB1	-7.528111	0.000537
NOBOX	-4.271021	0.013775
NOC2L	-7.826156	0.000399
NOC3L	-7.846423	0.000391
NOC4L	-0.707619	0.330125
NOCT	-6.866939	0.001041
NOD1	-3.786265	0.022177
NOD2	-2.362412	0.086084
NODAL	-2.914344	0.051449
NOG	-2.930236	0.050679
NOL10	-6.584726	0.001379
NOL11	-3.787779	0.022144
NOL12	-4.907198	0.007339
NOL3	-3.848124	0.020875
NOL4	-3.886315	0.020108
NOL4L	-3.781915	0.022272
NOL6	-3.003351	0.047275
NOL8	-3.407409	0.032065
NOL9	-4.646487	0.009504
NOLC1	-7.469954	0.000570
NOM1	-6.761208	0.001156
NOMO1	-2.959752	0.049278
NOMO2	-2.947063	0.049875
NOMO3	-2.962962	0.049127
NONO	-3.290825	0.035887
NOP10	-5.077107	0.006199
NOP14	-7.698091	0.000453
NOP16	-6.903215	0.001004
NOP2	-7.621229	0.000490
NOP53	-4.377905	0.012396
NOP56	-7.024826	0.000889
NOP58	-5.441933	0.004312
NOP9	-7.732219	0.000438
NOPCHAP1	-7.480540	0.000564
NOS1	-3.663572	0.025000
NOS1AP	-3.021456	0.046466
NOS2	-5.146549	0.005786
NOS3	-4.153576	0.015465
NOSIP	-3.818146	0.021496
NOSTRIN	-3.705840	0.023990
NOTCH1	-3.481017	0.029857
NOTCH2	-3.784345	0.022219
NOTCH2NLA	-4.442763	0.011627
NOTCH3	-3.730830	0.023412
NOTCH4	-4.099380	0.016312
NOTUM	-5.276408	0.005085
NOVA1	-6.053237	0.002345
NOVA2	-6.571681	0.001397
NOX1	-3.784572	0.022214
NOX3	-4.280688	0.013644
NOX4	-3.683422	0.024520
NOX5	-3.674756	0.024729
NOXA1	-2.294997	0.091538
NOXO1	-3.821415	0.021428
NOXRED1	-5.367829	0.004643
NPAP1	-4.621120	0.009746
NPAS1	-4.358217	0.012639
NPAS2	-3.446892	0.030862
NPAS3	-2.861146	0.054108
NPAS4	-3.470773	0.030155
NPAT	-3.332299	0.034480
NPBWR1	-3.401613	0.032245
NPBWR2	-3.423489	0.031569
NPC1	-4.227179	0.014384
NPC1L1	-3.856675	0.020701
NPC2	-3.828504	0.021279
NPDC1	-3.464572	0.030337
NPEPL1	-1.298525	0.214413
NPEPPS	-4.907025	0.007340
NPFF	-3.410224	0.031977
NPFFR1	-3.374317	0.033108
NPFFR2	-3.290798	0.035888
NPHP1	-2.720748	0.061760
NPHP3	-3.453114	0.030676
NPHP4	-3.860397	0.020625
NPHS1	-3.615885	0.026189
NPHS2	-4.704646	0.008972
NPIPA1	-7.527354	0.000538
NPIPB15	-7.098938	0.000825
NPIPB5	-7.695395	0.000455
NPIPB7	-7.501798	0.000552
NPL	-7.450116	0.000581
NPLOC4	-2.581758	0.070322
NPM1	-3.589276	0.026876
NPM2	-4.582059	0.010130
NPM3	-6.974991	0.000934
NPNT	-3.369019	0.033278
NPPA	-3.497426	0.029386
NPPB	-3.641541	0.025542
NPPC	-3.716322	0.023746
NPR1	-3.385117	0.032764
NPR2	-3.310486	0.035213
NPR3	-2.967796	0.048902
NPRL2	-2.421794	0.081526
NPRL3	-3.449872	0.030773
NPS	-4.841385	0.007834
NPSR1	-3.414285	0.031852
NPTN	-3.088843	0.043570
NPTX1	-4.544618	0.010513
NPTX2	-4.610158	0.009852
NPTXR	-3.726731	0.023506
NPVF	-3.451298	0.030730
NPY	-3.341226	0.034184
NPY1R	-3.408997	0.032015
NPY2R	-3.460265	0.030464
NPY4R	-3.232101	0.037975
NPY5R	-3.179282	0.039953
NQO1	-5.834823	0.002915
NQO2	-6.744564	0.001176
NR0B1	-3.197456	0.039262
NR0B2	-3.544866	0.028062
NR1D1	-4.060586	0.016947
NR1D2	-4.379223	0.012380
NR1H2	-3.594489	0.026740
NR1H3	-4.945357	0.007066
NR1H4	-3.443661	0.030958
NR1I2	-3.519219	0.028770
NR1I3	-3.496769	0.029404
NR2C1	-3.574944	0.027253
NR2C2	-3.454477	0.030636
NR2C2AP	-3.610183	0.026335
NR2E1	-3.540715	0.028176
NR2E3	-3.521163	0.028716
NR2F1	-3.945622	0.018972
NR2F2	-3.577965	0.027173
NR2F6	-4.089273	0.016475
NR3C1	-3.431988	0.031311
NR3C2	-3.442731	0.030986
NR4A1	-3.668716	0.024875
NR4A2	-3.555968	0.027761
NR4A3	-3.640642	0.025565
NR5A1	-3.504251	0.029192
NR5A2	-3.581042	0.027092
NR6A1	-3.507799	0.029091
NRAP	-4.889894	0.007466
NRARP	-6.655225	0.001286
NRAS	-3.604760	0.026474
NRBF2	-1.487513	0.184295
NRBP1	-3.516054	0.028859
NRBP2	-3.438603	0.031111
NRCAM	-3.034503	0.045891
NRDC	-4.598048	0.009971
NRDE2	-7.046255	0.000870
NREP	-6.211049	0.002003
NRF1	-5.620355	0.003610
NRG1	-3.647021	0.025406
NRG2	-3.391013	0.032577
NRG3	-3.606363	0.026433
NRG4	-5.540174	0.003910
NRGN	-5.537340	0.003922
NRIP1	-5.658603	0.003475
NRIP2	-7.326406	0.000658
NRIP3	-6.744634	0.001176
NRK	-2.976439	0.048502
NRL	-3.726987	0.023500
NRM	-5.836904	0.002909
NRN1	-3.075588	0.044126
NRN1L	-3.505692	0.029151
NRP1	-3.613685	0.026245
NRP2	-3.711747	0.023852
NRROS	-2.927967	0.050788
NRSN1	-6.508708	0.001488
NRSN2	-5.347074	0.004739
NRXN1	-3.657516	0.025148
NRXN2	-3.721896	0.023617
NRXN3	-3.430947	0.031342
NSA2	-7.452460	0.000580
NSD1	-3.600100	0.026594
NSD2	-3.725148	0.023542
NSD3	-3.865323	0.020526
NSDHL	-5.007531	0.006643
NSF	-1.514169	0.180322
NSFL1C	-3.214663	0.038618
NSG1	-2.314576	0.089923
NSG2	-5.489904	0.004111
NSL1	-3.470255	0.030171
NSMAF	-2.005589	0.118617
NSMCE1	-3.174086	0.040153
NSMCE2	-2.770562	0.058936
NSMCE3	-1.925272	0.127275
NSMCE4A	-3.185944	0.039698
NSMF	-5.154176	0.005742
NSRP1	-7.068689	0.000851
NSUN2	-7.431715	0.000592
NSUN3	-4.263828	0.013873
NSUN4	-5.081579	0.006172
NSUN5	-3.644501	0.025469
NSUN6	-7.385353	0.000620
NSUN7	-4.631536	0.009646
NT5C	-5.268108	0.005127
NT5C1A	-7.537225	0.000533
NT5C1B	-7.523724	0.000540
NT5C2	-5.983850	0.002513
NT5C3A	-6.129388	0.002173
NT5C3B	-5.902661	0.002725
NT5DC1	-6.411539	0.001640
NT5DC2	-6.580163	0.001386
NT5DC3	-6.824720	0.001085
NT5E	-2.499675	0.075881
NT5M	-5.130276	0.005880
NTAN1	-4.402759	0.012095
NTAQ1	-4.949920	0.007034
NTF3	-2.940133	0.050205
NTF4	-3.135441	0.041669
NTHL1	-3.558563	0.027691
NTM	-3.438176	0.031123
NTMT1	-5.286262	0.005035
NTN1	-3.464027	0.030353
NTN3	-4.063519	0.016898
NTN4	-3.452213	0.030703
NTN5	-4.651535	0.009457
NTNG1	-3.449191	0.030793
NTNG2	-3.676170	0.024695
NTPCR	-7.535835	0.000533
NTRK1	-2.779534	0.058440
NTRK2	-2.973844	0.048622
NTRK3	-2.974162	0.048607
NTS	-3.581121	0.027090
NTSR1	-3.417516	0.031753
NTSR2	-3.198045	0.039239
NUAK1	-3.056622	0.044932
NUAK2	-5.357771	0.004689
NUB1	-3.483810	0.029776
NUBP1	-5.236463	0.005291
NUBP2	-4.513594	0.010840
NUBPL	-2.398572	0.083282
NUCB1	-3.182853	0.039816
NUCB2	-3.500325	0.029303
NUCKS1	-4.027879	0.017500
NUDC	-2.492760	0.076367
NUDCD1	-1.785100	0.143675
NUDCD2	-2.752290	0.059957
NUDCD3	-2.581891	0.070313
NUDT1	-5.411526	0.004445
NUDT10	-5.529605	0.003952
NUDT11	-5.434802	0.004343
NUDT12	-4.105310	0.016218
NUDT13	-3.584724	0.026995
NUDT14	-5.367707	0.004643
NUDT15	-4.604139	0.009911
NUDT16	-4.107165	0.016188
NUDT16L1	-5.182210	0.005584
NUDT17	-5.551301	0.003867
NUDT18	-4.272753	0.013752
NUDT2	-6.766744	0.001150
NUDT21	-7.680741	0.000461
NUDT22	-6.279348	0.001871
NUDT3	-4.821110	0.007993
NUDT4	-6.940538	0.000967
NUDT5	-3.578915	0.027148
NUDT6	-4.068666	0.016813
NUDT8	-5.663158	0.003460
NUDT9	-5.270429	0.005115
NUF2	-1.768157	0.145772
NUFIP1	-6.160746	0.002106
NUFIP2	-3.777168	0.022375
NUMA1	-2.300108	0.091114
NUMB	-3.470215	0.030172
NUMBL	-3.576003	0.027225
NUP107	-3.387208	0.032698
NUP133	-3.220088	0.038417
NUP153	-3.470648	0.030159
NUP155	-2.613600	0.068268
NUP160	-3.472321	0.030110
NUP188	-2.381054	0.084629
NUP205	-2.175511	0.101971
NUP210	-4.875277	0.007575
NUP210L	-5.347310	0.004738
NUP214	-2.210687	0.098795
NUP35	-2.525826	0.074067
NUP37	-1.819389	0.139507
NUP42	-2.661267	0.065298
NUP43	3.682066	0.975447
NUP50	-3.189003	0.039582
NUP54	-1.943094	0.125308
NUP58	-2.620153	0.067853
NUP62	-2.791845	0.057766
NUP62CL	-2.844262	0.054979
NUP85	-2.391566	0.083818
NUP88	-2.205904	0.099222
NUP93	-2.101262	0.108974
NUP98	-2.549392	0.072467
NUPR1	-4.009107	0.017826
NUS1	-4.556942	0.010385
NUSAP1	-3.463021	0.030383
NUTF2	-2.936450	0.050381
NUTM1	-5.263200	0.005152
NUTM2G	-6.753008	0.001166
NVL	-1.352664	0.205435
NWD1	-4.638801	0.009577
NXF1	-1.131203	0.243939
NXF3	-3.046286	0.045378
NXN	-3.151973	0.041014
NXNL1	-4.742723	0.008640
NXNL2	-5.458937	0.004240
NXPE1	-5.670530	0.003434
NXPE2	-6.801209	0.001111
NXPE3	-5.967257	0.002555
NXPE4	-5.722899	0.003260
NXPH1	-4.737050	0.008688
NXPH2	-4.877400	0.007559
NXPH3	-4.751004	0.008569
NXPH4	-4.691253	0.009092
NXT1	2.573205	0.929117
NXT2	1.828009	0.861524
NYAP1	-5.669717	0.003437
NYNRIN	-6.682230	0.001251
NYX	-3.492024	0.029540
OAF	-6.416482	0.001632
OARD1	-7.402127	0.000610
OAS1	-5.021130	0.006554
OAS2	-4.614752	0.009808
OAS3	-2.786186	0.058075
OASL	-4.024187	0.017564
OAT	-5.588486	0.003727
OAZ1	-1.629990	0.163832
OAZ2	-2.369278	0.085546
OAZ3	-2.293234	0.091685
OBI1	-3.511089	0.028998
OBP2A	-4.162731	0.015326
OBP2B	-4.975057	0.006861
OBSCN	-4.340198	0.012866
OBSL1	-3.095958	0.043274
OC90	-4.019404	0.017647
OCA2	-5.243921	0.005252
OCEL1	-4.783350	0.008298
OCIAD1	-3.281758	0.036202
OCIAD2	-3.791357	0.022067
OCLN	-2.161389	0.103272
OCM2	-5.138378	0.005833
OCRL	-3.462147	0.030409
ODAD1	-2.381448	0.084598
ODAD2	-3.520365	0.028738
ODAD3	-2.333430	0.088392
ODAD4	-5.098754	0.006067
ODAM	-4.622323	0.009734
ODAPH	-4.074963	0.016709
ODC1	-2.400607	0.083126
ODF1	-3.523006	0.028665
ODF2	-4.555227	0.010403
ODF2L	-4.824082	0.007970
ODF4	-5.127624	0.005896
ODR4	-1.304089	0.213478
OFD1	-2.944382	0.050003
OGA	-3.485896	0.029716
OGDH	-4.069339	0.016802
OGDHL	-4.209953	0.014630
OGFOD1	-3.508135	0.029082
OGFOD2	-5.374457	0.004612
OGFOD3	-3.987630	0.018206
OGFR	-7.091669	0.000831
OGFRL1	-6.175003	0.002076
OGG1	-3.540972	0.028169
OGN	-5.013527	0.006604
OGT	-3.836004	0.021124
OIP5	-3.543185	0.028108
OIT3	-4.095572	0.016374
OLA1	-7.032629	0.000882
OLAH	-6.473398	0.001542
OLFM1	-4.564303	0.010310
OLFM2	-4.378594	0.012388
OLFM3	-4.389342	0.012257
OLFM4	-5.288925	0.005022
OLFML1	-4.908448	0.007330
OLFML2A	-4.697848	0.009033
OLFML2B	-4.230064	0.014343
OLFML3	-4.958227	0.006976
OLIG1	-3.731393	0.023399
OLIG2	-3.215692	0.038579
OLIG3	-4.357533	0.012648
OLR1	-3.357645	0.033646
OMA1	-3.757376	0.022812
OMD	-4.742958	0.008638
OMG	-3.012613	0.046859
OMP	-5.960873	0.002571
ONECUT1	-3.485895	0.029716
ONECUT2	-3.592231	0.026799
ONECUT3	-4.236073	0.014258
OOEP	-7.306569	0.000671
OOSP2	-5.946531	0.002608
OPA1	-2.068244	0.112222
OPA3	-4.476235	0.011248
OPALIN	-6.048667	0.002355
OPCML	-3.433829	0.031255
OPHN1	-3.070715	0.044332
OPLAH	-5.434946	0.004343
OPN1LW	-4.569404	0.010258
OPN1MW	-4.462873	0.011398
OPN1MW2	-4.462873	0.011398
OPN1SW	-3.997038	0.018039
OPN3	-3.122891	0.042173
OPN4	-2.858655	0.054236
OPN5	-3.352037	0.033829
OPRD1	-3.426435	0.031479
OPRK1	-3.565447	0.027506
OPRL1	-3.411505	0.031938
OPRM1	-3.454875	0.030624
OPRPN	-5.116856	0.005959
OPTC	-4.306816	0.013297
OPTN	-3.640225	0.025575
OR10A2	-5.235428	0.005296
OR10A3	-5.542560	0.003901
OR10A4	-5.172462	0.005639
OR10A5	-5.195468	0.005511
OR10A6	-5.544628	0.003893
OR10A7	-5.440268	0.004320
OR10AD1	-5.595108	0.003702
OR10AG1	-5.040618	0.006428
OR10C1	-5.486312	0.004126
OR10G3	-5.549008	0.003876
OR10G4	-5.383652	0.004570
OR10G8	-5.617511	0.003621
OR10G9	-5.252235	0.005209
OR10H1	-5.471915	0.004186
OR10H2	-5.554089	0.003857
OR10H3	-5.603267	0.003672
OR10H4	-5.608451	0.003653
OR10H5	-5.520934	0.003986
OR10J1	-5.078543	0.006190
OR10J5	-5.560722	0.003831
OR10K1	-5.515067	0.004010
OR10K2	-5.340489	0.004771
OR10P1	-5.774925	0.003095
OR10Q1	-4.742051	0.008645
OR10R2	-5.473188	0.004180
OR10S1	-5.530342	0.003949
OR10T2	-5.425261	0.004385
OR10V1	-5.588130	0.003728
OR10W1	-5.668611	0.003441
OR10X1	-5.417130	0.004420
OR10Z1	-5.198101	0.005497
OR11A1	-5.643855	0.003527
OR11G2	-5.605770	0.003663
OR11H1	-5.516325	0.004004
OR11H12	-5.505004	0.004050
OR11H4	-5.728405	0.003242
OR11H6	-5.671376	0.003431
OR11L1	-5.444458	0.004302
OR12D2	-5.580854	0.003755
OR12D3	-5.348372	0.004733
OR13A1	-5.488089	0.004119
OR13C2	-5.527415	0.003961
OR13C3	-5.389190	0.004545
OR13C4	-5.667060	0.003446
OR13C5	-5.562267	0.003825
OR13C8	-5.628438	0.003581
OR13C9	-5.590891	0.003718
OR13D1	-5.452605	0.004267
OR13F1	-5.745314	0.003188
OR13G1	-5.599448	0.003686
OR13H1	-5.391129	0.004536
OR13J1	-5.554934	0.003853
OR14A16	-5.329403	0.004824
OR14C36	-5.248196	0.005230
OR14I1	-5.375510	0.004607
OR14J1	-5.571172	0.003792
OR14K1	-4.951428	0.007024
OR1A1	-5.468103	0.004201
OR1A2	-5.513572	0.004015
OR1B1	-5.531081	0.003946
OR1C1	-5.595966	0.003699
OR1D2	-5.306548	0.004935
OR1D4	-5.368138	0.004641
OR1D5	-5.368224	0.004641
OR1E1	-5.472497	0.004183
OR1E2	-5.461487	0.004229
OR1F1	-5.568725	0.003801
OR1G1	-5.550959	0.003869
OR1I1	-5.477847	0.004161
OR1J1	-5.326802	0.004836
OR1J2	-5.511634	0.004023
OR1J4	-5.414802	0.004431
OR1K1	-5.658847	0.003474
OR1L1	-5.142980	0.005806
OR1L3	-4.978049	0.006840
OR1L4	-5.530932	0.003947
OR1L6	-5.266418	0.005136
OR1L8	-3.551005	0.027895
OR1M1	-5.545900	0.003888
OR1N1	-5.589956	0.003721
OR1N2	-4.363466	0.012574
OR1Q1	-5.622416	0.003603
OR1S1	-5.472421	0.004183
OR1S2	-5.339384	0.004776
OR2A1	-5.464703	0.004216
OR2A12	-5.559484	0.003836
OR2A14	-5.499163	0.004074
OR2A2	-5.455241	0.004256
OR2A25	-5.300804	0.004963
OR2A4	-5.488335	0.004118
OR2A42	-5.470348	0.004192
OR2A5	-5.499919	0.004070
OR2A7	-5.461835	0.004228
OR2AE1	-5.400638	0.004493
OR2AG1	-5.704607	0.003320
OR2AG2	-5.666158	0.003449
OR2AK2	-5.368696	0.004639
OR2AT4	-5.597449	0.003694
OR2B11	-5.328748	0.004827
OR2B2	-5.546135	0.003887
OR2B3	-5.582817	0.003748
OR2B6	-5.186240	0.005562
OR2C1	-5.589499	0.003723
OR2C3	-5.639509	0.003542
OR2D2	-5.543733	0.003897
OR2D3	-5.298532	0.004974
OR2F1	-5.372840	0.004619
OR2F2	-5.294984	0.004992
OR2G2	-5.174659	0.005626
OR2G3	-5.208313	0.005441
OR2G6	-5.574954	0.003777
OR2H1	-5.258714	0.005175
OR2H2	-5.473377	0.004179
OR2J2	-4.958069	0.006977
OR2J3	-5.492867	0.004099
OR2K2	-5.437242	0.004333
OR2L13	-5.805556	0.003002
OR2L2	-5.601060	0.003680
OR2L3	-5.444970	0.004299
OR2L8	-5.499257	0.004073
OR2M2	-5.443777	0.004305
OR2M4	-5.463642	0.004220
OR2M7	-5.527875	0.003959
OR2S2	-5.617918	0.003619
OR2T1	-5.413894	0.004435
OR2T10	-5.617614	0.003620
OR2T11	-5.560045	0.003834
OR2T12	-5.501286	0.004065
OR2T2	-5.574167	0.003780
OR2T27	-5.695412	0.003350
OR2T29	-5.670452	0.003434
OR2T3	-5.536059	0.003927
OR2T33	-5.525011	0.003970
OR2T34	-5.559395	0.003836
OR2T35	-5.575891	0.003774
OR2T4	-5.645484	0.003521
OR2T5	-5.666588	0.003448
OR2T6	-5.468439	0.004200
OR2T8	-5.505572	0.004048
OR2V2	-5.613322	0.003636
OR2W1	-4.724920	0.008793
OR2W3	-5.492476	0.004101
OR2Y1	-5.525669	0.003967
OR2Z1	-5.581005	0.003755
OR3A1	-5.581993	0.003751
OR3A2	-5.468389	0.004200
OR3A3	-5.622360	0.003603
OR4A15	-5.566408	0.003810
OR4A16	-5.578936	0.003762
OR4A47	-5.542110	0.003903
OR4A5	-5.431406	0.004358
OR4B1	-5.417769	0.004417
OR4C11	-5.525451	0.003968
OR4C12	-5.595684	0.003700
OR4C15	-5.468755	0.004199
OR4C16	-5.396549	0.004512
OR4C3	-5.387419	0.004553
OR4C45	-5.489497	0.004113
OR4C46	-5.391502	0.004534
OR4C6	-5.434202	0.004346
OR4D1	-5.529632	0.003952
OR4D10	-5.489233	0.004114
OR4D11	-5.499306	0.004073
OR4D2	-5.544144	0.003895
OR4D5	-5.528814	0.003955
OR4D6	-5.624879	0.003594
OR4D9	-5.583358	0.003746
OR4E2	-5.312458	0.004906
OR4F15	-5.421895	0.004399
OR4F16	-5.610986	0.003644
OR4F17	-5.301886	0.004957
OR4F21	-5.610173	0.003647
OR4F29	-5.610986	0.003644
OR4F3	-5.610986	0.003644
OR4F5	-5.281187	0.005061
OR4F6	-5.496974	0.004082
OR4K1	-5.266867	0.005133
OR4K13	-5.479198	0.004155
OR4K14	-5.536228	0.003926
OR4K15	-5.555198	0.003852
OR4K17	-5.329652	0.004822
OR4K2	-5.380829	0.004583
OR4K5	-5.434410	0.004345
OR4L1	-5.502622	0.004060
OR4M1	-5.444944	0.004300
OR4N2	-5.260346	0.005167
OR4N4	-5.539013	0.003915
OR4N5	-5.315837	0.004889
OR4P4	-5.632853	0.003566
OR4Q3	-5.487794	0.004120
OR4S1	-5.266347	0.005136
OR4S2	-5.580143	0.003758
OR4X1	-5.449358	0.004281
OR4X2	-5.389411	0.004544
OR51A2	-5.276677	0.005083
OR51A4	-5.294855	0.004992
OR51A7	-5.462667	0.004224
OR51B2	-5.429667	0.004365
OR51B4	-5.369106	0.004637
OR51B5	-5.334175	0.004801
OR51B6	-6.026040	0.002409
OR51D1	-5.608397	0.003654
OR51E1	-5.537535	0.003921
OR51E2	-5.358856	0.004684
OR51F1	-5.385952	0.004560
OR51F2	-5.441398	0.004315
OR51G1	-5.596194	0.003698
OR51G2	-5.437046	0.004333
OR51I1	-5.678955	0.003405
OR51I2	-5.778672	0.003083
OR51L1	-5.455836	0.004253
OR51M1	-5.318841	0.004875
OR51Q1	-5.476203	0.004168
OR51S1	-5.549029	0.003876
OR51T1	-5.339843	0.004774
OR51V1	-5.409626	0.004453
OR52A1	-5.542764	0.003900
OR52A5	-5.421379	0.004402
OR52B2	-5.363914	0.004661
OR52B4	-5.350484	0.004723
OR52B6	-5.837809	0.002907
OR52D1	-5.352976	0.004712
OR52E2	-5.654355	0.003490
OR52E4	-5.426832	0.004378
OR52E6	-6.157681	0.002113
OR52H1	-5.371789	0.004624
OR52I2	-5.441893	0.004313
OR52J3	-5.553012	0.003861
OR52K1	-5.636635	0.003552
OR52K2	-5.688073	0.003375
OR52L1	-5.396481	0.004512
OR52M1	-5.452147	0.004269
OR52N1	-5.534115	0.003934
OR52N2	-5.705515	0.003317
OR52N4	-5.492099	0.004102
OR52N5	-5.837978	0.002906
OR52R1	-5.521476	0.003984
OR52W1	-5.841269	0.002897
OR56A1	-5.422552	0.004396
OR56A3	-5.398066	0.004505
OR56A4	-5.720310	0.003268
OR56B1	-5.274787	0.005093
OR56B4	-5.462967	0.004223
OR5A1	-5.364582	0.004658
OR5A2	-5.526521	0.003964
OR5AC2	-5.341947	0.004764
OR5AK2	-5.455016	0.004257
OR5AN1	-5.430962	0.004360
OR5AP2	-5.349965	0.004726
OR5AR1	-5.601223	0.003680
OR5AS1	-5.556221	0.003848
OR5AU1	-5.818363	0.002964
OR5B12	-5.264332	0.005146
OR5B17	-5.432684	0.004352
OR5B2	-5.605142	0.003665
OR5B21	-5.555865	0.003850
OR5B3	-5.553236	0.003860
OR5C1	-5.224201	0.005356
OR5D13	-5.587185	0.003732
OR5D14	-5.476005	0.004169
OR5D16	-5.464567	0.004216
OR5D18	-5.576574	0.003771
OR5F1	-5.618716	0.003616
OR5H1	-5.477896	0.004161
OR5H14	-5.101983	0.006048
OR5H15	-5.321386	0.004862
OR5H2	-5.597205	0.003695
OR5H6	-5.319628	0.004871
OR5I1	-5.453852	0.004262
OR5J2	-5.467662	0.004203
OR5K1	-4.500522	0.010981
OR5K2	-4.778129	0.008342
OR5K3	-4.386282	0.012294
OR5K4	-4.289527	0.013526
OR5L1	-5.606410	0.003661
OR5M1	-5.281498	0.005059
OR5M10	-5.586011	0.003736
OR5M11	-5.538397	0.003917
OR5M3	-5.520113	0.003989
OR5M8	-5.489125	0.004114
OR5M9	-5.543753	0.003897
OR5P2	-5.226126	0.005346
OR5P3	-5.622807	0.003601
OR5T1	-5.630594	0.003574
OR5T2	-5.559566	0.003836
OR5T3	-5.590338	0.003720
OR5V1	-5.446566	0.004293
OR5W2	-5.569009	0.003800
OR6A2	-5.326727	0.004836
OR6B1	-5.382070	0.004577
OR6B2	-5.633287	0.003564
OR6B3	-5.629170	0.003579
OR6C1	-5.568557	0.003801
OR6C2	-5.597126	0.003695
OR6C3	-5.478289	0.004159
OR6C4	-5.495441	0.004089
OR6C6	-5.494488	0.004093
OR6C65	-5.424567	0.004388
OR6C68	-5.489949	0.004111
OR6C70	-5.473489	0.004179
OR6C74	-5.577314	0.003768
OR6C75	-5.455087	0.004256
OR6C76	-5.623942	0.003597
OR6F1	-5.471235	0.004188
OR6K2	-5.547045	0.003884
OR6K3	-5.435901	0.004338
OR6K6	-5.380988	0.004582
OR6M1	-5.627310	0.003585
OR6N1	-5.693937	0.003355
OR6N2	-5.890553	0.002758
OR6Q1	-5.523564	0.003976
OR6S1	-5.573872	0.003781
OR6T1	-5.432650	0.004352
OR6V1	-5.566629	0.003809
OR6X1	-5.354012	0.004707
OR6Y1	-5.637269	0.003550
OR7A10	-5.445258	0.004298
OR7A17	-5.257047	0.005184
OR7A5	-5.325769	0.004841
OR7C1	-5.409059	0.004456
OR7C2	-5.450971	0.004274
OR7D2	-5.204183	0.005464
OR7D4	-5.480796	0.004149
OR7E24	-5.229045	0.005330
OR7G1	-5.346817	0.004741
OR7G2	-5.229300	0.005329
OR7G3	-5.395130	0.004518
OR8A1	-5.020861	0.006556
OR8B12	-5.539140	0.003915
OR8B2	-5.551950	0.003865
OR8B3	-5.564207	0.003818
OR8B4	-5.505318	0.004049
OR8B8	-5.634268	0.003561
OR8D1	-5.583148	0.003747
OR8D2	-5.501453	0.004064
OR8D4	-5.630328	0.003575
OR8G1	-5.602304	0.003676
OR8G5	-5.541943	0.003904
OR8H1	-5.540417	0.003910
OR8H2	-5.590884	0.003718
OR8J1	-5.432260	0.004354
OR8J3	-5.447127	0.004290
OR8K1	-5.396653	0.004511
OR8K3	-5.587401	0.003731
OR8K5	-5.541997	0.003903
OR8S1	-5.721579	0.003264
OR8U1	-5.483174	0.004139
OR8U3	-5.564664	0.003816
OR8U8	-5.435781	0.004339
OR8U9	-5.370540	0.004630
OR9A2	-5.304727	0.004943
OR9A4	-5.563014	0.003823
OR9G1	-5.556112	0.003849
OR9G4	-5.425321	0.004384
OR9G9	-5.569830	0.003797
OR9I1	-5.367289	0.004645
OR9K2	-5.238586	0.005280
OR9Q1	-5.555545	0.003851
OR9Q2	-5.561913	0.003827
ORAI1	-3.526951	0.028555
ORAI2	-3.435270	0.031211
ORAI3	-2.672107	0.064639
ORC1	-2.991425	0.047815
ORC2	1.646043	0.838356
ORC3	-1.470614	0.186849
ORC4	-0.360540	0.410829
ORC5	-0.099483	0.475150
ORC6	0.363897	0.589983
ORM1	-6.544074	0.001437
ORM2	-6.724602	0.001200
ORMDL2	-4.627000	0.009689
ORMDL3	-4.999609	0.006695
OS9	-3.502789	0.029233
OSBP	-2.988395	0.047953
OSBP2	-3.696978	0.024198
OSBPL10	-5.267119	0.005132
OSBPL11	-5.402186	0.004486
OSBPL1A	-5.418689	0.004413
OSBPL2	-5.110706	0.005996
OSBPL3	-4.167721	0.015251
OSBPL5	-4.231138	0.014328
OSBPL6	-5.174276	0.005628
OSBPL7	-4.757081	0.008517
OSBPL8	-3.482253	0.029821
OSBPL9	-4.703484	0.008982
OSCAR	-3.601350	0.026562
OSCP1	-3.977730	0.018384
OSER1	-4.932320	0.007158
OSGEP	-1.864610	0.134167
OSGEPL1	-2.400097	0.083165
OSGIN1	-5.264502	0.005145
OSGIN2	-6.372208	0.001705
OSM	-3.386158	0.032731
OSMR	-3.054050	0.045043
OSR1	-6.675173	0.001260
OSR2	-3.856148	0.020711
OST4	-3.595040	0.026726
OSTC	-3.042752	0.045531
OSTF1	-6.561314	0.001412
OSTM1	-2.964374	0.049062
OSTN	-3.480954	0.029859
OTC	-5.665312	0.003452
OTOA	-3.578023	0.027172
OTOF	-3.242162	0.037610
OTOG	-3.255933	0.037114
OTOGL	-3.432711	0.031289
OTOL1	-4.053689	0.017062
OTOP1	-5.228294	0.005334
OTOP2	-4.220030	0.014485
OTOR	-6.549074	0.001429
OTOS	-4.667700	0.009306
OTP	-4.204000	0.014716
OTUB1	-1.898453	0.130284
OTUB2	-2.483489	0.077024
OTUD3	-4.506529	0.010916
OTUD4	-3.612970	0.026263
OTUD5	-3.560215	0.027647
OTUD6A	-3.043481	0.045500
OTUD6B	-4.400632	0.012121
OTUD7A	-3.666137	0.024937
OTUD7B	-3.242290	0.037605
OTULIN	-4.073842	0.016727
OTULINL	-5.702800	0.003326
OTX1	-3.807620	0.021719
OTX2	-3.658838	0.025115
OVCA2	-5.338049	0.004782
OVCH1	-3.882172	0.020190
OVCH2	-4.641533	0.009551
OVGP1	-4.790354	0.008241
OVOL1	-4.698775	0.009024
OVOL2	-5.073903	0.006219
OXA1L	-6.029379	0.002401
OXCT1	-4.537121	0.010591
OXCT2	-3.990046	0.018163
OXER1	-3.424515	0.031538
OXGR1	-3.414631	0.031841
OXLD1	-6.333649	0.001772
OXNAD1	-6.056963	0.002336
OXR1	-5.360730	0.004676
OXSM	-2.403202	0.082929
OXSR1	-2.229529	0.097130
OXT	-5.115477	0.005967
OXTR	-3.628613	0.025866
P2RX1	-4.611718	0.009837
P2RX2	-4.545506	0.010503
P2RX3	-4.657916	0.009397
P2RX4	-4.490949	0.011086
P2RX5	-4.417809	0.011917
P2RX6	-4.578893	0.010162
P2RX7	-4.224348	0.014424
P2RY1	-3.300891	0.035541
P2RY10	-5.872468	0.002808
P2RY11	-3.601843	0.026549
P2RY12	-5.390537	0.004539
P2RY13	-5.362934	0.004665
P2RY14	-5.355760	0.004699
P2RY2	-3.891131	0.020014
P2RY4	-3.536320	0.028296
P2RY6	-3.481026	0.029857
P2RY8	-5.008168	0.006639
P3H1	-4.718215	0.008852
P3H2	-3.908802	0.019670
P3H3	-4.125976	0.015891
P3H4	-3.727771	0.023482
P4HA1	-3.590235	0.026851
P4HA2	-3.679972	0.024603
P4HA3	-3.671208	0.024814
P4HB	-4.108263	0.016171
P4HTM	-5.017175	0.006580
PA2G4	-2.096098	0.109477
PAAF1	-6.222857	0.001980
PABIR1	-5.341556	0.004766
PABIR2	-3.721212	0.023633
PABIR3	-5.920925	0.002676
PABPC1	-3.664039	0.024988
PABPC1L2A	-5.474032	0.004177
PABPC1L2B	-5.474032	0.004177
PABPC3	-4.874231	0.007583
PABPC4	-4.680567	0.009189
PABPC4L	-3.222910	0.038313
PABPC5	-4.084009	0.016561
PABPN1	-7.158500	0.000778
PABPN1L	-5.489573	0.004113
PACC1	-5.121486	0.005932
PACRG	-5.528223	0.003957
PACRGL	-5.009098	0.006633
PACS1	-3.094361	0.043340
PACS2	-3.271328	0.036568
PACSIN1	-4.125645	0.015896
PACSIN2	-2.617494	0.068021
PACSIN3	-3.373233	0.033143
PADI1	-5.227271	0.005339
PADI2	-6.708111	0.001219
PADI3	-5.146930	0.005784
PADI4	-3.698101	0.024172
PADI6	-4.936717	0.007127
PAEP	-4.592132	0.010030
PAF1	-3.254465	0.037167
PAFAH1B1	-2.147100	0.104603
PAFAH1B2	-4.420743	0.011882
PAFAH1B3	-3.600349	0.026588
PAFAH2	-5.596735	0.003696
PAG1	-4.190059	0.014919
PAGE1	-6.308383	0.001818
PAGE2	-4.483000	0.011173
PAGE2B	-5.185731	0.005565
PAGE3	-5.648240	0.003511
PAGE4	-7.295208	0.000678
PAGE5	-4.455220	0.011484
PAGR1	-0.338085	0.416275
PAH	-4.335307	0.012929
PAICS	-2.342427	0.087670
PAIP1	-2.268699	0.093749
PAIP2	-7.429604	0.000593
PAK1	-1.877576	0.132668
PAK1IP1	-7.775621	0.000420
PAK2	-2.667665	0.064909
PAK3	-3.480289	0.029878
PAK4	-3.686794	0.024440
PAK5	-3.213066	0.038677
PAK6	-3.711802	0.023851
PALB2	-3.800357	0.021874
PALD1	-2.676730	0.064360
PALLD	-3.676803	0.024679
PALM	-4.530224	0.010663
PALM2AKAP2	-3.725273	0.023539
PALMD	-5.068885	0.006250
PALS1	-3.393564	0.032497
PALS2	-3.360840	0.033542
PAM	-4.528139	0.010685
PAM16	-2.361525	0.086154
PAMR1	-4.661814	0.009361
PAN2	-4.643878	0.009529
PAN3	-3.426242	0.031485
PANK1	-7.062038	0.000856
PANK2	-5.533803	0.003935
PANK3	-5.756802	0.003151
PANK4	-7.101277	0.000823
PANX1	-3.491501	0.029555
PANX2	-4.931431	0.007164
PANX3	-5.188212	0.005551
PAOX	-3.533930	0.028362
PAPLN	-3.709525	0.023904
PAPOLA	-3.215613	0.038582
PAPOLB	-5.153983	0.005743
PAPOLG	-6.187241	0.002051
PAPPA	-4.503955	0.010944
PAPPA2	-4.544995	0.010509
PAPSS1	-4.803953	0.008131
PAPSS2	-5.773592	0.003099
PAQR3	-4.709624	0.008928
PAQR4	-5.281814	0.005057
PAQR5	-6.473287	0.001542
PAQR6	-5.609228	0.003651
PAQR7	-6.722929	0.001202
PAQR8	-5.056794	0.006326
PAQR9	-6.151639	0.002125
PARD3	-3.648811	0.025362
PARD3B	-3.455397	0.030608
PARD6A	-2.831609	0.055640
PARD6B	-3.449476	0.030784
PARD6G	-3.309669	0.035241
PARG	-3.490741	0.029577
PARK7	-3.002957	0.047292
PARL	-3.519999	0.028749
PARM1	-3.570478	0.027372
PARN	-5.674734	0.003420
PARP1	-2.153172	0.104035
PARP10	-3.514024	0.028916
PARP11	-7.448622	0.000582
PARP12	-7.063953	0.000855
PARP14	-3.608546	0.026377
PARP15	-6.498325	0.001504
PARP16	-6.201435	0.002022
PARP2	-2.657181	0.065548
PARP3	-5.420031	0.004407
PARP4	-3.689334	0.024379
PARP6	-6.467994	0.001550
PARP8	-3.622712	0.026015
PARP9	-5.902089	0.002726
PARPBP	-3.520092	0.028746
PARS2	-7.164880	0.000773
PARVA	-1.949184	0.124642
PARVB	-2.281090	0.092701
PARVG	-4.878785	0.007549
PASD1	-4.232085	0.014314
PASK	-4.026445	0.017525
PATE1	-5.019546	0.006564
PATE2	-5.555942	0.003850
PATE3	-5.444506	0.004301
PATJ	-2.339137	0.087933
PATL1	-7.036899	0.000878
PATZ1	-3.557441	0.027721
PAWR	-3.520867	0.028724
PAX1	-5.531658	0.003944
PAX2	-3.516634	0.028843
PAX3	-3.472087	0.030117
PAX4	-4.968878	0.006903
PAX5	-2.468560	0.078092
PAX6	-3.676289	0.024692
PAX7	-3.447747	0.030836
PAX8	-4.074581	0.016715
PAX9	-3.738948	0.023227
PAXBP1	-6.247730	0.001931
PAXIP1	-2.887082	0.052796
PAXX	2.416212	0.918055
PBDC1	-4.529370	0.010672
PBK	-3.278250	0.036325
PBLD	-7.548240	0.000527
PBOV1	-7.378474	0.000624
PBRM1	-1.639396	0.162547
PBX1	-3.563374	0.027562
PBX2	-3.669025	0.024867
PBX3	-3.487804	0.029661
PBX4	-3.773190	0.022462
PBXIP1	-3.635552	0.025692
PC	-3.232541	0.037959
PCARE	-5.729644	0.003238
PCBD1	-2.583471	0.070210
PCBD2	-2.560916	0.071697
PCBP1	-6.968660	0.000940
PCBP2	-6.401522	0.001656
PCBP3	-6.943086	0.000964
PCBP4	-5.410791	0.004448
PCCA	-1.447940	0.190319
PCCB	-3.110336	0.042683
PCDH1	-3.615902	0.026188
PCDH10	-3.520222	0.028742
PCDH11X	-3.374568	0.033100
PCDH11Y	-3.757652	0.022806
PCDH12	-4.479790	0.011209
PCDH15	-3.521778	0.028699
PCDH17	-3.537694	0.028259
PCDH18	-3.277866	0.036338
PCDH19	-4.497549	0.011014
PCDH20	-4.255545	0.013987
PCDH7	-3.624678	0.025965
PCDH8	-3.638176	0.025626
PCDH9	-3.586827	0.026940
PCDHA1	-3.712536	0.023834
PCDHA10	-3.731767	0.023390
PCDHA11	-3.590842	0.026835
PCDHA12	-3.923553	0.019387
PCDHA13	-3.633240	0.025750
PCDHA2	-3.635180	0.025701
PCDHA3	-3.634157	0.025727
PCDHA4	-3.608824	0.026370
PCDHA5	-3.629854	0.025835
PCDHA6	-3.658368	0.025127
PCDHA7	-3.755840	0.022847
PCDHA8	-3.627767	0.025887
PCDHA9	-3.670447	0.024833
PCDHAC1	-3.778221	0.022352
PCDHAC2	-4.662205	0.009357
PCDHB1	-4.722527	0.008814
PCDHB10	-4.398433	0.012147
PCDHB11	-4.374276	0.012441
PCDHB12	-3.651565	0.025294
PCDHB13	-4.254551	0.014001
PCDHB14	-4.296225	0.013437
PCDHB15	-4.477574	0.011233
PCDHB16	-3.734918	0.023318
PCDHB2	-4.354602	0.012685
PCDHB3	-3.987459	0.018209
PCDHB4	-4.482924	0.011174
PCDHB5	-4.311759	0.013233
PCDHB6	-4.387478	0.012279
PCDHB7	-3.670877	0.024822
PCDHB8	-4.086731	0.016517
PCDHB9	-4.464539	0.011379
PCDHGA1	-3.656248	0.025179
PCDHGA10	-4.320800	0.013115
PCDHGA11	-3.599938	0.026599
PCDHGA12	-4.297146	0.013425
PCDHGA2	-4.085837	0.016531
PCDHGA3	-3.720298	0.023654
PCDHGA4	-3.707015	0.023962
PCDHGA5	-3.649881	0.025336
PCDHGA6	-3.679167	0.024622
PCDHGA7	-4.250158	0.014061
PCDHGA8	-4.469717	0.011321
PCDHGA9	-4.335454	0.012927
PCDHGB1	-3.586214	0.026956
PCDHGB2	-3.581644	0.027076
PCDHGB3	-4.294027	0.013466
PCDHGB4	-3.407712	0.032055
PCDHGB5	-3.423869	0.031558
PCDHGB6	-3.629262	0.025850
PCDHGB7	-3.589067	0.026882
PCDHGC4	-3.690330	0.024356
PCDHGC5	-3.695884	0.024224
PCED1A	-4.427252	0.011806
PCED1B	-5.728884	0.003240
PCF11	-6.097447	0.002244
PCGF1	-3.767536	0.022587
PCGF2	-2.352804	0.086843
PCGF3	-3.154671	0.040908
PCGF5	-3.049546	0.045237
PCGF6	-4.224670	0.014419
PCID2	3.459639	0.969517
PCIF1	-6.305278	0.001823
PCK1	-5.156395	0.005729
PCK2	-1.864030	0.134234
PCLAF	-5.467976	0.004202
PCM1	-3.970640	0.018512
PCMT1	-6.824593	0.001086
PCMTD1	-6.547856	0.001431
PCMTD2	-6.530652	0.001456
PCNA	0.179647	0.544791
PCNP	-5.849877	0.002872
PCNT	-4.528040	0.010686
PCNX1	-3.710324	0.023885
PCNX2	-5.228392	0.005334
PCNX4	-4.456409	0.011471
PCOLCE	-3.609545	0.026351
PCOLCE2	-3.670336	0.024835
PCP2	-6.478066	0.001534
PCP4	-5.986666	0.002506
PCSK1	-3.855852	0.020717
PCSK1N	-3.314147	0.035089
PCSK2	-3.654859	0.025213
PCSK4	-4.459386	0.011437
PCSK5	-2.886720	0.052814
PCSK6	-3.786671	0.022168
PCSK7	-4.743227	0.008635
PCSK9	-3.560334	0.027643
PCTP	-2.138300	0.105430
PCYOX1	-5.156115	0.005731
PCYOX1L	-4.962889	0.006944
PCYT1A	-5.686674	0.003379
PCYT1B	-5.900836	0.002730
PCYT2	-6.453315	0.001573
PDAP1	-7.384026	0.000621
PDC	-3.666526	0.024928
PDCD1	-2.821238	0.056187
PDCD10	-3.483693	0.029780
PDCD11	-7.544752	0.000529
PDCD1LG2	-3.247311	0.037424
PDCD2	-4.454401	0.011494
PDCD2L	-3.600719	0.026578
PDCD4	-7.240197	0.000717
PDCD5	-2.475006	0.077629
PDCD6	-3.046837	0.045354
PDCD6IP	-1.287961	0.216198
PDCD7	-7.675802	0.000464
PDCL	-3.655051	0.025208
PDCL2	-2.897528	0.052276
PDCL3	-2.574880	0.070773
PDE10A	-2.903872	0.051962
PDE11A	-3.912061	0.019607
PDE12	-3.680373	0.024593
PDE1A	-4.217207	0.014526
PDE1B	-3.717008	0.023730
PDE1C	-4.305835	0.013310
PDE2A	-3.190372	0.039530
PDE3A	-2.864858	0.053918
PDE3B	-3.433894	0.031253
PDE4A	-4.071301	0.016769
PDE4B	-3.991682	0.018134
PDE4C	-3.695014	0.024245
PDE4D	-1.473181	0.186460
PDE5A	-3.203590	0.039031
PDE6A	-2.203379	0.099447
PDE6B	-2.401373	0.083068
PDE6C	-2.468580	0.078090
PDE6D	-3.612926	0.026264
PDE6G	-3.033674	0.045928
PDE6H	-4.079169	0.016640
PDE7A	-4.464651	0.011378
PDE7B	-3.290510	0.035898
PDE8A	-2.759390	0.059559
PDE8B	-3.430734	0.031349
PDE9A	-2.261374	0.094373
PDF	-1.532180	0.177675
PDGFA	-3.276324	0.036392
PDGFB	-2.989281	0.047912
PDGFC	-3.609903	0.026342
PDGFD	-4.127166	0.015873
PDGFRA	-2.154946	0.103870
PDGFRB	-2.521139	0.074389
PDGFRL	-3.537279	0.028270
PDHA1	-3.631644	0.025790
PDHA2	-4.139739	0.015677
PDHB	-2.743156	0.060474
PDHX	-3.156210	0.040847
PDIA2	-3.541825	0.028145
PDIA3	-2.242094	0.096034
PDIA4	-3.536419	0.028294
PDIA5	-3.611557	0.026299
PDIA6	-3.496163	0.029422
PDIK1L	-3.685672	0.024467
PDILT	-5.054600	0.006339
PDK1	-3.361850	0.033509
PDK2	-1.946838	0.124899
PDK3	-1.221540	0.227666
PDK4	-3.279865	0.036268
PDLIM1	-3.615326	0.026203
PDLIM2	-3.812915	0.021607
PDLIM3	-3.707445	0.023952
PDLIM4	-3.812544	0.021614
PDLIM5	-3.439592	0.031081
PDLIM7	-2.572558	0.070926
PDP1	-3.550936	0.027897
PDP2	-3.456752	0.030568
PDPK1	-3.367127	0.033339
PDPN	-2.395597	0.083509
PDPR	-4.465734	0.011366
PDRG1	-0.244797	0.439105
PDS5A	-2.241757	0.096063
PDS5B	-2.498357	0.075973
PDSS1	-4.061131	0.016938
PDSS2	-4.431731	0.011754
PDX1	-4.421822	0.011870
PDXDC1	-5.219869	0.005379
PDXK	-6.473086	0.001542
PDXP	-5.579406	0.003761
PDYN	-3.343467	0.034110
PDZD11	-4.006964	0.017864
PDZD2	-3.916625	0.019520
PDZD4	-4.603142	0.009921
PDZD7	-3.423634	0.031565
PDZD8	-2.880031	0.053150
PDZD9	-5.192394	0.005528
PDZK1	-3.751547	0.022943
PDZK1IP1	-3.056101	0.044955
PDZRN3	-2.912776	0.051526
PDZRN4	-2.749939	0.060090
PEA15	-3.672925	0.024773
PEAK1	-4.967798	0.006910
PEAK3	-5.675004	0.003419
PEAR1	-2.837872	0.055312
PEBP1	-2.400821	0.083110
PEBP4	-4.165735	0.015281
PECAM1	-2.359862	0.086285
PECR	-5.389678	0.004543
PEDS1	-7.163466	0.000774
PEF1	-3.269496	0.036633
PEG10	-5.039800	0.006433
PEG3	-5.885556	0.002772
PELI1	-3.871605	0.020400
PELI2	-3.982435	0.018299
PELI3	-3.904273	0.019757
PELO	-6.211798	0.002002
PELP1	-2.549625	0.072452
PEMT	-3.081192	0.043890
PENK	-3.245361	0.037494
PEPD	-2.654993	0.065682
PER1	-3.499477	0.029327
PER2	-3.568826	0.027416
PER3	-3.348284	0.033951
PERP	-4.753951	0.008544
PES1	-6.954017	0.000954
PEX1	-3.363488	0.033456
PEX10	-2.390964	0.083864
PEX11A	-3.703831	0.024037
PEX11B	-3.973578	0.018459
PEX11G	-3.749822	0.022981
PEX12	-2.430502	0.080876
PEX13	-2.081881	0.110870
PEX14	-3.929617	0.019272
PEX16	-3.287966	0.035986
PEX19	-2.466722	0.078224
PEX2	-3.194079	0.039389
PEX26	-3.286899	0.036023
PEX3	-2.832634	0.055586
PEX39	-6.875997	0.001031
PEX5	-2.259823	0.094506
PEX5L	-3.340569	0.034205
PEX6	-3.443785	0.030955
PEX7	-5.835108	0.002915
PF4	-3.347742	0.033969
PF4V1	-3.379667	0.032937
PFAS	-4.690946	0.009095
PFDN1	-2.564474	0.071460
PFDN2	3.247818	0.962595
PFDN4	-1.557218	0.174046
PFDN5	-0.846728	0.300120
PFDN6	-0.528497	0.370867
PFKFB1	-5.344364	0.004752
PFKFB2	-5.260648	0.005165
PFKFB3	-5.325988	0.004840
PFKFB4	-5.296164	0.004986
PFKL	-5.697111	0.003344
PFKM	-5.584044	0.003743
PFKP	-5.769899	0.003110
PFN1	-2.337086	0.088098
PFN2	-2.830455	0.055700
PFN3	-3.447310	0.030849
PFN4	-3.339015	0.034257
PGA3	-4.770861	0.008402
PGA4	-4.769576	0.008413
PGA5	-4.784631	0.008288
PGAM1	-4.251243	0.014046
PGAM2	-4.688212	0.009119
PGAM4	-4.332764	0.012961
PGAM5	-3.079648	0.043955
PGAP1	-5.111445	0.005991
PGAP2	-4.693480	0.009072
PGAP3	-5.237614	0.005285
PGAP4	-5.404627	0.004476
PGAP6	-5.174825	0.005625
PGBD1	-6.909857	0.000997
PGBD2	-7.027746	0.000886
PGBD3	-7.488227	0.000559
PGBD4	-7.084337	0.000837
PGBD5	-6.462580	0.001558
PGC	-4.205850	0.014689
PGCKA1	-5.907411	0.002712
PGD	-3.469764	0.030185
PGF	-2.846570	0.054859
PGGHG	-5.351655	0.004718
PGGT1B	-6.009823	0.002449
PGK1	-4.609657	0.009857
PGK2	-4.674457	0.009244
PGLS	-2.103836	0.108725
PGLYRP1	-3.754969	0.022866
PGLYRP2	-5.212444	0.005419
PGLYRP3	-5.912158	0.002699
PGLYRP4	-6.184604	0.002057
PGM1	-4.087009	0.016512
PGM2	-5.760555	0.003139
PGM2L1	-6.423945	0.001620
PGM3	-4.935146	0.007138
PGM5	-5.372657	0.004620
PGP	-5.380140	0.004586
PGPEP1	-4.489802	0.011098
PGR	-3.470167	0.030173
PGRMC1	-1.962824	0.123162
PGRMC2	-2.689035	0.063624
PGS1	-2.038256	0.115244
PHACTR1	-5.894250	0.002748
PHACTR3	-5.349561	0.004728
PHACTR4	-5.513097	0.004017
PHAF1	-2.604511	0.068849
PHAX	-7.605406	0.000498
PHB1	-1.802732	0.141519
PHB2	-2.788133	0.057969
PHC1	-3.558370	0.027696
PHC2	-3.525306	0.028601
PHC3	-3.586418	0.026951
PHETA1	-5.665399	0.003452
PHETA2	-5.309503	0.004920
PHEX	-4.731316	0.008738
PHF1	-2.560354	0.071734
PHF10	-3.752771	0.022915
PHF11	-3.597714	0.026656
PHF12	-3.690749	0.024346
PHF13	-3.462386	0.030402
PHF14	-3.314254	0.035085
PHF19	-3.320152	0.034886
PHF2	-3.454517	0.030634
PHF20	-4.639899	0.009566
PHF20L1	-4.310225	0.013253
PHF21A	-3.585149	0.026984
PHF21B	-3.677856	0.024654
PHF23	-5.148693	0.005773
PHF3	-3.486492	0.029699
PHF5A	-7.787955	0.000415
PHF6	-4.567302	0.010279
PHF7	-5.842525	0.002893
PHF8	-3.488752	0.029634
PHGDH	-5.854242	0.002860
PHIP	-4.936383	0.007129
PHKA1	-3.449492	0.030784
PHKA2	-3.596845	0.026679
PHKB	-2.842604	0.055065
PHKG1	-2.811416	0.056710
PHKG2	-2.303070	0.090869
PHLDA1	-7.204623	0.000743
PHLDA2	-5.128834	0.005889
PHLDA3	-5.135911	0.005847
PHLDB1	-3.306212	0.035359
PHLDB2	-4.880899	0.007533
PHLPP1	-4.598706	0.009965
PHLPP2	-3.902265	0.019796
PHOSPHO1	-6.375813	0.001699
PHOSPHO2	-5.154143	0.005742
PHOX2A	-4.599271	0.009959
PHOX2B	-3.898495	0.019870
PHPT1	-3.800136	0.021878
PHRF1	-3.750774	0.022960
PHTF1	-4.957654	0.006980
PHTF2	-4.766673	0.008437
PHYH	-3.409551	0.031998
PHYHD1	-3.657892	0.025139
PHYHIP	-3.482563	0.029812
PHYHIPL	-3.562196	0.027593
PHYKPL	-5.498840	0.004075
PI16	-4.572713	0.010224
PI3	-3.121935	0.042211
PI4K2A	-5.236101	0.005293
PI4K2B	-5.116107	0.005964
PI4KA	-3.600591	0.026582
PI4KB	-3.536137	0.028301
PIANP	-4.905169	0.007354
PIAS1	-3.489511	0.029612
PIAS2	-3.290986	0.035882
PIAS3	-3.567278	0.027457
PIAS4	-3.378637	0.032970
PIBF1	-1.927890	0.126984
PICALM	-3.455624	0.030602
PICK1	-2.124580	0.106731
PID1	-5.577973	0.003766
PIDD1	-3.542928	0.028115
PIERCE1	-6.683484	0.001250
PIEZO1	-3.840940	0.021022
PIEZO2	-3.652815	0.025263
PIF1	-3.231134	0.038011
PIGA	-3.039965	0.045653
PIGB	-4.271583	0.013767
PIGC	-5.115948	0.005964
PIGF	-3.856555	0.020703
PIGG	-5.091979	0.006108
PIGH	-3.145975	0.041250
PIGK	-4.954691	0.007001
PIGL	-6.608195	0.001347
PIGM	-4.422643	0.011860
PIGN	-4.998629	0.006702
PIGO	-4.734050	0.008714
PIGP	-4.820820	0.007996
PIGQ	-3.497734	0.029377
PIGR	-2.438785	0.080263
PIGS	-2.214636	0.098444
PIGT	-3.553716	0.027822
PIGU	-1.999158	0.119291
PIGV	-5.063348	0.006285
PIGW	-4.979401	0.006831
PIGX	-1.889415	0.131311
PIGY	-5.078394	0.006191
PIGZ	-4.347803	0.012770
PIH1D1	-2.651806	0.065878
PIH1D2	-3.992526	0.018119
PIK3AP1	-3.914029	0.019569
PIK3C2A	-3.496519	0.029411
PIK3C2B	-4.138917	0.015690
PIK3C2G	-3.041954	0.045566
PIK3C3	-1.889079	0.131350
PIK3CA	-3.250768	0.037299
PIK3CB	-1.519088	0.179596
PIK3CD	-3.459075	0.030499
PIK3CG	-3.202192	0.039083
PIK3IP1	-4.478744	0.011220
PIK3R1	-1.962849	0.123159
PIK3R2	-3.619910	0.026086
PIK3R3	-3.196088	0.039313
PIK3R4	-1.133586	0.243500
PIK3R5	-3.369466	0.033263
PIK3R6	-3.583623	0.027024
PIKFYVE	-2.987060	0.048014
PILRA	-3.081873	0.043861
PILRB	-2.886917	0.052804
PIM1	-4.595892	0.009992
PIM2	-5.563538	0.003821
PIM3	-6.778290	0.001137
PIMREG	-3.552183	0.027863
PIN1	-2.414409	0.082081
PIN4	-4.031333	0.017441
PINK1	-2.733538	0.061023
PINX1	-7.424086	0.000596
PIP	-6.675927	0.001259
PIP4K2A	-3.519841	0.028753
PIP4K2B	-3.230186	0.038045
PIP4K2C	-3.188068	0.039617
PIP4P1	-6.309331	0.001816
PIP4P2	-2.979504	0.048360
PIP5K1A	-1.943439	0.125271
PIP5K1B	-2.368617	0.085597
PIP5K1C	-1.849420	0.135941
PIP5KL1	-3.361132	0.033533
PIPOX	-6.855152	0.001053
PIR	-6.220380	0.001985
PISD	-6.080896	0.002281
PITHD1	-4.577281	0.010178
PITPNA	-4.515885	0.010816
PITPNB	-5.305087	0.004942
PITPNC1	-3.541916	0.028143
PITPNM1	-4.412917	0.011975
PITPNM2	-3.695747	0.024227
PITPNM3	-5.146178	0.005788
PITRM1	-5.179300	0.005600
PITX1	-3.544203	0.028080
PITX2	-3.300634	0.035549
PITX3	-4.082326	0.016588
PIWIL1	-2.068287	0.112218
PIWIL2	-3.440821	0.031044
PIWIL3	-3.415029	0.031829
PIWIL4	-3.201207	0.039120
PJA1	-3.777719	0.022363
PJA2	-3.598514	0.026635
PJVK	-6.651265	0.001291
PKD1	-4.031632	0.017436
PKD1L1	-5.242200	0.005261
PKD1L2	-4.589901	0.010052
PKD1L3	-3.647183	0.025402
PKD2	-3.824457	0.021364
PKD2L1	-3.770677	0.022518
PKD2L2	-4.383093	0.012333
PKDCC	-5.327909	0.004831
PKDREJ	-4.710190	0.008923
PKHD1	-4.349473	0.012749
PKHD1L1	-3.689973	0.024364
PKIA	-3.705945	0.023987
PKIB	-4.513823	0.010838
PKIG	-3.559806	0.027658
PKLR	-3.709749	0.023899
PKM	-2.895842	0.052360
PKMYT1	-3.511700	0.028981
PKN1	-3.362627	0.033484
PKN2	-3.454810	0.030626
PKN3	-3.449770	0.030776
PKNOX1	-3.444531	0.030932
PKNOX2	-4.053956	0.017058
PKP1	-3.347174	0.033988
PKP2	-3.481080	0.029855
PKP3	-2.652765	0.065819
PKP4	-3.320864	0.034862
PLA1A	-4.075519	0.016700
PLA2G10	-5.182835	0.005581
PLA2G12A	-3.606551	0.026428
PLA2G12B	-4.013947	0.017742
PLA2G15	-3.575103	0.027249
PLA2G1B	-4.952885	0.007013
PLA2G2A	-5.092488	0.006105
PLA2G2D	-5.246459	0.005239
PLA2G2E	-5.340957	0.004768
PLA2G2F	-4.946773	0.007056
PLA2G3	-4.374433	0.012439
PLA2G4A	-4.619738	0.009759
PLA2G4B	-5.113207	0.005981
PLA2G4C	-5.055959	0.006331
PLA2G4D	-4.971118	0.006888
PLA2G4E	-4.457031	0.011464
PLA2G4F	-4.763131	0.008467
PLA2G5	-5.232536	0.005312
PLA2G6	-3.654833	0.025214
PLA2G7	-3.622754	0.026014
PLA2R1	-3.405003	0.032139
PLAA	-2.451204	0.079351
PLAAT1	-7.072076	0.000848
PLAAT2	-5.947646	0.002605
PLAAT3	-5.974915	0.002535
PLAAT4	-4.237033	0.014245
PLAAT5	-6.559753	0.001414
PLAC1	-5.089597	0.006123
PLAC8	-5.584803	0.003740
PLAC8L1	-6.316290	0.001803
PLAC9	-4.657392	0.009402
PLAG1	-2.363007	0.086037
PLAGL1	-3.672069	0.024793
PLAGL2	-4.565938	0.010293
PLAT	-3.631770	0.025787
PLAU	-3.739686	0.023210
PLAUR	-3.614247	0.026231
PLB1	-4.747996	0.008595
PLBD1	-6.208704	0.002008
PLBD2	-6.681561	0.001252
PLCB1	-3.450479	0.030755
PLCB2	-2.267589	0.093843
PLCB3	-3.495014	0.029454
PLCB4	-3.480480	0.029873
PLCD1	-3.798471	0.021914
PLCD3	-3.616781	0.026166
PLCD4	-3.459364	0.030491
PLCE1	-4.619201	0.009764
PLCG1	-2.665496	0.065040
PLCG2	-3.494652	0.029465
PLCH1	-2.503667	0.075602
PLCH2	-3.669216	0.024863
PLCL1	-1.769624	0.145589
PLCL2	-3.327273	0.034647
PLCXD1	-6.242479	0.001941
PLCXD2	-5.899743	0.002733
PLCXD3	-6.868856	0.001039
PLCZ1	-1.318833	0.211013
PLD1	-3.390001	0.032609
PLD2	-3.504523	0.029184
PLD3	-6.598956	0.001360
PLD4	-5.998640	0.002476
PLD5	-6.108164	0.002220
PLD6	-5.629688	0.003577
PLEC	-2.623446	0.067645
PLEK	-7.331399	0.000654
PLEK2	-6.492929	0.001512
PLEKHA1	-3.623796	0.025988
PLEKHA3	-5.457454	0.004246
PLEKHA4	-5.717895	0.003276
PLEKHA5	-3.675831	0.024703
PLEKHA6	-4.147598	0.015557
PLEKHA7	-3.597478	0.026662
PLEKHA8	-3.960977	0.018689
PLEKHB1	-2.173482	0.102157
PLEKHB2	-2.860768	0.054127
PLEKHF1	-5.497498	0.004080
PLEKHF2	-4.359593	0.012622
PLEKHG1	-4.936607	0.007128
PLEKHG2	-3.699138	0.024147
PLEKHG3	-3.907379	0.019697
PLEKHG4	-3.877946	0.020274
PLEKHG4B	-4.770928	0.008401
PLEKHG5	-4.075275	0.016704
PLEKHG6	-3.870117	0.020430
PLEKHG7	-5.374831	0.004610
PLEKHH1	-4.280740	0.013644
PLEKHH2	-5.154415	0.005741
PLEKHH3	-4.436445	0.011699
PLEKHJ1	-7.395295	0.000614
PLEKHM1	-5.153864	0.005744
PLEKHM3	-5.147579	0.005780
PLEKHN1	-5.760834	0.003139
PLEKHO1	-5.081240	0.006174
PLEKHO2	-3.750524	0.022966
PLEKHS1	-5.409475	0.004454
PLG	-3.674535	0.024734
PLGLB1	-4.468423	0.011335
PLGLB2	-4.468423	0.011335
PLGRKT	-3.398723	0.032335
PLIN1	-3.535065	0.028331
PLIN2	-4.219914	0.014487
PLIN3	-1.414435	0.195536
PLIN4	-3.562822	0.027577
PLIN5	-3.571073	0.027356
PLK1	-2.539995	0.073101
PLK2	-3.437602	0.031141
PLK3	-3.810137	0.021665
PLK4	-3.559299	0.027671
PLLP	-4.271175	0.013773
PLN	-5.770769	0.003108
PLOD1	-3.475346	0.030022
PLOD2	-4.123741	0.015926
PLOD3	-3.590786	0.026837
PLP1	-4.841836	0.007831
PLP2	-3.610046	0.026338
PLPBP	-3.572389	0.027321
PLPP1	-3.747662	0.023030
PLPP2	-5.362503	0.004667
PLPP3	-5.239377	0.005276
PLPP4	-5.189054	0.005546
PLPP5	-5.133153	0.005863
PLPP6	-6.712121	0.001215
PLPP7	-6.751074	0.001168
PLPPR1	-5.159223	0.005713
PLPPR2	-5.128093	0.005893
PLPPR3	-4.904230	0.007361
PLPPR4	-5.136456	0.005844
PLRG1	-6.825996	0.001084
PLS1	-3.456100	0.030587
PLS3	-1.933020	0.126417
PLSCR1	-3.857525	0.020683
PLSCR2	-4.964992	0.006930
PLSCR3	-5.375048	0.004609
PLSCR4	-4.799632	0.008166
PLSCR5	-5.821298	0.002955
PLTP	-4.854891	0.007730
PLVAP	-3.576246	0.027219
PLXDC1	-3.493724	0.029491
PLXDC2	-3.287175	0.036014
PLXNA1	-2.945185	0.049965
PLXNA2	-3.590472	0.026845
PLXNA3	-3.065171	0.044567
PLXNA4	-3.663349	0.025005
PLXNB1	-3.638363	0.025622
PLXNB3	-2.963972	0.049080
PLXNC1	-2.503800	0.075592
PLXND1	-2.949155	0.049776
PM20D1	-5.280524	0.005064
PM20D2	-6.835070	0.001074
PMAIP1	-3.465533	0.030309
PMCH	-3.442225	0.031002
PMEL	-4.342272	0.012840
PMEPA1	-5.458590	0.004241
PMF1	-2.158544	0.103536
PMFBP1	-5.537913	0.003919
PML	-3.665122	0.024962
PMM1	-2.786768	0.058043
PMM2	-1.868573	0.133707
PMP2	-6.093150	0.002253
PMP22	-5.061932	0.006293
PMPCA	-4.731864	0.008733
PMPCB	-4.921942	0.007232
PMS1	-4.602201	0.009930
PMS2	-1.138497	0.242596
PMVK	-5.827600	0.002936
PNCK	-3.287576	0.036000
PNISR	-5.004974	0.006660
PNKD	-2.324262	0.089133
PNKP	-3.502612	0.029238
PNLDC1	-3.546671	0.028013
PNLIP	-4.680425	0.009190
PNLIPRP1	-5.097222	0.006077
PNLIPRP2	-4.960630	0.006960
PNLIPRP3	-5.085027	0.006151
PNMA1	-5.497456	0.004080
PNMA2	-4.653175	0.009441
PNMA3	-6.101122	0.002235
PNMA5	-3.972919	0.018471
PNMA6A	-6.570426	0.001399
PNMA8A	-5.486458	0.004125
PNMA8B	-4.770231	0.008407
PNMT	-7.148917	0.000785
PNN	-3.621904	0.026036
PNO1	-7.455555	0.000578
PNOC	-3.443437	0.030965
PNP	-3.459275	0.030493
PNPLA1	-5.169204	0.005657
PNPLA2	-5.283275	0.005050
PNPLA3	-5.083554	0.006160
PNPLA4	-5.563167	0.003822
PNPLA5	-5.425415	0.004384
PNPLA6	-3.092053	0.043436
PNPLA7	-3.464701	0.030333
PNPLA8	-5.138900	0.005830
PNPO	-5.882489	0.002780
PNPT1	-7.194313	0.000750
PNRC1	-3.531496	0.028429
PNRC2	-3.467206	0.030260
POC1A	-4.096115	0.016365
POC1B	-3.449708	0.030778
POC5	-4.058250	0.016986
PODN	-3.642398	0.025521
PODNL1	-4.391280	0.012233
PODXL	-3.385175	0.032762
PODXL2	-3.565710	0.027499
POF1B	-5.425512	0.004384
POFUT1	-5.791365	0.003045
POFUT2	-4.203791	0.014719
POFUT3	-5.401731	0.004489
POFUT4	-6.312538	0.001810
POGK	-6.165843	0.002096
POGLUT1	-5.961266	0.002570
POGLUT2	-7.121249	0.000807
POGLUT3	-6.017497	0.002430
POGZ	-3.840205	0.021037
POLA1	-6.341657	0.001758
POLA2	1.870075	0.866467
POLB	-3.287865	0.035990
POLD1	-3.860564	0.020622
POLD2	1.519824	0.820513
POLD3	-2.204089	0.099384
POLD4	-2.780424	0.058391
POLDIP2	-7.052650	0.000864
POLDIP3	-1.431581	0.192852
POLE	-6.781475	0.001133
POLE2	-0.913429	0.286299
POLE3	-4.628673	0.009673
POLE4	-4.622180	0.009736
POLG	-3.234768	0.037878
POLG2	-6.250033	0.001927
POLH	0.198887	0.549558
POLI	-3.690377	0.024355
POLK	-1.518370	0.179702
POLL	-2.367203	0.085708
POLM	-7.374752	0.000626
POLN	-3.632336	0.025773
POLQ	-2.293948	0.091625
POLR1A	-7.013094	0.000899
POLR1B	-6.651119	0.001291
POLR1C	-2.921623	0.051095
POLR1D	-2.351722	0.086929
POLR1E	-1.776825	0.144696
POLR1F	-1.922952	0.127533
POLR1G	-4.306109	0.013306
POLR1H	-6.948595	0.000959
POLR2A	-3.928662	0.019291
POLR2B	-7.110888	0.000816
POLR2C	-6.786265	0.001128
POLR2D	-7.743253	0.000433
POLR2E	-6.437823	0.001597
POLR2F	-2.223732	0.097640
POLR2G	-2.295609	0.091487
POLR2H	-3.627305	0.025899
POLR2I	-2.461164	0.078626
POLR2J	-3.904315	0.019757
POLR2J3	-2.591692	0.069675
POLR2K	-1.312391	0.212087
POLR2L	-7.565392	0.000518
POLR3A	-7.054247	0.000863
POLR3B	-7.031830	0.000883
POLR3C	-4.565696	0.010296
POLR3D	-6.117402	0.002199
POLR3E	-2.418271	0.081790
POLR3F	-6.055230	0.002340
POLR3G	-7.721536	0.000443
POLR3GL	-7.740280	0.000435
POLR3H	-7.282016	0.000687
POLR3K	-7.382436	0.000622
POLRMT	-3.347974	0.033962
POM121L12	-6.678829	0.001256
POM121L2	-3.687335	0.024427
POMC	-3.253345	0.037207
POMGNT1	-3.713018	0.023822
POMGNT2	-5.510309	0.004029
POMK	-3.249162	0.037357
POMP	-4.368957	0.012506
POMT1	-4.478446	0.011224
POMT2	-3.652593	0.025269
PON1	-3.690789	0.024345
PON2	-4.882966	0.007518
PON3	-4.964478	0.006933
POP1	-7.421114	0.000598
POP4	-0.926915	0.283551
POP5	-7.536267	0.000533
POP7	-6.168478	0.002090
POPDC1	-3.468250	0.030229
POPDC2	-5.000838	0.006687
POPDC3	-6.536803	0.001447
POR	-2.132519	0.105976
PORCN	-3.648179	0.025378
POSTN	-4.453870	0.011500
POT1	0.285691	0.570941
POTEA	-5.250180	0.005219
POTEB3	-7.033254	0.000881
POTED	-7.107083	0.000819
POTEE	-4.967510	0.006912
POU1F1	-4.488957	0.011108
POU2AF1	-3.829914	0.021250
POU2AF2	-7.391286	0.000616
POU2F1	-4.029472	0.017473
POU2F2	-3.454266	0.030642
POU2F3	-3.616863	0.026164
POU3F1	-3.963842	0.018636
POU3F2	-4.075059	0.016707
POU3F3	-3.926271	0.019336
POU3F4	-4.136132	0.015733
POU4F1	-4.144890	0.015598
POU4F2	-3.811392	0.021639
POU4F3	-4.065775	0.016861
POU5F1	-2.701496	0.062885
POU5F2	-6.256703	0.001914
POU6F1	-3.511901	0.028976
POU6F2	-3.851792	0.020800
PP2D1	-6.399810	0.001659
PPA1	-5.555898	0.003850
PPA2	-3.824743	0.021358
PPAN	-4.661326	0.009365
PPAN-P2RY11	-7.714054	0.000446
PPARA	-3.680670	0.024586
PPARD	-3.698212	0.024169
PPARG	-3.486258	0.029706
PPARGC1A	-2.862796	0.054024
PPARGC1B	-3.571151	0.027354
PPAT	-4.759174	0.008500
PPBP	-3.496221	0.029420
PPCDC	-1.660947	0.159635
PPCS	-5.215597	0.005402
PPDPF	-7.570121	0.000515
PPDPFL	-6.431076	0.001608
PPEF1	-5.221732	0.005369
PPEF2	-5.539596	0.003913
PPFIA1	-3.540564	0.028180
PPFIA2	-2.640196	0.066596
PPFIA3	-3.883982	0.020154
PPFIA4	-3.642815	0.025511
PPFIBP1	-3.430625	0.031352
PPFIBP2	-3.205746	0.038950
PPHLN1	-3.823292	0.021388
PPIA	-1.595243	0.168647
PPIAL4A	-6.519229	0.001473
PPIB	-3.473379	0.030079
PPIC	-4.652602	0.009447
PPID	-0.939339	0.281034
PPIE	-3.026984	0.046222
PPIF	-2.074260	0.111624
PPIG	-7.648541	0.000477
PPIH	-3.795827	0.021971
PPIL1	-7.573594	0.000514
PPIL2	-6.270595	0.001888
PPIL3	-4.219533	0.014492
PPIL4	-7.433905	0.000591
PPIL6	-7.186163	0.000756
PPIP5K1	-4.152184	0.015486
PPIP5K2	-3.715503	0.023765
PPL	-3.678977	0.024627
PPM1A	-3.473866	0.030065
PPM1B	-3.183482	0.039792
PPM1D	-3.878555	0.020262
PPM1E	-5.986194	0.002507
PPM1F	-5.338103	0.004782
PPM1G	-3.897079	0.019897
PPM1H	-6.270663	0.001887
PPM1J	-5.841606	0.002896
PPM1K	-4.234786	0.014276
PPM1L	-4.567537	0.010277
PPM1M	-6.802813	0.001109
PPM1N	-5.653049	0.003495
PPME1	-3.168023	0.040387
PPOX	-5.023590	0.006538
PPP1CA	-1.752709	0.147706
PPP1CB	-0.952591	0.278364
PPP1CC	-0.893110	0.290468
PPP1R10	-2.489445	0.076601
PPP1R11	-3.617604	0.026145
PPP1R12A	-3.494915	0.029457
PPP1R12B	-3.150139	0.041086
PPP1R12C	-3.711526	0.023857
PPP1R13B	-3.650464	0.025321
PPP1R13L	-3.653165	0.025255
PPP1R14A	-6.148900	0.002131
PPP1R14B	-6.687190	0.001245
PPP1R14C	-4.597840	0.009973
PPP1R14D	-6.388749	0.001678
PPP1R15A	-3.179165	0.039957
PPP1R15B	-3.519613	0.028759
PPP1R16A	-5.000144	0.006692
PPP1R16B	-4.762066	0.008475
PPP1R17	-5.174079	0.005630
PPP1R18	-1.893876	0.130803
PPP1R1A	-5.205894	0.005454
PPP1R1B	-3.817292	0.021514
PPP1R1C	-5.243288	0.005255
PPP1R2	-3.454569	0.030633
PPP1R21	-4.427379	0.011805
PPP1R26	-4.857244	0.007712
PPP1R27	-4.150749	0.015508
PPP1R35	-5.937484	0.002632
PPP1R36	-5.305304	0.004941
PPP1R3A	-3.499995	0.029312
PPP1R3B	-2.351615	0.086937
PPP1R3C	-3.036101	0.045821
PPP1R3D	-3.049531	0.045238
PPP1R3F	-2.875854	0.053360
PPP1R42	-5.950953	0.002597
PPP1R7	-1.385417	0.200140
PPP1R8	-3.483806	0.029777
PPP1R9A	-3.276358	0.036391
PPP1R9B	-3.174989	0.040118
PPP2CA	-1.893835	0.130808
PPP2CB	-1.587287	0.169766
PPP2R1A	-1.144943	0.241414
PPP2R1B	-1.202315	0.231064
PPP2R2A	-1.828485	0.138419
PPP2R2B	-2.078996	0.111155
PPP2R2C	-2.196840	0.100035
PPP2R2D	-1.729082	0.150705
PPP2R3A	-3.915873	0.019534
PPP2R3B	-2.182199	0.101360
PPP2R3C	-3.507178	0.029109
PPP2R5A	-2.592209	0.069642
PPP2R5B	-1.235425	0.225233
PPP2R5C	-2.135722	0.105673
PPP2R5D	-1.326337	0.209766
PPP2R5E	-1.649480	0.161179
PPP3CA	-2.992404	0.047770
PPP3CB	-2.990802	0.047843
PPP3CC	-3.140305	0.041475
PPP3R1	-2.104764	0.108635
PPP3R2	-4.550413	0.010452
PPP4C	-1.562586	0.173276
PPP4R1	-1.834972	0.137647
PPP4R2	-2.007213	0.118448
PPP4R3A	-2.544921	0.072768
PPP4R3B	-3.029470	0.046112
PPP4R4	-0.312727	0.422449
PPP5C	-3.191675	0.039480
PPP6C	-0.531142	0.370251
PPP6R1	-3.005702	0.047169
PPP6R2	-4.506473	0.010917
PPP6R3	-2.562408	0.071597
PPRC1	-3.612387	0.026278
PPT1	-3.650017	0.025332
PPT2	-4.936963	0.007125
PPTC7	-5.619052	0.003615
PPWD1	-7.150739	0.000784
PPY	-3.287037	0.036019
PQBP1	-7.035279	0.000879
PRADC1	-7.323511	0.000659
PRAF2	-2.965568	0.049006
PRAG1	-4.410233	0.012006
PRAM1	-3.289719	0.035926
PRAME	-1.270983	0.219089
PRAMEF1	-6.670299	0.001266
PRAMEF10	-7.212631	0.000737
PRAMEF12	-5.336707	0.004789
PRAMEF2	-6.463655	0.001557
PRAMEF4	-5.840003	0.002900
PRAMEF6	-5.759697	0.003142
PRAMEF7	-6.597626	0.001362
PRAMEF8	-6.708260	0.001219
PRAMEF9	-6.275879	0.001878
PRAP1	-4.635785	0.009605
PRB1	-4.724688	0.008795
PRB2	-4.741213	0.008653
PRB3	-6.176311	0.002074
PRB4	-4.851620	0.007755
PRC1	-3.210425	0.038775
PRCC	-2.330881	0.088598
PRCD	-5.740402	0.003203
PRCP	-5.169015	0.005658
PRDM1	-3.837446	0.021094
PRDM10	-3.603402	0.026509
PRDM11	-3.558233	0.027700
PRDM12	-4.702487	0.008991
PRDM13	-3.974234	0.018447
PRDM14	-3.643830	0.025485
PRDM15	-3.544446	0.028074
PRDM16	-3.542712	0.028121
PRDM2	-3.967495	0.018569
PRDM4	-3.753213	0.022905
PRDM5	-4.262052	0.013897
PRDM6	-7.193870	0.000751
PRDM7	-5.546614	0.003885
PRDM8	-5.632943	0.003565
PRDM9	-4.514485	0.010831
PRDX1	-2.914112	0.051460
PRDX3	-2.321843	0.089330
PRDX4	-2.911474	0.051589
PRDX5	-4.840541	0.007841
PRDX6	-2.420729	0.081606
PREB	-2.840491	0.055175
PRELID1	-3.190637	0.039520
PRELID2	-3.897046	0.019898
PRELID3A	-6.002731	0.002466
PRELID3B	-1.804620	0.141290
PRELP	-4.718892	0.008846
PREP	-5.722071	0.003262
PREPL	-5.073576	0.006221
PREX1	-3.812749	0.021610
PREX2	-3.799994	0.021881
PRF1	-3.693877	0.024272
PRG2	-4.625435	0.009704
PRG3	-4.564497	0.010308
PRG4	-3.404974	0.032140
PRH1	-4.647984	0.009490
PRH2	-4.706190	0.008958
PRICKLE1	-4.171996	0.015187
PRICKLE2	-3.687100	0.024433
PRICKLE3	-3.815788	0.021546
PRICKLE4	-5.756604	0.003152
PRIM1	0.156723	0.539101
PRIM2	-1.250690	0.222581
PRIMA1	-5.210103	0.005431
PRIMPOL	-3.138097	0.041563
PRKAA1	-1.942497	0.125374
PRKAA2	-3.336315	0.034346
PRKAB1	-2.966424	0.048966
PRKAB2	-4.541994	0.010540
PRKACA	-2.264552	0.094102
PRKACB	-2.248400	0.095488
PRKACG	-1.949062	0.124656
PRKAG1	-2.070111	0.112036
PRKAG2	-2.149671	0.104362
PRKAG3	-3.667230	0.024911
PRKAR1A	-3.454367	0.030639
PRKAR1B	-3.179920	0.039928
PRKAR2A	-2.212649	0.098620
PRKAR2B	-2.604289	0.068863
PRKCA	-1.800234	0.141823
PRKCB	-3.533509	0.028374
PRKCD	-2.723782	0.061585
PRKCE	-2.954713	0.049514
PRKCG	-2.556546	0.071988
PRKCH	-3.006109	0.047151
PRKCI	-2.572691	0.070917
PRKCQ	-2.216787	0.098253
PRKCSH	-3.603839	0.026498
PRKCZ	-2.412782	0.082203
PRKD1	-3.667819	0.024896
PRKD2	-3.771338	0.022503
PRKD3	-3.578374	0.027163
PRKDC	-0.108902	0.472801
PRKG1	-2.764712	0.059261
PRKG2	-2.561711	0.071644
PRKN	-3.485938	0.029715
PRKRA	-0.338490	0.416176
PRKRIP1	-6.488647	0.001518
PRKX	-3.638082	0.025629
PRL	-3.222436	0.038330
PRLH	-3.450438	0.030756
PRLHR	-3.332232	0.034482
PRLR	-2.098394	0.109253
PRM1	-7.738341	0.000436
PRM2	-5.406375	0.004468
PRMT1	-2.536252	0.073356
PRMT2	-2.533300	0.073556
PRMT3	-3.085299	0.043718
PRMT5	-2.728964	0.061286
PRMT6	-3.477337	0.029964
PRMT7	-3.554169	0.027810
PRMT8	-3.633570	0.025742
PRMT9	-3.286384	0.036041
PRND	-4.755112	0.008534
PRNP	-2.965758	0.048997
PROC	-2.749736	0.060102
PROCA1	-6.897540	0.001009
PROCR	-3.096297	0.043260
PRODH	-5.548134	0.003880
PRODH2	-5.330013	0.004821
PROK1	-4.547253	0.010485
PROK2	-4.504692	0.010936
PROKR1	-3.107454	0.042801
PROKR2	-3.136623	0.041622
PROM1	-4.865961	0.007646
PROM2	-4.782745	0.008303
PROP1	-5.912768	0.002697
PRORP	-1.432095	0.192773
PROS1	-3.807319	0.021725
PROSER1	-3.990702	0.018151
PROSER2	-5.467803	0.004203
PROSER3	-5.515674	0.004007
PROX1	-3.436362	0.031178
PROX2	-4.065365	0.016867
PROZ	-4.671373	0.009273
PRP4K	-7.296375	0.000678
PRPF18	-7.474553	0.000567
PRPF19	-2.701977	0.062857
PRPF3	-6.753902	0.001165
PRPF31	-6.979473	0.000930
PRPF38A	-7.572589	0.000514
PRPF38B	-7.602811	0.000499
PRPF39	-7.070632	0.000849
PRPF4	-7.027335	0.000887
PRPF40B	-4.597688	0.009975
PRPF6	-7.069754	0.000850
PRPF8	-2.385077	0.084318
PRPH	-3.475991	0.030003
PRPH2	-5.093583	0.006099
PRPS1	-1.787516	0.143378
PRPS1L1	-3.218493	0.038476
PRPS2	-4.253609	0.014014
PRPSAP1	-2.317693	0.089668
PRPSAP2	-2.133153	0.105916
PRR11	-6.506362	0.001492
PRR13	-4.453373	0.011505
PRR14	-5.677475	0.003411
PRR14L	-4.352946	0.012705
PRR15	-6.145803	0.002138
PRR15L	-5.592361	0.003712
PRR16	-5.471786	0.004186
PRR18	-6.323846	0.001790
PRR19	-3.899822	0.019844
PRR20A	-7.498219	0.000554
PRR22	-4.001437	0.017961
PRR23B	-6.038793	0.002379
PRR23E	-7.624051	0.000488
PRR27	-5.266083	0.005137
PRR3	-7.009870	0.000902
PRR30	-7.378846	0.000624
PRR32	-7.373824	0.000627
PRR35	-4.355139	0.012678
PRR36	-6.646878	0.001296
PRR4	-3.523147	0.028661
PRR5	-3.625622	0.025942
PRR5-ARHGAP8	-4.347981	0.012768
PRR7	-4.880932	0.007533
PRRC1	-3.379275	0.032949
PRRC2A	-3.490630	0.029580
PRRC2C	-2.021583	0.116955
PRRG1	-7.124079	0.000805
PRRG2	-3.639931	0.025582
PRRG3	-5.227733	0.005337
PRRG4	-4.047630	0.017164
PRRT1	-5.301688	0.004958
PRRT2	-3.210453	0.038774
PRRT3	-3.643836	0.025485
PRRX1	-4.098465	0.016327
PRRX2	-4.738493	0.008676
PRSS1	-3.576391	0.027215
PRSS12	-4.462968	0.011397
PRSS16	-5.149295	0.005770
PRSS2	-3.496645	0.029408
PRSS21	-4.506520	0.010916
PRSS22	-5.253972	0.005200
PRSS23	-5.179903	0.005597
PRSS27	-5.291609	0.005008
PRSS3	-3.432367	0.031299
PRSS33	-4.674994	0.009239
PRSS35	-4.681550	0.009180
PRSS36	-3.300526	0.035553
PRSS37	-5.712396	0.003294
PRSS38	-4.998741	0.006701
PRSS48	-4.617842	0.009778
PRSS50	-3.649906	0.025335
PRSS53	-3.905965	0.019725
PRSS54	-4.073673	0.016730
PRSS55	-5.089060	0.006126
PRSS57	-4.680142	0.009192
PRSS58	-5.924300	0.002667
PRSS8	-2.614636	0.068202
PRTFDC1	-4.713536	0.008893
PRTG	-3.618037	0.026134
PRTN3	-3.849286	0.020851
PRUNE1	-3.431931	0.031312
PRUNE2	-2.647712	0.066130
PRX	-3.389436	0.032627
PRXL2A	-6.470180	0.001547
PRXL2B	-5.277179	0.005081
PRXL2C	-5.698729	0.003339
PSAP	-3.928445	0.019295
PSAPL1	-5.481043	0.004148
PSAT1	-5.647615	0.003514
PSCA	-5.062239	0.006292
PSD	-5.407584	0.004462
PSD2	-5.689656	0.003369
PSD3	-5.374571	0.004612
PSD4	-5.412096	0.004442
PSEN1	-3.453540	0.030663
PSEN2	-2.962016	0.049172
PSENEN	-4.376913	0.012408
PSG1	-4.780303	0.008324
PSG11	-4.798759	0.008173
PSG3	-4.709328	0.008930
PSG4	-4.675853	0.009232
PSG5	-4.754640	0.008538
PSG6	-4.833433	0.007896
PSG7	-4.542925	0.010530
PSG8	-4.577757	0.010173
PSG9	-4.609276	0.009861
PSIP1	-3.838529	0.021072
PSKH1	-5.440759	0.004317
PSKH2	-7.206936	0.000741
PSMA1	-1.903528	0.129710
PSMA2	0.387474	0.595674
PSMA3	-1.895954	0.130567
PSMA4	-2.037554	0.115316
PSMA5	-1.614622	0.165948
PSMA6	-1.825278	0.138802
PSMA7	-1.926930	0.127091
PSMA8	-2.048120	0.114243
PSMB1	3.876697	0.979701
PSMB10	1.966920	0.877280
PSMB2	1.935536	0.873861
PSMB3	3.878703	0.979741
PSMB4	3.948425	0.981080
PSMB5	-0.170970	0.457361
PSMB6	3.753206	0.977094
PSMB7	3.864596	0.979459
PSMB8	1.381230	0.799188
PSMB9	3.982356	0.981699
PSMC1	-1.153512	0.239848
PSMC2	0.427538	0.605286
PSMC3	-1.705384	0.153763
PSMC3IP	-1.418916	0.194832
PSMC4	-1.766408	0.145990
PSMC5	-1.658075	0.160021
PSMC6	-2.496268	0.076120
PSMD1	-0.298430	0.425941
PSMD10	2.529178	0.926162
PSMD11	-1.327578	0.209560
PSMD12	3.607291	0.973591
PSMD13	3.712929	0.976175
PSMD14	3.867384	0.979515
PSMD2	-7.005037	0.000906
PSMD3	3.933170	0.980794
PSMD4	3.986934	0.981782
PSMD5	0.633534	0.653290
PSMD6	-0.088857	0.477800
PSMD7	-0.517608	0.373412
PSMD8	-2.042459	0.114817
PSMD9	0.616435	0.649407
PSME1	0.445380	0.609540
PSME2	-2.196653	0.100051
PSME3	-2.012863	0.117859
PSME4	-4.862935	0.007669
PSMF1	-2.017558	0.117372
PSMG1	-2.226976	0.097354
PSMG2	-1.299554	0.214240
PSMG3	-5.975714	0.002533
PSORS1C1	-7.425095	0.000596
PSORS1C2	-5.044338	0.006404
PSPC1	-4.822284	0.007984
PSPH	-3.782195	0.022266
PSRC1	-3.918939	0.019475
PSTK	-5.544313	0.003894
PSTPIP1	-3.525821	0.028586
PSTPIP2	-2.840848	0.055156
PTAFR	-3.455486	0.030606
PTBP1	-7.058905	0.000859
PTBP2	-7.174200	0.000766
PTBP3	-7.156055	0.000780
PTCD1	-3.986283	0.018230
PTCD2	-6.294237	0.001844
PTCD3	-5.107852	0.006013
PTCH1	-4.127088	0.015874
PTCH2	-4.108680	0.016164
PTCHD1	-4.098980	0.016319
PTCHD3	-3.794438	0.022001
PTCHD4	-4.482088	0.011183
PTCRA	-2.400322	0.083148
PTDSS1	-4.277908	0.013682
PTDSS2	-4.145375	0.015591
PTEN	-2.362423	0.086083
PTER	-5.266176	0.005137
PTF1A	-3.544770	0.028065
PTGDR	-3.945380	0.018977
PTGDR2	-3.320645	0.034870
PTGDS	-4.131892	0.015799
PTGER1	-3.437739	0.031137
PTGER2	-3.767183	0.022595
PTGER3	-3.394630	0.032464
PTGER4	-4.125224	0.015903
PTGES	-6.260017	0.001908
PTGES2	-5.289968	0.005017
PTGES3	0.203543	0.550711
PTGFR	-3.648330	0.025374
PTGFRN	-3.030968	0.046046
PTGIR	-3.746600	0.023054
PTGIS	-7.379540	0.000623
PTGR1	-5.553616	0.003858
PTGR2	-6.312639	0.001810
PTGR3	-4.912004	0.007304
PTGS1	-4.392062	0.012224
PTGS2	-4.457994	0.011453
PTH	-3.496372	0.029416
PTH1R	-3.441435	0.031025
PTH2R	-3.628078	0.025880
PTHLH	-3.499059	0.029339
PTK2	-2.334090	0.088339
PTK2B	-3.317650	0.034971
PTK6	-3.032726	0.045969
PTK7	-2.973852	0.048621
PTMA	-2.183762	0.101218
PTMS	-3.694214	0.024264
PTN	-4.041523	0.017267
PTOV1	-3.409091	0.032013
PTP4A1	-4.594656	0.010005
PTP4A2	-4.191772	0.014894
PTP4A3	-5.117405	0.005956
PTPA	-2.375809	0.085036
PTPDC1	-3.862778	0.020577
PTPMT1	-5.555990	0.003849
PTPN1	-3.436893	0.031162
PTPN11	-2.750101	0.060081
PTPN12	-3.662742	0.025020
PTPN13	-3.815835	0.021545
PTPN14	-2.808939	0.056843
PTPN18	-3.997427	0.018032
PTPN2	-3.389795	0.032616
PTPN20	-3.492081	0.029538
PTPN21	-2.926992	0.050835
PTPN22	-3.687785	0.024416
PTPN23	-3.419517	0.031691
PTPN3	-3.184989	0.039735
PTPN4	-2.381192	0.084618
PTPN5	-4.395139	0.012187
PTPN6	-2.187874	0.100845
PTPN7	-2.852035	0.054576
PTPN9	-2.914180	0.051457
PTPRA	-1.948179	0.124752
PTPRB	-3.854777	0.020739
PTPRC	-2.552046	0.072289
PTPRD	-3.087049	0.043645
PTPRE	-2.747551	0.060225
PTPRF	-3.338513	0.034273
PTPRG	-2.860094	0.054162
PTPRH	-2.766479	0.059163
PTPRJ	-3.578064	0.027171
PTPRK	-2.965577	0.049005
PTPRM	-3.097206	0.043223
PTPRN	-3.029274	0.046121
PTPRN2	-3.609239	0.026359
PTPRO	-2.681674	0.064063
PTPRR	-3.667597	0.024902
PTPRS	-3.199203	0.039196
PTPRT	-3.570868	0.027362
PTPRU	-3.436589	0.031171
PTPRZ1	-3.648344	0.025374
PTRH1	-4.516851	0.010805
PTRH2	-5.362071	0.004669
PTS	-1.759326	0.146875
PTTG1	-3.558549	0.027691
PTTG1IP	-4.731032	0.008740
PTTG2	-3.492958	0.029513
PTX3	-3.547765	0.027983
PTX4	-4.669864	0.009286
PUDP	-5.845871	0.002883
PUF60	-6.003089	0.002465
PUM1	-3.513118	0.028941
PUM2	-3.442564	0.030991
PUM3	-7.761380	0.000426
PURA	-6.921055	0.000986
PURB	-6.833946	0.001075
PURG	-6.640135	0.001305
PUS1	-7.542752	0.000530
PUS10	-7.798718	0.000410
PUS3	-7.427956	0.000594
PUS7	-7.566489	0.000517
PUS7L	-4.272451	0.013756
PUSL1	-7.725462	0.000441
PVALB	-3.510148	0.029025
PVR	-2.703970	0.062739
PVRIG	-2.743187	0.060473
PWP1	-6.049534	0.002353
PWP2	-4.261883	0.013900
PWWP2B	-6.753073	0.001166
PWWP3A	-5.748699	0.003177
PWWP3B	-6.469138	0.001548
PXDC1	-4.932313	0.007158
PXDN	-3.672721	0.024778
PXDNL	-4.406263	0.012054
PXK	-4.120051	0.015984
PXMP2	-5.349403	0.004729
PXMP4	-4.442728	0.011627
PXN	-3.391296	0.032569
PXT1	-6.758467	0.001160
PXYLP1	-5.337450	0.004785
PYCARD	-3.440100	0.031065
PYCR1	-5.601689	0.003678
PYCR2	-5.358657	0.004685
PYCR3	-3.463403	0.030372
PYDC1	-3.998225	0.018018
PYDC2	-6.058105	0.002333
PYGB	-4.304901	0.013322
PYGL	-3.906900	0.019707
PYGM	-4.007236	0.017859
PYGO1	-3.457363	0.030550
PYGO2	-3.767992	0.022577
PYHIN1	-6.884396	0.001023
PYM1	2.685602	0.936172
PYROXD1	-3.727545	0.023487
PYROXD2	-4.696106	0.009048
PYY	-3.333901	0.034426
PZP	-4.259356	0.013934
QARS1	-2.219117	0.098047
QDPR	-6.564137	0.001408
QKI	-3.984214	0.018267
QNG1	-6.829240	0.001081
QPCT	-6.964491	0.000944
QPCTL	-6.103940	0.002229
QPRT	-6.654765	0.001286
QRFP	-3.504993	0.029170
QRFPR	-3.416858	0.031773
QRICH1	-4.280774	0.013643
QRICH2	-5.441442	0.004315
QRSL1	-2.768959	0.059025
QSER1	-3.412637	0.031903
QSOX1	-4.802446	0.008143
QSOX2	-4.667847	0.009305
QTGAL	-3.706348	0.023978
QTMAN	-7.355628	0.000639
QTRT1	-4.047094	0.017173
QTRT2	-5.629069	0.003579
R3HCC1L	-4.403577	0.012086
R3HDM1	-3.663361	0.025005
R3HDM2	-3.630686	0.025814
R3HDM4	-3.821928	0.021417
R3HDML	-5.163660	0.005688
RAB10	-2.206454	0.099172
RAB11A	-2.748002	0.060200
RAB11B	-2.763868	0.059308
RAB11FIP1	-3.342817	0.034131
RAB11FIP2	-3.035677	0.045840
RAB11FIP3	-2.194965	0.100204
RAB11FIP4	-2.399397	0.083219
RAB11FIP5	-2.402501	0.082982
RAB12	-2.919748	0.051186
RAB13	-4.041478	0.017268
RAB14	-3.213220	0.038671
RAB15	-3.073630	0.044208
RAB17	-3.504572	0.029182
RAB18	-3.448689	0.030808
RAB19	-4.007211	0.017859
RAB1A	-2.029440	0.116146
RAB1B	-3.355434	0.033718
RAB20	-2.774857	0.058698
RAB21	-3.453561	0.030663
RAB22A	-2.649330	0.066030
RAB23	-3.672368	0.024786
RAB24	-3.690686	0.024347
RAB25	-3.923291	0.019392
RAB26	-4.058783	0.016977
RAB27A	-4.000786	0.017972
RAB27B	-4.430746	0.011766
RAB28	-2.273905	0.093307
RAB29	-3.931110	0.019244
RAB2A	-3.313569	0.035109
RAB2B	-3.730298	0.023424
RAB30	-4.477301	0.011236
RAB31	-2.396789	0.083418
RAB32	-3.910190	0.019643
RAB33A	-2.993858	0.047704
RAB33B	-3.511731	0.028980
RAB34	-4.418526	0.011908
RAB35	-3.864190	0.020549
RAB36	-3.644500	0.025469
RAB37	-4.187828	0.014952
RAB38	-3.895854	0.019921
RAB39A	-3.560031	0.027652
RAB39B	-4.400508	0.012122
RAB3A	-2.921626	0.051095
RAB3B	-4.458141	0.011451
RAB3C	-4.196315	0.014828
RAB3D	-3.381759	0.032870
RAB3GAP1	-2.807673	0.056911
RAB3GAP2	-3.443547	0.030962
RAB3IL1	-3.460510	0.030457
RAB3IP	-1.797221	0.142190
RAB40A	-3.252065	0.037253
RAB40AL	-3.271203	0.036572
RAB40B	-2.731350	0.061149
RAB40C	-2.776334	0.058617
RAB41	-3.245685	0.037482
RAB42	-3.506168	0.029137
RAB43	-3.614160	0.026233
RAB44	-5.115153	0.005969
RAB4A	-3.939806	0.019081
RAB4B	-3.707904	0.023942
RAB5A	-2.520972	0.074401
RAB5B	-2.417414	0.081854
RAB5C	-2.802571	0.057185
RAB5IF	-3.688045	0.024410
RAB6A	-2.048195	0.114235
RAB6B	-1.986877	0.120588
RAB6C	-2.103755	0.108732
RAB6D	-2.112102	0.107926
RAB7A	-2.315936	0.089812
RAB7B	-1.652396	0.160785
RAB8A	-3.294716	0.035753
RAB8B	-3.880040	0.020232
RAB9A	-2.416111	0.081952
RAB9B	-2.836511	0.055383
RABAC1	-2.172462	0.102251
RABEP1	-2.446973	0.079660
RABEP2	-2.350374	0.087036
RABEPK	-2.889565	0.052672
RABGAP1	-2.538613	0.073195
RABGAP1L	-2.969914	0.048804
RABGEF1	-2.295257	0.091517
RABGGTA	-2.046989	0.114357
RABGGTB	-2.551491	0.072326
RABIF	-3.453211	0.030673
RABL2A	-4.070825	0.016777
RABL2B	-3.990560	0.018154
RABL3	-2.806972	0.056949
RABL6	-3.657586	0.025146
RAC1	-2.588112	0.069907
RAC2	-3.516779	0.028839
RAC3	-3.472357	0.030109
RACGAP1	-2.847454	0.054813
RACK1	-1.822597	0.139123
RAD1	1.846218	0.863682
RAD17	0.404623	0.599798
RAD18	-2.651976	0.065867
RAD21	-2.176663	0.101866
RAD23A	3.816858	0.978477
RAD23B	-1.777899	0.144563
RAD50	-3.087970	0.043606
RAD51	-6.124649	0.002183
RAD51AP1	-3.020499	0.046508
RAD51B	-3.747838	0.023026
RAD51C	-2.012472	0.117900
RAD51D	-5.090481	0.006117
RAD52	-2.257577	0.094698
RAD54B	-4.158588	0.015389
RAD54L	-5.555719	0.003850
RAD54L2	-4.322310	0.013095
RAD9A	3.146186	0.958758
RAD9B	3.789207	0.977887
RADIL	-3.742303	0.023151
RADX	-2.580724	0.070389
RAE1	-2.853688	0.054491
RAET1E	-3.184402	0.039757
RAET1G	-4.107944	0.016176
RAF1	-2.074528	0.111597
RAG1	-3.144953	0.041291
RAG2	-5.426470	0.004379
RAI1	-3.544626	0.028069
RAI14	-3.718728	0.023690
RAI2	-6.882106	0.001025
RALA	-2.291266	0.091849
RALB	-2.891967	0.052552
RALBP1	-3.389533	0.032624
RALGAPA1	-3.615026	0.026211
RALGAPA2	-4.139122	0.015687
RALGAPB	-2.980198	0.048329
RALGDS	-4.995663	0.006722
RALGPS1	-5.611951	0.003641
RALGPS2	-5.546960	0.003884
RALY	-6.652957	0.001289
RALYL	-2.240519	0.096170
RAMAC	-4.387287	0.012282
RAMP1	-3.434829	0.031225
RAMP2	-3.454493	0.030635
RAMP3	-3.459811	0.030478
RAN	-1.568257	0.172465
RANBP1	-2.524797	0.074138
RANBP10	-3.306371	0.035353
RANBP17	-2.497777	0.076014
RANBP2	-3.297836	0.035645
RANBP3	-3.046182	0.045383
RANBP3L	-3.439178	0.031093
RANBP6	-3.705636	0.023995
RANBP9	-3.404552	0.032154
RANGAP1	-2.421062	0.081581
RANGRF	-2.575542	0.070729
RAP1A	-2.731863	0.061119
RAP1B	-3.258599	0.037019
RAP1GAP	-4.365968	0.012543
RAP1GAP2	-3.681842	0.024558
RAP1GDS1	-3.108528	0.042757
RAP2A	-1.998857	0.119323
RAP2B	-2.503801	0.075592
RAP2C	-3.017499	0.046642
RAPGEF1	-3.640416	0.025570
RAPGEF3	-5.560967	0.003830
RAPGEF4	-3.593345	0.026770
RAPGEF6	-3.723360	0.023583
RAPGEFL1	-4.516818	0.010806
RAPH1	-3.598574	0.026634
RAPSN	-2.254279	0.094981
RARA	-3.069600	0.044379
RARB	-3.487840	0.029660
RARG	-3.558536	0.027692
RARRES1	-4.935642	0.007135
RARRES2	-5.301550	0.004959
RARS1	-2.247100	0.095600
RARS2	-1.801405	0.141680
RASA1	-2.382643	0.084506
RASA2	-3.718669	0.023691
RASA3	-2.109815	0.108147
RASA4	-3.921587	0.019425
RASAL1	-3.856461	0.020705
RASAL2	-3.930336	0.019259
RASAL3	-4.071178	0.016771
RASD1	-3.138853	0.041533
RASD2	-3.273474	0.036492
RASEF	-3.738490	0.023237
RASGEF1A	-5.557790	0.003842
RASGEF1B	-4.721654	0.008822
RASGEF1C	-5.651493	0.003500
RASGRF1	-5.313972	0.004898
RASGRF2	-5.552989	0.003861
RASGRP1	-3.601433	0.026560
RASGRP2	-4.147670	0.015555
RASGRP3	-4.097627	0.016341
RASGRP4	-5.270993	0.005112
RASIP1	-3.641263	0.025549
RASL10A	-4.905882	0.007349
RASL10B	-4.987818	0.006774
RASL11B	-5.603473	0.003672
RASL12	-5.147851	0.005778
RASSF1	-3.629174	0.025852
RASSF10	-5.162638	0.005694
RASSF2	-3.639708	0.025588
RASSF3	-5.563910	0.003819
RASSF4	-3.670183	0.024839
RASSF5	-4.344035	0.012818
RASSF6	-5.595614	0.003700
RASSF7	-5.307025	0.004932
RASSF8	-4.835904	0.007877
RASSF9	-5.065962	0.006268
RAVER1	-6.155537	0.002117
RAVER2	-6.691201	0.001240
RAX	-4.078802	0.016646
RAX2	-4.581963	0.010131
RB1	-3.291443	0.035866
RB1CC1	-3.084104	0.043768
RBAK	-5.568933	0.003800
RBBP4	-3.874391	0.020344
RBBP5	-3.051748	0.045142
RBBP6	-6.652925	0.001289
RBBP7	-3.941008	0.019058
RBBP8	-3.507714	0.029094
RBBP8NL	-4.629141	0.009669
RBBP9	-6.492682	0.001512
RBCK1	-3.990621	0.018153
RBFA	-7.797533	0.000411
RBFOX1	-4.741853	0.008647
RBFOX2	-5.158567	0.005717
RBFOX3	-3.404733	0.032148
RBKS	-2.642617	0.066446
RBL1	-2.480582	0.077231
RBL2	-3.353998	0.033764
RBM10	-6.838438	0.001071
RBM11	-5.631783	0.003569
RBM12	-1.586676	0.169852
RBM12B	-6.310946	0.001813
RBM14	-4.194448	0.014855
RBM15	-6.877791	0.001029
RBM15B	-6.934260	0.000973
RBM17	-7.441319	0.000586
RBM18	-7.409317	0.000605
RBM19	-7.591112	0.000505
RBM22	-2.006364	0.118536
RBM23	-7.051652	0.000865
RBM24	-5.225206	0.005350
RBM25	-2.951819	0.049651
RBM26	-7.470699	0.000569
RBM28	-7.624513	0.000488
RBM3	-7.447726	0.000582
RBM33	-3.042073	0.045561
RBM34	-5.903178	0.002723
RBM38	-7.127887	0.000802
RBM39	-7.031178	0.000883
RBM4	-5.247304	0.005234
RBM41	-5.550459	0.003871
RBM42	-7.008672	0.000903
RBM43	-3.919955	0.019456
RBM44	-4.004562	0.017906
RBM45	-7.122955	0.000806
RBM46	-4.129841	0.015831
RBM47	-6.861192	0.001047
RBM48	-7.151484	0.000783
RBM4B	-4.914449	0.007286
RBM5	-6.698994	0.001231
RBM6	-3.508893	0.029060
RBM7	-4.090138	0.016461
RBM8A	-7.552366	0.000525
RBMS1	-4.774283	0.008373
RBMS2	-4.558667	0.010367
RBMS3	-4.277347	0.013689
RBMX	-7.375817	0.000626
RBMX2	-7.524673	0.000539
RBMXL2	-7.326907	0.000657
RBMY1A1	-7.323566	0.000659
RBMY1B	-7.320803	0.000661
RBMY1D	-7.323566	0.000659
RBMY1E	-7.322762	0.000660
RBMY1F	-7.164093	0.000773
RBMY1J	-7.164093	0.000773
RBP1	-2.383209	0.084462
RBP2	-5.074267	0.006217
RBP3	-3.248148	0.037394
RBP4	-3.642026	0.025530
RBP5	-3.591312	0.026823
RBP7	-4.532609	0.010638
RBPJ	-3.761137	0.022729
RBPJL	-2.963339	0.049110
RBPMS	-7.368585	0.000630
RBPMS2	-7.264428	0.000700
RBSN	-3.518194	0.028799
RBX1	-0.600547	0.354219
RC3H1	-3.436408	0.031177
RC3H2	-2.753772	0.059874
RCAN1	-3.202431	0.039074
RCAN2	-4.776025	0.008359
RCAN3	-5.378036	0.004596
RCBTB1	-3.513810	0.028922
RCBTB2	-4.698384	0.009028
RCC1	-3.409158	0.032010
RCC1L	-3.421590	0.031627
RCC2	-2.650859	0.065936
RCCD1	-5.162332	0.005696
RCE1	-4.328947	0.013010
RCHY1	-3.116905	0.042415
RCL1	-7.705128	0.000450
RCN1	-3.428763	0.031409
RCN2	-5.065363	0.006272
RCN3	-4.262540	0.013891
RCOR1	-3.983935	0.018272
RCOR2	-3.653703	0.025241
RCOR3	-3.907889	0.019687
RCSD1	-5.281894	0.005057
RCVRN	-3.875587	0.020321
RD3	-7.284262	0.000686
RDH10	-2.904172	0.051948
RDH11	-3.602992	0.026520
RDH12	-5.361617	0.004671
RDH13	-4.727918	0.008767
RDH14	-5.703095	0.003325
RDH16	-5.137277	0.005839
RDH5	-4.465071	0.011373
RDH8	-5.397794	0.004506
RDM1	-6.756171	0.001162
RDX	-2.740257	0.060639
REC114	-4.064714	0.016878
REC8	-3.599472	0.026611
RECK	-3.309880	0.035234
RECQL	-3.589071	0.026881
RECQL4	-3.502527	0.029240
RECQL5	-3.486174	0.029708
REDIC1	-4.725958	0.008784
REEP1	-5.026375	0.006520
REEP2	-4.898512	0.007402
REEP3	-4.887476	0.007484
REEP4	-5.088933	0.006127
REEP5	-4.212353	0.014595
REEP6	-4.403016	0.012092
REG1A	-3.201599	0.039106
REG1B	-3.531371	0.028433
REG3A	-3.587170	0.026931
REG3G	-4.389863	0.012250
REG4	-4.236253	0.014256
REL	-3.324749	0.034732
RELA	-3.646170	0.025427
RELB	-3.386104	0.032733
RELCH	-2.366045	0.085799
RELL1	-2.645210	0.066285
RELL2	-2.560847	0.071701
RELN	-4.419641	0.011895
RELT	-2.411014	0.082337
REM1	-5.267929	0.005128
REM2	-5.009402	0.006631
REN	-3.635231	0.025700
RENBP	-6.883162	0.001024
REP15	-6.078008	0.002287
REPIN1	-4.083655	0.016567
REPS1	-2.697511	0.063120
REPS2	-2.685245	0.063850
RER1	-3.415691	0.031809
RERE	-3.362606	0.033485
RERG	-4.397723	0.012156
RERGL	-4.583704	0.010114
RESF1	-3.601310	0.026563
REST	-3.804401	0.021787
RET	-2.614175	0.068232
RETN	-5.238574	0.005280
RETNLB	-4.701556	0.008999
RETREG1	-3.803147	0.021814
RETREG2	-5.531765	0.003943
RETREG3	-3.349846	0.033900
RETSAT	-5.403506	0.004481
REV1	-1.423573	0.194102
REV3L	-2.462010	0.078565
REXO1	-3.808018	0.021710
REXO2	-1.723209	0.151458
REXO4	-4.453084	0.011509
REXO5	-3.278179	0.036327
RFC1	-0.976821	0.273523
RFC2	3.362701	0.966518
RFC3	3.579834	0.972876
RFC4	1.305421	0.786746
RFC5	3.041561	0.954417
RFESD	-5.413935	0.004434
RFFL	-3.508145	0.029081
RFK	-1.634657	0.163193
RFLNA	-7.538858	0.000532
RFLNB	-6.105131	0.002226
RFNG	-4.857685	0.007709
RFPL1	-7.293414	0.000680
RFPL2	-7.178333	0.000762
RFPL3	-7.036515	0.000878
RFPL4A	-6.393211	0.001670
RFPL4AL1	-6.035527	0.002387
RFPL4B	-6.386854	0.001681
RFT1	-4.784429	0.008290
RFTN1	-5.739412	0.003206
RFTN2	-5.982270	0.002517
RFWD3	-3.479367	0.029905
RFX1	-3.604963	0.026469
RFX2	-2.139070	0.105357
RFX3	-3.592311	0.026797
RFX4	-3.844744	0.020944
RFX5	-3.690328	0.024356
RFX6	-3.789286	0.022112
RFX7	-4.251219	0.014047
RFXANK	-4.255837	0.013983
RFXAP	-3.628838	0.025860
RGCC	-4.037204	0.017341
RGL1	-4.129030	0.015843
RGL2	-4.285027	0.013586
RGL3	-5.195681	0.005510
RGL4	-5.193119	0.005524
RGMA	-3.038720	0.045707
RGMB	-3.390496	0.032594
RGN	-5.905104	0.002718
RGP1	-3.023798	0.046362
RGPD1	-3.269390	0.036636
RGPD2	-2.028516	0.116241
RGPD5	-3.512886	0.028948
RGR	-3.247295	0.037424
RGS1	-5.398128	0.004505
RGS10	-5.152341	0.005753
RGS11	-5.008472	0.006637
RGS12	-3.646083	0.025430
RGS13	-5.072743	0.006226
RGS14	-4.681441	0.009181
RGS16	-5.499944	0.004070
RGS17	-5.273559	0.005099
RGS18	-5.282235	0.005055
RGS19	-4.520387	0.010768
RGS2	-4.603121	0.009921
RGS20	-4.007933	0.017847
RGS21	-4.624087	0.009717
RGS22	-5.648127	0.003512
RGS4	-5.005545	0.006656
RGS5	-5.152473	0.005752
RGS6	-4.457271	0.011461
RGS7	-4.980581	0.006823
RGS7BP	-3.984602	0.018260
RGS8	-5.215529	0.005402
RGS9	-4.386097	0.012296
RGS9BP	-4.339698	0.012873
RHAG	-4.282034	0.013626
RHBDD1	-4.143144	0.015625
RHBDD2	-2.034406	0.115638
RHBDD3	-4.709851	0.008926
RHBDF1	-3.765103	0.022641
RHBDF2	-4.716879	0.008864
RHBDL1	-4.519745	0.010774
RHBDL2	-4.792867	0.008221
RHBDL3	-4.091597	0.016438
RHBG	-5.070043	0.006243
RHCE	-4.962161	0.006949
RHCG	-5.105334	0.006028
RHD	-5.121879	0.005929
RHEB	-3.464070	0.030352
RHEBL1	-2.986434	0.048042
RHEX	-3.450414	0.030757
RHNO1	-3.186021	0.039695
RHO	-4.165727	0.015281
RHOA	-2.498873	0.075937
RHOB	-2.027138	0.116383
RHOBTB1	-2.716878	0.061985
RHOBTB2	-3.238280	0.037750
RHOBTB3	-2.990860	0.047841
RHOC	-3.130320	0.041874
RHOD	-3.703324	0.024049
RHOF	-2.197885	0.099941
RHOG	-3.633574	0.025741
RHOH	-3.531031	0.028442
RHOJ	-3.256056	0.037110
RHOQ	-3.465751	0.030303
RHOT1	-1.126326	0.244840
RHOT2	-2.478185	0.077402
RHOU	-3.571823	0.027336
RHOV	-3.603122	0.026516
RHOXF1	-5.989592	0.002498
RHOXF2	-7.520972	0.000541
RHPN1	-2.910444	0.051640
RHPN2	-3.518302	0.028796
RIBC1	-4.276657	0.013699
RIBC2	-3.063377	0.044643
RIC1	-3.477366	0.029963
RIC3	-6.683112	0.001250
RIC8A	-3.528066	0.028524
RIC8B	-1.406583	0.196774
RICTOR	0.503321	0.623239
RIDA	-6.404460	0.001651
RIF1	-0.816379	0.306533
RIGI	-3.396775	0.032396
RILP	-3.617791	0.026140
RILPL1	-2.542559	0.072928
RILPL2	-4.777876	0.008344
RIMBP2	-2.585518	0.070076
RIMKLA	-5.505785	0.004047
RIMKLB	-6.195174	0.002035
RIMOC1	-1.799369	0.141928
RIMS1	-3.615549	0.026197
RIMS2	-3.079042	0.043980
RIMS3	-4.609442	0.009859
RIMS4	-5.427893	0.004373
RIN1	-3.260477	0.036952
RIN2	-3.513076	0.028942
RIN3	-2.902162	0.052047
RING1	-6.676809	0.001258
RINL	-3.722198	0.023610
RINT1	-3.563987	0.027545
RIOK1	-7.268085	0.000697
RIOK2	-2.095146	0.109569
RIOK3	-4.853368	0.007742
RIOX1	-3.441932	0.031010
RIOX2	-6.514373	0.001480
RIPK1	-3.235842	0.037839
RIPK2	-3.314517	0.035077
RIPK3	-2.583000	0.070241
RIPK4	-3.533599	0.028371
RIPOR1	-3.568359	0.027429
RIPOR2	-3.696514	0.024209
RIPOR3	-4.603087	0.009921
RIPPLY2	-3.705421	0.024000
RIPPLY3	-6.059343	0.002330
RIT1	-4.803623	0.008133
RIT2	-3.420411	0.031664
RITA1	-3.588354	0.026900
RLBP1	-4.442657	0.011628
RLF	-4.072421	0.016751
RLIG1	-6.464824	0.001555
RLIM	-3.207557	0.038882
RLN1	-3.221912	0.038349
RLN2	-3.191035	0.039504
RLN3	-3.353483	0.033781
RMC1	-3.720329	0.023653
RMDN1	-3.687631	0.024420
RMDN2	-5.115593	0.005967
RMDN3	-3.595867	0.026704
RMI1	-3.521016	0.028720
RMI2	0.798826	0.689723
RMND1	-5.935959	0.002636
RMND5A	-2.991048	0.047832
RMND5B	-3.260980	0.036934
RMP24	-3.438105	0.031126
RMP64	-3.584681	0.026996
RNASE1	-4.776366	0.008356
RNASE10	-3.263383	0.036849
RNASE11	-4.452741	0.011513
RNASE12	-5.356385	0.004696
RNASE13	-6.069657	0.002307
RNASE2	-4.884603	0.007505
RNASE3	-6.838995	0.001070
RNASE4	-4.766802	0.008436
RNASE6	-7.414990	0.000602
RNASE7	-3.596948	0.026676
RNASE8	-5.376249	0.004604
RNASE9	-5.641562	0.003535
RNASEH1	-5.703578	0.003323
RNASEH2A	-6.228361	0.001969
RNASEH2B	-3.737543	0.023259
RNASEH2C	-4.743460	0.008633
RNASEK	-4.160074	0.015367
RNASEL	-3.477328	0.029964
RNASET2	-7.055919	0.000862
RND1	-3.447601	0.030840
RND2	-3.321707	0.034834
RND3	-4.036759	0.017348
RNF10	-3.742902	0.023137
RNF103	-3.453493	0.030665
RNF11	-3.599781	0.026603
RNF111	-3.371614	0.033194
RNF112	-5.690427	0.003367
RNF113A	-3.915351	0.019544
RNF113B	-5.595298	0.003702
RNF114	-3.497644	0.029379
RNF115	-3.482258	0.029821
RNF121	-4.234996	0.014273
RNF122	-4.116707	0.016037
RNF123	-3.215147	0.038600
RNF125	-4.017971	0.017672
RNF126	-3.496797	0.029404
RNF128	-4.177763	0.015101
RNF13	-2.895640	0.052370
RNF130	-4.110130	0.016141
RNF133	-5.118458	0.005950
RNF135	-3.128057	0.041965
RNF138	-3.539688	0.028204
RNF139	-2.920966	0.051127
RNF14	-3.474569	0.030045
RNF141	-3.595466	0.026715
RNF144A	-3.505408	0.029159
RNF144B	-3.704718	0.024016
RNF145	-3.521777	0.028699
RNF146	-4.310477	0.013249
RNF148	-5.789783	0.003049
RNF149	-4.460666	0.011423
RNF150	-3.959780	0.018711
RNF151	-4.002107	0.017949
RNF152	-5.442424	0.004310
RNF157	-3.731980	0.023385
RNF166	-4.027467	0.017507
RNF167	-4.042492	0.017251
RNF168	-3.389305	0.032631
RNF169	-3.707251	0.023957
RNF17	-3.461526	0.030427
RNF170	-5.503726	0.004055
RNF175	-3.413608	0.031873
RNF180	-4.560717	0.010346
RNF181	-4.596468	0.009987
RNF182	-3.598346	0.026640
RNF183	-4.811418	0.008071
RNF185	-0.426780	0.394896
RNF186	-7.528432	0.000537
RNF19A	-3.874329	0.020346
RNF19B	-3.861670	0.020600
RNF2	-4.051930	0.017092
RNF20	-2.969916	0.048804
RNF207	-4.918809	0.007255
RNF208	-6.047484	0.002358
RNF212	-4.172267	0.015183
RNF213	-3.950045	0.018890
RNF214	-3.575000	0.027252
RNF215	-3.665744	0.024947
RNF216	-3.461892	0.030416
RNF217	-3.600901	0.026574
RNF220	-3.572744	0.027312
RNF222	-4.446640	0.011582
RNF24	-5.940709	0.002623
RNF25	-3.510381	0.029018
RNF26	-3.486850	0.029689
RNF31	-3.794241	0.022005
RNF32	-5.663946	0.003457
RNF34	-3.706438	0.023976
RNF38	-3.799150	0.021899
RNF39	-5.903779	0.002722
RNF4	-4.364532	0.012561
RNF40	-3.353394	0.033784
RNF41	-3.483427	0.029787
RNF43	-2.774764	0.058703
RNF44	-3.855011	0.020734
RNF5	-2.961183	0.049211
RNF6	-3.540127	0.028192
RNF7	-3.070166	0.044355
RNF8	-3.223026	0.038308
RNFT1	-3.121712	0.042220
RNFT2	-4.709921	0.008925
RNGTT	-4.699154	0.009021
RNH1	-1.510960	0.180797
RNLS	-4.519682	0.010775
RNMT	-2.480108	0.077264
RNPC3	-7.629610	0.000486
RNPEP	-3.758102	0.022796
RNPEPL1	-4.049549	0.017132
RNPS1	-7.507235	0.000549
RO60	-3.303725	0.035444
ROBO1	-3.606161	0.026438
ROBO2	-3.403898	0.032174
ROBO3	-3.612895	0.026265
ROBO4	-3.454970	0.030621
ROCK1	-3.445174	0.030913
ROCK2	-2.908595	0.051730
ROGDI	-3.424868	0.031527
ROM1	-6.289470	0.001852
ROMO1	-2.596063	0.069392
ROPN1	-3.905227	0.019739
ROPN1B	-3.918847	0.019477
ROPN1L	-3.995347	0.018069
ROR1	-3.112269	0.042604
ROR2	-2.803130	0.057155
RORA	-3.797731	0.021930
RORB	-3.834117	0.021163
RORC	-3.856680	0.020700
ROS1	-3.676633	0.024683
RP1	-3.585132	0.026985
RP1L1	-5.998078	0.002477
RP2	-2.193363	0.100348
RP9	-7.491828	0.000557
RPA1	-2.207174	0.099108
RPA2	1.512473	0.819427
RPA4	3.536453	0.971707
RPAIN	-3.883905	0.020156
RPAP1	-3.224365	0.038259
RPAP2	-5.148697	0.005773
RPAP3	-2.509234	0.075213
RPE	-4.799023	0.008170
RPE65	-4.878290	0.007553
RPF1	-7.811099	0.000405
RPF2	-4.374052	0.012443
RPGR	-5.557005	0.003845
RPGRIP1	-2.356967	0.086514
RPGRIP1L	-2.963371	0.049108
RPH3A	-2.413048	0.082183
RPH3AL	-4.402971	0.012093
RPIA	-5.401292	0.004490
RPL10	-7.259537	0.000703
RPL10A	-6.910451	0.000996
RPL10L	-7.546109	0.000528
RPL11	-0.950748	0.278734
RPL12	-7.444133	0.000585
RPL13	-7.243705	0.000714
RPL13A	-6.853840	0.001054
RPL14	-7.499862	0.000553
RPL15	-7.393487	0.000615
RPL17	-6.897026	0.001010
RPL18	-7.397470	0.000612
RPL19	-6.703004	0.001226
RPL21	-7.014880	0.000898
RPL22	-6.917744	0.000989
RPL23	-7.560861	0.000520
RPL23A	-5.775894	0.003092
RPL24	-7.414063	0.000602
RPL26	-7.754190	0.000429
RPL26L1	-7.740412	0.000435
RPL27	-7.479654	0.000564
RPL27A	-7.444730	0.000584
RPL28	-2.371737	0.085353
RPL3	-4.928154	0.007188
RPL30	-7.625658	0.000488
RPL32	-6.871113	0.001036
RPL34	-7.540061	0.000531
RPL35A	-7.466294	0.000572
RPL36	-7.527770	0.000538
RPL36AL	-7.709568	0.000448
RPL37	-7.382382	0.000622
RPL37A	-7.369874	0.000630
RPL38	-0.324296	0.419629
RPL39L	-7.423861	0.000596
RPL3L	-6.449347	0.001579
RPL4	-7.277799	0.000690
RPL41	-7.326547	0.000657
RPL5	-7.081574	0.000840
RPL6	-6.985956	0.000924
RPL7	-7.430123	0.000593
RPL7A	-7.262298	0.000701
RPL7L1	-7.210063	0.000739
RPL8	-6.905482	0.001001
RPL9	-7.553233	0.000524
RPLP0	-5.191458	0.005533
RPN1	-5.486073	0.004127
RPN2	-1.934015	0.126307
RPP14	-6.698949	0.001231
RPP21	0.022604	0.505651
RPP25	-6.377491	0.001696
RPP25L	-6.580977	0.001385
RPP30	-6.082839	0.002276
RPP38	-7.704605	0.000451
RPP40	-6.092219	0.002255
RPRD1A	-1.519662	0.179511
RPRD1B	-2.448122	0.079576
RPRD2	-1.931667	0.126566
RPRM	-4.733985	0.008715
RPRML	-4.903312	0.007367
RPS10	-6.010031	0.002448
RPS11	-6.222035	0.001981
RPS12	-7.379921	0.000623
RPS13	-7.630940	0.000485
RPS14	-7.514030	0.000545
RPS16	-7.369900	0.000630
RPS17	-6.848382	0.001060
RPS18	-6.831346	0.001078
RPS19	-2.272649	0.093414
RPS19BP1	-4.574944	0.010202
RPS2	-2.203575	0.099430
RPS21	-7.181693	0.000760
RPS23	-6.314464	0.001807
RPS24	-6.862069	0.001046
RPS25	-6.508938	0.001488
RPS27A	-1.976374	0.121706
RPS27L	-7.477201	0.000566
RPS28	-7.042223	0.000873
RPS29	-7.356716	0.000638
RPS3	-7.107858	0.000818
RPS3A	-6.569137	0.001401
RPS4X	-7.529871	0.000537
RPS4Y1	-7.591284	0.000505
RPS4Y2	-7.613455	0.000494
RPS5	-6.136081	0.002159
RPS6	-7.296526	0.000677
RPS6KA1	-3.463257	0.030376
RPS6KA2	-3.505681	0.029151
RPS6KA3	-3.189919	0.039547
RPS6KA4	-3.559785	0.027658
RPS6KA5	-3.224068	0.038270
RPS6KA6	-3.697427	0.024188
RPS6KB1	-2.718957	0.061864
RPS6KB2	-3.484333	0.029761
RPS6KC1	-2.620558	0.067827
RPS6KL1	-3.711515	0.023857
RPS7	-7.268891	0.000696
RPS9	-7.328671	0.000656
RPSA	-3.846789	0.020902
RPTOR	-2.843007	0.055044
RPUSD1	-3.166904	0.040430
RPUSD2	-6.910690	0.000996
RPUSD3	-7.596552	0.000502
RPUSD4	-3.647334	0.025399
RRAD	-5.533559	0.003936
RRAGA	-2.043692	0.114691
RRAGB	-2.759311	0.059563
RRAGC	-4.626904	0.009690
RRAGD	-1.499298	0.182530
RRAS	-3.726251	0.023517
RRAS2	-3.666145	0.024937
RRBP1	-1.769613	0.145591
RREB1	-7.043101	0.000873
RRH	-3.339240	0.034249
RRM1	-2.591531	0.069685
RRM2	-2.654930	0.065686
RRM2B	-3.366296	0.033366
RRN3	-5.427338	0.004376
RRP1	-7.366301	0.000632
RRP12	-7.770889	0.000422
RRP15	-7.764967	0.000424
RRP1B	-7.006000	0.000906
RRP36	-7.598930	0.000501
RRP7A	-7.449191	0.000582
RRP8	-6.924248	0.000983
RRP9	-7.638951	0.000481
RRS1	-7.803948	0.000408
RS1	-4.887380	0.007485
RSAD1	-6.793649	0.001120
RSAD2	-6.365482	0.001717
RSBN1	-3.779741	0.022319
RSBN1L	-4.468155	0.011338
RSC1A1	-5.915482	0.002690
RSF1	-1.166237	0.237536
RSKR	-5.123868	0.005918
RSL1D1	-7.212406	0.000737
RSL24D1	-7.538458	0.000532
RSPH1	-7.219801	0.000731
RSPH10B	-7.483929	0.000562
RSPH14	-5.230691	0.005321
RSPH3	-4.954298	0.007004
RSPH4A	-6.108069	0.002220
RSPH6A	-5.412011	0.004443
RSPH9	-6.774380	0.001141
RSPO1	-3.236451	0.037817
RSPO2	-3.210773	0.038762
RSPO3	-3.289647	0.035928
RSPO4	-3.231594	0.037994
RSPRY1	-4.284206	0.013597
RSRC1	-6.105886	0.002225
RSRC2	-7.102864	0.000822
RSRP1	-6.926928	0.000980
RSU1	-2.676016	0.064404
RTBDN	-4.222186	0.014455
RTCA	-7.742213	0.000434
RTCB	-2.522907	0.074268
RTEL1	0.461067	0.613267
RTF1	-4.969573	0.006898
RTF2	-4.428387	0.011793
RTKN	-3.572094	0.027329
RTKN2	-3.995163	0.018072
RTL10	-4.625307	0.009706
RTL3	-6.424758	0.001618
RTL4	-7.463152	0.000574
RTL5	-6.269512	0.001890
RTL6	-5.459852	0.004236
RTL8A	-7.295719	0.000678
RTL8B	-7.414214	0.000602
RTL8C	-7.280095	0.000689
RTL9	-5.676685	0.003413
RTN1	-3.785472	0.022194
RTN2	-3.997647	0.018028
RTN3	-3.602479	0.026533
RTN4	-3.497573	0.029381
RTN4IP1	-5.524140	0.003973
RTN4R	-2.576742	0.070650
RTN4RL1	-2.903926	0.051960
RTP1	-5.977014	0.002530
RTP2	-5.270533	0.005115
RTP3	-5.301274	0.004961
RTP4	-2.945509	0.049949
RTP5	-7.377475	0.000625
RTRAF	-1.473855	0.186357
RTTN	-3.504159	0.029194
RUBCNL	-5.871772	0.002810
RUFY1	-3.564010	0.027545
RUFY2	-2.187104	0.100915
RUFY3	-2.390810	0.083876
RUFY4	-4.709789	0.008926
RUNDC1	-4.957183	0.006984
RUNDC3A	-5.475560	0.004170
RUNDC3B	-5.352126	0.004716
RUNX1	-3.548069	0.027975
RUNX1T1	-3.483516	0.029785
RUNX2	-3.486576	0.029697
RUNX3	-3.576163	0.027221
RUSC1	-4.113284	0.016091
RUSC2	-4.800312	0.008160
RUSF1	-2.730434	0.061201
RUVBL1	-1.818009	0.139673
RUVBL2	-1.462849	0.188032
RWDD1	-1.333312	0.208612
RWDD2A	-4.184647	0.014999
RWDD2B	-5.645885	0.003520
RWDD3	-7.038789	0.000876
RWDD4	-4.161184	0.015350
RXFP1	-3.605273	0.026461
RXFP2	-2.699854	0.062982
RXFP3	-3.355652	0.033711
RXFP4	-3.359577	0.033583
RXRA	-3.554309	0.027806
RXRB	-3.559647	0.027662
RXYLT1	-5.226466	0.005344
RYBP	-2.840314	0.055184
RYK	-3.442322	0.030999
RYR1	-3.481778	0.029835
RYR2	-3.475182	0.030027
RYR3	-3.491690	0.029550
S100A1	-3.629928	0.025833
S100A10	-4.481076	0.011194
S100A11	-3.304480	0.035418
S100A12	-4.981174	0.006819
S100A13	-5.675538	0.003417
S100A14	-5.479966	0.004152
S100A16	-5.591771	0.003715
S100A2	-3.665757	0.024947
S100A3	-5.341616	0.004765
S100A4	-3.060146	0.044781
S100A5	-5.429232	0.004367
S100A6	-2.841886	0.055102
S100A7	-5.650758	0.003503
S100A7A	-5.207133	0.005448
S100A8	-3.023058	0.046395
S100A9	-3.619370	0.026100
S100B	-3.207229	0.038895
S100G	-5.214106	0.005410
S100P	-3.403885	0.032174
S100PBP	-3.773050	0.022466
S100Z	-5.530551	0.003948
S1PR1	-3.701295	0.024097
S1PR2	-3.732263	0.023379
S1PR3	-3.873091	0.020370
S1PR4	-3.786644	0.022169
S1PR5	-3.636321	0.025673
SAA2	-5.302709	0.004953
SAA4	-5.401945	0.004488
SAAL1	-3.137484	0.041587
SAC3D1	-3.334951	0.034391
SACM1L	-4.003947	0.017917
SACS	-3.840455	0.021032
SAE1	-1.950804	0.124466
SAFB	-6.412151	0.001639
SAFB2	-6.812054	0.001099
SAG	-2.950016	0.049736
SAGE1	-6.297302	0.001838
SALL1	-3.665473	0.024953
SALL2	-3.958991	0.018725
SALL3	-3.722505	0.023603
SALL4	-3.764730	0.022649
SAMD1	-4.258051	0.013952
SAMD10	-6.041301	0.002373
SAMD11	-4.787002	0.008268
SAMD12	-5.486742	0.004124
SAMD13	-3.684615	0.024492
SAMD14	-5.348050	0.004735
SAMD15	-5.304338	0.004945
SAMD3	-3.717863	0.023710
SAMD4A	-3.909120	0.019664
SAMD4B	-4.614254	0.009812
SAMD5	-6.581884	0.001383
SAMD7	-7.048703	0.000868
SAMD8	-4.087216	0.016509
SAMD9	-3.854099	0.020753
SAMD9L	-4.013148	0.017755
SAMHD1	-4.241035	0.014188
SAMM50	-2.856824	0.054330
SAMSN1	-5.556356	0.003848
SAMTOR	-4.573154	0.010220
SANBR	-4.178769	0.015086
SAP130	-2.390574	0.083894
SAP30	-3.996343	0.018051
SAP30BP	-4.807895	0.008099
SAP30L	-4.979527	0.006830
SAPCD1	-6.361300	0.001724
SAPCD2	-5.085279	0.006149
SAR1A	-3.473448	0.030077
SAR1B	-2.505118	0.075500
SARAF	-3.539427	0.028211
SARDH	-4.255944	0.013981
SARM1	-3.443617	0.030960
SARNP	-1.014885	0.266025
SARS1	-1.373664	0.202028
SARS2	-3.568202	0.027433
SART1	-3.570056	0.027383
SART3	-6.924229	0.000983
SASH1	-4.332564	0.012964
SASH3	-5.689593	0.003370
SASS6	-4.555589	0.010399
SAT1	-5.583364	0.003746
SAT2	-4.880484	0.007536
SATB1	-3.326528	0.034672
SATB2	-2.645438	0.066271
SATL1	-6.117608	0.002199
SAXO1	-4.365934	0.012543
SAXO2	-4.154128	0.015457
SAXO4	-4.221447	0.014465
SAXO5	-4.735231	0.008704
SAYSD1	-5.363591	0.004662
SBDS	-2.101064	0.108993
SBF1	-4.485871	0.011142
SBF2	-3.751578	0.022942
SBK1	-4.123569	0.015929
SBNO1	-1.298902	0.214350
SBNO2	-3.487388	0.029673
SBSN	-3.847361	0.020890
SBSPON	-4.572184	0.010230
SC5D	-5.031154	0.006489
SCAF1	-2.623794	0.067623
SCAF11	-3.379750	0.032934
SCAF4	-7.355233	0.000639
SCAF8	-7.391112	0.000616
SCAI	-3.224958	0.038237
SCAMP1	-3.613329	0.026254
SCAMP2	-3.481448	0.029845
SCAMP3	-3.275216	0.036431
SCAMP4	-4.680648	0.009188
SCAMP5	-2.636387	0.066833
SCAND1	-5.204257	0.005463
SCAND3	-5.495858	0.004087
SCAP	-5.151869	0.005755
SCAPER	-3.501853	0.029260
SCARA3	-3.636444	0.025670
SCARA5	-4.726077	0.008783
SCARB1	-3.320732	0.034867
SCARB2	-3.357423	0.033653
SCARF1	-2.662242	0.065238
SCARF2	-3.487977	0.029656
SCCPDH	-5.620782	0.003609
SCD	-4.502850	0.010956
SCD5	-5.021056	0.006554
SCEL	-3.931211	0.019242
SCFD1	-2.066360	0.112410
SCFD2	-3.584630	0.026998
SCG2	-3.376109	0.033051
SCG5	-4.081043	0.016609
SCGB1A1	-4.673496	0.009253
SCGB1C1	-5.477505	0.004162
SCGB1D1	-4.630868	0.009652
SCGB1D2	-4.594355	0.010008
SCGB1D4	-5.154568	0.005740
SCGB2A1	-3.278203	0.036327
SCGB2A2	-3.389651	0.032620
SCGB2B2	-3.611735	0.026295
SCGB3A1	-5.020288	0.006559
SCGB3A2	-3.439213	0.031092
SCGN	-5.916594	0.002687
SCHIP1	-3.261938	0.036900
SCIMP	-3.733001	0.023362
SCIN	-4.552217	0.010434
SCLT1	-5.092675	0.006104
SCLY	-3.454019	0.030649
SCMH1	-3.478652	0.029926
SCML1	-3.553425	0.027830
SCML2	-3.340299	0.034214
SCML4	-3.790875	0.022077
SCN10A	-3.736834	0.023275
SCN11A	-3.629376	0.025847
SCN1A	-3.578161	0.027168
SCN1B	-2.495322	0.076187
SCN2A	-3.557787	0.027712
SCN2B	-3.932624	0.019216
SCN3A	-3.601128	0.026568
SCN3B	-2.661392	0.065290
SCN4A	-3.603146	0.026516
SCN4B	-2.512389	0.074994
SCN5A	-3.663393	0.025004
SCN7A	-3.706496	0.023975
SCN8A	-3.570775	0.027364
SCN9A	-3.631371	0.025797
SCNM1	-5.048310	0.006379
SCNN1A	-3.926707	0.019328
SCNN1B	-4.069570	0.016798
SCNN1D	-4.009289	0.017823
SCNN1G	-3.929605	0.019273
SCO1	-1.878544	0.132556
SCO2	-3.296633	0.035687
SCOC	-3.125484	0.042068
SCP2D1	-4.171543	0.015194
SCPEP1	-3.927288	0.019317
SCRG1	-5.007878	0.006641
SCRIB	-3.421251	0.031638
SCRN1	-5.680815	0.003399
SCRN2	-4.872617	0.007595
SCRN3	-5.373449	0.004617
SCRT1	-4.115477	0.016056
SCRT2	-4.300533	0.013380
SCT	-3.360110	0.033566
SCTR	-3.071314	0.044306
SCUBE1	-3.854439	0.020746
SCUBE2	-4.159221	0.015380
SCUBE3	-3.868359	0.020465
SCX	-4.555919	0.010396
SCYL1	-3.072662	0.044249
SCYL2	-3.478782	0.029922
SCYL3	-5.293448	0.004999
SDAD1	-5.330227	0.004820
SDC1	-3.584664	0.026997
SDC2	-3.477024	0.029973
SDC3	-3.619371	0.026100
SDC4	-3.240880	0.037656
SDCBP	-2.456659	0.078953
SDCBP2	-5.318587	0.004876
SDCCAG8	-4.321470	0.013106
SDE2	-6.937788	0.000969
SDF2	-3.488108	0.029653
SDF4	-4.136142	0.015733
SDHA	-3.292202	0.035840
SDHAF1	-5.647225	0.003515
SDHAF2	-3.050620	0.045191
SDHAF3	-7.192923	0.000751
SDHAF4	-4.280147	0.013652
SDHB	-1.813697	0.140192
SDHC	-4.202102	0.014743
SDHD	-4.033484	0.017404
SDK1	-4.176307	0.015123
SDK2	-3.579125	0.027143
SDR16C5	-3.703889	0.024036
SDR39U1	-5.676888	0.003413
SDR42E1	-5.608493	0.003653
SDR9C7	-5.386968	0.004555
SDS	-5.421900	0.004399
SDSL	-5.148307	0.005776
SEBOX	-6.984756	0.000925
SEC11A	-3.513017	0.028944
SEC11C	-2.644765	0.066312
SEC13	-2.922143	0.051070
SEC14L1	-4.753386	0.008549
SEC14L2	-4.005754	0.017885
SEC14L3	-4.388776	0.012264
SEC14L4	-5.133543	0.005861
SEC16A	-3.669678	0.024851
SEC16B	-3.185360	0.039720
SEC22A	-3.452710	0.030688
SEC22B	-2.505845	0.075449
SEC22C	-3.483818	0.029776
SEC23A	-1.647505	0.161446
SEC23B	-1.832196	0.137977
SEC23IP	-3.298559	0.035621
SEC24A	-2.504760	0.075525
SEC24B	-2.914592	0.051437
SEC24C	-3.124061	0.042126
SEC24D	-3.468358	0.030226
SEC31A	-3.098648	0.043163
SEC31B	-3.180629	0.039901
SEC61A1	-1.366510	0.203184
SEC61A2	-1.160332	0.238607
SEC61B	-7.133567	0.000797
SEC61G	-7.141042	0.000791
SEC62	-5.676528	0.003414
SEC63	-6.141530	0.002147
SECISBP2	-2.558547	0.071854
SECISBP2L	-3.362523	0.033487
SECTM1	-2.122234	0.106954
SEH1L	-0.540005	0.368186
SEL1L	-3.371724	0.033191
SEL1L3	-4.862805	0.007669
SELE	-3.980463	0.018335
SELENBP1	-3.807520	0.021721
SELENOF	-5.354110	0.004706
SELENOH	-3.794497	0.021999
SELENOI	-3.539042	0.028222
SELENOK	-4.458408	0.011448
SELENOM	-5.704651	0.003319
SELENON	-4.541188	0.010548
SELENOO	-5.638624	0.003545
SELENOP	-4.686014	0.009139
SELENOS	-2.681940	0.064047
SELENOT	-3.604106	0.026491
SELENOV	-5.837420	0.002908
SELENOW	-4.922926	0.007225
SELL	-2.836721	0.055372
SELP	-3.631210	0.025801
SELPLG	-3.379208	0.032952
SEM1	-2.680526	0.064132
SEMA3A	-3.529433	0.028486
SEMA3B	-3.678265	0.024644
SEMA3C	-4.147368	0.015560
SEMA3D	-3.670406	0.024834
SEMA3E	-3.498421	0.029357
SEMA3F	-3.696894	0.024200
SEMA3G	-3.880983	0.020214
SEMA4A	-4.783661	0.008296
SEMA4B	-3.770941	0.022512
SEMA4C	-3.641666	0.025539
SEMA4D	-3.724328	0.023561
SEMA4F	-3.730082	0.023429
SEMA4G	-3.634191	0.025726
SEMA5A	-3.458071	0.030529
SEMA5B	-3.694853	0.024249
SEMA6A	-3.850243	0.020831
SEMA6B	-3.651996	0.025283
SEMA6C	-3.638462	0.025619
SEMA6D	-3.713740	0.023806
SEMA7A	-3.611752	0.026294
SEMG1	-4.831100	0.007915
SEMG2	-5.329564	0.004823
SENP1	-2.320843	0.089411
SENP2	-3.487118	0.029681
SENP3	-3.495972	0.029427
SENP5	-2.940494	0.050188
SENP6	-3.528570	0.028510
SENP7	-3.976127	0.018413
SENP8	-2.175658	0.101958
SEPHS1	-5.327741	0.004832
SEPHS2	-5.263495	0.005151
SEPSECS	-5.403698	0.004480
SEPTIN1	-2.096730	0.109415
SEPTIN10	-4.405157	0.012067
SEPTIN11	-2.108000	0.108322
SEPTIN12	-2.013470	0.117796
SEPTIN14	-3.934617	0.019178
SEPTIN2	-1.858834	0.134839
SEPTIN3	-2.537215	0.073290
SEPTIN4	-3.990068	0.018162
SEPTIN5	-3.354752	0.033740
SEPTIN6	-3.524390	0.028626
SEPTIN7	-1.384637	0.200265
SEPTIN9	-1.957956	0.123688
SERAC1	-4.122813	0.015941
SERBP1	-6.863688	0.001044
SERF1A	-7.329425	0.000656
SERF2	-6.457538	0.001566
SERGEF	-4.392482	0.012219
SERHL2	-5.012497	0.006610
SERINC1	-4.957493	0.006981
SERINC2	-5.472989	0.004181
SERINC3	-5.148984	0.005772
SERINC4	-5.195622	0.005510
SERINC5	-5.175213	0.005623
SERP1	-3.400605	0.032277
SERP2	-3.956668	0.018768
SERPINA1	-3.439917	0.031071
SERPINA10	-3.557103	0.027730
SERPINA11	-4.666228	0.009320
SERPINA12	-4.732467	0.008728
SERPINA3	-4.194614	0.014853
SERPINA4	-4.667466	0.009309
SERPINA5	-3.979885	0.018345
SERPINA6	-4.028507	0.017490
SERPINA7	-4.747796	0.008596
SERPINA9	-4.020666	0.017625
SERPINB1	-6.813060	0.001098
SERPINB10	-6.064303	0.002319
SERPINB11	-6.456446	0.001568
SERPINB12	-7.253263	0.000707
SERPINB13	-4.071893	0.016759
SERPINB2	-4.275949	0.013708
SERPINB3	-4.229337	0.014353
SERPINB4	-4.337343	0.012903
SERPINB5	-6.358788	0.001728
SERPINB6	-6.635277	0.001311
SERPINB7	-7.168002	0.000770
SERPINB8	-4.387928	0.012274
SERPINB9	-7.055369	0.000862
SERPINC1	-4.441500	0.011641
SERPIND1	-3.630432	0.025820
SERPINE1	-3.565507	0.027505
SERPINE2	-5.223969	0.005357
SERPINF1	-3.537392	0.028267
SERPINF2	-3.880860	0.020216
SERPING1	-3.638871	0.025609
SERPINH1	-3.449261	0.030791
SERPINI1	-4.363783	0.012570
SERPINI2	-4.789472	0.008248
SERTAD1	-4.570405	0.010248
SERTAD2	-6.514501	0.001480
SERTAD3	-4.515337	0.010822
SERTAD4	-7.223638	0.000729
SERTM1	-5.299243	0.004971
SESN1	-3.599853	0.026601
SESN2	-3.448333	0.030819
SESN3	-3.465539	0.030309
SESTD1	-2.241176	0.096113
SET	-1.691117	0.155629
SETBP1	-3.849482	0.020847
SETD1A	-6.898242	0.001009
SETD2	-4.942216	0.007088
SETD3	-3.627857	0.025885
SETD4	-7.374809	0.000626
SETD5	-3.446236	0.030881
SETD6	-5.732805	0.003228
SETD7	-3.324690	0.034734
SETD9	-5.846566	0.002881
SETDB1	-4.824692	0.007965
SETDB2	-7.590844	0.000505
SETMAR	-3.327287	0.034647
SETX	-3.650884	0.025311
SEZ6	-3.701896	0.024082
SEZ6L	-3.592061	0.026803
SEZ6L2	-3.538595	0.028234
SF1	-4.519497	0.010777
SF3A1	-6.821391	0.001089
SF3A2	-4.420367	0.011887
SF3A3	-7.450228	0.000581
SF3B1	-6.234089	0.001958
SF3B2	-6.563006	0.001410
SF3B3	-1.425100	0.193863
SF3B4	-2.497995	0.075999
SF3B5	-7.639740	0.000481
SF3B6	-7.676348	0.000463
SFI1	-4.226659	0.014391
SFMBT1	-4.566229	0.010290
SFMBT2	-3.871726	0.020398
SFN	-3.158283	0.040766
SFPQ	-3.283975	0.036125
SFR1	-7.082868	0.000839
SFRP1	-3.452035	0.030708
SFRP2	-3.580150	0.027116
SFRP4	-3.451177	0.030734
SFRP5	-3.576024	0.027225
SFSWAP	-7.423393	0.000597
SFT2D1	-4.731249	0.008738
SFT2D2	-5.064169	0.006279
SFT2D3	-4.856041	0.007721
SFTA2	-6.282978	0.001864
SFTPA1	-3.400297	0.032286
SFTPB	-5.200667	0.005483
SFTPC	-6.324484	0.001789
SFTPD	-3.758685	0.022783
SFXN1	-4.997550	0.006709
SFXN2	-4.921277	0.007237
SFXN3	-6.576837	0.001390
SFXN4	-6.148350	0.002132
SFXN5	-3.974844	0.018436
SGCA	-3.463357	0.030373
SGCB	-3.317550	0.034974
SGCD	-3.668693	0.024875
SGCE	-3.314836	0.035066
SGCG	-3.922167	0.019414
SGCZ	-3.660624	0.025072
SGF29	-3.233832	0.037912
SGIP1	-2.537477	0.073272
SGK1	-3.151320	0.041039
SGK2	-3.322981	0.034791
SGK3	-1.892982	0.130905
SGMS1	-3.809505	0.021679
SGMS2	-4.822501	0.007982
SGO1	-2.378290	0.084843
SGO2	-3.673645	0.024755
SGPL1	-5.153327	0.005747
SGPP1	-4.760438	0.008489
SGPP2	-5.119000	0.005946
SGSH	-5.372655	0.004620
SGSM1	-3.997897	0.018023
SGSM2	-3.951810	0.018857
SGSM3	-3.638118	0.025628
SGTA	-2.953977	0.049549
SGTB	-2.236217	0.096545
SH2B1	-1.960063	0.123460
SH2B2	-2.667201	0.064937
SH2B3	-2.824127	0.056034
SH2D1A	-2.700073	0.062969
SH2D1B	-2.756574	0.059716
SH2D2A	-2.357853	0.086444
SH2D3A	-3.420523	0.031660
SH2D3C	-2.466751	0.078222
SH2D4B	-2.070286	0.112019
SH2D6	-3.472034	0.030119
SH3BGR	-5.058295	0.006316
SH3BGRL	-4.926129	0.007202
SH3BGRL2	-6.612134	0.001342
SH3BGRL3	-5.196784	0.005504
SH3BP1	-2.303686	0.090818
SH3BP2	-4.210652	0.014620
SH3BP4	-3.458369	0.030520
SH3BP5	-1.391495	0.199169
SH3BP5L	-4.690180	0.009101
SH3D19	-3.581737	0.027074
SH3D21	-4.950131	0.007033
SH3GL1	-2.370726	0.085432
SH3GL2	-2.713298	0.062193
SH3GL3	-3.080231	0.043930
SH3GLB1	-1.894443	0.130739
SH3GLB2	-2.230297	0.097063
SH3KBP1	-3.049501	0.045239
SH3PXD2A	-3.105115	0.042897
SH3PXD2B	-2.635704	0.066876
SH3RF1	-3.333712	0.034433
SH3RF2	-3.431105	0.031337
SH3RF3	-3.486372	0.029702
SH3TC1	-4.777726	0.008345
SH3TC2	-4.828321	0.007936
SH3YL1	-2.479497	0.077308
SHANK1	-3.677717	0.024657
SHANK2	-3.872345	0.020385
SHANK3	-3.771727	0.022495
SHARPIN	-3.623024	0.026007
SHB	-2.524578	0.074153
SHBG	-4.469633	0.011322
SHC1	-3.322677	0.034801
SHC2	-2.118344	0.107327
SHC3	-2.901760	0.052067
SHC4	-3.353731	0.033773
SHCBP1	-3.053844	0.045052
SHCBP1L	-5.762357	0.003134
SHD	-2.607439	0.068661
SHE	-3.649943	0.025334
SHF	-3.398008	0.032358
SHFL	-6.364157	0.001719
SHH	-3.821113	0.021434
SHISA2	-5.364896	0.004656
SHISA3	-6.608571	0.001347
SHISA4	-7.282772	0.000687
SHISA5	-7.033851	0.000881
SHISA6	-4.409294	0.012018
SHISAL2A	-6.698367	0.001231
SHKBP1	-4.845491	0.007802
SHLD1	-5.453053	0.004265
SHLD2	-3.634682	0.025714
SHMT1	-2.446915	0.079664
SHMT2	-3.659311	0.025104
SHOC1	-3.799926	0.021883
SHOC2	-2.763406	0.059334
SHOX	-3.975192	0.018430
SHOX2	-3.883627	0.020161
SHPK	-7.526891	0.000538
SHPRH	-3.822200	0.021411
SHQ1	-6.687649	0.001245
SHROOM1	-3.186583	0.039674
SHROOM2	-5.011278	0.006618
SHROOM3	-4.973160	0.006874
SHROOM4	-3.608932	0.026367
SHTN1	-5.095973	0.006084
SI	-3.463784	0.030360
SIAE	-6.968762	0.000940
SIAH1	-3.314865	0.035065
SIAH2	-2.383114	0.084469
SIAH3	-4.048691	0.017146
SIDT1	-3.484605	0.029753
SIDT2	-3.442800	0.030984
SIGIRR	-3.295413	0.035729
SIGLEC1	-4.680821	0.009186
SIGLEC10	-3.581393	0.027083
SIGLEC11	-3.658861	0.025115
SIGLEC12	-3.343668	0.034103
SIGLEC15	-3.266901	0.036724
SIGLEC5	-3.176296	0.040068
SIGLEC6	-3.383706	0.032809
SIGLEC7	-3.460034	0.030471
SIGLEC8	-3.336308	0.034346
SIGLEC9	-2.896623	0.052321
SIGLECL1	-5.097577	0.006074
SIGMAR1	-5.120657	0.005937
SIK1	-2.792894	0.057709
SIK2	-2.958790	0.049323
SIK3	-3.538587	0.028234
SIKE1	-2.836003	0.055409
SIL1	-4.246849	0.014107
SIM1	-3.671742	0.024801
SIM2	-3.753629	0.022896
SIMC1	-3.814687	0.021569
SIN3A	-3.430150	0.031366
SIN3B	-3.466343	0.030285
SINHCAF	-3.514252	0.028909
SIPA1	-4.458737	0.011444
SIPA1L1	-4.031661	0.017435
SIPA1L2	-4.488747	0.011110
SIPA1L3	-4.784080	0.008292
SIRPA	-3.305885	0.035370
SIRPB1	-3.201664	0.039103
SIRPD	-3.000845	0.047388
SIRPG	-3.096983	0.043232
SIRT1	-3.259900	0.036973
SIRT2	-2.766351	0.059170
SIRT3	-2.874968	0.053405
SIRT4	-2.905437	0.051885
SIRT5	-3.509638	0.029039
SIRT6	-3.981246	0.018320
SIRT7	-3.487500	0.029670
SIT1	-3.510904	0.029004
SIVA1	-2.434577	0.080574
SIX1	-3.538624	0.028233
SIX2	-3.826106	0.021329
SIX3	-3.555666	0.027769
SIX4	-3.875766	0.020317
SIX5	-4.677876	0.009213
SIX6	-3.892940	0.019978
SKA1	-1.296464	0.214761
SKA2	-1.619225	0.165312
SKA3	-3.461782	0.030419
SKAP1	-3.541021	0.028167
SKAP2	-3.419629	0.031688
SKI	-3.511335	0.028991
SKIC2	-4.051535	0.017098
SKIC3	-3.448606	0.030810
SKIC8	-1.874376	0.133036
SKIDA1	-3.923788	0.019383
SKIL	-3.575572	0.027237
SKOR1	-3.708270	0.023933
SKOR2	-3.583706	0.027022
SKP1	-1.644081	0.161911
SKP2	-1.113358	0.247245
SLA	-4.152895	0.015476
SLA2	-2.610815	0.068446
SLAIN1	-4.149985	0.015520
SLAMF1	-2.179145	0.101639
SLAMF6	-3.641724	0.025538
SLAMF7	-3.737331	0.023264
SLAMF8	-3.328646	0.034601
SLAMF9	-3.881385	0.020206
SLBP	-2.507927	0.075304
SLC10A1	-6.745749	0.001174
SLC10A2	-6.729187	0.001194
SLC10A3	-6.294879	0.001842
SLC10A4	-6.703233	0.001225
SLC10A5	-7.315874	0.000664
SLC10A6	-7.439577	0.000587
SLC10A7	-6.413851	0.001636
SLC11A1	-4.964729	0.006931
SLC11A2	-4.733346	0.008720
SLC12A1	-3.722688	0.023599
SLC12A2	-3.374817	0.033092
SLC12A3	-3.704876	0.024012
SLC12A4	-4.642629	0.009540
SLC12A5	-3.698865	0.024154
SLC12A6	-3.662947	0.025015
SLC12A7	-4.071671	0.016763
SLC12A8	-5.029421	0.006500
SLC12A9	-4.446629	0.011582
SLC13A1	-6.666005	0.001272
SLC13A2	-6.180013	0.002066
SLC13A3	-5.074353	0.006216
SLC13A4	-5.471170	0.004189
SLC13A5	-5.493088	0.004098
SLC14A1	-5.634940	0.003558
SLC14A2	-6.884740	0.001022
SLC15A1	-3.760437	0.022744
SLC15A2	-3.742106	0.023155
SLC15A3	-5.148620	0.005774
SLC15A4	-4.867194	0.007636
SLC16A1	-3.473912	0.030064
SLC16A10	-5.321512	0.004862
SLC16A11	-3.635464	0.025694
SLC16A12	-4.763551	0.008463
SLC16A13	-5.016536	0.006584
SLC16A14	-4.916331	0.007273
SLC16A2	-4.853434	0.007741
SLC16A3	-4.836783	0.007870
SLC16A4	-5.104813	0.006031
SLC16A5	-4.728277	0.008764
SLC16A6	-4.331980	0.012971
SLC16A7	-3.758569	0.022786
SLC16A8	-5.000013	0.006693
SLC16A9	-4.844343	0.007811
SLC17A1	-3.560240	0.027646
SLC17A2	-4.888105	0.007479
SLC17A3	-4.835527	0.007880
SLC17A4	-4.323018	0.013086
SLC17A5	-5.069423	0.006247
SLC17A6	-4.677869	0.009213
SLC17A7	-4.366530	0.012536
SLC17A8	-4.429925	0.011775
SLC17A9	-4.849735	0.007770
SLC18A1	-4.812521	0.008062
SLC18A2	-5.359936	0.004679
SLC18A3	-4.132027	0.015797
SLC18B1	-4.906959	0.007341
SLC19A1	-4.827926	0.007940
SLC19A2	-5.725991	0.003250
SLC19A3	-5.119175	0.005945
SLC1A1	-4.421074	0.011879
SLC1A2	-4.836259	0.007874
SLC1A3	-4.217973	0.014515
SLC1A4	-4.991906	0.006747
SLC1A5	-5.131872	0.005871
SLC1A6	-4.949780	0.007035
SLC1A7	-5.176444	0.005616
SLC20A1	-6.075753	0.002293
SLC20A2	-6.016485	0.002432
SLC22A1	-3.664279	0.024983
SLC22A10	-3.694417	0.024259
SLC22A11	-2.985355	0.048092
SLC22A12	-3.720286	0.023654
SLC22A13	-3.667768	0.024898
SLC22A14	-3.626939	0.025908
SLC22A15	-3.660579	0.025073
SLC22A16	-3.637898	0.025633
SLC22A17	-3.695827	0.024225
SLC22A2	-3.682210	0.024549
SLC22A23	-3.617967	0.026136
SLC22A24	-3.681428	0.024568
SLC22A25	-3.617671	0.026143
SLC22A3	-3.683362	0.024522
SLC22A4	-3.630513	0.025818
SLC22A5	-3.547661	0.027986
SLC22A6	-3.643330	0.025498
SLC22A7	-3.813327	0.021598
SLC22A8	-3.186777	0.039666
SLC22A9	-3.616409	0.026175
SLC23A1	-5.662771	0.003461
SLC23A2	-5.620037	0.003611
SLC23A3	-5.283048	0.005051
SLC24A1	-4.553957	0.010416
SLC24A2	-4.804229	0.008128
SLC24A3	-5.226199	0.005345
SLC24A4	-5.039165	0.006437
SLC24A5	-5.285701	0.005038
SLC25A1	-5.310515	0.004915
SLC25A10	-4.505229	0.010930
SLC25A11	-4.384947	0.012310
SLC25A12	-4.768208	0.008424
SLC25A13	-3.786665	0.022168
SLC25A14	-6.197352	0.002031
SLC25A15	-6.484250	0.001525
SLC25A16	-6.232714	0.001960
SLC25A17	-7.348568	0.000643
SLC25A18	-4.678989	0.009203
SLC25A19	-7.586564	0.000507
SLC25A2	-6.915536	0.000991
SLC25A20	-5.907323	0.002712
SLC25A21	-5.503740	0.004055
SLC25A22	-5.116206	0.005963
SLC25A23	-6.397190	0.001663
SLC25A24	-6.888039	0.001019
SLC25A25	-7.250753	0.000709
SLC25A26	-6.622564	0.001328
SLC25A27	-5.830623	0.002928
SLC25A28	-6.187644	0.002050
SLC25A29	-2.314037	0.089967
SLC25A3	-3.983627	0.018278
SLC25A30	-6.297021	0.001838
SLC25A31	-1.689329	0.155864
SLC25A32	-4.849544	0.007771
SLC25A33	-5.672324	0.003428
SLC25A34	-4.849272	0.007773
SLC25A35	-6.771646	0.001144
SLC25A36	-5.569240	0.003799
SLC25A37	-5.729991	0.003237
SLC25A38	-7.239686	0.000717
SLC25A39	-7.213474	0.000736
SLC25A4	-2.917184	0.051311
SLC25A40	-7.572474	0.000514
SLC25A41	-7.681477	0.000461
SLC25A42	-5.795078	0.003033
SLC25A43	-6.501270	0.001499
SLC25A44	-6.002724	0.002466
SLC25A45	-4.593005	0.010021
SLC25A46	-5.630388	0.003574
SLC25A47	-7.351498	0.000641
SLC25A48	-7.329265	0.000656
SLC25A5	-3.648009	0.025382
SLC25A51	-7.691031	0.000457
SLC25A52	-7.638419	0.000481
SLC25A53	-6.785712	0.001129
SLC25A6	-3.758456	0.022788
SLC26A11	-5.140802	0.005819
SLC26A2	-4.371603	0.012473
SLC26A3	-3.675506	0.024710
SLC26A4	-3.670239	0.024838
SLC26A5	-3.672534	0.024782
SLC26A6	-3.656450	0.025174
SLC26A7	-4.920173	0.007245
SLC26A8	-4.906758	0.007342
SLC26A9	-4.042289	0.017254
SLC27A1	-4.764129	0.008458
SLC27A2	-4.570179	0.010250
SLC27A3	-4.163805	0.015310
SLC27A4	-4.839544	0.007849
SLC27A5	-5.221630	0.005370
SLC27A6	-5.340087	0.004773
SLC28A2	-5.092305	0.006106
SLC28A3	-5.103214	0.006040
SLC29A1	-4.993861	0.006734
SLC29A2	-4.849686	0.007770
SLC29A3	-5.271224	0.005111
SLC29A4	-5.573357	0.003783
SLC2A1	-3.573839	0.027283
SLC2A10	-4.600934	0.009943
SLC2A11	-4.589447	0.010056
SLC2A12	-4.955977	0.006992
SLC2A13	-4.643524	0.009532
SLC2A14	-4.585677	0.010094
SLC2A2	-3.575976	0.027226
SLC2A3	-4.768919	0.008418
SLC2A4	-2.847365	0.054818
SLC2A4RG	-5.779381	0.003081
SLC2A5	-3.660702	0.025070
SLC2A6	-3.737799	0.023253
SLC2A7	-4.742906	0.008638
SLC2A8	-3.333806	0.034429
SLC2A9	-4.036341	0.017355
SLC30A1	-5.083414	0.006161
SLC30A10	-4.748819	0.008588
SLC30A2	-6.042350	0.002370
SLC30A3	-5.167572	0.005666
SLC30A4	-4.752828	0.008553
SLC30A5	-4.532802	0.010636
SLC30A6	-1.619756	0.165239
SLC30A7	-3.682300	0.024547
SLC30A8	-5.497229	0.004081
SLC30A9	-3.612957	0.026264
SLC31A1	-6.934850	0.000972
SLC31A2	-6.313819	0.001808
SLC32A1	-4.616303	0.009792
SLC33A1	-5.169831	0.005653
SLC33A2	-5.073663	0.006221
SLC34A1	-2.381858	0.084567
SLC34A2	-5.004521	0.006663
SLC34A3	-5.122476	0.005926
SLC35A1	-5.975489	0.002534
SLC35A2	-5.245607	0.005243
SLC35A3	-5.222506	0.005365
SLC35A4	-5.314884	0.004894
SLC35A5	-5.212272	0.005420
SLC35B1	-6.686831	0.001246
SLC35B2	-4.923813	0.007219
SLC35B3	-5.977886	0.002528
SLC35B4	-4.941724	0.007092
SLC35C1	-4.672608	0.009261
SLC35D1	-5.648852	0.003509
SLC35D2	-5.040911	0.006426
SLC35D3	-5.733361	0.003226
SLC35D4	-6.134294	0.002163
SLC35E1	-4.562368	0.010329
SLC35E3	-6.582614	0.001382
SLC35E4	-5.013600	0.006603
SLC35F1	-5.658298	0.003476
SLC35F2	-5.431033	0.004359
SLC35F3	-5.125431	0.005909
SLC35F4	-6.671267	0.001265
SLC35F5	-3.607361	0.026407
SLC35F6	-5.274392	0.005095
SLC35G1	-5.317975	0.004879
SLC35G2	-7.054774	0.000863
SLC35G3	-6.714024	0.001212
SLC35G5	-7.180035	0.000761
SLC35H1	-5.608853	0.003652
SLC36A1	-6.224725	0.001976
SLC36A2	-6.828069	0.001082
SLC36A3	-5.992147	0.002492
SLC36A4	-5.643116	0.003529
SLC37A1	-4.758138	0.008509
SLC37A2	-4.880166	0.007538
SLC37A3	-3.258210	0.037033
SLC37A4	-4.860311	0.007689
SLC38A1	-5.593500	0.003708
SLC38A10	-4.365146	0.012553
SLC38A11	-5.468351	0.004200
SLC38A12	-3.196315	0.039305
SLC38A2	-2.528048	0.073915
SLC38A3	-3.519890	0.028752
SLC38A4	-3.448817	0.030804
SLC38A5	-4.977318	0.006845
SLC38A6	-5.695430	0.003350
SLC38A7	-5.957431	0.002580
SLC38A8	-6.130773	0.002170
SLC38A9	-3.759009	0.022776
SLC39A1	-3.258118	0.037036
SLC39A10	-4.818101	0.008017
SLC39A11	-4.494914	0.011042
SLC39A12	-5.181401	0.005589
SLC39A13	-5.244804	0.005247
SLC39A14	-5.009695	0.006629
SLC39A2	-2.528757	0.073867
SLC39A3	-3.625240	0.025951
SLC39A4	-4.839267	0.007851
SLC39A5	-4.958357	0.006975
SLC39A6	-5.084009	0.006157
SLC39A7	-2.914201	0.051456
SLC39A8	-4.585001	0.010101
SLC39A9	-4.376227	0.012417
SLC3A1	-4.906063	0.007347
SLC3A2	-3.570187	0.027380
SLC40A1	-3.683156	0.024527
SLC41A1	-5.068332	0.006254
SLC41A2	-6.507002	0.001491
SLC41A3	-5.216090	0.005399
SLC43A1	-2.865686	0.053876
SLC43A2	-3.664285	0.024982
SLC43A3	-6.831700	0.001078
SLC44A1	-5.155991	0.005732
SLC44A2	-5.192878	0.005525
SLC44A3	-5.011807	0.006615
SLC44A4	-5.309950	0.004918
SLC44A5	-4.968055	0.006909
SLC45A1	-4.594061	0.010010
SLC45A2	-4.654127	0.009432
SLC45A3	-5.134448	0.005856
SLC45A4	-5.289788	0.005018
SLC46A1	-4.782313	0.008307
SLC46A2	-4.469314	0.011325
SLC46A3	-4.600793	0.009944
SLC47A1	-5.223391	0.005360
SLC47A2	-5.310471	0.004915
SLC48A1	-5.430675	0.004361
SLC49A3	-4.853732	0.007739
SLC49A4	-4.808491	0.008094
SLC4A1	-3.644805	0.025461
SLC4A10	-3.495364	0.029444
SLC4A11	-5.099210	0.006065
SLC4A1AP	0.059451	0.514858
SLC4A2	-3.643081	0.025504
SLC4A3	-3.602707	0.026527
SLC4A4	-3.475684	0.030012
SLC4A5	-3.611256	0.026307
SLC4A7	-2.707785	0.062516
SLC4A8	-3.474079	0.030059
SLC4A9	-5.049790	0.006370
SLC50A1	-4.788240	0.008258
SLC51A	-4.915393	0.007279
SLC51B	-5.072462	0.006228
SLC52A1	-5.138614	0.005832
SLC52A2	-5.151835	0.005755
SLC52A3	-5.329120	0.004825
SLC5A1	-5.135002	0.005853
SLC5A10	-5.077313	0.006198
SLC5A11	-5.175805	0.005620
SLC5A12	-5.219910	0.005379
SLC5A2	-5.154463	0.005740
SLC5A3	-5.220606	0.005375
SLC5A4	-5.133413	0.005862
SLC5A5	-5.211679	0.005423
SLC5A6	-5.131203	0.005875
SLC5A7	-6.277304	0.001875
SLC5A8	-5.172922	0.005636
SLC5A9	-5.265733	0.005139
SLC60A1	-5.153331	0.005747
SLC60A2	-5.181270	0.005589
SLC61A1	-5.464883	0.004215
SLC66A1	-5.161476	0.005701
SLC66A2	-4.982232	0.006812
SLC66A3	-4.601521	0.009937
SLC67A1	-5.022305	0.006546
SLC67A2	-5.652100	0.003498
SLC68A1	-5.065757	0.006270
SLC6A1	-4.735393	0.008703
SLC6A11	-4.913198	0.007295
SLC6A12	-4.891903	0.007451
SLC6A13	-4.704842	0.008970
SLC6A14	-4.313972	0.013204
SLC6A15	-3.645393	0.025447
SLC6A16	-4.931443	0.007164
SLC6A17	-4.544256	0.010516
SLC6A18	-5.023555	0.006538
SLC6A19	-4.657651	0.009400
SLC6A2	-4.183906	0.015010
SLC6A20	-4.103365	0.016249
SLC6A3	-3.418111	0.031734
SLC6A4	-3.687176	0.024431
SLC6A5	-4.101605	0.016277
SLC6A6	-4.228431	0.014366
SLC6A7	-5.134697	0.005854
SLC6A8	-4.761677	0.008479
SLC6A9	-4.005718	0.017885
SLC71A1	-4.565056	0.010302
SLC71A2	-5.019408	0.006565
SLC75A1	-5.150145	0.005765
SLC7A1	-5.021692	0.006550
SLC7A10	-4.254947	0.013995
SLC7A11	-3.532861	0.028392
SLC7A13	-6.288157	0.001855
SLC7A14	-5.153266	0.005747
SLC7A2	-5.094666	0.006092
SLC7A3	-5.144182	0.005799
SLC7A4	-5.141292	0.005816
SLC7A5	-3.516381	0.028850
SLC7A6	-5.150310	0.005764
SLC7A6OS	-5.599022	0.003688
SLC7A7	-4.960036	0.006964
SLC7A8	-3.744002	0.023112
SLC7A9	-2.546622	0.072654
SLC8A1	-4.986738	0.006782
SLC8A2	-4.927953	0.007189
SLC8A3	-4.438677	0.011674
SLC8B1	-5.210365	0.005430
SLC9A1	-4.105710	0.016211
SLC9A2	-3.630135	0.025828
SLC9A3	-4.602478	0.009927
SLC9A4	-3.715513	0.023764
SLC9A5	-3.634849	0.025710
SLC9A6	-5.017436	0.006578
SLC9A7	-4.580363	0.010147
SLC9A8	-4.732438	0.008728
SLC9A9	-4.757571	0.008513
SLC9B1	-5.541277	0.003906
SLC9B2	-5.536468	0.003925
SLC9C1	-4.964635	0.006932
SLC9C2	-5.079062	0.006187
SLC9D1	-3.479630	0.029897
SLCO1A2	-3.700677	0.024111
SLCO1B1	-4.702228	0.008993
SLCO1B3	-4.518280	0.010790
SLCO1C1	-3.728497	0.023465
SLCO2A1	-4.217936	0.014515
SLCO2B1	-4.587284	0.010078
SLCO3A1	-3.601076	0.026569
SLCO4A1	-3.659609	0.025097
SLCO4C1	-4.644256	0.009525
SLCO5A1	-4.632099	0.009640
SLCO6A1	-4.878807	0.007549
SLF1	-2.991878	0.047794
SLF2	-4.311641	0.013234
SLFN11	-3.390673	0.032588
SLFN12	-7.584325	0.000508
SLFN13	-3.491254	0.029562
SLFN5	-4.656683	0.009409
SLFNL1	-6.971720	0.000937
SLIRP	-7.403793	0.000609
SLIT1	-2.369788	0.085506
SLIT2	-2.433330	0.080666
SLIT3	-2.955408	0.049482
SLITRK1	-3.169508	0.040329
SLITRK2	-2.997467	0.047540
SLITRK3	-2.869436	0.053685
SLITRK4	-3.064917	0.044578
SLITRK5	-2.845625	0.054908
SLITRK6	-2.842524	0.055069
SLK	-2.389251	0.083996
SLMAP	-3.011195	0.046923
SLN	-6.505850	0.001492
SLPI	-3.046881	0.045352
SLTM	-7.278767	0.000690
SLU7	-7.505480	0.000550
SLURP1	-3.507887	0.029089
SLX1A	-3.500585	0.029296
SLX1B	-3.500585	0.029296
SLX4	-3.782915	0.022250
SLX4IP	-5.769091	0.003113
SLX9	-7.704524	0.000451
SMAD1	-3.839223	0.021057
SMAD2	-3.414963	0.031831
SMAD3	-3.834739	0.021150
SMAD4	-5.114377	0.005974
SMAD5	-3.634039	0.025730
SMAD6	-4.380916	0.012359
SMAD7	-3.341786	0.034165
SMAD9	-3.888788	0.020060
SMAGP	-5.295647	0.004988
SMAP1	-3.183221	0.039802
SMAP2	-3.479453	0.029903
SMARCA1	-5.854832	0.002858
SMARCA2	-3.641630	0.025540
SMARCA4	-4.065760	0.016861
SMARCA5	-4.338538	0.012887
SMARCAD1	-2.606441	0.068725
SMARCAL1	-2.152826	0.104067
SMARCB1	-3.449272	0.030791
SMARCC1	-4.550276	0.010454
SMARCC2	-3.787815	0.022144
SMARCD1	-3.736725	0.023277
SMARCD2	-1.736883	0.149709
SMARCD3	-3.503905	0.029201
SMARCE1	-3.837454	0.021094
SMC1A	-2.092649	0.109813
SMC1B	-2.330086	0.088662
SMC2	-1.509801	0.180968
SMC3	-3.132076	0.041803
SMC4	-7.100711	0.000824
SMC5	-2.536793	0.073319
SMC6	-2.090930	0.109982
SMCO1	-4.612965	0.009825
SMCO3	-5.668725	0.003440
SMCO4	-4.078871	0.016645
SMCP	-7.560935	0.000520
SMCR8	-3.996171	0.018054
SMDT1	-2.339568	0.087899
SMG1	-2.517705	0.074626
SMG5	-3.468964	0.030208
SMG6	-3.455653	0.030601
SMG7	-3.520020	0.028748
SMG8	-3.546471	0.028019
SMG9	-3.142503	0.041388
SMIM11	-4.093043	0.016414
SMIM12	-5.706362	0.003314
SMIM13	-5.782359	0.003072
SMIM14	-3.864170	0.020549
SMIM15	-2.353607	0.086779
SMIM19	-4.948087	0.007047
SMIM21	-7.142242	0.000790
SMIM29	-5.163562	0.005689
SMIM3	-5.218438	0.005387
SMIM43	-6.707577	0.001220
SMIM7	-3.683121	0.024528
SMIM8	-3.553435	0.027829
SMN1	-7.440604	0.000587
SMN2	-7.440604	0.000587
SMNDC1	-7.454881	0.000578
SMO	-4.407545	0.012038
SMOC1	-3.592140	0.026801
SMOC2	-3.699876	0.024130
SMOX	-3.714516	0.023788
SMPD1	-3.337589	0.034304
SMPD2	-5.135885	0.005847
SMPD3	-2.803533	0.057134
SMPD4	-3.556778	0.027739
SMPDL3A	-5.115576	0.005967
SMPDL3B	-4.792693	0.008222
SMPX	-5.486240	0.004126
SMR3B	-5.269595	0.005119
SMS	-4.970820	0.006890
SMTN	-4.334064	0.012944
SMTNL2	-5.071992	0.006231
SMU1	-7.140264	0.000792
SMUG1	-6.656349	0.001284
SMURF1	-2.543924	0.072836
SMURF2	-3.595280	0.026719
SMYD1	-4.742353	0.008643
SMYD2	-6.838389	0.001071
SMYD3	-4.710510	0.008920
SMYD4	-3.513970	0.028917
SMYD5	-7.341802	0.000647
SNAI1	-3.490019	0.029598
SNAI2	-3.525863	0.028585
SNAI3	-4.542320	0.010536
SNAP23	-2.795017	0.057594
SNAP25	-2.864610	0.053931
SNAP29	-2.314106	0.089961
SNAP47	-2.793856	0.057657
SNAP91	-3.430535	0.031355
SNAPC1	-4.012764	0.017762
SNAPC2	-2.750957	0.060033
SNAPC3	-3.452070	0.030707
SNAPC4	-3.452404	0.030697
SNAPC5	-5.739425	0.003206
SNAPIN	2.654314	0.934276
SNCA	-2.572760	0.070912
SNCAIP	-5.324548	0.004847
SNCB	-3.678258	0.024644
SNCG	-4.893054	0.007443
SND1	-7.053035	0.000864
SNED1	-3.908567	0.019674
SNF8	-1.462926	0.188020
SNIP1	-7.578497	0.000511
SNN	-5.115602	0.005967
SNPH	-5.508559	0.004036
SNRK	-4.519680	0.010775
SNRNP200	-4.370805	0.012483
SNRNP25	-7.569057	0.000516
SNRNP27	-7.666889	0.000468
SNRNP35	-7.428805	0.000594
SNRNP40	-6.991974	0.000918
SNRNP48	-4.629004	0.009670
SNRNP70	-3.931928	0.019229
SNRPA	-7.030562	0.000884
SNRPA1	-7.735078	0.000437
SNRPB	-7.444951	0.000584
SNRPB2	-7.183647	0.000758
SNRPC	-7.591433	0.000505
SNRPD1	-1.078857	0.253722
SNRPD2	-6.020011	0.002424
SNRPD3	-0.958843	0.277110
SNRPE	-5.767500	0.003118
SNRPF	-7.835107	0.000395
SNRPG	-6.374694	0.001701
SNRPN	-7.507318	0.000549
SNTA1	-3.692259	0.024310
SNTB1	-3.695512	0.024233
SNTB2	-3.711775	0.023851
SNTG1	-3.318201	0.034952
SNTG2	-3.511530	0.028986
SNTN	-5.453349	0.004264
SNU13	-7.472448	0.000568
SNUPN	-6.447845	0.001581
SNURF	-7.784344	0.000416
SNW1	-3.650776	0.025314
SNX1	-1.851517	0.135695
SNX10	-2.389590	0.083970
SNX11	-4.012573	0.017765
SNX12	-3.423545	0.031568
SNX13	-2.985448	0.048088
SNX14	-3.609464	0.026353
SNX15	-3.624249	0.025976
SNX16	-2.301595	0.090991
SNX17	-4.340404	0.012864
SNX18	-2.065995	0.112446
SNX19	-3.931097	0.019245
SNX2	-1.850773	0.135782
SNX20	-2.517887	0.074614
SNX21	-4.857634	0.007709
SNX22	-4.600171	0.009950
SNX24	-3.745030	0.023089
SNX25	-3.446784	0.030865
SNX27	-3.146602	0.041225
SNX29	-3.520738	0.028728
SNX3	-2.510873	0.075099
SNX31	-5.106277	0.006022
SNX32	-1.464286	0.187813
SNX33	-3.255796	0.037119
SNX4	-2.667364	0.064927
SNX5	-1.318451	0.211076
SNX6	-2.255715	0.094858
SNX7	-2.304580	0.090744
SNX8	-3.479582	0.029899
SNX9	-2.270546	0.093592
SOAT1	-2.026679	0.116430
SOAT2	-1.943116	0.125306
SOBP	-3.580926	0.027095
SOCS1	-2.296679	0.091398
SOCS2	-4.161952	0.015338
SOCS3	-2.918889	0.051228
SOCS4	-3.566581	0.027476
SOCS5	-3.022151	0.046435
SOCS6	-3.517932	0.028806
SOCS7	-2.466710	0.078225
SOD1	-3.066025	0.044531
SOD2	-2.386582	0.084202
SOHLH1	-5.211207	0.005425
SOHLH2	-7.113366	0.000813
SON	-4.214635	0.014563
SORBS1	-2.948056	0.049828
SORBS2	-2.852939	0.054530
SORBS3	-2.937924	0.050310
SORCS1	-3.884270	0.020149
SORCS2	-4.245477	0.014126
SORCS3	-3.904407	0.019755
SORD	-5.836728	0.002910
SORL1	-4.241396	0.014183
SORT1	-4.148742	0.015539
SOS1	-3.119603	0.042306
SOS2	-3.097160	0.043225
SOST	-4.165003	0.015292
SOSTDC1	-3.539736	0.028203
SOWAHA	-4.509441	0.010885
SOWAHB	-6.812264	0.001099
SOWAHC	-5.583651	0.003745
SOX10	-3.595980	0.026701
SOX11	-4.216702	0.014533
SOX12	-5.829858	0.002930
SOX13	-3.543334	0.028104
SOX14	-4.190256	0.014917
SOX15	-4.816315	0.008032
SOX17	-3.704399	0.024024
SOX18	-4.100596	0.016293
SOX2	-3.502692	0.029236
SOX21	-4.287664	0.013551
SOX3	-4.523531	0.010734
SOX30	-4.450181	0.011542
SOX4	-3.463506	0.030369
SOX5	-3.506469	0.029129
SOX6	-3.491743	0.029548
SOX7	-4.088535	0.016487
SOX8	-3.906515	0.019714
SOX9	-3.487352	0.029674
SP1	-4.976695	0.006850
SP100	-4.198073	0.014802
SP110	-4.753047	0.008552
SP140	-5.136442	0.005844
SP140L	-4.053387	0.017067
SP2	-3.576378	0.027215
SP3	-3.779729	0.022319
SP4	-4.076104	0.016690
SP5	-4.107330	0.016185
SP6	-3.999763	0.017990
SP7	-3.499646	0.029322
SP8	-4.543905	0.010520
SPA17	-5.474293	0.004176
SPACA1	-4.571502	0.010237
SPACA3	-5.504268	0.004053
SPACA4	-5.337660	0.004784
SPACA5	-4.951223	0.007025
SPACA5B	-4.951223	0.007025
SPACA7	-5.149253	0.005770
SPACA9	-3.985662	0.018241
SPACDR	-5.102736	0.006043
SPAG1	-3.168777	0.040358
SPAG11A	-3.688462	0.024400
SPAG16	-2.209028	0.098943
SPAG17	-7.185555	0.000757
SPAG4	-2.809018	0.056839
SPAG5	-3.589212	0.026878
SPAG6	-1.208832	0.229908
SPAG7	-6.352053	0.001740
SPAG8	-2.592001	0.069655
SPAG9	-2.346131	0.087374
SPAM1	-5.052075	0.006355
SPANXA1	-4.889160	0.007471
SPANXA2	-4.889160	0.007471
SPANXB1	-7.607872	0.000496
SPANXC	-5.916175	0.002688
SPANXN1	-7.387143	0.000619
SPANXN2	-7.302442	0.000673
SPANXN3	-7.417565	0.000600
SPANXN4	-7.261577	0.000702
SPANXN5	-7.551521	0.000525
SPARC	-3.441992	0.031009
SPARCL1	-3.681377	0.024569
SPART	-3.441764	0.031015
SPAST	-3.388795	0.032647
SPATA1	-5.126936	0.005900
SPATA12	-7.175017	0.000765
SPATA13	-4.010345	0.017804
SPATA16	-6.680263	0.001254
SPATA17	-5.003020	0.006673
SPATA18	-4.488370	0.011114
SPATA19	-5.937347	0.002632
SPATA2	-6.290830	0.001850
SPATA20	-5.099726	0.006061
SPATA21	-5.709954	0.003302
SPATA22	-3.822646	0.021402
SPATA25	-7.159887	0.000777
SPATA2L	-5.540474	0.003909
SPATA31A1	-6.021857	0.002419
SPATA31A3	-6.524524	0.001465
SPATA31A7	-6.524278	0.001465
SPATA31D1	-7.101079	0.000824
SPATA31E1	-5.346960	0.004740
SPATA31G1	-6.584520	0.001380
SPATA31H1	-4.405478	0.012063
SPATA32	-6.104867	0.002227
SPATA33	-4.817535	0.008022
SPATA4	-6.781902	0.001133
SPATA45	-7.573560	0.000514
SPATA46	-6.507386	0.001490
SPATA6	-5.776823	0.003089
SPATA6L	-3.412749	0.031899
SPATA7	-3.318285	0.034949
SPATA9	-5.402537	0.004485
SPATC1	-4.171256	0.015198
SPATC1L	-4.543584	0.010523
SPATS1	-6.130261	0.002171
SPATS2	-3.403452	0.032188
SPATS2L	-4.127806	0.015863
SPC24	-3.052843	0.045095
SPC25	-1.341887	0.207200
SPCS1	-0.667308	0.339100
SPCS2	-2.263186	0.094218
SPCS3	-2.377100	0.084936
SPDEF	-3.665782	0.024946
SPDL1	-2.126206	0.106576
SPDYA	-3.460386	0.030461
SPDYC	-3.641141	0.025552
SPDYE2	-5.262683	0.005155
SPDYE3	-5.235613	0.005295
SPECC1	-3.290968	0.035882
SPECC1L	-3.312129	0.035157
SPEF1	-4.703150	0.008985
SPEF2	-4.132818	0.015784
SPEG	-4.910819	0.007313
SPEM1	-7.298255	0.000676
SPEM2	-7.239378	0.000717
SPEN	-6.770961	0.001145
SPESP1	-4.384543	0.012315
SPG11	-4.386571	0.012290
SPG21	-5.567048	0.003807
SPG7	-2.220386	0.097935
SPHK1	-4.833023	0.007900
SPHK2	-3.715902	0.023755
SPHKAP	-5.640341	0.003539
SPI1	-3.489973	0.029599
SPIB	-3.820544	0.021446
SPIC	-5.295019	0.004991
SPICE1	-4.649946	0.009472
SPIDR	-3.683958	0.024508
SPIN1	-5.621261	0.003607
SPIN2A	-5.799592	0.003020
SPIN2B	-5.794017	0.003036
SPIN3	-5.404965	0.004474
SPIN4	-5.304525	0.004944
SPINDOC	-3.636339	0.025672
SPINK1	-4.933666	0.007149
SPINK13	-4.142166	0.015640
SPINK14	-4.611148	0.009843
SPINK2	-4.261193	0.013909
SPINK4	-4.533388	0.010630
SPINK5	-4.020570	0.017626
SPINK6	-4.866580	0.007641
SPINK7	-4.605026	0.009902
SPINK8	-3.580323	0.027111
SPINK9	-5.022597	0.006544
SPINT1	-3.157441	0.040799
SPINT2	-2.931085	0.050638
SPINT3	-4.218129	0.014512
SPINT4	-4.542606	0.010533
SPIRE1	-4.243425	0.014155
SPIRE2	-4.779571	0.008330
SPMAP1	-6.833528	0.001076
SPMAP2	-5.239734	0.005274
SPMIP10	-7.549743	0.000526
SPMIP2	-7.604321	0.000498
SPMIP3	-5.520559	0.003988
SPMIP4	-5.966424	0.002557
SPMIP5	-6.121075	0.002191
SPMIP6	-7.632544	0.000484
SPMIP8	-3.688772	0.024393
SPMIP9	-5.404065	0.004478
SPN	-2.199924	0.099757
SPNS1	-4.930876	0.007168
SPNS2	-4.853008	0.007744
SPNS3	-5.127467	0.005897
SPO11	-4.697269	0.009038
SPOCD1	-3.680745	0.024585
SPOCK1	-3.228262	0.038116
SPOCK3	-3.360650	0.033548
SPON1	-4.031009	0.017447
SPON2	-4.760711	0.008487
SPOP	-2.243992	0.095869
SPOPL	-3.578896	0.027149
SPOUT1	-6.961628	0.000947
SPP1	-3.640003	0.025581
SPP2	-5.339694	0.004774
SPPL2A	-4.866450	0.007642
SPPL2B	-4.887114	0.007487
SPPL2C	-4.996308	0.006717
SPPL3	-4.547798	0.010480
SPR	-5.311585	0.004910
SPRED1	-3.523998	0.028637
SPRED2	-3.345975	0.034027
SPRED3	-3.781989	0.022270
SPRING1	-3.487064	0.029683
SPRN	-4.273896	0.013736
SPRR1A	-5.506183	0.004045
SPRR1B	-6.057539	0.002335
SPRR2B	-5.239816	0.005273
SPRR2E	-5.030079	0.006496
SPRR2G	-5.464849	0.004215
SPRR3	-3.215605	0.038583
SPRR4	-4.726364	0.008781
SPRTN	-3.594672	0.026735
SPRY1	-3.422028	0.031614
SPRY2	-3.548699	0.027958
SPRY3	-4.062246	0.016919
SPRY4	-3.273289	0.036499
SPRYD3	-4.970852	0.006889
SPRYD4	-5.064430	0.006278
SPRYD7	-5.410605	0.004449
SPSB1	-3.703471	0.024045
SPSB2	-3.986749	0.018222
SPSB3	-5.824317	0.002946
SPSB4	-4.010735	0.017798
SPTA1	-2.364533	0.085917
SPTAN1	-3.449761	0.030776
SPTB	-2.561519	0.071656
SPTBN1	-3.262404	0.036884
SPTBN2	-2.548841	0.072504
SPTBN4	-4.341105	0.012855
SPTBN5	-4.134068	0.015765
SPTLC1	-4.564859	0.010304
SPTLC2	-3.876563	0.020301
SPTLC3	-4.888981	0.007473
SPTSSA	-4.210887	0.014616
SPTSSB	-5.014786	0.006595
SPTY2D1	-7.519005	0.000542
SPX	-3.363082	0.033469
SPZ1	-5.422196	0.004398
SQLE	-2.436280	0.080448
SQOR	-2.839496	0.055227
SQSTM1	-3.376217	0.033047
SRA1	-3.425656	0.031503
SRARP	-7.030393	0.000884
SRBD1	-7.489316	0.000559
SRC	-3.042534	0.045541
SRCAP	-7.138853	0.000793
SRCIN1	-3.788159	0.022136
SRD5A1	-5.206206	0.005453
SRD5A2	-5.090868	0.006115
SRD5A3	-5.578769	0.003763
SREBF1	-3.473194	0.030085
SREBF2	-2.774770	0.058703
SREK1	-7.450914	0.000581
SREK1IP1	-6.950210	0.000958
SRF	-3.483916	0.029773
SRFBP1	-3.566216	0.027486
SRGAP1	-2.751800	0.059985
SRGAP2	-3.071119	0.044314
SRGAP3	-2.011853	0.117964
SRGN	-4.019975	0.017637
SRI	-2.585628	0.070069
SRM	-3.550435	0.027911
SRMS	-2.142140	0.105068
SRP14	-1.256155	0.221636
SRP19	-7.477292	0.000565
SRP54	-1.014261	0.266147
SRP68	-2.028767	0.116215
SRP72	-6.992295	0.000918
SRPK1	-7.200573	0.000746
SRPK2	-6.504290	0.001495
SRPK3	-6.706868	0.001221
SRPRA	-6.867451	0.001040
SRPRB	-6.410382	0.001642
SRPX	-4.343766	0.012821
SRPX2	-3.631622	0.025790
SRR	-5.921080	0.002675
SRRD	-5.204737	0.005461
SRRM1	-7.553409	0.000524
SRRM2	-4.502865	0.010956
SRRM3	-5.556373	0.003848
SRRM4	-6.933337	0.000974
SRRT	-7.341630	0.000648
SRSF1	-4.301993	0.013361
SRSF10	-7.504808	0.000550
SRSF11	-7.260397	0.000702
SRSF12	-7.036809	0.000878
SRSF2	-7.411067	0.000604
SRSF3	-7.742817	0.000434
SRSF4	-7.850769	0.000389
SRSF5	-7.453246	0.000579
SRSF6	-4.187310	0.014960
SRSF7	-6.776808	0.001139
SRSF8	-7.830569	0.000397
SRSF9	-7.520823	0.000541
SRXN1	-7.013290	0.000899
SRY	-7.182142	0.000759
SS18	-3.493905	0.029486
SS18L1	-6.938979	0.000968
SS18L2	-3.808316	0.021704
SSB	-6.845296	0.001063
SSBP2	-3.510675	0.029010
SSBP3	-3.838576	0.021071
SSBP4	-3.525962	0.028582
SSC4D	-5.430255	0.004363
SSH1	-3.845928	0.020920
SSH2	-5.016193	0.006586
SSH3	-5.251465	0.005213
SSMEM1	-6.996997	0.000914
SSNA1	-1.823545	0.139009
SSPN	-4.674865	0.009241
SSR1	-3.074598	0.044167
SSR2	-2.034115	0.115667
SSR3	-1.901759	0.129910
SSR4	-7.335865	0.000651
SSRP1	-2.421992	0.081511
SST	-3.379980	0.032927
SSTR1	-3.363537	0.033455
SSTR2	-3.428343	0.031421
SSTR3	-3.476630	0.029985
SSTR4	-3.376166	0.033049
SSTR5	-3.484384	0.029760
SSU72	-7.701944	0.000452
SSUH2	-7.012288	0.000900
SSX1	-5.714640	0.003287
SSX2IP	-3.869857	0.020435
SSX4	-4.271958	0.013762
SSX4B	-4.271958	0.013762
SSX5	-4.056126	0.017021
ST13	-1.847491	0.136168
ST14	-4.213350	0.014581
ST18	-3.549293	0.027942
ST3GAL1	-5.304490	0.004945
ST3GAL2	-5.099254	0.006064
ST3GAL3	-4.948849	0.007042
ST3GAL4	-5.225053	0.005351
ST3GAL5	-5.007148	0.006645
ST3GAL6	-5.262326	0.005157
ST6GAL1	-4.616891	0.009787
ST6GAL2	-4.749069	0.008585
ST6GALNAC1	-4.752036	0.008560
ST6GALNAC2	-5.393674	0.004525
ST6GALNAC3	-5.098911	0.006066
ST6GALNAC4	-4.951634	0.007022
ST6GALNAC5	-4.376087	0.012418
ST6GALNAC6	-5.130435	0.005879
ST7	-3.715206	0.023772
ST7L	-4.902529	0.007373
ST8SIA1	-5.175445	0.005622
ST8SIA2	-4.071242	0.016770
ST8SIA3	-5.208910	0.005438
ST8SIA4	-5.003314	0.006671
ST8SIA5	-5.146645	0.005785
ST8SIA6	-5.310794	0.004914
STAB1	-4.518231	0.010791
STAB2	-4.334069	0.012944
STAC	-3.849833	0.020840
STAC2	-5.548017	0.003880
STAC3	-3.656512	0.025172
STAG1	-2.916255	0.051356
STAG2	-2.481294	0.077180
STAG3	-3.140478	0.041468
STAM	-1.788430	0.143265
STAM2	-1.895917	0.130571
STAMBP	-3.234545	0.037886
STAMBPL1	-3.335705	0.034366
STAP1	-3.901829	0.019805
STAP2	-3.336040	0.034355
STAR	-4.662250	0.009357
STARD10	-4.913819	0.007291
STARD13	-5.260869	0.005164
STARD3	-3.652702	0.025266
STARD3NL	-3.641657	0.025540
STARD4	-5.898901	0.002735
STARD5	-6.284687	0.001861
STARD6	-5.645207	0.003522
STARD7	-4.928302	0.007187
STARD8	-4.487246	0.011126
STAT1	-2.888576	0.052721
STAT2	-2.729012	0.061283
STAT3	-2.620485	0.067832
STAT4	-2.879509	0.053176
STAT5A	-2.466089	0.078270
STAT5B	-2.634814	0.066931
STAT6	-2.111221	0.108011
STATH	-6.443906	0.001588
STAU1	-5.623416	0.003599
STAU2	-5.810588	0.002987
STBD1	-2.711931	0.062273
STC1	-3.862995	0.020573
STC2	-3.116841	0.042418
STEAP1	-5.735645	0.003218
STEAP2	-2.173837	0.102125
STEAP3	-1.134232	0.243381
STEAP4	-1.532495	0.177629
STEEP1	-6.651066	0.001291
STH	-3.435385	0.031208
STIL	-5.849357	0.002873
STIM1	-2.843679	0.055009
STIM2	-3.563782	0.027551
STIMATE	-4.925144	0.007209
STING1	-4.026943	0.017516
STIP1	-2.648000	0.066112
STK10	-3.405268	0.032131
STK11	-2.434180	0.080603
STK11IP	-4.313522	0.013209
STK16	-4.673872	0.009250
STK17A	-7.119350	0.000809
STK17B	-7.595109	0.000503
STK24	-3.232591	0.037958
STK25	-2.676188	0.064393
STK26	-3.103823	0.042950
STK3	-1.822903	0.139086
STK31	-3.083368	0.043799
STK32A	-5.333422	0.004804
STK32B	-4.211065	0.014614
STK32C	-5.169517	0.005655
STK33	-4.681802	0.009177
STK35	-4.227818	0.014375
STK36	-4.715071	0.008880
STK38	-3.541064	0.028166
STK38L	-2.679353	0.064203
STK39	-3.083278	0.043802
STK4	-1.802834	0.141506
STK40	-3.433601	0.031262
STKLD1	-7.192136	0.000752
STMN1	-3.231299	0.038005
STMN2	-4.595297	0.009998
STMN3	-5.111604	0.005990
STMN4	-5.443831	0.004304
STN1	-1.101333	0.249490
STOM	-3.267727	0.036695
STOML1	-4.043892	0.017227
STOML2	-3.698315	0.024167
STOML3	-5.033165	0.006476
STON1	-2.614677	0.068200
STON2	-2.475749	0.077576
STOX1	-4.620550	0.009751
STOX2	-4.827014	0.007947
STPG1	-7.493458	0.000556
STPG2	-7.578256	0.000511
STPG3	-7.279279	0.000689
STPG4	-7.282993	0.000687
STRA6	-4.791830	0.008229
STRA8	-4.961412	0.006954
STRADA	-2.590201	0.069772
STRADB	-2.521105	0.074392
STRAP	-5.643286	0.003529
STRBP	-4.681370	0.009181
STRC	-3.949678	0.018897
STRIP1	-3.468514	0.030222
STRIP2	-3.477966	0.029946
STRN	-1.818290	0.139639
STRN3	-1.978688	0.121459
STRN4	-2.162069	0.103209
STS	-5.418377	0.004415
STT3A	-4.401462	0.012111
STT3B	-3.224663	0.038248
STUB1	-2.222193	0.097775
STUM	-5.361521	0.004672
STX10	-2.072414	0.111807
STX11	-2.881945	0.053053
STX12	-2.885994	0.052850
STX16	-3.101936	0.043027
STX17	-2.738025	0.060767
STX18	-3.287680	0.035996
STX19	-3.107657	0.042793
STX1A	-2.823784	0.056052
STX1B	-3.464580	0.030337
STX2	-3.539608	0.028206
STX3	-3.105343	0.042887
STX4	-3.376527	0.033037
STX5	-2.717874	0.061927
STX6	-2.404365	0.082840
STX7	-3.066966	0.044491
STX8	-3.404344	0.032160
STXBP1	-2.941815	0.050125
STXBP2	-2.781889	0.058311
STXBP3	-2.341794	0.087720
STXBP4	-3.283460	0.036143
STXBP5	-2.565242	0.071409
STXBP6	-3.346708	0.034003
STYK1	-3.465319	0.030315
STYX	-6.346713	0.001749
STYXL1	-5.088340	0.006130
STYXL2	-4.045414	0.017201
SUB1	-2.170120	0.102466
SUCLA2	-0.667881	0.338971
SUCLG1	-3.125928	0.042050
SUCLG2	-4.058869	0.016975
SUCNR1	-4.802031	0.008146
SUCO	-3.974787	0.018437
SUDS3	-4.070178	0.016788
SUFU	-2.395950	0.083482
SUGCT	-4.389875	0.012250
SUGP1	-7.397347	0.000613
SUGP2	-6.878108	0.001029
SUGT1	-2.293885	0.091631
SULF1	-3.527014	0.028553
SULF2	-3.687557	0.024422
SULT1A3	-7.288492	0.000683
SULT1A4	-7.288492	0.000683
SULT1B1	-7.584267	0.000508
SULT1C2	-7.480927	0.000563
SULT1C3	-6.624624	0.001326
SULT1C4	-5.602534	0.003675
SULT1E1	-7.539464	0.000531
SULT2A1	-3.206405	0.038925
SULT2B1	-7.467495	0.000571
SULT4A1	-7.314949	0.000665
SULT6B1	-7.543837	0.000529
SUMF1	-3.774667	0.022430
SUMF2	-3.762521	0.022698
SUMO1	-3.477799	0.029951
SUMO2	2.153768	0.896020
SUMO3	-1.379209	0.201136
SUMO4	-3.679641	0.024611
SUN1	-3.035848	0.045832
SUN2	-2.442729	0.079972
SUN3	-3.263327	0.036851
SUN5	-6.480533	0.001531
SUOX	-4.884610	0.007505
SUPT16H	-7.214387	0.000735
SUPT20H	-3.953940	0.018818
SUPT20HL1	-5.554275	0.003856
SUPT3H	-3.077158	0.044059
SUPT4H1	-5.728294	0.003242
SUPT5H	-7.340418	0.000648
SUPT6H	-6.909420	0.000997
SUPT7L	-7.187707	0.000755
SUPV3L1	-5.645513	0.003521
SURF1	-4.948345	0.007045
SURF2	-5.099990	0.006060
SURF4	-4.054346	0.017051
SURF6	-7.779928	0.000418
SUSD1	-4.792972	0.008220
SUSD2	-4.068011	0.016824
SUSD3	-4.790564	0.008239
SUSD4	-4.499945	0.010988
SUSD6	-6.001967	0.002468
SUV39H1	-3.524377	0.028627
SUV39H2	-4.474696	0.011265
SUZ12	-3.812212	0.021621
SV2A	-3.723828	0.023572
SV2B	-3.687162	0.024431
SV2C	-3.686569	0.024445
SVBP	-4.752509	0.008556
SVEP1	-3.472663	0.030100
SVIL	-4.819404	0.008007
SVOP	-4.615374	0.009801
SVOPL	-4.753831	0.008545
SWAP70	-5.761757	0.003136
SWSAP1	-7.577126	0.000512
SWT1	-3.446104	0.030885
SYAP1	-2.654629	0.065704
SYBU	-5.096643	0.006080
SYCE1	-3.165217	0.040496
SYCE1L	-3.955009	0.018798
SYCN	-7.346004	0.000645
SYCP1	-3.238772	0.037732
SYCP2	-3.489313	0.029618
SYCP2L	2.415326	0.917988
SYCP3	-3.915791	0.019536
SYDE1	-4.521074	0.010760
SYF2	-7.433033	0.000591
SYK	-2.491645	0.076446
SYMPK	-0.859745	0.297393
SYN1	-3.705355	0.024001
SYN3	-4.135568	0.015742
SYNC	-1.943739	0.125238
SYNCRIP	-5.575797	0.003774
SYNDIG1	-5.409654	0.004453
SYNE1	-2.359491	0.086314
SYNE2	-3.478911	0.029918
SYNE3	-4.167359	0.015257
SYNE4	-4.611285	0.009841
SYNGAP1	-3.766711	0.022605
SYNGR1	-4.596582	0.009986
SYNGR2	-4.362614	0.012585
SYNGR3	-2.912924	0.051518
SYNGR4	-5.243042	0.005256
SYNJ1	-2.509438	0.075199
SYNJ2	-3.532782	0.028394
SYNJ2BP	-5.130630	0.005878
SYNM	-3.350434	0.033881
SYNPO	-4.546963	0.010488
SYNPO2	-3.637698	0.025638
SYNPO2L	-3.569293	0.027404
SYNPR	-4.975359	0.006859
SYNRG	-2.697863	0.063100
SYP	-2.430502	0.080876
SYPL1	-4.452942	0.011510
SYPL2	-4.904166	0.007361
SYS1	-2.533934	0.073513
SYT1	-2.567929	0.071231
SYT10	-2.638254	0.066717
SYT11	-2.894035	0.052449
SYT12	-3.333410	0.034443
SYT13	-3.605657	0.026451
SYT14	-3.184829	0.039741
SYT15	-3.096874	0.043236
SYT16	-2.561705	0.071644
SYT17	-2.709470	0.062417
SYT2	-4.076419	0.016685
SYT3	-3.098022	0.043189
SYT4	-2.924695	0.050946
SYT5	-2.768608	0.059044
SYT6	-1.556015	0.174219
SYT7	-3.598256	0.026642
SYT8	-3.650316	0.025325
SYT9	-4.417538	0.011920
SYTL1	-2.840317	0.055184
SYTL2	-1.367249	0.203065
SYTL3	-3.473573	0.030074
SYTL4	-3.662983	0.025014
SYTL5	-4.139499	0.015681
SYVN1	-2.339248	0.087924
SZRD1	-4.177233	0.015109
SZT2	-5.810831	0.002986
TAAR1	-3.489742	0.029606
TAAR2	-3.401884	0.032237
TAAR5	-3.352042	0.033828
TAAR6	-3.490728	0.029577
TAAR8	-3.566685	0.027473
TAAR9	-3.406320	0.032099
TAB1	-3.410772	0.031961
TAB2	-3.473412	0.030078
TAB3	-4.138669	0.015694
TAC1	-3.394650	0.032463
TAC3	-3.354724	0.033741
TAC4	-3.415448	0.031816
TACC1	-3.113548	0.042552
TACC2	-2.710063	0.062382
TACC3	-2.484553	0.076948
TACO1	-7.795524	0.000411
TACR1	-3.309623	0.035243
TACR2	-3.183652	0.039786
TACR3	-3.413366	0.031880
TACSTD2	-3.153522	0.040953
TADA1	-7.399708	0.000611
TADA2A	-3.287003	0.036020
TADA3	-3.167060	0.040424
TAF1	-7.494559	0.000556
TAF10	-1.453459	0.189470
TAF11	-7.120338	0.000808
TAF12	-6.650513	0.001292
TAF13	-7.053398	0.000864
TAF15	-4.165476	0.015285
TAF1A	-6.277750	0.001874
TAF1B	-2.704046	0.062735
TAF1C	-3.488925	0.029629
TAF1D	-5.302651	0.004954
TAF1L	-7.497952	0.000554
TAF2	-2.990496	0.047857
TAF4	-3.784606	0.022213
TAF4B	-3.488578	0.029639
TAF5	-7.582135	0.000509
TAF5L	-0.021256	0.494686
TAF6	-7.468925	0.000570
TAF6L	-0.877517	0.293693
TAF7	-5.780026	0.003079
TAF7L	-6.075215	0.002294
TAF8	-6.975632	0.000934
TAF9B	-7.320297	0.000662
TAFA1	-3.525529	0.028595
TAFA2	-3.397642	0.032369
TAFA3	-3.636087	0.025678
TAFA4	-3.623869	0.025986
TAFA5	-3.737020	0.023271
TAFAZZIN	-4.331404	0.012978
TAGAP	-5.703756	0.003322
TAGLN	-5.840144	0.002900
TAGLN2	-7.154797	0.000780
TAGLN3	-7.432378	0.000591
TAL1	-3.498793	0.029347
TAL2	-4.375011	0.012432
TALDO1	-4.216321	0.014538
TAMALIN	-3.649906	0.025335
TAMM41	-5.406598	0.004467
TANC1	-4.445179	0.011599
TANGO2	-6.226732	0.001972
TANK	-3.899647	0.019847
TAOK1	-3.350588	0.033876
TAOK2	-3.654666	0.025218
TAOK3	-3.289024	0.035950
TAP1	-4.567598	0.010276
TAP2	-3.708237	0.023934
TAPBP	-3.466055	0.030294
TAPBPL	-3.205800	0.038948
TAPT1	-5.321646	0.004861
TARBP1	-3.495287	0.029447
TARBP2	-3.925902	0.019343
TARDBP	-4.827240	0.007945
TARP	-4.355653	0.012671
TARS1	-7.626648	0.000487
TARS2	-7.785651	0.000415
TARS3	-6.564002	0.001408
TAS1R1	-4.048425	0.017151
TAS1R2	-3.904476	0.019753
TAS1R3	-3.580647	0.027103
TAS2R1	-5.187931	0.005553
TAS2R10	-5.255176	0.005193
TAS2R13	-5.319811	0.004870
TAS2R14	-5.616051	0.003626
TAS2R16	-5.293029	0.005001
TAS2R19	-5.565319	0.003814
TAS2R20	-5.439758	0.004322
TAS2R3	-5.456908	0.004249
TAS2R38	-5.216006	0.005400
TAS2R39	-5.405078	0.004474
TAS2R4	-5.359750	0.004680
TAS2R40	-5.456328	0.004251
TAS2R41	-5.294760	0.004993
TAS2R42	-5.330259	0.004819
TAS2R43	-5.463657	0.004220
TAS2R45	-5.462646	0.004224
TAS2R46	-5.455485	0.004255
TAS2R5	-5.347765	0.004736
TAS2R50	-5.375493	0.004607
TAS2R60	-5.547193	0.003883
TAS2R7	-5.404894	0.004474
TAS2R8	-5.812352	0.002981
TAS2R9	-5.373973	0.004614
TASL	-6.476027	0.001538
TASOR	-3.946578	0.018954
TASP1	-7.657123	0.000472
TAT	-5.938996	0.002628
TATDN1	-1.651403	0.160919
TATDN2	-6.125723	0.002181
TATDN3	-3.667643	0.024901
TAX1BP1	-2.804167	0.057099
TAX1BP3	-3.298930	0.035608
TBATA	-5.401849	0.004488
TBC1D1	-3.234205	0.037899
TBC1D10A	-4.833254	0.007898
TBC1D10B	-5.623619	0.003599
TBC1D10C	-3.927473	0.019313
TBC1D13	-3.824945	0.021354
TBC1D14	-3.411376	0.031942
TBC1D15	-2.207878	0.099045
TBC1D16	-4.474609	0.011266
TBC1D17	-2.628071	0.067354
TBC1D19	-4.792909	0.008220
TBC1D2	-4.402104	0.012103
TBC1D20	-2.765989	0.059190
TBC1D21	-2.785914	0.058090
TBC1D22A	-5.310563	0.004915
TBC1D22B	-5.204600	0.005461
TBC1D23	-4.901524	0.007380
TBC1D24	-5.264177	0.005147
TBC1D25	-2.827972	0.055831
TBC1D26	-5.206367	0.005452
TBC1D28	-4.538389	0.010578
TBC1D2B	-4.312898	0.013218
TBC1D31	-4.692529	0.009080
TBC1D32	-3.474694	0.030041
TBC1D3B	-4.472808	0.011286
TBC1D3C	-4.330761	0.012987
TBC1D3F	-4.313265	0.013213
TBC1D3G	-4.346887	0.012782
TBC1D4	-2.608514	0.068592
TBC1D5	-3.731279	0.023401
TBC1D7	-4.593158	0.010019
TBC1D8	-4.594272	0.010008
TBC1D8B	-4.193736	0.014865
TBC1D9	-4.104635	0.016228
TBC1D9B	-4.734592	0.008710
TBCA	-3.277461	0.036353
TBCB	-3.673412	0.024761
TBCC	-3.618611	0.026119
TBCCD1	-5.081263	0.006174
TBCD	-2.362793	0.086054
TBCE	-2.842708	0.055059
TBCEL	-4.898983	0.007399
TBCK	-3.582620	0.027051
TBK1	-1.871187	0.133404
TBKBP1	-3.461177	0.030437
TBL1X	-4.603621	0.009916
TBL1XR1	-3.125999	0.042047
TBL1Y	-6.524583	0.001465
TBL2	-3.290016	0.035915
TBL3	-3.553360	0.027832
TBP	-3.639606	0.025591
TBPL1	-4.958800	0.006972
TBPL2	-6.669609	0.001267
TBR1	-3.729512	0.023442
TBRG1	-4.332362	0.012966
TBRG4	-5.439796	0.004322
TBX1	-3.959366	0.018718
TBX10	-5.103596	0.006038
TBX15	-3.402599	0.032214
TBX18	-3.684098	0.024504
TBX19	-3.572238	0.027325
TBX2	-3.623887	0.025986
TBX20	-6.136370	0.002158
TBX21	-3.756931	0.022822
TBX22	-6.884218	0.001023
TBX3	-3.860130	0.020631
TBX4	-3.931719	0.019233
TBX5	-3.509999	0.029029
TBX6	-4.119769	0.015988
TBXA2R	-3.640406	0.025571
TBXAS1	-5.385486	0.004562
TBXT	-3.872305	0.020386
TC2N	-3.800059	0.021880
TCAF1	-5.764837	0.003126
TCAF2	-5.281182	0.005061
TCAP	-3.065124	0.044569
TCEA1	0.304124	0.575450
TCEA2	-1.933437	0.126371
TCEA3	-5.776022	0.003091
TCEAL1	-4.102355	0.016265
TCEAL2	-4.745490	0.008616
TCEAL3	-6.370632	0.001708
TCEAL4	-4.811224	0.008072
TCEAL5	-6.430183	0.001610
TCEAL6	-6.179146	0.002068
TCEAL7	-7.086104	0.000836
TCEAL8	-3.962761	0.018656
TCEAL9	-6.114641	0.002205
TCEANC2	-2.915578	0.051389
TCERG1	-3.298086	0.035637
TCERG1L	-6.495959	0.001507
TCF12	-3.746930	0.023046
TCF15	-4.788995	0.008252
TCF19	-2.994966	0.047654
TCF20	-3.595960	0.026702
TCF21	-5.110775	0.005995
TCF23	-3.632994	0.025756
TCF25	-0.417998	0.396996
TCF3	-3.623393	0.025998
TCF4	-3.678352	0.024642
TCF7	-3.771811	0.022493
TCF7L1	-3.494564	0.029467
TCF7L2	-3.440594	0.031051
TCFL5	-4.995103	0.006725
TCHHL1	-4.095862	0.016369
TCHP	-2.111237	0.108009
TCIM	-6.688554	0.001244
TCIRG1	-4.784986	0.008285
TCL1A	-3.458210	0.030525
TCL1B	-4.392061	0.012224
TCN1	-4.294738	0.013457
TCN2	-2.753577	0.059885
TCOF1	-3.577193	0.027194
TCP1	-1.878824	0.132524
TCP10L	-5.343070	0.004758
TCP11	-5.132015	0.005870
TCP11L1	-2.659073	0.065432
TCP11L2	-3.481956	0.029830
TCTA	-5.601440	0.003679
TCTN1	-3.657347	0.025152
TCTN2	-2.423267	0.081416
TCTN3	-4.354675	0.012684
TDG	-3.624007	0.025982
TDO2	-5.623691	0.003598
TDP1	-3.488161	0.029651
TDP2	-5.283992	0.005047
TDRD1	-3.538909	0.028225
TDRD10	-6.243600	0.001939
TDRD12	-3.083184	0.043806
TDRD3	-3.188216	0.039612
TDRD5	-3.487652	0.029666
TDRD6	-3.369578	0.033260
TDRD7	-3.557175	0.027728
TDRD9	-5.318849	0.004875
TDRKH	-3.579041	0.027145
TDRP	-5.666431	0.003448
TEAD1	-3.618726	0.026116
TEAD2	-3.775643	0.022409
TEAD3	-3.708032	0.023939
TEAD4	-3.613771	0.026243
TEC	-3.461386	0.030431
TECPR1	-3.812327	0.021619
TECPR2	-3.516013	0.028860
TECR	-3.676227	0.024693
TECRL	-5.841073	0.002897
TECTA	-3.572069	0.027330
TECTB	-4.676944	0.009222
TEDC1	-2.760960	0.059471
TEDC2	-5.794240	0.003036
TEDDM1	-6.036497	0.002384
TEF	-3.419373	0.031695
TEFM	-5.220120	0.005378
TEK	-2.814283	0.056557
TEKT1	-2.778898	0.058475
TEKT3	-4.959320	0.006969
TEKT4	-4.417949	0.011915
TEKT5	-5.365792	0.004652
TEKTIP1	-6.180068	0.002066
TEKTL1	-5.183812	0.005575
TELO2	-2.621740	0.067752
TEN1	1.287464	0.783718
TENM1	-4.102620	0.016261
TENM2	-3.390027	0.032609
TENM3	-2.610670	0.068455
TENT2	-2.976432	0.048502
TENT4A	-3.156485	0.040837
TENT4B	-2.185932	0.101021
TENT5A	-4.164424	0.015301
TENT5B	-5.464820	0.004215
TENT5C	-5.250334	0.005218
TENT5D	-4.956199	0.006990
TEP1	-3.322119	0.034820
TEPSIN	-3.115309	0.042480
TERB2	-0.348238	0.413810
TERF1	-3.496621	0.029409
TERF2	-3.507505	0.029099
TERF2IP	-7.115564	0.000812
TERT	-3.510141	0.029025
TES	-3.812506	0.021615
TESC	-4.279652	0.013658
TESK1	-3.745860	0.023071
TESK2	-4.731671	0.008735
TESMIN	-2.401636	0.083048
TET1	-3.617520	0.026147
TET2	-3.830254	0.021243
TEX10	-7.715710	0.000446
TEX101	-4.526810	0.010699
TEX11	-3.237317	0.037785
TEX12	-1.170906	0.236691
TEX13A	-5.678353	0.003408
TEX13B	-5.525981	0.003966
TEX14	-3.898652	0.019867
TEX15	-4.063963	0.016891
TEX19	-7.434006	0.000590
TEX2	-3.835114	0.021142
TEX26	-5.292180	0.005006
TEX261	-4.392969	0.012213
TEX264	-5.908146	0.002710
TEX28	-5.260429	0.005166
TEX29	-5.472572	0.004183
TEX30	-7.298322	0.000676
TEX35	-7.528117	0.000537
TEX44	-6.234048	0.001958
TEX47	-6.943308	0.000964
TEX55	-6.021294	0.002421
TEX9	-2.602612	0.068971
TF	-2.953629	0.049565
TFAM	-7.724210	0.000442
TFAP2A	-3.431674	0.031320
TFAP2B	-3.584818	0.026993
TFAP2C	-3.503407	0.029215
TFAP2D	-3.534271	0.028353
TFAP2E	-3.711576	0.023856
TFAP4	-4.020096	0.017635
TFB1M	-7.726846	0.000441
TFB2M	-7.564803	0.000518
TFCP2	-3.565373	0.027508
TFCP2L1	-3.787021	0.022161
TFDP1	-1.874514	0.133020
TFDP2	-3.170145	0.040305
TFDP3	-3.780345	0.022306
TFE3	-3.478828	0.029921
TFEB	-3.406077	0.032106
TFEC	-3.870525	0.020422
TFF1	-2.355688	0.086615
TFF2	-6.207797	0.002010
TFF3	-4.197437	0.014811
TFG	-2.107335	0.108386
TFIP11	-0.830082	0.303628
TFPI	-3.519098	0.028774
TFPI2	-4.127844	0.015862
TFPT	-3.858371	0.020666
TFR2	-3.600613	0.026581
TFRC	-3.544664	0.028068
TG	-3.157083	0.040813
TGDS	-6.221802	0.001982
TGFA	-3.342825	0.034131
TGFB1	-2.648036	0.066110
TGFB1I1	-3.483183	0.029795
TGFB2	-3.626066	0.025930
TGFB3	-3.954036	0.018816
TGFBI	-4.420424	0.011886
TGFBR1	-3.073855	0.044199
TGFBR2	-2.994617	0.047670
TGFBR3	-2.706236	0.062606
TGFBRAP1	-1.103299	0.249122
TGIF1	-3.438871	0.031102
TGIF2	-4.107741	0.016179
TGIF2LX	-3.701867	0.024083
TGIF2LY	-4.093105	0.016413
TGM1	-4.554092	0.010414
TGM2	-3.675317	0.024715
TGM3	-5.282226	0.005055
TGM4	-5.724683	0.003254
TGM5	-5.362210	0.004669
TGM6	-5.875495	0.002800
TGM7	-5.766926	0.003120
TGOLN2	-3.455303	0.030611
TGS1	-4.622728	0.009730
TH	-3.957659	0.018750
THADA	-0.382028	0.405638
THAP1	-3.862318	0.020587
THAP10	-7.451841	0.000580
THAP11	-3.912344	0.019602
THAP12	-5.635162	0.003557
THAP2	-4.868362	0.007627
THAP3	-5.786676	0.003059
THAP4	-5.856891	0.002852
THAP5	-4.820638	0.007997
THAP6	-6.719226	0.001206
THAP7	-6.532228	0.001454
THAP8	-5.412982	0.004439
THAP9	-6.214584	0.001996
THBD	-3.543725	0.028093
THBS1	-3.771559	0.022498
THBS2	-3.647753	0.025388
THBS3	-4.119569	0.015992
THBS4	-3.886495	0.020105
THEM4	-3.788971	0.022119
THEM5	-5.279040	0.005071
THEM6	-3.268552	0.036666
THEMIS	-4.425272	0.011829
THEMIS2	-4.544867	0.010510
THG1L	-5.746397	0.003184
THNSL1	-5.807900	0.002995
THNSL2	-6.293365	0.001845
THOC1	-4.884120	0.007509
THOC2	-4.468677	0.011333
THOC3	-0.024773	0.493807
THOC5	0.317678	0.578758
THOC6	-2.118013	0.107358
THOC7	-1.697668	0.154770
THOP1	-2.582150	0.070296
THPO	-2.412732	0.082207
THRA	-3.579034	0.027145
THRAP3	-6.891159	0.001016
THRB	-3.600150	0.026593
THRSP	-3.428099	0.031429
THSD1	-3.181854	0.039854
THSD4	-4.164598	0.015298
THSD7B	-4.896297	0.007419
THTPA	-4.957564	0.006981
THUMPD1	-4.852408	0.007749
THUMPD2	-6.512784	0.001482
THUMPD3	-7.558923	0.000521
THY1	-2.444184	0.079865
THYN1	-6.661050	0.001278
TIA1	-6.375656	0.001700
TIAL1	-6.902047	0.001005
TIAM1	-4.327512	0.013028
TIAM2	-3.886040	0.020114
TICAM1	-3.358721	0.033611
TICAM2	-2.344996	0.087464
TICRR	-2.804701	0.057071
TIE1	-2.745064	0.060366
TIFA	-5.643218	0.003529
TIGAR	-2.115498	0.107600
TIGD1	-4.983871	0.006801
TIGD2	-6.224946	0.001976
TIGD3	-5.971795	0.002543
TIGD4	-6.750542	0.001169
TIGD5	-4.829120	0.007930
TIGD6	-7.189018	0.000754
TIGD7	-6.303452	0.001827
TIGIT	-1.931391	0.126597
TIMD4	-3.176087	0.040076
TIMELESS	-3.938272	0.019110
TIMM10	-1.055587	0.258154
TIMM10B	-1.308763	0.212694
TIMM13	-2.179516	0.101605
TIMM17A	-3.287470	0.036004
TIMM17B	-3.345293	0.034050
TIMM21	-2.099144	0.109180
TIMM22	-4.040716	0.017281
TIMM23B	-3.439735	0.031076
TIMM29	-6.635478	0.001311
TIMM44	-2.512433	0.074991
TIMM50	-2.983858	0.048160
TIMM8A	-3.560946	0.027627
TIMM8B	-2.734999	0.060939
TIMM9	-1.265943	0.219953
TIMMDC1	-6.345781	0.001751
TIMP1	-2.854410	0.054454
TIMP2	-3.603722	0.026501
TIMP3	-3.619044	0.026108
TIMP4	-4.506626	0.010915
TINAG	-3.582585	0.027052
TINAGL1	-3.615033	0.026211
TINF2	-3.389232	0.032634
TIPARP	-7.407413	0.000606
TIPIN	-1.207418	0.230158
TIPRL	-1.836720	0.137440
TIRAP	-3.824973	0.021353
TJAP1	-5.115600	0.005967
TJP1	-2.362728	0.086059
TJP2	-2.463885	0.078429
TJP3	-2.682059	0.064040
TK1	-3.190490	0.039525
TK2	-2.155077	0.103858
TKFC	-5.469292	0.004197
TKT	-4.353022	0.012704
TKTL1	-4.699165	0.009021
TKTL2	-4.917080	0.007267
TLCD1	-5.648025	0.003512
TLCD3A	-4.964495	0.006933
TLCD3B	-5.737134	0.003214
TLCD4	-6.119210	0.002195
TLCD5	-5.383246	0.004572
TLDC2	-5.549167	0.003876
TLE1	-3.447586	0.030841
TLE2	-3.565050	0.027517
TLE3	-3.443309	0.030969
TLE4	-3.473517	0.030075
TLE5	-5.058134	0.006317
TLE6	-3.636897	0.025658
TLK1	-3.652331	0.025275
TLK2	-3.328051	0.034621
TLL1	-4.066966	0.016841
TLL2	-4.400815	0.012119
TLN1	-3.269932	0.036617
TLN2	-3.342598	0.034138
TLNRD1	-7.019289	0.000894
TLR1	-3.865611	0.020520
TLR10	-3.204488	0.038997
TLR2	-2.830764	0.055684
TLR3	-2.362788	0.086055
TLR4	-2.893310	0.052485
TLR5	-2.327775	0.088849
TLR6	-4.053116	0.017072
TLR7	-2.821287	0.056185
TLR8	-2.513361	0.074927
TLR9	-2.712739	0.062226
TLX1	-3.479995	0.029887
TLX2	-4.393573	0.012206
TLX3	-4.376470	0.012414
TM2D1	-4.954439	0.007003
TM2D2	-5.336398	0.004790
TM2D3	-4.322027	0.013099
TM4SF1	-4.882183	0.007523
TM4SF18	-5.218976	0.005384
TM4SF19	-5.576392	0.003772
TM4SF20	-5.778825	0.003083
TM4SF4	-5.418022	0.004416
TM4SF5	-5.055542	0.006334
TM6SF1	-6.065275	0.002317
TM6SF2	-5.595871	0.003699
TM7SF2	-5.146546	0.005786
TM7SF3	-5.350726	0.004722
TM9SF1	-4.945680	0.007064
TM9SF2	-4.023747	0.017572
TM9SF3	-3.755935	0.022845
TM9SF4	-4.388861	0.012263
TMA16	-6.283149	0.001864
TMA7	-6.776004	0.001140
TMBIM1	-3.444063	0.030946
TMBIM4	-3.509498	0.029043
TMBIM6	-4.094847	0.016385
TMC1	-3.506989	0.029114
TMC2	-3.711763	0.023852
TMC3	-3.682613	0.024540
TMC4	-3.718946	0.023685
TMC5	-3.770593	0.022520
TMC6	-4.376090	0.012418
TMC7	-4.724463	0.008797
TMC8	-3.688302	0.024404
TMCC1	-3.896291	0.019913
TMCC2	-2.306922	0.090551
TMCC3	-4.350505	0.012736
TMCO1	-4.312445	0.013224
TMCO2	-7.320601	0.000661
TMCO4	-5.452061	0.004269
TMCO5A	-5.519648	0.003991
TMCO6	-4.828339	0.007936
TMED1	-3.224516	0.038253
TMED10	-3.024601	0.046327
TMED2	-2.241388	0.096095
TMED3	-4.373096	0.012455
TMED4	-3.574850	0.027256
TMED5	-4.550611	0.010450
TMED6	-4.092058	0.016430
TMED7	-3.681493	0.024567
TMED8	-5.927896	0.002657
TMED9	-3.549091	0.027947
TMEFF1	-3.618429	0.026124
TMEFF2	-3.677946	0.024652
TMEM100	-5.669960	0.003436
TMEM101	-5.056891	0.006325
TMEM102	-3.485416	0.029730
TMEM106A	-5.525592	0.003968
TMEM106B	-6.122116	0.002189
TMEM106C	-5.881205	0.002784
TMEM107	-1.968178	0.122585
TMEM108	-3.227641	0.038139
TMEM109	-5.085288	0.006149
TMEM11	-4.880079	0.007539
TMEM115	-4.393785	0.012203
TMEM116	-4.371511	0.012475
TMEM117	-4.563130	0.010322
TMEM119	-3.977124	0.018395
TMEM120A	-3.419222	0.031700
TMEM120B	-2.500911	0.075794
TMEM121	-5.090129	0.006120
TMEM121B	-4.695592	0.009053
TMEM123	-4.069164	0.016804
TMEM125	-4.560750	0.010346
TMEM126A	-3.919103	0.019472
TMEM126B	-3.799905	0.021883
TMEM127	-5.052057	0.006356
TMEM128	-6.483870	0.001526
TMEM129	-3.503812	0.029204
TMEM130	-4.895562	0.007424
TMEM131L	-4.977451	0.006844
TMEM132A	-3.597654	0.026658
TMEM132B	-3.000524	0.047402
TMEM132D	-3.123403	0.042152
TMEM132E	-3.216087	0.038565
TMEM134	-6.481946	0.001528
TMEM135	-4.091956	0.016432
TMEM138	-5.431130	0.004359
TMEM139	-6.775151	0.001140
TMEM140	-5.289876	0.005017
TMEM141	-4.887123	0.007487
TMEM143	-4.987323	0.006778
TMEM144	-6.928353	0.000979
TMEM145	-4.972276	0.006880
TMEM147	-6.556848	0.001418
TMEM14A	-4.721986	0.008819
TMEM14B	-4.231230	0.014326
TMEM14C	-4.590760	0.010043
TMEM150A	-4.747975	0.008595
TMEM150C	-5.993207	0.002489
TMEM151A	-5.626458	0.003588
TMEM151B	-5.826348	0.002940
TMEM154	-3.914855	0.019553
TMEM156	-4.384498	0.012316
TMEM158	-4.864958	0.007653
TMEM160	-2.737981	0.060769
TMEM161A	-3.735532	0.023304
TMEM161B	-3.883382	0.020166
TMEM163	-6.469953	0.001547
TMEM164	-6.890695	0.001016
TMEM165	-3.508925	0.029059
TMEM167A	-3.896206	0.019914
TMEM167B	-5.579358	0.003761
TMEM168	-6.115139	0.002204
TMEM169	-5.123004	0.005923
TMEM17	-4.299971	0.013387
TMEM170A	-5.865278	0.002828
TMEM171	-5.767724	0.003117
TMEM174	-7.098074	0.000826
TMEM175	-5.178004	0.005608
TMEM176A	-6.869059	0.001038
TMEM176B	-5.547291	0.003883
TMEM177	-2.948782	0.049794
TMEM178A	-4.541027	0.010550
TMEM179	-4.963860	0.006937
TMEM179B	-6.123983	0.002185
TMEM18	-5.057212	0.006323
TMEM182	-4.958518	0.006974
TMEM183A	-3.947786	0.018932
TMEM184A	-4.980675	0.006823
TMEM184B	-5.109985	0.006000
TMEM184C	-5.255379	0.005192
TMEM185A	-5.046279	0.006392
TMEM186	-5.773975	0.003098
TMEM187	-4.589507	0.010056
TMEM19	-5.241512	0.005264
TMEM190	-5.280554	0.005064
TMEM192	-5.420074	0.004407
TMEM196	-4.659493	0.009382
TMEM198	-5.226548	0.005343
TMEM200A	-5.393810	0.004524
TMEM200B	-4.923077	0.007224
TMEM200C	-5.431622	0.004357
TMEM201	-2.358764	0.086372
TMEM202	-4.806987	0.008106
TMEM203	-4.922877	0.007226
TMEM204	-4.820965	0.007995
TMEM205	-5.394377	0.004522
TMEM207	-7.349544	0.000642
TMEM208	-3.603820	0.026498
TMEM209	-3.300737	0.035546
TMEM213	-4.973061	0.006874
TMEM214	-4.905398	0.007352
TMEM215	-5.262067	0.005158
TMEM216	-3.273785	0.036482
TMEM217	-4.981153	0.006819
TMEM218	-7.139734	0.000792
TMEM219	-3.541637	0.028150
TMEM220	-5.889740	0.002760
TMEM222	-5.578755	0.003763
TMEM223	-3.871254	0.020407
TMEM225	-4.763396	0.008464
TMEM229B	-6.720654	0.001204
TMEM230	-4.933597	0.007149
TMEM231	-2.327634	0.088860
TMEM232	-6.834941	0.001074
TMEM234	-5.952512	0.002593
TMEM236	-4.798961	0.008171
TMEM237	-4.798016	0.008179
TMEM242	-3.412619	0.031903
TMEM243	-5.901048	0.002729
TMEM244	-4.072045	0.016757
TMEM245	-5.335142	0.004796
TMEM248	-4.828078	0.007938
TMEM25	-3.607855	0.026394
TMEM252	-6.748334	0.001171
TMEM254	-4.451331	0.011529
TMEM255A	-4.567187	0.010280
TMEM255B	-5.848319	0.002876
TMEM256	-3.266785	0.036728
TMEM258	-3.513924	0.028919
TMEM259	-4.269393	0.013797
TMEM26	-5.276080	0.005086
TMEM260	-4.442992	0.011624
TMEM263	-5.484097	0.004135
TMEM266	-4.918777	0.007255
TMEM267	-6.055752	0.002339
TMEM268	-6.834878	0.001074
TMEM270	-5.920258	0.002677
TMEM30A	-4.799264	0.008169
TMEM30B	-4.930916	0.007168
TMEM31	-7.472959	0.000568
TMEM33	-4.470714	0.011310
TMEM35A	-5.653428	0.003493
TMEM37	-4.702406	0.008992
TMEM38A	-4.884629	0.007505
TMEM38B	-4.942828	0.007084
TMEM39A	-3.752552	0.022920
TMEM39B	-5.158368	0.005718
TMEM40	-3.296291	0.035699
TMEM41A	-5.746876	0.003183
TMEM41B	-3.069827	0.044369
TMEM42	-5.134995	0.005853
TMEM43	-5.192285	0.005529
TMEM44	-5.411642	0.004444
TMEM45A	-5.336865	0.004788
TMEM45B	-5.184675	0.005571
TMEM47	-5.059962	0.006306
TMEM50A	-4.377995	0.012395
TMEM50B	-4.361430	0.012599
TMEM51	-4.752333	0.008558
TMEM52	-7.332851	0.000653
TMEM52B	-6.362370	0.001722
TMEM53	-7.270165	0.000696
TMEM54	-5.697612	0.003343
TMEM59	-4.553735	0.010418
TMEM59L	-4.936928	0.007125
TMEM60	-4.784874	0.008286
TMEM61	-5.920658	0.002676
TMEM62	-6.051817	0.002348
TMEM63A	-4.598401	0.009968
TMEM63B	-4.761313	0.008482
TMEM63C	-5.346248	0.004743
TMEM64	-5.269672	0.005119
TMEM65	-6.219422	0.001986
TMEM67	-3.477315	0.029965
TMEM68	-5.626100	0.003590
TMEM69	-3.576893	0.027202
TMEM70	-4.037582	0.017334
TMEM71	-4.807539	0.008102
TMEM74	-6.281542	0.001867
TMEM74B	-6.249658	0.001927
TMEM79	-5.125169	0.005910
TMEM80	-5.420489	0.004405
TMEM81	-4.852905	0.007745
TMEM82	-6.931034	0.000976
TMEM86A	-6.167375	0.002092
TMEM86B	-6.459195	0.001564
TMEM87A	-3.910818	0.019631
TMEM87B	-4.608386	0.009870
TMEM88	-4.889953	0.007466
TMEM89	-6.692951	0.001238
TMEM8B	-6.011269	0.002445
TMEM9	-4.593897	0.010012
TMEM91	-4.786452	0.008273
TMEM92	-7.296212	0.000678
TMEM94	-3.674859	0.024726
TMEM95	-4.421466	0.011874
TMEM97	-6.150101	0.002129
TMEM98	-5.054431	0.006341
TMEM9B	-4.881651	0.007527
TMF1	-2.983310	0.048186
TMIE	-4.670334	0.009282
TMIGD1	-2.949150	0.049777
TMIGD2	-3.452376	0.030698
TMLHE	-5.453303	0.004264
TMOD1	-6.619378	0.001332
TMOD2	-1.381065	0.200838
TMOD3	-2.281332	0.092681
TMOD4	1.769027	0.854337
TMPO	-3.458823	0.030507
TMPPE	-4.769813	0.008411
TMPRSS11A	-4.545367	0.010505
TMPRSS11B	-4.856011	0.007721
TMPRSS11D	-4.981312	0.006818
TMPRSS11E	-4.843551	0.007817
TMPRSS11F	-4.709738	0.008927
TMPRSS12	-5.310019	0.004918
TMPRSS13	-4.501252	0.010973
TMPRSS15	-3.053639	0.045061
TMPRSS2	-2.974988	0.048569
TMPRSS3	-5.261992	0.005158
TMPRSS4	-6.506625	0.001491
TMPRSS5	-4.365326	0.012551
TMPRSS6	-4.750194	0.008576
TMPRSS7	-4.851967	0.007752
TMPRSS9	-3.700948	0.024105
TMSB10	-4.458800	0.011444
TMSB15A	-4.992822	0.006741
TMSB4X	-4.573004	0.010221
TMSB4Y	-5.068849	0.006250
TMT1A	-5.913107	0.002696
TMT1B	-6.734210	0.001188
TMTC1	-4.881066	0.007532
TMTC2	-4.802881	0.008139
TMTC3	-5.018349	0.006572
TMTC4	-4.675476	0.009235
TMUB1	-3.495578	0.029438
TMUB2	-4.958172	0.006977
TMX1	-3.513536	0.028930
TMX2	-2.537817	0.073249
TMX3	-3.497428	0.029385
TMX4	-4.997125	0.006712
TNC	-3.306427	0.035351
TNF	-3.137076	0.041604
TNFAIP1	-3.532048	0.028414
TNFAIP2	-3.997898	0.018023
TNFAIP3	-3.228248	0.038116
TNFAIP6	-3.572865	0.027309
TNFAIP8	-4.471807	0.011298
TNFAIP8L1	-5.225648	0.005348
TNFAIP8L2	-5.145337	0.005793
TNFAIP8L3	-5.157924	0.005721
TNFRSF10A	-3.573734	0.027286
TNFRSF10B	-3.886677	0.020101
TNFRSF10C	-3.467614	0.030248
TNFRSF10D	-4.275858	0.013710
TNFRSF11A	-3.479148	0.029911
TNFRSF11B	-3.647522	0.025394
TNFRSF12A	-2.535337	0.073418
TNFRSF13B	-3.653372	0.025250
TNFRSF13C	-3.377674	0.033001
TNFRSF14	-2.079126	0.111142
TNFRSF17	-2.996808	0.047570
TNFRSF19	-6.133362	0.002165
TNFRSF1A	-3.585983	0.026962
TNFRSF1B	-3.889006	0.020055
TNFRSF21	-3.644992	0.025457
TNFRSF25	-2.716002	0.062036
TNFRSF4	-2.869415	0.053686
TNFRSF6B	-4.014647	0.017729
TNFRSF8	-3.763027	0.022687
TNFRSF9	-3.971408	0.018498
TNFSF10	-3.488194	0.029650
TNFSF11	-3.542930	0.028115
TNFSF12	-4.037523	0.017335
TNFSF12-TNFSF13	-2.641894	0.066490
TNFSF13	-1.884332	0.131892
TNFSF13B	-3.503766	0.029205
TNFSF14	-1.992034	0.120042
TNFSF15	-3.065593	0.044549
TNFSF18	-2.670644	0.064728
TNFSF4	-2.024455	0.116659
TNFSF8	-3.398977	0.032327
TNFSF9	-2.028081	0.116286
TNIK	-2.799547	0.057349
TNIP1	-3.217091	0.038528
TNIP2	-3.587856	0.026913
TNIP3	-3.490390	0.029587
TNK1	-4.513815	0.010838
TNK2	-3.939605	0.019085
TNKS	-3.688374	0.024402
TNKS1BP1	-3.455073	0.030618
TNKS2	-3.743902	0.023115
TNMD	-7.052964	0.000864
TNN	-3.607848	0.026395
TNNC1	-1.419365	0.194761
TNNC2	-1.980416	0.121275
TNNI1	-2.336795	0.088121
TNNI2	-3.776745	0.022385
TNNI3	-2.389303	0.083992
TNNI3K	-3.625706	0.025940
TNNT1	-2.623698	0.067629
TNNT2	-2.392849	0.083720
TNNT3	-2.567727	0.071245
TNP1	-7.448021	0.000582
TNP2	-7.720345	0.000444
TNPO1	-2.490026	0.076560
TNPO2	-1.628821	0.163992
TNPO3	-2.489910	0.076569
TNR	-3.672583	0.024781
TNRC18	-3.710355	0.023884
TNRC6A	-3.472278	0.030111
TNRC6B	-3.446716	0.030867
TNRC6C	-3.475562	0.030016
TNS1	-3.214767	0.038614
TNS2	-3.773231	0.022462
TNS3	-2.720405	0.061780
TNS4	-3.371582	0.033195
TNXB	-3.685158	0.024479
TOB1	-6.762311	0.001155
TOB2	-3.663230	0.025008
TOE1	-6.549363	0.001429
TOGARAM1	-3.531894	0.028418
TOGARAM2	-4.768393	0.008422
TOLLIP	-2.325754	0.089012
TOM1	-3.042512	0.045542
TOM1L1	-3.699200	0.024146
TOM1L2	-3.644102	0.025479
TOMM20	-1.828921	0.138367
TOMM20L	-3.461862	0.030417
TOMM22	-2.845778	0.054900
TOMM34	-5.521767	0.003983
TOMM40	-2.814164	0.056564
TOMM40L	-3.453780	0.030656
TOMM6	-5.114624	0.005972
TOMM7	-1.522521	0.179091
TOMM70	-2.873197	0.053495
TONSL	-3.441566	0.031021
TOP1	-4.756851	0.008519
TOP1MT	-3.361472	0.033521
TOP2A	0.262576	0.565269
TOP2B	-0.232670	0.442094
TOP3A	-7.417958	0.000600
TOP3B	-5.126717	0.005901
TOP6BL	-6.004638	0.002461
TOPBP1	-1.806717	0.141035
TOPORS	-2.821127	0.056193
TOR1A	-3.247368	0.037422
TOR1AIP1	-3.465927	0.030297
TOR1AIP2	-3.725169	0.023541
TOR1B	-3.400334	0.032285
TOR2A	-4.701947	0.008996
TOR3A	-4.897322	0.007411
TOR4A	-6.546640	0.001433
TOX	-3.750601	0.022964
TOX2	-2.380590	0.084665
TOX3	-3.942209	0.019036
TOX4	-3.523669	0.028646
TP53	-3.673636	0.024756
TP53AIP1	-7.296216	0.000678
TP53BP1	-3.832259	0.021201
TP53BP2	-3.719755	0.023666
TP53I11	-3.437962	0.031130
TP53I13	-3.728627	0.023462
TP53I3	-5.171504	0.005644
TP53INP1	-4.923619	0.007220
TP53INP2	-4.734856	0.008707
TP53RK	-2.125929	0.106602
TP53TG3	-7.407976	0.000606
TP53TG5	-6.928920	0.000978
TP63	-3.476713	0.029982
TP73	-3.630926	0.025808
TPBG	-2.986791	0.048026
TPCN1	-4.496475	0.011025
TPCN2	-4.944314	0.007073
TPD52	-1.952137	0.124321
TPD52L1	-3.540668	0.028177
TPD52L2	-3.654555	0.025220
TPD52L3	-4.772798	0.008386
TPGS1	-3.418828	0.031712
TPGS2	-4.363605	0.012572
TPH1	-3.338215	0.034283
TPH2	-5.233360	0.005307
TPI1	-5.051622	0.006358
TPK1	-4.274203	0.013732
TPM1	-2.800886	0.057276
TPM2	-3.044949	0.045436
TPM3	-2.616584	0.068079
TPM4	-3.314195	0.035087
TPMT	-7.636793	0.000482
TPO	-4.789743	0.008246
TPP1	-5.385650	0.004561
TPP2	-2.941428	0.050143
TPPP	-6.933373	0.000974
TPPP2	-5.880059	0.002787
TPPP3	-4.705381	0.008965
TPR	-3.327456	0.034641
TPRA1	-4.762004	0.008476
TPRG1	-4.861874	0.007677
TPRG1L	-4.893648	0.007438
TPRKB	-4.899212	0.007397
TPRN	-3.713825	0.023804
TPRX1	-4.366683	0.012534
TPSAB1	-5.132523	0.005867
TPSD1	-6.985619	0.000924
TPSG1	-4.541090	0.010549
TPST1	-4.346513	0.012786
TPST2	-3.709062	0.023915
TPT1	-5.154570	0.005740
TPTE	-4.008742	0.017832
TPTE2	-3.090539	0.043499
TPX2	-3.339440	0.034243
TRA2A	-7.594685	0.000503
TRA2B	-7.588124	0.000506
TRABD	-2.185386	0.101071
TRADD	-2.349178	0.087131
TRAF1	-3.744603	0.023099
TRAF2	-3.647099	0.025404
TRAF3	-2.617337	0.068031
TRAF3IP1	-2.123950	0.106791
TRAF3IP2	-2.595953	0.069399
TRAF3IP3	-3.648802	0.025362
TRAF4	-3.509862	0.029033
TRAF5	-3.063838	0.044624
TRAF6	-3.369007	0.033278
TRAF7	-3.545788	0.028037
TRAFD1	-2.770596	0.058934
TRAIP	-2.556324	0.072003
TRAK1	-2.747530	0.060226
TRAK2	-3.754842	0.022869
TRAM1	-3.935194	0.019167
TRAM1L1	-3.664013	0.024989
TRAM2	-2.826887	0.055888
TRAP1	-2.305432	0.090674
TRAPPC1	-2.155299	0.103837
TRAPPC10	-3.325782	0.034697
TRAPPC11	-3.417378	0.031757
TRAPPC12	-2.415783	0.081977
TRAPPC13	-3.327276	0.034647
TRAPPC14	-4.723286	0.008808
TRAPPC2	-3.096294	0.043260
TRAPPC2L	-1.937098	0.125967
TRAPPC3	-2.607894	0.068632
TRAPPC4	-1.812807	0.140299
TRAPPC5	-2.069825	0.112064
TRAPPC6A	-2.482946	0.077062
TRAPPC6B	-2.677400	0.064320
TRAPPC8	-2.666420	0.064984
TRAPPC9	-2.408739	0.082509
TRARG1	-5.313695	0.004900
TRAT1	-3.113335	0.042561
TRDMT1	-6.818522	0.001092
TRDN	-3.468193	0.030231
TREH	-4.891002	0.007458
TREM1	-2.628937	0.067299
TREM2	-5.427171	0.004376
TREML1	-5.407995	0.004461
TREML2	-4.873868	0.007586
TREML4	-4.143268	0.015623
TRERF1	-3.911814	0.019612
TRH	-3.214216	0.038634
TRHDE	-4.065364	0.016867
TRHR	-3.349546	0.033910
TRIAP1	-1.421229	0.194469
TRIB1	-3.727383	0.023491
TRIB2	-3.863156	0.020570
TRIB3	-3.694766	0.024251
TRIL	-3.392157	0.032541
TRIM10	-5.235800	0.005294
TRIM11	-3.649797	0.025338
TRIM13	-4.687819	0.009123
TRIM14	-3.801482	0.021850
TRIM15	-4.494737	0.011044
TRIM16	-4.970324	0.006893
TRIM17	-5.009173	0.006632
TRIM2	-3.674241	0.024741
TRIM21	-3.544225	0.028080
TRIM22	-3.523926	0.028639
TRIM23	-2.180042	0.101557
TRIM24	-3.410238	0.031977
TRIM25	-2.985215	0.048098
TRIM26	-4.013133	0.017756
TRIM27	-3.779257	0.022330
TRIM28	-3.471160	0.030144
TRIM29	-3.614258	0.026230
TRIM3	-3.524794	0.028615
TRIM31	-4.111608	0.016117
TRIM32	-3.305331	0.035389
TRIM33	-3.432514	0.031295
TRIM35	-3.771815	0.022493
TRIM37	-3.001895	0.047340
TRIM38	-3.988309	0.018194
TRIM39	-3.468842	0.030212
TRIM4	-3.621973	0.026034
TRIM40	-3.837247	0.021098
TRIM41	-3.318332	0.034948
TRIM42	-6.774629	0.001141
TRIM43	-6.947272	0.000960
TRIM43B	-6.759840	0.001158
TRIM44	-7.429421	0.000593
TRIM45	-4.282655	0.013618
TRIM46	-4.035091	0.017377
TRIM47	-3.556142	0.027756
TRIM48	-7.283194	0.000687
TRIM49	-7.539131	0.000532
TRIM49B	-7.424311	0.000596
TRIM49C	-7.544195	0.000529
TRIM5	-3.461744	0.030421
TRIM50	-3.589618	0.026867
TRIM51	-6.593970	0.001367
TRIM51G	-6.124974	0.002183
TRIM52	-4.898608	0.007402
TRIM54	-4.239110	0.014215
TRIM55	-4.354484	0.012686
TRIM56	-3.511381	0.028990
TRIM58	-3.759836	0.022758
TRIM59	-2.871399	0.053586
TRIM6	-3.503826	0.029204
TRIM6-TRIM34	-3.441443	0.031025
TRIM60	-3.950080	0.018889
TRIM61	-4.202240	0.014741
TRIM62	-3.530578	0.028455
TRIM63	-3.731789	0.023390
TRIM64	-7.500942	0.000552
TRIM64B	-7.499398	0.000553
TRIM64C	-7.492875	0.000557
TRIM65	-4.200166	0.014772
TRIM66	-3.706139	0.023983
TRIM67	-4.301104	0.013372
TRIM68	-3.540477	0.028182
TRIM69	-3.788459	0.022130
TRIM71	-3.119228	0.042321
TRIM72	-3.728750	0.023459
TRIM73	-4.583563	0.010115
TRIM74	-5.787979	0.003055
TRIM75	-3.634488	0.025719
TRIM77	-6.506351	0.001492
TRIM8	-4.318702	0.013142
TRIM9	-4.253975	0.014009
TRIML1	-4.414641	0.011954
TRIML2	-5.697858	0.003342
TRIO	-3.516778	0.028839
TRIOBP	-6.961325	0.000947
TRIP10	-2.679805	0.064176
TRIP11	-3.602496	0.026532
TRIP12	-3.676531	0.024686
TRIP13	-3.126816	0.042015
TRIP4	-2.892208	0.052540
TRIP6	-3.702435	0.024070
TRIR	-5.094965	0.006090
TRIT1	-0.778359	0.314674
TRMO	-4.584541	0.010105
TRMT1	-4.852444	0.007749
TRMT10A	-5.698346	0.003340
TRMT10B	-5.114065	0.005976
TRMT10C	-1.253798	0.222043
TRMT11	-7.760501	0.000426
TRMT112	-5.053879	0.006344
TRMT13	-6.552442	0.001425
TRMT1L	-5.200762	0.005482
TRMT2A	-7.538657	0.000532
TRMT2B	-2.993982	0.047698
TRMT44	-3.650196	0.025328
TRMT5	-7.732324	0.000438
TRMT6	-7.599051	0.000501
TRMT61A	-7.740385	0.000435
TRMT61B	-7.612635	0.000494
TRMT9B	-6.010125	0.002448
TRMU	-7.210506	0.000738
TRNAU1AP	-7.414743	0.000602
TRNP1	-5.075905	0.006207
TRNT1	-7.287224	0.000684
TRO	-3.549422	0.027938
TROAP	-3.702574	0.024066
TRPA1	-3.852207	0.020791
TRPC1	-3.216707	0.038542
TRPC3	-3.120537	0.042268
TRPC4	-3.729194	0.023449
TRPC4AP	-3.301457	0.035521
TRPC5	-3.654733	0.025216
TRPC6	-3.365745	0.033383
TRPC7	-3.771887	0.022491
TRPM1	-3.464561	0.030338
TRPM2	-4.263374	0.013879
TRPM3	-2.820170	0.056244
TRPM4	-4.040267	0.017289
TRPM5	-4.417784	0.011917
TRPM6	-4.162371	0.015332
TRPM7	-3.616447	0.026174
TRPM8	-3.645832	0.025436
TRPS1	-3.573966	0.027279
TRPT1	-5.754477	0.003159
TRPV1	-3.343354	0.034113
TRPV2	-3.870507	0.020422
TRPV3	-4.073974	0.016725
TRPV4	-3.435555	0.031203
TRPV5	-3.432978	0.031281
TRPV6	-3.475625	0.030014
TRRAP	-2.716316	0.062017
TRUB1	-7.611599	0.000494
TRUB2	-7.802149	0.000409
TSACC	-7.364725	0.000633
TSBP1	-6.810546	0.001101
TSC1	-2.765605	0.059211
TSC2	-1.869836	0.133561
TSC22D1	-2.683699	0.063942
TSC22D2	-3.035962	0.045827
TSC22D3	-2.409132	0.082479
TSC22D4	-3.477964	0.029946
TSEN15	-3.977104	0.018395
TSEN2	-1.878737	0.132534
TSEN34	-7.412322	0.000603
TSEN54	-3.680333	0.024594
TSFM	-4.730532	0.008745
TSG101	-2.393059	0.083703
TSGA10	-4.959253	0.006969
TSGA10IP	-7.155013	0.000780
TSGA13	-7.496533	0.000555
TSHB	-3.286712	0.036030
TSHR	-3.167580	0.040404
TSHZ1	-3.527901	0.028529
TSHZ2	-3.502707	0.029235
TSHZ3	-3.464190	0.030348
TSKS	-5.125482	0.005908
TSKU	-3.617564	0.026146
TSLP	-3.713573	0.023809
TSN	-3.830197	0.021244
TSNARE1	-3.116369	0.042437
TSNAX	-2.407121	0.082631
TSNAXIP1	-3.086534	0.043666
TSPAN1	-4.451167	0.011530
TSPAN10	-4.722743	0.008812
TSPAN11	-4.926008	0.007203
TSPAN12	-3.652531	0.025270
TSPAN13	-5.181890	0.005586
TSPAN14	-4.968344	0.006907
TSPAN15	-3.069107	0.044400
TSPAN16	-4.792635	0.008222
TSPAN17	-4.697272	0.009038
TSPAN18	-4.485532	0.011145
TSPAN2	-3.839476	0.021052
TSPAN3	-4.208445	0.014652
TSPAN31	-4.827179	0.007945
TSPAN32	-4.888701	0.007475
TSPAN33	-4.646420	0.009505
TSPAN4	-4.349387	0.012750
TSPAN5	-4.641010	0.009556
TSPAN6	-4.299321	0.013396
TSPAN7	-4.228852	0.014360
TSPAN8	-4.589042	0.010060
TSPAN9	-4.622689	0.009731
TSPEAR	-4.352810	0.012707
TSPO	-4.104544	0.016230
TSPO2	-6.156891	0.002114
TSPOAP1	-4.241002	0.014189
TSPY1	-5.663980	0.003457
TSPY2	-5.682359	0.003394
TSPY3	-5.760890	0.003138
TSPYL1	-6.766306	0.001151
TSPYL2	-3.453334	0.030670
TSPYL4	-4.494850	0.011043
TSPYL5	-5.256153	0.005188
TSPYL6	-5.305650	0.004939
TSR1	-7.655421	0.000473
TSR2	-7.552516	0.000525
TSR3	-7.152287	0.000782
TSSC4	-4.109781	0.016146
TSSK1B	-7.282243	0.000687
TSSK2	-5.403457	0.004481
TSSK3	-5.831110	0.002926
TSSK4	-3.042804	0.045529
TSSK6	-3.121280	0.042238
TST	-5.154890	0.005738
TSTD1	-6.163197	0.002101
TSTD2	-6.357882	0.001730
TTBK1	-3.910163	0.019644
TTBK2	-5.034245	0.006469
TTC1	-2.608950	0.068565
TTC12	-1.491032	0.183767
TTC13	-4.589012	0.010061
TTC14	-0.156825	0.460874
TTC16	-4.506542	0.010916
TTC17	-4.796882	0.008188
TTC19	-3.746435	0.023058
TTC21A	-2.212866	0.098601
TTC21B	-2.266141	0.093966
TTC22	-3.501413	0.029272
TTC23	-4.697051	0.009040
TTC23L	-6.075691	0.002293
TTC27	-2.373005	0.085255
TTC29	-4.150620	0.015510
TTC3	-3.684079	0.024505
TTC31	-7.247925	0.000711
TTC32	-5.371687	0.004625
TTC33	-5.686479	0.003380
TTC36	-3.839163	0.021059
TTC38	-6.296010	0.001840
TTC39A	-3.465516	0.030309
TTC39B	-3.720399	0.023651
TTC39C	-4.969069	0.006902
TTC4	-2.869038	0.053706
TTC5	-5.578537	0.003764
TTC6	-5.038595	0.006441
TTC7A	-3.042893	0.045525
TTC7B	-2.853348	0.054508
TTC8	-4.531985	0.010645
TTC9B	-7.222537	0.000729
TTC9C	-3.693057	0.024291
TTF1	-3.162490	0.040602
TTF2	-1.468343	0.187195
TTI1	-2.201539	0.099612
TTI2	-3.110878	0.042661
TTK	-3.348174	0.033955
TTL	-5.930298	0.002651
TTLL1	-2.133447	0.105888
TTLL10	-7.222015	0.000730
TTLL11	-7.063603	0.000855
TTLL12	-4.183464	0.015017
TTLL13	-5.618585	0.003617
TTLL2	-6.474198	0.001540
TTLL3	-5.014161	0.006599
TTLL4	-5.921778	0.002673
TTLL5	-5.472408	0.004184
TTLL6	-7.441635	0.000586
TTLL7	-3.425005	0.031523
TTLL9	-6.492953	0.001512
TTN	-3.475642	0.030013
TTPA	-5.973328	0.002539
TTPAL	-7.287337	0.000684
TTR	-3.458866	0.030506
TTYH1	-5.030671	0.006492
TTYH2	-4.834106	0.007891
TTYH3	-4.919997	0.007246
TUB	-2.261613	0.094352
TUBA1A	-1.412023	0.195915
TUBA1B	-1.169990	0.236857
TUBA1C	-1.543906	0.175968
TUBA3D	-2.996044	0.047605
TUBA3E	-3.195505	0.039335
TUBA4A	-1.252917	0.222196
TUBA8	-1.284222	0.216832
TUBAL3	-3.662921	0.025016
TUBB	-2.792280	0.057743
TUBB1	-2.550598	0.072386
TUBB2A	-3.018880	0.046580
TUBB2B	-2.720975	0.061747
TUBB3	-2.733966	0.060999
TUBB4A	-2.622299	0.067717
TUBB4B	-2.579240	0.070486
TUBB6	-3.418159	0.031733
TUBB8	-2.705245	0.062665
TUBD1	-2.159590	0.103438
TUBE1	-2.290182	0.091939
TUBG1	-3.390004	0.032609
TUBG2	-3.303566	0.035449
TUBGCP2	-2.548890	0.072501
TUBGCP3	-1.941324	0.125503
TUBGCP4	-2.151608	0.104181
TUBGCP5	-2.639454	0.066642
TUBGCP6	-3.483112	0.029797
TUFM	-7.172118	0.000767
TUFT1	-5.264133	0.005147
TULP1	-5.190997	0.005536
TULP2	-5.010149	0.006626
TULP3	-3.406309	0.032099
TULP4	-4.141010	0.015658
TUSC1	-5.213084	0.005415
TUSC2	-6.305768	0.001822
TUSC3	-3.158473	0.040759
TUT1	-3.481464	0.029844
TUT4	-5.600660	0.003682
TUT7	-3.634538	0.025717
TVP23A	-5.457428	0.004246
TVP23B	-5.602553	0.003675
TVP23C	-5.099660	0.006062
TWF1	-2.745854	0.060321
TWF2	-2.529696	0.073802
TWIST1	-4.243248	0.014158
TWIST2	-3.435787	0.031196
TWNK	-4.307661	0.013286
TWSG1	-3.425332	0.031513
TXK	-3.393125	0.032511
TXLNA	-2.829125	0.055770
TXLNB	-5.204704	0.005461
TXLNG	-3.473858	0.030065
TXN	-2.437335	0.080370
TXN2	-2.091327	0.109943
TXNDC11	-4.238678	0.014221
TXNDC12	-4.560395	0.010350
TXNDC15	-3.639529	0.025593
TXNDC16	-4.143749	0.015616
TXNDC17	-6.128956	0.002174
TXNDC2	-3.220774	0.038391
TXNDC5	-2.794901	0.057600
TXNDC8	-4.291247	0.013503
TXNDC9	-4.170686	0.015207
TXNIP	-3.558207	0.027701
TXNL1	-1.938547	0.125808
TXNL4A	-2.737772	0.060781
TXNL4B	-1.848429	0.136057
TXNRD1	-1.785191	0.143663
TXNRD2	-1.919134	0.127958
TXNRD3	-2.242504	0.095998
TYK2	-3.006267	0.047144
TYMP	-6.873718	0.001034
TYMS	-1.948789	0.124685
TYR	-7.118969	0.000809
TYRO3	-2.387921	0.084098
TYROBP	-2.566884	0.071300
TYRP1	-6.665431	0.001273
TYSND1	-2.591948	0.069658
TYW1	-5.467024	0.004206
TYW2	-6.551688	0.001426
TYW3	-7.515804	0.000544
TYW5	-5.101447	0.006051
U2AF1	-7.475532	0.000566
U2AF1L4	-7.683640	0.000460
U2AF2	-2.978974	0.048385
U2SURP	-7.414514	0.000602
UACA	-3.135195	0.041679
UAP1	-5.597710	0.003693
UAP1L1	-5.309132	0.004922
UBA1	-2.372314	0.085308
UBA2	-2.075265	0.111524
UBA3	-2.707152	0.062553
UBA5	-1.998653	0.119344
UBA52	-1.475084	0.186171
UBA6	-2.903810	0.051966
UBA7	-3.950259	0.018886
UBAC1	-4.043801	0.017229
UBAC2	-3.704722	0.024016
UBALD1	-6.551905	0.001425
UBALD2	-6.233937	0.001958
UBAP1	-3.634267	0.025724
UBAP2	-3.061907	0.044706
UBAP2L	-1.803282	0.141452
UBASH3A	-2.903039	0.052004
UBASH3B	-2.370414	0.085457
UBB	-1.937871	0.125882
UBC	-2.481177	0.077188
UBD	-1.315947	0.211493
UBE2A	0.822352	0.694735
UBE2B	1.149647	0.759446
UBE2C	-3.154728	0.040905
UBE2D1	0.080667	0.520156
UBE2D2	-0.949795	0.278926
UBE2D3	-0.929650	0.282996
UBE2D4	-1.173725	0.236182
UBE2E1	-2.859601	0.054187
UBE2E2	-3.502784	0.029233
UBE2E3	-1.112457	0.247413
UBE2F	-0.929379	0.283051
UBE2G1	-0.146364	0.463474
UBE2G2	-0.023237	0.494191
UBE2H	-1.703958	0.153949
UBE2I	-2.325538	0.089030
UBE2J1	-2.098876	0.109206
UBE2J2	-3.304582	0.035414
UBE2K	-1.487967	0.184227
UBE2L3	0.207850	0.551776
UBE2L6	0.171211	0.542698
UBE2M	-2.000078	0.119195
UBE2N	-1.326244	0.209781
UBE2NL	-1.134904	0.243257
UBE2O	-3.464949	0.030326
UBE2Q1	-3.604815	0.026473
UBE2Q2	-3.470809	0.030154
UBE2QL1	-3.643533	0.025493
UBE2R2	-1.493712	0.183365
UBE2S	-1.981353	0.121175
UBE2T	-1.214374	0.228928
UBE2U	-1.143493	0.241680
UBE2V1	-0.191364	0.452305
UBE2V2	-2.301573	0.090993
UBE2W	-4.128593	0.015850
UBE2Z	-1.921542	0.127690
UBE3A	-3.478176	0.029940
UBE3B	-3.798778	0.021907
UBE3C	-3.476322	0.029993
UBE3D	-2.440660	0.080124
UBE4A	-3.469154	0.030203
UBE4B	-1.635703	0.163051
UBFD1	3.719553	0.976329
UBIAD1	-6.648813	0.001294
UBL3	-4.708747	0.008935
UBL4A	-1.886836	0.131606
UBL4B	-7.310772	0.000668
UBL5	-7.358232	0.000637
UBL7	-5.583323	0.003746
UBLCP1	3.081664	0.956130
UBN1	-6.336196	0.001768
UBOX5	-2.550558	0.072389
UBP1	-3.845850	0.020921
UBQLN1	-1.138862	0.242529
UBQLN2	-1.170702	0.236728
UBQLN3	-3.516410	0.028849
UBQLN4	-2.739854	0.060662
UBQLNL	-7.512003	0.000546
UBR1	-3.511922	0.028975
UBR2	-3.218288	0.038483
UBR3	-3.304528	0.035416
UBR4	-5.647860	0.003513
UBR5	-3.581532	0.027079
UBR7	-3.000713	0.047394
UBTD1	-7.448989	0.000582
UBTD2	-4.703972	0.008978
UBTF	-6.934774	0.000972
UBXN1	-3.262558	0.036878
UBXN10	-4.119411	0.015994
UBXN11	-2.459634	0.078737
UBXN2A	-3.057866	0.044879
UBXN2B	-3.135933	0.041649
UBXN4	-3.096522	0.043251
UBXN6	-3.021863	0.046448
UBXN8	-3.506770	0.029120
UCHL1	-4.517585	0.010797
UCHL3	-2.266475	0.093938
UCHL5	-2.844494	0.054967
UCK1	-3.275309	0.036428
UCK2	-3.320044	0.034890
UCKL1	-5.087142	0.006138
UCMA	-3.824372	0.021366
UCN	-3.322636	0.034803
UCN2	-3.125258	0.042077
UCN3	-3.223332	0.038297
UCP1	-5.600433	0.003683
UCP2	-4.371898	0.012470
UCP3	-6.530937	0.001456
UEVLD	-3.478040	0.029944
UFC1	-3.527968	0.028527
UFD1	-2.392115	0.083776
UFM1	3.132605	0.958218
UFSP1	-5.078593	0.006190
UFSP2	-3.478674	0.029925
UGCG	-5.519552	0.003992
UGDH	-1.971002	0.122281
UGGT1	-3.553208	0.027836
UGGT2	-4.136241	0.015731
UGP2	-6.687829	0.001244
UGT1A1	-4.862428	0.007672
UGT1A10	-4.935204	0.007138
UGT1A3	-4.861282	0.007681
UGT1A4	-4.918917	0.007254
UGT1A5	-4.908584	0.007329
UGT1A6	-4.339688	0.012873
UGT1A7	-4.995383	0.006724
UGT1A8	-5.240628	0.005269
UGT1A9	-5.179471	0.005599
UGT2A1	-4.363324	0.012576
UGT2A3	-4.872827	0.007594
UGT2B11	-5.054091	0.006343
UGT2B15	-4.941551	0.007093
UGT2B17	-4.874060	0.007584
UGT2B28	-5.273768	0.005098
UGT2B4	-4.987947	0.006773
UGT2B7	-4.985642	0.006789
UGT3A1	-4.773531	0.008380
UGT3A2	-4.932755	0.007155
UGT8	-4.757497	0.008514
UHMK1	-3.491884	0.029544
UHRF1	-3.544615	0.028069
UHRF2	-3.256379	0.037098
UIMC1	-2.860081	0.054163
ULBP1	-3.234743	0.037879
ULBP2	-3.872450	0.020383
ULBP3	-3.230535	0.038033
ULK1	-3.237044	0.037795
ULK2	-3.724925	0.023547
ULK3	-1.378322	0.201279
ULK4	-2.411960	0.082265
UMOD	-4.537499	0.010587
UMODL1	-3.965826	0.018600
UMPS	-3.448108	0.030825
UNC119	-1.367384	0.203043
UNC119B	-4.954893	0.006999
UNC13A	-3.423571	0.031567
UNC13B	-2.013132	0.117831
UNC13C	-4.770916	0.008401
UNC13D	-3.472025	0.030119
UNC45A	-3.157789	0.040785
UNC45B	-2.116749	0.107480
UNC50	-4.676970	0.009221
UNC5A	-3.874619	0.020340
UNC5B	-3.519523	0.028762
UNC5C	-2.483967	0.076990
UNC5CL	-5.472761	0.004182
UNC5D	-2.976119	0.048516
UNC79	-3.724706	0.023552
UNC80	-4.653926	0.009434
UNC93A	-5.001469	0.006683
UNC93B1	-5.254165	0.005199
UNG	-3.621425	0.026048
UNK	-3.487705	0.029664
UNKL	-3.694649	0.024253
UPB1	-5.990238	0.002497
UPF1	-0.740242	0.322951
UPF2	-6.979181	0.000930
UPF3A	-7.505584	0.000550
UPF3B	-3.388583	0.032654
UPK1A	-4.967213	0.006914
UPK1B	-5.208485	0.005440
UPK2	-4.729141	0.008757
UPK3A	-4.448409	0.011562
UPK3B	-4.271567	0.013768
UPK3BL1	-6.301036	0.001831
UPP1	-7.031643	0.000883
UPP2	-6.852846	0.001055
UPRT	-5.247477	0.005233
UQCC1	-3.094345	0.043341
UQCC2	-7.618361	0.000491
UQCC3	-3.883017	0.020173
UQCC4	-5.413994	0.004434
UQCC5	-5.448267	0.004285
UQCR10	-5.446921	0.004291
UQCR11	-5.932722	0.002644
UQCRB	-5.872714	0.002807
UQCRC1	-4.246069	0.014118
UQCRC2	-4.158923	0.015384
UQCRFS1	-5.494681	0.004092
UQCRH	-4.257073	0.013966
UQCRQ	-5.502462	0.004060
URB1	-2.216519	0.098277
URB2	-1.872700	0.133230
URGCP	-5.309736	0.004919
URI1	-0.045012	0.488749
URM1	-5.743442	0.003193
UROC1	-6.790235	0.001123
UROD	-7.489920	0.000558
UROS	-6.662244	0.001277
USB1	-5.574027	0.003781
USE1	-3.251799	0.037262
USF1	-3.406213	0.032102
USF2	-3.463907	0.030357
USF3	-3.511572	0.028985
USH1C	-3.047749	0.045315
USH1G	-5.764160	0.003128
USH2A	-3.778532	0.022345
USHBP1	-5.930176	0.002651
USO1	-2.946453	0.049904
USP1	-3.359271	0.033593
USP10	-3.259323	0.036993
USP11	-3.457972	0.030532
USP12	-2.433988	0.080617
USP13	-2.566225	0.071344
USP14	-2.736373	0.060861
USP15	-3.557860	0.027710
USP16	-3.195856	0.039322
USP17L2	-3.507051	0.029112
USP18	-3.563213	0.027566
USP19	-3.475487	0.030018
USP2	-3.270248	0.036606
USP20	-3.457844	0.030536
USP21	-3.786649	0.022169
USP22	-3.632187	0.025776
USP24	-3.731155	0.023404
USP25	-2.687565	0.063711
USP26	-3.520880	0.028724
USP27X	-2.533044	0.073574
USP28	-3.217332	0.038519
USP29	-3.339957	0.034226
USP3	-3.225064	0.038233
USP30	-3.323251	0.034782
USP31	-4.027206	0.017512
USP32	-3.612508	0.026275
USP33	-3.475369	0.030021
USP34	-3.507435	0.029101
USP35	-3.432456	0.031296
USP36	-3.552942	0.027843
USP37	-3.290189	0.035909
USP38	-3.212680	0.038691
USP39	-1.302099	0.213812
USP4	-3.488580	0.029639
USP40	-3.418414	0.031725
USP42	-3.812986	0.021605
USP43	-4.560288	0.010351
USP44	-3.449778	0.030775
USP45	-3.423311	0.031575
USP46	-3.294604	0.035757
USP47	-3.464854	0.030329
USP48	-3.566806	0.027470
USP49	-3.578449	0.027161
USP5	-3.212285	0.038706
USP50	-4.123441	0.015931
USP51	-3.523571	0.028649
USP53	-3.527333	0.028544
USP54	-4.376051	0.012419
USP6	-3.870762	0.020417
USP6NL	-4.328132	0.013020
USP7	-3.300135	0.035567
USP8	-3.465276	0.030317
USP9X	-2.256006	0.094833
USP9Y	-2.119597	0.107207
USPL1	-4.073046	0.016740
UST	-5.239161	0.005277
UTF1	-7.324288	0.000659
UTP11	-7.806190	0.000407
UTP14A	-3.809967	0.021669
UTP14C	-7.829764	0.000398
UTP15	-7.083997	0.000838
UTP18	-4.194539	0.014854
UTP20	-1.841241	0.136905
UTP23	-5.169110	0.005657
UTP25	-7.243086	0.000715
UTP3	-7.633715	0.000484
UTP4	-6.072646	0.002300
UTP6	-1.944091	0.125199
UTRN	-3.017023	0.046663
UTS2	-3.391747	0.032554
UTS2B	-3.366330	0.033364
UTY	-3.236545	0.037813
UVRAG	-3.236683	0.037808
UVSSA	-2.536529	0.073337
UXS1	-3.495207	0.029449
UXT	-2.314408	0.089937
VAC14	-1.730033	0.150583
VAMP1	-2.550193	0.072414
VAMP2	-3.207046	0.038901
VAMP3	-2.652162	0.065856
VAMP4	-3.031938	0.046004
VAMP5	-2.806741	0.056961
VAMP8	-3.242456	0.037599
VANGL1	-3.068776	0.044414
VANGL2	-3.794388	0.022002
VAPA	-1.866781	0.133915
VAPB	-3.071792	0.044286
VARS1	-4.521227	0.010759
VARS2	-3.659458	0.025100
VASH1	-2.636485	0.066827
VASH2	-7.361471	0.000635
VASN	-3.895987	0.019918
VASP	-3.495133	0.029451
VAT1	-5.116746	0.005960
VAT1L	-5.964150	0.002563
VAV1	-3.558200	0.027701
VAV2	-2.365870	0.085813
VAV3	-2.558771	0.071839
VAX1	-4.327071	0.013034
VAX2	-4.628223	0.009678
VBP1	3.121297	0.957763
VCAM1	-2.812246	0.056666
VCAN	-2.816220	0.056454
VCF1	-6.142360	0.002145
VCF2	-6.626999	0.001322
VCL	-3.521270	0.028713
VCP	-1.997480	0.119468
VCPIP1	-3.491227	0.029563
VCPKMT	-7.263642	0.000700
VCX	-7.447421	0.000583
VCX2	-7.012784	0.000899
VCX3A	-7.384273	0.000621
VCX3B	-7.514105	0.000545
VCY	-5.731925	0.003230
VCY1B	-5.731925	0.003230
VDAC1	-3.673362	0.024762
VDAC2	-1.899469	0.130169
VDAC3	-1.835539	0.137580
VDR	-3.449136	0.030795
VEGFA	-2.658154	0.065488
VEGFB	-3.203472	0.039035
VEGFC	-3.125193	0.042080
VEGFD	-3.239175	0.037718
VENTX	-6.463388	0.001557
VEPH1	-3.464498	0.030339
VEZF1	-3.733793	0.023344
VEZT	-4.124778	0.015910
VGF	-3.651481	0.025296
VGLL1	-4.976791	0.006849
VGLL2	-3.744236	0.023107
VGLL3	-3.781630	0.022278
VGLL4	-4.603920	0.009913
VHL	-3.438830	0.031104
VHLL	-3.975884	0.018417
VIL1	-4.705418	0.008965
VILL	-5.004846	0.006661
VIM	-3.252382	0.037241
VIP	-3.358548	0.033616
VIPAS39	-3.190951	0.039508
VIPR1	-3.493598	0.029495
VIPR2	-2.739746	0.060668
VIRMA	0.285439	0.570879
VIT	-4.522661	0.010743
VKORC1	-6.831418	0.001078
VKORC1L1	-4.237775	0.014234
VLDLR	-3.539257	0.028216
VMA12	-2.274202	0.093282
VMA21	-3.969646	0.018530
VMA22	-2.696072	0.063206
VMAC	-5.027153	0.006515
VMO1	-4.813825	0.008051
VMP1	-4.973964	0.006868
VN1R1	-4.858706	0.007701
VN1R2	-5.367264	0.004645
VN1R4	-5.374528	0.004612
VN1R5	-5.142658	0.005808
VNN1	-5.801546	0.003014
VNN2	-6.017570	0.002430
VOPP1	-7.302876	0.000673
VPREB1	-3.413719	0.031869
VPREB3	-3.935389	0.019164
VPS11	-3.078542	0.044001
VPS13A	-3.475019	0.030031
VPS13B	-5.308793	0.004924
VPS13C	-1.949600	0.124597
VPS13D	-3.469022	0.030207
VPS16	-3.485704	0.029722
VPS18	-3.446170	0.030883
VPS25	-2.151998	0.104145
VPS26A	-1.979963	0.121323
VPS26B	-2.586503	0.070012
VPS26C	-3.656347	0.025176
VPS28	-2.430334	0.080889
VPS29	-1.620621	0.165119
VPS33A	-2.805467	0.057029
VPS33B	-2.239944	0.096220
VPS35	-1.307336	0.212933
VPS35L	-2.673251	0.064570
VPS36	-2.185575	0.101053
VPS37A	-2.177315	0.101806
VPS37B	-2.748098	0.060194
VPS37C	-3.385508	0.032751
VPS37D	-2.646297	0.066218
VPS39	-3.248460	0.037382
VPS41	-3.237607	0.037775
VPS45	-2.375962	0.085024
VPS4A	-3.043332	0.045506
VPS4B	-1.842089	0.136804
VPS50	-3.149397	0.041115
VPS51	-1.761696	0.146578
VPS52	-2.758246	0.059623
VPS53	-3.182858	0.039816
VPS54	-2.300532	0.091079
VPS72	-3.570102	0.027382
VPS8	-3.379974	0.032927
VPS9D1	-3.738159	0.023245
VRK1	-2.402150	0.083009
VRK2	-3.401936	0.032235
VRK3	-3.600237	0.026591
VRTN	-4.135784	0.015738
VSIG1	-3.075419	0.044133
VSIG10	-3.416690	0.031778
VSIG2	-2.732379	0.061090
VSIG4	-2.675020	0.064464
VSIG8	-4.234856	0.014275
VSIR	-2.606330	0.068732
VSNL1	-3.592475	0.026792
VSTM1	-3.281054	0.036227
VSTM2A	-3.699255	0.024145
VSTM2L	-3.626405	0.025922
VSTM4	-3.542056	0.028139
VSX2	-4.300872	0.013375
VTA1	-2.167955	0.102665
VTCN1	-3.040176	0.045644
VTI1A	-2.813660	0.056590
VTI1B	-3.448697	0.030808
VTN	-2.580337	0.070415
VWA1	-4.988218	0.006772
VWA2	-4.802493	0.008142
VWA3B	-3.375806	0.033060
VWA5A	-3.364384	0.033427
VWA5B1	-2.948066	0.049828
VWA7	-5.195704	0.005510
VWA8	-3.675148	0.024719
VWC2	-4.333496	0.012952
VWC2L	-3.875992	0.020313
VWCE	-4.003859	0.017918
VWF	-3.182126	0.039844
VXN	-7.374092	0.000627
WAC	-3.875071	0.020331
WAPL	-2.814488	0.056546
WARS1	-1.328379	0.209428
WARS2	-5.626125	0.003590
WASF1	-2.919204	0.051212
WASF2	-2.527083	0.073981
WASF3	-1.658036	0.160026
WASHC2A	-3.415775	0.031806
WASHC2C	-2.224511	0.097571
WASHC3	-2.347071	0.087299
WASHC4	-2.061469	0.112899
WASHC5	-1.939245	0.125731
WASL	-2.235748	0.096586
WBP1	-6.687149	0.001245
WBP11	-7.172513	0.000767
WBP1L	-6.878054	0.001029
WBP2	-3.641199	0.025551
WBP2NL	-4.923530	0.007221
WBP4	-7.501021	0.000552
WDCP	-2.520659	0.074423
WDFY1	-7.136055	0.000795
WDFY2	-7.051835	0.000865
WDFY4	-3.469716	0.030186
WDHD1	-1.461605	0.188222
WDPCP	-4.484077	0.011161
WDR11	-2.136156	0.105632
WDR12	-7.456826	0.000577
WDR13	-3.337376	0.034311
WDR17	-3.078352	0.044009
WDR18	-5.324743	0.004846
WDR19	-2.254940	0.094924
WDR20	-4.426209	0.011818
WDR24	-3.091848	0.043445
WDR25	-6.698526	0.001231
WDR26	-3.065488	0.044554
WDR27	-3.878983	0.020253
WDR31	-5.280085	0.005066
WDR33	-5.756270	0.003153
WDR35	-2.435277	0.080522
WDR36	-6.706646	0.001221
WDR37	-2.421746	0.081529
WDR4	-3.816247	0.021536
WDR41	-4.736604	0.008692
WDR44	-3.946874	0.018949
WDR45	-3.270800	0.036587
WDR45B	-3.875230	0.020328
WDR46	-7.766014	0.000424
WDR47	-3.691612	0.024325
WDR48	-2.157721	0.103612
WDR49	-6.316118	0.001804
WDR5	-4.753607	0.008547
WDR53	-3.610775	0.026319
WDR54	-3.733394	0.023353
WDR55	-6.734862	0.001187
WDR59	-2.183852	0.101210
WDR5B	-3.570797	0.027364
WDR6	-2.081790	0.110879
WDR62	-5.164617	0.005683
WDR64	-5.731500	0.003232
WDR7	-2.952869	0.049601
WDR70	-7.022855	0.000890
WDR72	-5.177810	0.005609
WDR73	-3.306395	0.035352
WDR74	-7.617469	0.000492
WDR75	-5.011924	0.006614
WDR76	-3.574983	0.027252
WDR77	-3.028978	0.046134
WDR81	-3.030997	0.046045
WDR82	-7.291562	0.000681
WDR83	-1.733883	0.150092
WDR83OS	-1.520201	0.179432
WDR86	-7.441637	0.000586
WDR88	-7.709460	0.000448
WDR89	1.768790	0.854307
WDR90	-2.655904	0.065626
WDR91	-3.700974	0.024104
WDR93	-4.456814	0.011466
WDSUB1	-5.982292	0.002517
WDTC1	-2.594593	0.069487
WEE1	-3.440766	0.031045
WFDC1	-4.147553	0.015557
WFDC10A	-5.627498	0.003585
WFDC10B	-5.524183	0.003973
WFDC11	-3.732751	0.023368
WFDC12	-7.077550	0.000843
WFDC13	-5.128223	0.005892
WFDC2	-4.686427	0.009135
WFDC3	-4.636103	0.009602
WFDC6	-5.542530	0.003901
WFDC8	-4.646389	0.009505
WFDC9	-3.643922	0.025483
WFIKKN1	-4.399627	0.012133
WFIKKN2	-4.116768	0.016036
WFS1	-5.164085	0.005686
WHAMM	-4.348709	0.012759
WHR1	-3.652622	0.025268
WHRN	-2.532306	0.073624
WIF1	-4.891822	0.007452
WIPF1	-1.900559	0.130045
WIPF2	-1.707581	0.153478
WIPF3	-1.688464	0.155978
WIPI1	-1.967829	0.122622
WIPI2	-3.876679	0.020299
WLS	-3.465825	0.030300
WNK1	-2.807621	0.056914
WNK2	-2.435335	0.080518
WNK3	-3.474719	0.030040
WNK4	-3.098809	0.043156
WNT1	-3.118848	0.042336
WNT10A	-3.583680	0.027023
WNT10B	-4.482960	0.011174
WNT16	-3.449613	0.030780
WNT2	-3.738756	0.023231
WNT2B	-3.539539	0.028208
WNT3	-3.669843	0.024847
WNT3A	-3.373599	0.033131
WNT4	-3.594997	0.026727
WNT5A	-3.102579	0.043001
WNT5B	-3.084381	0.043756
WNT6	-3.628996	0.025857
WNT7A	-3.007726	0.047078
WNT7B	-3.481679	0.029838
WNT8A	-3.510962	0.029002
WNT8B	-3.285051	0.036088
WNT9A	-3.237282	0.037787
WNT9B	-3.639820	0.025585
WRAP53	-1.920221	0.127837
WRAP73	-3.727303	0.023492
WRN	-1.433498	0.192554
WRNIP1	-4.166592	0.015268
WSB1	-3.384941	0.032769
WSB2	-3.639724	0.025588
WSCD1	-4.945264	0.007067
WSCD2	-5.137132	0.005840
WT1	-3.722609	0.023600
WTAP	-3.561502	0.027612
WTIP	-3.790584	0.022084
WWC1	-2.841775	0.055108
WWC2	-3.591371	0.026821
WWC3	-3.462271	0.030405
WWP1	-2.291351	0.091842
WWP2	-3.360364	0.033557
WWTR1	-4.272346	0.013757
XAB2	-6.426199	0.001616
XAF1	-3.677810	0.024655
XAGE1B	-7.442505	0.000585
XAGE2	-7.425471	0.000596
XAGE5	-6.751807	0.001167
XBP1	-3.453084	0.030677
XCL2	-3.525681	0.028590
XCR1	-3.417839	0.031743
XDH	-3.862956	0.020574
XG	-3.708070	0.023938
XIAP	-2.602135	0.069001
XIRP1	-3.847762	0.020882
XIRP2	-3.724294	0.023562
XK	-3.700874	0.024106
XKR3	-5.068323	0.006254
XKR4	-4.939010	0.007111
XKR5	-5.059503	0.006309
XKR6	-5.041696	0.006421
XKR7	-5.152286	0.005753
XKR8	-5.250235	0.005219
XKR9	-5.215256	0.005404
XKRX	-5.149917	0.005766
XPA	-5.761929	0.003135
XPC	-3.501383	0.029273
XPNPEP1	-6.219954	0.001985
XPNPEP2	-4.689011	0.009112
XPNPEP3	-3.558061	0.027705
XPO1	-2.485833	0.076857
XPO4	-3.273148	0.036504
XPO5	-1.470758	0.186827
XPO6	-0.919717	0.285016
XPO7	-2.673271	0.064569
XPOT	-3.414585	0.031843
XPR1	-4.596749	0.009984
XRCC1	-2.415333	0.082011
XRCC2	-2.273612	0.093332
XRCC3	-0.180729	0.454940
XRCC4	-4.981513	0.006817
XRCC5	-0.109405	0.472676
XRCC6	0.167153	0.541691
XRN1	-1.837045	0.137401
XRN2	-5.375584	0.004607
XXYLT1	-5.060989	0.006299
XYLB	-6.685794	0.001247
XYLT1	-3.698739	0.024157
XYLT2	-4.082401	0.016587
YAE1	-6.608457	0.001347
YAF2	-3.536720	0.028285
YAP1	-3.336595	0.034337
YARS1	-2.253217	0.095072
YARS2	-3.232695	0.037954
YBEY	-3.785058	0.022203
YBX1	-7.211774	0.000737
YBX2	-2.080541	0.111003
YBX3	-6.001622	0.002469
YDJC	-4.556396	0.010391
YEATS2	-4.905600	0.007351
YEATS4	-6.358783	0.001728
YES1	-2.520275	0.074449
YIF1A	-3.529704	0.028479
YIF1B	-3.880048	0.020232
YIPF1	-3.546653	0.028014
YIPF2	-3.535486	0.028319
YIPF3	-3.456436	0.030578
YIPF4	-4.699276	0.009020
YIPF5	-4.194484	0.014855
YIPF6	-3.577367	0.027189
YIPF7	-3.955218	0.018794
YJEFN3	-4.143846	0.015614
YJU2	-7.550324	0.000526
YJU2B	-7.638818	0.000481
YKT6	-3.051732	0.045143
YLPM1	-3.749987	0.022978
YME1L1	-2.849985	0.054682
YOD1	-3.784004	0.022226
YPEL1	-5.167910	0.005664
YPEL2	-4.916500	0.007271
YPEL3	-6.281740	0.001867
YPEL4	-5.434093	0.004346
YPEL5	-6.666661	0.001271
YRDC	-7.107052	0.000819
YTHDC1	-6.696759	0.001233
YTHDC2	-6.985884	0.000924
YTHDF1	-3.867797	0.020476
YTHDF2	-2.586470	0.070014
YTHDF3	-3.710104	0.023890
YWHAB	-3.113805	0.042541
YWHAE	-1.339959	0.207517
YWHAG	-2.629755	0.067248
YWHAH	-2.770268	0.058952
YWHAQ	-3.430880	0.031344
YWHAZ	-2.305396	0.090677
YY1	-5.268122	0.005127
YY1AP1	-3.600015	0.026597
YY2	-3.498109	0.029366
ZACN	-4.799447	0.008167
ZAN	-4.024038	0.017567
ZAP70	-4.500814	0.010978
ZAR1	-6.312555	0.001810
ZBBX	-3.711215	0.023864
ZBED1	-5.827714	0.002936
ZBED2	-7.549325	0.000526
ZBED3	-7.154341	0.000781
ZBED4	-3.868906	0.020454
ZBP1	-4.172665	0.015177
ZBTB1	-4.308018	0.013281
ZBTB10	-6.131879	0.002168
ZBTB11	-3.674535	0.024734
ZBTB12	-3.959849	0.018709
ZBTB14	-5.432595	0.004353
ZBTB16	-3.475731	0.030011
ZBTB17	-3.554276	0.027807
ZBTB18	-7.147205	0.000786
ZBTB2	-4.198416	0.014797
ZBTB20	-3.593381	0.026769
ZBTB21	-4.452184	0.011519
ZBTB22	-5.001078	0.006686
ZBTB24	-7.440484	0.000587
ZBTB25	-6.907277	0.000999
ZBTB26	-4.210820	0.014617
ZBTB3	-7.262455	0.000701
ZBTB32	-3.499103	0.029338
ZBTB33	-3.538782	0.028229
ZBTB37	-3.773192	0.022462
ZBTB38	-4.035818	0.017364
ZBTB39	-5.571562	0.003790
ZBTB4	-3.692186	0.024312
ZBTB40	-3.612325	0.026280
ZBTB41	-4.337432	0.012901
ZBTB42	-7.483891	0.000562
ZBTB43	-5.219672	0.005380
ZBTB44	-3.620964	0.026060
ZBTB45	-4.058381	0.016984
ZBTB46	-4.851523	0.007756
ZBTB47	-4.327809	0.013025
ZBTB48	-5.964619	0.002561
ZBTB49	-4.986747	0.006782
ZBTB5	-4.230352	0.014339
ZBTB6	-5.373769	0.004615
ZBTB7A	-3.647712	0.025389
ZBTB7B	-3.873420	0.020364
ZBTB7C	-3.691302	0.024333
ZBTB8A	-5.886940	0.002768
ZBTB8OS	-3.725599	0.023532
ZBTB9	-4.940637	0.007099
ZC2HC1A	-5.447096	0.004290
ZC2HC1C	-7.198939	0.000747
ZC3H10	-7.275105	0.000692
ZC3H11A	-3.641938	0.025533
ZC3H12A	-4.016748	0.017693
ZC3H12B	-4.025152	0.017547
ZC3H13	-7.002741	0.000909
ZC3H14	-7.200075	0.000746
ZC3H15	-0.913055	0.286375
ZC3H18	-5.874801	0.002801
ZC3H3	-3.589731	0.026864
ZC3H4	-6.278579	0.001873
ZC3H6	-4.928545	0.007185
ZC3H7A	-3.840990	0.021021
ZC3H7B	-3.680263	0.024596
ZC3H8	-7.549085	0.000526
ZC3HAV1	-5.055309	0.006335
ZC3HAV1L	-6.201112	0.002023
ZC3HC1	-2.438319	0.080297
ZC4H2	-5.053143	0.006349
ZCCHC10	-5.624935	0.003594
ZCCHC12	-7.026265	0.000887
ZCCHC13	-5.983720	0.002513
ZCCHC14	-4.964500	0.006933
ZCCHC17	-6.372304	0.001705
ZCCHC2	-5.129079	0.005887
ZCCHC24	-6.235847	0.001954
ZCCHC3	-4.335989	0.012920
ZCCHC7	-5.077454	0.006197
ZCCHC8	-2.925086	0.050927
ZCCHC9	-5.183764	0.005576
ZCRB1	-1.867885	0.133787
ZCWPW1	-5.847952	0.002877
ZCWPW2	-3.967327	0.018572
ZDHHC1	-4.879474	0.007544
ZDHHC11	-6.649887	0.001292
ZDHHC12	-6.483288	0.001526
ZDHHC13	-5.725655	0.003251
ZDHHC14	-5.560467	0.003832
ZDHHC15	-5.194290	0.005518
ZDHHC16	-5.080137	0.006181
ZDHHC17	-3.611755	0.026294
ZDHHC18	-5.448787	0.004283
ZDHHC19	-6.373729	0.001703
ZDHHC2	-5.241181	0.005266
ZDHHC20	-4.946159	0.007060
ZDHHC21	-5.063368	0.006284
ZDHHC22	-5.079586	0.006184
ZDHHC23	-5.168796	0.005659
ZDHHC24	-5.506243	0.004045
ZDHHC3	-3.824699	0.021359
ZDHHC4	-5.698612	0.003339
ZDHHC5	-5.192083	0.005530
ZDHHC6	-5.314804	0.004894
ZDHHC7	-4.726836	0.008777
ZDHHC8	-4.846541	0.007794
ZDHHC9	-6.084952	0.002272
ZEB1	-3.452126	0.030706
ZEB2	-3.656259	0.025179
ZER1	-3.514834	0.028893
ZFAND1	-3.737244	0.023265
ZFAND2A	-6.051727	0.002348
ZFAND2B	-5.166634	0.005671
ZFAND3	-3.824657	0.021360
ZFAND4	-5.322002	0.004859
ZFAND5	-2.048882	0.114165
ZFAND6	-3.587484	0.026923
ZFAT	-4.154768	0.015447
ZFC3H1	-6.736517	0.001185
ZFHX2	-3.878596	0.020261
ZFHX3	-3.948588	0.018917
ZFHX4	-3.793473	0.022021
ZFP1	-7.169387	0.000769
ZFP14	-5.439829	0.004321
ZFP2	-7.457464	0.000577
ZFP28	-6.219423	0.001986
ZFP3	-7.613058	0.000494
ZFP30	-5.512776	0.004019
ZFP36	-2.587353	0.069957
ZFP36L1	-5.236580	0.005290
ZFP36L2	-3.734524	0.023327
ZFP37	-6.722261	0.001202
ZFP41	-7.280236	0.000689
ZFP42	-5.368672	0.004639
ZFP64	-7.105168	0.000820
ZFP69	-7.468929	0.000570
ZFP69B	-7.351606	0.000641
ZFP82	-7.003241	0.000908
ZFP90	-5.393239	0.004527
ZFP91	-4.370824	0.012483
ZFPL1	-4.236364	0.014254
ZFPM1	-3.634750	0.025712
ZFPM2	-3.639363	0.025597
ZFR	-5.800769	0.003016
ZFR2	-3.614592	0.026222
ZFX	-3.620319	0.026076
ZFY	-4.220847	0.014474
ZFYVE1	-4.756633	0.008521
ZFYVE16	-4.580431	0.010146
ZFYVE19	-2.127676	0.106436
ZFYVE21	-5.255509	0.005192
ZFYVE26	-2.898793	0.052213
ZFYVE27	-3.910878	0.019630
ZFYVE28	-3.616034	0.026185
ZFYVE9	-4.081636	0.016600
ZG16	-6.016922	0.002431
ZG16B	-4.556008	0.010395
ZGPAT	-5.445520	0.004297
ZGRF1	-3.471288	0.030140
ZHX1	-3.525598	0.028593
ZHX2	-3.732626	0.023371
ZIC1	-3.726012	0.023522
ZIC2	-4.327218	0.013032
ZIC3	-3.965597	0.018604
ZIC4	-7.262825	0.000701
ZIC5	-4.076336	0.016686
ZIK1	-6.262106	0.001904
ZIM2	-7.349478	0.000643
ZIM3	-7.435363	0.000590
ZKSCAN1	-5.803823	0.003007
ZKSCAN2	-6.603638	0.001354
ZKSCAN3	-7.516578	0.000544
ZKSCAN4	-7.065939	0.000853
ZKSCAN5	-7.315480	0.000665
ZKSCAN7	-5.436862	0.004334
ZKSCAN8	-7.491858	0.000557
ZMAT1	-5.441860	0.004313
ZMAT2	-7.047452	0.000869
ZMAT3	-6.976976	0.000932
ZMAT4	-6.169868	0.002087
ZMAT5	-7.566133	0.000517
ZMIZ1	-3.481883	0.029832
ZMIZ2	-3.485873	0.029717
ZMPSTE24	-4.645152	0.009517
ZMYM1	-6.049014	0.002355
ZMYM2	-3.537229	0.028271
ZMYM3	-3.554710	0.027795
ZMYM4	-3.643211	0.025501
ZMYM5	-5.603363	0.003672
ZMYM6	-3.488278	0.029648
ZMYND10	-2.975998	0.048522
ZMYND11	-5.505076	0.004050
ZMYND12	-7.059474	0.000858
ZMYND15	-6.471314	0.001545
ZMYND19	-5.138689	0.005831
ZMYND8	-3.504874	0.029174
ZNF10	-7.278597	0.000690
ZNF100	-7.527195	0.000538
ZNF101	-7.527400	0.000538
ZNF106	-3.734973	0.023317
ZNF107	-7.518197	0.000543
ZNF112	-7.196187	0.000749
ZNF114	-7.394138	0.000614
ZNF117	-7.518258	0.000543
ZNF12	-5.728349	0.003242
ZNF121	-7.219422	0.000732
ZNF124	-5.762003	0.003135
ZNF131	-3.411361	0.031942
ZNF132	-7.481333	0.000563
ZNF133	-4.537661	0.010585
ZNF134	-7.234483	0.000721
ZNF135	-7.292132	0.000680
ZNF136	-6.880020	0.001027
ZNF138	-5.967476	0.002554
ZNF14	-4.781938	0.008310
ZNF140	-6.854209	0.001054
ZNF141	-7.431656	0.000592
ZNF142	-5.951398	0.002595
ZNF143	-3.485289	0.029734
ZNF146	-5.709289	0.003304
ZNF148	-3.472510	0.030105
ZNF154	-7.030485	0.000884
ZNF155	-5.476830	0.004165
ZNF157	-6.338601	0.001764
ZNF16	-7.459226	0.000576
ZNF160	-7.461612	0.000574
ZNF165	-7.510144	0.000547
ZNF169	-5.958203	0.002578
ZNF17	-7.050436	0.000866
ZNF174	-6.664139	0.001274
ZNF175	-7.065593	0.000853
ZNF177	-7.534195	0.000534
ZNF18	-7.482044	0.000563
ZNF180	-7.189889	0.000754
ZNF181	-7.394614	0.000614
ZNF182	-6.555497	0.001420
ZNF184	-6.228857	0.001968
ZNF185	-5.241075	0.005267
ZNF189	-7.313915	0.000666
ZNF19	-7.626032	0.000487
ZNF195	-6.058632	0.002332
ZNF197	-6.349521	0.001745
ZNF2	-7.351120	0.000641
ZNF20	-7.059102	0.000859
ZNF200	-7.065252	0.000854
ZNF202	-6.985407	0.000924
ZNF205	-7.319662	0.000662
ZNF207	-3.382531	0.032846
ZNF208	-7.105487	0.000820
ZNF211	-4.957106	0.006984
ZNF212	-5.319933	0.004869
ZNF213	-5.881483	0.002783
ZNF214	-7.488553	0.000559
ZNF215	-7.213894	0.000736
ZNF217	-6.684580	0.001248
ZNF219	-6.978444	0.000931
ZNF22	-7.619483	0.000491
ZNF221	-5.779265	0.003081
ZNF222	-7.016485	0.000896
ZNF223	-6.353333	0.001738
ZNF224	-5.816740	0.002968
ZNF225	-5.638054	0.003547
ZNF226	-7.246940	0.000712
ZNF227	-6.172783	0.002081
ZNF229	-7.435078	0.000590
ZNF23	-6.976567	0.000933
ZNF230	-7.101808	0.000823
ZNF232	-7.345439	0.000645
ZNF233	-6.826359	0.001084
ZNF234	-5.778518	0.003084
ZNF235	-6.889560	0.001017
ZNF236	-3.585520	0.026974
ZNF239	-7.184964	0.000757
ZNF24	-7.566289	0.000517
ZNF248	-7.247923	0.000711
ZNF25	-6.250635	0.001926
ZNF250	-7.405503	0.000608
ZNF253	-7.560571	0.000520
ZNF254	-5.590780	0.003718
ZNF256	-6.314434	0.001807
ZNF257	-7.486104	0.000561
ZNF26	-7.086819	0.000835
ZNF260	-6.128491	0.002175
ZNF263	-7.037331	0.000878
ZNF264	-7.073487	0.000847
ZNF266	-5.983229	0.002514
ZNF267	-6.618624	0.001333
ZNF268	-6.194744	0.002036
ZNF273	-7.520629	0.000541
ZNF274	-4.894172	0.007434
ZNF275	-7.204875	0.000742
ZNF276	-4.015059	0.017722
ZNF277	-6.261577	0.001905
ZNF280B	-6.241202	0.001944
ZNF280C	-3.687738	0.024417
ZNF280D	-3.421546	0.031629
ZNF281	-3.566632	0.027475
ZNF284	-7.431152	0.000592
ZNF285	-7.353965	0.000640
ZNF286A	-7.550144	0.000526
ZNF287	-7.112372	0.000814
ZNF296	-7.249697	0.000710
ZNF3	-7.579849	0.000510
ZNF30	-5.316836	0.004884
ZNF300	-6.999817	0.000911
ZNF302	-6.264641	0.001899
ZNF304	-6.108441	0.002219
ZNF311	-7.524701	0.000539
ZNF317	-7.368286	0.000631
ZNF318	-4.972109	0.006881
ZNF319	-3.744622	0.023098
ZNF32	-7.441887	0.000586
ZNF320	-7.229502	0.000724
ZNF322	-7.626074	0.000487
ZNF324	-7.277458	0.000690
ZNF324B	-7.276214	0.000691
ZNF326	-4.813418	0.008055
ZNF329	-7.513044	0.000546
ZNF330	-5.126363	0.005903
ZNF331	-7.219741	0.000731
ZNF333	-7.411156	0.000604
ZNF334	-6.819880	0.001091
ZNF335	-3.741746	0.023163
ZNF337	-5.467522	0.004204
ZNF33A	-4.903889	0.007363
ZNF33B	-5.169448	0.005656
ZNF34	-7.513575	0.000545
ZNF341	-3.792065	0.022052
ZNF343	-7.112778	0.000814
ZNF345	-7.429211	0.000593
ZNF346	-5.124898	0.005912
ZNF347	-7.484957	0.000561
ZNF35	-7.612435	0.000494
ZNF350	-3.822387	0.021407
ZNF354A	-7.540306	0.000531
ZNF354B	-7.583316	0.000509
ZNF354C	-7.527867	0.000538
ZNF358	-4.013792	0.017744
ZNF362	-3.730103	0.023428
ZNF366	-3.967228	0.018574
ZNF367	-7.515912	0.000544
ZNF37A	-5.809664	0.002989
ZNF382	-6.010661	0.002446
ZNF383	-6.993380	0.000917
ZNF384	-3.948699	0.018915
ZNF385A	-7.462139	0.000574
ZNF385B	-6.239310	0.001947
ZNF385C	-7.259206	0.000703
ZNF385D	-5.005383	0.006657
ZNF391	-7.108953	0.000817
ZNF394	-6.973236	0.000936
ZNF395	-4.013537	0.017749
ZNF396	-7.218097	0.000733
ZNF397	-6.215191	0.001995
ZNF398	-3.525616	0.028592
ZNF404	-6.207076	0.002011
ZNF407	-6.732471	0.001190
ZNF408	-7.323381	0.000659
ZNF41	-7.490757	0.000558
ZNF410	-5.172407	0.005639
ZNF414	-7.581026	0.000510
ZNF416	-7.013405	0.000899
ZNF417	-5.365752	0.004652
ZNF418	-6.430914	0.001608
ZNF419	-6.976999	0.000932
ZNF420	-7.210742	0.000738
ZNF423	-3.862293	0.020587
ZNF425	-5.193358	0.005523
ZNF426	-6.711832	0.001215
ZNF428	-5.394681	0.004520
ZNF429	-7.494462	0.000556
ZNF43	-7.448209	0.000582
ZNF430	-7.531072	0.000536
ZNF431	-7.504624	0.000550
ZNF432	-5.749910	0.003173
ZNF433	-5.498934	0.004074
ZNF436	-7.493965	0.000556
ZNF438	-6.506166	0.001492
ZNF439	-6.857601	0.001050
ZNF44	-4.660751	0.009371
ZNF441	-7.412279	0.000603
ZNF442	-5.825272	0.002943
ZNF443	-6.261261	0.001905
ZNF444	-5.270633	0.005114
ZNF445	-5.936769	0.002634
ZNF446	-6.249699	0.001927
ZNF449	-6.158332	0.002111
ZNF45	-7.151398	0.000783
ZNF451	-3.105098	0.042897
ZNF454	-7.453351	0.000579
ZNF460	-3.965923	0.018598
ZNF461	-6.306240	0.001822
ZNF462	-4.119240	0.015997
ZNF467	-7.037264	0.000878
ZNF468	-7.510474	0.000547
ZNF470	-7.238121	0.000718
ZNF471	-7.171684	0.000767
ZNF473	-7.041912	0.000874
ZNF474	-7.569991	0.000515
ZNF48	-7.154590	0.000781
ZNF480	-7.504968	0.000550
ZNF483	-6.834474	0.001075
ZNF484	-6.772298	0.001144
ZNF485	-7.419277	0.000599
ZNF488	-5.767260	0.003119
ZNF490	-7.389365	0.000617
ZNF491	-7.472910	0.000568
ZNF493	-6.098503	0.002241
ZNF496	-5.756322	0.003153
ZNF497	-7.607668	0.000496
ZNF500	-6.444203	0.001587
ZNF501	-6.714452	0.001212
ZNF502	-7.529460	0.000537
ZNF503	-4.897056	0.007413
ZNF507	-7.032432	0.000882
ZNF510	-5.138812	0.005830
ZNF511	-3.902476	0.019792
ZNF512	-6.200693	0.002024
ZNF512B	-3.553101	0.027839
ZNF513	-7.445658	0.000584
ZNF514	-7.312973	0.000666
ZNF517	-6.996177	0.000915
ZNF518A	-6.460690	0.001561
ZNF518B	-4.075297	0.016703
ZNF519	-7.516576	0.000544
ZNF521	-3.748078	0.023021
ZNF524	-7.196721	0.000748
ZNF526	-5.134101	0.005858
ZNF528	-7.356932	0.000638
ZNF529	-7.534328	0.000534
ZNF530	-6.590138	0.001372
ZNF532	-3.403354	0.032191
ZNF536	-5.646448	0.003518
ZNF540	-6.563951	0.001408
ZNF543	-6.858701	0.001049
ZNF544	-6.603086	0.001354
ZNF546	-6.529860	0.001457
ZNF547	-6.891732	0.001015
ZNF548	-7.302584	0.000673
ZNF549	-5.877791	0.002793
ZNF550	-7.491505	0.000557
ZNF551	-5.057974	0.006318
ZNF552	-6.373476	0.001703
ZNF554	-7.544069	0.000529
ZNF555	-6.080441	0.002282
ZNF556	-7.393079	0.000615
ZNF557	-7.572001	0.000514
ZNF558	-7.445206	0.000584
ZNF559	-5.811587	0.002984
ZNF560	-7.059017	0.000859
ZNF561	-7.231384	0.000723
ZNF562	-7.163594	0.000774
ZNF563	-7.518540	0.000543
ZNF564	-7.245703	0.000713
ZNF566	-6.714036	0.001212
ZNF567	-4.886076	0.007494
ZNF568	-6.605952	0.001350
ZNF569	-6.996162	0.000915
ZNF57	-7.056449	0.000861
ZNF570	-7.558359	0.000521
ZNF571	-6.239995	0.001946
ZNF572	-7.544835	0.000529
ZNF573	-6.225180	0.001975
ZNF574	-3.905252	0.019738
ZNF575	-7.560741	0.000520
ZNF576	-4.902045	0.007377
ZNF577	-6.981561	0.000928
ZNF579	-6.917464	0.000989
ZNF580	-7.378935	0.000624
ZNF581	-7.329748	0.000655
ZNF582	-6.981519	0.000928
ZNF583	-7.207364	0.000741
ZNF584	-6.312795	0.001810
ZNF585A	-5.364518	0.004658
ZNF585B	-5.735093	0.003220
ZNF586	-6.222414	0.001981
ZNF587	-5.212718	0.005417
ZNF589	-6.844866	0.001064
ZNF592	-4.178586	0.015089
ZNF593	-7.806436	0.000407
ZNF595	-6.940297	0.000967
ZNF596	-7.520188	0.000542
ZNF597	-4.176520	0.015120
ZNF598	-3.470344	0.030168
ZNF599	-7.467665	0.000571
ZNF600	-7.496001	0.000555
ZNF606	-6.809221	0.001102
ZNF607	-6.004894	0.002461
ZNF608	-3.576402	0.027215
ZNF609	-3.598851	0.026627
ZNF610	-7.488091	0.000559
ZNF611	-7.501788	0.000552
ZNF613	-5.544575	0.003893
ZNF614	-7.177413	0.000763
ZNF615	-4.576504	0.010186
ZNF616	-7.518775	0.000543
ZNF618	-3.482011	0.029828
ZNF619	-7.318741	0.000663
ZNF620	-6.556273	0.001419
ZNF621	-6.970748	0.000938
ZNF622	-7.385898	0.000620
ZNF623	-7.567784	0.000517
ZNF624	-7.196827	0.000748
ZNF626	-7.065511	0.000853
ZNF627	-6.659694	0.001280
ZNF628	-4.701229	0.009002
ZNF629	-5.742824	0.003195
ZNF630	-7.524591	0.000539
ZNF638	-3.782204	0.022265
ZNF639	-3.820943	0.021437
ZNF641	-7.445154	0.000584
ZNF644	-7.519653	0.000542
ZNF646	-3.579681	0.027128
ZNF648	-7.262676	0.000701
ZNF649	-5.432219	0.004354
ZNF652	-3.991527	0.018136
ZNF653	-4.871594	0.007603
ZNF654	-3.993697	0.018098
ZNF658	-6.813056	0.001098
ZNF660	-6.862028	0.001046
ZNF662	-7.413152	0.000603
ZNF664	-7.624584	0.000488
ZNF665	-7.505898	0.000550
ZNF667	-5.679324	0.003404
ZNF668	-3.564596	0.027529
ZNF669	-7.410983	0.000604
ZNF670	-6.922962	0.000984
ZNF671	-7.537416	0.000532
ZNF672	-7.504418	0.000550
ZNF674	-7.123917	0.000805
ZNF675	-7.505473	0.000550
ZNF676	-7.548633	0.000527
ZNF677	-5.214114	0.005410
ZNF678	-7.478741	0.000565
ZNF681	-7.459045	0.000576
ZNF682	-7.524123	0.000540
ZNF683	-7.429975	0.000593
ZNF684	-7.488193	0.000559
ZNF687	-3.819594	0.021466
ZNF688	-6.911394	0.000995
ZNF689	-3.728348	0.023468
ZNF69	-7.331538	0.000654
ZNF691	-7.656693	0.000473
ZNF692	-7.408946	0.000605
ZNF695	-7.508660	0.000548
ZNF696	-7.683167	0.000460
ZNF697	-5.920697	0.002676
ZNF699	-7.062004	0.000856
ZNF7	-6.938649	0.000969
ZNF70	-7.543365	0.000529
ZNF701	-7.515438	0.000544
ZNF703	-3.718412	0.023697
ZNF704	-4.934733	0.007141
ZNF705A	-7.308941	0.000669
ZNF706	-5.105461	0.006027
ZNF707	-6.931739	0.000975
ZNF708	-7.532572	0.000535
ZNF709	-6.566817	0.001404
ZNF71	-5.701885	0.003329
ZNF710	-4.878821	0.007549
ZNF711	-5.150713	0.005762
ZNF713	-7.122655	0.000806
ZNF714	-7.509511	0.000548
ZNF717	-6.466327	0.001553
ZNF718	-7.508311	0.000548
ZNF74	-7.565402	0.000518
ZNF740	-4.263691	0.013875
ZNF746	-4.432048	0.011750
ZNF747	-6.900971	0.001006
ZNF749	-6.977658	0.000932
ZNF750	-5.595551	0.003701
ZNF75A	-6.362757	0.001722
ZNF75D	-7.179847	0.000761
ZNF76	-5.010862	0.006621
ZNF761	-5.466811	0.004207
ZNF763	-7.542018	0.000530
ZNF764	-7.555338	0.000523
ZNF765	-7.525215	0.000539
ZNF766	-7.474797	0.000567
ZNF768	-3.554292	0.027806
ZNF77	-7.397026	0.000613
ZNF770	-5.814562	0.002975
ZNF771	-7.196858	0.000748
ZNF772	-6.986705	0.000923
ZNF773	-5.712093	0.003295
ZNF774	-7.234664	0.000721
ZNF775	-7.488101	0.000559
ZNF776	-5.687391	0.003377
ZNF777	-4.027373	0.017509
ZNF780A	-5.949732	0.002600
ZNF780B	-5.894482	0.002747
ZNF782	-5.547652	0.003881
ZNF784	-7.469538	0.000570
ZNF785	-5.523645	0.003975
ZNF786	-4.272176	0.013759
ZNF787	-5.053968	0.006343
ZNF79	-7.455857	0.000578
ZNF790	-7.063799	0.000855
ZNF791	-6.891553	0.001015
ZNF792	-7.534427	0.000534
ZNF793	-7.247069	0.000712
ZNF8	-7.032011	0.000882
ZNF80	-7.007148	0.000905
ZNF800	-5.672880	0.003426
ZNF804A	-4.766082	0.008442
ZNF804B	-7.198938	0.000747
ZNF81	-7.382456	0.000622
ZNF813	-7.505313	0.000550
ZNF816	-7.482166	0.000563
ZNF821	-4.624546	0.009713
ZNF823	-5.277885	0.005077
ZNF827	-3.820583	0.021445
ZNF829	-6.615819	0.001337
ZNF83	-7.440271	0.000587
ZNF830	-7.648943	0.000476
ZNF831	-5.129753	0.005883
ZNF835	-7.260905	0.000702
ZNF839	-4.881975	0.007525
ZNF84	-5.505944	0.004046
ZNF844	-6.354262	0.001736
ZNF846	-6.962945	0.000945
ZNF85	-7.516973	0.000543
ZNF875	-6.293282	0.001845
ZNF878	-7.037144	0.000878
ZNF90	-7.518020	0.000543
ZNF91	-7.403832	0.000609
ZNF92	-7.507758	0.000549
ZNF93	-7.540640	0.000531
ZNF99	-7.513018	0.000546
ZNFX1	-2.680089	0.064159
ZNG1A	-4.879650	0.007542
ZNG1C	-5.172365	0.005639
ZNG1E	-4.700340	0.009010
ZNG1F	-4.871938	0.007600
ZNHIT1	-3.452332	0.030699
ZNHIT2	-6.144388	0.002141
ZNHIT3	-1.316110	0.211466
ZNHIT6	-7.210988	0.000738
ZNRD2	-3.594574	0.026738
ZNRF1	-3.540288	0.028187
ZNRF2	-3.591654	0.026814
ZNRF3	-3.393412	0.032502
ZNRF4	-6.862051	0.001046
ZP1	-3.706800	0.023967
ZP2	-4.158946	0.015384
ZP3	-4.373977	0.012444
ZP4	-4.534295	0.010620
ZPBP	-4.820194	0.008001
ZPBP2	-4.789140	0.008251
ZPLD1	-4.820796	0.007996
ZPR1	-2.370903	0.085419
ZRANB1	-3.617622	0.026145
ZRANB2	-7.706226	0.000450
ZRANB3	-3.482984	0.029800
ZRSR2	-7.463234	0.000573
ZSCAN1	-6.461498	0.001560
ZSCAN10	-3.722742	0.023597
ZSCAN16	-5.568924	0.003800
ZSCAN18	-5.236612	0.005290
ZSCAN20	-5.797503	0.003026
ZSCAN21	-6.065538	0.002316
ZSCAN22	-7.527561	0.000538
ZSCAN23	-7.513822	0.000545
ZSCAN26	-7.147804	0.000786
ZSCAN29	-7.043365	0.000872
ZSCAN31	-7.643194	0.000479
ZSCAN32	-5.843267	0.002891
ZSCAN4	-6.640110	0.001305
ZSCAN5A	-7.527756	0.000538
ZSCAN5B	-7.493891	0.000556
ZSCAN9	-4.400384	0.012124
ZSWIM1	-4.843301	0.007819
ZSWIM2	-5.518671	0.003995
ZSWIM3	-5.745101	0.003188
ZSWIM4	-2.594862	0.069470
ZSWIM7	-6.547457	0.001432
ZSWIM8	-3.170577	0.040288
ZUP1	-6.465473	0.001554
ZW10	-1.301093	0.213981
ZWILCH	-1.028620	0.263352
ZWINT	-2.185074	0.101099
ZXDA	-7.409266	0.000605
ZXDB	-7.548083	0.000527
ZXDC	-4.275777	0.013711
ZYG11B	-3.243647	0.037556
ZYX	-3.502342	0.029246
ZZEF1	-2.849912	0.054686
ZZZ3	-3.439787	0.031075
