"Category","Term","Count","List Total","Pop Hits","Pop Total","P-Value","Benjamini","Fold Enrichment","Bonferroni","FDR","Fisher Exact","Full Term","User Ids"
"REACTOME_PATHWAY","Cell Cycle Checkpoints","50","210","274","10908","2.76e-34","2.77e-31","9.48","2.76e-31","1.81e-31","2.44e-35","R-HSA-69620~Cell Cycle Checkpoints","YWHAE,ZWILCH,UBE2D1,PSMD8,PSMD6,PSMD7,XPO1,PPP2R1B,KAT5,EXO1,CDC26,PSMD3,NUF2,PSMD1,RFC5,RFC3,DYNLL1,CKAP5,PSMA3,DYNC1LI2,PSMA4,PSMA1,PSMA2,UBE2V2,UBA52,PAFAH1B1,ANAPC2,PSMD12,SEH1L,PSMD11,PSMD14,MIS12,CENPA,PSMB6,PSMB7,PSMB4,WRN,PSMB5,PSMB3,ORC2,UBC,PSMB1,NUP43,BUB3,RPS27A,CDC6,PSMC5,PSMC1,RAD17,MAD2L1"
"REACTOME_PATHWAY","Cell Cycle","69","210","652","10908","8.63e-33","4.32e-30","5.50","8.63e-30","2.83e-30","1.43e-33","R-HSA-1640170~Cell Cycle","YWHAE,ZWILCH,UBE2D1,SMC2,PSMD8,PPP1CB,PSMD6,PSMD7,XPO1,PPP2R1B,KAT5,EXO1,CDC26,RUVBL2,RUVBL1,PSMD3,NUF2,PSMD1,NUP214,RFC5,RFC3,IST1,HAUS3,DYNLL1,CKAP5,PSMA3,DYNC1LI2,PSMA4,PSMA1,PSMA2,NME7,UBE2V2,UBA52,PAFAH1B1,ANAPC2,RTEL1,PSMD12,SEH1L,SET,PSMD11,DCTN2,PSMD14,PRIM1,MIS12,NCAPG,TYMS,CENPA,PSMB6,PSMB7,PSMB4,WRN,PSMB5,PSMB3,ORC2,UBC,POLD2,PSMB1,NUP43,BUB3,RPS27A,NEK7,CDC6,PSMC5,TEN1,PSMC1,RAD17,NCAPD3,RAN,MAD2L1"
"REACTOME_PATHWAY","Cdc20:Phospho-APC/C mediated degradation of Cyclin A","28","210","59","10908","2.12e-31","5.78e-29","24.65","2.12e-28","3.78e-29","4.76e-33","R-HSA-174184~Cdc20:Phospho-APC/C mediated degradation of Cyclin A","PSMD12,PSMD11,PSMD14,UBE2D1,PSMD8,PSMB6,PSMB7,PSMD6,PSMB4,PSMD7,PSMB5,PSMB3,CDC26,PSMD3,UBC,PSMB1,PSMD1,BUB3,RPS27A,PSMC5,PSMA3,PSMA4,PSMA1,PSMA2,PSMC1,UBA52,MAD2L1,ANAPC2"
"REACTOME_PATHWAY","Separation of Sister Chromatids","40","210","173","10908","2.72e-31","5.78e-29","12.01","2.72e-28","3.78e-29","1.79e-32","R-HSA-2467813~Separation of Sister Chromatids","PSMD12,SEH1L,PSMD11,PSMD14,ZWILCH,MIS12,UBE2D1,CENPA,PSMD8,PSMB6,PSMB7,PSMD6,PSMB4,PSMD7,XPO1,PSMB5,PPP2R1B,PSMB3,CDC26,PSMD3,UBC,NUF2,PSMB1,PSMD1,NUP43,BUB3,RPS27A,DYNLL1,CKAP5,PSMC5,PSMA3,DYNC1LI2,PSMA4,PSMA1,PSMA2,PSMC1,UBA52,MAD2L1,PAFAH1B1,ANAPC2"
"REACTOME_PATHWAY","Regulation of mRNA stability by proteins that bind AU-rich elements","30","210","74","10908","3.09e-31","5.78e-29","21.06","3.09e-28","3.78e-29","9.09e-33","R-HSA-450531~Regulation of mRNA stability by proteins that bind AU-rich elements","PSMD12,SET,PSMD11,PSMD14,HSPB1,PSMD8,PSMB6,PSMB7,PSMD6,PSMB4,PSMD7,XPO1,PSMB5,PSMB3,KHSRP,PSMD3,UBC,PSMB1,PSMD1,RPS27A,NUP214,PSMC5,PSMA3,PSMA4,XRN1,PSMA1,PSMA2,PSMC1,UBA52,EIF4G1"
"REACTOME_PATHWAY","APC:Cdc20 mediated degradation of cell cycle proteins prior to satisfation of the cell cycle checkpoint","28","210","60","10908","3.79e-31","5.78e-29","24.24","3.79e-28","3.78e-29","8.77e-33","R-HSA-179419~APC:Cdc20 mediated degradation of cell cycle proteins prior to satisfation of the cell cycle checkpoint","PSMD12,PSMD11,PSMD14,UBE2D1,PSMD8,PSMB6,PSMB7,PSMD6,PSMB4,PSMD7,PSMB5,PSMB3,CDC26,PSMD3,UBC,PSMB1,PSMD1,BUB3,RPS27A,PSMC5,PSMA3,PSMA4,PSMA1,PSMA2,PSMC1,UBA52,MAD2L1,ANAPC2"
"REACTOME_PATHWAY","AUF1 (hnRNP D0) binds and destabilizes mRNA","25","210","42","10908","4.04e-31","5.78e-29","30.92","4.04e-28","3.78e-29","5.72e-33","R-HSA-450408~AUF1 (hnRNP D0) binds and destabilizes mRNA","PSMD12,PSMD11,PSMD14,HSPB1,PSMD8,PSMB6,PSMB7,PSMD6,PSMB4,PSMD7,PSMB5,PSMB3,PSMD3,UBC,PSMB1,PSMD1,RPS27A,PSMC5,PSMA3,PSMA4,PSMA1,PSMA2,PSMC1,UBA52,EIF4G1"
"REACTOME_PATHWAY","APC/C:Cdc20 mediated degradation of mitotic proteins","28","210","62","10908","1.17e-30","1.46e-28","23.46","1.17e-27","9.54e-29","2.86e-32","R-HSA-176409~APC/C:Cdc20 mediated degradation of mitotic proteins","PSMD12,PSMD11,PSMD14,UBE2D1,PSMD8,PSMB6,PSMB7,PSMD6,PSMB4,PSMD7,PSMB5,PSMB3,CDC26,PSMD3,UBC,PSMB1,PSMD1,BUB3,RPS27A,PSMC5,PSMA3,PSMA4,PSMA1,PSMA2,PSMC1,UBA52,MAD2L1,ANAPC2"
"REACTOME_PATHWAY","Activation of APC/C and APC/C:Cdc20 mediated degradation of mitotic proteins","28","210","63","10908","2.00e-30","2.23e-28","23.09","2.00e-27","1.46e-28","5.06e-32","R-HSA-176814~Activation of APC/C and APC/C:Cdc20 mediated degradation of mitotic proteins","PSMD12,PSMD11,PSMD14,UBE2D1,PSMD8,PSMB6,PSMB7,PSMD6,PSMB4,PSMD7,PSMB5,PSMB3,CDC26,PSMD3,UBC,PSMB1,PSMD1,BUB3,RPS27A,PSMC5,PSMA3,PSMA4,PSMA1,PSMA2,PSMC1,UBA52,MAD2L1,ANAPC2"
"REACTOME_PATHWAY","Cell Cycle, Mitotic","60","210","519","10908","3.22e-30","3.23e-28","6.00","3.22e-27","2.11e-28","4.85e-31","R-HSA-69278~Cell Cycle, Mitotic","YWHAE,ZWILCH,UBE2D1,SMC2,PSMD8,PPP1CB,PSMD6,PSMD7,XPO1,PPP2R1B,CDC26,PSMD3,NUF2,PSMD1,NUP214,RFC5,RFC3,IST1,HAUS3,DYNLL1,CKAP5,PSMA3,DYNC1LI2,PSMA4,PSMA1,PSMA2,NME7,UBA52,PAFAH1B1,ANAPC2,PSMD12,SEH1L,SET,PSMD11,DCTN2,PSMD14,PRIM1,MIS12,NCAPG,TYMS,CENPA,PSMB6,PSMB7,PSMB4,PSMB5,PSMB3,ORC2,UBC,POLD2,PSMB1,NUP43,BUB3,RPS27A,NEK7,CDC6,PSMC5,PSMC1,NCAPD3,RAN,MAD2L1"
"REACTOME_PATHWAY","M Phase","52","210","372","10908","6.79e-30","6.18e-28","7.26","6.79e-27","4.04e-28","8.23e-31","R-HSA-68886~M Phase","YWHAE,ZWILCH,UBE2D1,SMC2,PSMD8,PSMD6,PSMD7,XPO1,PPP2R1B,CDC26,PSMD3,NUF2,PSMD1,NUP214,IST1,HAUS3,DYNLL1,CKAP5,PSMA3,DYNC1LI2,PSMA4,PSMA1,PSMA2,NME7,UBA52,PAFAH1B1,ANAPC2,PSMD12,SEH1L,SET,PSMD11,DCTN2,PSMD14,MIS12,NCAPG,CENPA,PSMB6,PSMB7,PSMB4,PSMB5,PSMB3,UBC,PSMB1,NUP43,BUB3,RPS27A,NEK7,PSMC5,PSMC1,NCAPD3,RAN,MAD2L1"
"REACTOME_PATHWAY","Mitotic Anaphase","42","210","215","10908","8.56e-30","7.14e-28","10.15","8.56e-27","4.67e-28","6.96e-31","R-HSA-68882~Mitotic Anaphase","PSMD12,SEH1L,PSMD11,PSMD14,ZWILCH,MIS12,UBE2D1,CENPA,PSMD8,PSMB6,PSMB7,PSMD6,PSMB4,PSMD7,XPO1,PSMB5,PPP2R1B,PSMB3,CDC26,PSMD3,UBC,NUF2,PSMB1,PSMD1,NUP43,BUB3,RPS27A,IST1,DYNLL1,CKAP5,PSMC5,PSMA3,DYNC1LI2,PSMA4,PSMA1,PSMA2,PSMC1,UBA52,RAN,MAD2L1,PAFAH1B1,ANAPC2"
"REACTOME_PATHWAY","CDK-mediated phosphorylation and removal of Cdc6","27","210","59","10908","1.01e-29","7.43e-28","23.77","1.01e-26","4.86e-28","2.43e-31","R-HSA-69017~CDK-mediated phosphorylation and removal of Cdc6","PSMD12,PSMD11,PSMD14,UBE2D1,PSMD8,PSMB6,PSMB7,PSMD6,PSMB4,PSMD7,PSMB5,PSMB3,CDC26,PSMD3,UBC,PSMB1,PSMD1,RPS27A,CDC6,PSMC5,PSMA3,PSMA4,PSMA1,PSMA2,PSMC1,UBA52,ANAPC2"
"REACTOME_PATHWAY","Mitotic Metaphase and Anaphase","42","210","216","10908","1.04e-29","7.43e-28","10.10","1.04e-26","4.86e-28","8.50e-31","R-HSA-2555396~Mitotic Metaphase and Anaphase","PSMD12,SEH1L,PSMD11,PSMD14,ZWILCH,MIS12,UBE2D1,CENPA,PSMD8,PSMB6,PSMB7,PSMD6,PSMB4,PSMD7,XPO1,PSMB5,PPP2R1B,PSMB3,CDC26,PSMD3,UBC,NUF2,PSMB1,PSMD1,NUP43,BUB3,RPS27A,IST1,DYNLL1,CKAP5,PSMC5,PSMA3,DYNC1LI2,PSMA4,PSMA1,PSMA2,PSMC1,UBA52,RAN,MAD2L1,PAFAH1B1,ANAPC2"
"REACTOME_PATHWAY","Vif-mediated degradation of APOBEC3G","24","210","41","10908","1.35e-29","9.01e-28","30.41","1.35e-26","5.90e-28","1.99e-31","R-HSA-180585~Vif-mediated degradation of APOBEC3G","PSMD12,PSMD11,PSMD14,PSMD8,PSMB6,PSMB7,PSMD6,PSMC5,PSMA3,PSMB4,PSMD7,PSMA4,PSMB5,PSMA1,PSMA2,PSMB3,PSMC1,PSMD3,UBC,PSMB1,PSMD1,ELOC,RPS27A,UBA52"
"REACTOME_PATHWAY","Autodegradation of Cdh1 by Cdh1:APC/C","26","210","53","10908","1.48e-29","9.25e-28","25.48","1.48e-26","6.05e-28","3.14e-31","R-HSA-174084~Autodegradation of Cdh1 by Cdh1:APC/C","PSMD12,PSMD11,PSMD14,UBE2D1,PSMD8,PSMB6,PSMB7,PSMD6,PSMB4,PSMD7,PSMB5,PSMB3,CDC26,PSMD3,UBC,PSMB1,PSMD1,RPS27A,PSMC5,PSMA3,PSMA4,PSMA1,PSMA2,PSMC1,UBA52,ANAPC2"
"REACTOME_PATHWAY","Regulation of APC/C activators between G1/S and early anaphase","28","210","67","10908","1.57e-29","9.25e-28","21.71","1.57e-26","6.05e-28","4.41e-31","R-HSA-176408~Regulation of APC/C activators between G1/S and early anaphase","PSMD12,PSMD11,PSMD14,UBE2D1,PSMD8,PSMB6,PSMB7,PSMD6,PSMB4,PSMD7,PSMB5,PSMB3,CDC26,PSMD3,UBC,PSMB1,PSMD1,BUB3,RPS27A,PSMC5,PSMA3,PSMA4,PSMA1,PSMA2,PSMC1,UBA52,MAD2L1,ANAPC2"
"REACTOME_PATHWAY","APC/C:Cdc20 mediated degradation of Securin","26","210","54","10908","2.72e-29","1.51e-27","25.01","2.72e-26","9.88e-28","5.94e-31","R-HSA-174154~APC/C:Cdc20 mediated degradation of Securin","PSMD12,PSMD11,PSMD14,UBE2D1,PSMD8,PSMB6,PSMB7,PSMD6,PSMB4,PSMD7,PSMB5,PSMB3,CDC26,PSMD3,UBC,PSMB1,PSMD1,RPS27A,PSMC5,PSMA3,PSMA4,PSMA1,PSMA2,PSMC1,UBA52,ANAPC2"
"REACTOME_PATHWAY","Regulation of activated PAK-2p34 by proteasome mediated degradation","23","210","37","10908","3.83e-29","2.02e-27","32.29","3.83e-26","1.32e-27","4.90e-31","R-HSA-211733~Regulation of activated PAK-2p34 by proteasome mediated degradation","PSMD12,PSMD11,PSMD14,PSMD8,PSMB6,PSMB7,PSMD6,PSMC5,PSMA3,PSMB4,PSMD7,PSMA4,PSMB5,PSMA1,PSMA2,PSMB3,PSMC1,PSMD3,UBC,PSMB1,PSMD1,RPS27A,UBA52"
"REACTOME_PATHWAY","Synthesis of DNA","32","210","106","10908","9.25e-29","4.63e-27","15.68","9.25e-26","3.03e-27","4.26e-30","R-HSA-69239~Synthesis of DNA","PSMD12,PSMD11,PSMD14,PRIM1,UBE2D1,PSMD8,PSMB6,PSMB7,PSMD6,PSMB4,PSMD7,PSMB5,PSMB3,CDC26,ORC2,PSMD3,UBC,POLD2,PSMB1,PSMD1,RPS27A,RFC5,RFC3,CDC6,PSMC5,PSMA3,PSMA4,PSMA1,PSMA2,PSMC1,UBA52,ANAPC2"
"REACTOME_PATHWAY","Vpu mediated degradation of CD4","23","210","39","10908","2.02e-28","8.77e-27","30.63","2.02e-25","5.74e-27","2.92e-30","R-HSA-180534~Vpu mediated degradation of CD4","PSMD12,PSMD11,PSMD14,PSMD8,PSMB6,PSMB7,PSMD6,PSMC5,PSMA3,PSMB4,PSMD7,PSMA4,PSMB5,PSMA1,PSMA2,PSMB3,PSMC1,PSMD3,UBC,PSMB1,PSMD1,RPS27A,UBA52"
"REACTOME_PATHWAY","Autodegradation of the E3 ubiquitin ligase COP1","23","210","39","10908","2.02e-28","8.77e-27","30.63","2.02e-25","5.74e-27","2.92e-30","R-HSA-349425~Autodegradation of the E3 ubiquitin ligase COP1","PSMD12,PSMD11,PSMD14,PSMD8,PSMB6,PSMB7,PSMD6,PSMC5,PSMA3,PSMB4,PSMD7,PSMA4,PSMB5,PSMA1,PSMA2,PSMB3,PSMC1,PSMD3,UBC,PSMB1,PSMD1,RPS27A,UBA52"
"REACTOME_PATHWAY","Ubiquitin-dependent degradation of Cyclin D","23","210","39","10908","2.02e-28","8.77e-27","30.63","2.02e-25","5.74e-27","2.92e-30","R-HSA-75815~Ubiquitin-dependent degradation of Cyclin D","PSMD12,PSMD11,PSMD14,PSMD8,PSMB6,PSMB7,PSMD6,PSMC5,PSMA3,PSMB4,PSMD7,PSMA4,PSMB5,PSMA1,PSMA2,PSMB3,PSMC1,PSMD3,UBC,PSMB1,PSMD1,RPS27A,UBA52"
"REACTOME_PATHWAY","Regulation of mitotic cell cycle","28","210","74","10908","3.99e-28","1.60e-26","19.65","3.99e-25","1.05e-26","1.32e-29","R-HSA-453276~Regulation of mitotic cell cycle","PSMD12,PSMD11,PSMD14,UBE2D1,PSMD8,PSMB6,PSMB7,PSMD6,PSMB4,PSMD7,PSMB5,PSMB3,CDC26,PSMD3,UBC,PSMB1,PSMD1,BUB3,RPS27A,PSMC5,PSMA3,PSMA4,PSMA1,PSMA2,PSMC1,UBA52,MAD2L1,ANAPC2"
"REACTOME_PATHWAY","APC/C-mediated degradation of cell cycle proteins","28","210","74","10908","3.99e-28","1.60e-26","19.65","3.99e-25","1.05e-26","1.32e-29","R-HSA-174143~APC/C-mediated degradation of cell cycle proteins","PSMD12,PSMD11,PSMD14,UBE2D1,PSMD8,PSMB6,PSMB7,PSMD6,PSMB4,PSMD7,PSMB5,PSMB3,CDC26,PSMD3,UBC,PSMB1,PSMD1,BUB3,RPS27A,PSMC5,PSMA3,PSMA4,PSMA1,PSMA2,PSMC1,UBA52,MAD2L1,ANAPC2"
"GOTERM_BP_DIRECT","proteasomal protein catabolic process","26","247","72","16251","7.32e-28","6.98e-25","23.76","9.60e-25","6.65e-25","2.04e-29","GO:0010498~proteasomal protein catabolic process","PSMD12,PSMD11,PSMD14,PSMD8,PSMB6,PSMB7,PSMD6,PSMB4,PSMD7,PSMB5,PSMD4,PSMB3,PSMD3,PSMB1,PSMD1,UFD1,PSMB8,PSMB9,DDB1,PSMC5,PSMA3,PSMA4,PSMA1,PSMA2,PSMC1,ANAPC2"
"REACTOME_PATHWAY","Oxygen-dependent proline hydroxylation of Hypoxia-inducible Factor Alpha","25","210","53","10908","7.38e-28","2.80e-26","24.50","7.38e-25","1.83e-26","1.68e-29","R-HSA-1234176~Oxygen-dependent proline hydroxylation of Hypoxia-inducible Factor Alpha","PSMD12,PSMD11,PSMD14,UBE2D1,PSMD8,PSMB6,PSMB7,PSMD6,PSMB4,PSMD7,PSMB5,PSMB3,PSMD3,UBC,PSMB1,PSMD1,ELOC,RPS27A,PSMC5,PSMA3,PSMA4,PSMA1,PSMA2,PSMC1,UBA52"
"REACTOME_PATHWAY","APC/C:Cdh1 mediated degradation of Cdc20 and other APC/C:Cdh1 targeted proteins in late mitosis/early G1","26","210","60","10908","7.56e-28","2.80e-26","22.51","7.56e-25","1.83e-26","2.00e-29","R-HSA-174178~APC/C:Cdh1 mediated degradation of Cdc20 and other APC/C:Cdh1 targeted proteins in late mitosis/early G1","PSMD12,PSMD11,PSMD14,UBE2D1,PSMD8,PSMB6,PSMB7,PSMD6,PSMB4,PSMD7,PSMB5,PSMB3,CDC26,PSMD3,UBC,PSMB1,PSMD1,RPS27A,PSMC5,PSMA3,PSMA4,PSMA1,PSMA2,PSMC1,UBA52,ANAPC2"
"REACTOME_PATHWAY","Regulation of Apoptosis","23","210","41","10908","9.34e-28","3.34e-26","29.14","9.34e-25","2.18e-26","1.51e-29","R-HSA-169911~Regulation of Apoptosis","PSMD12,PSMD11,PSMD14,PSMD8,PSMB6,PSMB7,PSMD6,PSMC5,PSMA3,PSMB4,PSMD7,PSMA4,PSMB5,PSMA1,PSMA2,PSMB3,PSMC1,PSMD3,UBC,PSMB1,PSMD1,RPS27A,UBA52"
"GOTERM_BP_DIRECT","cellular response to type I interferon","21","247","36","16251","1.07e-27","6.98e-25","38.38","1.40e-24","6.65e-25","1.25e-29","GO:0071357~cellular response to type I interferon","PSMD12,PSMD11,PSMD14,PSMD8,PSMB6,PSMB7,PSMD6,PSMC5,PSMA3,PSMB4,PSMD7,PSMA4,PSMB5,PSMD4,PSMA1,PSMA2,PSMB3,PSMC1,PSMD3,PSMB1,PSMD1"
"REACTOME_PATHWAY","Degradation of CRY and PER proteins","24","210","48","10908","1.83e-27","5.84e-26","25.97","1.83e-24","3.82e-26","3.75e-29","R-HSA-9932298~Degradation of CRY and PER proteins","PSMD12,PSMD11,PSMD14,UBE2D1,PSMD8,PSMB6,PSMB7,PSMD6,PSMC5,PSMA3,PSMB4,PSMD7,PSMA4,PSMB5,PSMA1,PSMA2,PSMB3,PSMC1,PSMD3,UBC,PSMB1,PSMD1,RPS27A,UBA52"
"REACTOME_PATHWAY","Degradation of AXIN","23","210","42","10908","1.93e-27","5.84e-26","28.44","1.93e-24","3.82e-26","3.29e-29","R-HSA-4641257~Degradation of AXIN","PSMD12,PSMD11,PSMD14,PSMD8,PSMB6,PSMB7,PSMD6,PSMC5,PSMA3,PSMB4,PSMD7,PSMA4,PSMB5,PSMA1,PSMA2,PSMB3,PSMC1,PSMD3,UBC,PSMB1,PSMD1,RPS27A,UBA52"
"REACTOME_PATHWAY","FBXL7 down-regulates AURKA during mitotic entry and in early mitosis","23","210","42","10908","1.93e-27","5.84e-26","28.44","1.93e-24","3.82e-26","3.29e-29","R-HSA-8854050~FBXL7 down-regulates AURKA during mitotic entry and in early mitosis","PSMD12,PSMD11,PSMD14,PSMD8,PSMB6,PSMB7,PSMD6,PSMC5,PSMA3,PSMB4,PSMD7,PSMA4,PSMB5,PSMA1,PSMA2,PSMB3,PSMC1,PSMD3,UBC,PSMB1,PSMD1,RPS27A,UBA52"
"REACTOME_PATHWAY","GSK3B and BTRC:CUL1-mediated-degradation of NFE2L2","23","210","42","10908","1.93e-27","5.84e-26","28.44","1.93e-24","3.82e-26","3.29e-29","R-HSA-9762114~GSK3B and BTRC:CUL1-mediated-degradation of NFE2L2","PSMD12,PSMD11,PSMD14,PSMD8,PSMB6,PSMB7,PSMD6,PSMC5,PSMA3,PSMB4,PSMD7,PSMA4,PSMB5,PSMA1,PSMA2,PSMB3,PSMC1,PSMD3,UBC,PSMB1,PSMD1,RPS27A,UBA52"
"REACTOME_PATHWAY","SCF-beta-TrCP mediated degradation of Emi1","23","210","42","10908","1.93e-27","5.84e-26","28.44","1.93e-24","3.82e-26","3.29e-29","R-HSA-174113~SCF-beta-TrCP mediated degradation of Emi1","PSMD12,PSMD11,PSMD14,PSMD8,PSMB6,PSMB7,PSMD6,PSMC5,PSMA3,PSMB4,PSMD7,PSMA4,PSMB5,PSMA1,PSMA2,PSMB3,PSMC1,PSMD3,UBC,PSMB1,PSMD1,RPS27A,UBA52"
"REACTOME_PATHWAY","Switching of origins to a post-replicative state","28","210","78","10908","2.13e-27","6.27e-26","18.65","2.13e-24","4.10e-26","7.62e-29","R-HSA-69052~Switching of origins to a post-replicative state","PSMD12,PSMD11,PSMD14,UBE2D1,PSMD8,PSMB6,PSMB7,PSMD6,PSMB4,PSMD7,PSMB5,PSMB3,CDC26,ORC2,PSMD3,UBC,PSMB1,PSMD1,RPS27A,CDC6,PSMC5,PSMA3,PSMA4,PSMA1,PSMA2,PSMC1,UBA52,ANAPC2"
"REACTOME_PATHWAY","Hh mutants are degraded by ERAD","23","210","43","10908","3.88e-27","1.11e-25","27.78","3.88e-24","7.26e-26","6.95e-29","R-HSA-5362768~Hh mutants are degraded by ERAD","PSMD12,PSMD11,PSMD14,PSMD8,PSMB6,PSMB7,PSMD6,PSMC5,PSMA3,PSMB4,PSMD7,PSMA4,PSMB5,PSMA1,PSMA2,PSMB3,PSMC1,PSMD3,UBC,PSMB1,PSMD1,RPS27A,UBA52"
"REACTOME_PATHWAY","Proteasome assembly","24","210","50","10908","6.18e-27","1.72e-25","24.93","6.18e-24","1.12e-25","1.36e-28","R-HSA-9907900~Proteasome assembly","PSMD12,PSMD11,PSMD14,PSMB8,PSMB9,PSMD8,PSMB6,PSMB7,PSMD6,PSMC5,PSMA3,PSMB4,PSMD7,PSMA4,PSMB5,PSMD4,PSMA1,PSMD5,PSMA2,PSMB3,PSMC1,PSMD3,PSMB1,PSMD1"
"REACTOME_PATHWAY","GSK3B-mediated proteasomal degradation of PD-L1(CD274)","23","210","44","10908","7.62e-27","1.91e-25","27.15","7.62e-24","1.25e-25","1.43e-28","R-HSA-9929356~GSK3B-mediated proteasomal degradation of PD-L1(CD274)","PSMD12,PSMD11,PSMD14,PSMD8,PSMB6,PSMB7,PSMD6,PSMC5,PSMA3,PSMB4,PSMD7,PSMA4,PSMB5,PSMA1,PSMA2,PSMB3,PSMC1,PSMD3,UBC,PSMB1,PSMD1,RPS27A,UBA52"
"REACTOME_PATHWAY","Negative regulation of NOTCH4 signaling","23","210","44","10908","7.62e-27","1.91e-25","27.15","7.62e-24","1.25e-25","1.43e-28","R-HSA-9604323~Negative regulation of NOTCH4 signaling","PSMD12,PSMD11,PSMD14,PSMD8,PSMB6,PSMB7,PSMD6,PSMC5,PSMA3,PSMB4,PSMD7,PSMA4,PSMB5,PSMA1,PSMA2,PSMB3,PSMC1,PSMD3,UBC,PSMB1,PSMD1,RPS27A,UBA52"
"REACTOME_PATHWAY","Degradation of DVL","23","210","44","10908","7.62e-27","1.91e-25","27.15","7.62e-24","1.25e-25","1.43e-28","R-HSA-4641258~Degradation of DVL","PSMD12,PSMD11,PSMD14,PSMD8,PSMB6,PSMB7,PSMD6,PSMC5,PSMA3,PSMB4,PSMD7,PSMA4,PSMB5,PSMA1,PSMA2,PSMB3,PSMC1,PSMD3,UBC,PSMB1,PSMD1,RPS27A,UBA52"
"REACTOME_PATHWAY","Stabilization of p53","23","210","44","10908","7.62e-27","1.91e-25","27.15","7.62e-24","1.25e-25","1.43e-28","R-HSA-69541~Stabilization of p53","PSMD12,PSMD11,PSMD14,PSMD8,PSMB6,PSMB7,PSMD6,PSMC5,PSMA3,PSMB4,PSMD7,PSMA4,PSMB5,PSMA1,PSMA2,PSMB3,PSMC1,PSMD3,UBC,PSMB1,PSMD1,RPS27A,UBA52"
"REACTOME_PATHWAY","Orc1 removal from chromatin","25","210","58","10908","1.11e-26","2.72e-25","22.39","1.11e-23","1.78e-25","2.98e-28","R-HSA-68949~Orc1 removal from chromatin","PSMD12,PSMD11,PSMD14,PSMD8,PSMB6,PSMB7,PSMD6,PSMB4,PSMD7,PSMB5,PSMB3,ORC2,PSMD3,UBC,PSMB1,PSMD1,RPS27A,CDC6,PSMC5,PSMA3,PSMA4,PSMA1,PSMA2,PSMC1,UBA52"
"REACTOME_PATHWAY","Regulation of RUNX3 expression and activity","23","210","45","10908","1.47e-26","3.49e-25","26.55","1.47e-23","2.29e-25","2.88e-28","R-HSA-8941858~Regulation of RUNX3 expression and activity","PSMD12,PSMD11,PSMD14,PSMD8,PSMB6,PSMB7,PSMD6,PSMC5,PSMA3,PSMB4,PSMD7,PSMA4,PSMB5,PSMA1,PSMA2,PSMB3,PSMC1,PSMD3,UBC,PSMB1,PSMD1,RPS27A,UBA52"
"REACTOME_PATHWAY","Hh mutants abrogate ligand secretion","23","210","46","10908","2.76e-26","6.14e-25","25.97","2.76e-23","4.02e-25","5.65e-28","R-HSA-5387390~Hh mutants abrogate ligand secretion","PSMD12,PSMD11,PSMD14,PSMD8,PSMB6,PSMB7,PSMD6,PSMC5,PSMA3,PSMB4,PSMD7,PSMA4,PSMB5,PSMA1,PSMA2,PSMB3,PSMC1,PSMD3,UBC,PSMB1,PSMD1,RPS27A,UBA52"
"REACTOME_PATHWAY","NIK-->noncanonical NF-kB signaling","23","210","46","10908","2.76e-26","6.14e-25","25.97","2.76e-23","4.02e-25","5.65e-28","R-HSA-5676590~NIK-->noncanonical NF-kB signaling","PSMD12,PSMD11,PSMD14,PSMD8,PSMB6,PSMB7,PSMD6,PSMC5,PSMA3,PSMB4,PSMD7,PSMA4,PSMB5,PSMA1,PSMA2,PSMB3,PSMC1,PSMD3,UBC,PSMB1,PSMD1,RPS27A,UBA52"
"REACTOME_PATHWAY","SPOP-mediated proteasomal degradation of PD-L1(CD274)","23","210","46","10908","2.76e-26","6.14e-25","25.97","2.76e-23","4.02e-25","5.65e-28","R-HSA-9929491~SPOP-mediated proteasomal degradation of PD-L1(CD274)","PSMD12,PSMD11,PSMD14,PSMD8,PSMB6,PSMB7,PSMD6,PSMC5,PSMA3,PSMB4,PSMD7,PSMA4,PSMB5,PSMA1,PSMA2,PSMB3,PSMC1,PSMD3,UBC,PSMB1,PSMD1,RPS27A,UBA52"
"REACTOME_PATHWAY","Degradation of CDH1","24","210","53","10908","3.38e-26","7.37e-25","23.52","3.38e-23","4.82e-25","8.30e-28","R-HSA-9766229~Degradation of CDH1","PSMD12,PSMD11,PSMD14,PSMD8,PSMB6,PSMB7,PSMD6,PSMC5,PSMA3,PSMB4,PSMD7,PSMA4,PSMB5,PSMA1,PSMA2,PSMB3,PSMC1,PSMD3,UBC,PSMB1,CTNNA1,PSMD1,RPS27A,UBA52"
"REACTOME_PATHWAY","Degradation of GLI2 by the proteasome","23","210","47","10908","5.10e-26","1.02e-24","25.42","5.10e-23","6.68e-25","1.09e-27","R-HSA-5610783~Degradation of GLI2 by the proteasome","PSMD12,PSMD11,PSMD14,PSMD8,PSMB6,PSMB7,PSMD6,PSMC5,PSMA3,PSMB4,PSMD7,PSMA4,PSMB5,PSMA1,PSMA2,PSMB3,PSMC1,PSMD3,UBC,PSMB1,PSMD1,RPS27A,UBA52"
"REACTOME_PATHWAY","GLI3 is processed to GLI3R by the proteasome","23","210","47","10908","5.10e-26","1.02e-24","25.42","5.10e-23","6.68e-25","1.09e-27","R-HSA-5610785~GLI3 is processed to GLI3R by the proteasome","PSMD12,PSMD11,PSMD14,PSMD8,PSMB6,PSMB7,PSMD6,PSMC5,PSMA3,PSMB4,PSMD7,PSMA4,PSMB5,PSMA1,PSMA2,PSMB3,PSMC1,PSMD3,UBC,PSMB1,PSMD1,RPS27A,UBA52"
"REACTOME_PATHWAY","Dectin-1 mediated noncanonical NF-kB signaling","23","210","47","10908","5.10e-26","1.02e-24","25.42","5.10e-23","6.68e-25","1.09e-27","R-HSA-5607761~Dectin-1 mediated noncanonical NF-kB signaling","PSMD12,PSMD11,PSMD14,PSMD8,PSMB6,PSMB7,PSMD6,PSMC5,PSMA3,PSMB4,PSMD7,PSMA4,PSMB5,PSMA1,PSMA2,PSMB3,PSMC1,PSMD3,UBC,PSMB1,PSMD1,RPS27A,UBA52"
"REACTOME_PATHWAY","Degradation of GLI1 by the proteasome","23","210","47","10908","5.10e-26","1.02e-24","25.42","5.10e-23","6.68e-25","1.09e-27","R-HSA-5610780~Degradation of GLI1 by the proteasome","PSMD12,PSMD11,PSMD14,PSMD8,PSMB6,PSMB7,PSMD6,PSMC5,PSMA3,PSMB4,PSMD7,PSMA4,PSMB5,PSMA1,PSMA2,PSMB3,PSMC1,PSMD3,UBC,PSMB1,PSMD1,RPS27A,UBA52"
"REACTOME_PATHWAY","Cross-presentation of soluble exogenous antigens (endosomes)","22","210","41","10908","5.83e-26","1.14e-24","27.87","5.83e-23","7.49e-25","1.04e-27","R-HSA-1236978~Cross-presentation of soluble exogenous antigens (endosomes)","PSMD12,PSMD11,PSMD14,PSMB8,PSMB9,PSMD8,PSMB6,PSMB7,PSMD6,PSMC5,PSMA3,PSMB4,PSMD7,PSMA4,PSMB5,PSMA1,PSMA2,PSMB3,PSMC1,PSMD3,PSMB1,PSMD1"
"REACTOME_PATHWAY","Cellular response to hypoxia","25","210","62","10908","7.86e-26","1.51e-24","20.94","7.86e-23","9.90e-25","2.35e-27","R-HSA-1234174~Cellular response to hypoxia","PSMD12,PSMD11,PSMD14,UBE2D1,PSMD8,PSMB6,PSMB7,PSMD6,PSMB4,PSMD7,PSMB5,PSMB3,PSMD3,UBC,PSMB1,PSMD1,ELOC,RPS27A,PSMC5,PSMA3,PSMA4,PSMA1,PSMA2,PSMC1,UBA52"
"REACTOME_PATHWAY","Defective CFTR causes cystic fibrosis","23","210","48","10908","9.25e-26","1.75e-24","24.89","9.25e-23","1.14e-24","2.05e-27","R-HSA-5678895~Defective CFTR causes cystic fibrosis","PSMD12,PSMD11,PSMD14,PSMD8,PSMB6,PSMB7,PSMD6,PSMC5,PSMA3,PSMB4,PSMD7,PSMA4,PSMB5,PSMA1,PSMA2,PSMB3,PSMC1,PSMD3,UBC,PSMB1,PSMD1,RPS27A,UBA52"
"REACTOME_PATHWAY","Regulation of RAS by GAPs","24","210","55","10908","9.79e-26","1.78e-24","22.67","9.79e-23","1.17e-24","2.56e-27","R-HSA-5658442~Regulation of RAS by GAPs","PSMD12,PSMD11,PSMD14,PSMD8,PSMB6,PSMB7,PSMD6,PSMC5,PSMA3,PSMB4,PSMD7,PSMA4,PSMB5,RASA3,PSMA1,PSMA2,PSMB3,PSMC1,PSMD3,UBC,PSMB1,PSMD1,RPS27A,UBA52"
"REACTOME_PATHWAY","G2/M Checkpoints","33","210","142","10908","9.81e-26","1.78e-24","12.07","9.81e-23","1.17e-24","6.42e-27","R-HSA-69481~G2/M Checkpoints","YWHAE,PSMD12,PSMD11,PSMD14,PSMD8,PSMB6,PSMB7,PSMD6,PSMB4,WRN,PSMD7,PSMB5,KAT5,EXO1,PSMB3,ORC2,PSMD3,UBC,PSMB1,PSMD1,RPS27A,RFC5,RFC3,CDC6,PSMC5,PSMA3,PSMA4,PSMA1,PSMA2,PSMC1,UBE2V2,RAD17,UBA52"
"REACTOME_PATHWAY","Translation","46","210","339","10908","1.02e-25","1.83e-24","7.05","1.02e-22","1.20e-24","1.29e-26","R-HSA-72766~Translation","AARS1,PSMD12,PSMD11,PSMD14,KARS1,RPL11,SRP54,UBE2D1,EEF1B2,PSMD8,PSMB6,PSMB7,PSMD6,PSMB4,PSMD7,PSMB5,RPS19,PSMB3,PSMD3,UBC,PSMB1,PSMD1,UFD1,RPL38,ELOC,RPS27A,EIF4E,EIF2B3,MRPS27,SRP68,DARS1,DDOST,AIMP1,PSMC5,PSMA3,PSMA4,EIF5,EPRS1,PSMA1,PSMA2,LARS1,PSMC1,EIF3G,EEF1E1,UBA52,EIF4G1"
"REACTOME_PATHWAY","SCF(Skp2)-mediated degradation of p27/p21","23","210","50","10908","2.90e-25","5.09e-24","23.89","2.90e-22","3.33e-24","6.92e-27","R-HSA-187577~SCF(Skp2)-mediated degradation of p27/p21","PSMD12,PSMD11,PSMD14,PSMD8,PSMB6,PSMB7,PSMD6,PSMC5,PSMA3,PSMB4,PSMD7,PSMA4,PSMB5,PSMA1,PSMA2,PSMB3,PSMC1,PSMD3,UBC,PSMB1,PSMD1,RPS27A,UBA52"
"REACTOME_PATHWAY","Asymmetric localization of PCP proteins","23","210","51","10908","5.01e-25","8.35e-24","23.43","5.01e-22","5.46e-24","1.24e-26","R-HSA-4608870~Asymmetric localization of PCP proteins","PSMD12,PSMD11,PSMD14,PSMD8,PSMB6,PSMB7,PSMD6,PSMC5,PSMA3,PSMB4,PSMD7,PSMA4,PSMB5,PSMA1,PSMA2,PSMB3,PSMC1,PSMD3,UBC,PSMB1,PSMD1,RPS27A,UBA52"
"REACTOME_PATHWAY","Ubiquitin-Mediated Degradation of Phosphorylated Cdc25A","23","210","51","10908","5.01e-25","8.35e-24","23.43","5.01e-22","5.46e-24","1.24e-26","R-HSA-69601~Ubiquitin-Mediated Degradation of Phosphorylated Cdc25A","PSMD12,PSMD11,PSMD14,PSMD8,PSMB6,PSMB7,PSMD6,PSMC5,PSMA3,PSMB4,PSMD7,PSMA4,PSMB5,PSMA1,PSMA2,PSMB3,PSMC1,PSMD3,UBC,PSMB1,PSMD1,RPS27A,UBA52"
"REACTOME_PATHWAY","p53-Independent G1/S DNA Damage Checkpoint","23","210","51","10908","5.01e-25","8.35e-24","23.43","5.01e-22","5.46e-24","1.24e-26","R-HSA-69613~p53-Independent G1/S DNA Damage Checkpoint","PSMD12,PSMD11,PSMD14,PSMD8,PSMB6,PSMB7,PSMD6,PSMC5,PSMA3,PSMB4,PSMD7,PSMA4,PSMB5,PSMA1,PSMA2,PSMB3,PSMC1,PSMD3,UBC,PSMB1,PSMD1,RPS27A,UBA52"
"REACTOME_PATHWAY","Hedgehog ligand biogenesis","23","210","52","10908","8.53e-25","1.40e-23","22.97","8.53e-22","9.16e-24","2.18e-26","R-HSA-5358346~Hedgehog ligand biogenesis","PSMD12,PSMD11,PSMD14,PSMD8,PSMB6,PSMB7,PSMD6,PSMC5,PSMA3,PSMB4,PSMD7,PSMA4,PSMB5,PSMA1,PSMA2,PSMB3,PSMC1,PSMD3,UBC,PSMB1,PSMD1,RPS27A,UBA52"
"REACTOME_PATHWAY","Ribosome Quality Control (RQC) complex extracts and degrades nascent peptide","28","210","95","10908","9.11e-25","1.47e-23","15.31","9.11e-22","9.62e-24","4.34e-26","R-HSA-9954709~Ribosome Quality Control (RQC) complex extracts and degrades nascent peptide","PSMD12,PSMD11,PSMD14,RPL11,UBE2D1,PSMD8,PSMB6,PSMB7,PSMD6,PSMB4,PSMD7,PSMB5,PSMB3,PSMD3,UBC,PSMB1,PSMD1,UFD1,RPL38,ELOC,RPS27A,PSMC5,PSMA3,PSMA4,PSMA1,PSMA2,PSMC1,UBA52"
"REACTOME_PATHWAY","Regulation of CDH1 Function","24","210","60","10908","1.13e-24","1.79e-23","20.78","1.13e-21","1.17e-23","3.40e-26","R-HSA-9764561~Regulation of CDH1 Function","PSMD12,PSMD11,PSMD14,PSMD8,PSMB6,PSMB7,PSMD6,PSMC5,PSMA3,PSMB4,PSMD7,PSMA4,PSMB5,PSMA1,PSMA2,PSMB3,PSMC1,PSMD3,UBC,PSMB1,CTNNA1,PSMD1,RPS27A,UBA52"
"REACTOME_PATHWAY","p53-Dependent G1 DNA Damage Response","23","210","53","10908","1.43e-24","2.21e-23","22.54","1.43e-21","1.44e-23","3.79e-26","R-HSA-69563~p53-Dependent G1 DNA Damage Response","PSMD12,PSMD11,PSMD14,PSMD8,PSMB6,PSMB7,PSMD6,PSMC5,PSMA3,PSMB4,PSMD7,PSMA4,PSMB5,PSMA1,PSMA2,PSMB3,PSMC1,PSMD3,UBC,PSMB1,PSMD1,RPS27A,UBA52"
"REACTOME_PATHWAY","p53-Dependent G1/S DNA damage checkpoint","23","210","53","10908","1.43e-24","2.21e-23","22.54","1.43e-21","1.44e-23","3.79e-26","R-HSA-69580~p53-Dependent G1/S DNA damage checkpoint","PSMD12,PSMD11,PSMD14,PSMD8,PSMB6,PSMB7,PSMD6,PSMC5,PSMA3,PSMB4,PSMD7,PSMA4,PSMB5,PSMA1,PSMA2,PSMB3,PSMC1,PSMD3,UBC,PSMB1,PSMD1,RPS27A,UBA52"
"REACTOME_PATHWAY","Host Interactions of HIV factors","30","210","118","10908","1.51e-24","2.29e-23","13.21","1.51e-21","1.50e-23","8.81e-26","R-HSA-162909~Host Interactions of HIV factors","PSMD12,SEH1L,PSMD11,PSMD14,PSMD8,PSMB6,PSMB7,PSMD6,PSMB4,PSMD7,XPO1,PSMB5,PSMB3,PSMD3,UBC,PSMB1,PSMD1,NUP43,ELOC,RPS27A,NUP214,CDK9,PSMC5,PSMA3,PSMA4,PSMA1,PSMA2,PSMC1,UBA52,RAN"
"REACTOME_PATHWAY","FCERI mediated NF-kB activation","25","210","69","10908","1.66e-24","2.48e-23","18.82","1.66e-21","1.62e-23","5.86e-26","R-HSA-2871837~FCERI mediated NF-kB activation","PSMD12,PSMD11,PSMD14,UBE2D1,PSMD8,PSMB6,PSMB7,PSMD6,PSMB4,PSMD7,PSMB5,PSMB3,PSMD3,UBC,PSMB1,PSMD1,RPS27A,PSMC5,PSMA3,PSMA4,PSMA1,PSMA2,PSMC1,UBE2V1,UBA52"
"REACTOME_PATHWAY","Metabolism of RNA","62","210","714","10908","1.86e-24","2.74e-23","4.51","1.86e-21","1.80e-23","3.85e-25","R-HSA-8953854~Metabolism of RNA","NXT1,EIF4A3,HSPB1,C2ORF49,USP39,PSMD8,PPP1CB,FBL,PSMD6,PSMD7,XPO1,RPS19,SNRPD1,KHSRP,PSMD3,PSMD1,RPL38,SNRPD3,NUP214,UPF1,TFIP11,THOC5,CRNKL1,PSMA3,PSMA4,PSMA1,XRN1,PSMA2,GEMIN8,UBA52,PSMD12,SEH1L,SET,SF3B3,PSMD11,PSMD14,NIP7,RPL11,NOC4L,PRPF8,PSMB6,PSMB7,NXF1,PSMB4,PSMB5,PSMB3,UBC,PSMB1,NUP43,RPS27A,EIF4E,UTP6,HNRNPA3,TRMT10C,ALYREF,CNOT10,PSMC5,LSM7,EPRS1,PSMC1,RAN,EIF4G1"
"GOTERM_BP_DIRECT","regulation of proteasomal protein catabolic process","22","247","56","16251","2.10e-24","9.17e-22","25.85","2.75e-21","8.73e-22","5.16e-26","GO:0061136~regulation of proteasomal protein catabolic process","PSMD12,PSMD11,PSMD14,RAD23A,PSMD8,PSMB6,PSMB7,PSMD6,PSMC5,PSMA3,PSMB4,PSMD7,PSMA4,PSMB5,PSMD4,PSMA1,PSMA2,PSMB3,PSMC1,PSMD3,PSMB1,PSMD1"
"REACTOME_PATHWAY","Activation of NF-kappaB in B cells","23","210","54","10908","2.38e-24","3.45e-23","22.12","2.38e-21","2.26e-23","6.49e-26","R-HSA-1169091~Activation of NF-kappaB in B cells","PSMD12,PSMD11,PSMD14,PSMD8,PSMB6,PSMB7,PSMD6,PSMC5,PSMA3,PSMB4,PSMD7,PSMA4,PSMB5,PSMA1,PSMA2,PSMB3,PSMC1,PSMD3,UBC,PSMB1,PSMD1,RPS27A,UBA52"
"REACTOME_PATHWAY","AMPK-induced ERAD and lysosome mediated degradation of PD-L1(CD274)","23","210","55","10908","3.89e-24","5.57e-23","21.72","3.89e-21","3.64e-23","1.10e-25","R-HSA-9931269~AMPK-induced ERAD and lysosome mediated degradation of PD-L1(CD274)","PSMD12,PSMD11,PSMD14,PSMD8,PSMB6,PSMB7,PSMD6,PSMC5,PSMA3,PSMB4,PSMD7,PSMA4,PSMB5,PSMA1,PSMA2,PSMB3,PSMC1,PSMD3,UBC,PSMB1,PSMD1,RPS27A,UBA52"
"REACTOME_PATHWAY","Regulation of PTEN stability and activity","23","210","56","10908","6.30e-24","8.88e-23","21.33","6.30e-21","5.81e-23","1.83e-25","R-HSA-8948751~Regulation of PTEN stability and activity","PSMD12,PSMD11,PSMD14,PSMD8,PSMB6,PSMB7,PSMD6,PSMC5,PSMA3,PSMB4,PSMD7,PSMA4,PSMB5,PSMA1,PSMA2,PSMB3,PSMC1,PSMD3,UBC,PSMB1,PSMD1,RPS27A,UBA52"
"REACTOME_PATHWAY","S Phase","32","210","148","10908","6.41e-24","8.91e-23","11.23","6.41e-21","5.83e-23","4.60e-25","R-HSA-69242~S Phase","PSMD12,PSMD11,PSMD14,PRIM1,UBE2D1,PSMD8,PSMB6,PSMB7,PSMD6,PSMB4,PSMD7,PSMB5,PSMB3,CDC26,ORC2,PSMD3,UBC,POLD2,PSMB1,PSMD1,RPS27A,RFC5,RFC3,CDC6,PSMC5,PSMA3,PSMA4,PSMA1,PSMA2,PSMC1,UBA52,ANAPC2"
"REACTOME_PATHWAY","Regulation of RUNX2 expression and activity","23","210","58","10908","1.60e-23","2.19e-22","20.60","1.60e-20","1.43e-22","4.90e-25","R-HSA-8939902~Regulation of RUNX2 expression and activity","PSMD12,PSMD11,PSMD14,PSMD8,PSMB6,PSMB7,PSMD6,PSMC5,PSMA3,PSMB4,PSMD7,PSMA4,PSMB5,PSMA1,PSMA2,PSMB3,PSMC1,PSMD3,UBC,PSMB1,PSMD1,RPS27A,UBA52"
"REACTOME_PATHWAY","MAPK6/MAPK4 signaling","25","210","75","10908","1.67e-23","2.26e-22","17.31","1.67e-20","1.48e-22","6.69e-25","R-HSA-5687128~MAPK6/MAPK4 signaling","PSMD12,PSMD11,PSMD14,HSPB1,PSMD8,PSMB6,PSMB7,PSMD6,PSMB4,PSMD7,XPO1,PSMB5,PSMB3,PSMD3,UBC,PSMB1,PSMD1,RPS27A,PSMC5,PSMA3,PSMA4,PSMA1,PSMA2,PSMC1,UBA52"
"REACTOME_PATHWAY","Regulation of ornithine decarboxylase (ODC)","20","210","38","10908","2.56e-23","3.42e-22","27.34","2.56e-20","2.24e-22","4.78e-25","R-HSA-350562~Regulation of ornithine decarboxylase (ODC)","PSMD12,PSMD11,PSMD14,PSMD8,PSMB6,PSMB7,PSMD6,PSMC5,PSMA3,PSMB4,PSMD7,PSMA4,PSMB5,PSMA1,PSMA2,PSMB3,PSMC1,PSMD3,PSMB1,PSMD1"
"REACTOME_PATHWAY","PCP/CE pathway","25","210","78","10908","4.87e-23","6.41e-22","16.65","4.87e-20","4.19e-22","2.06e-24","R-HSA-4086400~PCP/CE pathway","PSMD12,PSMD11,PSMD14,CLTC,CLTB,PSMD8,PSMB6,PSMB7,PSMD6,PSMB4,PSMD7,PSMB5,PSMB3,PSMD3,UBC,PSMB1,PSMD1,RPS27A,PSMC5,PSMA3,PSMA4,PSMA1,PSMA2,PSMC1,UBA52"
"REACTOME_PATHWAY","Assembly of the pre-replicative complex","28","210","110","10908","6.82e-23","8.82e-22","13.22","6.82e-20","5.77e-22","3.97e-24","R-HSA-68867~Assembly of the pre-replicative complex","PSMD12,PSMD11,PSMD14,UBE2D1,PSMD8,PSMB6,PSMB7,PSMD6,PSMB4,PSMD7,PSMB5,PSMB3,CDC26,ORC2,PSMD3,UBC,PSMB1,PSMD1,RPS27A,CDC6,PSMC5,PSMA3,PSMA4,PSMA1,PSMA2,PSMC1,UBA52,ANAPC2"
"REACTOME_PATHWAY","UCH proteinases","25","210","79","10908","6.87e-23","8.82e-22","16.44","6.87e-20","5.77e-22","2.97e-24","R-HSA-5689603~UCH proteinases","PSMD12,PSMD11,PSMD14,PSMD8,PSMB6,PSMB7,PSMD6,PSMB4,PSMD7,PSMB5,PSMB3,PSMD3,UBC,RUVBL1,PSMB1,PSMD1,RPS27A,ACTL6A,PSMC5,PSMA3,PSMA4,PSMA1,PSMA2,PSMC1,UBA52"
"REACTOME_PATHWAY","Degradation of beta-catenin by the destruction complex","24","210","70","10908","7.25e-23","9.19e-22","17.81","7.25e-20","6.01e-22","2.79e-24","R-HSA-195253~Degradation of beta-catenin by the destruction complex","PSMD12,PSMD11,PSMD14,PSMD8,PSMB6,PSMB7,PSMD6,PSMC5,PSMA3,PSMB4,PSMD7,PSMA4,PSMB5,PPP2R1B,PSMA1,PSMA2,PSMB3,PSMC1,PSMD3,UBC,PSMB1,PSMD1,RPS27A,UBA52"
"REACTOME_PATHWAY","DNA Replication","32","210","160","10908","7.72e-23","9.66e-22","10.39","7.72e-20","6.32e-22","6.11e-24","R-HSA-69306~DNA Replication","PSMD12,PSMD11,PSMD14,PRIM1,UBE2D1,PSMD8,PSMB6,PSMB7,PSMD6,PSMB4,PSMD7,PSMB5,PSMB3,CDC26,ORC2,PSMD3,UBC,POLD2,PSMB1,PSMD1,RPS27A,RFC5,RFC3,CDC6,PSMC5,PSMA3,PSMA4,PSMA1,PSMA2,PSMC1,UBA52,ANAPC2"
"REACTOME_PATHWAY","The role of GTSE1 in G2/M progression after G2 checkpoint","23","210","63","10908","1.37e-22","1.70e-21","18.96","1.37e-19","1.11e-21","4.80e-24","R-HSA-8852276~The role of GTSE1 in G2/M progression after G2 checkpoint","PSMD12,PSMD11,PSMD14,PSMD8,PSMB6,PSMB7,PSMD6,PSMC5,PSMA3,PSMB4,PSMD7,PSMA4,PSMB5,PSMA1,PSMA2,PSMB3,PSMC1,PSMD3,UBC,PSMB1,PSMD1,RPS27A,UBA52"
"REACTOME_PATHWAY","DNA Replication Pre-Initiation","29","210","126","10908","1.99e-22","2.43e-21","11.96","1.99e-19","1.59e-21","1.32e-23","R-HSA-69002~DNA Replication Pre-Initiation","PSMD12,PSMD11,PSMD14,PRIM1,UBE2D1,PSMD8,PSMB6,PSMB7,PSMD6,PSMB4,PSMD7,PSMB5,PSMB3,CDC26,ORC2,PSMD3,UBC,PSMB1,PSMD1,RPS27A,CDC6,PSMC5,PSMA3,PSMA4,PSMA1,PSMA2,PSMC1,UBA52,ANAPC2"
"REACTOME_PATHWAY","ER-Phagosome pathway","25","210","83","10908","2.59e-22","3.09e-21","15.65","2.59e-19","2.02e-21","1.20e-23","R-HSA-1236974~ER-Phagosome pathway","PSMD12,PSMD11,PSMD14,PSMD8,PSMB6,PSMB7,PSMD6,PSMB4,PSMD7,PSMB5,PSMB3,PSMD3,UBC,PSMB1,PSMD1,RPS27A,PSMB8,PSMB9,PSMC5,PSMA3,PSMA4,PSMA1,PSMA2,PSMC1,UBA52"
"REACTOME_PATHWAY","Downstream TCR signaling","25","210","83","10908","2.59e-22","3.09e-21","15.65","2.59e-19","2.02e-21","1.20e-23","R-HSA-202424~Downstream TCR signaling","PSMD12,PSMD11,PSMD14,UBE2D1,PSMD8,PSMB6,PSMB7,PSMD6,PSMB4,PSMD7,PSMB5,PSMB3,PSMD3,UBC,PSMB1,PSMD1,RPS27A,PSMC5,PSMA3,PSMA4,PSMA1,PSMA2,PSMC1,UBE2V1,UBA52"
"REACTOME_PATHWAY","ABC transporter disorders","23","210","65","10908","3.05e-22","3.60e-21","18.38","3.05e-19","2.35e-21","1.12e-23","R-HSA-5619084~ABC transporter disorders","PSMD12,PSMD11,PSMD14,PSMD8,PSMB6,PSMB7,PSMD6,PSMC5,PSMA3,PSMB4,PSMD7,PSMA4,PSMB5,PSMA1,PSMA2,PSMB3,PSMC1,PSMD3,UBC,PSMB1,PSMD1,RPS27A,UBA52"
"REACTOME_PATHWAY","Ribosome-associated quality control","29","210","129","10908","3.97e-22","4.62e-21","11.68","3.97e-19","3.02e-21","2.71e-23","R-HSA-9948299~Ribosome-associated quality control","PSMD12,PSMD11,PSMD14,RPL11,UBE2D1,PSMD8,PSMB6,PSMB7,PSMD6,PSMB4,PSMD7,PSMB5,RPS19,PSMB3,PSMD3,UBC,PSMB1,PSMD1,UFD1,RPL38,ELOC,RPS27A,PSMC5,PSMA3,PSMA4,PSMA1,PSMA2,PSMC1,UBA52"
"REACTOME_PATHWAY","G2/M Transition","33","210","184","10908","4.89e-22","5.62e-21","9.32","4.89e-19","3.68e-21","4.42e-23","R-HSA-69275~G2/M Transition","YWHAE,PSMD12,PSMD11,PSMD14,DCTN2,PSMD8,PPP1CB,PSMB6,PSMB7,PSMD6,PSMB4,PSMD7,XPO1,PSMB5,PPP2R1B,PSMB3,PSMD3,UBC,PSMB1,PSMD1,RPS27A,HAUS3,DYNLL1,CKAP5,PSMC5,PSMA3,PSMA4,PSMA1,NME7,PSMA2,PSMC1,UBA52,PAFAH1B1"
"REACTOME_PATHWAY","Somitogenesis","20","210","43","10908","5.32e-22","6.05e-21","24.16","5.32e-19","3.96e-21","1.25e-23","R-HSA-9824272~Somitogenesis","PSMD12,PSMD11,PSMD14,PSMD8,PSMB6,PSMB7,PSMD6,PSMC5,PSMA3,PSMB4,PSMD7,PSMA4,PSMB5,PSMA1,PSMA2,PSMB3,PSMC1,PSMD3,PSMB1,PSMD1"
"REACTOME_PATHWAY","Activation of STAT3 by cadherin engagement","24","210","76","10908","6.22e-22","7.00e-21","16.40","6.22e-19","4.58e-21","2.70e-23","R-HSA-9958825~Activation of STAT3 by cadherin engagement","PSMD12,PSMD11,PSMD14,PSMD8,PSMB6,PSMB7,PSMD6,PSMC5,PSMA3,PSMB4,PSMD7,PSMA4,PSMB5,PSMA1,PSMA2,PSMB3,PSMC1,PSMD3,UBC,PSMB1,CTNNA1,PSMD1,RPS27A,UBA52"
"REACTOME_PATHWAY","Regulation of expression of SLITs and ROBOs","30","210","144","10908","6.53e-22","7.25e-21","10.82","6.53e-19","4.74e-21","4.91e-23","R-HSA-9010553~Regulation of expression of SLITs and ROBOs","PSMD12,PSMD11,PSMD14,EIF4A3,RPL11,PSMD8,PSMB6,PSMB7,PSMD6,PSMB4,PSMD7,PSMB5,RPS19,PSMB3,PSMD3,UBC,PSMB1,SLIT1,PSMD1,RPL38,ELOC,RPS27A,PSMC5,PSMA3,PSMA4,PSMA1,PSMA2,PSMC1,UBA52,EIF4G1"
"REACTOME_PATHWAY","G1/S DNA Damage Checkpoints","23","210","67","10908","6.59e-22","7.25e-21","17.83","6.59e-19","4.74e-21","2.53e-23","R-HSA-69615~G1/S DNA Damage Checkpoints","PSMD12,PSMD11,PSMD14,PSMD8,PSMB6,PSMB7,PSMD6,PSMC5,PSMA3,PSMB4,PSMD7,PSMA4,PSMB5,PSMA1,PSMA2,PSMB3,PSMC1,PSMD3,UBC,PSMB1,PSMD1,RPS27A,UBA52"
"REACTOME_PATHWAY","Mitotic G2-G2/M phases","33","210","186","10908","6.91e-22","7.51e-21","9.22","6.91e-19","4.92e-21","6.32e-23","R-HSA-453274~Mitotic G2-G2/M phases","YWHAE,PSMD12,PSMD11,PSMD14,DCTN2,PSMD8,PPP1CB,PSMB6,PSMB7,PSMD6,PSMB4,PSMD7,XPO1,PSMB5,PPP2R1B,PSMB3,PSMD3,UBC,PSMB1,PSMD1,RPS27A,HAUS3,DYNLL1,CKAP5,PSMC5,PSMA3,PSMA4,PSMA1,NME7,PSMA2,PSMC1,UBA52,PAFAH1B1"
"REACTOME_PATHWAY","G1/S Transition","28","210","120","10908","8.27e-22","8.90e-21","12.12","8.27e-19","5.82e-21","5.39e-23","R-HSA-69206~G1/S Transition","PSMD12,PSMD11,PSMD14,PRIM1,TYMS,PSMD8,PSMB6,PSMB7,PSMD6,PSMB4,PSMD7,PSMB5,PPP2R1B,PSMB3,ORC2,PSMD3,UBC,PSMB1,PSMD1,RPS27A,CDC6,PSMC5,PSMA3,PSMA4,PSMA1,PSMA2,PSMC1,UBA52"
"REACTOME_PATHWAY","Antigen processing-Cross presentation","26","210","98","10908","1.03e-21","1.10e-20","13.78","1.03e-18","7.19e-21","5.69e-23","R-HSA-1236975~Antigen processing-Cross presentation","PSMD12,PSMD11,PSMD14,NCF1,PSMD8,PSMB6,PSMB7,PSMD6,PSMB4,PSMD7,PSMB5,PSMB3,PSMD3,UBC,PSMB1,PSMD1,RPS27A,PSMB8,PSMB9,PSMC5,PSMA3,PSMA4,PSMA1,PSMA2,PSMC1,UBA52"
"REACTOME_PATHWAY","CLEC7A (Dectin-1) signaling","25","210","88","10908","1.22e-21","1.29e-20","14.76","1.22e-18","8.42e-21","6.13e-23","R-HSA-5607764~CLEC7A (Dectin-1) signaling","PSMD12,PSMD11,PSMD14,UBE2D1,PSMD8,PSMB6,PSMB7,PSMD6,PSMB4,PSMD7,PSMB5,PSMB3,PSMD3,UBC,PSMB1,PSMD1,RPS27A,PSMC5,PSMA3,PSMA4,PSMA1,PSMA2,PSMC1,UBE2V1,UBA52"
"REACTOME_PATHWAY","Downstream signaling events of B Cell Receptor (BCR)","23","210","70","10908","1.98e-21","2.06e-20","17.07","1.98e-18","1.35e-20","8.11e-23","R-HSA-1168372~Downstream signaling events of B Cell Receptor (BCR)","PSMD12,PSMD11,PSMD14,PSMD8,PSMB6,PSMB7,PSMD6,PSMC5,PSMA3,PSMB4,PSMD7,PSMA4,PSMB5,PSMA1,PSMA2,PSMB3,PSMC1,PSMD3,UBC,PSMB1,PSMD1,RPS27A,UBA52"
"REACTOME_PATHWAY","Metabolism of polyamines","20","210","46","10908","2.62e-21","2.70e-20","22.58","2.62e-18","1.77e-20","6.94e-23","R-HSA-351202~Metabolism of polyamines","PSMD12,PSMD11,PSMD14,PSMD8,PSMB6,PSMB7,PSMD6,PSMC5,PSMA3,PSMB4,PSMD7,PSMA4,PSMB5,PSMA1,PSMA2,PSMB3,PSMC1,PSMD3,PSMB1,PSMD1"
"REACTOME_PATHWAY","Hedgehog 'on' state","23","210","72","10908","3.99e-21","4.07e-20","16.59","3.99e-18","2.67e-20","1.70e-22","R-HSA-5632684~Hedgehog 'on' state","PSMD12,PSMD11,PSMD14,PSMD8,PSMB6,PSMB7,PSMD6,PSMC5,PSMA3,PSMB4,PSMD7,PSMA4,PSMB5,PSMA1,PSMA2,PSMB3,PSMC1,PSMD3,UBC,PSMB1,PSMD1,RPS27A,UBA52"
"REACTOME_PATHWAY","Neddylation","35","210","230","10908","5.13e-21","5.19e-20","7.90","5.13e-18","3.40e-20","5.64e-22","R-HSA-8951664~Neddylation","PSMD12,PSMD11,PSMD14,GPS1,UBE2D1,COPS7A,PSMD8,PSMB6,PSMB7,PSMD6,PSMB4,PSMD7,PSMB5,PSMB3,PSMD3,UBC,PSMB1,PSMD1,UFD1,ELOC,RPS27A,COMMD10,COMMD3,DDB1,COPS3,PSMC5,COPS6,PSMA3,PSMA4,PSMA1,PSMA2,PSMC1,CCDC22,COPS8,UBA52"
"REACTOME_PATHWAY","Signaling by NOTCH4","23","210","73","10908","5.61e-21","5.56e-20","16.37","5.61e-18","3.64e-20","2.44e-22","R-HSA-9013694~Signaling by NOTCH4","PSMD12,PSMD11,PSMD14,PSMD8,PSMB6,PSMB7,PSMD6,PSMC5,PSMA3,PSMB4,PSMD7,PSMA4,PSMB5,PSMA1,PSMA2,PSMB3,PSMC1,PSMD3,UBC,PSMB1,PSMD1,RPS27A,UBA52"
"REACTOME_PATHWAY","Cyclin E associated events during G1/S transition","23","210","73","10908","5.61e-21","5.56e-20","16.37","5.61e-18","3.64e-20","2.44e-22","R-HSA-69202~Cyclin E associated events during G1/S transition","PSMD12,PSMD11,PSMD14,PSMD8,PSMB6,PSMB7,PSMD6,PSMC5,PSMA3,PSMB4,PSMD7,PSMA4,PSMB5,PSMA1,PSMA2,PSMB3,PSMC1,PSMD3,UBC,PSMB1,PSMD1,RPS27A,UBA52"
"REACTOME_PATHWAY","Cyclin A:Cdk2-associated events at S phase entry","23","210","75","10908","1.09e-20","1.07e-19","15.93","1.09e-17","7.01e-20","4.93e-22","R-HSA-69656~Cyclin A:Cdk2-associated events at S phase entry","PSMD12,PSMD11,PSMD14,PSMD8,PSMB6,PSMB7,PSMD6,PSMC5,PSMA3,PSMB4,PSMD7,PSMA4,PSMB5,PSMA1,PSMA2,PSMB3,PSMC1,PSMD3,UBC,PSMB1,PSMD1,RPS27A,UBA52"
"REACTOME_PATHWAY","Regulation of PD-L1(CD274) Post-translational modification","24","210","86","10908","1.45e-20","1.41e-19","14.50","1.45e-17","9.22e-20","7.47e-22","R-HSA-9909615~Regulation of PD-L1(CD274) Post-translational modification","PSMD12,PSMD11,PSMD14,DDOST,PSMD8,PSMB6,PSMB7,PSMD6,PSMC5,PSMA3,PSMB4,PSMD7,PSMA4,PSMB5,PSMA1,PSMA2,PSMB3,PSMC1,PSMD3,UBC,PSMB1,PSMD1,RPS27A,UBA52"
"REACTOME_PATHWAY","Circadian clock","26","210","109","10908","1.76e-20","1.70e-19","12.39","1.76e-17","1.11e-19","1.12e-21","R-HSA-9909396~Circadian clock","PSMD12,HDAC3,PSMD11,PSMD14,UBE2D1,PSMD8,PPP1CB,PSMB6,PSMB7,PSMD6,PSMB4,PSMD7,PSMB5,PSMB3,PSMD3,UBC,PSMB1,PSMD1,RPS27A,PSMC5,PSMA3,PSMA4,PSMA1,PSMA2,PSMC1,UBA52"
"REACTOME_PATHWAY","Mitotic G1 phase and G1/S transition","28","210","138","10908","4.13e-20","3.94e-19","10.54","4.13e-17","2.58e-19","3.21e-21","R-HSA-453279~Mitotic G1 phase and G1/S transition","PSMD12,PSMD11,PSMD14,PRIM1,TYMS,PSMD8,PSMB6,PSMB7,PSMD6,PSMB4,PSMD7,PSMB5,PPP2R1B,PSMB3,ORC2,PSMD3,UBC,PSMB1,PSMD1,RPS27A,CDC6,PSMC5,PSMA3,PSMA4,PSMA1,PSMA2,PSMC1,UBA52"
"REACTOME_PATHWAY","PTEN Regulation","27","210","126","10908","5.13e-20","4.85e-19","11.13","5.13e-17","3.17e-19","3.73e-21","R-HSA-6807070~PTEN Regulation","PSMD12,HDAC3,PSMD11,PSMD14,PSMD8,PSMB6,PSMB7,PSMD6,PSMB4,PSMD7,PSMB5,PSMB3,PSMD3,UBC,PSMB1,PSMD1,RPS27A,MTOR,PSMC5,RRAGA,PSMA3,PSMA4,PSMA1,PSMA2,PSMC1,LAMTOR2,UBA52"
"REACTOME_PATHWAY","TCR signaling","25","210","104","10908","9.12e-20","8.53e-19","12.49","9.12e-17","5.58e-19","5.73e-21","R-HSA-202403~TCR signaling","PSMD12,PSMD11,PSMD14,UBE2D1,PSMD8,PSMB6,PSMB7,PSMD6,PSMB4,PSMD7,PSMB5,PSMB3,PSMD3,UBC,PSMB1,PSMD1,RPS27A,PSMC5,PSMA3,PSMA4,PSMA1,PSMA2,PSMC1,UBE2V1,UBA52"
"REACTOME_PATHWAY","Nuclear events mediated by NFE2L2","23","210","86","10908","2.96e-19","2.72e-18","13.89","2.96e-16","1.78e-18","1.62e-20","R-HSA-9759194~Nuclear events mediated by NFE2L2","PSMD12,PSMD11,PSMD14,PSMD8,PSMB6,PSMB7,PSMD6,PSMC5,PSMA3,PSMB4,PSMD7,PSMA4,PSMB5,PSMA1,PSMA2,PSMB3,PSMC1,PSMD3,UBC,PSMB1,PSMD1,RPS27A,UBA52"
"REACTOME_PATHWAY","Transcriptional regulation by RUNX3","23","210","86","10908","2.96e-19","2.72e-18","13.89","2.96e-16","1.78e-18","1.62e-20","R-HSA-8878159~Transcriptional regulation by RUNX3","PSMD12,PSMD11,PSMD14,PSMD8,PSMB6,PSMB7,PSMD6,PSMC5,PSMA3,PSMB4,PSMD7,PSMA4,PSMB5,PSMA1,PSMA2,PSMB3,PSMC1,PSMD3,UBC,PSMB1,PSMD1,RPS27A,UBA52"
"REACTOME_PATHWAY","Formation of paraxial mesoderm","20","210","57","10908","3.31e-19","3.01e-18","18.23","3.31e-16","1.97e-18","1.23e-20","R-HSA-9793380~Formation of paraxial mesoderm","PSMD12,PSMD11,PSMD14,PSMD8,PSMB6,PSMB7,PSMD6,PSMC5,PSMA3,PSMB4,PSMD7,PSMA4,PSMB5,PSMA1,PSMA2,PSMB3,PSMC1,PSMD3,PSMB1,PSMD1"
"REACTOME_PATHWAY","TNFR2 non-canonical NF-kB pathway","23","210","87","10908","3.90e-19","3.51e-18","13.73","3.90e-16","2.30e-18","2.16e-20","R-HSA-5668541~TNFR2 non-canonical NF-kB pathway","PSMD12,PSMD11,PSMD14,PSMD8,PSMB6,PSMB7,PSMD6,PSMC5,PSMA3,PSMB4,PSMD7,PSMA4,PSMB5,PSMA1,PSMA2,PSMB3,PSMC1,PSMD3,UBC,PSMB1,PSMD1,RPS27A,UBA52"
"REACTOME_PATHWAY","Signaling by the B Cell Receptor (BCR)","24","210","99","10908","4.69e-19","4.19e-18","12.59","4.69e-16","2.74e-18","2.91e-20","R-HSA-983705~Signaling by the B Cell Receptor (BCR)","PSMD12,PSMD11,PSMD14,PSMD8,PSMB6,PSMB7,PSMD6,PSMC5,PSMA3,PSMB4,PSMD7,PSMA4,PSMB5,PSMA1,PSMA2,PSMB3,PSMC1,PSMD3,UBC,PSMB1,PSMD1,PTPN6,RPS27A,UBA52"
"REACTOME_PATHWAY","Interleukin-1 signaling","24","210","100","10908","5.98e-19","5.30e-18","12.47","5.98e-16","3.47e-18","3.77e-20","R-HSA-9020702~Interleukin-1 signaling","PSMD12,PSMD11,PSMD14,PSMD8,PSMB6,PSMB7,PSMD6,PSMC5,PSMA3,PSMB4,PSMD7,PSMA4,PSMB5,PSMA1,PSMA2,PSMB3,PSMC1,PSMD3,UBC,PSMB1,PSMD1,UBE2V1,RPS27A,UBA52"
"REACTOME_PATHWAY","ABC-family protein mediated transport","23","210","90","10908","8.67e-19","7.61e-18","13.27","8.67e-16","4.98e-18","5.03e-20","R-HSA-382556~ABC-family protein mediated transport","PSMD12,PSMD11,PSMD14,PSMD8,PSMB6,PSMB7,PSMD6,PSMC5,PSMA3,PSMB4,PSMD7,PSMA4,PSMB5,PSMA1,PSMA2,PSMB3,PSMC1,PSMD3,UBC,PSMB1,PSMD1,RPS27A,UBA52"
"REACTOME_PATHWAY","Signaling by ROBO receptors","30","210","189","10908","1.74e-18","1.51e-17","8.24","1.74e-15","9.90e-18","1.82e-19","R-HSA-376176~Signaling by ROBO receptors","PSMD12,PSMD11,PSMD14,EIF4A3,RPL11,PSMD8,PSMB6,PSMB7,PSMD6,PSMB4,PSMD7,PSMB5,RPS19,PSMB3,PSMD3,UBC,PSMB1,SLIT1,PSMD1,RPL38,ELOC,RPS27A,PSMC5,PSMA3,PSMA4,PSMA1,PSMA2,PSMC1,UBA52,EIF4G1"
"REACTOME_PATHWAY","Transcriptional regulation by RUNX2","24","210","105","10908","1.94e-18","1.67e-17","11.87","1.94e-15","1.10e-17","1.30e-19","R-HSA-8878166~Transcriptional regulation by RUNX2","PSMD12,HDAC3,PSMD11,PSMD14,PSMD8,PSMB6,PSMB7,PSMD6,PSMC5,PSMA3,PSMB4,PSMD7,PSMA4,PSMB5,PSMA1,PSMA2,PSMB3,PSMC1,PSMD3,UBC,PSMB1,PSMD1,RPS27A,UBA52"
"REACTOME_PATHWAY","RUNX1 regulates transcription of genes involved in differentiation of HSCs","23","210","95","10908","3.07e-18","2.62e-17","12.58","3.07e-15","1.72e-17","1.91e-19","R-HSA-8939236~RUNX1 regulates transcription of genes involved in differentiation of HSCs","PSMD12,PSMD11,PSMD14,PSMD8,PSMB6,PSMB7,PSMD6,PSMC5,PSMA3,PSMB4,PSMD7,PSMA4,PSMB5,PSMA1,PSMA2,PSMB3,PSMC1,PSMD3,UBC,PSMB1,PSMD1,RPS27A,UBA52"
"REACTOME_PATHWAY","Fc epsilon receptor (FCERI) signaling","25","210","122","10908","4.86e-18","4.12e-17","10.64","4.86e-15","2.70e-17","3.74e-19","R-HSA-2454202~Fc epsilon receptor (FCERI) signaling","PSMD12,PSMD11,PSMD14,UBE2D1,PSMD8,PSMB6,PSMB7,PSMD6,PSMB4,PSMD7,PSMB5,PSMB3,PSMD3,UBC,PSMB1,PSMD1,RPS27A,PSMC5,PSMA3,PSMA4,PSMA1,PSMA2,PSMC1,UBE2V1,UBA52"
"GOTERM_BP_DIRECT","proteasome-mediated ubiquitin-dependent protein catabolic process","34","247","330","16251","5.15e-18","1.69e-15","6.78","6.76e-15","1.61e-15","6.95e-19","GO:0043161~proteasome-mediated ubiquitin-dependent protein catabolic process","PSMD12,PSMD11,PSMD14,UBE2D1,PSMD8,PSMB6,PSMB7,PSMD6,PSMB4,PSMD7,PSMB5,PSMD4,KAT5,PSMB3,PSMD3,PSMB1,PSMD1,UFD1,PRAME,ELOC,UBE2B,RAD23A,UBE2A,PSMB8,PSMB9,DDB1,PSMC5,PSMA3,PSMA4,PSMA1,PSMA2,PSMC1,UBE2U,ANAPC2"
"REACTOME_PATHWAY","Class I MHC mediated antigen processing & presentation","39","210","369","10908","7.23e-18","6.04e-17","5.49","7.23e-15","3.95e-17","1.20e-18","R-HSA-983169~Class I MHC mediated antigen processing & presentation","PSMD12,PSMD11,UBE2D4,PSMD14,NCF1,SAR1B,UBE2D1,UBE2L3,PSMD8,PSMB6,PSMB7,PSMD6,PSMB4,PSMD7,PSMB5,PSMB3,CDC26,PSMD3,UBC,PSMB1,PSMD1,ELOC,RPS27A,UBE2B,UBE2E3,UBE2A,PSMB8,PSMB9,PSMC5,PSMA3,PSMA4,PSMA1,PSMA2,PSMC1,UBE2U,UBE2V2,UBE2V1,UBA52,ANAPC2"
"REACTOME_PATHWAY","C-type lectin receptors (CLRs)","25","210","124","10908","7.24e-18","6.04e-17","10.47","7.24e-15","3.95e-17","5.68e-19","R-HSA-5621481~C-type lectin receptors (CLRs)","PSMD12,PSMD11,PSMD14,UBE2D1,PSMD8,PSMB6,PSMB7,PSMD6,PSMB4,PSMD7,PSMB5,PSMB3,PSMD3,UBC,PSMB1,PSMD1,RPS27A,PSMC5,PSMA3,PSMA4,PSMA1,PSMA2,PSMC1,UBE2V1,UBA52"
"REACTOME_PATHWAY","KEAP1-NFE2L2 pathway","24","210","111","10908","7.31e-18","6.04e-17","11.23","7.31e-15","3.96e-17","5.26e-19","R-HSA-9755511~KEAP1-NFE2L2 pathway","PSMD12,PSMD11,PSMD14,PSMD8,PSMB6,PSMB7,PSMD6,PSMC5,PSMA3,PSMB4,PSMD7,PSMA4,PSMB5,PSMA1,PSMA2,PSMB3,PSMC1,PSMD3,UBC,PSMB1,PSMD1,UFD1,RPS27A,UBA52"
"REACTOME_PATHWAY","Hedgehog 'off' state","23","210","99","10908","7.95e-18","6.52e-17","12.07","7.95e-15","4.27e-17","5.23e-19","R-HSA-5610787~Hedgehog 'off' state","PSMD12,PSMD11,PSMD14,PSMD8,PSMB6,PSMB7,PSMD6,PSMC5,PSMA3,PSMB4,PSMD7,PSMA4,PSMB5,PSMA1,PSMA2,PSMB3,PSMC1,PSMD3,UBC,PSMB1,PSMD1,RPS27A,UBA52"
"REACTOME_PATHWAY","Antigen processing: Ubiquitination & Proteasome degradation","35","210","291","10908","9.74e-18","7.93e-17","6.25","9.74e-15","5.19e-17","1.40e-18","R-HSA-983168~Antigen processing: Ubiquitination & Proteasome degradation","PSMD12,PSMD11,UBE2D4,PSMD14,UBE2D1,UBE2L3,PSMD8,PSMB6,PSMB7,PSMD6,PSMB4,PSMD7,PSMB5,PSMB3,CDC26,PSMD3,UBC,PSMB1,PSMD1,ELOC,RPS27A,UBE2B,UBE2E3,UBE2A,PSMC5,PSMA3,PSMA4,PSMA1,PSMA2,PSMC1,UBE2U,UBE2V2,UBE2V1,UBA52,ANAPC2"
"REACTOME_PATHWAY","Interleukin-1 family signaling","26","210","140","10908","1.09e-17","8.83e-17","9.65","1.09e-14","5.78e-17","9.49e-19","R-HSA-446652~Interleukin-1 family signaling","PSMD12,PSMD11,PSMD14,PSMD8,PSMB6,PSMB7,PSMD6,PSMB4,PSMD7,PSMB5,IL36B,PSMB3,PSMD3,UBC,PSMB1,PSMD1,RPS27A,PSMC5,PSMA3,PSMA4,PSMA1,PSMA2,PSMC1,PTPN6,UBE2V1,UBA52"
"GOTERM_BP_DIRECT","DNA repair","34","247","346","16251","2.14e-17","5.62e-15","6.47","2.81e-14","5.35e-15","3.05e-18","GO:0006281~DNA repair","RTEL1,MCMDC2,MCM9,PSMB6,PSMB7,PSMB4,WRN,PSMB5,KAT5,EXO1,EME2,PSMB3,RUVBL2,RUVBL1,POLD2,PSMB1,POLH,RFC5,GTF2H2C_2,UPF1,RFC3,UBE2B,ACTL6A,REV1,UBE2A,CDK9,DDB1,PSMA3,PSMA4,PSMA1,FANCD2,PSMA2,UBE2U,RAD17"
"REACTOME_PATHWAY","Beta-catenin independent WNT signaling","25","210","132","10908","3.30e-17","2.64e-16","9.84","3.30e-14","1.73e-16","2.79e-18","R-HSA-3858494~Beta-catenin independent WNT signaling","PSMD12,PSMD11,PSMD14,CLTC,CLTB,PSMD8,PSMB6,PSMB7,PSMD6,PSMB4,PSMD7,PSMB5,PSMB3,PSMD3,UBC,PSMB1,PSMD1,RPS27A,PSMC5,PSMA3,PSMA4,PSMA1,PSMA2,PSMC1,UBA52"
"REACTOME_PATHWAY","HIV Infection","30","210","217","10908","8.07e-17","6.41e-16","7.18","1.11e-13","4.20e-16","9.93e-18","R-HSA-162906~HIV Infection","PSMD12,SEH1L,PSMD11,PSMD14,PSMD8,PSMB6,PSMB7,PSMD6,PSMB4,PSMD7,XPO1,PSMB5,PSMB3,PSMD3,UBC,PSMB1,PSMD1,NUP43,ELOC,RPS27A,NUP214,CDK9,PSMC5,PSMA3,PSMA4,PSMA1,PSMA2,PSMC1,UBA52,RAN"
"REACTOME_PATHWAY","Metabolism of proteins","91","210","2027","10908","1.08e-16","8.53e-16","2.33","1.11e-13","5.58e-16","4.52e-17","R-HSA-392499~Metabolism of proteins","TOP2B,SRP54,UBE2D1,UBE2L3,EEF1B2,PSMD8,PSMD6,PSMD7,PSMD4,RPS19,PSMD5,SUMO3,RUVBL1,PSMD3,LONP1,UFD1,PSMD1,RPL38,ELOC,NUP214,MRPS27,TRAPPC2L,VBP1,COMMD10,UBE2E3,ACTL6A,COMMD3,RAD23A,ARFGAP3,DYNLL1,DARS1,DDOST,DDB1,RRAGA,PSMA3,DYNC1LI2,PSMA4,PSMA1,PSMA2,LARS1,TCP1,UBE2V2,EEF1E1,UBA52,NAPA,COPB2,AARS1,COPA,PSMD12,SEH1L,HDAC3,PSMD11,DCTN2,PSMD14,KARS1,SAR1B,COPB1,GPS1,RPL11,COPS7A,PSMB6,PSMB7,PSMB4,WRN,SCFD1,PSMB5,PSMB3,UBC,PSMB1,NUP43,RPS27A,EIF4E,EIF2B3,UBE2B,UBE2A,SRP68,PSMB8,PSMB9,ARCN1,AIMP1,COPS3,PSMC5,COPS6,EIF5,EPRS1,PSMC1,EIF3G,CCDC22,COPG1,COPS8,EIF4G1"
"REACTOME_PATHWAY","Disorders of transmembrane transporters","26","210","163","10908","4.63e-16","3.62e-15","8.29","4.44e-13","2.37e-15","4.82e-17","R-HSA-5619115~Disorders of transmembrane transporters","PSMD12,SEH1L,PSMD11,PSMD14,PSMD8,PSMB6,PSMB7,PSMD6,PSMB4,PSMD7,PSMB5,PSMB3,PSMD3,UBC,PSMB1,PSMD1,NUP43,RPS27A,NUP214,PSMC5,PSMA3,PSMA4,PSMA1,PSMA2,PSMC1,UBA52"
"REACTOME_PATHWAY","Cellular responses to stress","51","210","745","10908","1.98e-15","1.54e-14","3.56","2.00e-12","1.01e-14","5.22e-16","R-HSA-2262752~Cellular responses to stress","YWHAE,NCF1,UBE2D1,PSMD8,PSMD6,PSMD7,XPO1,KAT5,RPS19,CDC26,KHSRP,PSMD3,LONP1,UFD1,PSMD1,RPL38,ELOC,NUP214,ATP6V1G1,ARFGAP3,DYNLL1,RRAGA,PSMA3,DYNC1LI2,PSMA4,PSMA1,PSMA2,ATP6V1B2,UBA52,ANAPC2,PSMD12,SEH1L,HDAC3,PSMD11,DCTN2,PSMD14,RPL11,PSMB6,PSMB7,PSMB4,PSMB5,PSMB3,UBC,PSMB1,NUP43,ATP6V0E2,RPS27A,MTOR,PSMC5,PSMC1,LAMTOR2"
"REACTOME_PATHWAY","Antigen processing: Ub, ATP-independent proteasomal degradation","12","210","19","10908","6.52e-15","5.02e-14","32.81","6.55e-12","3.29e-14","8.39e-17","R-HSA-9912633~Antigen processing: Ub, ATP-independent proteasomal degradation","PSMB6,PSMB7,PSMA3,PSMB4,PSMA4,PSMB5,PSMA1,PSMA2,PSMB3,PSMB1,PSMB8,PSMB9"
"REACTOME_PATHWAY","TCF dependent signaling in response to WNT","27","210","200","10908","7.84e-15","5.99e-14","7.01","7.88e-12","3.92e-14","9.90e-16","R-HSA-201681~TCF dependent signaling in response to WNT","PSMD12,PSMD11,PSMD14,PSMD8,PSMB6,PSMB7,PSMD6,PSMB4,PSMD7,XPO1,PSMB5,PPP2R1B,KAT5,PSMB3,PSMD3,UBC,RUVBL1,PSMB1,PSMD1,RPS27A,PSMC5,PSMA3,PSMA4,PSMA1,PSMA2,PSMC1,UBA52"
"REACTOME_PATHWAY","Apoptosis","25","210","166","10908","8.01e-15","6.03e-14","7.82","7.99e-12","3.94e-14","9.17e-16","R-HSA-109581~Apoptosis","YWHAE,PSMD12,PSMD11,PSMD14,PSMD8,PSMB6,PSMB7,PSMD6,PSMB4,PSMD7,PSMB5,PSMB3,PSMD3,UBC,PSMB1,PSMD1,RPS27A,DYNLL1,PSMC5,PSMA3,PSMA4,PSMA1,PSMA2,PSMC1,UBA52"
"REACTOME_PATHWAY","Ub-specific processing proteases","25","210","166","10908","8.01e-15","6.03e-14","7.82","7.99e-12","3.94e-14","9.17e-16","R-HSA-5689880~Ub-specific processing proteases","PSMD12,PSMD11,PSMD14,PSMD8,PSMB6,PSMB7,PSMD6,PSMB4,PSMD7,PSMB5,PSMB3,PSMD3,UBC,RUVBL1,PSMB1,PSMD1,UFD1,RPS27A,PSMC5,PSMA3,PSMA4,PSMA1,PSMA2,PSMC1,UBA52"
"REACTOME_PATHWAY","Signaling by Hedgehog","23","210","135","10908","8.73e-15","6.52e-14","8.85","8.77e-12","4.27e-14","8.78e-16","R-HSA-5358351~Signaling by Hedgehog","PSMD12,PSMD11,PSMD14,PSMD8,PSMB6,PSMB7,PSMD6,PSMC5,PSMA3,PSMB4,PSMD7,PSMA4,PSMB5,PSMA1,PSMA2,PSMB3,PSMC1,PSMD3,UBC,PSMB1,PSMD1,RPS27A,UBA52"
"REACTOME_PATHWAY","PIP3 activates AKT signaling","30","210","264","10908","1.77e-14","1.31e-13","5.90","1.77e-11","8.57e-14","2.69e-15","R-HSA-1257604~PIP3 activates AKT signaling","PSMD12,HDAC3,PSMD11,PSMD14,PSMD8,PSMB6,PSMB7,PSMD6,PSMB4,PSMD7,PSMB5,PPP2R1B,PSMB3,PSMD3,UBC,PSMB1,PSMD1,RPS27A,PDGFRB,GAB1,MTOR,PSMC5,RRAGA,PSMA3,PSMA4,PSMA1,PSMA2,PSMC1,LAMTOR2,UBA52"
"REACTOME_PATHWAY","Cellular response to chemical stress","26","210","189","10908","1.78e-14","1.31e-13","7.15","1.78e-11","8.57e-14","2.18e-15","R-HSA-9711123~Cellular response to chemical stress","PSMD12,HDAC3,PSMD11,PSMD14,NCF1,PSMD8,PSMB6,PSMB7,PSMD6,PSMB4,PSMD7,PSMB5,PSMB3,PSMD3,UBC,PSMB1,PSMD1,UFD1,RPS27A,PSMC5,PSMA3,PSMA4,PSMA1,PSMA2,PSMC1,UBA52"
"REACTOME_PATHWAY","Viral Infection Pathways","58","210","1004","10908","2.18e-14","1.60e-13","3.00","2.19e-11","1.04e-13","6.88e-15","R-HSA-9824446~Viral Infection Pathways","YWHAE,EIF4A3,CLTC,PSMD8,PPP1CB,PSMD6,PSMD7,XPO1,RPS19,SNRPD1,PSMD3,UFD1,PSMD1,RPL38,ELOC,SNRPD3,NUP214,DYNLL1,CRNKL1,DDOST,PSMA3,DYNC1LI2,PSMA4,PSMA1,XRN1,PSMA2,UBE2V1,GEMIN8,UBA52,PSMD12,SEH1L,HDAC3,SF3B3,PSMD11,PSMD14,SAR1B,RPL11,PRPF8,PSMB6,PSMB7,PSMB4,PSMB5,PSMB3,UBC,PSMB1,G3BP2,NUP43,RPS27A,EIF4E,HNRNPA3,ALYREF,MTOR,CDK9,PSMC5,PSMC1,PTPN6,RAN,EIF4G1"
"REACTOME_PATHWAY","Cellular responses to stimuli","53","210","852","10908","2.34e-14","1.69e-13","3.23","2.33e-11","1.11e-13","6.83e-15","R-HSA-8953897~Cellular responses to stimuli","YWHAE,NCF1,UBE2D1,PSMD8,PSMD6,PSMD7,XPO1,PPP2R1B,KAT5,RPS19,CDC26,KHSRP,PSMD3,LONP1,UFD1,PSMD1,RPL38,ELOC,NUP214,ATP6V1G1,PDE4D,ARFGAP3,DYNLL1,RRAGA,PSMA3,DYNC1LI2,PSMA4,PSMA1,PSMA2,ATP6V1B2,UBA52,ANAPC2,PSMD12,SEH1L,HDAC3,PSMD11,DCTN2,PSMD14,RPL11,PSMB6,PSMB7,PSMB4,PSMB5,PSMB3,UBC,PSMB1,NUP43,ATP6V0E2,RPS27A,MTOR,PSMC5,PSMC1,LAMTOR2"
"REACTOME_PATHWAY","Regulation of Expression and Function of Type I Classical Cadherins","25","210","180","10908","5.13e-14","3.67e-13","7.21","5.13e-11","2.40e-13","6.26e-15","R-HSA-9764274~Regulation of Expression and Function of Type I Classical Cadherins","PSMD12,PSMD11,PSMD14,PSMD8,PSMB6,PSMB7,PSMD6,PSMB4,PSMD7,PSMB5,PSMB3,PSMD3,UBC,PSMB1,CTNNA1,PSMD1,RPS27A,DDOST,PSMC5,PSMA3,PSMA4,PSMA1,PSMA2,PSMC1,UBA52"
"REACTOME_PATHWAY","Regulation of CDH1 Expression and Function","25","210","180","10908","5.13e-14","3.67e-13","7.21","5.13e-11","2.40e-13","6.26e-15","R-HSA-9764265~Regulation of CDH1 Expression and Function","PSMD12,PSMD11,PSMD14,PSMD8,PSMB6,PSMB7,PSMD6,PSMB4,PSMD7,PSMB5,PSMB3,PSMD3,UBC,PSMB1,CTNNA1,PSMD1,RPS27A,DDOST,PSMC5,PSMA3,PSMA4,PSMA1,PSMA2,PSMC1,UBA52"
"REACTOME_PATHWAY","Programmed Cell Death","26","210","199","10908","5.96e-14","4.23e-13","6.79","5.96e-11","2.77e-13","7.80e-15","R-HSA-5357801~Programmed Cell Death","YWHAE,PSMD12,PSMD11,PSMD14,UBE2L3,PSMD8,PSMB6,PSMB7,PSMD6,PSMB4,PSMD7,PSMB5,PSMB3,PSMD3,UBC,PSMB1,PSMD1,RPS27A,DYNLL1,PSMC5,PSMA3,PSMA4,PSMA1,PSMA2,PSMC1,UBA52"
"REACTOME_PATHWAY","Deubiquitination","28","210","241","10908","9.41e-14","6.63e-13","6.03","9.40e-11","4.34e-13","1.41e-14","R-HSA-5688426~Deubiquitination","PSMD12,PSMD11,PSMD14,UBE2D1,PSMD8,PSMB6,PSMB7,PSMD6,PSMB4,PSMD7,PSMB5,PSMB3,PSMD3,UBC,RUVBL1,PSMB1,PSMD1,UFD1,RPS27A,ACTL6A,RAD23A,PSMC5,PSMA3,PSMA4,PSMA1,PSMA2,PSMC1,UBA52"
"GOTERM_BP_DIRECT","response to oxidative stress","22","247","172","16251","1.64e-13","3.58e-11","8.42","2.15e-10","3.41e-11","1.72e-14","GO:0006979~response to oxidative stress","PSMD12,PSMD11,PSMD14,PSMD8,PSMB6,PSMB7,PSMD6,PSMC5,PSMA3,PSMB4,WRN,PSMD7,PSMA4,PSMB5,PSMD4,PSMA1,PSMA2,PSMB3,PSMC1,PSMD3,PSMB1,PSMD1"
"REACTOME_PATHWAY","Regulation of PD-L1(CD274) expression","24","210","173","10908","1.90e-13","1.33e-12","7.21","1.90e-10","8.68e-13","2.31e-14","R-HSA-9909648~Regulation of PD-L1(CD274) expression","PSMD12,PSMD11,PSMD14,DDOST,PSMD8,PSMB6,PSMB7,PSMD6,PSMC5,PSMA3,PSMB4,PSMD7,PSMA4,PSMB5,PSMA1,PSMA2,PSMB3,PSMC1,PSMD3,UBC,PSMB1,PSMD1,RPS27A,UBA52"
"REACTOME_PATHWAY","Co-inhibition by PD-1","25","210","191","10908","1.95e-13","1.36e-12","6.80","1.95e-10","8.88e-13","2.55e-14","R-HSA-389948~Co-inhibition by PD-1","PSMD12,PSMD11,PSMD14,PSMD8,PSMB6,PSMB7,PSMD6,PSMB4,PSMD7,PSMB5,PSMB3,PSMD3,UBC,PSMB1,PSMD1,RPS27A,DDOST,PSMC5,PSMA3,PSMA4,PSMA1,PSMA2,PSMC1,PTPN6,UBA52"
"REACTOME_PATHWAY","DNA Repair","31","210","312","10908","2.13e-13","1.46e-12","5.16","2.13e-10","9.57e-13","3.79e-14","R-HSA-73894~DNA Repair","RTEL1,GPS1,COPS7A,WRN,KAT5,EXO1,EME2,SUMO3,UBC,RUVBL1,POLD2,UFD1,RPS27A,NHEJ1,POLH,RFC5,RFC3,TIPIN,UBE2B,ACTL6A,REV1,RAD23A,FANCE,DDB1,COPS3,COPS6,FANCD2,UBE2V2,RAD17,COPS8,UBA52"
"REACTOME_PATHWAY","Gastrulation","20","210","110","10908","2.13e-13","1.46e-12","9.44","2.13e-10","9.57e-13","1.90e-14","R-HSA-9758941~Gastrulation","PSMD12,PSMD11,PSMD14,PSMD8,PSMB6,PSMB7,PSMD6,PSMC5,PSMA3,PSMB4,PSMD7,PSMA4,PSMB5,PSMA1,PSMA2,PSMB3,PSMC1,PSMD3,PSMB1,PSMD1"
"REACTOME_PATHWAY","Regulation of Homotypic Cell-Cell Adhesion","25","210","196","10908","3.48e-13","2.37e-12","6.63","3.48e-10","1.55e-12","4.66e-14","R-HSA-9759476~Regulation of Homotypic Cell-Cell Adhesion","PSMD12,PSMD11,PSMD14,PSMD8,PSMB6,PSMB7,PSMD6,PSMB4,PSMD7,PSMB5,PSMB3,PSMD3,UBC,PSMB1,CTNNA1,PSMD1,RPS27A,DDOST,PSMC5,PSMA3,PSMA4,PSMA1,PSMA2,PSMC1,UBA52"
"REACTOME_PATHWAY","Post-translational protein modification","68","210","1431","10908","6.62e-13","4.48e-12","2.47","6.62e-10","2.93e-12","2.59e-13","R-HSA-597592~Post-translational protein modification","TOP2B,UBE2D1,UBE2L3,PSMD8,PSMD6,PSMD7,PSMD4,PSMD5,SUMO3,RUVBL1,PSMD3,UFD1,PSMD1,ELOC,NUP214,TRAPPC2L,COMMD10,UBE2E3,ACTL6A,COMMD3,RAD23A,ARFGAP3,DYNLL1,DDOST,DDB1,RRAGA,PSMA3,DYNC1LI2,PSMA4,PSMA1,PSMA2,UBE2V2,UBA52,NAPA,COPB2,COPA,PSMD12,SEH1L,PSMD11,DCTN2,PSMD14,SAR1B,COPB1,GPS1,COPS7A,PSMB6,PSMB7,PSMB4,WRN,SCFD1,PSMB5,PSMB3,UBC,PSMB1,NUP43,RPS27A,UBE2B,UBE2A,PSMB8,PSMB9,ARCN1,COPS3,PSMC5,COPS6,PSMC1,CCDC22,COPG1,COPS8"
"REACTOME_PATHWAY","Regulation of T cell activation by CD28 family","27","210","242","10908","7.54e-13","5.06e-12","5.80","7.54e-10","3.31e-12","1.18e-13","R-HSA-388841~Regulation of T cell activation by CD28 family","PSMD12,PSMD11,PSMD14,PSMD8,PSMB6,PSMB7,PSMD6,PSMB4,PSMD7,PSMB5,PPP2R1B,PSMB3,PSMD3,UBC,PSMB1,PSMD1,RPS27A,MTOR,DDOST,PSMC5,PSMA3,PSMA4,PSMA1,PSMA2,PSMC1,PTPN6,UBA52"
"REACTOME_PATHWAY","Intracellular signaling by second messengers","30","210","306","10908","8.08e-13","5.39e-12","5.09","8.08e-10","3.53e-12","1.45e-13","R-HSA-9006925~Intracellular signaling by second messengers","PSMD12,HDAC3,PSMD11,PSMD14,PSMD8,PSMB6,PSMB7,PSMD6,PSMB4,PSMD7,PSMB5,PPP2R1B,PSMB3,PSMD3,UBC,PSMB1,PSMD1,RPS27A,PDGFRB,GAB1,MTOR,PSMC5,RRAGA,PSMA3,PSMA4,PSMA1,PSMA2,PSMC1,LAMTOR2,UBA52"
"REACTOME_PATHWAY","RAF/MAP kinase cascade","28","210","267","10908","1.14e-12","7.55e-12","5.45","1.14e-9","4.94e-12","1.90e-13","R-HSA-5673001~RAF/MAP kinase cascade","PSMD12,PSMD11,PSMD14,PSMD8,PPP1CB,PSMB6,PSMB7,PSMD6,PSMB4,PSMD7,PSMB5,PPP2R1B,PSMB3,PSMD3,UBC,PSMB1,PSMD1,RPS27A,PDGFRB,PSMC5,PSMA3,PSMA4,RASA3,PSMA1,PSMA2,PSMC1,LAMTOR2,UBA52"
"REACTOME_PATHWAY","MAPK family signaling cascades","30","210","311","10908","1.22e-12","8.03e-12","5.01","1.22e-9","5.25e-12","2.23e-13","R-HSA-5683057~MAPK family signaling cascades","PSMD12,PSMD11,PSMD14,HSPB1,PSMD8,PPP1CB,PSMB6,PSMB7,PSMD6,PSMB4,PSMD7,XPO1,PSMB5,PPP2R1B,PSMB3,PSMD3,UBC,PSMB1,PSMD1,RPS27A,PDGFRB,PSMC5,PSMA3,PSMA4,RASA3,PSMA1,PSMA2,PSMC1,LAMTOR2,UBA52"
"REACTOME_PATHWAY","MAPK1/MAPK3 signaling","28","210","273","10908","1.94e-12","1.27e-11","5.33","1.94e-9","8.32e-12","3.33e-13","R-HSA-5684996~MAPK1/MAPK3 signaling","PSMD12,PSMD11,PSMD14,PSMD8,PPP1CB,PSMB6,PSMB7,PSMD6,PSMB4,PSMD7,PSMB5,PPP2R1B,PSMB3,PSMD3,UBC,PSMB1,PSMD1,RPS27A,PDGFRB,PSMC5,PSMA3,PSMA4,RASA3,PSMA1,PSMA2,PSMC1,LAMTOR2,UBA52"
"REACTOME_PATHWAY","Global Genome Nucleotide Excision Repair (GG-NER)","17","210","82","10908","2.54e-12","1.65e-11","10.77","2.54e-9","1.08e-11","1.93e-13","R-HSA-5696399~Global Genome Nucleotide Excision Repair (GG-NER)","RFC5,RFC3,GPS1,ACTL6A,COPS7A,RAD23A,DDB1,COPS3,COPS6,SUMO3,POLD2,UBC,RUVBL1,UBE2V2,COPS8,RPS27A,UBA52"
"REACTOME_PATHWAY","Signaling by WNT","29","210","298","10908","2.57e-12","1.66e-11","5.05","2.57e-9","1.08e-11","4.65e-13","R-HSA-195721~Signaling by WNT","PSMD12,PSMD11,PSMD14,CLTC,CLTB,PSMD8,PSMB6,PSMB7,PSMD6,PSMB4,PSMD7,XPO1,PSMB5,PPP2R1B,KAT5,PSMB3,PSMD3,UBC,RUVBL1,PSMB1,PSMD1,RPS27A,PSMC5,PSMA3,PSMA4,PSMA1,PSMA2,PSMC1,UBA52"
"REACTOME_PATHWAY","Metabolism of amino acids and derivatives","31","210","345","10908","2.91e-12","1.87e-11","4.67","2.91e-9","1.22e-11","5.77e-13","R-HSA-71291~Metabolism of amino acids and derivatives","PSMD12,PSMD11,PSMD14,KARS1,RPL11,PSMD8,PSMB6,PSMB7,PSMD6,PSMB4,PSMD7,PSMB5,RPS19,PSMB3,PSMD3,PSMB1,PSMD1,RPL38,RPS27A,DARS1,AIMP1,PSMC5,PSMA3,PSMA4,EPRS1,PSMA1,PSMA2,LARS1,PSMC1,EEF1E1,UBA52"
"GOTERM_BP_DIRECT","proteasomal ubiquitin-independent protein catabolic process","10","247","19","16251","2.92e-12","5.46e-10","34.63","3.83e-9","5.21e-10","4.49e-14","GO:0010499~proteasomal ubiquitin-independent protein catabolic process","PSMB6,PSMB7,PSMA3,PSMB4,PSMA4,PSMB5,PSMA1,PSMA2,PSMB3,PSMB1"
"REACTOME_PATHWAY","Transcriptional regulation by RUNX1","24","210","200","10908","4.21e-12","2.68e-11","6.23","4.21e-9","1.76e-11","6.05e-13","R-HSA-8878171~Transcriptional regulation by RUNX1","PSMD12,PSMD11,PSMD14,ACTL6A,PSMD8,PSMB6,PSMB7,PSMD6,PSMC5,PSMA3,PSMB4,PSMD7,PSMA4,PSMB5,PSMA1,PSMA2,PSMB3,PSMC1,PSMD3,UBC,PSMB1,PSMD1,RPS27A,UBA52"
"REACTOME_PATHWAY","Adherens junctions interactions","26","210","240","10908","4.30e-12","2.73e-11","5.63","4.30e-9","1.78e-11","6.92e-13","R-HSA-418990~Adherens junctions interactions","PSMD12,PSMD11,PSMD14,PVR,PSMD8,PSMB6,PSMB7,PSMD6,PSMB4,PSMD7,PSMB5,PSMB3,PSMD3,UBC,PSMB1,CTNNA1,PSMD1,RPS27A,DDOST,PSMC5,PSMA3,PSMA4,PSMA1,PSMA2,PSMC1,UBA52"
"REACTOME_PATHWAY","Signaling by NOTCH","24","210","205","10908","7.07e-12","4.45e-11","6.08","7.07e-9","2.91e-11","1.05e-12","R-HSA-157118~Signaling by NOTCH","PSMD12,HDAC3,PSMD11,PSMD14,PSMD8,PSMB6,PSMB7,PSMD6,PSMC5,PSMA3,PSMB4,PSMD7,PSMA4,PSMB5,PSMA1,PSMA2,PSMB3,PSMC1,PSMD3,UBC,PSMB1,PSMD1,RPS27A,UBA52"
"REACTOME_PATHWAY","Infectious disease","60","210","1223","10908","7.83e-12","4.90e-11","2.55","7.83e-9","3.21e-11","2.96e-12","R-HSA-5663205~Infectious disease","YWHAE,EIF4A3,CLTC,PSMD8,PPP1CB,PSMD6,PSMD7,XPO1,RPS19,SNRPD1,PSMD3,UFD1,PSMD1,RPL38,ELOC,SNRPD3,NUP214,ACTR2,DYNLL1,CRNKL1,DDOST,PSMA3,DYNC1LI2,PSMA4,PSMA1,XRN1,PSMA2,UBE2V1,GEMIN8,UBA52,PSMD12,SEH1L,HDAC3,SF3B3,PSMD11,PSMD14,SAR1B,RPL11,PRPF8,PSMB6,PSMB7,PSMB4,PSMB5,PSMB3,UBC,PSMB1,G3BP2,NUP43,RPS27A,EIF4E,HNRNPA3,ALYREF,MTOR,CDK9,PSMC5,ARPC2,PSMC1,PTPN6,RAN,EIF4G1"
"REACTOME_PATHWAY","Adaptive Immune System","49","210","874","10908","1.40e-11","8.72e-11","2.91","1.40e-8","5.70e-11","4.60e-12","R-HSA-1280218~Adaptive Immune System","UBE2D4,NCF1,CLTC,UBE2D1,PVR,UBE2L3,PSMD8,PSMD6,PSMD7,PPP2R1B,CDC26,PSMD3,PSMD1,ELOC,UBE2E3,DYNLL1,DDOST,PSMA3,DYNC1LI2,PSMA4,PSMA1,PSMA2,UBE2V2,UBE2V1,UBA52,ANAPC2,PSMD12,PSMD11,DCTN2,PSMD14,SAR1B,PSMB6,PSMB7,PSMB4,PSMB5,PSMB3,UBC,PSMB1,RPS27A,UBE2B,UBE2A,MTOR,PSMB8,PSMB9,PSMC5,PSMC1,UBE2U,PTPN6,KLRD1"
"GOTERM_BP_DIRECT","CD8-positive, alpha-beta T cell homeostasis","9","247","15","16251","1.45e-11","2.37e-9","39.48","1.89e-8","2.25e-9","1.73e-13","GO:0160165~CD8-positive, alpha-beta T cell homeostasis","PSMA3,PSMB4,PSMA4,PSMA1,PSMA2,PSMB3,PSMB1,PSMB8,PSMB9"
"REACTOME_PATHWAY","Axon guidance","36","210","514","10908","4.26e-11","2.64e-10","3.64","4.26e-8","1.72e-10","1.10e-11","R-HSA-422475~Axon guidance","GRB7,PSMD12,PSMD11,PSMD14,EIF4A3,RPL11,CLTC,CLTB,PSMD8,PSMB6,PSMB7,PSMD6,PSMB4,PSMD7,PSMB5,RPS19,PSMB3,PSMD3,UBC,PSMB1,SLIT1,PSMD1,RPL38,ELOC,RPS27A,ACTR2,GAB1,PSMC5,PSMA3,PSMA4,PSMA1,ARPC2,PSMA2,PSMC1,UBA52,EIF4G1"
"REACTOME_PATHWAY","DNA Damage Recognition in GG-NER","12","210","37","10908","5.43e-11","3.33e-10","16.85","5.43e-8","2.18e-10","2.30e-12","R-HSA-5696394~DNA Damage Recognition in GG-NER","DDB1,COPS3,COPS6,GPS1,UBC,ACTL6A,RUVBL1,COPS7A,RAD23A,COPS8,RPS27A,UBA52"
"REACTOME_PATHWAY","Cell-cell junction organization","26","210","270","10908","5.77e-11","3.52e-10","5.00","5.77e-8","2.30e-10","1.06e-11","R-HSA-421270~Cell-cell junction organization","PSMD12,PSMD11,PSMD14,PVR,PSMD8,PSMB6,PSMB7,PSMD6,PSMB4,PSMD7,PSMB5,PSMB3,PSMD3,UBC,PSMB1,CTNNA1,PSMD1,RPS27A,DDOST,PSMC5,PSMA3,PSMA4,PSMA1,PSMA2,PSMC1,UBA52"
"REACTOME_PATHWAY","Cell junction organization","27","210","296","10908","7.52e-11","4.56e-10","4.74","7.52e-8","2.99e-10","1.46e-11","R-HSA-446728~Cell junction organization","PSMD12,PSMD11,PSMD14,PVR,PSMD8,PSMB6,PSMB7,PSMD6,PSMB4,PSMD7,PSMB5,PSMB3,PSMD3,UBC,PSMB1,CTNNA1,PSMD1,RPS27A,PARVA,DDOST,PSMC5,PSMA3,PSMA4,PSMA1,PSMA2,PSMC1,UBA52"
"REACTOME_PATHWAY","Nucleotide Excision Repair","17","210","106","10908","1.50e-10","9.05e-10","8.33","1.50e-7","5.92e-10","1.55e-11","R-HSA-5696398~Nucleotide Excision Repair","RFC5,RFC3,GPS1,ACTL6A,COPS7A,RAD23A,DDB1,COPS3,COPS6,SUMO3,POLD2,UBC,RUVBL1,UBE2V2,COPS8,RPS27A,UBA52"
"REACTOME_PATHWAY","Nervous system development","36","210","539","10908","1.58e-10","9.49e-10","3.47","1.58e-7","6.21e-10","4.31e-11","R-HSA-9675108~Nervous system development","GRB7,PSMD12,PSMD11,PSMD14,EIF4A3,RPL11,CLTC,CLTB,PSMD8,PSMB6,PSMB7,PSMD6,PSMB4,PSMD7,PSMB5,RPS19,PSMB3,PSMD3,UBC,PSMB1,SLIT1,PSMD1,RPL38,ELOC,RPS27A,ACTR2,GAB1,PSMC5,PSMA3,PSMA4,PSMA1,ARPC2,PSMA2,PSMC1,UBA52,EIF4G1"
"GOTERM_BP_DIRECT","negative regulation of regulatory T cell differentiation","9","247","19","16251","1.61e-10","2.11e-8","31.17","2.11e-7","2.01e-8","3.03e-12","GO:0045590~negative regulation of regulatory T cell differentiation","PSMA3,PSMB4,PSMA4,PSMA1,PSMA2,PSMB3,PSMB1,PSMB8,PSMB9"
"GOTERM_BP_DIRECT","T-helper 17 cell differentiation","9","247","19","16251","1.61e-10","2.11e-8","31.17","2.11e-7","2.01e-8","3.03e-12","GO:0072539~T-helper 17 cell differentiation","PSMA3,PSMB4,PSMA4,PSMA1,PSMA2,PSMB3,PSMB1,PSMB8,PSMB9"
"REACTOME_PATHWAY","Cell-Cell communication","28","210","331","10908","1.71e-10","1.02e-9","4.39","1.71e-7","6.66e-10","3.61e-11","R-HSA-1500931~Cell-Cell communication","PSMD12,PSMD11,PSMD14,PVR,PSMD8,PSMB6,PSMB7,PSMD6,PSMB4,PSMD7,PSMB5,PSMB3,PSMD3,UBC,PSMB1,CTNNA1,PSMD1,RPS27A,PARVA,DDOST,PSMC5,PSMA3,PSMA4,PSMA1,PSMA2,PSMC1,PTPN6,UBA52"
"REACTOME_PATHWAY","Mitotic Spindle Checkpoint","17","210","109","10908","2.31e-10","1.37e-9","8.10","2.31e-7","8.94e-10","2.46e-11","R-HSA-69618~Mitotic Spindle Checkpoint","SEH1L,ZWILCH,MIS12,UBE2D1,DYNLL1,CKAP5,CENPA,DYNC1LI2,XPO1,PPP2R1B,CDC26,NUF2,NUP43,BUB3,MAD2L1,PAFAH1B1,ANAPC2"
"REACTOME_PATHWAY","Mitotic Prometaphase","21","210","196","10908","9.83e-10","5.79e-9","5.57","9.83e-7","3.79e-9","1.60e-10","R-HSA-68877~Mitotic Prometaphase","YWHAE,SEH1L,DCTN2,ZWILCH,NEK7,MIS12,HAUS3,NCAPG,DYNLL1,CKAP5,CENPA,SMC2,DYNC1LI2,XPO1,PPP2R1B,NME7,NUF2,NUP43,BUB3,MAD2L1,PAFAH1B1"
"GOTERM_BP_DIRECT","thymic T cell selection","8","247","16","16251","1.70e-9","1.86e-7","32.90","2.23e-6","1.77e-7","2.95e-11","GO:0045061~thymic T cell selection","PSMA3,PSMB4,PSMA4,PSMA1,PSMA2,PSMB3,PSMB1,PSMB9"
"GOTERM_BP_DIRECT","CD8-positive, alpha-beta T cell differentiation","8","247","16","16251","1.70e-9","1.86e-7","32.90","2.23e-6","1.77e-7","2.95e-11","GO:0043374~CD8-positive, alpha-beta T cell differentiation","PSMA3,PSMB4,PSMA4,PSMA1,PSMA2,PSMB3,PSMB1,PSMB9"
"REACTOME_PATHWAY","Diseases of signal transduction by growth factor receptors and second messengers","31","210","453","10908","2.40e-9","1.40e-8","3.55","2.40e-6","9.18e-9","6.35e-10","R-HSA-5663202~Diseases of signal transduction by growth factor receptors and second messengers","PSMD12,HDAC3,PSMD11,PSMD14,CLTC,PSMD8,PPP1CB,PSMB6,PSMB7,PSMD6,PSMB4,PSMD7,PSMB5,PPP2R1B,PSMB3,PSMD3,UBC,PSMB1,PSMD1,RPS27A,PDGFRB,GAB1,MTOR,PSMC5,PSMA3,PSMA4,PSMA1,PSMA2,PSMC1,PTPN6,UBA52"
"REACTOME_PATHWAY","Disease","75","210","2013","10908","3.45e-9","2.01e-8","1.94","3.45e-6","1.31e-8","1.73e-9","R-HSA-1643685~Disease","YWHAE,EIF4A3,CLTC,UBE2D1,PSMD8,PPP1CB,PSMD6,PSMD7,XPO1,PPP2R1B,KAT5,RPS19,EXO1,SNRPD1,CDC26,PSMD3,UFD1,PSMD1,RPL38,ELOC,SNRPD3,PDGFRB,NUP214,RFC5,ACTR2,RFC3,GAB1,DYNLL1,CRNKL1,DDOST,APRT,PSMA3,DYNC1LI2,PSMA4,PSMA1,XRN1,PSMA2,UBE2V1,GEMIN8,TLR5,UBA52,ANAPC2,PSMD12,SEH1L,HDAC3,SF3B3,PSMD11,PSMD14,SAR1B,PRIM1,RPL11,PRPF8,PSMB6,PSMB7,PSMB4,WRN,PSMB5,PSMB3,UBC,PSMB1,G3BP2,NUP43,RPS27A,EIF4E,HNRNPA3,ALYREF,MTOR,CDK9,PSMC5,ARPC2,PSMC1,RAD17,PTPN6,RAN,EIF4G1"
"REACTOME_PATHWAY","HDR through Homologous Recombination (HRR)","13","210","68","10908","5.07e-9","2.93e-8","9.93","5.07e-6","1.92e-8","4.25e-10","R-HSA-5685942~HDR through Homologous Recombination (HRR)","RFC5,RTEL1,RFC3,WRN,KAT5,EXO1,EME2,POLD2,UBC,RAD17,RPS27A,UBA52,POLH"
"GOTERM_BP_DIRECT","T-helper 1 cell differentiation","9","247","28","16251","5.89e-9","5.93e-7","21.15","7.72e-6","5.65e-7","2.01e-10","GO:0045063~T-helper 1 cell differentiation","PSMA3,PSMB4,PSMA4,PSMA1,PSMA2,PSMB3,PSMB1,PSMB8,PSMB9"
"GOTERM_BP_DIRECT","regulation of G1/S transition of mitotic cell cycle","12","247","69","16251","6.44e-9","6.02e-7","11.44","8.44e-6","5.74e-7","4.77e-10","GO:2000045~regulation of G1/S transition of mitotic cell cycle","PSMB6,PSMB7,PSMA3,PSMB4,PSMA4,PSMB5,PSMA1,PSMA2,PSMB3,ACTL6A,PSMB1,PTPN6"
"REACTOME_PATHWAY","DNA Damage Bypass","11","210","47","10908","1.50e-8","8.63e-8","12.16","1.50e-5","5.65e-8","9.84e-10","R-HSA-73893~DNA Damage Bypass","RFC5,DDB1,RFC3,UBE2B,POLD2,UBC,REV1,UFD1,RPS27A,UBA52,POLH"
"REACTOME_PATHWAY","Amplification  of signal from unattached  kinetochores via a MAD2  inhibitory signal","14","210","93","10908","2.18e-8","1.24e-7","7.82","2.18e-5","8.10e-8","2.42e-9","R-HSA-141444~Amplification  of signal from unattached  kinetochores via a MAD2  inhibitory signal","SEH1L,ZWILCH,MIS12,DYNLL1,CKAP5,CENPA,DYNC1LI2,XPO1,PPP2R1B,NUF2,NUP43,BUB3,MAD2L1,PAFAH1B1"
"REACTOME_PATHWAY","Amplification of signal from the kinetochores","14","210","93","10908","2.18e-8","1.24e-7","7.82","2.18e-5","8.10e-8","2.42e-9","R-HSA-141424~Amplification of signal from the kinetochores","SEH1L,ZWILCH,MIS12,DYNLL1,CKAP5,CENPA,DYNC1LI2,XPO1,PPP2R1B,NUF2,NUP43,BUB3,MAD2L1,PAFAH1B1"
"GOTERM_BP_DIRECT","mRNA export from nucleus","11","247","61","16251","2.41e-8","2.11e-6","11.86","3.16e-5","2.01e-6","1.71e-9","GO:0006406~mRNA export from nucleus","NUP214,NXF1,UPF1,PCID2,DDX19B,NXT1,XPO1,ALYREF,EIF4A3,THOC5,EIF4E"
"REACTOME_PATHWAY","EML4 and NUDC in mitotic spindle formation","15","210","113","10908","3.00e-8","1.70e-7","6.90","3.00e-5","1.11e-7","3.85e-9","R-HSA-9648025~EML4 and NUDC in mitotic spindle formation","SEH1L,ZWILCH,NEK7,MIS12,DYNLL1,CKAP5,CENPA,DYNC1LI2,XPO1,PPP2R1B,NUF2,NUP43,BUB3,MAD2L1,PAFAH1B1"
"GOTERM_BP_DIRECT","meiotic cell cycle","13","247","99","16251","3.20e-8","2.62e-6","8.64","4.19e-5","2.49e-6","3.27e-9","GO:0051321~meiotic cell cycle","MCMDC2,PSMB6,PSMB7,PSMA3,PSMB4,PSMA4,PSMB5,PSMA1,EXO1,PSMA2,PSMB3,PSMB1,BUB3"
"GOTERM_BP_DIRECT","positive regulation of interleukin-2 production","10","247","50","16251","5.26e-8","4.05e-6","13.16","6.90e-5","3.86e-6","3.30e-9","GO:0032743~positive regulation of interleukin-2 production","PSMA3,PSMB4,PSMA4,PSMA1,PSMA2,PSMB3,PDE4D,PSMB1,PSMB8,PSMB9"
"REACTOME_PATHWAY","Cytokine Signaling in Immune system","39","210","771","10908","5.35e-8","3.01e-7","2.63","5.35e-5","1.97e-7","1.95e-8","R-HSA-1280215~Cytokine Signaling in Immune system","PSMD12,SEH1L,PSMD11,PSMD14,EIF4A3,UBE2D1,PSMD8,PSMB6,PSMB7,PSMD6,PSMB4,PSMD7,PSMB5,PPP2R1B,IL36B,PSMB3,PSMD3,UBC,PSMB1,PSMD1,NUP43,ELOC,RPS27A,EIF4E,NUP214,FANCE,THOC5,PSMB8,PSMC5,PSMA3,PSMA4,PSMA1,PSMA2,PSMC1,TCP1,PTPN6,UBE2V1,UBA52,EIF4G1"
"REACTOME_PATHWAY","HDR through Homologous Recombination (HRR) or Single Strand Annealing (SSA)","15","210","121","10908","7.24e-8","4.05e-7","6.44","7.24e-5","2.65e-7","1.00e-8","R-HSA-5693567~HDR through Homologous Recombination (HRR) or Single Strand Annealing (SSA)","RFC5,RTEL1,TIPIN,RFC3,WRN,KAT5,EXO1,EME2,POLD2,UBC,UBE2V2,RAD17,RPS27A,UBA52,POLH"
"GOTERM_BP_DIRECT","cell division","23","247","380","16251","8.02e-8","5.84e-6","3.98","1.05e-4","5.56e-6","1.91e-8","GO:0051301~cell division","TIPIN,SEH1L,IST1,ZWILCH,MIS12,CLTC,HAUS3,NCAPG,CDC6,USP39,CKAP5,SMC2,PPP1CB,CDC26,NUF2,RUVBL1,NUP43,BUB3,NCAPD3,RAN,MAD2L1,PAFAH1B1,ANAPC2"
"REACTOME_PATHWAY","Clathrin-mediated endocytosis","16","210","145","10908","1.11e-7","6.15e-7","5.73","1.11e-4","4.03e-7","1.74e-8","R-HSA-8856828~Clathrin-mediated endocytosis","ACTR2,GPS1,CLTC,CLTB,COPS7A,ARFGAP3,COPS3,COPS6,SNX18,FCHO1,ARPC2,UBC,UBQLN1,COPS8,RPS27A,UBA52"
"REACTOME_PATHWAY","Homology Directed Repair","15","210","127","10908","1.34e-7","7.41e-7","6.13","1.34e-4","4.85e-7","1.96e-8","R-HSA-5693538~Homology Directed Repair","RFC5,RTEL1,TIPIN,RFC3,WRN,KAT5,EXO1,EME2,POLD2,UBC,UBE2V2,RAD17,RPS27A,UBA52,POLH"
"REACTOME_PATHWAY","Processing of Capped Intron-Containing Pre-mRNA","22","210","288","10908","1.45e-7","7.99e-7","3.97","1.45e-4","5.23e-7","3.41e-8","R-HSA-72203~Processing of Capped Intron-Containing Pre-mRNA","NUP214,HNRNPA3,SEH1L,NXT1,SF3B3,ALYREF,EIF4A3,TFIP11,THOC5,USP39,PRPF8,CRNKL1,PPP1CB,NXF1,LSM7,SNRPD1,UBC,NUP43,SNRPD3,RPS27A,UBA52,EIF4E"
"REACTOME_PATHWAY","Transcription-Coupled Nucleotide Excision Repair (TC-NER)","12","210","75","10908","1.64e-7","9.00e-7","8.31","1.64e-4","5.89e-7","1.71e-8","R-HSA-6781827~Transcription-Coupled Nucleotide Excision Repair (TC-NER)","RFC5,DDB1,COPS3,COPS6,RFC3,GPS1,POLD2,UBC,COPS7A,COPS8,RPS27A,UBA52"
"REACTOME_PATHWAY","Signaling by Interleukins","28","210","456","10908","1.66e-7","9.01e-7","3.19","1.66e-4","5.90e-7","4.92e-8","R-HSA-449147~Signaling by Interleukins","PSMD12,PSMD11,PSMD14,PSMD8,PSMB6,PSMB7,PSMD6,PSMB4,PSMD7,PSMB5,PPP2R1B,IL36B,PSMB3,PSMD3,UBC,PSMB1,PSMD1,RPS27A,PSMC5,PSMA3,PSMA4,PSMA1,PSMA2,PSMC1,TCP1,PTPN6,UBE2V1,UBA52"
"REACTOME_PATHWAY","APC-Cdc20 mediated degradation of Nek2A","8","210","25","10908","3.07e-7","1.66e-6","16.62","3.07e-4","1.09e-6","1.35e-8","R-HSA-179409~APC-Cdc20 mediated degradation of Nek2A","CDC26,UBC,UBE2D1,BUB3,RPS27A,UBA52,MAD2L1,ANAPC2"
"REACTOME_PATHWAY","DNA Double-Strand Break Repair","16","210","157","10908","3.16e-7","1.70e-6","5.29","3.16e-4","1.11e-6","5.44e-8","R-HSA-5693532~DNA Double-Strand Break Repair","RFC5,RTEL1,TIPIN,RFC3,WRN,KAT5,EXO1,EME2,POLD2,UBC,UBE2V2,RAD17,RPS27A,UBA52,NHEJ1,POLH"
"REACTOME_PATHWAY","Membrane Trafficking","33","210","627","10908","3.26e-7","1.75e-6","2.73","3.26e-4","1.14e-6","1.14e-7","R-HSA-199991~Membrane Trafficking","NAPA,YWHAE,COPB2,COPA,DCTN2,SAR1B,COPB1,GPS1,CLTC,CLTB,COPS7A,GABARAP,AGPAT3,SCFD1,FCHO1,UBC,UBQLN1,RPS27A,ACTR2,SNAPIN,TRAPPC2L,DYNLL1,ARFGAP3,ARCN1,COPS3,COPS6,DYNC1LI2,SNX18,ARPC2,COPG1,COPS8,UBA52,PAFAH1B1"
"GOTERM_BP_DIRECT","ubiquitin-dependent protein catabolic process","18","247","255","16251","3.58e-7","2.47e-5","4.64","4.69e-4","2.35e-5","7.21e-8","GO:0006511~ubiquitin-dependent protein catabolic process","PSMD11,UBE2D4,PSMD14,UBE2B,UBE2D1,UBE2A,UBE2L3,DDB1,COPS3,PSMA3,PSMA4,PSMA1,PSMA2,PSMD3,UBQLN1,UFD1,ELOC,ANAPC2"
"GOTERM_BP_DIRECT","response to type II interferon","9","247","47","16251","4.65e-7","3.04e-5","12.60","6.09e-4","2.90e-5","3.08e-8","GO:0034341~response to type II interferon","PSMA3,PSMB4,PSMA4,PSMA1,PSMA2,PSMB3,PSMB1,PSMB8,PSMB9"
"REACTOME_PATHWAY","Translesion synthesis by Y family DNA polymerases bypasses lesions on DNA template","9","210","38","10908","4.74e-7","2.52e-6","12.30","4.74e-4","1.65e-6","3.08e-8","R-HSA-110313~Translesion synthesis by Y family DNA polymerases bypasses lesions on DNA template","RFC5,RFC3,POLD2,UBC,REV1,UFD1,RPS27A,UBA52,POLH"
"REACTOME_PATHWAY","Resolution of Sister Chromatid Cohesion","14","210","123","10908","6.22e-7","3.29e-6","5.91","6.22e-4","2.16e-6","9.48e-8","R-HSA-2500257~Resolution of Sister Chromatid Cohesion","SEH1L,ZWILCH,MIS12,DYNLL1,CKAP5,CENPA,DYNC1LI2,XPO1,PPP2R1B,NUF2,NUP43,BUB3,MAD2L1,PAFAH1B1"
"GOTERM_BP_DIRECT","protein catabolic process","13","247","130","16251","6.59e-7","4.11e-5","6.58","8.63e-4","3.91e-5","9.12e-8","GO:0030163~protein catabolic process","PSMB8,PSMB9,PSMB6,PSMB7,PSMA3,PSMB4,PSMA4,PSMB5,PSMA1,PSMA2,PSMB3,PSMB1,LONP1"
"REACTOME_PATHWAY","Translesion Synthesis by POLH","7","210","18","10908","7.06e-7","3.72e-6","20.20","7.05e-4","2.43e-6","2.36e-8","R-HSA-110320~Translesion Synthesis by POLH","RFC5,RFC3,UBC,UFD1,RPS27A,UBA52,POLH"
"REACTOME_PATHWAY","Immune System","71","210","2114","10908","8.09e-7","4.24e-6","1.74","8.08e-4","2.77e-6","4.52e-7","R-HSA-168256~Immune System","UBE2D4,NCF1,EIF4A3,CLTC,UBE2D1,PVR,UBE2L3,PSMD8,PSMD6,PSMD7,PPP2R1B,IL36B,CDC26,PSMD3,PSMD1,ELOC,NUP214,ACTR2,ATP6V1G1,IST1,UBE2E3,COMMD3,DYNLL1,THOC5,DDOST,APRT,PSMA3,DYNC1LI2,PSMA4,PSMA1,PSMA2,TCP1,ATP6V1B2,UBE2V2,UBE2V1,TLR5,UBA52,ANAPC2,PSMD12,SEH1L,PSMD11,DCTN2,PSMD14,SAR1B,COPB1,IQGAP2,PSMB6,PSMB7,PSMB4,PSMB5,PSMB3,UBC,PSMB1,NUP43,ATP6V0E2,RPS27A,EIF4E,UBE2B,UBE2A,FANCE,MTOR,PSMB8,PSMB9,PSMC5,ARPC2,PSMC1,UBE2U,PTPN6,LAMTOR2,KLRD1,EIF4G1"
"REACTOME_PATHWAY","Recognition of DNA damage by PCNA-containing replication complex","8","210","29","10908","9.35e-7","4.88e-6","14.33","9.35e-4","3.19e-6","5.01e-8","R-HSA-110314~Recognition of DNA damage by PCNA-containing replication complex","RFC5,DDB1,RFC3,UBE2B,POLD2,UBC,RPS27A,UBA52"
"GOTERM_BP_DIRECT","DNA damage response","20","247","341","16251","1.13e-6","6.76e-5","3.86","1.49e-3","6.44e-5","2.78e-7","GO:0006974~DNA damage response","TIPIN,UBE2B,PHF1,MCM9,DYNLL1,MTOR,DDB1,PSMB6,PSMB7,PSMA3,PSMB4,WRN,PSMA4,PSMB5,PSMA1,KAT5,PSMA2,PSMB3,PSMB1,RAD17"
"REACTOME_PATHWAY","RHO GTPase Effectors","21","210","299","10908","1.15e-6","5.97e-6","3.65","1.15e-3","3.91e-6","2.96e-7","R-HSA-195258~RHO GTPase Effectors","YWHAE,ACTR2,SEH1L,NCF1,ZWILCH,MIS12,IQGAP2,DYNLL1,CKAP5,CENPA,PPP1CB,DYNC1LI2,XPO1,PPP2R1B,ARPC2,NUF2,CTNNA1,NUP43,BUB3,MAD2L1,PAFAH1B1"
"REACTOME_PATHWAY","Vesicle-mediated transport","33","210","668","10908","1.32e-6","6.80e-6","2.57","1.32e-3","4.45e-6","4.91e-7","R-HSA-5653656~Vesicle-mediated transport","NAPA,YWHAE,COPB2,COPA,DCTN2,SAR1B,COPB1,GPS1,CLTC,CLTB,COPS7A,GABARAP,AGPAT3,SCFD1,FCHO1,UBC,UBQLN1,RPS27A,ACTR2,SNAPIN,TRAPPC2L,DYNLL1,ARFGAP3,ARCN1,COPS3,COPS6,DYNC1LI2,SNX18,ARPC2,COPG1,COPS8,UBA52,PAFAH1B1"
"REACTOME_PATHWAY","Termination of translesion DNA synthesis","8","210","31","10908","1.53e-6","7.83e-6","13.40","1.52e-3","5.12e-6","8.91e-8","R-HSA-5656169~Termination of translesion DNA synthesis","RFC5,RFC3,POLD2,UBC,REV1,RPS27A,UBA52,POLH"
"REACTOME_PATHWAY","Synthesis of active ubiquitin: roles of E1 and E2 enzymes","8","210","32","10908","1.92e-6","9.81e-6","12.99","1.92e-3","6.42e-6","1.17e-7","R-HSA-8866652~Synthesis of active ubiquitin: roles of E1 and E2 enzymes","UBE2B,UBE2E3,UBC,UBE2D1,UBE2A,RPS27A,UBA52,UBE2L3"
"REACTOME_PATHWAY","RHO GTPases Activate Formins","14","210","136","10908","1.97e-6","1.00e-5","5.35","1.97e-3","6.55e-6","3.35e-7","R-HSA-5663220~RHO GTPases Activate Formins","SEH1L,ZWILCH,MIS12,DYNLL1,CKAP5,CENPA,DYNC1LI2,XPO1,PPP2R1B,NUF2,NUP43,BUB3,MAD2L1,PAFAH1B1"
"REACTOME_PATHWAY","Processing of DNA double-strand break ends","11","210","83","10908","3.87e-6","1.96e-5","6.88","3.86e-3","1.28e-5","4.97e-7","R-HSA-5693607~Processing of DNA double-strand break ends","RFC5,TIPIN,WRN,RFC3,KAT5,EXO1,UBC,UBE2V2,RAD17,RPS27A,UBA52"
"REACTOME_PATHWAY","Extension of Telomeres","9","210","50","10908","4.27e-6","2.15e-5","9.35","4.26e-3","1.41e-5","3.87e-7","R-HSA-180786~Extension of Telomeres","RFC5,RTEL1,WRN,RFC3,TEN1,PRIM1,RUVBL2,POLD2,RUVBL1"
"REACTOME_PATHWAY","Cargo recognition for clathrin-mediated endocytosis","12","210","104","10908","4.61e-6","2.31e-5","5.99","4.60e-3","1.51e-5","6.92e-7","R-HSA-8856825~Cargo recognition for clathrin-mediated endocytosis","COPS3,COPS6,FCHO1,GPS1,UBC,CLTC,UBQLN1,CLTB,COPS7A,COPS8,RPS27A,UBA52"
"REACTOME_PATHWAY","Cytosolic tRNA aminoacylation","7","210","24","10908","4.65e-6","2.31e-5","15.15","4.64e-3","1.51e-5","2.32e-7","R-HSA-379716~Cytosolic tRNA aminoacylation","AIMP1,AARS1,EPRS1,KARS1,LARS1,EEF1E1,DARS1"
"REACTOME_PATHWAY","Developmental Biology","52","210","1422","10908","4.88e-6","2.42e-5","1.90","4.87e-3","1.58e-5","2.49e-6","R-HSA-1266738~Developmental Biology","YWHAE,EIF4A3,CLTC,CLTB,PSMD8,PSMD6,PSMD7,XPO1,KAT5,RPS19,PSMD3,PSMD1,RPL38,ELOC,ACTR2,ATP6V1G1,ACTL6A,GAB1,DARS1,PSMA3,PSMA4,PSMA1,PSMA2,LARS1,ATP6V1B2,EEF1E1,UBA52,GRB7,PSMD12,HDAC3,PSMD11,PSMD14,KARS1,RPL11,PSMB6,PSMB7,PSMB4,PSMB5,PSMB3,UBC,PSMB1,SLIT1,CTNNA1,RPS27A,EIF4E,CNOT10,AIMP1,PSMC5,EPRS1,ARPC2,PSMC1,EIF4G1"
"REACTOME_PATHWAY","Formation of TC-NER Pre-Incision Complex","9","210","51","10908","4.98e-6","2.46e-5","9.17","4.97e-3","1.61e-5","4.62e-7","R-HSA-6781823~Formation of TC-NER Pre-Incision Complex","DDB1,COPS3,COPS6,GPS1,UBC,COPS7A,COPS8,RPS27A,UBA52"
"REACTOME_PATHWAY","Innate Immune System","43","210","1078","10908","5.58e-6","2.74e-5","2.07","5.57e-3","1.79e-5","2.60e-6","R-HSA-168249~Innate Immune System","PSMD12,PSMD11,PSMD14,NCF1,COPB1,UBE2D1,IQGAP2,PSMD8,PSMB6,PSMB7,PSMD6,PSMB4,PSMD7,PSMB5,PPP2R1B,PSMB3,PSMD3,UBC,PSMB1,PSMD1,RPS27A,ATP6V0E2,ACTR2,ATP6V1G1,IST1,COMMD3,DYNLL1,DDOST,APRT,PSMC5,PSMA3,PSMA4,PSMA1,ARPC2,PSMA2,PSMC1,ATP6V1B2,PTPN6,LAMTOR2,KLRD1,UBE2V1,TLR5,UBA52"
"REACTOME_PATHWAY","E3 ubiquitin ligases ubiquitinate target proteins","9","210","52","10908","5.80e-6","2.83e-5","8.99","5.78e-3","1.85e-5","5.50e-7","R-HSA-8866654~E3 ubiquitin ligases ubiquitinate target proteins","RRAGA,UBE2B,UBC,UBE2V2,UBE2D1,UBE2A,RPS27A,UBA52,UBE2L3"
"REACTOME_PATHWAY","Translesion synthesis by REV1","6","210","15","10908","6.32e-6","3.07e-5","20.78","6.30e-3","2.01e-5","2.05e-7","R-HSA-110312~Translesion synthesis by REV1","RFC5,RFC3,UBC,REV1,RPS27A,UBA52"
"GOTERM_BP_DIRECT","intracellular protein transport","17","247","283","16251","6.77e-6","3.86e-4","3.95","8.84e-3","3.67e-4","1.61e-6","GO:0006886~intracellular protein transport","IPO13,NAPA,NUP214,COPB2,COPA,SNAPIN,SAR1B,COPB1,CLTC,CLTB,ARFGAP3,ARCN1,SCFD1,XPO1,XPO5,COPG1,SNX6"
"GOTERM_BP_DIRECT","positive regulation of type II interferon production","10","247","89","16251","7.99e-6","4.36e-4","7.39","1.04e-2","4.16e-4","9.74e-7","GO:0032729~positive regulation of type II interferon production","PSMA3,PSMB4,PSMA4,PSMA1,PSMA2,PSMB3,PDE4D,PSMB1,PSMB8,PSMB9"
"REACTOME_PATHWAY","Translesion synthesis by POLI","6","210","16","10908","9.05e-6","4.36e-5","19.48","9.01e-3","2.85e-5","3.23e-7","R-HSA-5656121~Translesion synthesis by POLI","RFC5,RFC3,UBC,REV1,RPS27A,UBA52"
"REACTOME_PATHWAY","Translesion synthesis by POLK","6","210","16","10908","9.05e-6","4.36e-5","19.48","9.01e-3","2.85e-5","3.23e-7","R-HSA-5655862~Translesion synthesis by POLK","RFC5,RFC3,UBC,REV1,RPS27A,UBA52"
"REACTOME_PATHWAY","Protein ubiquitination","10","210","73","10908","9.84e-6","4.71e-5","7.12","9.79e-3","3.08e-5","1.22e-6","R-HSA-8852135~Protein ubiquitination","RRAGA,UBE2B,UBE2E3,UBC,UBE2V2,UBE2D1,UBE2A,RPS27A,UBA52,UBE2L3"
"GOTERM_BP_DIRECT","protein deneddylation","5","247","11","16251","1.56e-5","7.84e-4","29.91","2.02e-2","7.47e-4","3.34e-7","GO:0000338~protein deneddylation","COPS3,COPS6,GPS1,COPS7A,COPS8"
"GOTERM_BP_DIRECT","DNA damage tolerance","5","247","11","16251","1.56e-5","7.84e-4","29.91","2.02e-2","7.47e-4","3.34e-7","GO:0006301~DNA damage tolerance","UBE2B,UBE2V2,UBE2A,UBE2V1,POLH"
"REACTOME_PATHWAY","Generic Transcription Pathway","44","210","1175","10908","2.03e-5","9.66e-5","1.95","2.01e-2","6.32e-5","1.01e-5","R-HSA-212436~Generic Transcription Pathway","YWHAE,PSMD12,HDAC3,PSMD11,PSMD14,UBE2D1,PSMD8,PSMB6,PSMB7,PSMD6,PSMB4,WRN,PSMD7,XPO1,PSMB5,PPP2R1B,KAT5,EXO1,PSMB3,CDC26,PSMD3,UBC,PSMB1,PSMD1,ELOC,RPS27A,RFC5,RFC3,ACTL6A,CNOT10,MTOR,CDK9,PSMC5,RRAGA,PSMA3,PSMA4,PSMA1,FANCD2,PSMA2,PSMC1,RAD17,LAMTOR2,UBA52,ANAPC2"
"GOTERM_BP_DIRECT","protein K11-linked ubiquitination","7","247","38","16251","2.08e-5","1.01e-3","12.12","2.69e-2","9.63e-4","1.45e-6","GO:0070979~protein K11-linked ubiquitination","UBE2D4,UBE2B,CDC26,UBE2E3,UBE2A,UBE2L3,ANAPC2"
"REACTOME_PATHWAY","SARS-CoV-2-host interactions","15","210","194","10908","2.13e-5","1.01e-4","4.02","2.11e-2","6.61e-5","4.91e-6","R-HSA-9705683~SARS-CoV-2-host interactions","YWHAE,NUP214,SEH1L,SAR1B,RPS19,SNRPD1,UBC,G3BP2,NUP43,PTPN6,UBE2V1,SNRPD3,GEMIN8,RPS27A,UBA52"
"REACTOME_PATHWAY","Dengue Virus Genome Translation and Replication","10","210","81","10908","2.32e-5","1.09e-4","6.41","2.29e-2","7.16e-5","3.22e-6","R-HSA-9918487~Dengue Virus Genome Translation and Replication","XPO1,XRN1,UBC,EIF4A3,UFD1,RPS27A,EIF4E,UBA52,DDOST,EIF4G1"
"GOTERM_BP_DIRECT","tRNA aminoacylation for protein translation","7","247","39","16251","2.43e-5","1.14e-3","11.81","3.14e-2","1.08e-3","1.75e-6","GO:0006418~tRNA aminoacylation for protein translation","AIMP1,AARS1,EPRS1,KARS1,LARS1,EEF1E1,DARS1"
"REACTOME_PATHWAY","Selenoamino acid metabolism","11","210","103","10908","2.69e-5","1.26e-4","5.55","2.65e-2","8.27e-5","4.39e-6","R-HSA-2408522~Selenoamino acid metabolism","AIMP1,EPRS1,RPS19,KARS1,LARS1,RPL11,RPL38,EEF1E1,RPS27A,UBA52,DARS1"
"REACTOME_PATHWAY","Regulation of PLK1 Activity at G2/M Transition","10","210","85","10908","3.42e-5","1.60e-4","6.11","3.36e-2","1.05e-4","5.02e-6","R-HSA-2565942~Regulation of PLK1 Activity at G2/M Transition","YWHAE,PPP1CB,DCTN2,UBC,HAUS3,RPS27A,DYNLL1,CKAP5,UBA52,PAFAH1B1"
"REACTOME_PATHWAY","ER to Golgi Anterograde Transport","13","210","152","10908","3.46e-5","1.61e-4","4.44","3.40e-2","1.05e-4","7.17e-6","R-HSA-199977~ER to Golgi Anterograde Transport","NAPA,COPB2,COPA,TRAPPC2L,DCTN2,SAR1B,COPB1,ARFGAP3,DYNLL1,ARCN1,DYNC1LI2,SCFD1,COPG1"
"REACTOME_PATHWAY","Golgi-to-ER retrograde transport","12","210","130","10908","3.89e-5","1.80e-4","4.79","3.82e-2","1.18e-4","7.44e-6","R-HSA-8856688~Golgi-to-ER retrograde transport","NAPA,COPB2,COPA,DYNC1LI2,DCTN2,COPB1,COPG1,ARFGAP3,DYNLL1,AGPAT3,ARCN1,PAFAH1B1"
"REACTOME_PATHWAY","Transport of small molecules","31","210","718","10908","4.20e-5","1.94e-4","2.24","4.12e-2","1.27e-4","1.80e-5","R-HSA-382551~Transport of small molecules","PSMD12,AHCYL2,PSMD11,PSMD14,SAR1B,CLTC,PSMD8,PSMB6,PSMB7,PSMD6,SLC25A29,PSMB4,PSMD7,PSMB5,PSMB3,PSMD3,UBC,PSMB1,PSMD1,RPS27A,ATP6V0E2,ATP6V1G1,PSMC5,PSMA3,PSMA4,PSMA1,PSMA2,SOAT2,PSMC1,ATP6V1B2,UBA52"
"GOTERM_BP_DIRECT","telomere maintenance","8","247","63","16251","4.50e-5","2.03e-3","8.35","5.72e-2","1.93e-3","4.79e-6","GO:0000723~telomere maintenance","RTEL1,WRN,EME2,RUVBL2,ACTL6A,RUVBL1,HUS1B,NHEJ1"
"REACTOME_PATHWAY","RNA Polymerase II Transcription","45","210","1258","10908","4.81e-5","2.21e-4","1.86","4.70e-2","1.45e-4","2.50e-5","R-HSA-73857~RNA Polymerase II Transcription","YWHAE,PSMD12,HDAC3,PSMD11,PSMD14,UBE2D1,PSMD8,PSMB6,PSMB7,PSMD6,PSMB4,WRN,PSMD7,XPO1,PSMB5,PPP2R1B,KAT5,EXO1,PSMB3,CDC26,PSMD3,UBC,PSMB1,PSMD1,ELOC,SNRPD3,RPS27A,RFC5,RFC3,ACTL6A,CNOT10,MTOR,CDK9,PSMC5,RRAGA,PSMA3,PSMA4,PSMA1,FANCD2,PSMA2,PSMC1,RAD17,LAMTOR2,UBA52,ANAPC2"
"GOTERM_BP_DIRECT","immune system process","10","247","113","16251","5.48e-5","2.39e-3","5.82","6.93e-2","2.28e-3","8.65e-6","GO:0002376~immune system process","PSMA3,PSMB4,PSMA4,PSMA1,PSMA2,EXO1,PSMB3,PSMB1,PSMB8,PSMB9"
"GOTERM_BP_DIRECT","regulation of DNA repair","8","247","66","16251","6.09e-5","2.51e-3","7.97","7.67e-2","2.39e-3","6.83e-6","GO:0006282~regulation of DNA repair","CDK9,SF3B3,RUVBL2,ACTL6A,RUVBL1,UBE2V2,UBE2V1,POLH"
"GOTERM_BP_DIRECT","regulation of protein neddylation","5","247","15","16251","6.13e-5","2.51e-3","21.93","7.73e-2","2.39e-3","2.07e-6","GO:2000434~regulation of protein neddylation","COPS3,COPS6,GPS1,COPS7A,COPS8"
"REACTOME_PATHWAY","APC/C:Cdc20 mediated degradation of Cyclin B","6","210","23","10908","6.25e-5","2.86e-4","13.55","6.06e-2","1.87e-4","3.64e-6","R-HSA-174048~APC/C:Cdc20 mediated degradation of Cyclin B","CDC26,UBC,UBE2D1,RPS27A,UBA52,ANAPC2"
"REACTOME_PATHWAY","ISG15 antiviral mechanism","9","210","72","10908","6.64e-5","3.02e-4","6.49","6.42e-2","1.98e-4","9.11e-6","R-HSA-1169408~ISG15 antiviral mechanism","NUP214,SEH1L,UBC,EIF4A3,NUP43,RPS27A,EIF4E,UBA52,EIF4G1"
"REACTOME_PATHWAY","Cellular response to starvation","12","210","140","10908","7.68e-5","3.48e-4","4.45","7.39e-2","2.28e-4","1.59e-5","R-HSA-9711097~Cellular response to starvation","ATP6V1G1,RRAGA,SEH1L,RPS19,RPL11,ATP6V1B2,RPL38,LAMTOR2,ATP6V0E2,RPS27A,UBA52,MTOR"
"REACTOME_PATHWAY","Gap-filling DNA repair synthesis and ligation in GG-NER","6","210","24","10908","7.77e-5","3.51e-4","12.99","7.48e-2","2.29e-4","4.78e-6","R-HSA-5696397~Gap-filling DNA repair synthesis and ligation in GG-NER","RFC5,RFC3,POLD2,UBC,RPS27A,UBA52"
"GOTERM_BP_DIRECT","flagellated sperm motility","12","247","176","16251","7.79e-5","3.09e-3","4.49","9.71e-2","2.95e-3","1.62e-5","GO:0030317~flagellated sperm motility","PSMB6,PSMB7,PSMA3,PSMB4,PSMA4,PSMB5,PSMA1,NME7,PSMA2,PSMB3,PSMB1,DNAAF11"
"REACTOME_PATHWAY","Asparagine N-linked glycosylation","18","210","309","10908","9.18e-5","4.12e-4","3.03","8.77e-2","2.70e-4","2.86e-5","R-HSA-446203~Asparagine N-linked glycosylation","NAPA,COPB2,COPA,TRAPPC2L,DCTN2,SAR1B,COPB1,ARFGAP3,DYNLL1,DDOST,ARCN1,DYNC1LI2,SCFD1,PSMC1,UBC,COPG1,RPS27A,UBA52"
"GOTERM_BP_DIRECT","positive regulation of tumor necrosis factor production","10","247","122","16251","9.95e-5","3.83e-3","5.39","1.22e-1","3.65e-3","1.70e-5","GO:0032760~positive regulation of tumor necrosis factor production","PSMA3,PSMB4,PSMA4,PSMA1,PSMA2,PSMB3,PSMB1,HSPB1,PSMB8,PSMB9"
"REACTOME_PATHWAY","Dual Incision in GG-NER","7","210","40","10908","1.03e-4","4.59e-4","9.09","9.75e-2","3.00e-4","9.64e-6","R-HSA-5696400~Dual Incision in GG-NER","RFC5,DDB1,RFC3,POLD2,UBC,RPS27A,UBA52"
"GOTERM_BP_DIRECT","DNA replication checkpoint signaling","5","247","17","16251","1.04e-4","3.91e-3","19.35","1.28e-1","3.72e-3","4.15e-6","GO:0000076~DNA replication checkpoint signaling","RFC5,TIPIN,RFC3,RAD17,CDC6"
"REACTOME_PATHWAY","COPI-mediated anterograde transport","10","210","99","10908","1.14e-4","5.08e-4","5.25","1.08e-1","3.32e-4","1.98e-5","R-HSA-6807878~COPI-mediated anterograde transport","NAPA,COPB2,COPA,DYNC1LI2,DCTN2,COPB1,COPG1,ARFGAP3,DYNLL1,ARCN1"
"GOTERM_BP_DIRECT","DNA replication","10","247","125","16251","1.20e-4","4.37e-3","5.26","1.46e-1","4.16e-3","2.11e-5","GO:0006260~DNA replication","RFC5,UPF1,RTEL1,WRN,RFC3,SET,POLD2,ORC2,TYMS,POLH"
"REACTOME_PATHWAY","Formation of Incision Complex in GG-NER","7","210","42","10908","1.36e-4","5.99e-4","8.66","1.27e-1","3.92e-4","1.35e-5","R-HSA-5696395~Formation of Incision Complex in GG-NER","DDB1,SUMO3,UBC,UBE2V2,RAD23A,RPS27A,UBA52"
"REACTOME_PATHWAY","tRNA Aminoacylation","7","210","42","10908","1.36e-4","5.99e-4","8.66","1.27e-1","3.92e-4","1.35e-5","R-HSA-379724~tRNA Aminoacylation","AIMP1,AARS1,EPRS1,KARS1,LARS1,EEF1E1,DARS1"
"GOTERM_BP_DIRECT","retrograde vesicle-mediated transport, Golgi to endoplasmic reticulum","7","247","53","16251","1.43e-4","5.07e-3","8.69","1.71e-1","4.83e-3","1.46e-5","GO:0006890~retrograde vesicle-mediated transport, Golgi to endoplasmic reticulum","COPB2,COPA,SCFD1,PSMD14,COPB1,COPG1,ARCN1"
"REACTOME_PATHWAY","Transport of Mature Transcript to Cytoplasm","9","210","81","10908","1.54e-4","6.76e-4","5.77","1.43e-1","4.42e-4","2.41e-5","R-HSA-72202~Transport of Mature Transcript to Cytoplasm","NUP214,NXF1,NXT1,SEH1L,ALYREF,EIF4A3,NUP43,THOC5,EIF4E"
"REACTOME_PATHWAY","Gene expression (Transcription)","48","210","1447","10908","1.56e-4","6.82e-4","1.72","1.44e-1","4.46e-4","8.76e-5","R-HSA-74160~Gene expression (Transcription)","YWHAE,PSMD12,HDAC3,PSMD11,PSMD14,PHF1,UBE2D1,PSMD8,PSMB6,PSMB7,PSMD6,PSMB4,WRN,PSMD7,XPO1,PSMB5,PPP2R1B,KAT5,EXO1,PSMB3,CDC26,PSMD3,UBC,XPO5,PSMB1,PSMD1,ELOC,SNRPD3,RPS27A,RFC5,RFC3,ACTL6A,CNOT10,MTOR,CDK9,PSMC5,RRAGA,PSMA3,PSMA4,PSMA1,FANCD2,PSMA2,PSMC1,RAD17,LAMTOR2,UBA52,RAN,ANAPC2"
"GOTERM_BP_DIRECT","poly(A)+ mRNA export from nucleus","5","247","19","16251","1.66e-4","5.72e-3","17.31","1.96e-1","5.45e-3","7.61e-6","GO:0016973~poly(A)+ mRNA export from nucleus","NXF1,DDX19A,PCID2,DDX19B,NXT1"
"REACTOME_PATHWAY","Transcriptional and post-translational regulation of MITF-M expression and activity","8","210","62","10908","1.73e-4","7.51e-4","6.70","1.59e-1","4.91e-4","2.29e-5","R-HSA-9856649~Transcriptional and post-translational regulation of MITF-M expression and activity","AIMP1,YWHAE,XPO1,EPRS1,KARS1,LARS1,EEF1E1,DARS1"
"GOTERM_BP_DIRECT","mRNA transport","8","247","78","16251","1.77e-4","5.95e-3","6.75","2.07e-1","5.67e-3","2.38e-5","GO:0051028~mRNA transport","NXF1,SEH1L,XPO1,KHSRP,ALYREF,G3BP2,NUP43,EIF4E"
"REACTOME_PATHWAY","Cap-dependent Translation Initiation","10","210","105","10908","1.80e-4","7.75e-4","4.95","1.64e-1","5.07e-4","3.31e-5","R-HSA-72737~Cap-dependent Translation Initiation","EIF2B3,EIF5,RPS19,RPL11,EIF3G,RPL38,RPS27A,EIF4E,UBA52,EIF4G1"
"REACTOME_PATHWAY","Eukaryotic Translation Initiation","10","210","105","10908","1.80e-4","7.75e-4","4.95","1.64e-1","5.07e-4","3.31e-5","R-HSA-72613~Eukaryotic Translation Initiation","EIF2B3,EIF5,RPS19,RPL11,EIF3G,RPL38,RPS27A,EIF4E,UBA52,EIF4G1"
"GOTERM_BP_DIRECT","mitotic intra-S DNA damage checkpoint signaling","5","247","20","16251","2.05e-4","6.72e-3","16.45","2.36e-1","6.40e-3","1.00e-5","GO:0031573~mitotic intra-S DNA damage checkpoint signaling","TIPIN,FANCD2,EME2,HUS1B,RAD17"
"REACTOME_PATHWAY","Transport to the Golgi and subsequent modification","13","210","183","10908","2.07e-4","8.87e-4","3.69","1.87e-1","5.81e-4","5.20e-5","R-HSA-948021~Transport to the Golgi and subsequent modification","NAPA,COPB2,COPA,TRAPPC2L,DCTN2,SAR1B,COPB1,ARFGAP3,DYNLL1,ARCN1,DYNC1LI2,SCFD1,COPG1"
"GOTERM_BP_DIRECT","translation","12","247","198","16251","2.21e-4","7.05e-3","3.99","2.51e-1","6.71e-3","5.20e-5","GO:0006412~translation","AIMP1,EIF2B3,EPRS1,RPS19,KARS1,RPL11,RPL38,EEF1E1,RPS27A,UBA52,DARS1,EIF4G1"
"GOTERM_BP_DIRECT","regulation of macroautophagy","7","247","58","16251","2.37e-4","7.40e-3","7.94","2.67e-1","7.05e-3","2.67e-5","GO:0016241~regulation of macroautophagy","ATP6V1G1,PSMD14,UBQLN1,ATP6V1B2,ATP6V0E2,MTOR,SNX6"
"GOTERM_BP_DIRECT","protein neddylation","5","247","21","16251","2.50e-4","7.63e-3","15.67","2.80e-1","7.27e-3","1.30e-5","GO:0045116~protein neddylation","COPS3,COPS6,GPS1,COPS7A,COPS8"
"REACTOME_PATHWAY","Regulation of TP53 Activity through Phosphorylation","9","210","89","10908","2.97e-4","1.27e-3","5.25","2.57e-1","8.31e-4","5.13e-5","R-HSA-6804756~Regulation of TP53 Activity through Phosphorylation","RFC5,WRN,RFC3,KAT5,EXO1,UBC,RAD17,RPS27A,UBA52"
"REACTOME_PATHWAY","Macroautophagy","11","210","139","10908","3.34e-4","1.42e-3","4.11","2.84e-1","9.32e-4","7.51e-5","R-HSA-1632852~Macroautophagy","DYNC1LI2,RRAGA,UBC,LAMTOR2,UBE2V1,RPS27A,DYNLL1,UBA52,GABARAP,MTOR,UBE2L3"
"REACTOME_PATHWAY","Telomere C-strand (Lagging Strand) Synthesis","6","210","33","10908","3.77e-4","1.59e-3","9.44","3.14e-1","1.04e-3","3.40e-5","R-HSA-174417~Telomere C-strand (Lagging Strand) Synthesis","RFC5,WRN,RFC3,TEN1,PRIM1,POLD2"
"REACTOME_PATHWAY","Impaired BRCA2 binding to RAD51","6","210","33","10908","3.77e-4","1.59e-3","9.44","3.14e-1","1.04e-3","3.40e-5","R-HSA-9709570~Impaired BRCA2 binding to RAD51","RFC5,WRN,RFC3,KAT5,EXO1,RAD17"
"REACTOME_PATHWAY","Influenza Infection","11","210","142","10908","3.97e-4","1.67e-3","4.02","3.27e-1","1.09e-3","9.12e-5","R-HSA-168255~Influenza Infection","NUP214,SEH1L,XPO1,RPS19,RPL11,CLTC,NUP43,RPL38,RPS27A,UBA52,RAN"
"REACTOME_PATHWAY","TICAM1, RIP1-mediated IKK complex recruitment","5","210","19","10908","4.05e-4","1.70e-3","13.67","3.33e-1","1.11e-3","2.35e-5","R-HSA-168927~TICAM1, RIP1-mediated IKK complex recruitment","UBC,UBE2D1,UBE2V1,RPS27A,UBA52"
"GOTERM_BP_DIRECT","spliceosomal snRNP assembly","7","247","64","16251","4.07e-4","1.21e-2","7.20","4.14e-1","1.16e-2","5.11e-5","GO:0000387~spliceosomal snRNP assembly","LSM7,SF3B3,SNRPD1,SNRPD3,GEMIN8,USP39,PRPF8"
"REACTOME_PATHWAY","Signal Transduction","71","210","2533","10908","4.18e-4","1.74e-3","1.46","3.42e-1","1.14e-3","2.80e-4","R-HSA-162582~Signal Transduction","YWHAE,NCF1,ZWILCH,CLTC,CLTB,UBE2D1,HSPB1,UBE2L3,PSMD8,PPP1CB,PSMD6,PSMD7,XPO1,PPP2R1B,KAT5,RUVBL1,PSMD3,NUF2,PSMD1,PDGFRB,ACTR2,ATP6V1G1,PDE4D,GAB1,ARFGAP3,DYNLL1,CKAP5,RRAGA,PSMA3,DYNC1LI2,PSMA4,RASA3,PSMA1,PSMA2,ATP6V1B2,UBA52,PAFAH1B1,GRB7,PSMD12,SEH1L,HDAC3,PSMD11,PSMD14,GPS1,MIS12,IQGAP2,CENPA,PSMB6,PSMB7,PSMB4,SCFD1,PSMB5,PSMB3,UBC,PSMB1,CTNNA1,NUP43,BUB3,ATP6V0E2,RPS27A,EIF4E,SRMS,MTOR,CDK9,PSMC5,ARPC2,PSMC1,PTPN6,LAMTOR2,EIF4G1,MAD2L1"
"REACTOME_PATHWAY","Transcriptional Regulation by TP53","18","210","352","10908","4.30e-4","1.79e-3","2.66","3.50e-1","1.17e-3","1.53e-4","R-HSA-3700989~Transcriptional Regulation by TP53","RFC5,YWHAE,RFC3,CNOT10,MTOR,CDK9,RRAGA,WRN,PPP2R1B,KAT5,FANCD2,EXO1,UBC,RAD17,LAMTOR2,ELOC,RPS27A,UBA52"
"REACTOME_PATHWAY","Transport of the SLBP independent Mature mRNA","6","210","34","10908","4.36e-4","1.80e-3","9.17","3.53e-1","1.18e-3","4.06e-5","R-HSA-159227~Transport of the SLBP independent Mature mRNA","NUP214,NXF1,SEH1L,ALYREF,NUP43,EIF4E"
"REACTOME_PATHWAY","Transport of Mature mRNA derived from an Intron-Containing Transcript","8","210","72","10908","4.40e-4","1.81e-3","5.77","3.56e-1","1.19e-3","6.87e-5","R-HSA-159236~Transport of Mature mRNA derived from an Intron-Containing Transcript","NUP214,NXF1,NXT1,SEH1L,ALYREF,EIF4A3,NUP43,THOC5"
"REACTOME_PATHWAY","Telomere Maintenance","9","210","95","10908","4.63e-4","1.90e-3","4.92","3.71e-1","1.24e-3","8.59e-5","R-HSA-157579~Telomere Maintenance","RFC5,RTEL1,WRN,RFC3,TEN1,PRIM1,RUVBL2,POLD2,RUVBL1"
"REACTOME_PATHWAY","Inactivation of APC/C via direct inhibition of the APC/C complex","5","210","20","10908","4.99e-4","2.02e-3","12.99","3.93e-1","1.32e-3","3.09e-5","R-HSA-141430~Inactivation of APC/C via direct inhibition of the APC/C complex","CDC26,UBE2D1,BUB3,MAD2L1,ANAPC2"
"REACTOME_PATHWAY","Inhibition of the proteolytic activity of APC/C required for the onset of anaphase by mitotic spindle checkpoint components","5","210","20","10908","4.99e-4","2.02e-3","12.99","3.93e-1","1.32e-3","3.09e-5","R-HSA-141405~Inhibition of the proteolytic activity of APC/C required for the onset of anaphase by mitotic spindle checkpoint components","CDC26,UBE2D1,BUB3,MAD2L1,ANAPC2"
"REACTOME_PATHWAY","Amino acids regulate mTORC1","7","210","53","10908","4.99e-4","2.02e-3","6.86","3.93e-1","1.32e-3","6.45e-5","R-HSA-9639288~Amino acids regulate mTORC1","ATP6V1G1,RRAGA,SEH1L,ATP6V1B2,LAMTOR2,ATP6V0E2,MTOR"
"REACTOME_PATHWAY","Transport of the SLBP Dependant Mature mRNA","6","210","35","10908","5.00e-4","2.02e-3","8.90","3.94e-1","1.32e-3","4.83e-5","R-HSA-159230~Transport of the SLBP Dependant Mature mRNA","NUP214,NXF1,SEH1L,ALYREF,NUP43,EIF4E"
"REACTOME_PATHWAY","SARS-CoV-2 Infection","16","210","293","10908","5.16e-4","2.08e-3","2.84","4.03e-1","1.36e-3","1.71e-4","R-HSA-9694516~SARS-CoV-2 Infection","YWHAE,NUP214,SEH1L,SAR1B,DDOST,RPS19,SNRPD1,UBC,G3BP2,NUP43,PTPN6,UBE2V1,SNRPD3,GEMIN8,RPS27A,UBA52"
"REACTOME_PATHWAY","Chromosome Maintenance","10","210","122","10908","5.51e-4","2.20e-3","4.26","4.24e-1","1.44e-3","1.19e-4","R-HSA-73886~Chromosome Maintenance","RFC5,RTEL1,WRN,RFC3,TEN1,PRIM1,RUVBL2,POLD2,RUVBL1,CENPA"
"REACTOME_PATHWAY","SARS-CoV-2 activates/modulates innate and adaptive immune responses","10","210","122","10908","5.51e-4","2.20e-3","4.26","4.24e-1","1.44e-3","1.19e-4","R-HSA-9705671~SARS-CoV-2 activates/modulates innate and adaptive immune responses","NUP214,SEH1L,SAR1B,UBC,G3BP2,PTPN6,NUP43,UBE2V1,RPS27A,UBA52"
"REACTOME_PATHWAY","GTP hydrolysis and joining of the 60S ribosomal subunit","9","210","98","10908","5.71e-4","2.26e-3","4.77","4.35e-1","1.48e-3","1.09e-4","R-HSA-72706~GTP hydrolysis and joining of the 60S ribosomal subunit","EIF5,RPS19,RPL11,EIF3G,RPL38,RPS27A,EIF4E,UBA52,EIF4G1"
"REACTOME_PATHWAY","HDR through Single Strand Annealing (SSA)","6","210","36","10908","5.72e-4","2.26e-3","8.66","4.36e-1","1.48e-3","5.70e-5","R-HSA-5685938~HDR through Single Strand Annealing (SSA)","RFC5,WRN,RFC3,KAT5,EXO1,RAD17"
"GOTERM_BP_DIRECT","replication fork processing","6","247","46","16251","6.30e-4","1.84e-2","8.58","5.63e-1","1.75e-2","6.53e-5","GO:0031297~replication fork processing","CDK9,DDB1,TIPIN,RTEL1,WRN,EME2"
"REACTOME_PATHWAY","mRNA 3'-end processing","11","210","151","10908","6.44e-4","2.54e-3","3.78","4.75e-1","1.66e-3","1.58e-4","R-HSA-72187~mRNA 3'-end processing","PPP1CB,HNRNPA3,SF3B3,SNRPD1,ALYREF,UBC,EIF4A3,SNRPD3,THOC5,RPS27A,UBA52"
"REACTOME_PATHWAY","Fanconi Anemia Pathway","6","210","37","10908","6.51e-4","2.56e-3","8.42","4.79e-1","1.67e-3","6.69e-5","R-HSA-6783310~Fanconi Anemia Pathway","FANCD2,EME2,UBC,FANCE,RPS27A,UBA52"
"GOTERM_BP_DIRECT","double-strand break repair involved in meiotic recombination","4","247","12","16251","6.81e-4","1.94e-2","21.93","5.91e-1","1.85e-2","2.34e-5","GO:1990918~double-strand break repair involved in meiotic recombination","TERB2,FANCD2,MCMDC2,HSF2BP"
"REACTOME_PATHWAY","Presynaptic phase of homologous DNA pairing and strand exchange","6","210","38","10908","7.38e-4","2.89e-3","8.20","5.22e-1","1.89e-3","7.82e-5","R-HSA-5693616~Presynaptic phase of homologous DNA pairing and strand exchange","RFC5,WRN,RFC3,KAT5,EXO1,RAD17"
"REACTOME_PATHWAY","Autophagy","11","210","154","10908","7.51e-4","2.93e-3","3.71","5.28e-1","1.91e-3","1.88e-4","R-HSA-9612973~Autophagy","DYNC1LI2,RRAGA,UBC,LAMTOR2,UBE2V1,RPS27A,DYNLL1,UBA52,GABARAP,MTOR,UBE2L3"
"REACTOME_PATHWAY","MITF-M-regulated melanocyte development","11","210","155","10908","7.90e-4","3.06e-3","3.69","5.46e-1","2.00e-3","1.99e-4","R-HSA-9730414~MITF-M-regulated melanocyte development","AIMP1,YWHAE,ATP6V1G1,XPO1,EPRS1,KARS1,LARS1,ACTL6A,ATP6V1B2,EEF1E1,DARS1"
"GOTERM_BP_DIRECT","protein polyubiquitination","10","247","162","16251","8.18e-4","2.28e-2","4.06","6.58e-1","2.17e-2","1.88e-4","GO:0000209~protein polyubiquitination","UBE2D4,UBE2B,UBE2E3,UBE2U,UBE2V2,UBE2D1,PRAME,UBE2A,UBE2V1,UBE2L3"
"REACTOME_PATHWAY","Diseases of DNA Double-Strand Break Repair","6","210","39","10908","8.34e-4","3.21e-3","7.99","5.66e-1","2.10e-3","9.10e-5","R-HSA-9675136~Diseases of DNA Double-Strand Break Repair","RFC5,WRN,RFC3,KAT5,EXO1,RAD17"
"REACTOME_PATHWAY","Defective homologous recombination repair (HRR) due to BRCA2 loss of function","6","210","39","10908","8.34e-4","3.21e-3","7.99","5.66e-1","2.10e-3","9.10e-5","R-HSA-9701190~Defective homologous recombination repair (HRR) due to BRCA2 loss of function","RFC5,WRN,RFC3,KAT5,EXO1,RAD17"
"REACTOME_PATHWAY","mTORC1-mediated signalling","5","210","23","10908","8.71e-4","3.33e-3","11.29","5.82e-1","2.18e-3","6.40e-5","R-HSA-166208~mTORC1-mediated signalling","RRAGA,LAMTOR2,EIF4E,MTOR,EIF4G1"
"REACTOME_PATHWAY","IKK complex recruitment mediated by RIP1","5","210","23","10908","8.71e-4","3.33e-3","11.29","5.82e-1","2.18e-3","6.40e-5","R-HSA-937041~IKK complex recruitment mediated by RIP1","UBC,UBE2D1,UBE2V1,RPS27A,UBA52"
"GOTERM_BP_DIRECT","positive regulation of chromosome segregation","4","247","13","16251","8.76e-4","2.39e-2","20.24","6.83e-1","2.28e-2","3.34e-5","GO:0051984~positive regulation of chromosome segregation","NCAPG,NCAPD3,CDC6,SMC2"
"REACTOME_PATHWAY","Dengue Virus Infection","18","210","375","10908","8.77e-4","3.34e-3","2.49","5.84e-1","2.18e-3","3.33e-4","R-HSA-9839923~Dengue Virus Infection","HNRNPA3,SF3B3,ALYREF,EIF4A3,PRPF8,CRNKL1,MTOR,DDOST,XPO1,XRN1,SNRPD1,UBC,UFD1,SNRPD3,RPS27A,UBA52,EIF4E,EIF4G1"
"REACTOME_PATHWAY","Regulation of TP53 Activity","11","210","158","10908","9.15e-4","3.47e-3","3.62","6.00e-1","2.27e-3","2.35e-4","R-HSA-5633007~Regulation of TP53 Activity","RFC5,WRN,RFC3,KAT5,PPP2R1B,EXO1,UBC,RAD17,RPS27A,UBA52,MTOR"
"GOTERM_BP_DIRECT","nucleocytoplasmic transport","6","247","50","16251","9.28e-4","2.48e-2","7.90","7.04e-1","2.36e-2","1.05e-4","GO:0006913~nucleocytoplasmic transport","NUP214,NXT1,SEH1L,XPO1,NUP43,RAN"
"GOTERM_BP_DIRECT","spermatogenesis","19","247","519","16251","9.63e-4","2.52e-2","2.41","7.17e-1","2.40e-2","3.79e-4","GO:0007283~spermatogenesis","UBE2B,MCMDC2,RPL11,HSF2BP,DDB1,PSMB6,TERB2,PSMB7,PSMA3,PSMB4,PSMA4,PSMB5,PSMA1,PSMA2,PSMB3,PSMB1,RUVBL1,RPL38,UBA52"
"REACTOME_PATHWAY","G2/M DNA damage checkpoint","8","210","82","10908","9.66e-4","3.65e-3","5.07","6.20e-1","2.39e-3","1.73e-4","R-HSA-69473~G2/M DNA damage checkpoint","RFC5,YWHAE,WRN,RFC3,KAT5,EXO1,UBE2V2,RAD17"
"REACTOME_PATHWAY","Signaling by Rho GTPases","26","210","669","10908","1.01e-3","3.80e-3","2.02","6.36e-1","2.49e-3","4.78e-4","R-HSA-194315~Signaling by Rho GTPases","YWHAE,GRB7,SEH1L,NCF1,ZWILCH,GPS1,MIS12,CLTC,IQGAP2,CENPA,PPP1CB,SCFD1,XPO1,PPP2R1B,NUF2,CTNNA1,NUP43,BUB3,ACTR2,DYNLL1,ARFGAP3,CKAP5,DYNC1LI2,ARPC2,MAD2L1,PAFAH1B1"
"REACTOME_PATHWAY","Josephin domain DUBs","4","210","11","10908","1.02e-3","3.83e-3","18.89","6.40e-1","2.51e-3","3.96e-5","R-HSA-5689877~Josephin domain DUBs","UBC,RAD23A,RPS27A,UBA52"
"REACTOME_PATHWAY","Aggrephagy","6","210","41","10908","1.05e-3","3.90e-3","7.60","6.51e-1","2.55e-3","1.21e-4","R-HSA-9646399~Aggrephagy","DYNC1LI2,UBC,UBE2V1,RPS27A,DYNLL1,UBA52"
"REACTOME_PATHWAY","Transport of Mature mRNA Derived from an Intronless Transcript","6","210","41","10908","1.05e-3","3.90e-3","7.60","6.51e-1","2.55e-3","1.21e-4","R-HSA-159231~Transport of Mature mRNA Derived from an Intronless Transcript","NUP214,NXF1,SEH1L,ALYREF,NUP43,EIF4E"
"REACTOME_PATHWAY","Homologous DNA Pairing and Strand Exchange","6","210","41","10908","1.05e-3","3.90e-3","7.60","6.51e-1","2.55e-3","1.21e-4","R-HSA-5693579~Homologous DNA Pairing and Strand Exchange","RFC5,WRN,RFC3,KAT5,EXO1,RAD17"
"REACTOME_PATHWAY","Antimicrobial mechanism of IFN-stimulated genes","11","210","161","10908","1.06e-3","3.91e-3","3.55","6.53e-1","2.56e-3","2.77e-4","R-HSA-1169410~Antimicrobial mechanism of IFN-stimulated genes","NUP214,SEH1L,PPP2R1B,UBC,EIF4A3,NUP43,FANCE,RPS27A,EIF4E,UBA52,EIF4G1"
"REACTOME_PATHWAY","Gap-filling DNA repair synthesis and ligation in TC-NER","7","210","61","10908","1.06e-3","3.91e-3","5.96","6.55e-1","2.56e-3","1.60e-4","R-HSA-6782210~Gap-filling DNA repair synthesis and ligation in TC-NER","RFC5,DDB1,RFC3,POLD2,UBC,RPS27A,UBA52"
"REACTOME_PATHWAY","Late Phase of HIV Life Cycle","10","210","134","10908","1.08e-3","3.97e-3","3.88","6.61e-1","2.60e-3","2.58e-4","R-HSA-162599~Late Phase of HIV Life Cycle","CDK9,NUP214,SEH1L,XPO1,UBC,NUP43,ELOC,RPS27A,UBA52,RAN"
"REACTOME_PATHWAY","Dual incision in TC-NER","7","210","62","10908","1.16e-3","4.23e-3","5.86","6.86e-1","2.77e-3","1.78e-4","R-HSA-6782135~Dual incision in TC-NER","RFC5,DDB1,RFC3,POLD2,UBC,RPS27A,UBA52"
"REACTOME_PATHWAY","Transport of Mature mRNAs Derived from Intronless Transcripts","6","210","42","10908","1.18e-3","4.28e-3","7.42","6.92e-1","2.80e-3","1.39e-4","R-HSA-159234~Transport of Mature mRNAs Derived from Intronless Transcripts","NUP214,NXF1,SEH1L,ALYREF,NUP43,EIF4E"
"REACTOME_PATHWAY","Inactivation of CSF3 (G-CSF) signaling","5","210","25","10908","1.21e-3","4.38e-3","10.39","7.01e-1","2.87e-3","9.79e-5","R-HSA-9705462~Inactivation of CSF3 (G-CSF) signaling","UBC,UBE2D1,ELOC,RPS27A,UBA52"
"GOTERM_BP_DIRECT","mRNA splicing, via spliceosome","11","247","208","16251","1.29e-3","3.32e-2","3.48","8.16e-1","3.16e-2","3.49e-4","GO:0000398~mRNA splicing, via spliceosome","LSM7,DBR1,HNRNPA3,SF3B3,SNRPD1,EIF4A3,TFIP11,SNRPD3,USP39,PRPF8,CRNKL1"
"GOTERM_BP_DIRECT","intra-Golgi vesicle-mediated transport","5","247","32","16251","1.32e-3","3.32e-2","10.28","8.23e-1","3.17e-2","1.12e-4","GO:0006891~intra-Golgi vesicle-mediated transport","NAPA,COPB2,COPA,COPB1,COPG1"
"GOTERM_BP_DIRECT","chromosome segregation","8","247","109","16251","1.34e-3","3.32e-2","4.83","8.29e-1","3.17e-2","2.58e-4","GO:0007059~chromosome segregation","SEH1L,NUF2,MIS12,CLTC,CLTB,NUP43,BUB3,CKAP5"
"REACTOME_PATHWAY","Downregulation of TGF-beta receptor signaling","5","210","26","10908","1.41e-3","5.05e-3","9.99","7.55e-1","3.30e-3","1.19e-4","R-HSA-2173788~Downregulation of TGF-beta receptor signaling","PPP1CB,XPO1,UBC,RPS27A,UBA52"
"REACTOME_PATHWAY","Polymerase switching on the C-strand of the telomere","5","210","26","10908","1.41e-3","5.05e-3","9.99","7.55e-1","3.30e-3","1.19e-4","R-HSA-174411~Polymerase switching on the C-strand of the telomere","RFC5,RFC3,TEN1,PRIM1,POLD2"
"REACTOME_PATHWAY","Signaling by Rho GTPases, Miro GTPases and RHOBTB3","26","210","685","10908","1.41e-3","5.05e-3","1.97","7.55e-1","3.30e-3","6.81e-4","R-HSA-9716542~Signaling by Rho GTPases, Miro GTPases and RHOBTB3","YWHAE,GRB7,SEH1L,NCF1,ZWILCH,GPS1,MIS12,CLTC,IQGAP2,CENPA,PPP1CB,SCFD1,XPO1,PPP2R1B,NUF2,CTNNA1,NUP43,BUB3,ACTR2,DYNLL1,ARFGAP3,CKAP5,DYNC1LI2,ARPC2,MAD2L1,PAFAH1B1"
"REACTOME_PATHWAY","Intra-Golgi and retrograde Golgi-to-ER traffic","12","210","199","10908","1.56e-3","5.58e-3","3.13","7.90e-1","3.65e-3","4.64e-4","R-HSA-6811442~Intra-Golgi and retrograde Golgi-to-ER traffic","NAPA,COPB2,COPA,DYNC1LI2,DCTN2,COPB1,COPG1,ARFGAP3,DYNLL1,AGPAT3,ARCN1,PAFAH1B1"
"GOTERM_BP_DIRECT","DNA recombination","7","247","83","16251","1.62e-3","3.92e-2","5.55","8.80e-1","3.74e-2","2.68e-4","GO:0006310~DNA recombination","RTEL1,WRN,EXO1,EME2,RUVBL2,ACTL6A,RUVBL1"
"GOTERM_BP_DIRECT","protein export from nucleus","5","247","34","16251","1.66e-3","3.96e-2","9.68","8.87e-1","3.77e-2","1.51e-4","GO:0006611~protein export from nucleus","NUP214,NXT1,XPO1,XPO5,RAN"
"REACTOME_PATHWAY","TRAF6 mediated IRF7 activation in TLR7/8 or 9 signaling","4","210","13","10908","1.72e-3","6.13e-3","15.98","8.21e-1","4.01e-3","8.33e-5","R-HSA-975110~TRAF6 mediated IRF7 activation in TLR7/8 or 9 signaling","UBC,UBE2V1,RPS27A,UBA52"
"REACTOME_PATHWAY","Neutrophil degranulation","20","210","471","10908","1.76e-3","6.23e-3","2.21","8.27e-1","4.08e-3","7.55e-4","R-HSA-6798695~Neutrophil degranulation","ACTR2,PSMD12,PSMD11,PSMD14,IST1,COPB1,COMMD3,IQGAP2,DYNLL1,DDOST,APRT,PSMB7,PSMD6,PSMD7,PSMA2,PSMD3,PSMB1,PSMD1,PTPN6,LAMTOR2"
"GOTERM_BP_DIRECT","spliceosome conformational change to release U4 (or U4atac) and U1 (or U11)","5","247","35","16251","1.86e-3","4.34e-2","9.40","9.12e-1","4.14e-2","1.74e-4","GO:0000388~spliceosome conformational change to release U4 (or U4atac) and U1 (or U11)","SF3B3,SNRPD1,SNRPD3,USP39,PRPF8"
"GOTERM_BP_DIRECT","mitotic spindle organization","6","247","59","16251","1.96e-3","4.51e-2","6.69","9.24e-1","4.30e-2","2.66e-4","GO:0007052~mitotic spindle organization","DCTN2,NUF2,CLTC,CLTB,CKAP5,RAN"
"REACTOME_PATHWAY","HIV Life Cycle","10","210","147","10908","2.06e-3","7.30e-3","3.53","8.73e-1","4.77e-3","5.42e-4","R-HSA-162587~HIV Life Cycle","CDK9,NUP214,SEH1L,XPO1,UBC,NUP43,ELOC,RPS27A,UBA52,RAN"
"REACTOME_PATHWAY","Maturation of protein E","3","210","4","10908","2.14e-3","7.48e-3","38.96","8.82e-1","4.89e-3","2.77e-5","R-HSA-9694493~Maturation of protein E","UBC,RPS27A,UBA52"
"REACTOME_PATHWAY","Maturation of protein E","3","210","4","10908","2.14e-3","7.48e-3","38.96","8.82e-1","4.89e-3","2.77e-5","R-HSA-9683683~Maturation of protein E","UBC,RPS27A,UBA52"
"REACTOME_PATHWAY","IRAK1 recruits IKK complex","4","210","14","10908","2.16e-3","7.48e-3","14.84","8.85e-1","4.89e-3","1.15e-4","R-HSA-937039~IRAK1 recruits IKK complex","UBC,UBE2V1,RPS27A,UBA52"
"REACTOME_PATHWAY","Polymerase switching","4","210","14","10908","2.16e-3","7.48e-3","14.84","8.85e-1","4.89e-3","1.15e-4","R-HSA-69091~Polymerase switching","RFC5,RFC3,PRIM1,POLD2"
"REACTOME_PATHWAY","Leading Strand Synthesis","4","210","14","10908","2.16e-3","7.48e-3","14.84","8.85e-1","4.89e-3","1.15e-4","R-HSA-69109~Leading Strand Synthesis","RFC5,RFC3,PRIM1,POLD2"
"REACTOME_PATHWAY","IRAK1 recruits IKK complex upon TLR7/8 or 9 stimulation","4","210","14","10908","2.16e-3","7.48e-3","14.84","8.85e-1","4.89e-3","1.15e-4","R-HSA-975144~IRAK1 recruits IKK complex upon TLR7/8 or 9 stimulation","UBC,UBE2V1,RPS27A,UBA52"
"GOTERM_BP_DIRECT","endoplasmic reticulum to Golgi vesicle-mediated transport","8","247","120","16251","2.33e-3","5.27e-2","4.39","9.53e-1","5.02e-2","4.94e-4","GO:0006888~endoplasmic reticulum to Golgi vesicle-mediated transport","COPB2,COPA,SCFD1,TRAPPC2L,SAR1B,COPB1,COPG1,ARCN1"
"REACTOME_PATHWAY","Diseases of DNA repair","6","210","49","10908","2.37e-3","8.17e-3","6.36","9.06e-1","5.34e-3","3.32e-4","R-HSA-9675135~Diseases of DNA repair","RFC5,WRN,RFC3,KAT5,EXO1,RAD17"
"REACTOME_PATHWAY","Signaling by CSF3 (G-CSF)","5","210","30","10908","2.43e-3","8.35e-3","8.66","9.12e-1","5.47e-3","2.43e-4","R-HSA-9674555~Signaling by CSF3 (G-CSF)","UBC,UBE2D1,ELOC,RPS27A,UBA52"
"GOTERM_BP_DIRECT","spliceosomal tri-snRNP complex assembly","5","247","38","16251","2.52e-3","5.61e-2","8.66","9.64e-1","5.34e-2","2.60e-4","GO:0000244~spliceosomal tri-snRNP complex assembly","LSM7,SNRPD1,SNRPD3,USP39,PRPF8"
"REACTOME_PATHWAY","SRP-dependent cotranslational protein targeting to membrane","8","210","97","10908","2.57e-3","8.77e-3","4.28","9.23e-1","5.74e-3","5.50e-4","R-HSA-1799339~SRP-dependent cotranslational protein targeting to membrane","RPS19,RPL11,SRP54,RPL38,SRP68,RPS27A,UBA52,DDOST"
"REACTOME_PATHWAY","L13a-mediated translational silencing of Ceruloplasmin expression","8","210","97","10908","2.57e-3","8.77e-3","4.28","9.23e-1","5.74e-3","5.50e-4","R-HSA-156827~L13a-mediated translational silencing of Ceruloplasmin expression","RPS19,RPL11,EIF3G,RPL38,RPS27A,EIF4E,UBA52,EIF4G1"
"GOTERM_BP_DIRECT","negative regulation of translation","7","247","92","16251","2.73e-3","5.96e-2","5.01","9.72e-1","5.68e-2","5.03e-4","GO:0017148~negative regulation of translation","GRB7,XRN1,EPRS1,EIF4A3,CNOT10,TYMS,EIF4E"
"REACTOME_PATHWAY","PINK1-PRKN Mediated Mitophagy","5","210","31","10908","2.75e-3","9.32e-3","8.38","9.36e-1","6.10e-3","2.85e-4","R-HSA-5205685~PINK1-PRKN Mediated Mitophagy","UBC,UBE2V1,RPS27A,UBA52,UBE2L3"
"REACTOME_PATHWAY","NEP/NS2 Interacts with the Cellular Export Machinery","5","210","31","10908","2.75e-3","9.32e-3","8.38","9.36e-1","6.10e-3","2.85e-4","R-HSA-168333~NEP/NS2 Interacts with the Cellular Export Machinery","NUP214,SEH1L,XPO1,NUP43,RAN"
"GOTERM_BP_DIRECT","protein modification by small protein conjugation","4","247","19","16251","2.78e-3","5.96e-2","13.85","9.74e-1","5.68e-2","1.69e-4","GO:0032446~protein modification by small protein conjugation","UBE2B,UBE2U,UBE2A,UBE2L3"
"GOTERM_BP_DIRECT","microtubule-based process","5","247","40","16251","3.05e-3","6.45e-2","8.22","9.82e-1","6.15e-2","3.32e-4","GO:0007017~microtubule-based process","DCTN2,VBP1,TUBE1,DYNLL1,PAFAH1B1"
"REACTOME_PATHWAY","Export of Viral Ribonucleoproteins from Nucleus","5","210","32","10908","3.09e-3","1.05e-2","8.12","9.55e-1","6.84e-3","3.32e-4","R-HSA-168274~Export of Viral Ribonucleoproteins from Nucleus","NUP214,SEH1L,XPO1,NUP43,RAN"
"REACTOME_PATHWAY","Nonsense Mediated Decay (NMD) enhanced by the Exon Junction Complex (EJC)","8","210","101","10908","3.22e-3","1.08e-2","4.11","9.60e-1","7.07e-3","7.20e-4","R-HSA-975957~Nonsense Mediated Decay (NMD) enhanced by the Exon Junction Complex (EJC)","UPF1,RPS19,RPL11,EIF4A3,RPL38,RPS27A,UBA52,EIF4G1"
"REACTOME_PATHWAY","Nonsense-Mediated Decay (NMD)","8","210","101","10908","3.22e-3","1.08e-2","4.11","9.60e-1","7.07e-3","7.20e-4","R-HSA-927802~Nonsense-Mediated Decay (NMD)","UPF1,RPS19,RPL11,EIF4A3,RPL38,RPS27A,UBA52,EIF4G1"
"REACTOME_PATHWAY","VLDLR internalisation and degradation","4","210","16","10908","3.23e-3","1.08e-2","12.99","9.61e-1","7.07e-3","2.03e-4","R-HSA-8866427~VLDLR internalisation and degradation","UBC,CLTC,RPS27A,UBA52"
"GOTERM_BP_DIRECT","cell cycle phase transition","3","247","6","16251","3.29e-3","6.80e-2","32.90","9.87e-1","6.48e-2","6.71e-5","GO:0044770~cell cycle phase transition","UPF1,TIPIN,UBE2L3"
"GOTERM_BP_DIRECT","cellular response to nutrient levels","5","247","41","16251","3.34e-3","6.80e-2","8.02","9.88e-1","6.48e-2","3.73e-4","GO:0031669~cellular response to nutrient levels","RRAGA,SEH1L,LAMTOR2,MTOR,EIF4G1"
"REACTOME_PATHWAY","snRNP Assembly","6","210","53","10908","3.35e-3","1.11e-2","5.88","9.65e-1","7.26e-3","5.12e-4","R-HSA-191859~snRNP Assembly","NUP214,SEH1L,SNRPD1,NUP43,SNRPD3,GEMIN8"
"REACTOME_PATHWAY","Ribosomal scanning and start codon recognition","6","210","53","10908","3.35e-3","1.11e-2","5.88","9.65e-1","7.26e-3","5.12e-4","R-HSA-72702~Ribosomal scanning and start codon recognition","EIF5,RPS19,EIF3G,RPS27A,EIF4E,EIF4G1"
"REACTOME_PATHWAY","Metabolism of non-coding RNA","6","210","53","10908","3.35e-3","1.11e-2","5.88","9.65e-1","7.26e-3","5.12e-4","R-HSA-194441~Metabolism of non-coding RNA","NUP214,SEH1L,SNRPD1,NUP43,SNRPD3,GEMIN8"
"GOTERM_BP_DIRECT","protein K48-linked ubiquitination","7","247","96","16251","3.38e-3","6.80e-2","4.80","9.88e-1","6.48e-2","6.50e-4","GO:0070936~protein K48-linked ubiquitination","UBE2D4,UBE2B,CDC26,UBE2E3,UBE2D1,UBE2A,ANAPC2"
"REACTOME_PATHWAY","Centrosome maturation","7","210","77","10908","3.53e-3","1.16e-2","4.72","9.71e-1","7.60e-3","6.81e-4","R-HSA-380287~Centrosome maturation","YWHAE,DCTN2,NME7,HAUS3,DYNLL1,CKAP5,PAFAH1B1"
"REACTOME_PATHWAY","Recruitment of mitotic centrosome proteins and complexes","7","210","77","10908","3.53e-3","1.16e-2","4.72","9.71e-1","7.60e-3","6.81e-4","R-HSA-380270~Recruitment of mitotic centrosome proteins and complexes","YWHAE,DCTN2,NME7,HAUS3,DYNLL1,CKAP5,PAFAH1B1"
"GOTERM_BP_DIRECT","regulation of chromosome organization","4","247","21","16251","3.73e-3","7.39e-2","12.53","9.92e-1","7.04e-2","2.54e-4","GO:0033044~regulation of chromosome organization","RUVBL2,NEK7,ACTL6A,RUVBL1"
"REACTOME_PATHWAY","Rev-mediated nuclear export of HIV RNA","5","210","34","10908","3.87e-3","1.27e-2","7.64","9.79e-1","8.31e-3","4.45e-4","R-HSA-165054~Rev-mediated nuclear export of HIV RNA","NUP214,SEH1L,XPO1,NUP43,RAN"
"REACTOME_PATHWAY","Deadenylation-dependent mRNA decay","6","210","55","10908","3.94e-3","1.29e-2","5.67","9.81e-1","8.42e-3","6.26e-4","R-HSA-429914~Deadenylation-dependent mRNA decay","LSM7,XRN1,EIF4A3,CNOT10,EIF4E,EIF4G1"
"GOTERM_BP_DIRECT","positive regulation of double-strand break repair via homologous recombination","5","247","43","16251","3.98e-3","7.78e-2","7.65","9.95e-1","7.41e-2","4.68e-4","GO:1905168~positive regulation of double-strand break repair via homologous recombination","ACTR2,KAT5,RUVBL2,ACTL6A,RUVBL1"
"REACTOME_PATHWAY","Cilium Assembly","11","210","194","10908","4.17e-3","1.36e-2","2.95","9.85e-1","8.87e-3","1.32e-3","R-HSA-5617833~Cilium Assembly","YWHAE,BBS10,DCTN2,RP2,TCP1,HAUS3,DYNLRB1,IFT46,DYNLL1,CKAP5,PAFAH1B1"
"REACTOME_PATHWAY","Assembly of the 9+0 primary cilium","11","210","194","10908","4.17e-3","1.36e-2","2.95","9.85e-1","8.87e-3","1.32e-3","R-HSA-9975921~Assembly of the 9+0 primary cilium","YWHAE,BBS10,DCTN2,RP2,TCP1,HAUS3,DYNLRB1,IFT46,DYNLL1,CKAP5,PAFAH1B1"
"GOTERM_BP_DIRECT","regulation of cellular response to stress","4","247","22","16251","4.27e-3","8.22e-2","11.96","9.96e-1","7.83e-2","3.07e-4","GO:0080135~regulation of cellular response to stress","DDB1,RTEL1,MTOR,EIF4G1"
"REACTOME_PATHWAY","Activation of ATR in response to replication stress","5","210","35","10908","4.31e-3","1.39e-2","7.42","9.87e-1","9.13e-3","5.11e-4","R-HSA-176187~Activation of ATR in response to replication stress","RFC5,RFC3,ORC2,RAD17,CDC6"
"REACTOME_PATHWAY","Nonsense Mediated Decay (NMD) independent of the Exon Junction Complex (EJC)","7","210","81","10908","4.53e-3","1.46e-2","4.49","9.89e-1","9.58e-3","9.24e-4","R-HSA-975956~Nonsense Mediated Decay (NMD) independent of the Exon Junction Complex (EJC)","UPF1,RPS19,RPL11,RPL38,RPS27A,UBA52,EIF4G1"
"REACTOME_PATHWAY","Iron uptake and transport","6","210","57","10908","4.59e-3","1.48e-2","5.47","9.90e-1","9.67e-3","7.59e-4","R-HSA-917937~Iron uptake and transport","ATP6V1G1,UBC,ATP6V1B2,ATP6V0E2,RPS27A,UBA52"
"GOTERM_BP_DIRECT","nucleotide-excision repair","5","247","45","16251","4.69e-3","8.91e-2","7.31","9.98e-1","8.49e-2","5.79e-4","GO:0006289~nucleotide-excision repair","DDB1,GTF2H2C_2,KAT5,HUS1B,RAD23A"
"REACTOME_PATHWAY","Interactions of Rev with host cellular proteins","5","210","36","10908","4.77e-3","1.53e-2","7.21","9.92e-1","9.99e-3","5.85e-4","R-HSA-177243~Interactions of Rev with host cellular proteins","NUP214,SEH1L,XPO1,NUP43,RAN"
"REACTOME_PATHWAY","Regulation of TP53 Degradation","5","210","36","10908","4.77e-3","1.53e-2","7.21","9.92e-1","9.99e-3","5.85e-4","R-HSA-6804757~Regulation of TP53 Degradation","PPP2R1B,UBC,RPS27A,UBA52,MTOR"
"REACTOME_PATHWAY","ZNF598 and the Ribosome-associated Quality Trigger (RQT) complex dissociate a ribosome stalled on a no-go mRNA","7","210","82","10908","4.81e-3","1.53e-2","4.43","9.92e-1","1.00e-2","9.94e-4","R-HSA-9954716~ZNF598 and the Ribosome-associated Quality Trigger (RQT) complex dissociate a ribosome stalled on a no-go mRNA","RPS19,UBC,RPL11,UBE2D1,RPL38,RPS27A,UBA52"
"GOTERM_BP_DIRECT","mitotic cell cycle","8","247","137","16251","4.87e-3","9.11e-2","3.84","9.98e-1","8.68e-2","1.18e-3","GO:0000278~mitotic cell cycle","SNX18,MIS12,CLTC,CLTB,PTPN6,TUBE1,CKAP5,RAN"
"REACTOME_PATHWAY","Resolution of D-Loop Structures","5","210","37","10908","5.27e-3","1.66e-2","7.02","9.95e-1","1.09e-2","6.66e-4","R-HSA-5693537~Resolution of D-Loop Structures","RTEL1,WRN,KAT5,EXO1,EME2"
"REACTOME_PATHWAY","Plasma lipoprotein clearance","5","210","37","10908","5.27e-3","1.66e-2","7.02","9.95e-1","1.09e-2","6.66e-4","R-HSA-8964043~Plasma lipoprotein clearance","SOAT2,UBC,CLTC,RPS27A,UBA52"
"REACTOME_PATHWAY","Regulation of TP53 Expression and Degradation","5","210","37","10908","5.27e-3","1.66e-2","7.02","9.95e-1","1.09e-2","6.66e-4","R-HSA-6806003~Regulation of TP53 Expression and Degradation","PPP2R1B,UBC,RPS27A,UBA52,MTOR"
"REACTOME_PATHWAY","mRNA Splicing - Major Pathway","11","210","201","10908","5.35e-3","1.67e-2","2.84","9.95e-1","1.09e-2","1.76e-3","R-HSA-72163~mRNA Splicing - Major Pathway","LSM7,HNRNPA3,SF3B3,SNRPD1,ALYREF,EIF4A3,TFIP11,SNRPD3,USP39,PRPF8,CRNKL1"
"REACTOME_PATHWAY","Constitutive Signaling by Ligand-Responsive EGFR Cancer Variants","4","210","19","10908","5.36e-3","1.67e-2","10.94","9.95e-1","1.09e-2","4.12e-4","R-HSA-1236382~Constitutive Signaling by Ligand-Responsive EGFR Cancer Variants","UBC,GAB1,RPS27A,UBA52"
"REACTOME_PATHWAY","Signaling by Ligand-Responsive EGFR Variants in Cancer","4","210","19","10908","5.36e-3","1.67e-2","10.94","9.95e-1","1.09e-2","4.12e-4","R-HSA-5637815~Signaling by Ligand-Responsive EGFR Variants in Cancer","UBC,GAB1,RPS27A,UBA52"
"REACTOME_PATHWAY","Lagging Strand Synthesis","4","210","19","10908","5.36e-3","1.67e-2","10.94","9.95e-1","1.09e-2","4.12e-4","R-HSA-69186~Lagging Strand Synthesis","RFC5,RFC3,PRIM1,POLD2"
"REACTOME_PATHWAY","Mitophagy","5","210","38","10908","5.81e-3","1.80e-2","6.83","9.97e-1","1.18e-2","7.55e-4","R-HSA-5205647~Mitophagy","UBC,UBE2V1,RPS27A,UBA52,UBE2L3"
"GOTERM_BP_DIRECT","positive regulation of chromosome condensation","3","247","8","16251","6.02e-3","1.11e-1","24.67","1.00e+0","1.06e-1","1.84e-4","GO:1905821~positive regulation of chromosome condensation","NCAPG,NCAPD3,SMC2"
"REACTOME_PATHWAY","Selective autophagy","7","210","86","10908","6.07e-3","1.88e-2","4.23","9.98e-1","1.23e-2","1.32e-3","R-HSA-9663891~Selective autophagy","DYNC1LI2,UBC,UBE2V1,RPS27A,DYNLL1,UBA52,UBE2L3"
"REACTOME_PATHWAY","Recruitment of NuMA to mitotic centrosomes","7","210","88","10908","6.78e-3","2.10e-2","4.13","9.99e-1","1.37e-2","1.51e-3","R-HSA-380320~Recruitment of NuMA to mitotic centrosomes","YWHAE,DCTN2,NME7,HAUS3,DYNLL1,CKAP5,PAFAH1B1"
"GOTERM_BP_DIRECT","regulation of double-strand break repair","4","247","26","16251","6.89e-3","1.25e-1","10.12","1.00e+0","1.19e-1","5.98e-4","GO:2000779~regulation of double-strand break repair","KAT5,RUVBL2,ACTL6A,RUVBL1"
"REACTOME_PATHWAY","Interferon Signaling","13","210","277","10908","6.98e-3","2.15e-2","2.44","9.99e-1","1.40e-2","2.69e-3","R-HSA-913531~Interferon Signaling","NUP214,SEH1L,EIF4A3,FANCE,PSMB8,PPP2R1B,UBC,NUP43,PTPN6,RPS27A,UBA52,EIF4E,EIF4G1"
"REACTOME_PATHWAY","mRNA Splicing","11","210","209","10908","6.99e-3","2.15e-2","2.73","9.99e-1","1.40e-2","2.38e-3","R-HSA-72172~mRNA Splicing","LSM7,HNRNPA3,SF3B3,SNRPD1,ALYREF,EIF4A3,TFIP11,SNRPD3,USP39,PRPF8,CRNKL1"
"REACTOME_PATHWAY","PD-L1(CD274) glycosylation and translocation to plasma membrane","4","210","21","10908","7.15e-3","2.19e-2","9.89","9.99e-1","1.43e-2","6.18e-4","R-HSA-9931295~PD-L1(CD274) glycosylation and translocation to plasma membrane","UBC,RPS27A,UBA52,DDOST"
"REACTOME_PATHWAY","Modulation by Mtb of host immune system","3","210","7","10908","7.20e-3","2.19e-2","22.26","9.99e-1","1.43e-2","2.33e-4","R-HSA-9637628~Modulation by Mtb of host immune system","UBC,RPS27A,UBA52"
"REACTOME_PATHWAY","FLT3 signaling by CBL mutants","3","210","7","10908","7.20e-3","2.19e-2","22.26","9.99e-1","1.43e-2","2.33e-4","R-HSA-9706377~FLT3 signaling by CBL mutants","UBC,RPS27A,UBA52"
"GOTERM_BP_DIRECT","box C/D snoRNP assembly","3","247","9","16251","7.66e-3","1.37e-1","21.93","1.00e+0","1.31e-1","2.72e-4","GO:0000492~box C/D snoRNP assembly","ZNHIT3,RUVBL2,RUVBL1"
"GOTERM_BP_DIRECT","protein ubiquitination","17","247","536","16251","7.75e-3","1.37e-1","2.09","1.00e+0","1.31e-1","3.51e-3","GO:0016567~protein ubiquitination","UBE2D4,UBE2B,EIPR1,UBE2E3,UBE2D1,UBE2A,UBE2L3,DDB1,CDC26,UBE2U,UBC,UBE2V2,PRAME,ELOC,RPS27A,UBA52,ANAPC2"
"REACTOME_PATHWAY","JNK (c-Jun kinases) phosphorylation and  activation mediated by activated human TAK1","4","210","22","10908","8.16e-3","2.48e-2","9.44","1.00e+0","1.62e-2","7.44e-4","R-HSA-450321~JNK (c-Jun kinases) phosphorylation and  activation mediated by activated human TAK1","UBC,UBE2V1,RPS27A,UBA52"
"REACTOME_PATHWAY","Mitotic Prophase","8","210","120","10908","8.23e-3","2.49e-2","3.46","1.00e+0","1.63e-2","2.20e-3","R-HSA-68875~Mitotic Prophase","NUP214,SET,SEH1L,PPP2R1B,NEK7,NUP43,NCAPD3,SMC2"
"REACTOME_PATHWAY","Influenza Viral RNA Transcription and Replication","8","210","121","10908","8.60e-3","2.59e-2","3.43","1.00e+0","1.70e-2","2.31e-3","R-HSA-168273~Influenza Viral RNA Transcription and Replication","NUP214,SEH1L,RPS19,RPL11,NUP43,RPL38,RPS27A,UBA52"
"REACTOME_PATHWAY","Loss of proteins required for interphase microtubule organization from the centrosome","6","210","67","10908","9.09e-3","2.72e-2","4.65","1.00e+0","1.78e-2","1.78e-3","R-HSA-380284~Loss of proteins required for interphase microtubule organization from the centrosome","YWHAE,DCTN2,HAUS3,DYNLL1,CKAP5,PAFAH1B1"
"REACTOME_PATHWAY","Loss of Nlp from mitotic centrosomes","6","210","67","10908","9.09e-3","2.72e-2","4.65","1.00e+0","1.78e-2","1.78e-3","R-HSA-380259~Loss of Nlp from mitotic centrosomes","YWHAE,DCTN2,HAUS3,DYNLL1,CKAP5,PAFAH1B1"
"REACTOME_PATHWAY","SRC activates STAT3 in a quantitative manner, through Cadherin-11 (CDH11), RAC1 and gp130 (IL6ST)","4","210","23","10908","9.26e-3","2.76e-2","9.03","1.00e+0","1.80e-2","8.87e-4","R-HSA-9958810~SRC activates STAT3 in a quantitative manner, through Cadherin-11 (CDH11), RAC1 and gp130 (IL6ST)","UBC,CTNNA1,RPS27A,UBA52"
"REACTOME_PATHWAY","activated TAK1 mediates p38 MAPK activation","4","210","23","10908","9.26e-3","2.76e-2","9.03","1.00e+0","1.80e-2","8.87e-4","R-HSA-450302~activated TAK1 mediates p38 MAPK activation","UBC,UBE2V1,RPS27A,UBA52"
"GOTERM_BP_DIRECT","positive regulation of chromosome separation","3","247","10","16251","9.48e-3","1.63e-1","19.74","1.00e+0","1.56e-1","3.85e-4","GO:1905820~positive regulation of chromosome separation","NCAPG,NCAPD3,SMC2"
"GOTERM_BP_DIRECT","modification-dependent protein catabolic process","3","247","10","16251","9.48e-3","1.63e-1","19.74","1.00e+0","1.56e-1","3.85e-4","GO:0019941~modification-dependent protein catabolic process","UBC,RPS27A,UBA52"
"REACTOME_PATHWAY","HuR (ELAVL1) binds and stabilizes mRNA","3","210","8","10908","9.48e-3","2.82e-2","19.48","1.00e+0","1.84e-2","3.67e-4","R-HSA-450520~HuR (ELAVL1) binds and stabilizes mRNA","NUP214,SET,XPO1"
"REACTOME_PATHWAY","Signaling by TGF-beta Receptor Complex","7","210","96","10908","1.02e-2","3.03e-2","3.79","1.00e+0","1.98e-2","2.49e-3","R-HSA-170834~Signaling by TGF-beta Receptor Complex","CDK9,PPP1CB,XPO1,UBC,UBE2D1,RPS27A,UBA52"
"GOTERM_BP_DIRECT","mitotic spindle assembly checkpoint signaling","4","247","30","16251","1.03e-2","1.73e-1","8.77","1.00e+0","1.65e-1","1.05e-3","GO:0007094~mitotic spindle assembly checkpoint signaling","ZWILCH,NUF2,BUB3,MAD2L1"
"GOTERM_BP_DIRECT","RNA splicing, via transesterification reactions","4","247","30","16251","1.03e-2","1.73e-1","8.77","1.00e+0","1.65e-1","1.05e-3","GO:0000375~RNA splicing, via transesterification reactions","DBR1,SF3B3,KHSRP,PRPF8"
"REACTOME_PATHWAY","M-decay: degradation of maternal mRNAs by maternally stored factors","4","210","24","10908","1.04e-2","3.07e-2","8.66","1.00e+0","2.01e-2","1.05e-3","R-HSA-9820841~M-decay: degradation of maternal mRNAs by maternally stored factors","EIF4A3,CNOT10,EIF4E,EIF4G1"
"REACTOME_PATHWAY","Deadenylation of mRNA","4","210","24","10908","1.04e-2","3.07e-2","8.66","1.00e+0","2.01e-2","1.05e-3","R-HSA-429947~Deadenylation of mRNA","EIF4A3,CNOT10,EIF4E,EIF4G1"
"REACTOME_PATHWAY","SARS-CoV-2 modulates host translation machinery","5","210","45","10908","1.06e-2","3.09e-2","5.77","1.00e+0","2.02e-2","1.65e-3","R-HSA-9754678~SARS-CoV-2 modulates host translation machinery","RPS19,SNRPD1,SNRPD3,GEMIN8,RPS27A"
"REACTOME_PATHWAY","SUMOylation of DNA replication proteins","5","210","45","10908","1.06e-2","3.09e-2","5.77","1.00e+0","2.02e-2","1.65e-3","R-HSA-4615885~SUMOylation of DNA replication proteins","NUP214,TOP2B,SEH1L,SUMO3,NUP43"
"REACTOME_PATHWAY","mRNA Polyadenylation","8","210","126","10908","1.06e-2","3.10e-2","3.30","1.00e+0","2.03e-2","2.98e-3","R-HSA-9770562~mRNA Polyadenylation","PPP1CB,HNRNPA3,SF3B3,SNRPD1,UBC,SNRPD3,RPS27A,UBA52"
"REACTOME_PATHWAY","COPI-dependent Golgi-to-ER retrograde traffic","7","210","97","10908","1.07e-2","3.13e-2","3.75","1.00e+0","2.05e-2","2.64e-3","R-HSA-6811434~COPI-dependent Golgi-to-ER retrograde traffic","NAPA,COPB2,COPA,COPB1,COPG1,ARFGAP3,ARCN1"
"REACTOME_PATHWAY","AURKA Activation by TPX2","6","210","70","10908","1.09e-2","3.16e-2","4.45","1.00e+0","2.07e-2","2.23e-3","R-HSA-8854518~AURKA Activation by TPX2","YWHAE,DCTN2,HAUS3,DYNLL1,CKAP5,PAFAH1B1"
"GOTERM_BP_DIRECT","error-prone translesion synthesis","3","247","11","16251","1.15e-2","1.88e-1","17.94","1.00e+0","1.79e-1","5.23e-4","GO:0042276~error-prone translesion synthesis","POLD2,REV1,POLH"
"GOTERM_BP_DIRECT","proteasome assembly","3","247","11","16251","1.15e-2","1.88e-1","17.94","1.00e+0","1.79e-1","5.23e-4","GO:0043248~proteasome assembly","PSMD11,PSMB5,PSMD5"
"REACTOME_PATHWAY","Signaling by EGFR in Cancer","4","210","25","10908","1.17e-2","3.38e-2","8.31","1.00e+0","2.21e-2","1.23e-3","R-HSA-1643713~Signaling by EGFR in Cancer","UBC,GAB1,RPS27A,UBA52"
"GOTERM_BP_DIRECT","protein stabilization","10","247","243","16251","1.19e-2","1.92e-1","2.71","1.00e+0","1.83e-1","4.13e-3","GO:0050821~protein stabilization","DBR1,UBE2B,VBP1,RUVBL2,TCP1,RUVBL1,HSPB1,PARVA,IFT46,MTOR"
"REACTOME_PATHWAY","rRNA processing","10","210","193","10908","1.20e-2","3.41e-2","2.69","1.00e+0","2.23e-2","4.15e-3","R-HSA-72312~rRNA processing","FBL,UTP6,TRMT10C,RPS19,NIP7,RPL11,RPL38,NOC4L,RPS27A,UBA52"
"REACTOME_PATHWAY","Regulation of PTEN localization","3","210","9","10908","1.20e-2","3.41e-2","17.31","1.00e+0","2.23e-2","5.42e-4","R-HSA-8948747~Regulation of PTEN localization","UBC,RPS27A,UBA52"
"REACTOME_PATHWAY","PTK6 Regulates RTKs and Their Effectors AKT1 and DOK1","3","210","9","10908","1.20e-2","3.41e-2","17.31","1.00e+0","2.23e-2","5.42e-4","R-HSA-8849469~PTK6 Regulates RTKs and Their Effectors AKT1 and DOK1","UBC,RPS27A,UBA52"
"REACTOME_PATHWAY","Prevention of phagosomal-lysosomal fusion","3","210","9","10908","1.20e-2","3.41e-2","17.31","1.00e+0","2.23e-2","5.42e-4","R-HSA-9636383~Prevention of phagosomal-lysosomal fusion","UBC,RPS27A,UBA52"
"REACTOME_PATHWAY","Downregulation of ERBB4 signaling","3","210","9","10908","1.20e-2","3.41e-2","17.31","1.00e+0","2.23e-2","5.42e-4","R-HSA-1253288~Downregulation of ERBB4 signaling","UBC,RPS27A,UBA52"
"REACTOME_PATHWAY","InlA-mediated entry of Listeria monocytogenes into host cells","3","210","9","10908","1.20e-2","3.41e-2","17.31","1.00e+0","2.23e-2","5.42e-4","R-HSA-8876493~InlA-mediated entry of Listeria monocytogenes into host cells","UBC,RPS27A,UBA52"
"REACTOME_PATHWAY","Myoclonic epilepsy of Lafora","3","210","9","10908","1.20e-2","3.41e-2","17.31","1.00e+0","2.23e-2","5.42e-4","R-HSA-3785653~Myoclonic epilepsy of Lafora","UBC,RPS27A,UBA52"
"REACTOME_PATHWAY","SARS-CoV Infections","16","210","409","10908","1.21e-2","3.42e-2","2.03","1.00e+0","2.24e-2","5.62e-3","R-HSA-9679506~SARS-CoV Infections","YWHAE,NUP214,SEH1L,SAR1B,DDOST,RPS19,SNRPD1,UBC,G3BP2,NUP43,PTPN6,UBE2V1,SNRPD3,GEMIN8,RPS27A,UBA52"
"GOTERM_BP_DIRECT","translational initiation","5","247","59","16251","1.22e-2","1.92e-1","5.58","1.00e+0","1.83e-1","2.00e-3","GO:0006413~translational initiation","EIF2B3,EIF5,EIF3G,EIF4E,EIF4G1"
"GOTERM_BP_DIRECT","protein transport","16","247","516","16251","1.22e-2","1.92e-1","2.04","1.00e+0","1.83e-1","5.64e-3","GO:0015031~protein transport","PCID2,SEH1L,IST1,ARFGAP3,GABARAP,ARCN1,TIMM10B,NXF1,SCFD1,SNX18,ACAP1,RP2,NUP43,CCDC22,RAN,SNX6"
"REACTOME_PATHWAY","Regulation of TNFR1 signaling","5","210","47","10908","1.23e-2","3.45e-2","5.53","1.00e+0","2.26e-2","2.00e-3","R-HSA-5357905~Regulation of TNFR1 signaling","UBC,UBE2D1,RPS27A,UBA52,UBE2L3"
"REACTOME_PATHWAY","TGF-beta receptor signaling activates SMADs","5","210","47","10908","1.23e-2","3.45e-2","5.53","1.00e+0","2.26e-2","2.00e-3","R-HSA-2173789~TGF-beta receptor signaling activates SMADs","PPP1CB,XPO1,UBC,RPS27A,UBA52"
"GOTERM_BP_DIRECT","positive regulation of TORC1 signaling","5","247","60","16251","1.29e-2","2.01e-1","5.48","1.00e+0","1.91e-1","2.15e-3","GO:1904263~positive regulation of TORC1 signaling","RRAGA,SRMS,SEH1L,LARS1,LAMTOR2"
"GOTERM_BP_DIRECT","organelle transport along microtubule","3","247","12","16251","1.36e-2","2.08e-1","16.45","1.00e+0","1.98e-1","6.89e-4","GO:0072384~organelle transport along microtubule","SNAPIN,COPG1,BORCS6"
"GOTERM_BP_DIRECT","cellular response to leucine starvation","3","247","12","16251","1.36e-2","2.08e-1","16.45","1.00e+0","1.98e-1","6.89e-4","GO:1990253~cellular response to leucine starvation","SAR1B,LARS1,MTOR"
"REACTOME_PATHWAY","COPI-independent Golgi-to-ER retrograde traffic","5","210","49","10908","1.42e-2","3.97e-2","5.30","1.00e+0","2.60e-2","2.42e-3","R-HSA-6811436~COPI-independent Golgi-to-ER retrograde traffic","DYNC1LI2,DCTN2,DYNLL1,AGPAT3,PAFAH1B1"
"REACTOME_PATHWAY","Plasma lipoprotein assembly, remodeling, and clearance","6","210","75","10908","1.44e-2","4.02e-2","4.16","1.00e+0","2.63e-2","3.16e-3","R-HSA-174824~Plasma lipoprotein assembly, remodeling, and clearance","SOAT2,SAR1B,UBC,CLTC,RPS27A,UBA52"
"REACTOME_PATHWAY","Resolution of D-loop Structures through Synthesis-Dependent Strand Annealing (SDSA)","4","210","27","10908","1.45e-2","4.03e-2","7.70","1.00e+0","2.64e-2","1.65e-3","R-HSA-5693554~Resolution of D-loop Structures through Synthesis-Dependent Strand Annealing (SDSA)","RTEL1,WRN,KAT5,EXO1"
"GOTERM_BP_DIRECT","spliceosomal complex assembly","4","247","34","16251","1.45e-2","2.19e-1","7.74","1.00e+0","2.08e-1","1.69e-3","GO:0000245~spliceosomal complex assembly","SNRPD1,SNRPD3,USP39,CRNKL1"
"REACTOME_PATHWAY","Major pathway of rRNA processing in the nucleolus and cytosol","9","210","166","10908","1.45e-2","4.04e-2","2.82","1.00e+0","2.64e-2","4.80e-3","R-HSA-6791226~Major pathway of rRNA processing in the nucleolus and cytosol","FBL,UTP6,RPS19,NIP7,RPL11,RPL38,NOC4L,RPS27A,UBA52"
"REACTOME_PATHWAY","IRAK2 mediated activation of TAK1 complex","3","210","10","10908","1.49e-2","4.12e-2","15.58","1.00e+0","2.70e-2","7.64e-4","R-HSA-937042~IRAK2 mediated activation of TAK1 complex","UBC,RPS27A,UBA52"
"REACTOME_PATHWAY","Signaling by ERBB2","5","210","50","10908","1.52e-2","4.19e-2","5.19","1.00e+0","2.74e-2","2.64e-3","R-HSA-1227986~Signaling by ERBB2","GRB7,UBC,GAB1,RPS27A,UBA52"
"GOTERM_BP_DIRECT","DNA biosynthetic process","4","247","35","16251","1.57e-2","2.34e-1","7.52","1.00e+0","2.23e-1","1.88e-3","GO:0071897~DNA biosynthetic process","POLD2,REV1,TYMS,POLH"
"GOTERM_BP_DIRECT","mitotic DNA replication checkpoint signaling","3","247","13","16251","1.59e-2","2.35e-1","15.18","1.00e+0","2.24e-1","8.86e-4","GO:0033314~mitotic DNA replication checkpoint signaling","HUS1B,RAD17,CDC6"
"REACTOME_PATHWAY","Metalloprotease DUBs","4","210","28","10908","1.60e-2","4.40e-2","7.42","1.00e+0","2.88e-2","1.90e-3","R-HSA-5689901~Metalloprotease DUBs","PSMD14,UBC,RPS27A,UBA52"
"REACTOME_PATHWAY","MTOR signalling","5","210","51","10908","1.62e-2","4.45e-2","5.09","1.00e+0","2.91e-2","2.89e-3","R-HSA-165159~MTOR signalling","RRAGA,LAMTOR2,EIF4E,MTOR,EIF4G1"
"REACTOME_PATHWAY","Maturation of DENV proteins","5","210","51","10908","1.62e-2","4.45e-2","5.09","1.00e+0","2.91e-2","2.89e-3","R-HSA-9918432~Maturation of DENV proteins","XPO1,UBC,RPS27A,UBA52,DDOST"
"GOTERM_BP_DIRECT","apoptotic process","18","247","635","16251","1.67e-2","2.43e-1","1.87","1.00e+0","2.31e-1","8.46e-3","GO:0006915~apoptotic process","UBE2B,PDCD5,DYNLL1,AIMP1,DDB1,PSMB6,PSMB7,RRAGA,PSMA3,PSMB4,PSMA4,PSMB5,PSMA1,KAT5,PSMA2,PSMB3,PSMB1,PRAME"
"GOTERM_BP_DIRECT","vesicle-mediated transport","11","247","303","16251","1.74e-2","2.51e-1","2.39","1.00e+0","2.39e-1","6.81e-3","GO:0016192~vesicle-mediated transport","NAPA,COPB2,COPA,SCFD1,SAR1B,COPB1,CLTC,CLTB,COPG1,ARFGAP3,SYT6"
"REACTOME_PATHWAY","Eukaryotic Translation Elongation","6","210","79","10908","1.77e-2","4.83e-2","3.95","1.00e+0","3.16e-2","4.10e-3","R-HSA-156842~Eukaryotic Translation Elongation","EEF1B2,RPS19,RPL11,RPL38,RPS27A,UBA52"
"REACTOME_PATHWAY","Alpha-protein kinase 1 signaling pathway","3","210","11","10908","1.79e-2","4.84e-2","14.17","1.00e+0","3.17e-2","1.04e-3","R-HSA-9645460~Alpha-protein kinase 1 signaling pathway","UBC,RPS27A,UBA52"
"REACTOME_PATHWAY","Regulation of TBK1, IKKε-mediated activation of IRF3, IRF7 upon TLR3 ligation","3","210","11","10908","1.79e-2","4.84e-2","14.17","1.00e+0","3.17e-2","1.04e-3","R-HSA-9828211~Regulation of TBK1, IKKε-mediated activation of IRF3, IRF7 upon TLR3 ligation","UBC,RPS27A,UBA52"
"REACTOME_PATHWAY","TICAM1,TRAF6-dependent induction of TAK1 complex","3","210","11","10908","1.79e-2","4.84e-2","14.17","1.00e+0","3.17e-2","1.04e-3","R-HSA-9014325~TICAM1,TRAF6-dependent induction of TAK1 complex","UBC,RPS27A,UBA52"
"REACTOME_PATHWAY","Pexophagy","3","210","11","10908","1.79e-2","4.84e-2","14.17","1.00e+0","3.17e-2","1.04e-3","R-HSA-9664873~Pexophagy","UBC,RPS27A,UBA52"
"REACTOME_PATHWAY","Regulation of BACH1 activity","3","210","11","10908","1.79e-2","4.84e-2","14.17","1.00e+0","3.17e-2","1.04e-3","R-HSA-9708530~Regulation of BACH1 activity","UBC,RPS27A,UBA52"
"GOTERM_BP_DIRECT","positive regulation of telomere maintenance in response to DNA damage","3","247","14","16251","1.84e-2","2.57e-1","14.10","1.00e+0","2.45e-1","1.12e-3","GO:1904507~positive regulation of telomere maintenance in response to DNA damage","RUVBL2,ACTL6A,RUVBL1"
"GOTERM_BP_DIRECT","positive regulation of intracellular transport","3","247","14","16251","1.84e-2","2.57e-1","14.10","1.00e+0","2.45e-1","1.12e-3","GO:0032388~positive regulation of intracellular transport","DYNC1LI2,DYNLRB1,DYNLL1"
"GOTERM_BP_DIRECT","positive regulation of signal transduction by p53 class mediator","3","247","14","16251","1.84e-2","2.57e-1","14.10","1.00e+0","2.45e-1","1.12e-3","GO:1901798~positive regulation of signal transduction by p53 class mediator","KAT5,PDCD5,RPL11"
"REACTOME_PATHWAY","Transcriptional activity of SMAD2/SMAD3:SMAD4 heterotrimer","5","210","53","10908","1.85e-2","4.95e-2","4.90","1.00e+0","3.24e-2","3.42e-3","R-HSA-2173793~Transcriptional activity of SMAD2/SMAD3:SMAD4 heterotrimer","CDK9,UBC,UBE2D1,RPS27A,UBA52"
"REACTOME_PATHWAY","Translation initiation complex formation","5","210","53","10908","1.85e-2","4.95e-2","4.90","1.00e+0","3.24e-2","3.42e-3","R-HSA-72649~Translation initiation complex formation","RPS19,EIF3G,RPS27A,EIF4E,EIF4G1"
"GOTERM_BP_DIRECT","spindle assembly","4","247","38","16251","1.96e-2","2.65e-1","6.93","1.00e+0","2.52e-1","2.56e-3","GO:0051225~spindle assembly","HDAC3,PPP2R1B,NEK7,HAUS3"
"GOTERM_BP_DIRECT","establishment of mitotic spindle orientation","4","247","38","16251","1.96e-2","2.65e-1","6.93","1.00e+0","2.52e-1","2.56e-3","GO:0000132~establishment of mitotic spindle orientation","HDAC3,KAT5,CENPA,PAFAH1B1"
"GOTERM_BP_DIRECT","regulation of mitotic cell cycle","5","247","68","16251","1.96e-2","2.65e-1","4.84","1.00e+0","2.52e-1","3.73e-3","GO:0007346~regulation of mitotic cell cycle","YWHAE,HDAC3,CDC26,NEK7,ANAPC2"
"REACTOME_PATHWAY","Activation of the mRNA upon binding of the cap-binding complex and eIFs, and subsequent binding to 43S","5","210","54","10908","1.96e-2","5.26e-2","4.81","1.00e+0","3.44e-2","3.71e-3","R-HSA-72662~Activation of the mRNA upon binding of the cap-binding complex and eIFs, and subsequent binding to 43S","RPS19,EIF3G,RPS27A,EIF4E,EIF4G1"
"REACTOME_PATHWAY","tRNA processing","7","210","111","10908","1.98e-2","5.28e-2","3.28","1.00e+0","3.46e-2","5.57e-3","R-HSA-72306~tRNA processing","NUP214,TRMT10C,SEH1L,EPRS1,C2ORF49,NUP43,RAN"
"REACTOME_PATHWAY","rRNA processing in the nucleus and cytosol","9","210","176","10908","1.99e-2","5.29e-2","2.66","1.00e+0","3.46e-2","6.99e-3","R-HSA-8868773~rRNA processing in the nucleus and cytosol","FBL,UTP6,RPS19,NIP7,RPL11,RPL38,NOC4L,RPS27A,UBA52"
"REACTOME_PATHWAY","Signaling by CSF1 (M-CSF) in myeloid cells","4","210","31","10908","2.10e-2","5.56e-2","6.70","1.00e+0","3.64e-2","2.79e-3","R-HSA-9680350~Signaling by CSF1 (M-CSF) in myeloid cells","UBC,THOC5,RPS27A,UBA52"
"REACTOME_PATHWAY","DNA strand elongation","4","210","31","10908","2.10e-2","5.56e-2","6.70","1.00e+0","3.64e-2","2.79e-3","R-HSA-69190~DNA strand elongation","RFC5,RFC3,PRIM1,POLD2"
"GOTERM_BP_DIRECT","attachment of mitotic spindle microtubules to kinetochore","3","247","15","16251","2.10e-2","2.76e-1","13.16","1.00e+0","2.63e-1","1.38e-3","GO:0051315~attachment of mitotic spindle microtubules to kinetochore","SEH1L,NUF2,MIS12"
"GOTERM_BP_DIRECT","Arp2/3 complex-mediated actin nucleation","3","247","15","16251","2.10e-2","2.76e-1","13.16","1.00e+0","2.63e-1","1.38e-3","GO:0034314~Arp2/3 complex-mediated actin nucleation","ACTR2,ARPC2,IQGAP2"
"GOTERM_BP_DIRECT","regulation of DNA strand elongation","3","247","15","16251","2.10e-2","2.76e-1","13.16","1.00e+0","2.63e-1","1.38e-3","GO:0060382~regulation of DNA strand elongation","RUVBL2,ACTL6A,RUVBL1"
"REACTOME_PATHWAY","Z-decay: degradation of maternal mRNAs by zygotically expressed factors","3","210","12","10908","2.13e-2","5.61e-2","12.99","1.00e+0","3.67e-2","1.36e-3","R-HSA-9820865~Z-decay: degradation of maternal mRNAs by zygotically expressed factors","EIF4A3,EIF4E,EIF4G1"
"GOTERM_BP_DIRECT","protein K63-linked ubiquitination","5","247","70","16251","2.16e-2","2.80e-1","4.70","1.00e+0","2.67e-1","4.22e-3","GO:0070534~protein K63-linked ubiquitination","UBE2D4,UBE2B,UBE2E3,UBE2V2,UBE2V1"
"REACTOME_PATHWAY","Organelle biogenesis and maintenance","12","210","286","10908","2.17e-2","5.71e-2","2.18","1.00e+0","3.73e-2","9.28e-3","R-HSA-1852241~Organelle biogenesis and maintenance","YWHAE,HDAC3,BBS10,DCTN2,RP2,TCP1,HAUS3,DYNLRB1,IFT46,DYNLL1,CKAP5,PAFAH1B1"
"REACTOME_PATHWAY","TNF signaling","5","210","56","10908","2.21e-2","5.82e-2","4.64","1.00e+0","3.81e-2","4.34e-3","R-HSA-75893~TNF signaling","UBC,UBE2D1,RPS27A,UBA52,UBE2L3"
"GOTERM_BP_DIRECT","DNA metabolic process","4","247","40","16251","2.24e-2","2.88e-1","6.58","1.00e+0","2.74e-1","3.10e-3","GO:0006259~DNA metabolic process","TOP2B,WRN,HUS1B,RAN"
"REACTOME_PATHWAY","RIPK1-mediated regulated necrosis","4","210","32","10908","2.29e-2","5.96e-2","6.49","1.00e+0","3.90e-2","3.15e-3","R-HSA-5213460~RIPK1-mediated regulated necrosis","UBC,RPS27A,UBA52,UBE2L3"
"REACTOME_PATHWAY","Regulation of necroptotic cell death","4","210","32","10908","2.29e-2","5.96e-2","6.49","1.00e+0","3.90e-2","3.15e-3","R-HSA-5675482~Regulation of necroptotic cell death","UBC,RPS27A,UBA52,UBE2L3"
"REACTOME_PATHWAY","Downregulation of SMAD2/3:SMAD4 transcriptional activity","4","210","32","10908","2.29e-2","5.96e-2","6.49","1.00e+0","3.90e-2","3.15e-3","R-HSA-2173795~Downregulation of SMAD2/3:SMAD4 transcriptional activity","UBC,UBE2D1,RPS27A,UBA52"
"REACTOME_PATHWAY","tRNA processing in the nucleus","5","210","57","10908","2.35e-2","6.10e-2","4.56","1.00e+0","3.99e-2","4.69e-3","R-HSA-6784531~tRNA processing in the nucleus","NUP214,SEH1L,C2ORF49,NUP43,RAN"
"REACTOME_PATHWAY","Suppression of phagosomal maturation","3","210","13","10908","2.48e-2","6.33e-2","11.99","1.00e+0","4.14e-2","1.74e-3","R-HSA-9637687~Suppression of phagosomal maturation","UBC,RPS27A,UBA52"
"REACTOME_PATHWAY","TICAM1-dependent activation of IRF3/IRF7","3","210","13","10908","2.48e-2","6.33e-2","11.99","1.00e+0","4.14e-2","1.74e-3","R-HSA-9013973~TICAM1-dependent activation of IRF3/IRF7","UBC,RPS27A,UBA52"
"REACTOME_PATHWAY","Downregulation of ERBB2:ERBB3 signaling","3","210","13","10908","2.48e-2","6.33e-2","11.99","1.00e+0","4.14e-2","1.74e-3","R-HSA-1358803~Downregulation of ERBB2:ERBB3 signaling","UBC,RPS27A,UBA52"
"REACTOME_PATHWAY","p75NTR recruits signalling complexes","3","210","13","10908","2.48e-2","6.33e-2","11.99","1.00e+0","4.14e-2","1.74e-3","R-HSA-209543~p75NTR recruits signalling complexes","UBC,RPS27A,UBA52"
"REACTOME_PATHWAY","NF-kB is activated and signals survival","3","210","13","10908","2.48e-2","6.33e-2","11.99","1.00e+0","4.14e-2","1.74e-3","R-HSA-209560~NF-kB is activated and signals survival","UBC,RPS27A,UBA52"
"REACTOME_PATHWAY","Nuclear import of Rev protein","4","210","33","10908","2.48e-2","6.33e-2","6.30","1.00e+0","4.14e-2","3.53e-3","R-HSA-180746~Nuclear import of Rev protein","NUP214,SEH1L,NUP43,RAN"
"REACTOME_PATHWAY","Evasion by RSV of host interferon responses","4","210","33","10908","2.48e-2","6.33e-2","6.30","1.00e+0","4.14e-2","3.53e-3","R-HSA-9833109~Evasion by RSV of host interferon responses","UBC,ELOC,RPS27A,UBA52"
"REACTOME_PATHWAY","Formation of a pool of free 40S subunits","6","210","87","10908","2.56e-2","6.53e-2","3.58","1.00e+0","4.27e-2","6.57e-3","R-HSA-72689~Formation of a pool of free 40S subunits","RPS19,RPL11,EIF3G,RPL38,RPS27A,UBA52"
"GOTERM_BP_DIRECT","RNA export from nucleus","3","247","17","16251","2.67e-2","3.33e-1","11.61","1.00e+0","3.18e-1","2.01e-3","GO:0006405~RNA export from nucleus","NUP214,ALYREF,XPO5"
"GOTERM_BP_DIRECT","negative regulation of natural killer cell mediated cytotoxicity","3","247","17","16251","2.67e-2","3.33e-1","11.61","1.00e+0","3.18e-1","2.01e-3","GO:0045953~negative regulation of natural killer cell mediated cytotoxicity","KLRD1,TIGIT,PVR"
"GOTERM_BP_DIRECT","protein-containing complex localization","3","247","17","16251","2.67e-2","3.33e-1","11.61","1.00e+0","3.18e-1","2.01e-3","GO:0031503~protein-containing complex localization","SNAPIN,SEH1L,RAN"
"REACTOME_PATHWAY","Senescence-Associated Secretory Phenotype (SASP)","6","210","89","10908","2.80e-2","7.10e-2","3.50","1.00e+0","4.65e-2","7.32e-3","R-HSA-2559582~Senescence-Associated Secretory Phenotype (SASP)","CDC26,UBC,UBE2D1,RPS27A,UBA52,ANAPC2"
"REACTOME_PATHWAY","Regulation of TBK1, IKKε (IKBKE)-mediated activation of IRF3, IRF7","3","210","14","10908","2.86e-2","7.13e-2","11.13","1.00e+0","4.67e-2","2.19e-3","R-HSA-9824878~Regulation of TBK1, IKKε (IKBKE)-mediated activation of IRF3, IRF7","UBC,RPS27A,UBA52"
"REACTOME_PATHWAY","Membrane binding and targetting of GAG proteins","3","210","14","10908","2.86e-2","7.13e-2","11.13","1.00e+0","4.67e-2","2.19e-3","R-HSA-174490~Membrane binding and targetting of GAG proteins","UBC,RPS27A,UBA52"
"REACTOME_PATHWAY","Regulation of innate immune responses to cytosolic DNA","3","210","14","10908","2.86e-2","7.13e-2","11.13","1.00e+0","4.67e-2","2.19e-3","R-HSA-3134975~Regulation of innate immune responses to cytosolic DNA","UBC,RPS27A,UBA52"
"REACTOME_PATHWAY","Synthesis And Processing Of GAG, GAGPOL Polyproteins","3","210","14","10908","2.86e-2","7.13e-2","11.13","1.00e+0","4.67e-2","2.19e-3","R-HSA-174495~Synthesis And Processing Of GAG, GAGPOL Polyproteins","UBC,RPS27A,UBA52"
"REACTOME_PATHWAY","Constitutive Signaling by NOTCH1 HD Domain Mutants","3","210","14","10908","2.86e-2","7.13e-2","11.13","1.00e+0","4.67e-2","2.19e-3","R-HSA-2691232~Constitutive Signaling by NOTCH1 HD Domain Mutants","UBC,RPS27A,UBA52"
"REACTOME_PATHWAY","Signaling by NOTCH1 HD Domain Mutants in Cancer","3","210","14","10908","2.86e-2","7.13e-2","11.13","1.00e+0","4.67e-2","2.19e-3","R-HSA-2691230~Signaling by NOTCH1 HD Domain Mutants in Cancer","UBC,RPS27A,UBA52"
"REACTOME_PATHWAY","Glycogen synthesis","3","210","14","10908","2.86e-2","7.13e-2","11.13","1.00e+0","4.67e-2","2.19e-3","R-HSA-3322077~Glycogen synthesis","UBC,RPS27A,UBA52"
"REACTOME_PATHWAY","Negative regulators of DDX58/IFIH1 signaling","4","210","35","10908","2.89e-2","7.17e-2","5.94","1.00e+0","4.69e-2","4.38e-3","R-HSA-936440~Negative regulators of DDX58/IFIH1 signaling","UBC,UBE2D1,RPS27A,UBA52"
"REACTOME_PATHWAY","N-glycan trimming in the ER and Calnexin/Calreticulin cycle","4","210","35","10908","2.89e-2","7.17e-2","5.94","1.00e+0","4.69e-2","4.38e-3","R-HSA-532668~N-glycan trimming in the ER and Calnexin/Calreticulin cycle","PSMC1,UBC,RPS27A,UBA52"
"REACTOME_PATHWAY","Nuclear Pore Complex (NPC) Disassembly","4","210","35","10908","2.89e-2","7.17e-2","5.94","1.00e+0","4.69e-2","4.38e-3","R-HSA-3301854~Nuclear Pore Complex (NPC) Disassembly","NUP214,SEH1L,NEK7,NUP43"
"GOTERM_BP_DIRECT","mitotic chromosome condensation","3","247","18","16251","2.98e-2","3.61e-1","10.97","1.00e+0","3.44e-1","2.39e-3","GO:0007076~mitotic chromosome condensation","NCAPG,NCAPD3,SMC2"
"GOTERM_BP_DIRECT","pre-miRNA export from nucleus","2","247","2","16251","3.00e-2","3.61e-1","65.79","1.00e+0","3.44e-1","2.30e-4","GO:0035281~pre-miRNA export from nucleus","XPO5,RAN"
"GOTERM_BP_DIRECT","error-free postreplication DNA repair","2","247","2","16251","3.00e-2","3.61e-1","65.79","1.00e+0","3.44e-1","2.30e-4","GO:0042275~error-free postreplication DNA repair","UBE2V2,UBE2V1"
"GOTERM_BP_DIRECT","smooth muscle cell chemotaxis","2","247","2","16251","3.00e-2","3.61e-1","65.79","1.00e+0","3.44e-1","2.30e-4","GO:0071670~smooth muscle cell chemotaxis","PDGFRB,PARVA"
"GOTERM_BP_DIRECT","cytoplasmic translation","5","247","78","16251","3.06e-2","3.64e-1","4.22","1.00e+0","3.47e-1","6.68e-3","GO:0002181~cytoplasmic translation","RPS19,RPL11,RPL38,RPS27A,UBA52"
"REACTOME_PATHWAY","Resolution of D-loop Structures through Holliday Junction Intermediates","4","210","36","10908","3.11e-2","7.68e-2","5.77","1.00e+0","5.02e-2","4.85e-3","R-HSA-5693568~Resolution of D-loop Structures through Holliday Junction Intermediates","WRN,KAT5,EXO1,EME2"
"REACTOME_PATHWAY","SMAD2/SMAD3:SMAD4 heterotrimer regulates transcription","4","210","36","10908","3.11e-2","7.68e-2","5.77","1.00e+0","5.02e-2","4.85e-3","R-HSA-2173796~SMAD2/SMAD3:SMAD4 heterotrimer regulates transcription","CDK9,UBC,RPS27A,UBA52"
"REACTOME_PATHWAY","MAP kinase activation","5","210","63","10908","3.24e-2","7.95e-2","4.12","1.00e+0","5.20e-2","7.17e-3","R-HSA-450294~MAP kinase activation","PPP2R1B,UBC,UBE2V1,RPS27A,UBA52"
"REACTOME_PATHWAY","IRAK2 mediated activation of TAK1 complex upon TLR7/8 or 9 stimulation","3","210","15","10908","3.26e-2","7.95e-2","10.39","1.00e+0","5.20e-2","2.70e-3","R-HSA-975163~IRAK2 mediated activation of TAK1 complex upon TLR7/8 or 9 stimulation","UBC,RPS27A,UBA52"
"REACTOME_PATHWAY","Negative regulation of FLT3","3","210","15","10908","3.26e-2","7.95e-2","10.39","1.00e+0","5.20e-2","2.70e-3","R-HSA-9706369~Negative regulation of FLT3","UBC,RPS27A,UBA52"
"REACTOME_PATHWAY","Enterobacterial factors antagonize host defense","3","210","15","10908","3.26e-2","7.95e-2","10.39","1.00e+0","5.20e-2","2.70e-3","R-HSA-9956593~Enterobacterial factors antagonize host defense","UBC,RPS27A,UBA52"
"GOTERM_BP_DIRECT","DNA synthesis involved in DNA repair","3","247","19","16251","3.29e-2","3.85e-1","10.39","1.00e+0","3.67e-1","2.81e-3","GO:0000731~DNA synthesis involved in DNA repair","WRN,RFC3,POLH"
"GOTERM_BP_DIRECT","attachment of spindle microtubules to kinetochore","3","247","19","16251","3.29e-2","3.85e-1","10.39","1.00e+0","3.67e-1","2.81e-3","GO:0008608~attachment of spindle microtubules to kinetochore","NUF2,MIS12,BUB3"
"REACTOME_PATHWAY","NOD1/2 Signaling Pathway","4","210","37","10908","3.34e-2","8.14e-2","5.62","1.00e+0","5.33e-2","5.36e-3","R-HSA-168638~NOD1/2 Signaling Pathway","UBC,UBE2V1,RPS27A,UBA52"
"REACTOME_PATHWAY","Recruitment and ATM-mediated phosphorylation of repair and signaling proteins at DNA double strand breaks","5","210","64","10908","3.41e-2","8.28e-2","4.06","1.00e+0","5.42e-2","7.66e-3","R-HSA-5693565~Recruitment and ATM-mediated phosphorylation of repair and signaling proteins at DNA double strand breaks","KAT5,UBC,UBE2V2,RPS27A,UBA52"
"REACTOME_PATHWAY","MyD88 cascade initiated on plasma membrane","6","210","95","10908","3.56e-2","8.57e-2","3.28","1.00e+0","5.61e-2","9.96e-3","R-HSA-975871~MyD88 cascade initiated on plasma membrane","PPP2R1B,UBC,UBE2V1,RPS27A,TLR5,UBA52"
"REACTOME_PATHWAY","Toll Like Receptor 10 (TLR10) Cascade","6","210","95","10908","3.56e-2","8.57e-2","3.28","1.00e+0","5.61e-2","9.96e-3","R-HSA-168142~Toll Like Receptor 10 (TLR10) Cascade","PPP2R1B,UBC,UBE2V1,RPS27A,TLR5,UBA52"
"REACTOME_PATHWAY","Anchoring of the basal body to the plasma membrane","6","210","95","10908","3.56e-2","8.57e-2","3.28","1.00e+0","5.61e-2","9.96e-3","R-HSA-5620912~Anchoring of the basal body to the plasma membrane","YWHAE,DCTN2,HAUS3,DYNLL1,CKAP5,PAFAH1B1"
"REACTOME_PATHWAY","Toll Like Receptor 5 (TLR5) Cascade","6","210","95","10908","3.56e-2","8.57e-2","3.28","1.00e+0","5.61e-2","9.96e-3","R-HSA-168176~Toll Like Receptor 5 (TLR5) Cascade","PPP2R1B,UBC,UBE2V1,RPS27A,TLR5,UBA52"
"REACTOME_PATHWAY","ROS and RNS production in phagocytes","4","210","38","10908","3.58e-2","8.57e-2","5.47","1.00e+0","5.61e-2","5.90e-3","R-HSA-1222556~ROS and RNS production in phagocytes","ATP6V1G1,NCF1,ATP6V1B2,ATP6V0E2"
"REACTOME_PATHWAY","DNA Double Strand Break Response","5","210","65","10908","3.58e-2","8.57e-2","4.00","1.00e+0","5.61e-2","8.17e-3","R-HSA-5693606~DNA Double Strand Break Response","KAT5,UBC,UBE2V2,RPS27A,UBA52"
"REACTOME_PATHWAY","NRIF signals cell death from the nucleus","3","210","16","10908","3.68e-2","8.62e-2","9.74","1.00e+0","5.64e-2","3.27e-3","R-HSA-205043~NRIF signals cell death from the nucleus","UBC,RPS27A,UBA52"
"REACTOME_PATHWAY","Assembly Of The HIV Virion","3","210","16","10908","3.68e-2","8.62e-2","9.74","1.00e+0","5.64e-2","3.27e-3","R-HSA-175474~Assembly Of The HIV Virion","UBC,RPS27A,UBA52"
"REACTOME_PATHWAY","TGF-beta receptor signaling in EMT (epithelial to mesenchymal transition)","3","210","16","10908","3.68e-2","8.62e-2","9.74","1.00e+0","5.64e-2","3.27e-3","R-HSA-2173791~TGF-beta receptor signaling in EMT (epithelial to mesenchymal transition)","UBC,RPS27A,UBA52"
"REACTOME_PATHWAY","Glycogen storage diseases","3","210","16","10908","3.68e-2","8.62e-2","9.74","1.00e+0","5.64e-2","3.27e-3","R-HSA-3229121~Glycogen storage diseases","UBC,RPS27A,UBA52"
"REACTOME_PATHWAY","InlB-mediated entry of Listeria monocytogenes into host cell","3","210","16","10908","3.68e-2","8.62e-2","9.74","1.00e+0","5.64e-2","3.27e-3","R-HSA-8875360~InlB-mediated entry of Listeria monocytogenes into host cell","UBC,RPS27A,UBA52"
"REACTOME_PATHWAY","p75NTR signals via NF-kB","3","210","16","10908","3.68e-2","8.62e-2","9.74","1.00e+0","5.64e-2","3.27e-3","R-HSA-193639~p75NTR signals via NF-kB","UBC,RPS27A,UBA52"
"REACTOME_PATHWAY","MAP3K8 (TPL2)-dependent MAPK1/3 activation","3","210","16","10908","3.68e-2","8.62e-2","9.74","1.00e+0","5.64e-2","3.27e-3","R-HSA-5684264~MAP3K8 (TPL2)-dependent MAPK1/3 activation","UBC,RPS27A,UBA52"
"REACTOME_PATHWAY","TRAF6-mediated induction of TAK1 complex within TLR4 complex","3","210","16","10908","3.68e-2","8.62e-2","9.74","1.00e+0","5.64e-2","3.27e-3","R-HSA-937072~TRAF6-mediated induction of TAK1 complex within TLR4 complex","UBC,RPS27A,UBA52"
"REACTOME_PATHWAY","Spry regulation of FGF signaling","3","210","16","10908","3.68e-2","8.62e-2","9.74","1.00e+0","5.64e-2","3.27e-3","R-HSA-1295596~Spry regulation of FGF signaling","UBC,RPS27A,UBA52"
"REACTOME_PATHWAY","Ovarian tumor domain proteases","4","210","39","10908","3.82e-2","8.94e-2","5.33","1.00e+0","5.85e-2","6.48e-3","R-HSA-5689896~Ovarian tumor domain proteases","UBC,UBE2D1,RPS27A,UBA52"
"GOTERM_BP_DIRECT","positive regulation of mitotic cell cycle spindle assembly checkpoint","3","247","21","16251","3.97e-2","4.60e-1","9.40","1.00e+0","4.38e-1","3.77e-3","GO:0090267~positive regulation of mitotic cell cycle spindle assembly checkpoint","DYNLRB1,DYNLL1,MAD2L1"
"REACTOME_PATHWAY","Signaling by FGFR3","4","210","40","10908","4.08e-2","9.51e-2","5.19","1.00e+0","6.23e-2","7.09e-3","R-HSA-5654741~Signaling by FGFR3","UBC,GAB1,RPS27A,UBA52"
"REACTOME_PATHWAY","Regulation of NF-kappa B signaling","3","210","17","10908","4.11e-2","9.58e-2","9.17","1.00e+0","6.27e-2","3.92e-3","R-HSA-9758274~Regulation of NF-kappa B signaling","UBC,RPS27A,UBA52"
"REACTOME_PATHWAY","Signaling by FGFR4","4","210","41","10908","4.34e-2","1.01e-1","5.07","1.00e+0","6.59e-2","7.75e-3","R-HSA-5654743~Signaling by FGFR4","UBC,GAB1,RPS27A,UBA52"
"GOTERM_BP_DIRECT","maturation of SSU-rRNA","4","247","52","16251","4.40e-2","5.06e-1","5.06","1.00e+0","4.82e-1","7.97e-3","GO:0030490~maturation of SSU-rRNA","FBL,UTP6,RPS19,NOC4L"
"GOTERM_BP_DIRECT","regulation of translation at postsynapse, modulating synaptic transmission","2","247","3","16251","4.47e-2","5.10e-1","43.86","1.00e+0","4.85e-1","6.83e-4","GO:0099578~regulation of translation at postsynapse, modulating synaptic transmission","EIF4A3,EIF4E"
"REACTOME_PATHWAY","Activation of IRF3, IRF7 mediated by TBK1, IKKε (IKBKE)","3","210","18","10908","4.57e-2","1.06e-1","8.66","1.00e+0","6.93e-2","4.64e-3","R-HSA-936964~Activation of IRF3, IRF7 mediated by TBK1, IKKε (IKBKE)","UBC,RPS27A,UBA52"
"REACTOME_PATHWAY","Interleukin-17 signaling","5","210","71","10908","4.71e-2","1.09e-1","3.66","1.00e+0","7.12e-2","1.17e-2","R-HSA-448424~Interleukin-17 signaling","PPP2R1B,UBC,UBE2V1,RPS27A,UBA52"
"REACTOME_PATHWAY","Signaling by Receptor Tyrosine Kinases","17","210","529","10908","4.75e-2","1.10e-1","1.67","1.00e+0","7.17e-2","2.66e-2","R-HSA-9006934~Signaling by Receptor Tyrosine Kinases","PDGFRB,GRB7,ATP6V1G1,HDAC3,NCF1,CLTC,GAB1,HSPB1,MTOR,PPP2R1B,UBC,ATP6V1B2,CTNNA1,PTPN6,ATP6V0E2,RPS27A,UBA52"
"REACTOME_PATHWAY","Negative regulation of MAPK pathway","4","210","43","10908","4.89e-2","1.12e-1","4.83","1.00e+0","7.34e-2","9.16e-3","R-HSA-5675221~Negative regulation of MAPK pathway","PPP2R1B,UBC,RPS27A,UBA52"
"REACTOME_PATHWAY","TAK1-dependent IKK and NF-kappa-B activation","4","210","43","10908","4.89e-2","1.12e-1","4.83","1.00e+0","7.34e-2","9.16e-3","R-HSA-445989~TAK1-dependent IKK and NF-kappa-B activation","UBC,UBE2V1,RPS27A,UBA52"
"REACTOME_PATHWAY","Toll Like Receptor 3 (TLR3) Cascade","6","210","104","10908","4.94e-2","1.13e-1","3.00","1.00e+0","7.40e-2","1.51e-2","R-HSA-168164~Toll Like Receptor 3 (TLR3) Cascade","PPP2R1B,UBC,UBE2D1,UBE2V1,RPS27A,UBA52"
"REACTOME_PATHWAY","Aberrant regulation of mitotic exit in cancer due to RB1 defects","3","210","19","10908","5.05e-2","1.15e-1","8.20","1.00e+0","7.49e-2","5.43e-3","R-HSA-9687136~Aberrant regulation of mitotic exit in cancer due to RB1 defects","CDC26,UBE2D1,ANAPC2"
"REACTOME_PATHWAY","Phosphorylation of the APC/C","3","210","19","10908","5.05e-2","1.15e-1","8.20","1.00e+0","7.49e-2","5.43e-3","R-HSA-176412~Phosphorylation of the APC/C","CDC26,UBE2D1,ANAPC2"
"REACTOME_PATHWAY","Regulation of TP53 Activity through Methylation","3","210","19","10908","5.05e-2","1.15e-1","8.20","1.00e+0","7.49e-2","5.43e-3","R-HSA-6804760~Regulation of TP53 Activity through Methylation","UBC,RPS27A,UBA52"
"REACTOME_PATHWAY","Conversion from APC/C:Cdc20 to APC/C:Cdh1 in late anaphase","3","210","19","10908","5.05e-2","1.15e-1","8.20","1.00e+0","7.49e-2","5.43e-3","R-HSA-176407~Conversion from APC/C:Cdc20 to APC/C:Cdh1 in late anaphase","CDC26,UBE2D1,ANAPC2"
"GOTERM_BP_DIRECT","nuclear-transcribed mRNA catabolic process","3","247","24","16251","5.06e-2","5.72e-1","8.22","1.00e+0","5.45e-1","5.54e-3","GO:0000956~nuclear-transcribed mRNA catabolic process","UPF1,LSM7,XRN1"
"REACTOME_PATHWAY","Deactivation of the beta-catenin transactivating complex","4","210","44","10908","5.17e-2","1.17e-1","4.72","1.00e+0","7.67e-2","9.93e-3","R-HSA-3769402~Deactivation of the beta-catenin transactivating complex","XPO1,UBC,RPS27A,UBA52"
"GOTERM_BP_DIRECT","regulation of embryonic development","4","247","56","16251","5.29e-2","5.92e-1","4.70","1.00e+0","5.64e-1","1.03e-2","GO:0045995~regulation of embryonic development","DDB1,RUVBL2,ACTL6A,RUVBL1"
"GOTERM_BP_DIRECT","U2-type prespliceosome assembly","3","247","25","16251","5.45e-2","6.05e-1","7.90","1.00e+0","5.76e-1","6.23e-3","GO:1903241~U2-type prespliceosome assembly","SF3B3,SNRPD1,SNRPD3"
"GOTERM_BP_DIRECT","cellular response to amino acid starvation","4","247","57","16251","5.52e-2","6.08e-1","4.62","1.00e+0","5.79e-1","1.10e-2","GO:0034198~cellular response to amino acid starvation","RRAGA,SEH1L,LARS1,MTOR"
"REACTOME_PATHWAY","PCNA-Dependent Long Patch Base Excision Repair","3","210","20","10908","5.54e-2","1.24e-1","7.79","1.00e+0","8.13e-2","6.30e-3","R-HSA-5651801~PCNA-Dependent Long Patch Base Excision Repair","RFC5,RFC3,POLD2"
"REACTOME_PATHWAY","Interferon alpha/beta signaling","5","210","75","10908","5.56e-2","1.24e-1","3.46","1.00e+0","8.13e-2","1.46e-2","R-HSA-909733~Interferon alpha/beta signaling","UBC,PTPN6,RPS27A,UBA52,PSMB8"
"REACTOME_PATHWAY","PELO:HBS1L and ABCE1 dissociate a ribosome on a non-stop mRNA","5","210","75","10908","5.56e-2","1.24e-1","3.46","1.00e+0","8.13e-2","1.46e-2","R-HSA-9954714~PELO:HBS1L and ABCE1 dissociate a ribosome on a non-stop mRNA","RPS19,RPL11,RPL38,RPS27A,UBA52"
"REACTOME_PATHWAY","Peptide chain elongation","5","210","75","10908","5.56e-2","1.24e-1","3.46","1.00e+0","8.13e-2","1.46e-2","R-HSA-156902~Peptide chain elongation","RPS19,RPL11,RPL38,RPS27A,UBA52"
"REACTOME_PATHWAY","SUMOylation of DNA damage response and repair proteins","5","210","75","10908","5.56e-2","1.24e-1","3.46","1.00e+0","8.13e-2","1.46e-2","R-HSA-3108214~SUMOylation of DNA damage response and repair proteins","NUP214,WRN,SEH1L,SUMO3,NUP43"
"REACTOME_PATHWAY","Viral mRNA Translation","5","210","75","10908","5.56e-2","1.24e-1","3.46","1.00e+0","8.13e-2","1.46e-2","R-HSA-192823~Viral mRNA Translation","RPS19,RPL11,RPL38,RPS27A,UBA52"
"REACTOME_PATHWAY","TRIF (TICAM1)-mediated TLR4 signaling","6","210","108","10908","5.64e-2","1.25e-1","2.89","1.00e+0","8.21e-2","1.79e-2","R-HSA-937061~TRIF (TICAM1)-mediated TLR4 signaling","PPP2R1B,UBC,UBE2D1,UBE2V1,RPS27A,UBA52"
"REACTOME_PATHWAY","MyD88-independent TLR4 cascade","6","210","108","10908","5.64e-2","1.25e-1","2.89","1.00e+0","8.21e-2","1.79e-2","R-HSA-166166~MyD88-independent TLR4 cascade","PPP2R1B,UBC,UBE2D1,UBE2V1,RPS27A,UBA52"
"GOTERM_BP_DIRECT","DNA repair-dependent chromatin remodeling","3","247","26","16251","5.85e-2","6.25e-1","7.59","1.00e+0","5.96e-1","6.97e-3","GO:0140861~DNA repair-dependent chromatin remodeling","HDAC3,KAT5,PHF1"
"GOTERM_BP_DIRECT","RNA splicing","8","247","228","16251","5.88e-2","6.25e-1","2.31","1.00e+0","5.96e-1","2.35e-2","GO:0008380~RNA splicing","SF3B3,SNRPD1,KHSRP,ALYREF,SNRPD3,THOC5,USP39,PRPF8"
"GOTERM_BP_DIRECT","ribosomal subunit export from nucleus","2","247","4","16251","5.92e-2","6.25e-1","32.90","1.00e+0","5.96e-1","1.35e-3","GO:0000054~ribosomal subunit export from nucleus","XPO1,RAN"
"GOTERM_BP_DIRECT","COP9 signalosome assembly","2","247","4","16251","5.92e-2","6.25e-1","32.90","1.00e+0","5.96e-1","1.35e-3","GO:0010387~COP9 signalosome assembly","COPS7A,COPS8"
"GOTERM_BP_DIRECT","meiotic chromosome segregation","2","247","4","16251","5.92e-2","6.25e-1","32.90","1.00e+0","5.96e-1","1.35e-3","GO:0045132~meiotic chromosome segregation","NUF2,SMC2"
"REACTOME_PATHWAY","HCMV Early Events","6","210","110","10908","6.01e-2","1.33e-1","2.83","1.00e+0","8.72e-2","1.94e-2","R-HSA-9609690~HCMV Early Events","NUP214,DYNC1LI2,SEH1L,HDAC3,NUP43,DYNLL1"
"REACTOME_PATHWAY","Regulation of FZD by ubiquitination","3","210","21","10908","6.04e-2","1.33e-1","7.42","1.00e+0","8.72e-2","7.24e-3","R-HSA-4641263~Regulation of FZD by ubiquitination","UBC,RPS27A,UBA52"
"REACTOME_PATHWAY","ER Quality Control Compartment (ERQC)","3","210","21","10908","6.04e-2","1.33e-1","7.42","1.00e+0","8.72e-2","7.24e-3","R-HSA-901032~ER Quality Control Compartment (ERQC)","UBC,RPS27A,UBA52"
"REACTOME_PATHWAY","Listeria monocytogenes entry into host cells","3","210","21","10908","6.04e-2","1.33e-1","7.42","1.00e+0","8.72e-2","7.24e-3","R-HSA-8876384~Listeria monocytogenes entry into host cells","UBC,RPS27A,UBA52"
"REACTOME_PATHWAY","G1 Phase","4","210","47","10908","6.08e-2","1.33e-1","4.42","1.00e+0","8.73e-2","1.25e-2","R-HSA-69236~G1 Phase","PPP2R1B,UBC,RPS27A,UBA52"
"REACTOME_PATHWAY","Cyclin D associated events in G1","4","210","47","10908","6.08e-2","1.33e-1","4.42","1.00e+0","8.73e-2","1.25e-2","R-HSA-69231~Cyclin D associated events in G1","PPP2R1B,UBC,RPS27A,UBA52"
"REACTOME_PATHWAY","NOTCH1 Intracellular Domain Regulates Transcription","4","210","48","10908","6.40e-2","1.40e-1","4.33","1.00e+0","9.17e-2","1.34e-2","R-HSA-2122947~NOTCH1 Intracellular Domain Regulates Transcription","HDAC3,UBC,RPS27A,UBA52"
"REACTOME_PATHWAY","Selenocysteine synthesis","5","210","79","10908","6.48e-2","1.41e-1","3.29","1.00e+0","9.25e-2","1.80e-2","R-HSA-2408557~Selenocysteine synthesis","RPS19,RPL11,RPL38,RPS27A,UBA52"
"REACTOME_PATHWAY","Eukaryotic Translation Termination","5","210","79","10908","6.48e-2","1.41e-1","3.29","1.00e+0","9.25e-2","1.80e-2","R-HSA-72764~Eukaryotic Translation Termination","RPS19,RPL11,RPL38,RPS27A,UBA52"
"REACTOME_PATHWAY","E2F mediated regulation of DNA replication","3","210","22","10908","6.57e-2","1.42e-1","7.08","1.00e+0","9.27e-2","8.27e-3","R-HSA-113510~E2F mediated regulation of DNA replication","PPP2R1B,PRIM1,ORC2"
"REACTOME_PATHWAY","Regulation of signaling by CBL","3","210","22","10908","6.57e-2","1.42e-1","7.08","1.00e+0","9.27e-2","8.27e-3","R-HSA-912631~Regulation of signaling by CBL","UBC,RPS27A,UBA52"
"REACTOME_PATHWAY","NOTCH2 Activation and Transmission of Signal to the Nucleus","3","210","22","10908","6.57e-2","1.42e-1","7.08","1.00e+0","9.27e-2","8.27e-3","R-HSA-2979096~NOTCH2 Activation and Transmission of Signal to the Nucleus","UBC,RPS27A,UBA52"
"REACTOME_PATHWAY","Negative regulation of MET activity","3","210","22","10908","6.57e-2","1.42e-1","7.08","1.00e+0","9.27e-2","8.27e-3","R-HSA-6807004~Negative regulation of MET activity","UBC,RPS27A,UBA52"
"REACTOME_PATHWAY","Chaperone Mediated Autophagy","3","210","22","10908","6.57e-2","1.42e-1","7.08","1.00e+0","9.27e-2","8.27e-3","R-HSA-9613829~Chaperone Mediated Autophagy","UBC,RPS27A,UBA52"
"GOTERM_BP_DIRECT","DNA replication initiation","3","247","28","16251","6.67e-2","6.99e-1","7.05","1.00e+0","6.66e-1","8.58e-3","GO:0006270~DNA replication initiation","PRIM1,ORC2,CDC6"
"REACTOME_PATHWAY","Death Receptor Signaling","7","210","150","10908","6.85e-2","1.47e-1","2.42","1.00e+0","9.65e-2","2.59e-2","R-HSA-73887~Death Receptor Signaling","YWHAE,HDAC3,UBC,UBE2D1,RPS27A,UBA52,UBE2L3"
"REACTOME_PATHWAY","Interleukin-3, Interleukin-5 and GM-CSF signaling","4","210","50","10908","7.05e-2","1.51e-1","4.16","1.00e+0","9.87e-2","1.54e-2","R-HSA-512988~Interleukin-3, Interleukin-5 and GM-CSF signaling","UBC,PTPN6,RPS27A,UBA52"
"REACTOME_PATHWAY","Signaling by EGFR","4","210","50","10908","7.05e-2","1.51e-1","4.16","1.00e+0","9.87e-2","1.54e-2","R-HSA-177929~Signaling by EGFR","UBC,GAB1,RPS27A,UBA52"
"REACTOME_PATHWAY","mRNA Splicing - Minor Pathway","4","210","50","10908","7.05e-2","1.51e-1","4.16","1.00e+0","9.87e-2","1.54e-2","R-HSA-72165~mRNA Splicing - Minor Pathway","SF3B3,SNRPD1,SNRPD3,PRPF8"
"GOTERM_BP_DIRECT","clathrin-dependent endocytosis","3","247","29","16251","7.09e-2","7.32e-1","6.81","1.00e+0","6.97e-1","9.47e-3","GO:0072583~clathrin-dependent endocytosis","FCHO1,CLTC,CLTB"
"GOTERM_BP_DIRECT","positive regulation of lamellipodium assembly","3","247","29","16251","7.09e-2","7.32e-1","6.81","1.00e+0","6.97e-1","9.47e-3","GO:0010592~positive regulation of lamellipodium assembly","ACTR2,ARPC2,MTOR"
"REACTOME_PATHWAY","Telomere Extension By Telomerase","3","210","23","10908","7.11e-2","1.51e-1","6.78","1.00e+0","9.90e-2","9.38e-3","R-HSA-171319~Telomere Extension By Telomerase","RTEL1,RUVBL2,RUVBL1"
"REACTOME_PATHWAY","Response of Mtb to phagocytosis","3","210","23","10908","7.11e-2","1.51e-1","6.78","1.00e+0","9.90e-2","9.38e-3","R-HSA-9637690~Response of Mtb to phagocytosis","UBC,RPS27A,UBA52"
"GOTERM_BP_DIRECT","cellular response to amino acid stimulus","4","247","64","16251","7.29e-2","7.40e-1","4.11","1.00e+0","7.05e-1","1.62e-2","GO:0071230~cellular response to amino acid stimulus","RRAGA,LARS1,LAMTOR2,MTOR"
"GOTERM_BP_DIRECT","kinetochore organization","2","247","5","16251","7.34e-2","7.40e-1","26.32","1.00e+0","7.05e-1","2.23e-3","GO:0051383~kinetochore organization","NUF2,SMC2"
"GOTERM_BP_DIRECT","error-free translesion synthesis","2","247","5","16251","7.34e-2","7.40e-1","26.32","1.00e+0","7.05e-1","2.23e-3","GO:0070987~error-free translesion synthesis","REV1,POLH"
"REACTOME_PATHWAY","Signaling by FGFR1","4","210","51","10908","7.39e-2","1.57e-1","4.07","1.00e+0","1.03e-1","1.65e-2","R-HSA-5654736~Signaling by FGFR1","UBC,GAB1,RPS27A,UBA52"
"REACTOME_PATHWAY","Respiratory Syncytial Virus Infection Pathway","6","210","117","10908","7.41e-2","1.57e-1","2.66","1.00e+0","1.03e-1","2.54e-2","R-HSA-9820952~Respiratory Syncytial Virus Infection Pathway","PPP1CB,XPO1,UBC,ELOC,RPS27A,UBA52"
"GOTERM_BP_DIRECT","double-strand break repair via homologous recombination","5","247","105","16251","7.53e-2","7.53e-1","3.13","1.00e+0","7.17e-1","2.20e-2","GO:0000724~double-strand break repair via homologous recombination","WRN,PSMD14,KAT5,MCM9,HUS1B"
"REACTOME_PATHWAY","NOTCH3 Activation and Transmission of Signal to the Nucleus","3","210","24","10908","7.66e-2","1.61e-1","6.49","1.00e+0","1.06e-1","1.06e-2","R-HSA-9013507~NOTCH3 Activation and Transmission of Signal to the Nucleus","UBC,RPS27A,UBA52"
"REACTOME_PATHWAY","Resolution of AP sites via the multiple-nucleotide patch replacement pathway","3","210","24","10908","7.66e-2","1.61e-1","6.49","1.00e+0","1.06e-1","1.06e-2","R-HSA-110373~Resolution of AP sites via the multiple-nucleotide patch replacement pathway","RFC5,RFC3,POLD2"
"REACTOME_PATHWAY","Impaired BRCA2 binding to PALB2","3","210","24","10908","7.66e-2","1.61e-1","6.49","1.00e+0","1.06e-1","1.06e-2","R-HSA-9709603~Impaired BRCA2 binding to PALB2","WRN,KAT5,EXO1"
"REACTOME_PATHWAY","Nuclear Envelope Breakdown","4","210","52","10908","7.74e-2","1.63e-1","4.00","1.00e+0","1.06e-1","1.76e-2","R-HSA-2980766~Nuclear Envelope Breakdown","NUP214,SEH1L,NEK7,NUP43"
"GOTERM_BP_DIRECT","negative regulation of mRNA splicing, via spliceosome","3","247","31","16251","7.97e-2","7.91e-1","6.37","1.00e+0","7.53e-1","1.14e-2","GO:0048025~negative regulation of mRNA splicing, via spliceosome","SNRPD1,SNRPD3,PRPF8"
"REACTOME_PATHWAY","Defective homologous recombination repair (HRR) due to PALB2 loss of function","3","210","25","10908","8.22e-2","1.71e-1","6.23","1.00e+0","1.12e-1","1.18e-2","R-HSA-9701193~Defective homologous recombination repair (HRR) due to PALB2 loss of function","WRN,KAT5,EXO1"
"REACTOME_PATHWAY","Defective homologous recombination repair (HRR) due to BRCA1 loss of function","3","210","25","10908","8.22e-2","1.71e-1","6.23","1.00e+0","1.12e-1","1.18e-2","R-HSA-9701192~Defective homologous recombination repair (HRR) due to BRCA1 loss of function","WRN,KAT5,EXO1"
"REACTOME_PATHWAY","Defective HDR through Homologous Recombination Repair (HRR) due to PALB2 loss of BRCA2/RAD51/RAD51C binding function","3","210","25","10908","8.22e-2","1.71e-1","6.23","1.00e+0","1.12e-1","1.18e-2","R-HSA-9704646~Defective HDR through Homologous Recombination Repair (HRR) due to PALB2 loss of BRCA2/RAD51/RAD51C binding function","WRN,KAT5,EXO1"
"REACTOME_PATHWAY","Defective HDR through Homologous Recombination Repair (HRR) due to PALB2 loss of BRCA1 binding function","3","210","25","10908","8.22e-2","1.71e-1","6.23","1.00e+0","1.12e-1","1.18e-2","R-HSA-9704331~Defective HDR through Homologous Recombination Repair (HRR) due to PALB2 loss of BRCA1 binding function","WRN,KAT5,EXO1"
"REACTOME_PATHWAY","Signaling by PTK6","4","210","54","10908","8.45e-2","1.76e-1","3.85","1.00e+0","1.15e-1","1.99e-2","R-HSA-8848021~Signaling by PTK6","SRMS,UBC,RPS27A,UBA52"
"REACTOME_PATHWAY","Signaling by Non-Receptor Tyrosine Kinases","4","210","54","10908","8.45e-2","1.76e-1","3.85","1.00e+0","1.15e-1","1.99e-2","R-HSA-9006927~Signaling by Non-Receptor Tyrosine Kinases","SRMS,UBC,RPS27A,UBA52"
"REACTOME_PATHWAY","Signaling by TGFB family members","7","210","159","10908","8.52e-2","1.77e-1","2.29","1.00e+0","1.16e-1","3.40e-2","R-HSA-9006936~Signaling by TGFB family members","CDK9,PPP1CB,XPO1,UBC,UBE2D1,RPS27A,UBA52"
"REACTOME_PATHWAY","Response of EIF2AK4 (GCN2) to amino acid deficiency","5","210","87","10908","8.56e-2","1.77e-1","2.99","1.00e+0","1.16e-1","2.61e-2","R-HSA-9633012~Response of EIF2AK4 (GCN2) to amino acid deficiency","RPS19,RPL11,RPL38,RPS27A,UBA52"
"GOTERM_BP_DIRECT","regulation of circadian rhythm","4","247","69","16251","8.69e-2","8.24e-1","3.81","1.00e+0","7.85e-1","2.08e-2","GO:0042752~regulation of circadian rhythm","DDB1,PPP1CB,HDAC3,MTOR"
"GOTERM_BP_DIRECT","ribosomal small subunit biogenesis","4","247","69","16251","8.69e-2","8.24e-1","3.81","1.00e+0","7.85e-1","2.08e-2","GO:0042274~ribosomal small subunit biogenesis","FBL,UTP6,RPS19,RPS27A"
"GOTERM_BP_DIRECT","telomere maintenance via semi-conservative replication","2","247","6","16251","8.75e-2","8.24e-1","21.93","1.00e+0","7.85e-1","3.31e-3","GO:0032201~telomere maintenance via semi-conservative replication","UPF1,WRN"
"GOTERM_BP_DIRECT","ribosomal large subunit export from nucleus","2","247","6","16251","8.75e-2","8.24e-1","21.93","1.00e+0","7.85e-1","3.31e-3","GO:0000055~ribosomal large subunit export from nucleus","XPO1,RAN"
"GOTERM_BP_DIRECT","meiotic chromosome condensation","2","247","6","16251","8.75e-2","8.24e-1","21.93","1.00e+0","7.85e-1","3.31e-3","GO:0010032~meiotic chromosome condensation","NCAPD3,SMC2"
"GOTERM_BP_DIRECT","clathrin coat disassembly","2","247","6","16251","8.75e-2","8.24e-1","21.93","1.00e+0","7.85e-1","3.31e-3","GO:0072318~clathrin coat disassembly","CLTC,CLTB"
"GOTERM_BP_DIRECT","ribosomal small subunit export from nucleus","2","247","6","16251","8.75e-2","8.24e-1","21.93","1.00e+0","7.85e-1","3.31e-3","GO:0000056~ribosomal small subunit export from nucleus","XPO1,RAN"
"REACTOME_PATHWAY","Postmitotic nuclear pore complex (NPC) reformation","3","210","26","10908","8.80e-2","1.81e-1","5.99","1.00e+0","1.18e-1","1.32e-2","R-HSA-9615933~Postmitotic nuclear pore complex (NPC) reformation","SEH1L,NUP43,RAN"
"REACTOME_PATHWAY","Calnexin/calreticulin cycle","3","210","26","10908","8.80e-2","1.81e-1","5.99","1.00e+0","1.18e-1","1.32e-2","R-HSA-901042~Calnexin/calreticulin cycle","UBC,RPS27A,UBA52"
"REACTOME_PATHWAY","RAS processing","3","210","26","10908","8.80e-2","1.81e-1","5.99","1.00e+0","1.18e-1","1.32e-2","R-HSA-9648002~RAS processing","UBC,RPS27A,UBA52"
"REACTOME_PATHWAY","Cellular response to heat stress","5","210","88","10908","8.84e-2","1.81e-1","2.95","1.00e+0","1.19e-1","2.73e-2","R-HSA-3371556~Cellular response to heat stress","NUP214,YWHAE,SEH1L,NUP43,MTOR"
"GOTERM_BP_DIRECT","regulation of translation","5","247","113","16251","9.26e-2","8.66e-1","2.91","1.00e+0","8.25e-1","2.91e-2","GO:0006417~regulation of translation","MRPS27,CNOT10,RPL38,EIF4E,EIF4G1"
"REACTOME_PATHWAY","Infection with Mycobacterium tuberculosis","3","210","27","10908","9.38e-2","1.92e-1","5.77","1.00e+0","1.26e-1","1.46e-2","R-HSA-9635486~Infection with Mycobacterium tuberculosis","UBC,RPS27A,UBA52"
"REACTOME_PATHWAY","Signaling by NOTCH1 PEST Domain Mutants in Cancer","4","210","57","10908","9.57e-2","1.94e-1","3.65","1.00e+0","1.27e-1","2.38e-2","R-HSA-2644602~Signaling by NOTCH1 PEST Domain Mutants in Cancer","HDAC3,UBC,RPS27A,UBA52"
"REACTOME_PATHWAY","Constitutive Signaling by NOTCH1 PEST Domain Mutants","4","210","57","10908","9.57e-2","1.94e-1","3.65","1.00e+0","1.27e-1","2.38e-2","R-HSA-2644606~Constitutive Signaling by NOTCH1 PEST Domain Mutants","HDAC3,UBC,RPS27A,UBA52"
"REACTOME_PATHWAY","Signaling by NOTCH1 in Cancer","4","210","57","10908","9.57e-2","1.94e-1","3.65","1.00e+0","1.27e-1","2.38e-2","R-HSA-2644603~Signaling by NOTCH1 in Cancer","HDAC3,UBC,RPS27A,UBA52"
"REACTOME_PATHWAY","Nucleotide-binding domain, leucine rich repeat containing receptor (NLR) signaling pathways","4","210","57","10908","9.57e-2","1.94e-1","3.65","1.00e+0","1.27e-1","2.38e-2","R-HSA-168643~Nucleotide-binding domain, leucine rich repeat containing receptor (NLR) signaling pathways","UBC,UBE2V1,RPS27A,UBA52"
"REACTOME_PATHWAY","Constitutive Signaling by NOTCH1 HD+PEST Domain Mutants","4","210","57","10908","9.57e-2","1.94e-1","3.65","1.00e+0","1.27e-1","2.38e-2","R-HSA-2894862~Constitutive Signaling by NOTCH1 HD+PEST Domain Mutants","HDAC3,UBC,RPS27A,UBA52"
"REACTOME_PATHWAY","Signaling by NOTCH1 HD+PEST Domain Mutants in Cancer","4","210","57","10908","9.57e-2","1.94e-1","3.65","1.00e+0","1.27e-1","2.38e-2","R-HSA-2894858~Signaling by NOTCH1 HD+PEST Domain Mutants in Cancer","HDAC3,UBC,RPS27A,UBA52"
"REACTOME_PATHWAY","Signaling by ALK fusions and activated point mutants","5","210","91","10908","9.71e-2","1.96e-1","2.85","1.00e+0","1.28e-1","3.09e-2","R-HSA-9725370~Signaling by ALK fusions and activated point mutants","UBC,CLTC,PTPN6,RPS27A,UBA52"
"REACTOME_PATHWAY","Signaling by ALK in cancer","5","210","91","10908","9.71e-2","1.96e-1","2.85","1.00e+0","1.28e-1","3.09e-2","R-HSA-9700206~Signaling by ALK in cancer","UBC,CLTC,PTPN6,RPS27A,UBA52"
"REACTOME_PATHWAY","Budding and maturation of HIV virion","3","210","28","10908","9.98e-2","2.00e-1","5.57","1.00e+0","1.31e-1","1.62e-2","R-HSA-162588~Budding and maturation of HIV virion","UBC,RPS27A,UBA52"
"REACTOME_PATHWAY","Glycogen metabolism","3","210","28","10908","9.98e-2","2.00e-1","5.57","1.00e+0","1.31e-1","1.62e-2","R-HSA-8982491~Glycogen metabolism","UBC,RPS27A,UBA52"
"REACTOME_PATHWAY","FLT3 signaling in disease","3","210","28","10908","9.98e-2","2.00e-1","5.57","1.00e+0","1.31e-1","1.62e-2","R-HSA-9682385~FLT3 signaling in disease","UBC,RPS27A,UBA52"

