"Category","Term","Count","List Total","Pop Hits","Pop Total","P-Value","Benjamini","Fold Enrichment","Bonferroni","FDR","Fisher Exact","Full Term","User Ids"
"REACTOME_PATHWAY","Cell Cycle","86","213","652","10908","2.62e-49","2.47e-46","6.75","2.46e-46","1.67e-46","3.44e-50","R-HSA-1640170~Cell Cycle","TOP2A,FEN1,DSCC1,UBE2D1,CHTF18,CKS1B,PSMD8,PPP1CC,PSMD6,PSMD7,PPP2R1B,KAT5,EXO1,MYC,CDC26,RUVBL1,PSMD3,NUF2,PSMD1,RFC5,RMI2,RFC3,RFC2,HAUS4,PPP2R5B,TEX12,HUS1,ESCO2,DYNLL1,CKAP5,RBX1,PSMA6,MZT2A,PSMA3,DYNC1LI2,PSMA4,PSMA1,PSMA2,NME7,DMC1,POT1,MCM4,MCM6,UBA52,MCM2,RTEL1,PSMD12,SEH1L,SET,PSMD11,PCNA,PSMD14,PSMD13,PRIM1,LIN9,CENPA,ANAPC10,AURKA,PSMB6,PSMB7,PSMB4,WRN,PSMB5,PSMB3,ORC2,POLD2,PSMB1,NUP43,BUB3,RPS27A,STN1,RPA2,CDC6,PSMC5,POLA2,TEN1,POLE2,PSMC1,PSMC2,RPA4,RAD17,NCAPD3,CENPQ,RAN,TUBA8,MAD2L1"
"REACTOME_PATHWAY","Synthesis of DNA","44","213","106","10908","1.02e-46","4.80e-44","21.26","9.60e-44","3.25e-44","2.91e-48","R-HSA-69239~Synthesis of DNA","PSMD12,FEN1,PSMD11,PCNA,PSMD14,PSMD13,PRIM1,UBE2D1,ANAPC10,PSMD8,PSMB6,PSMB7,PSMD6,PSMB4,PSMD7,PSMB5,PSMB3,CDC26,ORC2,PSMD3,POLD2,PSMB1,PSMD1,RPS27A,RFC5,RFC3,RFC2,RPA2,CDC6,RBX1,PSMA6,PSMC5,POLA2,PSMA3,PSMA4,PSMA1,PSMA2,PSMC1,POLE2,PSMC2,MCM4,MCM6,UBA52,MCM2"
"REACTOME_PATHWAY","S Phase","48","213","148","10908","3.60e-45","1.13e-42","16.61","3.38e-42","7.64e-43","1.51e-46","R-HSA-69242~S Phase","PSMD12,FEN1,PSMD11,PCNA,PSMD14,PSMD13,PRIM1,UBE2D1,LIN9,ANAPC10,CKS1B,PSMD8,PSMB6,PSMB7,PSMD6,PSMB4,PSMD7,PSMB5,PSMB3,MYC,CDC26,ORC2,PSMD3,POLD2,PSMB1,PSMD1,RPS27A,RFC5,RFC3,RFC2,RPA2,ESCO2,CDC6,RBX1,PSMA6,PSMC5,POLA2,PSMA3,PSMA4,PSMA1,PSMA2,PSMC1,POLE2,PSMC2,MCM4,MCM6,UBA52,MCM2"
"REACTOME_PATHWAY","Cell Cycle Checkpoints","57","213","274","10908","2.52e-42","5.94e-40","10.65","2.37e-39","4.02e-40","1.92e-43","R-HSA-69620~Cell Cycle Checkpoints","UBE2D1,PSMD8,PPP1CC,PSMD6,PSMD7,PPP2R1B,KAT5,EXO1,CDC26,PSMD3,NUF2,PSMD1,RFC5,RMI2,RFC3,RFC2,PPP2R5B,HUS1,DYNLL1,CKAP5,RBX1,PSMA6,PSMA3,DYNC1LI2,PSMA4,PSMA1,PSMA2,MCM4,MCM6,UBA52,MCM2,PSMD12,SEH1L,PSMD11,PSMD14,PSMD13,CENPA,ANAPC10,PSMB6,PSMB7,PSMB4,WRN,PSMB5,PSMB3,ORC2,PSMB1,NUP43,BUB3,RPS27A,RPA2,CDC6,PSMC5,PSMC1,PSMC2,RAD17,CENPQ,MAD2L1"
"REACTOME_PATHWAY","Cell Cycle, Mitotic","71","213","519","10908","8.66e-41","1.63e-38","7.01","8.15e-38","1.10e-38","1.09e-41","R-HSA-69278~Cell Cycle, Mitotic","TOP2A,FEN1,UBE2D1,CKS1B,PSMD8,PPP1CC,PSMD6,PSMD7,PPP2R1B,MYC,CDC26,PSMD3,NUF2,PSMD1,RFC5,RFC3,RFC2,HAUS4,PPP2R5B,ESCO2,DYNLL1,CKAP5,RBX1,PSMA6,MZT2A,PSMA3,DYNC1LI2,PSMA4,PSMA1,PSMA2,NME7,MCM4,MCM6,UBA52,MCM2,PSMD12,SEH1L,SET,PSMD11,PCNA,PSMD14,PSMD13,PRIM1,LIN9,CENPA,ANAPC10,AURKA,PSMB6,PSMB7,PSMB4,PSMB5,PSMB3,ORC2,POLD2,PSMB1,NUP43,BUB3,RPS27A,RPA2,CDC6,PSMC5,POLA2,POLE2,PSMC1,PSMC2,RPA4,NCAPD3,CENPQ,RAN,TUBA8,MAD2L1"
"REACTOME_PATHWAY","DNA Replication","45","213","160","10908","3.79e-39","5.95e-37","14.40","3.57e-36","4.02e-37","1.95e-40","R-HSA-69306~DNA Replication","PSMD12,FEN1,PSMD11,PCNA,PSMD14,PSMD13,PRIM1,UBE2D1,ANAPC10,PSMD8,PSMB6,PSMB7,PSMD6,PSMB4,PSMD7,PSMB5,PSMB3,CDC26,ORC2,PSMD3,POLD2,PSMB1,PSMD1,RPS27A,RFC5,RFC3,RFC2,RPA2,CDC6,RBX1,PSMA6,PSMC5,POLA2,PSMA3,PSMA4,PSMA1,PSMA2,PSMC1,POLE2,PSMC2,RPA4,MCM4,MCM6,UBA52,MCM2"
"REACTOME_PATHWAY","G1/S Transition","40","213","120","10908","7.10e-38","9.56e-36","17.07","6.68e-35","6.46e-36","2.86e-39","R-HSA-69206~G1/S Transition","PSMD12,PSMD11,PCNA,PSMD14,PSMD13,PRIM1,LIN9,CKS1B,PSMD8,PSMB6,PSMB7,PSMD6,PSMB4,PSMD7,PSMB5,PPP2R1B,PSMB3,MYC,ORC2,PSMD3,PSMB1,PSMD1,RPS27A,RPA2,CDC6,PSMA6,PSMC5,POLA2,PSMA3,PSMA4,PSMA1,PSMA2,PSMC1,POLE2,PSMC2,RPA4,MCM4,MCM6,UBA52,MCM2"
"REACTOME_PATHWAY","Proteasome assembly","30","213","50","10908","1.54e-37","1.81e-35","30.73","1.45e-34","1.22e-35","2.14e-39","R-HSA-9907900~Proteasome assembly","PSMD12,PSMD11,PSMD14,PSMD13,PSMB10,PSMD8,PSMB6,PSMB7,PSMD6,PSMB4,PSMD7,PSMB5,PSMD4,PSMD5,PSMB3,PSMD3,PSMB1,PSMD1,PSMB9,PSMA6,PSMC5,PSMA3,PSMA4,PSMA1,PSMA2,PSMC1,PSME3,PSMC2,PSME1,PSMG2"
"REACTOME_PATHWAY","Vif-mediated degradation of APOBEC3G","28","213","41","10908","3.14e-37","3.29e-35","34.97","2.96e-34","2.23e-35","3.13e-39","R-HSA-180585~Vif-mediated degradation of APOBEC3G","PSMD12,PSMD11,CUL5,PSMD14,PSMD13,PSMD8,PSMB6,PSMB7,PSMD6,PSMB4,PSMD7,PSMB5,PSMB3,PSMD3,PSMB1,PSMD1,ELOC,RPS27A,RBX1,PSMA6,PSMC5,PSMA3,PSMA4,PSMA1,PSMA2,PSMC1,PSMC2,UBA52"
"REACTOME_PATHWAY","Orc1 removal from chromatin","31","213","58","10908","9.94e-37","9.36e-35","27.37","9.35e-34","6.33e-35","1.79e-38","R-HSA-68949~Orc1 removal from chromatin","PSMD12,PSMD11,PSMD14,PSMD13,PSMD8,PSMB6,PSMB7,PSMD6,PSMB4,PSMD7,PSMB5,PSMB3,ORC2,PSMD3,PSMB1,PSMD1,RPS27A,CDC6,RBX1,PSMA6,PSMC5,PSMA3,PSMA4,PSMA1,PSMA2,PSMC1,PSMC2,MCM4,MCM6,UBA52,MCM2"
"REACTOME_PATHWAY","Switching of origins to a post-replicative state","34","213","78","10908","1.30e-36","1.08e-34","22.32","1.23e-33","7.31e-35","3.44e-38","R-HSA-69052~Switching of origins to a post-replicative state","PSMD12,PSMD11,PSMD14,PSMD13,UBE2D1,ANAPC10,PSMD8,PSMB6,PSMB7,PSMD6,PSMB4,PSMD7,PSMB5,PSMB3,CDC26,ORC2,PSMD3,PSMB1,PSMD1,RPS27A,CDC6,RBX1,PSMA6,PSMC5,PSMA3,PSMA4,PSMA1,PSMA2,PSMC1,PSMC2,MCM4,MCM6,UBA52,MCM2"
"REACTOME_PATHWAY","Mitotic G1 phase and G1/S transition","41","213","138","10908","1.38e-36","1.08e-34","15.21","1.30e-33","7.31e-35","6.56e-38","R-HSA-453279~Mitotic G1 phase and G1/S transition","TOP2A,PSMD12,PSMD11,PCNA,PSMD14,PSMD13,PRIM1,LIN9,CKS1B,PSMD8,PSMB6,PSMB7,PSMD6,PSMB4,PSMD7,PSMB5,PPP2R1B,PSMB3,MYC,ORC2,PSMD3,PSMB1,PSMD1,RPS27A,RPA2,CDC6,PSMA6,PSMC5,POLA2,PSMA3,PSMA4,PSMA1,PSMA2,PSMC1,POLE2,PSMC2,RPA4,MCM4,MCM6,UBA52,MCM2"
"GOTERM_BP_DIRECT","cellular response to type I interferon","25","245","36","16251","5.78e-36","7.18e-33","46.06","7.19e-33","6.86e-33","4.25e-38","GO:0071357~cellular response to type I interferon","PSMD12,PSMD11,PSMD14,PSMD13,PSMD8,PSMB6,PSMB7,PSMD6,PSMB4,PSMD7,PSMB5,PSMD4,PSMB3,PSMD3,PSMB1,PSMD1,PSMA6,PSMC5,PSMA3,PSMA4,PSMA1,PSMA2,PSMC1,PSMC2,PSME1"
"REACTOME_PATHWAY","FBXL7 down-regulates AURKA during mitotic entry and in early mitosis","27","213","42","10908","8.39e-35","6.08e-33","32.92","7.89e-32","4.11e-33","9.90e-37","R-HSA-8854050~FBXL7 down-regulates AURKA during mitotic entry and in early mitosis","PSMD12,PSMD11,PSMD14,PSMD13,AURKA,PSMD8,PSMB6,PSMB7,PSMD6,PSMB4,PSMD7,PSMB5,PSMB3,PSMD3,PSMB1,PSMD1,RPS27A,RBX1,PSMA6,PSMC5,PSMA3,PSMA4,PSMA1,PSMA2,PSMC1,PSMC2,UBA52"
"REACTOME_PATHWAY","Oxygen-dependent proline hydroxylation of Hypoxia-inducible Factor Alpha","29","213","53","10908","1.14e-34","6.91e-33","28.02","1.07e-31","4.67e-33","1.95e-36","R-HSA-1234176~Oxygen-dependent proline hydroxylation of Hypoxia-inducible Factor Alpha","PSMD12,PSMD11,PSMD14,PSMD13,UBE2D3,UBE2D1,PSMD8,PSMB6,PSMB7,PSMD6,PSMB4,PSMD7,PSMB5,PSMB3,PSMD3,PSMB1,PSMD1,ELOC,RPS27A,RBX1,PSMA6,PSMC5,PSMA3,PSMA4,PSMA1,PSMA2,PSMC1,PSMC2,UBA52"
"REACTOME_PATHWAY","Cdc20:Phospho-APC/C mediated degradation of Cyclin A","30","213","59","10908","1.16e-34","6.91e-33","26.04","1.09e-31","4.67e-33","2.31e-36","R-HSA-174184~Cdc20:Phospho-APC/C mediated degradation of Cyclin A","PSMD12,PSMD11,PSMD14,PSMD13,UBE2D1,ANAPC10,PSMD8,PSMB6,PSMB7,PSMD6,PSMB4,PSMD7,PSMB5,PSMB3,CDC26,PSMD3,PSMB1,PSMD1,BUB3,RPS27A,PSMA6,PSMC5,PSMA3,PSMA4,PSMA1,PSMA2,PSMC1,PSMC2,UBA52,MAD2L1"
"REACTOME_PATHWAY","G2/M Checkpoints","40","213","142","10908","1.17e-34","6.91e-33","14.43","1.10e-31","4.67e-33","6.02e-36","R-HSA-69481~G2/M Checkpoints","PSMD12,PSMD11,PSMD14,PSMD13,PSMD8,PSMB6,PSMB7,PSMD6,PSMB4,WRN,PSMD7,PSMB5,KAT5,EXO1,PSMB3,ORC2,PSMD3,PSMB1,PSMD1,RPS27A,RFC5,RFC3,RMI2,RFC2,HUS1,RPA2,CDC6,PSMA6,PSMC5,PSMA3,PSMA4,PSMA1,PSMA2,PSMC1,PSMC2,MCM4,RAD17,MCM6,UBA52,MCM2"
"REACTOME_PATHWAY","APC:Cdc20 mediated degradation of cell cycle proteins prior to satisfation of the cell cycle checkpoint","30","213","60","10908","2.21e-34","1.22e-32","25.61","2.08e-31","8.26e-33","4.54e-36","R-HSA-179419~APC:Cdc20 mediated degradation of cell cycle proteins prior to satisfation of the cell cycle checkpoint","PSMD12,PSMD11,PSMD14,PSMD13,UBE2D1,ANAPC10,PSMD8,PSMB6,PSMB7,PSMD6,PSMB4,PSMD7,PSMB5,PSMB3,CDC26,PSMD3,PSMB1,PSMD1,BUB3,RPS27A,PSMA6,PSMC5,PSMA3,PSMA4,PSMA1,PSMA2,PSMC1,PSMC2,UBA52,MAD2L1"
"REACTOME_PATHWAY","DNA Replication Pre-Initiation","38","213","126","10908","4.40e-34","2.30e-32","15.44","4.14e-31","1.56e-32","2.05e-35","R-HSA-69002~DNA Replication Pre-Initiation","PSMD12,PSMD11,PSMD14,PSMD13,PRIM1,UBE2D1,ANAPC10,PSMD8,PSMB6,PSMB7,PSMD6,PSMB4,PSMD7,PSMB5,PSMB3,CDC26,ORC2,PSMD3,PSMB1,PSMD1,RPS27A,RPA2,CDC6,PSMA6,PSMC5,POLA2,PSMA3,PSMA4,PSMA1,PSMA2,PSMC1,POLE2,PSMC2,RPA4,MCM4,MCM6,UBA52,MCM2"
"REACTOME_PATHWAY","APC/C:Cdc20 mediated degradation of mitotic proteins","30","213","62","10908","7.63e-34","3.79e-32","24.78","7.18e-31","2.56e-32","1.67e-35","R-HSA-176409~APC/C:Cdc20 mediated degradation of mitotic proteins","PSMD12,PSMD11,PSMD14,PSMD13,UBE2D1,ANAPC10,PSMD8,PSMB6,PSMB7,PSMD6,PSMB4,PSMD7,PSMB5,PSMB3,CDC26,PSMD3,PSMB1,PSMD1,BUB3,RPS27A,PSMA6,PSMC5,PSMA3,PSMA4,PSMA1,PSMA2,PSMC1,PSMC2,UBA52,MAD2L1"
"REACTOME_PATHWAY","Activation of APC/C and APC/C:Cdc20 mediated degradation of mitotic proteins","30","213","63","10908","1.39e-33","6.28e-32","24.39","1.31e-30","4.25e-32","3.14e-35","R-HSA-176814~Activation of APC/C and APC/C:Cdc20 mediated degradation of mitotic proteins","PSMD12,PSMD11,PSMD14,PSMD13,UBE2D1,ANAPC10,PSMD8,PSMB6,PSMB7,PSMD6,PSMB4,PSMD7,PSMB5,PSMB3,CDC26,PSMD3,PSMB1,PSMD1,BUB3,RPS27A,PSMA6,PSMC5,PSMA3,PSMA4,PSMA1,PSMA2,PSMC1,PSMC2,UBA52,MAD2L1"
"REACTOME_PATHWAY","Separation of Sister Chromatids","42","213","173","10908","1.40e-33","6.28e-32","12.43","1.32e-30","4.25e-32","8.76e-35","R-HSA-2467813~Separation of Sister Chromatids","PSMD12,SEH1L,PSMD11,PSMD14,PSMD13,UBE2D1,CENPA,ANAPC10,PSMD8,PSMB6,PPP1CC,PSMB7,PSMD6,PSMB4,PSMD7,PSMB5,PPP2R1B,PSMB3,CDC26,PSMD3,NUF2,PSMB1,PSMD1,NUP43,BUB3,RPS27A,PPP2R5B,DYNLL1,CKAP5,PSMA6,PSMC5,PSMA3,DYNC1LI2,PSMA4,PSMA1,PSMA2,PSMC1,PSMC2,UBA52,CENPQ,TUBA8,MAD2L1"
"REACTOME_PATHWAY","Cross-presentation of soluble exogenous antigens (endosomes)","26","213","41","10908","3.02e-33","1.29e-31","32.48","2.84e-30","8.74e-32","3.70e-35","R-HSA-1236978~Cross-presentation of soluble exogenous antigens (endosomes)","PSMD12,PSMD11,PSMD14,PSMD13,PSMB10,PSMD8,PSMB6,PSMB7,PSMD6,PSMB4,PSMD7,PSMB5,PSMB3,PSMD3,PSMB1,PSMD1,PSMB9,PSMA6,PSMC5,PSMA3,PSMA4,PSMA1,PSMA2,PSMC1,PSMC2,PSME1"
"GOTERM_BP_DIRECT","regulation of proteasomal protein catabolic process","27","245","56","16251","4.41e-33","2.74e-30","31.98","5.48e-30","2.62e-30","7.50e-35","GO:0061136~regulation of proteasomal protein catabolic process","PSMD12,PSMD11,PSMD14,PSMD13,PSMD8,PSMB6,PSMB7,PSMD6,PSMB4,PSMD7,PSMB5,PSMD4,PSMB3,PSMD3,PSMB1,PSMD1,RAD23A,PSMA6,PSMC5,PSMA3,PSMA4,PSMA1,PSMA2,PSMC1,PSME3,PSMC2,PSME1"
"REACTOME_PATHWAY","CDK-mediated phosphorylation and removal of Cdc6","29","213","59","10908","6.29e-33","2.49e-31","25.17","5.91e-30","1.69e-31","1.34e-34","R-HSA-69017~CDK-mediated phosphorylation and removal of Cdc6","PSMD12,PSMD11,PSMD14,PSMD13,UBE2D1,ANAPC10,PSMD8,PSMB6,PSMB7,PSMD6,PSMB4,PSMD7,PSMB5,PSMB3,CDC26,PSMD3,PSMB1,PSMD1,RPS27A,CDC6,PSMA6,PSMC5,PSMA3,PSMA4,PSMA1,PSMA2,PSMC1,PSMC2,UBA52"
"REACTOME_PATHWAY","Regulation of activated PAK-2p34 by proteasome mediated degradation","25","213","37","10908","6.35e-33","2.49e-31","34.60","5.98e-30","1.69e-31","6.58e-35","R-HSA-211733~Regulation of activated PAK-2p34 by proteasome mediated degradation","PSMD12,PSMD11,PSMD14,PSMD13,PSMD8,PSMB6,PSMB7,PSMD6,PSMB4,PSMD7,PSMB5,PSMB3,PSMD3,PSMB1,PSMD1,RPS27A,PSMA6,PSMC5,PSMA3,PSMA4,PSMA1,PSMA2,PSMC1,PSMC2,UBA52"
"REACTOME_PATHWAY","Autodegradation of Cdh1 by Cdh1:APC/C","28","213","53","10908","7.07e-33","2.56e-31","27.06","6.65e-30","1.73e-31","1.31e-34","R-HSA-174084~Autodegradation of Cdh1 by Cdh1:APC/C","PSMD12,PSMD11,PSMD14,PSMD13,UBE2D1,ANAPC10,PSMD8,PSMB6,PSMB7,PSMD6,PSMB4,PSMD7,PSMB5,PSMB3,CDC26,PSMD3,PSMB1,PSMD1,RPS27A,PSMA6,PSMC5,PSMA3,PSMA4,PSMA1,PSMA2,PSMC1,PSMC2,UBA52"
"REACTOME_PATHWAY","GSK3B and BTRC:CUL1-mediated-degradation of NFE2L2","26","213","42","10908","7.33e-33","2.56e-31","31.70","6.89e-30","1.73e-31","9.54e-35","R-HSA-9762114~GSK3B and BTRC:CUL1-mediated-degradation of NFE2L2","PSMD12,PSMD11,PSMD14,PSMD13,PSMD8,PSMB6,PSMB7,PSMD6,PSMB4,PSMD7,PSMB5,PSMB3,PSMD3,PSMB1,PSMD1,RPS27A,RBX1,PSMA6,PSMC5,PSMA3,PSMA4,PSMA1,PSMA2,PSMC1,PSMC2,UBA52"
"REACTOME_PATHWAY","AUF1 (hnRNP D0) binds and destabilizes mRNA","26","213","42","10908","7.33e-33","2.56e-31","31.70","6.89e-30","1.73e-31","9.54e-35","R-HSA-450408~AUF1 (hnRNP D0) binds and destabilizes mRNA","PSMD12,PSMD11,PSMD14,PSMD13,PSMD8,PSMB6,PSMB7,PSMD6,PSMB4,PSMD7,PSMB5,PSMB3,PSMD3,PSMB1,PSMD1,RPS27A,PSMA6,PSMC5,PSMA3,PSMA4,PSMA1,PSMA2,PSMC1,PSMC2,UBA52,EIF4G1"
"REACTOME_PATHWAY","APC/C:Cdh1 mediated degradation of Cdc20 and other APC/C:Cdh1 targeted proteins in late mitosis/early G1","29","213","60","10908","1.16e-32","3.78e-31","24.75","1.09e-29","2.56e-31","2.55e-34","R-HSA-174178~APC/C:Cdh1 mediated degradation of Cdc20 and other APC/C:Cdh1 targeted proteins in late mitosis/early G1","PSMD12,PSMD11,PSMD14,PSMD13,UBE2D1,ANAPC10,AURKA,PSMD8,PSMB6,PSMB7,PSMD6,PSMB4,PSMD7,PSMB5,PSMB3,CDC26,PSMD3,PSMB1,PSMD1,RPS27A,PSMA6,PSMC5,PSMA3,PSMA4,PSMA1,PSMA2,PSMC1,PSMC2,UBA52"
"REACTOME_PATHWAY","APC/C-mediated degradation of cell cycle proteins","31","213","74","10908","1.22e-32","3.78e-31","21.45","1.15e-29","2.56e-31","3.46e-34","R-HSA-174143~APC/C-mediated degradation of cell cycle proteins","PSMD12,PSMD11,PSMD14,PSMD13,UBE2D1,ANAPC10,AURKA,PSMD8,PSMB6,PSMB7,PSMD6,PSMB4,PSMD7,PSMB5,PSMB3,CDC26,PSMD3,PSMB1,PSMD1,BUB3,RPS27A,PSMA6,PSMC5,PSMA3,PSMA4,PSMA1,PSMA2,PSMC1,PSMC2,UBA52,MAD2L1"
"REACTOME_PATHWAY","Regulation of mitotic cell cycle","31","213","74","10908","1.22e-32","3.78e-31","21.45","1.15e-29","2.56e-31","3.46e-34","R-HSA-453276~Regulation of mitotic cell cycle","PSMD12,PSMD11,PSMD14,PSMD13,UBE2D1,ANAPC10,AURKA,PSMD8,PSMB6,PSMB7,PSMD6,PSMB4,PSMD7,PSMB5,PSMB3,CDC26,PSMD3,PSMB1,PSMD1,BUB3,RPS27A,PSMA6,PSMC5,PSMA3,PSMA4,PSMA1,PSMA2,PSMC1,PSMC2,UBA52,MAD2L1"
"REACTOME_PATHWAY","Degradation of CRY and PER proteins","27","213","48","10908","1.24e-32","3.78e-31","28.81","1.17e-29","2.56e-31","2.02e-34","R-HSA-9932298~Degradation of CRY and PER proteins","PSMD12,PSMD11,PSMD14,PSMD13,UBE2D1,PSMD8,PSMB6,PSMB7,PSMD6,PSMB4,PSMD7,PSMB5,PSMB3,PSMD3,PSMB1,PSMD1,RPS27A,RBX1,PSMA6,PSMC5,PSMA3,PSMA4,PSMA1,PSMA2,PSMC1,PSMC2,UBA52"
"REACTOME_PATHWAY","Regulation of APC/C activators between G1/S and early anaphase","30","213","67","10908","1.35e-32","3.97e-31","22.93","1.27e-29","2.68e-31","3.40e-34","R-HSA-176408~Regulation of APC/C activators between G1/S and early anaphase","PSMD12,PSMD11,PSMD14,PSMD13,UBE2D1,ANAPC10,PSMD8,PSMB6,PSMB7,PSMD6,PSMB4,PSMD7,PSMB5,PSMB3,CDC26,PSMD3,PSMB1,PSMD1,BUB3,RPS27A,PSMA6,PSMC5,PSMA3,PSMA4,PSMA1,PSMA2,PSMC1,PSMC2,UBA52,MAD2L1"
"REACTOME_PATHWAY","APC/C:Cdc20 mediated degradation of Securin","28","213","54","10908","1.39e-32","3.97e-31","26.55","1.31e-29","2.68e-31","2.67e-34","R-HSA-174154~APC/C:Cdc20 mediated degradation of Securin","PSMD12,PSMD11,PSMD14,PSMD13,UBE2D1,ANAPC10,PSMD8,PSMB6,PSMB7,PSMD6,PSMB4,PSMD7,PSMB5,PSMB3,CDC26,PSMD3,PSMB1,PSMD1,RPS27A,PSMA6,PSMC5,PSMA3,PSMA4,PSMA1,PSMA2,PSMC1,PSMC2,UBA52"
"REACTOME_PATHWAY","Cellular response to hypoxia","29","213","62","10908","3.77e-32","9.97e-31","23.95","3.55e-29","6.74e-31","8.81e-34","R-HSA-1234174~Cellular response to hypoxia","PSMD12,PSMD11,PSMD14,PSMD13,UBE2D3,UBE2D1,PSMD8,PSMB6,PSMB7,PSMD6,PSMB4,PSMD7,PSMB5,PSMB3,PSMD3,PSMB1,PSMD1,ELOC,RPS27A,RBX1,PSMA6,PSMC5,PSMA3,PSMA4,PSMA1,PSMA2,PSMC1,PSMC2,UBA52"
"REACTOME_PATHWAY","Negative regulation of NOTCH4 signaling","26","213","44","10908","3.91e-32","9.97e-31","30.26","3.68e-29","6.74e-31","5.70e-34","R-HSA-9604323~Negative regulation of NOTCH4 signaling","PSMD12,PSMD11,PSMD14,PSMD13,PSMD8,PSMB6,PSMB7,PSMD6,PSMB4,PSMD7,PSMB5,PSMB3,PSMD3,PSMB1,PSMD1,RPS27A,RBX1,PSMA6,PSMC5,PSMA3,PSMA4,PSMA1,PSMA2,PSMC1,PSMC2,UBA52"
"REACTOME_PATHWAY","Degradation of DVL","26","213","44","10908","3.91e-32","9.97e-31","30.26","3.68e-29","6.74e-31","5.70e-34","R-HSA-4641258~Degradation of DVL","PSMD12,PSMD11,PSMD14,PSMD13,PSMD8,PSMB6,PSMB7,PSMD6,PSMB4,PSMD7,PSMB5,PSMB3,PSMD3,PSMB1,PSMD1,RPS27A,RBX1,PSMA6,PSMC5,PSMA3,PSMA4,PSMA1,PSMA2,PSMC1,PSMC2,UBA52"
"REACTOME_PATHWAY","GSK3B-mediated proteasomal degradation of PD-L1(CD274)","26","213","44","10908","3.91e-32","9.97e-31","30.26","3.68e-29","6.74e-31","5.70e-34","R-HSA-9929356~GSK3B-mediated proteasomal degradation of PD-L1(CD274)","PSMD12,PSMD11,PSMD14,PSMD13,PSMD8,PSMB6,PSMB7,PSMD6,PSMB4,PSMD7,PSMB5,PSMB3,PSMD3,PSMB1,PSMD1,RPS27A,RBX1,PSMA6,PSMC5,PSMA3,PSMA4,PSMA1,PSMA2,PSMC1,PSMC2,UBA52"
"REACTOME_PATHWAY","Vpu mediated degradation of CD4","25","213","39","10908","4.33e-32","1.02e-30","32.83","4.07e-29","6.89e-31","5.17e-34","R-HSA-180534~Vpu mediated degradation of CD4","PSMD12,PSMD11,PSMD14,PSMD13,PSMD8,PSMB6,PSMB7,PSMD6,PSMB4,PSMD7,PSMB5,PSMB3,PSMD3,PSMB1,PSMD1,RPS27A,PSMA6,PSMC5,PSMA3,PSMA4,PSMA1,PSMA2,PSMC1,PSMC2,UBA52"
"REACTOME_PATHWAY","Ubiquitin-dependent degradation of Cyclin D","25","213","39","10908","4.33e-32","1.02e-30","32.83","4.07e-29","6.89e-31","5.17e-34","R-HSA-75815~Ubiquitin-dependent degradation of Cyclin D","PSMD12,PSMD11,PSMD14,PSMD13,PSMD8,PSMB6,PSMB7,PSMD6,PSMB4,PSMD7,PSMB5,PSMB3,PSMD3,PSMB1,PSMD1,RPS27A,PSMA6,PSMC5,PSMA3,PSMA4,PSMA1,PSMA2,PSMC1,PSMC2,UBA52"
"REACTOME_PATHWAY","Autodegradation of the E3 ubiquitin ligase COP1","25","213","39","10908","4.33e-32","1.02e-30","32.83","4.07e-29","6.89e-31","5.17e-34","R-HSA-349425~Autodegradation of the E3 ubiquitin ligase COP1","PSMD12,PSMD11,PSMD14,PSMD13,PSMD8,PSMB6,PSMB7,PSMD6,PSMB4,PSMD7,PSMB5,PSMB3,PSMD3,PSMB1,PSMD1,RPS27A,PSMA6,PSMC5,PSMA3,PSMA4,PSMA1,PSMA2,PSMC1,PSMC2,UBA52"
"REACTOME_PATHWAY","SPOP-mediated proteasomal degradation of PD-L1(CD274)","26","213","46","10908","1.86e-31","4.28e-30","28.95","1.75e-28","2.90e-30","3.00e-33","R-HSA-9929491~SPOP-mediated proteasomal degradation of PD-L1(CD274)","PSMD12,PSMD11,PSMD14,PSMD13,PSMD8,PSMB6,PSMB7,PSMD6,PSMB4,PSMD7,PSMB5,PSMB3,PSMD3,PSMB1,PSMD1,RPS27A,RBX1,PSMA6,PSMC5,PSMA3,PSMA4,PSMA1,PSMA2,PSMC1,PSMC2,UBA52"
"REACTOME_PATHWAY","Regulation of Apoptosis","25","213","41","10908","2.52e-31","5.65e-30","31.23","2.37e-28","3.82e-30","3.41e-33","R-HSA-169911~Regulation of Apoptosis","PSMD12,PSMD11,PSMD14,PSMD13,PSMD8,PSMB6,PSMB7,PSMD6,PSMB4,PSMD7,PSMB5,PSMB3,PSMD3,PSMB1,PSMD1,RPS27A,PSMA6,PSMC5,PSMA3,PSMA4,PSMA1,PSMA2,PSMC1,PSMC2,UBA52"
"GOTERM_BP_DIRECT","proteasomal protein catabolic process","28","245","72","16251","3.43e-31","1.42e-28","25.80","4.26e-28","1.36e-28","8.43e-33","GO:0010498~proteasomal protein catabolic process","PSMD12,PSMD11,CUL5,PSMD14,PSMD13,PSMB10,PSMD8,PSMB6,PSMB7,PSMD6,PSMB4,PSMD7,PSMB5,PSMD4,PSMB3,PSMD3,PSMB1,PSMD1,PSMB9,DDB1,PSMA6,PSMC5,PSMA3,PSMA4,PSMA1,PSMA2,PSMC1,PSMC2"
"REACTOME_PATHWAY","GLI3 is processed to GLI3R by the proteasome","26","213","47","10908","3.91e-31","8.19e-30","28.33","3.68e-28","5.54e-30","6.59e-33","R-HSA-5610785~GLI3 is processed to GLI3R by the proteasome","PSMD12,PSMD11,PSMD14,PSMD13,PSMD8,PSMB6,PSMB7,PSMD6,PSMB4,PSMD7,PSMB5,PSMB3,PSMD3,PSMB1,PSMD1,RPS27A,RBX1,PSMA6,PSMC5,PSMA3,PSMA4,PSMA1,PSMA2,PSMC1,PSMC2,UBA52"
"REACTOME_PATHWAY","Degradation of GLI2 by the proteasome","26","213","47","10908","3.91e-31","8.19e-30","28.33","3.68e-28","5.54e-30","6.59e-33","R-HSA-5610783~Degradation of GLI2 by the proteasome","PSMD12,PSMD11,PSMD14,PSMD13,PSMD8,PSMB6,PSMB7,PSMD6,PSMB4,PSMD7,PSMB5,PSMB3,PSMD3,PSMB1,PSMD1,RPS27A,RBX1,PSMA6,PSMC5,PSMA3,PSMA4,PSMA1,PSMA2,PSMC1,PSMC2,UBA52"
"REACTOME_PATHWAY","Degradation of GLI1 by the proteasome","26","213","47","10908","3.91e-31","8.19e-30","28.33","3.68e-28","5.54e-30","6.59e-33","R-HSA-5610780~Degradation of GLI1 by the proteasome","PSMD12,PSMD11,PSMD14,PSMD13,PSMD8,PSMB6,PSMB7,PSMD6,PSMB4,PSMD7,PSMB5,PSMB3,PSMD3,PSMB1,PSMD1,RPS27A,RBX1,PSMA6,PSMC5,PSMA3,PSMA4,PSMA1,PSMA2,PSMC1,PSMC2,UBA52"
"REACTOME_PATHWAY","Degradation of AXIN","25","213","42","10908","5.78e-31","1.16e-29","30.48","5.44e-28","7.83e-30","8.29e-33","R-HSA-4641257~Degradation of AXIN","PSMD12,PSMD11,PSMD14,PSMD13,PSMD8,PSMB6,PSMB7,PSMD6,PSMB4,PSMD7,PSMB5,PSMB3,PSMD3,PSMB1,PSMD1,RPS27A,PSMA6,PSMC5,PSMA3,PSMA4,PSMA1,PSMA2,PSMC1,PSMC2,UBA52"
"REACTOME_PATHWAY","SCF-beta-TrCP mediated degradation of Emi1","25","213","42","10908","5.78e-31","1.16e-29","30.48","5.44e-28","7.83e-30","8.29e-33","R-HSA-174113~SCF-beta-TrCP mediated degradation of Emi1","PSMD12,PSMD11,PSMD14,PSMD13,PSMD8,PSMB6,PSMB7,PSMD6,PSMB4,PSMD7,PSMB5,PSMB3,PSMD3,PSMB1,PSMD1,RPS27A,PSMA6,PSMC5,PSMA3,PSMA4,PSMA1,PSMA2,PSMC1,PSMC2,UBA52"
"REACTOME_PATHWAY","Mitotic Anaphase","43","213","215","10908","1.05e-30","2.06e-29","10.24","9.87e-28","1.39e-29","8.40e-32","R-HSA-68882~Mitotic Anaphase","PSMD12,SEH1L,PSMD11,PSMD14,PSMD13,UBE2D1,CENPA,ANAPC10,PSMD8,PSMB6,PPP1CC,PSMB7,PSMD6,PSMB4,PSMD7,PSMB5,PPP2R1B,PSMB3,CDC26,PSMD3,NUF2,PSMB1,PSMD1,NUP43,BUB3,RPS27A,PPP2R5B,DYNLL1,CKAP5,PSMA6,PSMC5,PSMA3,DYNC1LI2,PSMA4,PSMA1,PSMA2,PSMC1,PSMC2,UBA52,CENPQ,RAN,TUBA8,MAD2L1"
"REACTOME_PATHWAY","Mitotic Metaphase and Anaphase","43","213","216","10908","1.28e-30","2.42e-29","10.19","1.21e-27","1.64e-29","1.03e-31","R-HSA-2555396~Mitotic Metaphase and Anaphase","PSMD12,SEH1L,PSMD11,PSMD14,PSMD13,UBE2D1,CENPA,ANAPC10,PSMD8,PSMB6,PPP1CC,PSMB7,PSMD6,PSMB4,PSMD7,PSMB5,PPP2R1B,PSMB3,CDC26,PSMD3,NUF2,PSMB1,PSMD1,NUP43,BUB3,RPS27A,PPP2R5B,DYNLL1,CKAP5,PSMA6,PSMC5,PSMA3,DYNC1LI2,PSMA4,PSMA1,PSMA2,PSMC1,PSMC2,UBA52,CENPQ,RAN,TUBA8,MAD2L1"
"REACTOME_PATHWAY","Hh mutants are degraded by ERAD","25","213","43","10908","1.29e-30","2.42e-29","29.77","1.21e-27","1.64e-29","1.95e-32","R-HSA-5362768~Hh mutants are degraded by ERAD","PSMD12,PSMD11,PSMD14,PSMD13,PSMD8,PSMB6,PSMB7,PSMD6,PSMB4,PSMD7,PSMB5,PSMB3,PSMD3,PSMB1,PSMD1,RPS27A,PSMA6,PSMC5,PSMA3,PSMA4,PSMA1,PSMA2,PSMC1,PSMC2,UBA52"
"REACTOME_PATHWAY","Stabilization of p53","25","213","44","10908","2.78e-30","5.13e-29","29.10","2.62e-27","3.47e-29","4.43e-32","R-HSA-69541~Stabilization of p53","PSMD12,PSMD11,PSMD14,PSMD13,PSMD8,PSMB6,PSMB7,PSMD6,PSMB4,PSMD7,PSMB5,PSMB3,PSMD3,PSMB1,PSMD1,RPS27A,PSMA6,PSMC5,PSMA3,PSMA4,PSMA1,PSMA2,PSMC1,PSMC2,UBA52"
"REACTOME_PATHWAY","SCF(Skp2)-mediated degradation of p27/p21","26","213","50","10908","3.17e-30","5.73e-29","26.63","2.98e-27","3.88e-29","6.06e-32","R-HSA-187577~SCF(Skp2)-mediated degradation of p27/p21","PSMD12,PSMD11,PSMD14,PSMD13,CKS1B,PSMD8,PSMB6,PSMB7,PSMD6,PSMB4,PSMD7,PSMB5,PSMB3,PSMD3,PSMB1,PSMD1,RPS27A,PSMA6,PSMC5,PSMA3,PSMA4,PSMA1,PSMA2,PSMC1,PSMC2,UBA52"
"REACTOME_PATHWAY","Regulation of RUNX3 expression and activity","25","213","45","10908","5.85e-30","1.04e-28","28.45","5.51e-27","7.03e-29","9.79e-32","R-HSA-8941858~Regulation of RUNX3 expression and activity","PSMD12,PSMD11,PSMD14,PSMD13,PSMD8,PSMB6,PSMB7,PSMD6,PSMB4,PSMD7,PSMB5,PSMB3,PSMD3,PSMB1,PSMD1,RPS27A,PSMA6,PSMC5,PSMA3,PSMA4,PSMA1,PSMA2,PSMC1,PSMC2,UBA52"
"REACTOME_PATHWAY","p53-Independent G1/S DNA Damage Checkpoint","26","213","51","10908","6.10e-30","1.05e-28","26.11","5.74e-27","7.07e-29","1.22e-31","R-HSA-69613~p53-Independent G1/S DNA Damage Checkpoint","PSMD12,PSMD11,PSMD14,PSMD13,PSMD8,PSMB6,PSMB7,PSMD6,PSMB4,PSMD7,PSMB5,PSMB3,PSMD3,PSMB1,PSMD1,RPS27A,RBX1,PSMA6,PSMC5,PSMA3,PSMA4,PSMA1,PSMA2,PSMC1,PSMC2,UBA52"
"REACTOME_PATHWAY","Ubiquitin-Mediated Degradation of Phosphorylated Cdc25A","26","213","51","10908","6.10e-30","1.05e-28","26.11","5.74e-27","7.07e-29","1.22e-31","R-HSA-69601~Ubiquitin-Mediated Degradation of Phosphorylated Cdc25A","PSMD12,PSMD11,PSMD14,PSMD13,PSMD8,PSMB6,PSMB7,PSMD6,PSMB4,PSMD7,PSMB5,PSMB3,PSMD3,PSMB1,PSMD1,RPS27A,RBX1,PSMA6,PSMC5,PSMA3,PSMA4,PSMA1,PSMA2,PSMC1,PSMC2,UBA52"
"REACTOME_PATHWAY","Hh mutants abrogate ligand secretion","25","213","46","10908","1.20e-29","1.99e-28","27.83","1.13e-26","1.34e-28","2.11e-31","R-HSA-5387390~Hh mutants abrogate ligand secretion","PSMD12,PSMD11,PSMD14,PSMD13,PSMD8,PSMB6,PSMB7,PSMD6,PSMB4,PSMD7,PSMB5,PSMB3,PSMD3,PSMB1,PSMD1,RPS27A,PSMA6,PSMC5,PSMA3,PSMA4,PSMA1,PSMA2,PSMC1,PSMC2,UBA52"
"REACTOME_PATHWAY","NIK-->noncanonical NF-kB signaling","25","213","46","10908","1.20e-29","1.99e-28","27.83","1.13e-26","1.34e-28","2.11e-31","R-HSA-5676590~NIK-->noncanonical NF-kB signaling","PSMD12,PSMD11,PSMD14,PSMD13,PSMD8,PSMB6,PSMB7,PSMD6,PSMB4,PSMD7,PSMB5,PSMB3,PSMD3,PSMB1,PSMD1,RPS27A,PSMA6,PSMC5,PSMA3,PSMA4,PSMA1,PSMA2,PSMC1,PSMC2,UBA52"
"REACTOME_PATHWAY","Assembly of the pre-replicative complex","33","213","110","10908","2.21e-29","3.58e-28","15.36","2.08e-26","2.42e-28","1.04e-30","R-HSA-68867~Assembly of the pre-replicative complex","PSMD12,PSMD11,PSMD14,PSMD13,UBE2D1,ANAPC10,PSMD8,PSMB6,PSMB7,PSMD6,PSMB4,PSMD7,PSMB5,PSMB3,CDC26,ORC2,PSMD3,PSMB1,PSMD1,RPS27A,CDC6,PSMA6,PSMC5,PSMA3,PSMA4,PSMA1,PSMA2,PSMC1,PSMC2,MCM4,MCM6,UBA52,MCM2"
"REACTOME_PATHWAY","Dectin-1 mediated noncanonical NF-kB signaling","25","213","47","10908","2.41e-29","3.86e-28","27.24","2.27e-26","2.61e-28","4.42e-31","R-HSA-5607761~Dectin-1 mediated noncanonical NF-kB signaling","PSMD12,PSMD11,PSMD14,PSMD13,PSMD8,PSMB6,PSMB7,PSMD6,PSMB4,PSMD7,PSMB5,PSMB3,PSMD3,PSMB1,PSMD1,RPS27A,PSMA6,PSMC5,PSMA3,PSMA4,PSMA1,PSMA2,PSMC1,PSMC2,UBA52"
"REACTOME_PATHWAY","Regulation of CDH1 Function","27","213","60","10908","2.58e-29","4.05e-28","23.05","2.43e-26","2.74e-28","6.47e-31","R-HSA-9764561~Regulation of CDH1 Function","PSMD12,PSMD11,PSMD14,PSMD13,ACTB,ACTG1,PSMD8,PSMB6,PSMB7,PSMD6,PSMB4,PSMD7,PSMB5,PSMB3,PSMD3,PSMB1,PSMD1,RPS27A,PSMA6,PSMC5,PSMA3,PSMA4,PSMA1,PSMA2,PSMC1,PSMC2,UBA52"
"REACTOME_PATHWAY","Defective CFTR causes cystic fibrosis","25","213","48","10908","4.75e-29","7.33e-28","26.67","4.47e-26","4.96e-28","9.07e-31","R-HSA-5678895~Defective CFTR causes cystic fibrosis","PSMD12,PSMD11,PSMD14,PSMD13,PSMD8,PSMB6,PSMB7,PSMD6,PSMB4,PSMD7,PSMB5,PSMB3,PSMD3,PSMB1,PSMD1,RPS27A,PSMA6,PSMC5,PSMA3,PSMA4,PSMA1,PSMA2,PSMC1,PSMC2,UBA52"
"REACTOME_PATHWAY","FCERI mediated NF-kB activation","28","213","69","10908","6.17e-29","9.37e-28","20.78","5.80e-26","6.34e-28","1.84e-30","R-HSA-2871837~FCERI mediated NF-kB activation","PSMD12,PSMD11,PSMD14,PSMD13,UBE2D3,UBE2D1,PSMD8,PSMB6,PSMB7,PSMD6,PSMB4,PSMD7,PSMB5,PSMB3,PSMD3,PSMB1,PSMD1,RPS27A,PSMA6,PSMC5,PSMA3,PSMA4,PSMA1,PSMA2,PSMC1,PSMC2,UBE2V1,UBA52"
"REACTOME_PATHWAY","Regulation of RAS by GAPs","26","213","55","10908","7.08e-29","1.06e-27","24.21","6.67e-26","7.16e-28","1.63e-30","R-HSA-5658442~Regulation of RAS by GAPs","PSMD12,PSMD11,PSMD14,PSMD13,PSMD8,PSMB6,PSMB7,PSMD6,PSMB4,PSMD7,PSMB5,PSMB3,PSMD3,PSMB1,PSMD1,RPS27A,RBX1,PSMA6,PSMC5,PSMA3,PSMA4,PSMA1,PSMA2,PSMC1,PSMC2,UBA52"
"REACTOME_PATHWAY","Ribosome Quality Control (RQC) complex extracts and degrades nascent peptide","31","213","95","10908","8.63e-29","1.27e-27","16.71","8.12e-26","8.59e-28","3.60e-30","R-HSA-9954709~Ribosome Quality Control (RQC) complex extracts and degrades nascent peptide","PSMD12,PSMD11,PSMD14,PSMD13,UBE2D3,RPL11,UBE2D1,PSMD8,PSMB6,PSMB7,PSMD6,PSMB4,PSMD7,PSMB5,PSMB3,PSMD3,PSMB1,PSMD1,RPL38,ELOC,RPS27A,RBX1,PSMA6,PSMC5,PSMA3,PSMA4,PSMA1,PSMA2,PSMC1,PSMC2,UBA52"
"REACTOME_PATHWAY","Degradation of beta-catenin by the destruction complex","28","213","70","10908","9.87e-29","1.43e-27","20.48","9.29e-26","9.67e-28","3.02e-30","R-HSA-195253~Degradation of beta-catenin by the destruction complex","PSMD12,PSMD11,PSMD14,PSMD13,PSMD8,PSMB6,PSMB7,PSMD6,PSMB4,PSMD7,PSMB5,PPP2R1B,PSMB3,PSMD3,PSMB1,PSMD1,RPS27A,PPP2R5B,RBX1,PSMA6,PSMC5,PSMA3,PSMA4,PSMA1,PSMA2,PSMC1,PSMC2,UBA52"
"REACTOME_PATHWAY","Regulation of ornithine decarboxylase (ODC)","23","213","38","10908","1.24e-28","1.77e-27","31.00","1.17e-25","1.20e-27","1.72e-30","R-HSA-350562~Regulation of ornithine decarboxylase (ODC)","PSMD12,PSMD11,PSMD14,PSMD13,PSMD8,PSMB6,PSMA6,PSMB7,PSMD6,PSMC5,PSMA3,PSMB4,PSMD7,PSMA4,PSMB5,PSMA1,PSMA2,PSMB3,PSMC1,PSMC2,PSMD3,PSMB1,PSMD1"
"REACTOME_PATHWAY","Asymmetric localization of PCP proteins","25","213","51","10908","3.21e-28","4.51e-27","25.10","3.02e-25","3.05e-27","6.90e-30","R-HSA-4608870~Asymmetric localization of PCP proteins","PSMD12,PSMD11,PSMD14,PSMD13,PSMD8,PSMB6,PSMB7,PSMD6,PSMB4,PSMD7,PSMB5,PSMB3,PSMD3,PSMB1,PSMD1,RPS27A,PSMA6,PSMC5,PSMA3,PSMA4,PSMA1,PSMA2,PSMC1,PSMC2,UBA52"
"REACTOME_PATHWAY","Regulation of RUNX2 expression and activity","26","213","58","10908","3.80e-28","5.24e-27","22.96","3.58e-25","3.55e-27","9.61e-30","R-HSA-8939902~Regulation of RUNX2 expression and activity","PSMD12,PSMD11,PSMD14,PSMD13,PSMD8,PSMB6,PSMB7,PSMD6,PSMB4,PSMD7,PSMB5,PSMB3,PSMD3,PSMB1,PSMD1,RPS27A,RBX1,PSMA6,PSMC5,PSMA3,PSMA4,PSMA1,PSMA2,PSMC1,PSMC2,UBA52"
"REACTOME_PATHWAY","Cyclin E associated events during G1/S transition","28","213","73","10908","3.84e-28","5.24e-27","19.64","3.61e-25","3.55e-27","1.26e-29","R-HSA-69202~Cyclin E associated events during G1/S transition","PSMD12,PSMD11,PSMD14,PSMD13,LIN9,CKS1B,PSMD8,PSMB6,PSMB7,PSMD6,PSMB4,PSMD7,PSMB5,PSMB3,MYC,PSMD3,PSMB1,PSMD1,RPS27A,PSMA6,PSMC5,PSMA3,PSMA4,PSMA1,PSMA2,PSMC1,PSMC2,UBA52"
"REACTOME_PATHWAY","Hedgehog ligand biogenesis","25","213","52","10908","5.85e-28","7.87e-27","24.62","5.51e-25","5.33e-27","1.31e-29","R-HSA-5358346~Hedgehog ligand biogenesis","PSMD12,PSMD11,PSMD14,PSMD13,PSMD8,PSMB6,PSMB7,PSMD6,PSMB4,PSMD7,PSMB5,PSMB3,PSMD3,PSMB1,PSMD1,RPS27A,PSMA6,PSMC5,PSMA3,PSMA4,PSMA1,PSMA2,PSMC1,PSMC2,UBA52"
"REACTOME_PATHWAY","Regulation of mRNA stability by proteins that bind AU-rich elements","28","213","74","10908","5.94e-28","7.89e-27","19.38","5.59e-25","5.33e-27","1.99e-29","R-HSA-450531~Regulation of mRNA stability by proteins that bind AU-rich elements","PSMD12,SET,PSMD11,PSMD14,PSMD13,PSMD8,PSMB6,PSMB7,PSMD6,PSMB4,PSMD7,PSMB5,PSMB3,KHSRP,PSMD3,PSMB1,PSMD1,RPS27A,PSMA6,PSMC5,PSMA3,PSMA4,PSMA1,PSMA2,PSMC1,PSMC2,UBA52,EIF4G1"
"REACTOME_PATHWAY","Cyclin A:Cdk2-associated events at S phase entry","28","213","75","10908","9.13e-28","1.19e-26","19.12","8.59e-25","8.08e-27","3.12e-29","R-HSA-69656~Cyclin A:Cdk2-associated events at S phase entry","PSMD12,PSMD11,PSMD14,PSMD13,LIN9,CKS1B,PSMD8,PSMB6,PSMB7,PSMD6,PSMB4,PSMD7,PSMB5,PSMB3,MYC,PSMD3,PSMB1,PSMD1,RPS27A,PSMA6,PSMC5,PSMA3,PSMA4,PSMA1,PSMA2,PSMC1,PSMC2,UBA52"
"REACTOME_PATHWAY","p53-Dependent G1 DNA Damage Response","25","213","53","10908","1.05e-27","1.32e-26","24.16","9.89e-25","8.93e-27","2.43e-29","R-HSA-69563~p53-Dependent G1 DNA Damage Response","PSMD12,PSMD11,PSMD14,PSMD13,PSMD8,PSMB6,PSMB7,PSMD6,PSMB4,PSMD7,PSMB5,PSMB3,PSMD3,PSMB1,PSMD1,RPS27A,PSMA6,PSMC5,PSMA3,PSMA4,PSMA1,PSMA2,PSMC1,PSMC2,UBA52"
"REACTOME_PATHWAY","Degradation of CDH1","25","213","53","10908","1.05e-27","1.32e-26","24.16","9.89e-25","8.93e-27","2.43e-29","R-HSA-9766229~Degradation of CDH1","PSMD12,PSMD11,PSMD14,PSMD13,PSMD8,PSMB6,PSMB7,PSMD6,PSMB4,PSMD7,PSMB5,PSMB3,PSMD3,PSMB1,PSMD1,RPS27A,PSMA6,PSMC5,PSMA3,PSMA4,PSMA1,PSMA2,PSMC1,PSMC2,UBA52"
"REACTOME_PATHWAY","p53-Dependent G1/S DNA damage checkpoint","25","213","53","10908","1.05e-27","1.32e-26","24.16","9.89e-25","8.93e-27","2.43e-29","R-HSA-69580~p53-Dependent G1/S DNA damage checkpoint","PSMD12,PSMD11,PSMD14,PSMD13,PSMD8,PSMB6,PSMB7,PSMD6,PSMB4,PSMD7,PSMB5,PSMB3,PSMD3,PSMB1,PSMD1,RPS27A,PSMA6,PSMC5,PSMA3,PSMA4,PSMA1,PSMA2,PSMC1,PSMC2,UBA52"
"REACTOME_PATHWAY","Activation of NF-kappaB in B cells","25","213","54","10908","1.86e-27","2.30e-26","23.71","1.75e-24","1.56e-26","4.44e-29","R-HSA-1169091~Activation of NF-kappaB in B cells","PSMD12,PSMD11,PSMD14,PSMD13,PSMD8,PSMB6,PSMB7,PSMD6,PSMB4,PSMD7,PSMB5,PSMB3,PSMD3,PSMB1,PSMD1,RPS27A,PSMA6,PSMC5,PSMA3,PSMA4,PSMA1,PSMA2,PSMC1,PSMC2,UBA52"
"REACTOME_PATHWAY","AMPK-induced ERAD and lysosome mediated degradation of PD-L1(CD274)","25","213","55","10908","3.24e-27","3.97e-26","23.28","3.05e-24","2.68e-26","8.00e-29","R-HSA-9931269~AMPK-induced ERAD and lysosome mediated degradation of PD-L1(CD274)","PSMD12,PSMD11,PSMD14,PSMD13,PSMD8,PSMB6,PSMB7,PSMD6,PSMB4,PSMD7,PSMB5,PSMB3,PSMD3,PSMB1,PSMD1,RPS27A,PSMA6,PSMC5,PSMA3,PSMA4,PSMA1,PSMA2,PSMC1,PSMC2,UBA52"
"REACTOME_PATHWAY","UCH proteinases","28","213","79","10908","4.73e-27","5.71e-26","18.15","4.45e-24","3.86e-26","1.75e-28","R-HSA-5689603~UCH proteinases","PSMD12,PSMD11,PSMD14,PSMD13,ACTB,PSMD8,PSMB6,PSMB7,PSMD6,PSMB4,PSMD7,PSMB5,PSMB3,PSMD3,RUVBL1,PSMB1,PSMD1,RPS27A,ACTL6A,PSMA6,PSMC5,PSMA3,PSMA4,PSMA1,PSMA2,PSMC1,PSMC2,UBA52"
"REACTOME_PATHWAY","The role of GTSE1 in G2/M progression after G2 checkpoint","26","213","63","10908","4.88e-27","5.82e-26","21.13","4.59e-24","3.94e-26","1.42e-28","R-HSA-8852276~The role of GTSE1 in G2/M progression after G2 checkpoint","PSMD12,PSMD11,PSMD14,PSMD13,PSMD8,PSMB6,PSMB7,PSMD6,PSMB4,PSMD7,PSMB5,PSMB3,PSMD3,PSMB1,PSMD1,RPS27A,PSMA6,PSMC5,PSMA3,PSMA4,PSMA1,PSMA2,PSMC1,PSMC2,UBA52,TUBA8"
"REACTOME_PATHWAY","Somitogenesis","23","213","43","10908","5.36e-27","6.32e-26","27.39","5.05e-24","4.27e-26","9.75e-29","R-HSA-9824272~Somitogenesis","PSMD12,PSMD11,PSMD14,PSMD13,PSMD8,PSMB6,PSMA6,PSMB7,PSMD6,PSMC5,PSMA3,PSMB4,PSMD7,PSMA4,PSMB5,PSMA1,PSMA2,PSMB3,PSMC1,PSMC2,PSMD3,PSMB1,PSMD1"
"REACTOME_PATHWAY","Regulation of PTEN stability and activity","25","213","56","10908","5.57e-27","6.48e-26","22.86","5.24e-24","4.38e-26","1.42e-28","R-HSA-8948751~Regulation of PTEN stability and activity","PSMD12,PSMD11,PSMD14,PSMD13,PSMD8,PSMB6,PSMB7,PSMD6,PSMB4,PSMD7,PSMB5,PSMB3,PSMD3,PSMB1,PSMD1,RPS27A,PSMA6,PSMC5,PSMA3,PSMA4,PSMA1,PSMA2,PSMC1,PSMC2,UBA52"
"REACTOME_PATHWAY","ER-Phagosome pathway","28","213","83","10908","2.21e-26","2.51e-25","17.28","2.08e-23","1.69e-25","8.79e-28","R-HSA-1236974~ER-Phagosome pathway","PSMD12,PSMD11,PSMD14,PSMD13,PSMB10,PSMD8,PSMB6,PSMB7,PSMD6,PSMB4,PSMD7,PSMB5,PSMB3,PSMD3,PSMB1,PSMD1,RPS27A,PSMB9,PSMA6,PSMC5,PSMA3,PSMA4,PSMA1,PSMA2,PSMC1,PSMC2,PSME1,UBA52"
"REACTOME_PATHWAY","Downstream TCR signaling","28","213","83","10908","2.21e-26","2.51e-25","17.28","2.08e-23","1.69e-25","8.79e-28","R-HSA-202424~Downstream TCR signaling","PSMD12,PSMD11,PSMD14,PSMD13,UBE2D3,UBE2D1,PSMD8,PSMB6,PSMB7,PSMD6,PSMB4,PSMD7,PSMB5,PSMB3,PSMD3,PSMB1,PSMD1,RPS27A,PSMA6,PSMC5,PSMA3,PSMA4,PSMA1,PSMA2,PSMC1,PSMC2,UBE2V1,UBA52"
"REACTOME_PATHWAY","G1/S DNA Damage Checkpoints","26","213","67","10908","3.12e-26","3.50e-25","19.87","2.93e-23","2.36e-25","1.00e-27","R-HSA-69615~G1/S DNA Damage Checkpoints","PSMD12,PSMD11,PSMD14,PSMD13,PSMD8,PSMB6,PSMB7,PSMD6,PSMB4,PSMD7,PSMB5,PSMB3,PSMD3,PSMB1,PSMD1,RPS27A,RBX1,PSMA6,PSMC5,PSMA3,PSMA4,PSMA1,PSMA2,PSMC1,PSMC2,UBA52"
"GOTERM_BP_DIRECT","DNA repair","43","245","346","16251","3.19e-26","9.91e-24","8.24","3.97e-23","9.47e-24","3.46e-27","GO:0006281~DNA repair","RTEL1,FEN1,PCNA,MCMDC2,PRKDC,UBE2D3,PSMB6,PSMB7,PSMB4,WRN,PSMB5,KAT5,EXO1,EME2,PSMB3,RUVBL1,POLD2,PSMB1,POLK,RFC5,UPF1,RFC3,RMI2,UBE2B,RFC2,ACTL6A,XRCC3,HUS1,RPA2,UBE2A,DDB1,PSMA6,PSMA3,PSMA4,PSMA1,FANCD2,MSH3,PSMA2,POLE2,DMC1,UBE2U,RPA4,RAD17"
"REACTOME_PATHWAY","Metabolism of polyamines","23","213","46","10908","3.82e-26","4.23e-25","25.61","3.59e-23","2.86e-25","7.93e-28","R-HSA-351202~Metabolism of polyamines","PSMD12,PSMD11,PSMD14,PSMD13,PSMD8,PSMB6,PSMA6,PSMB7,PSMD6,PSMC5,PSMA3,PSMB4,PSMD7,PSMA4,PSMB5,PSMA1,PSMA2,PSMB3,PSMC1,PSMC2,PSMD3,PSMB1,PSMD1"
"REACTOME_PATHWAY","Activation of STAT3 by cadherin engagement","27","213","76","10908","4.30e-26","4.71e-25","18.19","4.05e-23","3.19e-25","1.59e-27","R-HSA-9958825~Activation of STAT3 by cadherin engagement","PSMD12,PSMD11,PSMD14,PSMD13,ACTB,ACTG1,PSMD8,PSMB6,PSMB7,PSMD6,PSMB4,PSMD7,PSMB5,PSMB3,PSMD3,PSMB1,PSMD1,RPS27A,PSMA6,PSMC5,PSMA3,PSMA4,PSMA1,PSMA2,PSMC1,PSMC2,UBA52"
"REACTOME_PATHWAY","Host Interactions of HIV factors","31","213","118","10908","1.18e-25","1.27e-24","13.45","1.11e-22","8.62e-25","6.65e-27","R-HSA-162909~Host Interactions of HIV factors","PSMD12,SEH1L,PSMD11,CUL5,PSMD14,PSMD13,PSMD8,PSMB6,PSMB7,PSMD6,PSMB4,PSMD7,PSMB5,PSMB3,PSMD3,PSMB1,PSMD1,NUP43,ELOC,RPS27A,RBX1,PSMA6,PSMC5,PSMA3,PSMA4,PSMA1,PSMA2,PSMC1,PSMC2,UBA52,RAN"
"REACTOME_PATHWAY","M Phase","48","213","372","10908","1.26e-25","1.35e-24","6.61","1.19e-22","9.13e-25","1.70e-26","R-HSA-68886~M Phase","PSMD12,SEH1L,SET,PSMD11,PSMD14,PSMD13,UBE2D1,CENPA,ANAPC10,PSMD8,PSMB6,PPP1CC,PSMB7,PSMD6,PSMB4,PSMD7,PSMB5,PPP2R1B,PSMB3,CDC26,PSMD3,NUF2,PSMB1,PSMD1,NUP43,BUB3,RPS27A,HAUS4,PPP2R5B,DYNLL1,CKAP5,MZT2A,PSMA6,PSMC5,PSMA3,DYNC1LI2,PSMA4,PSMA1,NME7,PSMA2,PSMC1,PSMC2,NCAPD3,UBA52,CENPQ,RAN,TUBA8,MAD2L1"
"REACTOME_PATHWAY","CLEC7A (Dectin-1) signaling","28","213","88","10908","1.33e-25","1.41e-24","16.29","1.26e-22","9.55e-25","5.79e-27","R-HSA-5607764~CLEC7A (Dectin-1) signaling","PSMD12,PSMD11,PSMD14,PSMD13,UBE2D3,UBE2D1,PSMD8,PSMB6,PSMB7,PSMD6,PSMB4,PSMD7,PSMB5,PSMB3,PSMD3,PSMB1,PSMD1,RPS27A,PSMA6,PSMC5,PSMA3,PSMA4,PSMA1,PSMA2,PSMC1,PSMC2,UBE2V1,UBA52"
"REACTOME_PATHWAY","Translation","46","213","339","10908","1.94e-25","2.03e-24","6.95","1.82e-22","1.37e-24","2.46e-26","R-HSA-72766~Translation","AARS1,PSMD12,PSMD11,PSMD14,PSMD13,KARS1,UBE2D3,RPL11,SRP54,UBE2D1,EEF1B2,PSMD8,PSMB6,PSMB7,PSMD6,PSMB4,PSMD7,PSMB5,PSMB3,PSMD3,PSMB1,PSMD1,RPL38,ELOC,RPS27A,EIF2B3,MRPS27,SRP68,DARS1,WARS1,RBX1,PSMA6,PSMC5,SARS1,PSMA3,PSMA4,EPRS1,PSMA1,PSMA2,LARS1,PSMC1,PSMC2,EIF3G,EEF1E1,UBA52,EIF4G1"
"REACTOME_PATHWAY","Hedgehog 'on' state","26","213","72","10908","2.61e-25","2.70e-24","18.49","2.45e-22","1.82e-24","9.39e-27","R-HSA-5632684~Hedgehog 'on' state","PSMD12,PSMD11,PSMD14,PSMD13,PSMD8,PSMB6,PSMB7,PSMD6,PSMB4,PSMD7,PSMB5,PSMB3,PSMD3,PSMB1,PSMD1,RPS27A,RBX1,PSMA6,PSMC5,PSMA3,PSMA4,PSMA1,PSMA2,PSMC1,PSMC2,UBA52"
"REACTOME_PATHWAY","Signaling by NOTCH4","26","213","73","10908","3.90e-25","3.99e-24","18.24","3.67e-22","2.70e-24","1.43e-26","R-HSA-9013694~Signaling by NOTCH4","PSMD12,PSMD11,PSMD14,PSMD13,PSMD8,PSMB6,PSMB7,PSMD6,PSMB4,PSMD7,PSMB5,PSMB3,PSMD3,PSMB1,PSMD1,RPS27A,RBX1,PSMA6,PSMC5,PSMA3,PSMA4,PSMA1,PSMA2,PSMC1,PSMC2,UBA52"
"REACTOME_PATHWAY","ABC transporter disorders","25","213","65","10908","4.35e-25","4.40e-24","19.70","4.09e-22","2.98e-24","1.42e-26","R-HSA-5619084~ABC transporter disorders","PSMD12,PSMD11,PSMD14,PSMD13,PSMD8,PSMB6,PSMB7,PSMD6,PSMB4,PSMD7,PSMB5,PSMB3,PSMD3,PSMB1,PSMD1,RPS27A,PSMA6,PSMC5,PSMA3,PSMA4,PSMA1,PSMA2,PSMC1,PSMC2,UBA52"
"REACTOME_PATHWAY","MAPK6/MAPK4 signaling","26","213","75","10908","8.52e-25","8.54e-24","17.75","8.02e-22","5.78e-24","3.26e-26","R-HSA-5687128~MAPK6/MAPK4 signaling","PSMD12,PSMD11,PSMD14,PSMD13,PSMD8,PSMB6,PSMB7,PSMD6,PSMB4,PSMD7,PSMB5,PSMB3,MYC,PSMD3,PSMB1,PSMD1,RPS27A,PSMA6,PSMC5,PSMA3,PSMA4,PSMA1,PSMA2,PSMC1,PSMC2,UBA52"
"REACTOME_PATHWAY","Nuclear events mediated by NFE2L2","27","213","86","10908","1.70e-24","1.68e-23","16.08","1.60e-21","1.14e-23","7.52e-26","R-HSA-9759194~Nuclear events mediated by NFE2L2","PSMD12,PSMD11,PSMD14,PSMD13,PSMD8,PSMB6,PSMB7,PSMD6,PSMB4,PSMD7,PSMB5,PSMB3,MYC,PSMD3,PSMB1,PSMD1,RPS27A,RBX1,PSMA6,PSMC5,PSMA3,PSMA4,PSMA1,PSMA2,PSMC1,PSMC2,UBA52"
"REACTOME_PATHWAY","Ribosome-associated quality control","31","213","129","10908","2.06e-24","2.02e-23","12.31","1.94e-21","1.37e-23","1.31e-25","R-HSA-9948299~Ribosome-associated quality control","PSMD12,PSMD11,PSMD14,PSMD13,UBE2D3,RPL11,UBE2D1,PSMD8,PSMB6,PSMB7,PSMD6,PSMB4,PSMD7,PSMB5,PSMB3,PSMD3,PSMB1,PSMD1,RPL38,ELOC,RPS27A,RBX1,PSMA6,PSMC5,PSMA3,PSMA4,PSMA1,PSMA2,PSMC1,PSMC2,UBA52"
"REACTOME_PATHWAY","PCP/CE pathway","26","213","78","10908","2.63e-24","2.55e-23","17.07","2.47e-21","1.73e-23","1.07e-25","R-HSA-4086400~PCP/CE pathway","PSMD12,PSMD11,PSMD14,PSMD13,CLTC,PSMD8,PSMB6,PSMB7,PSMD6,PSMB4,PSMD7,PSMB5,PSMB3,PSMD3,PSMB1,PSMD1,RPS27A,PSMA6,PSMC5,PSMA3,PSMA4,PSMA1,PSMA2,PSMC1,PSMC2,UBA52"
"REACTOME_PATHWAY","Antigen processing-Cross presentation","28","213","98","10908","3.41e-24","3.27e-23","14.63","3.20e-21","2.21e-23","1.72e-25","R-HSA-1236975~Antigen processing-Cross presentation","PSMD12,PSMD11,PSMD14,PSMD13,PSMB10,PSMD8,PSMB6,PSMB7,PSMD6,PSMB4,PSMD7,PSMB5,PSMB3,PSMD3,PSMB1,PSMD1,RPS27A,PSMB9,PSMA6,PSMC5,PSMA3,PSMA4,PSMA1,PSMA2,PSMC1,PSMC2,PSME1,UBA52"
"REACTOME_PATHWAY","Downstream signaling events of B Cell Receptor (BCR)","25","213","70","10908","3.52e-24","3.34e-23","18.29","3.31e-21","2.26e-23","1.29e-25","R-HSA-1168372~Downstream signaling events of B Cell Receptor (BCR)","PSMD12,PSMD11,PSMD14,PSMD13,PSMD8,PSMB6,PSMB7,PSMD6,PSMB4,PSMD7,PSMB5,PSMB3,PSMD3,PSMB1,PSMD1,RPS27A,PSMA6,PSMC5,PSMA3,PSMA4,PSMA1,PSMA2,PSMC1,PSMC2,UBA52"
"REACTOME_PATHWAY","G2/M Transition","35","213","184","10908","4.55e-24","4.28e-23","9.74","4.28e-21","2.90e-23","3.88e-25","R-HSA-69275~G2/M Transition","PSMD12,PSMD11,PSMD14,PSMD13,LIN9,AURKA,PSMD8,PSMB6,PSMB7,PSMD6,PSMB4,PSMD7,PSMB5,PPP2R1B,PSMB3,PSMD3,PSMB1,PSMD1,RPS27A,HAUS4,DYNLL1,CKAP5,RBX1,MZT2A,PSMA6,PSMC5,PSMA3,PSMA4,PSMA1,NME7,PSMA2,PSMC1,PSMC2,UBA52,TUBA8"
"GOTERM_BP_DIRECT","proteasome-mediated ubiquitin-dependent protein catabolic process","40","245","330","16251","6.07e-24","1.51e-21","8.04","7.55e-21","1.44e-21","6.76e-25","GO:0043161~proteasome-mediated ubiquitin-dependent protein catabolic process","PSMD12,PSMD11,CUL5,PSMD14,PSMD13,UBE2D3,UBE2D1,PSMB10,AURKA,PSMD8,PSMB6,PSMB7,PSMD6,PSMB4,PSMD7,PSMB5,PSMD4,KAT5,PSMB3,PSMD3,PSMB1,PSMD1,PRAME,ELOC,UBE2B,RAD23A,UBE2A,PSMB9,RBX1,DDB1,PSMA6,PSMC5,PSMA3,PSMA4,PSMA1,PSMA2,PSMC1,PSMC2,UBE2U,ERCC8"
"REACTOME_PATHWAY","Mitotic G2-G2/M phases","35","213","186","10908","6.59e-24","6.15e-23","9.64","6.20e-21","4.16e-23","5.70e-25","R-HSA-453274~Mitotic G2-G2/M phases","PSMD12,PSMD11,PSMD14,PSMD13,LIN9,AURKA,PSMD8,PSMB6,PSMB7,PSMD6,PSMB4,PSMD7,PSMB5,PPP2R1B,PSMB3,PSMD3,PSMB1,PSMD1,RPS27A,HAUS4,DYNLL1,CKAP5,RBX1,MZT2A,PSMA6,PSMC5,PSMA3,PSMA4,PSMA1,NME7,PSMA2,PSMC1,PSMC2,UBA52,TUBA8"
"REACTOME_PATHWAY","Formation of paraxial mesoderm","23","213","57","10908","1.39e-23","1.28e-22","20.66","1.31e-20","8.68e-23","4.21e-25","R-HSA-9793380~Formation of paraxial mesoderm","PSMD12,PSMD11,PSMD14,PSMD13,PSMD8,PSMB6,PSMA6,PSMB7,PSMD6,PSMC5,PSMA3,PSMB4,PSMD7,PSMA4,PSMB5,PSMA1,PSMA2,PSMB3,PSMC1,PSMC2,PSMD3,PSMB1,PSMD1"
"REACTOME_PATHWAY","TCR signaling","28","213","104","10908","1.96e-23","1.80e-22","13.79","1.85e-20","1.22e-22","1.08e-24","R-HSA-202403~TCR signaling","PSMD12,PSMD11,PSMD14,PSMD13,UBE2D3,UBE2D1,PSMD8,PSMB6,PSMB7,PSMD6,PSMB4,PSMD7,PSMB5,PSMB3,PSMD3,PSMB1,PSMD1,RPS27A,PSMA6,PSMC5,PSMA3,PSMA4,PSMA1,PSMA2,PSMC1,PSMC2,UBE2V1,UBA52"
"REACTOME_PATHWAY","Transcriptional regulation by RUNX3","26","213","86","10908","4.12e-23","3.69e-22","15.48","3.88e-20","2.50e-22","1.92e-24","R-HSA-8878159~Transcriptional regulation by RUNX3","PSMD12,PSMD11,PSMD14,PSMD13,PSMD8,PSMB6,PSMB7,PSMD6,PSMB4,PSMD7,PSMB5,PSMB3,MYC,PSMD3,PSMB1,PSMD1,RPS27A,PSMA6,PSMC5,PSMA3,PSMA4,PSMA1,PSMA2,PSMC1,PSMC2,UBA52"
"REACTOME_PATHWAY","Regulation of PD-L1(CD274) Post-translational modification","26","213","86","10908","4.12e-23","3.69e-22","15.48","3.88e-20","2.50e-22","1.92e-24","R-HSA-9909615~Regulation of PD-L1(CD274) Post-translational modification","PSMD12,PSMD11,PSMD14,PSMD13,PSMD8,PSMB6,PSMB7,PSMD6,PSMB4,PSMD7,PSMB5,PSMB3,PSMD3,PSMB1,PSMD1,RPS27A,RBX1,PSMA6,PSMC5,PSMA3,PSMA4,PSMA1,PSMA2,PSMC1,PSMC2,UBA52"
"REACTOME_PATHWAY","Regulation of expression of SLITs and ROBOs","31","213","144","10908","6.53e-23","5.80e-22","11.02","6.14e-20","3.92e-22","4.78e-24","R-HSA-9010553~Regulation of expression of SLITs and ROBOs","PSMD12,PSMD11,PSMD14,PSMD13,EIF4A3,RPL11,PSMD8,PSMB6,PSMB7,PSMD6,PSMB4,PSMD7,PSMB5,PSMB3,PSMD3,PSMB1,PSMD1,RPL38,ELOC,RPS27A,RBX1,PSMA6,PSMC5,PSMA3,PSMA4,PSMA1,PSMA2,PSMC1,PSMC2,UBA52,EIF4G1"
"REACTOME_PATHWAY","Circadian clock","28","213","109","10908","7.72e-23","6.79e-22","13.16","7.26e-20","4.59e-22","4.50e-24","R-HSA-9909396~Circadian clock","PSMD12,PSMD11,PSMD14,PSMD13,UBE2D1,PSMD8,PSMB6,PPP1CC,PSMB7,PSMD6,PSMB4,PSMD7,PSMB5,PSMB3,PSMD3,PSMB1,PSMD1,RPS27A,RBX1,PSMA6,PSMC5,PSMA3,PSMA4,PSMA1,PSMA2,PSMC1,PSMC2,UBA52"
"REACTOME_PATHWAY","Interleukin-1 signaling","27","213","100","10908","1.29e-22","1.13e-21","13.83","1.22e-19","7.62e-22","7.05e-24","R-HSA-9020702~Interleukin-1 signaling","PSMD12,PSMD11,PSMD14,PSMD13,PSMD8,PSMB6,PSMB7,PSMD6,PSMB4,PSMD7,PSMB5,PSMB3,PSMD3,PSMB1,PSMD1,RPS27A,RBX1,PSMA6,PSMC5,PSMA3,PSMA4,PSMA1,PSMA2,PSMC1,PSMC2,UBE2V1,UBA52"
"REACTOME_PATHWAY","Neddylation","36","213","230","10908","7.81e-22","6.75e-21","8.02","7.35e-19","4.57e-21","8.43e-23","R-HSA-8951664~Neddylation","PSMD12,PSMD11,CUL5,PSMD14,PSMD13,UBE2D3,UBE2D1,COPS7A,PSMD8,PSMB6,PSMB7,PSMD6,PSMB4,PSMD7,PSMB5,PSMB3,PSMD3,PSMB1,PSMD1,ELOC,RPS27A,COMMD2,RBX1,DDB1,COPS3,PSMA6,PSMC5,COPS6,PSMA3,PSMA4,PSMA1,PSMA2,PSMC1,PSMC2,ERCC8,UBA52"
"REACTOME_PATHWAY","TNFR2 non-canonical NF-kB pathway","25","213","87","10908","1.27e-21","1.09e-20","14.72","1.20e-18","7.38e-21","6.40e-23","R-HSA-5668541~TNFR2 non-canonical NF-kB pathway","PSMD12,PSMD11,PSMD14,PSMD13,PSMD8,PSMB6,PSMB7,PSMD6,PSMB4,PSMD7,PSMB5,PSMB3,PSMD3,PSMB1,PSMD1,RPS27A,PSMA6,PSMC5,PSMA3,PSMA4,PSMA1,PSMA2,PSMC1,PSMC2,UBA52"
"REACTOME_PATHWAY","Fc epsilon receptor (FCERI) signaling","28","213","122","10908","1.94e-21","1.63e-20","11.75","1.83e-18","1.10e-20","1.31e-22","R-HSA-2454202~Fc epsilon receptor (FCERI) signaling","PSMD12,PSMD11,PSMD14,PSMD13,UBE2D3,UBE2D1,PSMD8,PSMB6,PSMB7,PSMD6,PSMB4,PSMD7,PSMB5,PSMB3,PSMD3,PSMB1,PSMD1,RPS27A,PSMA6,PSMC5,PSMA3,PSMA4,PSMA1,PSMA2,PSMC1,PSMC2,UBE2V1,UBA52"
"REACTOME_PATHWAY","Hedgehog 'off' state","26","213","99","10908","1.94e-21","1.63e-20","13.45","1.83e-18","1.10e-20","1.10e-22","R-HSA-5610787~Hedgehog 'off' state","PSMD12,PSMD11,PSMD14,PSMD13,PSMD8,PSMB6,PSMB7,PSMD6,PSMB4,PSMD7,PSMB5,PSMB3,PSMD3,PSMB1,PSMD1,RPS27A,RBX1,PSMA6,PSMC5,PSMA3,PSMA4,PSMA1,PSMA2,PSMC1,PSMC2,UBA52"
"REACTOME_PATHWAY","KEAP1-NFE2L2 pathway","27","213","111","10908","2.37e-21","1.97e-20","12.46","2.23e-18","1.33e-20","1.48e-22","R-HSA-9755511~KEAP1-NFE2L2 pathway","PSMD12,PSMD11,PSMD14,PSMD13,PSMD8,PSMB6,PSMB7,PSMD6,PSMB4,PSMD7,PSMB5,PSMB3,MYC,PSMD3,PSMB1,PSMD1,RPS27A,RBX1,PSMA6,PSMC5,PSMA3,PSMA4,PSMA1,PSMA2,PSMC1,PSMC2,UBA52"
"REACTOME_PATHWAY","Antigen processing: Ubiquitination & Proteasome degradation","39","213","291","10908","3.01e-21","2.49e-20","6.86","2.83e-18","1.68e-20","3.89e-22","R-HSA-983168~Antigen processing: Ubiquitination & Proteasome degradation","PSMD12,PSMD11,CUL5,PSMD14,PSMD13,UBE2D3,UBE2D1,ANAPC10,UBE2L3,PSMD8,PSMB6,PSMB7,PSMD6,PSMB4,PSMD7,PSMB5,PSMB3,CDC26,PSMD3,PSMB1,PSMD1,ELOC,RPS27A,UBE2B,UBE2E3,UBE2A,UBE2G2,RBX1,PSMA6,PSMC5,PSMA3,PSMA4,PSMA1,PSMA2,PSMC1,PSMC2,UBE2U,UBE2V1,UBA52"
"REACTOME_PATHWAY","C-type lectin receptors (CLRs)","28","213","124","10908","3.07e-21","2.51e-20","11.56","2.89e-18","1.70e-20","2.12e-22","R-HSA-5621481~C-type lectin receptors (CLRs)","PSMD12,PSMD11,PSMD14,PSMD13,UBE2D3,UBE2D1,PSMD8,PSMB6,PSMB7,PSMD6,PSMB4,PSMD7,PSMB5,PSMB3,PSMD3,PSMB1,PSMD1,RPS27A,PSMA6,PSMC5,PSMA3,PSMA4,PSMA1,PSMA2,PSMC1,PSMC2,UBE2V1,UBA52"
"REACTOME_PATHWAY","ABC-family protein mediated transport","25","213","90","10908","3.10e-21","2.52e-20","14.23","2.92e-18","1.71e-20","1.63e-22","R-HSA-382556~ABC-family protein mediated transport","PSMD12,PSMD11,PSMD14,PSMD13,PSMD8,PSMB6,PSMB7,PSMD6,PSMB4,PSMD7,PSMB5,PSMB3,PSMD3,PSMB1,PSMD1,RPS27A,PSMA6,PSMC5,PSMA3,PSMA4,PSMA1,PSMA2,PSMC1,PSMC2,UBA52"
"GOTERM_BP_DIRECT","response to oxidative stress","29","245","172","16251","3.25e-21","6.72e-19","11.18","4.04e-18","6.43e-19","2.47e-22","GO:0006979~response to oxidative stress","PSMD12,PSMD11,PCNA,PSMD14,PSMD13,PSMD8,PSMB6,PSMB7,PSMD6,PSMB4,WRN,PSMD7,PSMB5,PSMD4,PSMB3,PSMD3,PSMB1,PSMD1,PSMA6,PSMC5,PSMA3,PSMA4,PSMA1,PSMA2,PSMC1,PSME3,PSMC2,PSME1,ERCC8"
"REACTOME_PATHWAY","Class I MHC mediated antigen processing & presentation","43","213","369","10908","4.01e-21","3.23e-20","5.97","3.77e-18","2.18e-20","6.07e-22","R-HSA-983169~Class I MHC mediated antigen processing & presentation","PSMD12,PSMD11,CUL5,PSMD14,PSMD13,UBE2D3,PIK3R4,UBE2D1,PSMB10,ANAPC10,UBE2L3,PSMD8,PSMB6,PSMB7,PSMD6,PSMB4,PSMD7,PSMB5,PSMB3,CDC26,PSMD3,PSMB1,PSMD1,ELOC,RPS27A,UBE2B,UBE2E3,UBE2A,UBE2G2,PSMB9,RBX1,PSMA6,PSMC5,PSMA3,PSMA4,PSMA1,PSMA2,PSMC1,PSMC2,UBE2U,PSME1,UBE2V1,UBA52"
"REACTOME_PATHWAY","Transcriptional regulation by RUNX2","26","213","105","10908","9.36e-21","7.47e-20","12.68","8.81e-18","5.05e-20","5.73e-22","R-HSA-8878166~Transcriptional regulation by RUNX2","PSMD12,PSMD11,PSMD14,PSMD13,PSMD8,PSMB6,PSMB7,PSMD6,PSMB4,PSMD7,PSMB5,PSMB3,PSMD3,PSMB1,PSMD1,RPS27A,RBX1,PSMA6,PSMC5,PSMA3,PSMA4,PSMA1,PSMA2,PSMC1,PSMC2,UBA52"
"REACTOME_PATHWAY","RUNX1 regulates transcription of genes involved in differentiation of HSCs","25","213","95","10908","1.27e-20","1.00e-19","13.48","1.19e-17","6.78e-20","7.16e-22","R-HSA-8939236~RUNX1 regulates transcription of genes involved in differentiation of HSCs","PSMD12,PSMD11,PSMD14,PSMD13,PSMD8,PSMB6,PSMB7,PSMD6,PSMB4,PSMD7,PSMB5,PSMB3,PSMD3,PSMB1,PSMD1,RPS27A,PSMA6,PSMC5,PSMA3,PSMA4,PSMA1,PSMA2,PSMC1,PSMC2,UBA52"
"REACTOME_PATHWAY","HIV Infection","34","213","217","10908","1.31e-20","1.03e-19","8.02","1.23e-17","6.93e-20","1.41e-21","R-HSA-162906~HIV Infection","PSMD12,FEN1,SEH1L,CCNT2,PSMD11,CUL5,PSMD14,PSMD13,PSMD8,PSMB6,PSMB7,PSMD6,PSMB4,PSMD7,PSMB5,PSMB3,PSMD3,PSMB1,PSMD1,NUP43,ELOC,RPS27A,PDCD6IP,RBX1,PSMA6,PSMC5,PSMA3,PSMA4,PSMA1,PSMA2,PSMC1,PSMC2,UBA52,RAN"
"REACTOME_PATHWAY","Signaling by the B Cell Receptor (BCR)","25","213","99","10908","3.65e-20","2.85e-19","12.93","3.44e-17","1.92e-19","2.18e-21","R-HSA-983705~Signaling by the B Cell Receptor (BCR)","PSMD12,PSMD11,PSMD14,PSMD13,PSMD8,PSMB6,PSMB7,PSMD6,PSMB4,PSMD7,PSMB5,PSMB3,PSMD3,PSMB1,PSMD1,RPS27A,PSMA6,PSMC5,PSMA3,PSMA4,PSMA1,PSMA2,PSMC1,PSMC2,UBA52"
"REACTOME_PATHWAY","Signaling by ROBO receptors","31","213","189","10908","2.40e-19","1.85e-18","8.40","2.26e-16","1.25e-18","2.45e-20","R-HSA-376176~Signaling by ROBO receptors","PSMD12,PSMD11,PSMD14,PSMD13,EIF4A3,RPL11,PSMD8,PSMB6,PSMB7,PSMD6,PSMB4,PSMD7,PSMB5,PSMB3,PSMD3,PSMB1,PSMD1,RPL38,ELOC,RPS27A,RBX1,PSMA6,PSMC5,PSMA3,PSMA4,PSMA1,PSMA2,PSMC1,PSMC2,UBA52,EIF4G1"
"REACTOME_PATHWAY","Antigen processing: Ub, ATP-independent proteasomal degradation","14","213","19","10908","9.49e-19","7.27e-18","37.73","8.93e-16","4.91e-18","8.10e-21","R-HSA-9912633~Antigen processing: Ub, ATP-independent proteasomal degradation","PSMB10,PSMB9,PSMB6,PSMA6,PSMB7,PSMA3,PSMB4,PSMA4,PSMB5,PSMA1,PSMA2,PSMB3,PSMB1,PSME1"
"REACTOME_PATHWAY","PTEN Regulation","26","213","126","10908","1.08e-18","8.20e-18","10.57","1.02e-15","5.55e-18","8.35e-20","R-HSA-6807070~PTEN Regulation","PSMD12,PSMD11,PSMD14,PSMD13,PSMD8,PSMB6,PSMB7,PSMD6,PSMB4,PSMD7,PSMB5,PSMB3,PSMD3,PSMB1,PSMD1,RPS27A,MTOR,PSMA6,PSMC5,PSMA3,PSMA4,PSMA1,PSMA2,PSMC1,PSMC2,UBA52"
"REACTOME_PATHWAY","Interleukin-1 family signaling","27","213","140","10908","1.21e-18","9.10e-18","9.88","1.14e-15","6.16e-18","1.02e-19","R-HSA-446652~Interleukin-1 family signaling","PSMD12,PSMD11,PSMD14,PSMD13,PSMD8,PSMB6,PSMB7,PSMD6,PSMB4,PSMD7,PSMB5,PSMB3,PSMD3,PSMB1,PSMD1,RPS27A,RBX1,PSMA6,PSMC5,PSMA3,PSMA4,PSMA1,PSMA2,PSMC1,PSMC2,UBE2V1,UBA52"
"REACTOME_PATHWAY","TCF dependent signaling in response to WNT","31","213","200","10908","1.25e-18","9.33e-18","7.94","1.17e-15","6.31e-18","1.36e-19","R-HSA-201681~TCF dependent signaling in response to WNT","PSMD12,PSMD11,PSMD14,PSMD13,PSMD8,PSMB6,PSMB7,PSMD6,PSMB4,PSMD7,PSMB5,PPP2R1B,KAT5,PSMB3,MYC,PSMD3,RUVBL1,PSMB1,PSMD1,RPS27A,PPP2R5B,RBX1,PSMA6,PSMC5,PSMA3,PSMA4,PSMA1,PSMA2,PSMC1,PSMC2,UBA52"
"REACTOME_PATHWAY","Beta-catenin independent WNT signaling","26","213","132","10908","3.52e-18","2.61e-17","10.09","3.31e-15","1.77e-17","2.89e-19","R-HSA-3858494~Beta-catenin independent WNT signaling","PSMD12,PSMD11,PSMD14,PSMD13,CLTC,PSMD8,PSMB6,PSMB7,PSMD6,PSMB4,PSMD7,PSMB5,PSMB3,PSMD3,PSMB1,PSMD1,RPS27A,PSMA6,PSMC5,PSMA3,PSMA4,PSMA1,PSMA2,PSMC1,PSMC2,UBA52"
"REACTOME_PATHWAY","Signaling by Hedgehog","26","213","135","10908","6.21e-18","4.57e-17","9.86","5.84e-15","3.09e-17","5.23e-19","R-HSA-5358351~Signaling by Hedgehog","PSMD12,PSMD11,PSMD14,PSMD13,PSMD8,PSMB6,PSMB7,PSMD6,PSMB4,PSMD7,PSMB5,PSMB3,PSMD3,PSMB1,PSMD1,RPS27A,RBX1,PSMA6,PSMC5,PSMA3,PSMA4,PSMA1,PSMA2,PSMC1,PSMC2,UBA52"
"REACTOME_PATHWAY","Metabolism of proteins","94","213","2027","10908","7.74e-18","5.65e-17","2.37","7.28e-15","3.82e-17","3.17e-18","R-HSA-392499~Metabolism of proteins","TOP2A,TOP2B,UBE2D3,SRP54,UBE2D1,ACTB,UBE2L3,EEF1B2,PSMD8,PSMD6,PSMD7,CAPZB,PSMD4,PSMD5,MYC,RUVBL1,PSMD3,PSMD1,RPL38,ELOC,CCT3,CCT2,MRPS27,VBP1,UBE2E3,ACTL6A,COMMD2,RAD23A,ARFGAP3,DYNLL1,DARS1,RBX1,DDB1,PSMA6,SARS1,PSMA3,DYNC1LI2,PSMA4,PSMA1,PSMA2,LARS1,PSME3,TCP1,PSME1,EEF1E1,UBA52,NAPA,COPB2,AARS1,PSMD12,SEH1L,PSMD11,PCNA,CUL5,PSMD14,KARS1,PSMD13,PRKDC,RPL11,COPS7A,TIMM10,PSMB10,AURKA,PSMB6,PSMB7,PSMB4,WRN,PSMB5,PSMB3,PSMB1,NUP43,RPS27A,ZC3H15,RWDD1,EIF2B3,UBE2B,UBE2A,UBE2G2,SRP68,WARS1,PSMB9,RAB10,CCT6A,COPS3,PSMC5,COPS6,EPRS1,PSMC1,PSMC2,EIF3G,ERCC8,PSMG2,EIF4G1,TUBA8"
"GOTERM_BP_DIRECT","DNA replication","23","245","125","16251","1.19e-17","2.11e-15","12.20","1.48e-14","2.02e-15","8.16e-19","GO:0006260~DNA replication","RFC5,UPF1,RTEL1,FEN1,RMI2,RFC3,SET,PCNA,RFC2,DSCC1,DONSON,RPA2,CHTF18,POLA2,WRN,POLE2,ORC2,RPA4,POLD2,MCM4,POLK,MCM6,MCM2"
"REACTOME_PATHWAY","DNA Repair","36","213","312","10908","1.79e-17","1.30e-16","5.91","1.69e-14","8.79e-17","2.75e-18","R-HSA-73894~DNA Repair","RTEL1,FEN1,PCNA,PRKDC,COPS7A,ACTB,WRN,KAT5,EXO1,EME2,RUVBL1,POLD2,POLK,RPS27A,RFC5,RFC3,RMI2,UBE2B,RFC2,ACTL6A,XRCC3,HUS1,RPA2,RAD23A,FANCE,RBX1,DDB1,COPS3,COPS6,FANCD2,MSH3,POLE2,ERCC8,POT1,RAD17,UBA52"
"REACTOME_PATHWAY","Metabolism of RNA","53","213","714","10908","2.22e-17","1.59e-16","3.80","2.08e-14","1.08e-16","5.51e-18","R-HSA-8953854~Metabolism of RNA","NXT1,GEMIN2,PRORP,EIF4A3,USP39,PSMD8,FBL,PSMD6,PSMD7,SNRPD1,KHSRP,PSMD3,DHX16,PSMD1,RPL38,MTREX,SNRPD3,UPF1,THOC6,PSMA6,PSMA3,PSMA4,PSMA1,PSMA2,RPP21,GEMIN8,UBA52,PSMD12,SEH1L,SET,SF3B3,PSMD11,PSMD14,PSMD13,NIP7,RPL11,THADA,PSMB6,PSMB7,NXF1,PSMB4,PSMB5,PSMB3,PSMB1,NUP43,RPS27A,RTRAF,PSMC5,EPRS1,PSMC1,PSMC2,RAN,EIF4G1"
"REACTOME_PATHWAY","Disorders of transmembrane transporters","27","213","163","10908","6.11e-17","4.36e-16","8.48","1.04e-13","2.95e-16","6.17e-18","R-HSA-5619115~Disorders of transmembrane transporters","PSMD12,SEH1L,PSMD11,PSMD14,PSMD13,PSMD8,PSMB6,PSMB7,PSMD6,PSMB4,PSMD7,PSMB5,PSMB3,PSMD3,PSMB1,PSMD1,NUP43,RPS27A,PSMA6,PSMC5,PSMA3,PSMA4,PSMA1,PSMA2,PSMC1,PSMC2,UBA52"
"REACTOME_PATHWAY","Regulation of CDH1 Expression and Function","28","213","180","10908","7.43e-17","5.22e-16","7.97","1.04e-13","3.53e-16","8.08e-18","R-HSA-9764265~Regulation of CDH1 Expression and Function","PSMD12,PSMD11,PSMD14,PSMD13,ACTB,ACTG1,PSMD8,PSMB6,PSMB7,PSMD6,PSMB4,PSMD7,PSMB5,PSMB3,MYC,PSMD3,PSMB1,PSMD1,RPS27A,PSMA6,PSMC5,PSMA3,PSMA4,PSMA1,PSMA2,PSMC1,PSMC2,UBA52"
"REACTOME_PATHWAY","Regulation of Expression and Function of Type I Classical Cadherins","28","213","180","10908","7.43e-17","5.22e-16","7.97","1.04e-13","3.53e-16","8.08e-18","R-HSA-9764274~Regulation of Expression and Function of Type I Classical Cadherins","PSMD12,PSMD11,PSMD14,PSMD13,ACTB,ACTG1,PSMD8,PSMB6,PSMB7,PSMD6,PSMB4,PSMD7,PSMB5,PSMB3,MYC,PSMD3,PSMB1,PSMD1,RPS27A,PSMA6,PSMC5,PSMA3,PSMA4,PSMA1,PSMA2,PSMC1,PSMC2,UBA52"
"REACTOME_PATHWAY","Ub-specific processing proteases","27","213","166","10908","9.70e-17","6.77e-16","8.33","1.04e-13","4.58e-16","1.00e-17","R-HSA-5689880~Ub-specific processing proteases","PSMD12,PSMD11,PSMD14,PSMD13,PSMD8,PSMB6,PSMB7,PSMD6,PSMB4,PSMD7,PSMB5,PSMB3,MYC,PSMD3,RUVBL1,PSMB1,PSMD1,RPS27A,PSMA6,PSMC5,PSMA3,PSMA4,PSMA1,PSMA2,PSMC1,PSMC2,UBA52"
"REACTOME_PATHWAY","Gastrulation","23","213","110","10908","1.19e-16","8.22e-16","10.71","1.04e-13","5.56e-16","9.04e-18","R-HSA-9758941~Gastrulation","PSMD12,PSMD11,PSMD14,PSMD13,PSMD8,PSMB6,PSMA6,PSMB7,PSMD6,PSMC5,PSMA3,PSMB4,PSMD7,PSMA4,PSMB5,PSMA1,PSMA2,PSMB3,PSMC1,PSMC2,PSMD3,PSMB1,PSMD1"
"REACTOME_PATHWAY","Deubiquitination","31","213","241","10908","2.49e-16","1.72e-15","6.59","2.09e-13","1.16e-15","3.38e-17","R-HSA-5688426~Deubiquitination","PSMD12,PSMD11,PSMD14,PSMD13,UBE2D1,ACTB,PSMD8,PSMB6,PSMB7,PSMD6,PSMB4,PSMD7,PSMB5,PSMB3,MYC,PSMD3,RUVBL1,PSMB1,PSMD1,RPS27A,ACTL6A,RAD23A,PSMA6,PSMC5,PSMA3,PSMA4,PSMA1,PSMA2,PSMC1,PSMC2,UBA52"
"REACTOME_PATHWAY","Regulation of PD-L1(CD274) expression","27","213","173","10908","2.74e-16","1.87e-15","7.99","2.09e-13","1.27e-15","2.97e-17","R-HSA-9909648~Regulation of PD-L1(CD274) expression","PSMD12,PSMD11,PSMD14,PSMD13,PSMD8,PSMB6,PSMB7,PSMD6,PSMB4,PSMD7,PSMB5,PSMB3,MYC,PSMD3,PSMB1,PSMD1,RPS27A,RBX1,PSMA6,PSMC5,PSMA3,PSMA4,PSMA1,PSMA2,PSMC1,PSMC2,UBA52"
"REACTOME_PATHWAY","HDR through Homologous Recombination (HRR)","19","213","68","10908","3.91e-16","2.65e-15","14.31","4.18e-13","1.79e-15","2.05e-17","R-HSA-5685942~HDR through Homologous Recombination (HRR)","RFC5,RTEL1,RMI2,RFC3,PCNA,RFC2,XRCC3,HUS1,RPA2,WRN,KAT5,EXO1,EME2,POLE2,POLD2,RAD17,POLK,RPS27A,UBA52"
"REACTOME_PATHWAY","Telomere C-strand (Lagging Strand) Synthesis","15","213","33","10908","4.12e-16","2.77e-15","23.28","4.18e-13","1.88e-15","1.04e-17","R-HSA-174417~Telomere C-strand (Lagging Strand) Synthesis","RFC5,STN1,FEN1,RFC3,PCNA,RFC2,DSCC1,PRIM1,RPA2,CHTF18,POLA2,WRN,TEN1,POLD2,POT1"
"GOTERM_BP_DIRECT","proteasomal ubiquitin-independent protein catabolic process","12","245","19","16251","4.70e-16","7.29e-14","41.89","5.52e-13","6.97e-14","4.79e-18","GO:0010499~proteasomal ubiquitin-independent protein catabolic process","PSMB6,PSMA6,PSMB7,PSMA3,PSMB4,PSMA4,PSMB5,PSMA1,PSMA2,PSMB3,PSMB1,PSMB10"
"REACTOME_PATHWAY","Extension of Telomeres","17","213","50","10908","6.22e-16","4.16e-15","17.41","6.27e-13","2.81e-15","2.48e-17","R-HSA-180786~Extension of Telomeres","RFC5,RTEL1,STN1,FEN1,RFC3,PCNA,RFC2,DSCC1,PRIM1,RPA2,CHTF18,POLA2,WRN,TEN1,POLD2,RUVBL1,POT1"
"REACTOME_PATHWAY","Regulation of Homotypic Cell-Cell Adhesion","28","213","196","10908","7.79e-16","5.17e-15","7.32","7.31e-13","3.50e-15","8.03e-17","R-HSA-9759476~Regulation of Homotypic Cell-Cell Adhesion","PSMD12,PSMD11,PSMD14,PSMD13,ACTB,ACTG1,PSMD8,PSMB6,PSMB7,PSMD6,PSMB4,PSMD7,PSMB5,PSMB3,MYC,PSMD3,PSMB1,PSMD1,RPS27A,PSMA6,PSMC5,PSMA3,PSMA4,PSMA1,PSMA2,PSMC1,PSMC2,UBA52"
"REACTOME_PATHWAY","Programmed Cell Death","28","213","199","10908","1.10e-15","7.22e-15","7.21","1.04e-12","4.88e-15","1.20e-16","R-HSA-5357801~Programmed Cell Death","PSMD12,PSMD11,PSMD14,PSMD13,UBE2L3,PSMD8,PSMB6,PSMB7,PSMD6,PSMB4,PSMD7,PSMB5,PSMB3,PSMD3,PSMB1,PSMD1,RPS27A,PDCD6IP,DYNLL1,PSMA6,PSMC5,PSMA3,PSMA4,PSMA1,PSMA2,PSMC1,PSMC2,UBA52"
"REACTOME_PATHWAY","Apoptosis","26","213","166","10908","1.12e-15","7.33e-15","8.02","1.04e-12","4.96e-15","1.09e-16","R-HSA-109581~Apoptosis","PSMD12,PSMD11,PSMD14,PSMD13,PSMD8,PSMB6,PSMB7,PSMD6,PSMB4,PSMD7,PSMB5,PSMB3,PSMD3,PSMB1,PSMD1,RPS27A,DYNLL1,PSMA6,PSMC5,PSMA3,PSMA4,PSMA1,PSMA2,PSMC1,PSMC2,UBA52"
"REACTOME_PATHWAY","Regulation of T cell activation by CD28 family","30","213","242","10908","2.59e-15","1.68e-14","6.35","2.40e-12","1.14e-14","3.19e-16","R-HSA-388841~Regulation of T cell activation by CD28 family","PSMD12,PSMD11,PSMD14,PSMD13,PSMD8,PSMB6,PSMB7,PSMD6,PSMB4,PSMD7,PSMB5,PPP2R1B,PSMB3,MYC,PSMD3,PSMB1,PSMD1,RPS27A,PPP2R5B,MTOR,RBX1,PSMA6,PSMC5,PSMA3,PSMA4,PSMA1,PSMA2,PSMC1,PSMC2,UBA52"
"REACTOME_PATHWAY","Cellular response to chemical stress","27","213","189","10908","2.80e-15","1.81e-14","7.32","2.61e-12","1.22e-14","2.96e-16","R-HSA-9711123~Cellular response to chemical stress","PSMD12,PSMD11,PSMD14,PSMD13,PSMD8,PSMB6,PSMB7,PSMD6,PSMB4,PSMD7,PSMB5,PSMB3,MYC,PSMD3,PSMB1,PSMD1,RPS27A,RBX1,PSMA6,PSMC5,PSMA3,PSMA4,PSMA1,PSMA2,PSMC1,PSMC2,UBA52"
"REACTOME_PATHWAY","Co-inhibition by PD-1","27","213","191","10908","3.53e-15","2.26e-14","7.24","3.34e-12","1.53e-14","3.89e-16","R-HSA-389948~Co-inhibition by PD-1","PSMD12,PSMD11,PSMD14,PSMD13,PSMD8,PSMB6,PSMB7,PSMD6,PSMB4,PSMD7,PSMB5,PSMB3,MYC,PSMD3,PSMB1,PSMD1,RPS27A,RBX1,PSMA6,PSMC5,PSMA3,PSMA4,PSMA1,PSMA2,PSMC1,PSMC2,UBA52"
"REACTOME_PATHWAY","RAF/MAP kinase cascade","31","213","267","10908","4.84e-15","3.08e-14","5.95","4.60e-12","2.08e-14","7.46e-16","R-HSA-5673001~RAF/MAP kinase cascade","PSMD12,PSMD11,PSMD14,PSMD13,ACTB,ACTG1,PSMD8,PSMB6,PPP1CC,PSMB7,PSMD6,PSMB4,PSMD7,PSMB5,PPP2R1B,PSMB3,PSMD3,PSMB1,PSMD1,RPS27A,PPP2R5B,RBX1,PSMA6,PSMC5,PSMA3,PSMA4,PSMA1,PSMA2,PSMC1,PSMC2,UBA52"
"REACTOME_PATHWAY","MAPK1/MAPK3 signaling","31","213","273","10908","8.83e-15","5.58e-14","5.82","8.36e-12","3.78e-14","1.41e-15","R-HSA-5684996~MAPK1/MAPK3 signaling","PSMD12,PSMD11,PSMD14,PSMD13,ACTB,ACTG1,PSMD8,PSMB6,PPP1CC,PSMB7,PSMD6,PSMB4,PSMD7,PSMB5,PPP2R1B,PSMB3,PSMD3,PSMB1,PSMD1,RPS27A,PPP2R5B,RBX1,PSMA6,PSMC5,PSMA3,PSMA4,PSMA1,PSMA2,PSMC1,PSMC2,UBA52"
"REACTOME_PATHWAY","Transcriptional regulation by RUNX1","27","213","200","10908","1.10e-14","6.93e-14","6.91","1.03e-11","4.69e-14","1.37e-15","R-HSA-8878171~Transcriptional regulation by RUNX1","PSMD12,PSMD11,PSMD14,PSMD13,PSMD8,PSMB6,PSMB7,PSMD6,PSMB4,PSMD7,PSMB5,PSMB3,PSMD3,PSMB1,PSMD1,RPS27A,PBRM1,ACTL6A,PSMA6,PSMC5,PSMA3,PSMA4,PSMA1,PSMA2,PSMC1,PSMC2,UBA52"
"REACTOME_PATHWAY","Signaling by WNT","32","213","298","10908","1.39e-14","8.68e-14","5.50","1.31e-11","5.87e-14","2.31e-15","R-HSA-195721~Signaling by WNT","PSMD12,PSMD11,PSMD14,PSMD13,CLTC,PSMD8,PSMB6,PSMB7,PSMD6,PSMB4,PSMD7,PSMB5,PPP2R1B,KAT5,PSMB3,MYC,PSMD3,RUVBL1,PSMB1,PSMD1,RPS27A,PPP2R5B,RBX1,PSMA6,PSMC5,PSMA3,PSMA4,PSMA1,PSMA2,PSMC1,PSMC2,UBA52"
"REACTOME_PATHWAY","Global Genome Nucleotide Excision Repair (GG-NER)","19","213","82","10908","1.48e-14","9.19e-14","11.87","1.40e-11","6.22e-14","1.05e-15","R-HSA-5696399~Global Genome Nucleotide Excision Repair (GG-NER)","RFC5,RFC3,PCNA,RFC2,ACTL6A,RPA2,COPS7A,RAD23A,ACTB,RBX1,DDB1,COPS3,COPS6,POLE2,POLD2,RUVBL1,POLK,RPS27A,UBA52"
"REACTOME_PATHWAY","Signaling by NOTCH","27","213","205","10908","2.02e-14","1.24e-13","6.74","1.90e-11","8.40e-14","2.69e-15","R-HSA-157118~Signaling by NOTCH","PSMD12,PSMD11,PSMD14,PSMD13,PSMD8,PSMB6,PSMB7,PSMD6,PSMB4,PSMD7,PSMB5,PSMB3,MYC,PSMD3,PSMB1,PSMD1,RPS27A,RBX1,PSMA6,PSMC5,PSMA3,PSMA4,PSMA1,PSMA2,PSMC1,PSMC2,UBA52"
"REACTOME_PATHWAY","Post-translational protein modification","71","213","1431","10908","3.84e-14","2.35e-13","2.54","3.61e-11","1.59e-13","1.45e-14","R-HSA-597592~Post-translational protein modification","TOP2A,TOP2B,UBE2D3,UBE2D1,ACTB,UBE2L3,PSMD8,PSMD6,PSMD7,CAPZB,PSMD4,PSMD5,MYC,RUVBL1,PSMD3,PSMD1,ELOC,UBE2E3,ACTL6A,COMMD2,RAD23A,ARFGAP3,DYNLL1,RBX1,DDB1,PSMA6,PSMA3,DYNC1LI2,PSMA4,PSMA1,PSMA2,PSME3,PSME1,UBA52,NAPA,COPB2,PSMD12,SEH1L,PSMD11,PCNA,CUL5,PSMD14,PSMD13,PRKDC,COPS7A,PSMB10,AURKA,PSMB6,PSMB7,PSMB4,WRN,PSMB5,PSMB3,PSMB1,NUP43,RPS27A,ZC3H15,RWDD1,UBE2B,UBE2A,UBE2G2,PSMB9,RAB10,COPS3,PSMC5,COPS6,PSMC1,PSMC2,ERCC8,PSMG2,TUBA8"
"REACTOME_PATHWAY","MAPK family signaling cascades","32","213","311","10908","4.53e-14","2.75e-13","5.27","4.26e-11","1.86e-13","7.91e-15","R-HSA-5683057~MAPK family signaling cascades","PSMD12,PSMD11,PSMD14,PSMD13,ACTB,ACTG1,PSMD8,PSMB6,PPP1CC,PSMB7,PSMD6,PSMB4,PSMD7,PSMB5,PPP2R1B,PSMB3,MYC,PSMD3,PSMB1,PSMD1,RPS27A,PPP2R5B,RBX1,PSMA6,PSMC5,PSMA3,PSMA4,PSMA1,PSMA2,PSMC1,PSMC2,UBA52"
"REACTOME_PATHWAY","Cellular responses to stress","49","213","745","10908","6.95e-14","4.20e-13","3.37","6.54e-11","2.84e-13","1.96e-14","R-HSA-2262752~Cellular responses to stress","UBE2D3,UBE2D1,PSMD8,PSMD6,PSMD7,KAT5,CAPZB,MYC,CDC26,KHSRP,PSMD3,PSMD1,RPL38,ELOC,ATP6V1E1,PPP2R5B,ARFGAP3,DYNLL1,RBX1,PSMA6,PSMA3,DYNC1LI2,PSMA4,PSMA1,PSMA2,POT1,UBA52,PSMD12,SEH1L,PSMD11,PSMD14,PSMD13,RPL11,ANAPC10,PSMB6,PSMB7,PSMB4,PSMB5,PSMB3,PSMB1,NUP43,RPS27A,ATP6V1F,RPA2,MTOR,PSMC5,PSMC1,PSMC2,TUBA8"
"GOTERM_BP_DIRECT","regulation of G1/S transition of mitotic cell cycle","16","245","69","16251","7.97e-14","1.10e-11","15.38","9.91e-11","1.05e-11","4.14e-15","GO:2000045~regulation of G1/S transition of mitotic cell cycle","PBRM1,ACTL6A,ACTB,PSMB6,PSMA6,PSMB7,PSMA3,PSMB4,PSMA4,PSMB5,PSMA1,PSMA2,PSMB3,PSME3,PSMB1,PSME1"
"REACTOME_PATHWAY","Adherens junctions interactions","28","213","240","10908","1.21e-13","7.27e-13","5.97","1.14e-10","4.91e-13","1.83e-14","R-HSA-418990~Adherens junctions interactions","PSMD12,PSMD11,PSMD14,PSMD13,ACTB,ACTG1,PSMD8,PSMB6,PSMB7,PSMD6,PSMB4,PSMD7,PSMB5,PSMB3,MYC,PSMD3,PSMB1,PSMD1,RPS27A,PSMA6,PSMC5,PSMA3,PSMA4,PSMA1,PSMA2,PSMC1,PSMC2,UBA52"
"REACTOME_PATHWAY","Metabolism of amino acids and derivatives","33","213","345","10908","1.27e-13","7.58e-13","4.90","1.20e-10","5.13e-13","2.38e-14","R-HSA-71291~Metabolism of amino acids and derivatives","PSMD12,PSMD11,PSMD14,PSMD13,KARS1,RPL11,PSMD8,PSMB6,PSMB7,PSMD6,PSMB4,PSMD7,PSMB5,PSMB3,PSMD3,PSMB1,PSMD1,RPL38,RPS27A,DARS1,PSMA6,PSMC5,SARS1,PSMA3,PSMA4,EPRS1,PSMA1,PSMA2,LARS1,PSMC1,PSMC2,EEF1E1,UBA52"
"REACTOME_PATHWAY","Nucleotide Excision Repair","20","213","106","10908","1.37e-13","8.11e-13","9.66","1.29e-10","5.49e-13","1.18e-14","R-HSA-5696398~Nucleotide Excision Repair","RFC5,RFC3,PCNA,RFC2,ACTL6A,RPA2,COPS7A,RAD23A,ACTB,RBX1,DDB1,COPS3,COPS6,POLE2,POLD2,RUVBL1,ERCC8,POLK,RPS27A,UBA52"
"GOTERM_BP_DIRECT","CD8-positive, alpha-beta T cell homeostasis","10","245","15","16251","1.55e-13","1.92e-11","44.22","1.93e-10","1.84e-11","1.41e-15","GO:0160165~CD8-positive, alpha-beta T cell homeostasis","PSMA6,PSMA3,PSMB4,PSMA4,PSMA1,PSMA2,PSMB3,PSMB1,PSMB10,PSMB9"
"GOTERM_BP_DIRECT","CD8-positive, alpha-beta T cell differentiation","10","245","16","16251","3.49e-13","3.62e-11","41.46","4.34e-10","3.46e-11","3.70e-15","GO:0043374~CD8-positive, alpha-beta T cell differentiation","PSMA6,PSMA3,PSMB4,PSMA4,PSMA1,PSMA2,PSMB3,PSMB1,PSMB10,PSMB9"
"GOTERM_BP_DIRECT","thymic T cell selection","10","245","16","16251","3.49e-13","3.62e-11","41.46","4.34e-10","3.46e-11","3.70e-15","GO:0045061~thymic T cell selection","PSMA6,PSMA3,PSMB4,PSMA4,PSMA1,PSMA2,PSMB3,PSMB1,PSMB10,PSMB9"
"REACTOME_PATHWAY","Adaptive Immune System","52","213","874","10908","4.73e-13","2.78e-12","3.05","4.45e-10","1.88e-12","1.48e-13","R-HSA-1280218~Adaptive Immune System","UBE2D3,CLTC,UBE2D1,UBE2L3,PSMD8,PSMD6,PSMD7,PPP2R1B,CAPZB,MYC,CDC26,PSMD3,PSMD1,ELOC,UBE2E3,PPP2R5B,DYNLL1,RBX1,PSMA6,PSMA3,DYNC1LI2,PSMA4,PSMA1,PSMA2,PSME1,UBE2V1,UBA52,PSMD12,PSMD11,CUL5,PSMD14,PSMD13,PIK3R4,ANAPC10,PSMB10,PSMB6,PSMB7,PSMB4,PSMB5,PSMB3,PSMB1,RPS27A,UBE2B,UBE2A,UBE2G2,MTOR,PSMB9,PSMC5,PSMC1,PSMC2,UBE2U,TUBA8"
"REACTOME_PATHWAY","Viral Infection Pathways","56","213","1004","10908","5.98e-13","3.50e-12","2.86","5.63e-10","2.37e-12","2.01e-13","R-HSA-9824446~Viral Infection Pathways","FEN1,CCNT2,GEMIN2,EIF4A3,CLTC,IPO7,IPO5,PSMD8,PPP1CC,PSMD6,PSMD7,SNRPD1,PSMD3,DHX16,PSMD1,RPL38,ELOC,SNRPD3,PDCD6IP,DYNLL1,RBX1,PSMA6,PSMA3,DYNC1LI2,PSMA4,PSMA1,PSMA2,MED21,UBE2V1,GEMIN8,UBA52,PSMD12,SEH1L,SF3B3,PSMD11,CUL5,PSMD14,PSMD13,RPL11,PIK3R4,RRBP1,PSMB6,PSMB7,PSMB4,PSMB5,PSMB3,PSMB1,NUP43,RPS27A,MTOR,PSMC5,PSMC1,PSMC2,RAN,EIF4G1,TUBA8"
"REACTOME_PATHWAY","Cellular responses to stimuli","51","213","852","10908","6.86e-13","3.99e-12","3.07","6.46e-10","2.70e-12","2.13e-13","R-HSA-8953897~Cellular responses to stimuli","UBE2D3,UBE2D1,PSMD8,PSMD6,PSMD7,PPP2R1B,KAT5,CAPZB,MYC,CDC26,KHSRP,PSMD3,PSMD1,RPL38,ELOC,ATP6V1E1,PDE4D,PPP2R5B,ARFGAP3,DYNLL1,RBX1,PSMA6,PSMA3,DYNC1LI2,PSMA4,PSMA1,PSMA2,POT1,UBA52,PSMD12,SEH1L,PSMD11,PSMD14,PSMD13,RPL11,ANAPC10,PSMB6,PSMB7,PSMB4,PSMB5,PSMB3,PSMB1,NUP43,RPS27A,ATP6V1F,RPA2,MTOR,PSMC5,PSMC1,PSMC2,TUBA8"
"REACTOME_PATHWAY","Polymerase switching on the C-strand of the telomere","12","213","26","10908","6.90e-13","3.99e-12","23.64","6.50e-10","2.70e-12","1.71e-14","R-HSA-174411~Polymerase switching on the C-strand of the telomere","RFC5,POLA2,STN1,RFC3,TEN1,PCNA,RFC2,DSCC1,PRIM1,POLD2,POT1,CHTF18"
"REACTOME_PATHWAY","PIP3 activates AKT signaling","28","213","264","10908","1.22e-12","7.01e-12","5.43","1.15e-9","4.74e-12","2.04e-13","R-HSA-1257604~PIP3 activates AKT signaling","PSMD12,PSMD11,PSMD14,PSMD13,PSMD8,PSMB6,PSMB7,PSMD6,PSMB4,PSMD7,PSMB5,PPP2R1B,PSMB3,PSMD3,PSMB1,PSMD1,RPS27A,PPP2R5B,MTOR,PSMA6,PSMC5,PSMA3,PSMA4,PSMA1,PSMA2,PSMC1,PSMC2,UBA52"
"REACTOME_PATHWAY","Infectious disease","62","213","1223","10908","1.39e-12","7.92e-12","2.60","1.31e-9","5.35e-12","5.14e-13","R-HSA-5663205~Infectious disease","FEN1,CCNT2,GEMIN2,UBE2D3,EIF4A3,ARPC1A,CLTC,IPO7,ACTB,IPO5,ACTG1,PSMD8,PPP1CC,PSMD6,PSMD7,SNRPD1,PSMD3,DHX16,PSMD1,RPL38,ELOC,SNRPD3,PDCD6IP,DYNLL1,RBX1,PSMA6,PSMA3,DYNC1LI2,PSMA4,PSMA1,PSMA2,MED21,UBE2V1,GEMIN8,UBA52,PSMD12,SEH1L,SF3B3,PSMD11,CUL5,PSMD14,PSMD13,RPL11,PIK3R4,RRBP1,PSMB6,PSMB7,PSMB4,PSMB5,PSMB3,PSMB1,NUP43,RPS27A,MTOR,PSMC5,ARPC2,ARPC3,PSMC1,PSMC2,RAN,EIF4G1,TUBA8"
"GOTERM_BP_DIRECT","DNA damage response","28","245","341","16251","1.71e-12","1.63e-10","5.45","2.12e-9","1.56e-10","2.91e-13","GO:0006974~DNA damage response","TOP2A,PRKDC,PSMB6,PSMB7,PSMB4,WRN,PSMB5,KAT5,PAXX,PSMB3,MYC,PSMB1,MTREX,POLK,UBE2B,XRCC3,HUS1,DYNLL1,MTOR,RBX1,DDB1,PSMA6,PSMA3,PSMA4,PSMA1,PSMA2,ERCC8,RAD17"
"REACTOME_PATHWAY","Cell-cell junction organization","28","213","270","10908","2.10e-12","1.19e-11","5.31","1.98e-9","8.06e-12","3.61e-13","R-HSA-421270~Cell-cell junction organization","PSMD12,PSMD11,PSMD14,PSMD13,ACTB,ACTG1,PSMD8,PSMB6,PSMB7,PSMD6,PSMB4,PSMD7,PSMB5,PSMB3,MYC,PSMD3,PSMB1,PSMD1,RPS27A,PSMA6,PSMC5,PSMA3,PSMA4,PSMA1,PSMA2,PSMC1,PSMC2,UBA52"
"GOTERM_BP_DIRECT","T-helper 17 cell differentiation","10","245","19","16251","2.71e-12","2.25e-10","34.91","3.37e-9","2.15e-10","4.14e-14","GO:0072539~T-helper 17 cell differentiation","PSMA6,PSMA3,PSMB4,PSMA4,PSMA1,PSMA2,PSMB3,PSMB1,PSMB10,PSMB9"
"GOTERM_BP_DIRECT","negative regulation of regulatory T cell differentiation","10","245","19","16251","2.71e-12","2.25e-10","34.91","3.37e-9","2.15e-10","4.14e-14","GO:0045590~negative regulation of regulatory T cell differentiation","PSMA6,PSMA3,PSMB4,PSMA4,PSMA1,PSMA2,PSMB3,PSMB1,PSMB10,PSMB9"
"REACTOME_PATHWAY","Recognition of DNA damage by PCNA-containing replication complex","12","213","29","10908","2.94e-12","1.66e-11","21.19","2.76e-9","1.12e-11","8.74e-14","R-HSA-110314~Recognition of DNA damage by PCNA-containing replication complex","RFC5,DDB1,RFC3,PCNA,UBE2B,RFC2,POLE2,POLD2,RPA2,RPS27A,UBA52,RBX1"
"REACTOME_PATHWAY","Axon guidance","38","213","514","10908","3.24e-12","1.82e-11","3.79","3.05e-9","1.23e-11","8.03e-13","R-HSA-422475~Axon guidance","PSMD12,PSMD11,PSMD14,PSMD13,EIF4A3,RPL11,ARPC1A,CLTC,ACTB,ACTG1,PSMD8,PSMB6,PSMB7,PSMD6,PSMB4,PSMD7,PSMB5,PSMB3,PSMD3,PSMB1,PSMD1,RPL38,ELOC,RPS27A,RBX1,PSMA6,PSMC5,PSMA3,PSMA4,PSMA1,ARPC2,ARPC3,PSMA2,PSMC1,PSMC2,UBA52,TUBA8,EIF4G1"
"REACTOME_PATHWAY","Homology Directed Repair","20","213","127","10908","4.00e-12","2.23e-11","8.06","3.77e-9","1.51e-11","4.28e-13","R-HSA-5693538~Homology Directed Repair","RFC5,RTEL1,FEN1,RMI2,RFC3,PCNA,RFC2,XRCC3,HUS1,RPA2,WRN,KAT5,EXO1,EME2,POLE2,POLD2,RAD17,POLK,RPS27A,UBA52"
"REACTOME_PATHWAY","DNA strand elongation","12","213","31","10908","6.95e-12","3.85e-11","19.82","6.54e-9","2.60e-11","2.30e-13","R-HSA-69190~DNA strand elongation","RFC5,POLA2,FEN1,RFC3,PCNA,RFC2,PRIM1,POLD2,RPA2,MCM4,MCM6,MCM2"
"REACTOME_PATHWAY","Disease","82","213","2013","10908","7.72e-12","4.25e-11","2.09","7.26e-9","2.88e-11","3.60e-12","R-HSA-1643685~Disease","FEN1,CCNT2,GEMIN2,UBE2D3,EIF4A3,ARPC1A,CLTC,UBE2D1,IPO7,ACTB,IPO5,ACTG1,PSMD8,PPP1CC,PSMD6,PSMD7,PPP2R1B,KAT5,EXO1,SNRPD1,MYC,CDC26,PSMD3,DHX16,PSMD1,RPL38,ELOC,SNRPD3,RFC5,RMI2,RFC3,PDCD6IP,RFC2,PPP2R5B,HUS1,DYNLL1,APRT,RBX1,PSMA6,PSMA3,DYNC1LI2,PSMA4,PSMA1,PSMA2,MSH3,MED21,UBE2V1,GEMIN8,UBA52,PSMD12,SEH1L,SF3B3,PSMD11,CUL5,PSMD14,PSMD13,PRIM1,RPL11,PIK3R4,RRBP1,ANAPC10,PSMB6,PSMB7,PSMB4,WRN,PSMB5,PSMB3,PSMB1,NUP43,RPS27A,RPA2,MTOR,PSMC5,POLA2,ARPC2,ARPC3,PSMC1,PSMC2,RAD17,RAN,EIF4G1,TUBA8"
"REACTOME_PATHWAY","Diseases of signal transduction by growth factor receptors and second messengers","35","213","453","10908","8.74e-12","4.79e-11","3.96","8.23e-9","3.24e-11","2.07e-12","R-HSA-5663202~Diseases of signal transduction by growth factor receptors and second messengers","PSMD12,PSMD11,PSMD14,PSMD13,CLTC,RRBP1,ACTB,ACTG1,PSMD8,PSMB6,PPP1CC,PSMB7,PSMD6,PSMB4,PSMD7,PSMB5,PPP2R1B,PSMB3,MYC,PSMD3,PSMB1,PSMD1,RPS27A,PPP2R5B,MTOR,RBX1,PSMA6,PSMC5,PSMA3,PSMA4,PSMA1,PSMA2,PSMC1,PSMC2,UBA52"
"REACTOME_PATHWAY","Transcription-Coupled Nucleotide Excision Repair (TC-NER)","16","213","75","10908","1.06e-11","5.77e-11","10.93","9.97e-9","3.90e-11","7.87e-13","R-HSA-6781827~Transcription-Coupled Nucleotide Excision Repair (TC-NER)","RFC5,RFC3,PCNA,RFC2,RPA2,COPS7A,RBX1,DDB1,COPS3,COPS6,POLE2,POLD2,ERCC8,POLK,RPS27A,UBA52"
"REACTOME_PATHWAY","Nervous system development","38","213","539","10908","1.33e-11","7.18e-11","3.61","1.25e-8","4.86e-11","3.46e-12","R-HSA-9675108~Nervous system development","PSMD12,PSMD11,PSMD14,PSMD13,EIF4A3,RPL11,ARPC1A,CLTC,ACTB,ACTG1,PSMD8,PSMB6,PSMB7,PSMD6,PSMB4,PSMD7,PSMB5,PSMB3,PSMD3,PSMB1,PSMD1,RPL38,ELOC,RPS27A,RBX1,PSMA6,PSMC5,PSMA3,PSMA4,PSMA1,ARPC2,ARPC3,PSMA2,PSMC1,PSMC2,UBA52,TUBA8,EIF4G1"
"REACTOME_PATHWAY","HDR through Homologous Recombination (HRR) or Single Strand Annealing (SSA)","19","213","121","10908","1.67e-11","8.97e-11","8.04","1.57e-8","6.06e-11","1.79e-12","R-HSA-5693567~HDR through Homologous Recombination (HRR) or Single Strand Annealing (SSA)","RFC5,RTEL1,RMI2,RFC3,PCNA,RFC2,XRCC3,HUS1,RPA2,WRN,KAT5,EXO1,EME2,POLE2,POLD2,RAD17,POLK,RPS27A,UBA52"
"REACTOME_PATHWAY","Cell junction organization","28","213","296","10908","1.83e-11","9.81e-11","4.84","1.72e-8","6.63e-11","3.48e-12","R-HSA-446728~Cell junction organization","PSMD12,PSMD11,PSMD14,PSMD13,ACTB,ACTG1,PSMD8,PSMB6,PSMB7,PSMD6,PSMB4,PSMD7,PSMB5,PSMB3,MYC,PSMD3,PSMB1,PSMD1,RPS27A,PSMA6,PSMC5,PSMA3,PSMA4,PSMA1,PSMA2,PSMC1,PSMC2,UBA52"
"REACTOME_PATHWAY","Chromosome Maintenance","19","213","122","10908","1.92e-11","1.02e-10","7.98","1.81e-8","6.91e-11","2.08e-12","R-HSA-73886~Chromosome Maintenance","RFC5,RTEL1,STN1,FEN1,RFC3,PCNA,RFC2,DSCC1,PRIM1,RPA2,CHTF18,CENPA,POLA2,WRN,TEN1,POLD2,RUVBL1,POT1,CENPQ"
"GOTERM_BP_DIRECT","meiotic cell cycle","16","245","99","16251","2.03e-11","1.57e-9","10.72","2.52e-8","1.51e-9","1.62e-12","GO:0051321~meiotic cell cycle","MCMDC2,AURKA,PSMB6,PSMA6,PSMB7,PSMA3,PSMB4,PSMA4,PSMB5,PSMA1,EXO1,PSMA2,PSMB3,DMC1,PSMB1,BUB3"
"REACTOME_PATHWAY","DNA Double-Strand Break Repair","21","213","157","10908","2.24e-11","1.18e-10","6.85","2.11e-8","8.01e-11","2.89e-12","R-HSA-5693532~DNA Double-Strand Break Repair","RFC5,RTEL1,FEN1,RMI2,RFC3,PCNA,PRKDC,RFC2,XRCC3,HUS1,RPA2,WRN,KAT5,EXO1,EME2,POLE2,POLD2,RAD17,POLK,RPS27A,UBA52"
"REACTOME_PATHWAY","Telomere Maintenance","17","213","95","10908","3.35e-11","1.76e-10","9.16","3.16e-8","1.19e-10","3.08e-12","R-HSA-157579~Telomere Maintenance","RFC5,RTEL1,STN1,FEN1,RFC3,PCNA,RFC2,DSCC1,PRIM1,RPA2,CHTF18,POLA2,WRN,TEN1,POLD2,RUVBL1,POT1"
"REACTOME_PATHWAY","Intracellular signaling by second messengers","28","213","306","10908","3.98e-11","2.08e-10","4.69","3.74e-8","1.41e-10","7.81e-12","R-HSA-9006925~Intracellular signaling by second messengers","PSMD12,PSMD11,PSMD14,PSMD13,PSMD8,PSMB6,PSMB7,PSMD6,PSMB4,PSMD7,PSMB5,PPP2R1B,PSMB3,PSMD3,PSMB1,PSMD1,RPS27A,PPP2R5B,MTOR,PSMA6,PSMC5,PSMA3,PSMA4,PSMA1,PSMA2,PSMC1,PSMC2,UBA52"
"REACTOME_PATHWAY","DNA Damage Bypass","13","213","47","10908","6.12e-11","3.18e-10","14.16","5.75e-8","2.15e-10","3.26e-12","R-HSA-73893~DNA Damage Bypass","RFC5,RFC3,PCNA,UBE2B,RFC2,RPA2,RBX1,DDB1,POLE2,POLD2,POLK,RPS27A,UBA52"
"REACTOME_PATHWAY","Dual Incision in GG-NER","12","213","40","10908","1.63e-10","8.42e-10","15.36","1.53e-7","5.69e-10","7.79e-12","R-HSA-5696400~Dual Incision in GG-NER","RFC5,DDB1,RFC3,PCNA,RFC2,POLE2,POLD2,RPA2,POLK,RPS27A,UBA52,RBX1"
"GOTERM_BP_DIRECT","T-helper 1 cell differentiation","10","245","28","16251","1.80e-10","1.32e-8","23.69","2.24e-7","1.26e-8","5.22e-12","GO:0045063~T-helper 1 cell differentiation","PSMA6,PSMA3,PSMB4,PSMA4,PSMA1,PSMA2,PSMB3,PSMB1,PSMB10,PSMB9"
"REACTOME_PATHWAY","Cell-Cell communication","28","213","331","10908","2.37e-10","1.22e-9","4.33","2.23e-7","8.26e-10","5.08e-11","R-HSA-1500931~Cell-Cell communication","PSMD12,PSMD11,PSMD14,PSMD13,ACTB,ACTG1,PSMD8,PSMB6,PSMB7,PSMD6,PSMB4,PSMD7,PSMB5,PSMB3,MYC,PSMD3,PSMB1,PSMD1,RPS27A,PSMA6,PSMC5,PSMA3,PSMA4,PSMA1,PSMA2,PSMC1,PSMC2,UBA52"
"GOTERM_BP_DIRECT","ubiquitin-dependent protein catabolic process","22","245","255","16251","2.77e-10","1.91e-8","5.72","3.44e-7","1.83e-8","4.46e-11","GO:0006511~ubiquitin-dependent protein catabolic process","PSMD11,CUL5,PSMD14,UBE2B,PSMD13,UBE2D3,UBE2D1,UBE2A,UBE2G2,UBE2L3,RBX1,DDB1,COPS3,PSMA6,PSMA3,PSMA4,PSMA1,PSMA2,PSMC2,PSMD3,ELOC,UBQLN2"
"REACTOME_PATHWAY","Gap-filling DNA repair synthesis and ligation in GG-NER","10","213","24","10908","3.39e-10","1.74e-9","21.34","3.19e-7","1.17e-9","1.01e-11","R-HSA-5696397~Gap-filling DNA repair synthesis and ligation in GG-NER","RFC5,RFC3,PCNA,RFC2,POLE2,POLD2,RPA2,POLK,RPS27A,UBA52"
"REACTOME_PATHWAY","Activation of ATR in response to replication stress","11","213","35","10908","7.47e-10","3.81e-9","16.09","7.03e-7","2.57e-9","3.36e-11","R-HSA-176187~Activation of ATR in response to replication stress","RFC5,RFC3,RFC2,ORC2,HUS1,RPA2,RAD17,MCM4,CDC6,MCM6,MCM2"
"REACTOME_PATHWAY","Lagging Strand Synthesis","9","213","19","10908","1.12e-9","5.68e-9","24.26","1.06e-6","3.84e-9","2.72e-11","R-HSA-69186~Lagging Strand Synthesis","RFC5,POLA2,FEN1,RFC3,PCNA,RFC2,PRIM1,POLD2,RPA2"
"REACTOME_PATHWAY","DNA Damage Recognition in GG-NER","11","213","37","10908","1.37e-9","6.91e-9","15.22","1.29e-6","4.67e-9","6.66e-11","R-HSA-5696394~DNA Damage Recognition in GG-NER","DDB1,COPS3,COPS6,ACTL6A,RUVBL1,COPS7A,RAD23A,RPS27A,UBA52,ACTB,RBX1"
"REACTOME_PATHWAY","Gap-filling DNA repair synthesis and ligation in TC-NER","13","213","61","10908","1.61e-9","8.04e-9","10.91","1.51e-6","5.44e-9","1.20e-10","R-HSA-6782210~Gap-filling DNA repair synthesis and ligation in TC-NER","RFC5,RFC3,PCNA,RFC2,RPA2,RBX1,DDB1,POLE2,POLD2,ERCC8,POLK,RPS27A,UBA52"
"REACTOME_PATHWAY","Dual incision in TC-NER","13","213","62","10908","1.96e-9","9.75e-9","10.74","1.84e-6","6.60e-9","1.49e-10","R-HSA-6782135~Dual incision in TC-NER","RFC5,RFC3,PCNA,RFC2,RPA2,RBX1,DDB1,POLE2,POLD2,ERCC8,POLK,RPS27A,UBA52"
"REACTOME_PATHWAY","Cytokine Signaling in Immune system","42","213","771","10908","2.43e-9","1.21e-8","2.79","2.29e-6","8.16e-9","8.34e-10","R-HSA-1280215~Cytokine Signaling in Immune system","PSMD12,SEH1L,PSMD11,CUL5,PSMD14,PSMD13,UBE2D3,EIF4A3,UBE2D1,ACTB,ACTG1,PSMD8,PSMB6,PSMB7,PSMD6,PSMB4,PSMD7,PSMB5,PPP2R1B,PSMB3,MYC,PSMD3,PSMB1,PSMD1,NUP43,ELOC,RPS27A,FANCE,RBX1,PSMA6,PSMC5,PSMA3,PSMA4,PSMA1,PSMA2,PSMC1,PSMC2,TCP1,UBE2V1,UBA52,TUBA8,EIF4G1"
"REACTOME_PATHWAY","Mitotic Spindle Checkpoint","16","213","109","10908","2.64e-9","1.30e-8","7.52","2.48e-6","8.79e-9","3.06e-10","R-HSA-69618~Mitotic Spindle Checkpoint","SEH1L,PPP2R5B,UBE2D1,DYNLL1,CKAP5,CENPA,ANAPC10,PPP1CC,DYNC1LI2,PPP2R1B,CDC26,NUF2,NUP43,BUB3,CENPQ,MAD2L1"
"GOTERM_BP_DIRECT","positive regulation of interleukin-2 production","11","245","50","16251","2.94e-9","1.92e-7","14.59","3.65e-6","1.84e-7","1.63e-10","GO:0032743~positive regulation of interleukin-2 production","PSMA6,PSMA3,PSMB4,PSMA4,PSMA1,PSMA2,PSMB3,PDE4D,PSMB1,PSMB10,PSMB9"
"REACTOME_PATHWAY","Homologous DNA Pairing and Strand Exchange","11","213","41","10908","4.12e-9","2.02e-8","13.74","3.88e-6","1.37e-8","2.30e-10","R-HSA-5693579~Homologous DNA Pairing and Strand Exchange","RFC5,RMI2,WRN,RFC3,KAT5,EXO1,RFC2,XRCC3,HUS1,RPA2,RAD17"
"REACTOME_PATHWAY","Termination of translesion DNA synthesis","10","213","31","10908","4.65e-9","2.27e-8","16.52","4.37e-6","1.53e-8","2.02e-10","R-HSA-5656169~Termination of translesion DNA synthesis","RFC5,RFC3,PCNA,RFC2,POLE2,POLD2,RPA2,POLK,RPS27A,UBA52"
"REACTOME_PATHWAY","Activation of the pre-replicative complex","10","213","32","10908","6.36e-9","3.09e-8","16.00","5.98e-6","2.09e-8","2.89e-10","R-HSA-68962~Activation of the pre-replicative complex","POLA2,POLE2,PRIM1,ORC2,RPA4,RPA2,MCM4,CDC6,MCM6,MCM2"
"REACTOME_PATHWAY","Impaired BRCA2 binding to RAD51","10","213","33","10908","8.59e-9","4.15e-8","15.52","8.09e-6","2.81e-8","4.08e-10","R-HSA-9709570~Impaired BRCA2 binding to RAD51","RFC5,RMI2,WRN,RFC3,KAT5,EXO1,RFC2,HUS1,RPA2,RAD17"
"REACTOME_PATHWAY","Translesion synthesis by POLK","8","213","16","10908","9.36e-9","4.50e-8","25.61","8.80e-6","3.04e-8","2.09e-10","R-HSA-5655862~Translesion synthesis by POLK","RFC5,RFC3,PCNA,RFC2,RPA2,POLK,RPS27A,UBA52"
"REACTOME_PATHWAY","Signaling by Interleukins","30","213","456","10908","1.58e-8","7.53e-8","3.37","1.48e-5","5.09e-8","4.42e-9","R-HSA-449147~Signaling by Interleukins","PSMD12,PSMD11,PSMD14,PSMD13,PSMD8,PSMB6,PSMB7,PSMD6,PSMB4,PSMD7,PSMB5,PPP2R1B,PSMB3,MYC,PSMD3,PSMB1,PSMD1,RPS27A,RBX1,PSMA6,PSMC5,PSMA3,PSMA4,PSMA1,PSMA2,PSMC1,PSMC2,TCP1,UBE2V1,UBA52"
"REACTOME_PATHWAY","HDR through Single Strand Annealing (SSA)","10","213","36","10908","1.99e-8","9.49e-8","14.23","1.88e-5","6.42e-8","1.07e-9","R-HSA-5685938~HDR through Single Strand Annealing (SSA)","RFC5,RMI2,WRN,RFC3,KAT5,EXO1,RFC2,HUS1,RPA2,RAD17"
"REACTOME_PATHWAY","Generic Transcription Pathway","52","213","1175","10908","2.07e-8","9.78e-8","2.27","1.94e-5","6.61e-8","8.80e-9","R-HSA-212436~Generic Transcription Pathway","STEAP3,CCNT2,UBE2D3,UBE2D1,PSMD8,PSMD6,PSMD7,PPP2R1B,KAT5,EXO1,MYC,CDC26,PSMD3,PSMD1,ELOC,RFC5,PBRM1,RMI2,RFC3,RFC2,ACTL6A,HUS1,RBX1,PSMA6,PSMA3,PSMA4,PSMA1,FANCD2,PSMA2,KAT6A,UBA52,PSMD12,PSMD11,PCNA,PSMD14,PSMD13,ANAPC10,AURKA,PSMB6,PSMB7,PSMB4,WRN,PSMB5,PSMB3,PSMB1,RPS27A,RPA2,MTOR,PSMC5,PSMC1,PSMC2,RAD17"
"REACTOME_PATHWAY","Diseases of DNA repair","11","213","49","10908","2.64e-8","1.24e-7","11.50","2.48e-5","8.40e-8","1.85e-9","R-HSA-9675135~Diseases of DNA repair","RFC5,RMI2,WRN,RFC3,KAT5,EXO1,MSH3,RFC2,HUS1,RPA2,RAD17"
"REACTOME_PATHWAY","RNA Polymerase II Transcription","54","213","1258","10908","2.76e-8","1.29e-7","2.20","2.60e-5","8.75e-8","1.21e-8","R-HSA-73857~RNA Polymerase II Transcription","STEAP3,CCNT2,INTS14,UBE2D3,UBE2D1,PSMD8,PSMD6,PSMD7,PPP2R1B,KAT5,EXO1,MYC,CDC26,PSMD3,PSMD1,ELOC,SNRPD3,RFC5,PBRM1,RMI2,RFC3,RFC2,ACTL6A,HUS1,RBX1,PSMA6,PSMA3,PSMA4,PSMA1,FANCD2,PSMA2,KAT6A,UBA52,PSMD12,PSMD11,PCNA,PSMD14,PSMD13,ANAPC10,AURKA,PSMB6,PSMB7,PSMB4,WRN,PSMB5,PSMB3,PSMB1,RPS27A,RPA2,MTOR,PSMC5,PSMC1,PSMC2,RAD17"
"GOTERM_BP_DIRECT","response to type II interferon","10","245","47","16251","2.77e-8","1.72e-6","14.11","3.45e-5","1.65e-6","1.60e-9","GO:0034341~response to type II interferon","PSMA6,PSMA3,PSMB4,PSMA4,PSMA1,PSMA2,PSMB3,PSMB1,PSMB10,PSMB9"
"REACTOME_PATHWAY","Presynaptic phase of homologous DNA pairing and strand exchange","10","213","38","10908","3.34e-8","1.55e-7","13.48","3.14e-5","1.05e-7","1.91e-9","R-HSA-5693616~Presynaptic phase of homologous DNA pairing and strand exchange","RFC5,RMI2,WRN,RFC3,KAT5,EXO1,RFC2,HUS1,RPA2,RAD17"
"REACTOME_PATHWAY","Translesion synthesis by Y family DNA polymerases bypasses lesions on DNA template","10","213","38","10908","3.34e-8","1.55e-7","13.48","3.14e-5","1.05e-7","1.91e-9","R-HSA-110313~Translesion synthesis by Y family DNA polymerases bypasses lesions on DNA template","RFC5,RFC3,PCNA,RFC2,POLE2,POLD2,RPA2,POLK,RPS27A,UBA52"
"REACTOME_PATHWAY","Defective homologous recombination repair (HRR) due to BRCA2 loss of function","10","213","39","10908","4.27e-8","1.96e-7","13.13","4.02e-5","1.33e-7","2.53e-9","R-HSA-9701190~Defective homologous recombination repair (HRR) due to BRCA2 loss of function","RFC5,RMI2,WRN,RFC3,KAT5,EXO1,RFC2,HUS1,RPA2,RAD17"
"REACTOME_PATHWAY","Diseases of DNA Double-Strand Break Repair","10","213","39","10908","4.27e-8","1.96e-7","13.13","4.02e-5","1.33e-7","2.53e-9","R-HSA-9675136~Diseases of DNA Double-Strand Break Repair","RFC5,RMI2,WRN,RFC3,KAT5,EXO1,RFC2,HUS1,RPA2,RAD17"
"REACTOME_PATHWAY","RHO GTPases Activate Formins","16","213","136","10908","5.65e-8","2.58e-7","6.02","5.32e-5","1.75e-7","8.42e-9","R-HSA-5663220~RHO GTPases Activate Formins","SEH1L,PPP2R5B,DYNLL1,CKAP5,CENPA,ACTB,ACTG1,PPP1CC,DYNC1LI2,PPP2R1B,NUF2,NUP43,BUB3,CENPQ,MAD2L1,TUBA8"
"REACTOME_PATHWAY","PCNA-Dependent Long Patch Base Excision Repair","8","213","20","10908","5.93e-8","2.70e-7","20.48","5.58e-5","1.83e-7","1.91e-9","R-HSA-5651801~PCNA-Dependent Long Patch Base Excision Repair","RFC5,FEN1,RFC3,PCNA,RFC2,POLE2,POLD2,RPA2"
"GOTERM_BP_DIRECT","DNA metabolic process","9","245","40","16251","1.17e-7","6.92e-6","14.92","1.45e-4","6.61e-6","6.32e-9","GO:0006259~DNA metabolic process","TOP2A,TOP2B,WRN,POLE2,DMC1,HUS1,MCM4,MCM6,RAN"
"REACTOME_PATHWAY","Synthesis of active ubiquitin: roles of E1 and E2 enzymes","9","213","32","10908","1.26e-7","5.69e-7","14.40","1.18e-4","3.85e-7","6.62e-9","R-HSA-8866652~Synthesis of active ubiquitin: roles of E1 and E2 enzymes","UBE2B,UBE2E3,UBE2D3,UBE2D1,UBE2A,UBE2G2,RPS27A,UBA52,UBE2L3"
"REACTOME_PATHWAY","Leading Strand Synthesis","7","213","14","10908","1.32e-7","5.94e-7","25.61","1.25e-4","4.02e-7","3.00e-9","R-HSA-69109~Leading Strand Synthesis","RFC5,POLA2,RFC3,PCNA,RFC2,PRIM1,POLD2"
"REACTOME_PATHWAY","Polymerase switching","7","213","14","10908","1.32e-7","5.94e-7","25.61","1.25e-4","4.02e-7","3.00e-9","R-HSA-69091~Polymerase switching","RFC5,POLA2,RFC3,PCNA,RFC2,PRIM1,POLD2"
"REACTOME_PATHWAY","Regulation of TP53 Activity through Phosphorylation","13","213","89","10908","1.36e-7","6.06e-7","7.48","1.28e-4","4.10e-7","1.58e-8","R-HSA-6804756~Regulation of TP53 Activity through Phosphorylation","RFC5,RMI2,RFC3,RFC2,HUS1,RPA2,AURKA,WRN,KAT5,EXO1,RAD17,RPS27A,UBA52"
"GOTERM_BP_DIRECT","DNA replication initiation","8","245","28","16251","1.43e-7","8.06e-6","18.95","1.78e-4","7.71e-6","5.70e-9","GO:0006270~DNA replication initiation","POLA2,PRIM1,ORC2,RPA4,MCM4,CDC6,MCM6,MCM2"
"REACTOME_PATHWAY","Gene expression (Transcription)","57","213","1447","10908","1.88e-7","8.35e-7","2.02","1.77e-4","5.65e-7","9.03e-8","R-HSA-74160~Gene expression (Transcription)","STEAP3,CCNT2,INTS14,UBE2D3,UBE2D1,ACTB,PSMD8,PSMD6,PSMD7,PPP2R1B,KAT5,EXO1,MYC,CDC26,PSMD3,PSMD1,MTREX,ELOC,SNRPD3,RFC5,PBRM1,RMI2,RFC3,RFC2,ACTL6A,HUS1,RBX1,PSMA6,PSMA3,PSMA4,PSMA1,FANCD2,PSMA2,KAT6A,UBA52,PSMD12,PSMD11,PCNA,PSMD14,PSMD13,ANAPC10,AURKA,PSMB6,PSMB7,PSMB4,WRN,PSMB5,PSMB3,PSMB1,RPS27A,RPA2,MTOR,PSMC5,PSMC1,PSMC2,RAD17,RAN"
"REACTOME_PATHWAY","Translesion synthesis by REV1","7","213","15","10908","2.17e-7","9.60e-7","23.90","2.04e-4","6.49e-7","5.53e-9","R-HSA-110312~Translesion synthesis by REV1","RFC5,RFC3,PCNA,RFC2,RPA2,RPS27A,UBA52"
"REACTOME_PATHWAY","Amplification  of signal from unattached  kinetochores via a MAD2  inhibitory signal","13","213","93","10908","2.22e-7","9.74e-7","7.16","2.09e-4","6.59e-7","2.73e-8","R-HSA-141444~Amplification  of signal from unattached  kinetochores via a MAD2  inhibitory signal","SEH1L,PPP2R5B,DYNLL1,CKAP5,CENPA,PPP1CC,DYNC1LI2,PPP2R1B,NUF2,NUP43,BUB3,CENPQ,MAD2L1"
"REACTOME_PATHWAY","Amplification of signal from the kinetochores","13","213","93","10908","2.22e-7","9.74e-7","7.16","2.09e-4","6.59e-7","2.73e-8","R-HSA-141424~Amplification of signal from the kinetochores","SEH1L,PPP2R5B,DYNLL1,CKAP5,CENPA,PPP1CC,DYNC1LI2,PPP2R1B,NUF2,NUP43,BUB3,CENPQ,MAD2L1"
"REACTOME_PATHWAY","Resolution of AP sites via the multiple-nucleotide patch replacement pathway","8","213","24","10908","2.48e-7","1.08e-6","17.07","2.33e-4","7.28e-7","1.04e-8","R-HSA-110373~Resolution of AP sites via the multiple-nucleotide patch replacement pathway","RFC5,FEN1,RFC3,PCNA,RFC2,POLE2,POLD2,RPA2"
"REACTOME_PATHWAY","Cytosolic tRNA aminoacylation","8","213","24","10908","2.48e-7","1.08e-6","17.07","2.33e-4","7.28e-7","1.04e-8","R-HSA-379716~Cytosolic tRNA aminoacylation","AARS1,SARS1,EPRS1,KARS1,LARS1,EEF1E1,WARS1,DARS1"
"REACTOME_PATHWAY","EML4 and NUDC in mitotic spindle formation","14","213","113","10908","2.71e-7","1.17e-6","6.34","2.55e-4","7.93e-7","3.82e-8","R-HSA-9648025~EML4 and NUDC in mitotic spindle formation","SEH1L,PPP2R5B,DYNLL1,CKAP5,CENPA,PPP1CC,DYNC1LI2,PPP2R1B,NUF2,NUP43,BUB3,CENPQ,MAD2L1,TUBA8"
"REACTOME_PATHWAY","Translesion synthesis by POLI","7","213","16","10908","3.42e-7","1.47e-6","22.40","3.22e-4","9.94e-7","9.67e-9","R-HSA-5656121~Translesion synthesis by POLI","RFC5,RFC3,PCNA,RFC2,RPA2,RPS27A,UBA52"
"GOTERM_BP_DIRECT","telomere maintenance","10","245","63","16251","3.91e-7","2.11e-5","10.53","4.86e-4","2.02e-5","3.20e-8","GO:0000723~telomere maintenance","RTEL1,STN1,WRN,PRKDC,EME2,ACTL6A,RUVBL1,HUS1,RPA2,POT1"
"REACTOME_PATHWAY","Regulation of TP53 Activity","16","213","158","10908","4.13e-7","1.77e-6","5.19","3.88e-4","1.19e-6","7.25e-8","R-HSA-5633007~Regulation of TP53 Activity","RFC5,RMI2,RFC3,RFC2,HUS1,RPA2,MTOR,AURKA,WRN,PPP2R1B,KAT5,EXO1,KAT6A,RAD17,RPS27A,UBA52"
"GOTERM_BP_DIRECT","flagellated sperm motility","15","245","176","16251","4.35e-7","2.25e-5","5.65","5.41e-4","2.15e-5","7.12e-8","GO:0030317~flagellated sperm motility","DNAAF11,NME5,PSMB6,PSMA6,PSMB7,PSMA3,PSMB4,PSMA4,PSMB5,PSMA1,NME7,PSMA2,PSMB3,PSME3,PSMB1"
"REACTOME_PATHWAY","Processing of DNA double-strand break ends","12","213","83","10908","5.47e-7","2.33e-6","7.40","5.14e-4","1.58e-6","6.46e-8","R-HSA-5693607~Processing of DNA double-strand break ends","RFC5,RMI2,WRN,RFC3,KAT5,EXO1,RFC2,HUS1,RPA2,RAD17,RPS27A,UBA52"
"GOTERM_BP_DIRECT","protein catabolic process","13","245","130","16251","6.04e-7","3.00e-5","6.63","7.50e-4","2.87e-5","8.29e-8","GO:0030163~protein catabolic process","PSMB10,PSMB9,PSMB6,PSMA6,PSMB7,PSMA3,PSMB4,PSMA4,PSMB5,PSMA1,PSMA2,PSMB3,PSMB1"
"REACTOME_PATHWAY","Resolution of Sister Chromatid Cohesion","14","213","123","10908","7.32e-7","3.10e-6","5.83","6.88e-4","2.10e-6","1.13e-7","R-HSA-2500257~Resolution of Sister Chromatid Cohesion","SEH1L,PPP2R5B,DYNLL1,CKAP5,CENPA,PPP1CC,DYNC1LI2,PPP2R1B,NUF2,NUP43,BUB3,CENPQ,MAD2L1,TUBA8"
"REACTOME_PATHWAY","Translesion Synthesis by POLH","7","213","18","10908","7.67e-7","3.24e-6","19.92","7.22e-4","2.19e-6","2.60e-8","R-HSA-110320~Translesion Synthesis by POLH","RFC5,RFC3,PCNA,RFC2,RPA2,RPS27A,UBA52"
"REACTOME_PATHWAY","Clathrin-mediated endocytosis","15","213","145","10908","8.27e-7","3.48e-6","5.30","7.77e-4","2.35e-6","1.42e-7","R-HSA-8856828~Clathrin-mediated endocytosis","ARPC1A,CLTC,COPS7A,ARFGAP3,ACTB,ACTG1,COPS3,COPS6,SNX18,FCHO1,ARPC2,ARPC3,RPS27A,UBA52,UBQLN2"
"GOTERM_BP_DIRECT","positive regulation of type II interferon production","11","245","89","16251","8.71e-7","4.16e-5","8.20","1.08e-3","3.98e-5","9.47e-8","GO:0032729~positive regulation of type II interferon production","PSMA6,PSMA3,PSMB4,PSMA4,PSMA1,PSMA2,PSMB3,PDE4D,PSMB1,PSMB10,PSMB9"
"GOTERM_BP_DIRECT","cell division","21","245","380","16251","1.26e-6","5.78e-5","3.67","1.56e-3","5.52e-5","3.25e-7","GO:0051301~cell division","SEH1L,CCNT2,PDCD6IP,CLTC,HAUS4,KATNB1,CDC6,USP39,CKAP5,ANAPC10,AURKA,CKS1B,PPP1CC,CDC26,NUF2,RUVBL1,NUP43,BUB3,NCAPD3,RAN,MAD2L1"
"REACTOME_PATHWAY","Mitotic Prometaphase","17","213","196","10908","1.30e-6","5.46e-6","4.44","1.23e-3","3.69e-6","2.71e-7","R-HSA-68877~Mitotic Prometaphase","SEH1L,HAUS4,PPP2R5B,DYNLL1,CKAP5,CENPA,MZT2A,PPP1CC,DYNC1LI2,PPP2R1B,NME7,NUF2,NUP43,BUB3,CENPQ,MAD2L1,TUBA8"
"REACTOME_PATHWAY","Protein ubiquitination","11","213","73","10908","1.33e-6","5.54e-6","7.72","1.25e-3","3.75e-6","1.50e-7","R-HSA-8852135~Protein ubiquitination","PCNA,UBE2B,PRKDC,UBE2E3,UBE2D3,UBE2D1,UBE2A,UBE2G2,RPS27A,UBA52,UBE2L3"
"GOTERM_BP_DIRECT","protein K11-linked ubiquitination","8","245","38","16251","1.34e-6","5.94e-5","13.96","1.66e-3","5.68e-5","7.88e-8","GO:0070979~protein K11-linked ubiquitination","CUL5,UBE2B,CDC26,UBE2E3,UBE2D3,UBE2A,ANAPC10,UBE2L3"
"GOTERM_BP_DIRECT","tRNA aminoacylation for protein translation","8","245","39","16251","1.61e-6","6.90e-5","13.61","2.00e-3","6.60e-5","9.78e-8","GO:0006418~tRNA aminoacylation for protein translation","AARS1,SARS1,EPRS1,KARS1,LARS1,EEF1E1,WARS1,DARS1"
"REACTOME_PATHWAY","Removal of the Flap Intermediate","6","213","13","10908","3.00e-6","1.24e-5","23.64","2.82e-3","8.42e-6","7.91e-8","R-HSA-69166~Removal of the Flap Intermediate","POLA2,FEN1,PCNA,PRIM1,POLD2,RPA2"
"REACTOME_PATHWAY","Immune System","70","213","2114","10908","3.08e-6","1.27e-5","1.70","2.90e-3","8.61e-6","1.77e-6","R-HSA-168256~Immune System","UBE2D3,EIF4A3,ARPC1A,CLTC,UBE2D1,ACTB,UBE2L3,ACTG1,PSMD8,PSMD6,PSMD7,PPP2R1B,CAPZB,MYC,CDC26,PSMD3,PSMD1,ELOC,ATP6V1E1,CCT2,UBE2E3,PPP2R5B,DYNLL1,APRT,RBX1,PSMA6,PSMA3,DYNC1LI2,PSMA4,PSMA1,PSMA2,TCP1,PSME1,UBE2V1,UBA52,PSMD12,SEH1L,PSMD11,CUL5,PSMD14,PSMD13,PRKDC,PIK3R4,ANAPC10,PSMB10,PSMB6,PSMB7,PSMB4,PGRMC1,PSMB5,PSMB3,PSMB1,NUP43,RPS27A,ATP6V1F,UBE2B,UBE2A,UBE2G2,FANCE,MTOR,PSMB9,RAB10,PSMC5,ARPC2,ARPC3,PSMC1,PSMC2,UBE2U,EIF4G1,TUBA8"
"GOTERM_BP_DIRECT","positive regulation of DNA-directed DNA polymerase activity","5","245","8","16251","3.31e-6","1.37e-4","41.46","4.11e-3","1.31e-4","4.04e-8","GO:1900264~positive regulation of DNA-directed DNA polymerase activity","RFC5,RFC3,RFC2,DSCC1,CHTF18"
"GOTERM_BP_DIRECT","apoptotic process","27","245","635","16251","3.59e-6","1.44e-4","2.82","4.45e-3","1.38e-4","1.22e-6","GO:0006915~apoptotic process","STEAP3,UBE2D3,STK3,AURKA,PSMB6,PSMB7,PSMB4,PSMB5,KAT5,PSMB3,PSMB1,BNIP1,PRAME,PDCD6IP,GADD45B,UBE2B,DYNLL1,THOC6,DDB1,PSMA6,PSMA3,PSMA4,PSMA1,PSMA2,PSME3,PPID,MCM2"
"GOTERM_BP_DIRECT","spermatogenesis","24","245","519","16251","3.75e-6","1.45e-4","3.07","4.65e-3","1.39e-4","1.16e-6","GO:0007283~spermatogenesis","UBE2B,MCMDC2,RPL11,HSF2BP,NME5,RBX1,DDB1,PSMB6,PSMA6,PPP1CC,PSMB7,PSMA3,PSMB4,PSMA4,PSMB5,PSMA1,PSMA2,PSMB3,DMC1,PSMB1,RUVBL1,RPL38,UBA52,TUBA8"
"GOTERM_BP_DIRECT","DNA recombination","10","245","83","16251","4.18e-6","1.57e-4","7.99","5.19e-3","1.50e-4","4.68e-7","GO:0006310~DNA recombination","RTEL1,FEN1,WRN,EXO1,EME2,ACTL6A,XRCC3,RPA4,RUVBL1,RPA2"
"GOTERM_BP_DIRECT","nucleotide-excision repair","8","245","45","16251","4.40e-6","1.61e-4","11.79","5.46e-3","1.54e-4","3.17e-7","GO:0006289~nucleotide-excision repair","DDB1,KAT5,RPA4,HUS1,RPA2,ERCC8,RAD23A,RBX1"
"REACTOME_PATHWAY","Processive synthesis on the lagging strand","6","213","14","10908","4.59e-6","1.89e-5","21.95","4.31e-3","1.28e-5","1.36e-7","R-HSA-69183~Processive synthesis on the lagging strand","POLA2,FEN1,PCNA,PRIM1,POLD2,RPA2"
"REACTOME_PATHWAY","Resolution of Abasic Sites (AP sites)","8","213","36","10908","4.91e-6","2.01e-5","11.38","4.61e-3","1.36e-5","3.50e-7","R-HSA-73933~Resolution of Abasic Sites (AP sites)","RFC5,FEN1,RFC3,PCNA,RFC2,POLE2,POLD2,RPA2"
"GOTERM_BP_DIRECT","replication fork processing","8","245","46","16251","5.13e-6","1.82e-4","11.54","6.35e-3","1.74e-4","3.79e-7","GO:0031297~replication fork processing","DDB1,RTEL1,WRN,PCNA,EME2,XRCC3,DONSON,RBX1"
"REACTOME_PATHWAY","RHO GTPase Effectors","20","213","299","10908","5.69e-6","2.32e-5","3.43","5.34e-3","1.57e-5","1.55e-6","R-HSA-195258~RHO GTPase Effectors","SEH1L,ARPC1A,PIK3R4,PPP2R5B,DYNLL1,CKAP5,CENPA,ACTB,ACTG1,PPP1CC,DYNC1LI2,PPP2R1B,ARPC2,ARPC3,NUF2,NUP43,BUB3,CENPQ,MAD2L1,TUBA8"
"REACTOME_PATHWAY","E3 ubiquitin ligases ubiquitinate target proteins","9","213","52","10908","6.44e-6","2.61e-5","8.86","6.04e-3","1.77e-5","6.19e-7","R-HSA-8866654~E3 ubiquitin ligases ubiquitinate target proteins","PCNA,UBE2B,PRKDC,UBE2D3,UBE2D1,UBE2A,RPS27A,UBA52,UBE2L3"
"REACTOME_PATHWAY","APC-Cdc20 mediated degradation of Nek2A","7","213","25","10908","6.53e-6","2.64e-5","14.34","6.13e-3","1.79e-5","3.50e-7","R-HSA-179409~APC-Cdc20 mediated degradation of Nek2A","CDC26,UBE2D1,BUB3,RPS27A,UBA52,ANAPC10,MAD2L1"
"GOTERM_BP_DIRECT","immune system process","11","245","113","16251","7.77e-6","2.68e-4","6.46","9.61e-3","2.56e-4","1.10e-6","GO:0002376~immune system process","PSMA6,PSMA3,PSMB4,PSMA4,PSMA1,PSMA2,EXO1,PSMB3,PSMB1,PSMB10,PSMB9"
"REACTOME_PATHWAY","Innate Immune System","43","213","1078","10908","8.10e-6","3.26e-5","2.04","7.60e-3","2.21e-5","3.83e-6","R-HSA-168249~Innate Immune System","PSMD12,PSMD11,PSMD14,PSMD13,PRKDC,UBE2D3,ARPC1A,PIK3R4,UBE2D1,ACTB,ACTG1,PSMD8,PSMB6,PSMB7,PSMD6,PGRMC1,PSMB4,PSMD7,PSMB5,PPP2R1B,PSMB3,PSMD3,PSMB1,PSMD1,ATP6V1E1,RPS27A,ATP6V1F,CCT2,DYNLL1,APRT,RAB10,PSMA6,PSMC5,PSMA3,PSMA4,PSMA1,ARPC2,ARPC3,PSMA2,PSMC1,PSMC2,UBE2V1,UBA52"
"REACTOME_PATHWAY","Removal of the Flap Intermediate from the C-strand","6","213","16","10908","9.70e-6","3.89e-5","19.20","9.09e-3","2.63e-5","3.51e-7","R-HSA-174437~Removal of the Flap Intermediate from the C-strand","FEN1,WRN,PCNA,POLD2,RPA2,POT1"
"REACTOME_PATHWAY","tRNA Aminoacylation","8","213","42","10908","1.44e-5","5.73e-5","9.75","1.34e-2","3.88e-5","1.24e-6","R-HSA-379724~tRNA Aminoacylation","AARS1,SARS1,EPRS1,KARS1,LARS1,EEF1E1,WARS1,DARS1"
"GOTERM_BP_DIRECT","regulation of cellular response to stress","6","245","22","16251","1.57e-5","5.25e-4","18.09","1.93e-2","5.02e-4","6.73e-7","GO:0080135~regulation of cellular response to stress","DDB1,RTEL1,PRKDC,MTOR,RBX1,EIF4G1"
"REACTOME_PATHWAY","Transcriptional Regulation by TP53","21","213","352","10908","1.68e-5","6.69e-5","3.06","1.57e-2","4.52e-5","5.18e-6","R-HSA-3700989~Transcriptional Regulation by TP53","RFC5,STEAP3,RMI2,RFC3,CCNT2,PCNA,RFC2,HUS1,RPA2,MTOR,AURKA,WRN,PPP2R1B,KAT5,FANCD2,EXO1,KAT6A,RAD17,ELOC,RPS27A,UBA52"
"REACTOME_PATHWAY","Processive synthesis on the C-strand of the telomere","6","213","18","10908","1.84e-5","7.30e-5","17.07","1.72e-2","4.94e-5","7.89e-7","R-HSA-174414~Processive synthesis on the C-strand of the telomere","FEN1,WRN,PCNA,POLD2,RPA2,POT1"
"REACTOME_PATHWAY","Cooperation of Prefoldin and TriC/CCT  in actin and tubulin folding","7","213","31","10908","2.46e-5","9.71e-5","11.56","2.29e-2","6.56e-5","1.73e-6","R-HSA-389958~Cooperation of Prefoldin and TriC/CCT  in actin and tubulin folding","CCT3,CCT6A,CCT2,VBP1,TCP1,ACTB,TUBA8"
"REACTOME_PATHWAY","Folding of actin by CCT/TriC","5","213","10","10908","2.66e-5","1.04e-4","25.61","2.47e-2","7.05e-5","6.30e-7","R-HSA-390450~Folding of actin by CCT/TriC","CCT3,CCT6A,CCT2,TCP1,ACTB"
"REACTOME_PATHWAY","G2/M DNA damage checkpoint","10","213","82","10908","2.86e-5","1.12e-4","6.25","2.66e-2","7.57e-5","4.10e-6","R-HSA-69473~G2/M DNA damage checkpoint","RFC5,RMI2,WRN,RFC3,KAT5,EXO1,RFC2,HUS1,RPA2,RAD17"
"GOTERM_BP_DIRECT","double-strand break repair via homologous recombination","10","245","105","16251","2.87e-5","9.39e-4","6.32","3.51e-2","8.98e-4","4.16e-6","GO:0000724~double-strand break repair via homologous recombination","FEN1,RMI2,WRN,PSMD14,KAT5,DMC1,XRCC3,RPA4,HUS1,RPA2"
"GOTERM_BP_DIRECT","protein polyubiquitination","12","245","162","16251","3.40e-5","1.08e-3","4.91","4.14e-2","1.04e-3","6.43e-6","GO:0000209~protein polyubiquitination","UBE2B,UBE2E3,UBE2U,UBE2D3,ERCC8,UBE2D1,PRAME,UBE2A,UBE2V1,UBE2G2,UBE2L3,RBX1"
"GOTERM_BP_DIRECT","translation","13","245","198","16251","4.60e-5","1.43e-3","4.36","5.56e-2","1.37e-3","9.91e-6","GO:0006412~translation","EIF2B3,KARS1,RPL11,RRBP1,DARS1,WARS1,SARS1,EPRS1,RPL38,EEF1E1,RPS27A,UBA52,EIF4G1"
"REACTOME_PATHWAY","Formation of TC-NER Pre-Incision Complex","8","213","51","10908","5.31e-5","2.07e-4","8.03","4.88e-2","1.40e-4","5.73e-6","R-HSA-6781823~Formation of TC-NER Pre-Incision Complex","DDB1,COPS3,COPS6,ERCC8,COPS7A,RPS27A,UBA52,RBX1"
"REACTOME_PATHWAY","Transport of small molecules","31","213","718","10908","5.51e-5","2.14e-4","2.21","5.05e-2","1.44e-4","2.39e-5","R-HSA-382551~Transport of small molecules","STEAP3,PSMD12,PSMD11,PSMD14,PSMD13,CLTC,PSMD8,PSMB6,PSMB7,PSMD6,PSMB4,PSMD7,PSMB5,PSMB3,PSMD3,PSMB1,PSMD1,ATP6V1E1,RPS27A,ATP6V1F,PSMA6,PSMC5,PSMA3,PSMA4,PSMA1,SOAT1,PSMA2,SOAT2,PSMC1,PSMC2,UBA52"
"REACTOME_PATHWAY","Resolution of D-Loop Structures","7","213","37","10908","7.06e-5","2.72e-4","9.69","6.42e-2","1.84e-4","6.14e-6","R-HSA-5693537~Resolution of D-Loop Structures","RTEL1,RMI2,WRN,KAT5,EXO1,EME2,XRCC3"
"REACTOME_PATHWAY","Developmental Biology","49","213","1422","10908","7.27e-5","2.79e-4","1.76","6.61e-2","1.89e-4","3.98e-5","R-HSA-1266738~Developmental Biology","EIF4A3,ARPC1A,CLTC,ACTB,ACTG1,PSMD8,PSMD6,PSMD7,KAT5,MYC,PSMD3,PSMD1,RPL38,ELOC,ATP6V1E1,ACTL6A,DARS1,RBX1,PSMA6,PSMA3,PSMA4,PSMA1,PSMA2,LARS1,MED21,EEF1E1,UBA52,MCM2,PSMD12,PSMD11,PSMD14,KARS1,PSMD13,RPL11,PSMB6,PSMB7,PSMB4,PSMB5,PSMB3,PSMB1,RPS27A,PSMC5,EPRS1,ARPC2,ARPC3,PSMC1,PSMC2,EIF4G1,TUBA8"
"REACTOME_PATHWAY","Base Excision Repair","9","213","72","10908","7.34e-5","2.81e-4","6.40","6.67e-2","1.90e-4","1.02e-5","R-HSA-73884~Base Excision Repair","RFC5,FEN1,RFC3,PCNA,RFC2,POLE2,POLD2,RPA2,POT1"
"REACTOME_PATHWAY","Macroautophagy","12","213","139","10908","8.18e-5","3.12e-4","4.42","7.41e-2","2.11e-4","1.70e-5","R-HSA-1632852~Macroautophagy","GABARAPL2,DYNC1LI2,UBE2D3,PIK3R4,UBE2V1,RPS27A,DYNLL1,UBA52,GABARAP,MTOR,UBE2L3,TUBA8"
"REACTOME_PATHWAY","Telomere C-strand synthesis initiation","5","213","13","10908","8.64e-5","3.27e-4","19.70","7.81e-2","2.21e-4","3.07e-6","R-HSA-174430~Telomere C-strand synthesis initiation","POLA2,STN1,TEN1,PRIM1,POT1"
"REACTOME_PATHWAY","Mismatch repair (MMR) directed by MSH2:MSH3 (MutSbeta)","5","213","13","10908","8.64e-5","3.27e-4","19.70","7.81e-2","2.21e-4","3.07e-6","R-HSA-5358606~Mismatch repair (MMR) directed by MSH2:MSH3 (MutSbeta)","PCNA,EXO1,MSH3,POLD2,RPA2"
"GOTERM_BP_DIRECT","positive regulation of tumor necrosis factor production","10","245","122","16251","9.35e-5","2.83e-3","5.44","1.10e-1","2.71e-3","1.59e-5","GO:0032760~positive regulation of tumor necrosis factor production","PSMA6,PSMA3,PSMB4,PSMA4,PSMA1,PSMA2,PSMB3,PSMB1,PSMB10,PSMB9"
"GOTERM_BP_DIRECT","protein K48-linked ubiquitination","9","245","96","16251","9.79e-5","2.86e-3","6.22","1.15e-1","2.73e-3","1.44e-5","GO:0070936~protein K48-linked ubiquitination","UBE2B,CDC26,UBE2E3,UBE2D3,UBE2D1,UBE2A,UBE2G2,ANAPC10,RBX1"
"GOTERM_BP_DIRECT","regulation of DNA-templated DNA replication initiation","5","245","17","16251","1.01e-4","2.86e-3","19.51","1.18e-1","2.73e-3","3.99e-6","GO:0030174~regulation of DNA-templated DNA replication initiation","DDB1,MCM4,MCM6,RBX1,MCM2"
"GOTERM_BP_DIRECT","DNA replication checkpoint signaling","5","245","17","16251","1.01e-4","2.86e-3","19.51","1.18e-1","2.73e-3","3.99e-6","GO:0000076~DNA replication checkpoint signaling","RFC5,RFC3,RFC2,RAD17,CDC6"
"REACTOME_PATHWAY","Inactivation of CSF3 (G-CSF) signaling","6","213","25","10908","1.02e-4","3.86e-4","12.29","9.18e-2","2.61e-4","6.71e-6","R-HSA-9705462~Inactivation of CSF3 (G-CSF) signaling","CUL5,UBE2D3,UBE2D1,ELOC,RPS27A,UBA52"
"REACTOME_PATHWAY","Mismatch Repair","5","213","14","10908","1.19e-4","4.47e-4","18.29","1.06e-1","3.02e-4","4.70e-6","R-HSA-5358508~Mismatch Repair","PCNA,EXO1,MSH3,POLD2,RPA2"
"REACTOME_PATHWAY","Prefoldin mediated transfer of substrate  to CCT/TriC","6","213","27","10908","1.51e-4","5.61e-4","11.38","1.32e-1","3.79e-4","1.09e-5","R-HSA-389957~Prefoldin mediated transfer of substrate  to CCT/TriC","CCT3,CCT6A,CCT2,VBP1,TCP1,ACTB"
"REACTOME_PATHWAY","Resolution of D-loop Structures through Synthesis-Dependent Strand Annealing (SDSA)","6","213","27","10908","1.51e-4","5.61e-4","11.38","1.32e-1","3.79e-4","1.09e-5","R-HSA-5693554~Resolution of D-loop Structures through Synthesis-Dependent Strand Annealing (SDSA)","RTEL1,RMI2,WRN,KAT5,EXO1,XRCC3"
"GOTERM_BP_DIRECT","protein modification by small protein conjugation","5","245","19","16251","1.61e-4","4.44e-3","17.46","1.81e-1","4.25e-3","7.31e-6","GO:0032446~protein modification by small protein conjugation","UBE2B,UBE2U,UBE2A,UBE2G2,UBE2L3"
"REACTOME_PATHWAY","Selenoamino acid metabolism","10","213","103","10908","1.73e-4","6.40e-4","4.97","1.50e-1","4.33e-4","3.16e-5","R-HSA-2408522~Selenoamino acid metabolism","SARS1,EPRS1,KARS1,LARS1,RPL11,RPL38,EEF1E1,RPS27A,UBA52,DARS1"
"REACTOME_PATHWAY","Membrane Trafficking","27","213","627","10908","2.04e-4","7.51e-4","2.21","1.74e-1","5.08e-4","8.82e-5","R-HSA-199991~Membrane Trafficking","NAPA,COPB2,ARPC1A,CLTC,COPS7A,GABARAP,ACTB,ACTG1,CAPZB,FCHO1,BNIP1,RPS27A,UBQLN2,GABARAPL2,SNAPIN,DYNLL1,ARFGAP3,RAB10,COPS3,COPS6,DYNC1LI2,SNX18,ARPC2,ARPC3,UBA52,TUBA8,MON1B"
"REACTOME_PATHWAY","Autophagy","12","213","154","10908","2.04e-4","7.51e-4","3.99","1.75e-1","5.08e-4","4.74e-5","R-HSA-9612973~Autophagy","GABARAPL2,DYNC1LI2,UBE2D3,PIK3R4,UBE2V1,RPS27A,DYNLL1,UBA52,GABARAP,MTOR,UBE2L3,TUBA8"
"GOTERM_BP_DIRECT","chromosome segregation","9","245","109","16251","2.37e-4","6.41e-3","5.48","2.56e-1","6.13e-3","4.00e-5","GO:0007059~chromosome segregation","TOP2A,SEH1L,NUF2,CLTC,NUP43,ESCO2,BUB3,CKAP5,CENPQ"
"REACTOME_PATHWAY","Signaling by CSF3 (G-CSF)","6","213","30","10908","2.54e-4","9.30e-4","10.24","2.12e-1","6.29e-4","2.07e-5","R-HSA-9674555~Signaling by CSF3 (G-CSF)","CUL5,UBE2D3,UBE2D1,ELOC,RPS27A,UBA52"
"GOTERM_BP_DIRECT","positive regulation of telomerase RNA localization to Cajal body","4","245","9","16251","2.63e-4","6.94e-3","29.48","2.79e-1","6.63e-3","5.99e-6","GO:1904874~positive regulation of telomerase RNA localization to Cajal body","CCT3,CCT6A,CCT2,TCP1"
"GOTERM_BP_DIRECT","mRNA export from nucleus","7","245","61","16251","3.00e-4","7.76e-3","7.61","3.11e-1","7.42e-3","3.54e-5","GO:0006406~mRNA export from nucleus","NXF1,UPF1,PCID2,DDX19B,NXT1,EIF4A3,THOC6"
"GOTERM_BP_DIRECT","positive regulation of telomere maintenance via telomerase","5","245","23","16251","3.51e-4","8.89e-3","14.42","3.53e-1","8.50e-3","2.01e-5","GO:0032212~positive regulation of telomere maintenance via telomerase","CCT3,CCT6A,CCT2,TCP1,POT1"
"GOTERM_BP_DIRECT","positive regulation of protein localization to Cajal body","4","245","10","16251","3.71e-4","9.22e-3","26.53","3.70e-1","8.81e-3","9.86e-6","GO:1904871~positive regulation of protein localization to Cajal body","CCT3,CCT6A,CCT2,TCP1"
"GOTERM_BP_DIRECT","mismatch repair","5","245","24","16251","4.16e-4","1.01e-2","13.82","4.04e-1","9.68e-3","2.51e-5","GO:0006298~mismatch repair","WRN,PCNA,EXO1,MSH3,RPA2"
"REACTOME_PATHWAY","Transcription of E2F targets under negative control by DREAM complex","5","213","19","10908","4.27e-4","1.55e-3","13.48","3.31e-1","1.05e-3","2.52e-5","R-HSA-1362277~Transcription of E2F targets under negative control by DREAM complex","TOP2A,PCNA,MYC,LIN9,CDC6"
"REACTOME_PATHWAY","TICAM1, RIP1-mediated IKK complex recruitment","5","213","19","10908","4.27e-4","1.55e-3","13.48","3.31e-1","1.05e-3","2.52e-5","R-HSA-168927~TICAM1, RIP1-mediated IKK complex recruitment","UBE2D3,UBE2D1,UBE2V1,RPS27A,UBA52"
"GOTERM_BP_DIRECT","protein ubiquitination","20","245","536","16251","4.85e-4","1.16e-2","2.48","4.53e-1","1.11e-2","1.87e-4","GO:0016567~protein ubiquitination","CUL5,UBE2B,EIPR1,UBE2E3,UBE2D3,UBE2D1,UBE2A,UBE2G2,ANAPC10,UBE2L3,RBX1,DDB1,MED21,CDC26,UBE2U,ERCC8,PRAME,ELOC,RPS27A,UBA52"
"GOTERM_BP_DIRECT","proteasome assembly","4","245","11","16251","5.05e-4","1.18e-2","24.12","4.66e-1","1.13e-2","1.53e-5","GO:0043248~proteasome assembly","PSMD11,PSMB5,PSMD5,PSMG2"
"REACTOME_PATHWAY","Inactivation of APC/C via direct inhibition of the APC/C complex","5","213","20","10908","5.26e-4","1.90e-3","12.80","3.91e-1","1.28e-3","3.31e-5","R-HSA-141430~Inactivation of APC/C via direct inhibition of the APC/C complex","CDC26,UBE2D1,BUB3,ANAPC10,MAD2L1"
"REACTOME_PATHWAY","Inhibition of the proteolytic activity of APC/C required for the onset of anaphase by mitotic spindle checkpoint components","5","213","20","10908","5.26e-4","1.90e-3","12.80","3.91e-1","1.28e-3","3.31e-5","R-HSA-141405~Inhibition of the proteolytic activity of APC/C required for the onset of anaphase by mitotic spindle checkpoint components","CDC26,UBE2D1,BUB3,ANAPC10,MAD2L1"
"REACTOME_PATHWAY","Vesicle-mediated transport","27","213","668","10908","5.41e-4","1.94e-3","2.07","3.99e-1","1.31e-3","2.50e-4","R-HSA-5653656~Vesicle-mediated transport","NAPA,COPB2,ARPC1A,CLTC,COPS7A,GABARAP,ACTB,ACTG1,CAPZB,FCHO1,BNIP1,RPS27A,UBQLN2,GABARAPL2,SNAPIN,DYNLL1,ARFGAP3,RAB10,COPS3,COPS6,DYNC1LI2,SNX18,ARPC2,ARPC3,UBA52,TUBA8,MON1B"
"REACTOME_PATHWAY","Resolution of D-loop Structures through Holliday Junction Intermediates","6","213","36","10908","6.10e-4","2.19e-3","8.54","4.37e-1","1.48e-3","6.17e-5","R-HSA-5693568~Resolution of D-loop Structures through Holliday Junction Intermediates","RMI2,WRN,KAT5,EXO1,EME2,XRCC3"
"GOTERM_BP_DIRECT","double-strand break repair via break-induced replication","4","245","12","16251","6.65e-4","1.48e-2","22.11","5.63e-1","1.41e-2","2.27e-5","GO:0000727~double-strand break repair via break-induced replication","MCMDC2,MCM4,MCM6,MCM2"
"GOTERM_BP_DIRECT","double-strand break repair involved in meiotic recombination","4","245","12","16251","6.65e-4","1.48e-2","22.11","5.63e-1","1.41e-2","2.27e-5","GO:1990918~double-strand break repair involved in meiotic recombination","FANCD2,MCMDC2,DMC1,HSF2BP"
"GOTERM_BP_DIRECT","telomere capping","4","245","12","16251","6.65e-4","1.48e-2","22.11","5.63e-1","1.41e-2","2.27e-5","GO:0016233~telomere capping","STN1,TEN1,PRKDC,POT1"
"REACTOME_PATHWAY","Fanconi Anemia Pathway","6","213","37","10908","6.95e-4","2.48e-3","8.30","4.80e-1","1.68e-3","7.24e-5","R-HSA-6783310~Fanconi Anemia Pathway","FANCD2,EME2,RPA2,FANCE,RPS27A,UBA52"
"REACTOME_PATHWAY","BBSome-mediated cargo-targeting to cilium","5","213","22","10908","7.71e-4","2.74e-3","11.64","5.16e-1","1.85e-3","5.44e-5","R-HSA-5620922~BBSome-mediated cargo-targeting to cilium","CCT3,CCT2,MKKS,BBS10,TCP1"
"GOTERM_BP_DIRECT","mitotic DNA replication checkpoint signaling","4","245","13","16251","8.55e-4","1.86e-2","20.41","6.55e-1","1.78e-2","3.24e-5","GO:0033314~mitotic DNA replication checkpoint signaling","DONSON,HUS1,RAD17,CDC6"
"REACTOME_PATHWAY","APC/C:Cdc20 mediated degradation of Cyclin B","5","213","23","10908","9.19e-4","3.24e-3","11.13","5.79e-1","2.19e-3","6.84e-5","R-HSA-174048~APC/C:Cdc20 mediated degradation of Cyclin B","CDC26,UBE2D1,RPS27A,UBA52,ANAPC10"
"REACTOME_PATHWAY","IKK complex recruitment mediated by RIP1","5","213","23","10908","9.19e-4","3.24e-3","11.13","5.79e-1","2.19e-3","6.84e-5","R-HSA-937041~IKK complex recruitment mediated by RIP1","UBE2D3,UBE2D1,UBE2V1,RPS27A,UBA52"
"REACTOME_PATHWAY","Formation of tubulin folding intermediates by CCT/TriC","5","213","24","10908","1.09e-3","3.82e-3","10.67","6.40e-1","2.58e-3","8.51e-5","R-HSA-389960~Formation of tubulin folding intermediates by CCT/TriC","CCT3,CCT6A,CCT2,TCP1,TUBA8"
"REACTOME_PATHWAY","Aggrephagy","6","213","41","10908","1.12e-3","3.93e-3","7.49","6.52e-1","2.66e-3","1.31e-4","R-HSA-9646399~Aggrephagy","DYNC1LI2,UBE2V1,RPS27A,DYNLL1,UBA52,TUBA8"
"GOTERM_BP_DIRECT","cytoplasmic translation","7","245","78","16251","1.12e-3","2.40e-2","5.95","7.53e-1","2.30e-2","1.73e-4","GO:0002181~cytoplasmic translation","RWDD1,SARS1,RPL11,RPL38,RPS27A,UBA52,ZC3H15"
"REACTOME_PATHWAY","Antimicrobial mechanism of IFN-stimulated genes","11","213","161","10908","1.18e-3","4.11e-3","3.50","6.70e-1","2.78e-3","3.13e-4","R-HSA-1169410~Antimicrobial mechanism of IFN-stimulated genes","SEH1L,PPP2R1B,EIF4A3,NUP43,FANCE,RPS27A,UBA52,ACTB,ACTG1,EIF4G1,TUBA8"
"REACTOME_PATHWAY","Signaling by Rho GTPases","26","213","669","10908","1.24e-3","4.31e-3","1.99","6.89e-1","2.91e-3","5.94e-4","R-HSA-194315~Signaling by Rho GTPases","STEAP3,SEH1L,ARPC1A,CLTC,PIK3R4,CENPA,ACTB,ACTG1,PPP1CC,CAPZB,PPP2R1B,NUF2,NUP43,BUB3,CCT2,PPP2R5B,DYNLL1,ARFGAP3,CKAP5,CCT6A,DYNC1LI2,ARPC2,ARPC3,CENPQ,TUBA8,MAD2L1"
"REACTOME_PATHWAY","Formation of Incision Complex in GG-NER","6","213","42","10908","1.25e-3","4.34e-3","7.32","6.93e-1","2.94e-3","1.51e-4","R-HSA-5696395~Formation of Incision Complex in GG-NER","DDB1,RPA2,RAD23A,RPS27A,UBA52,RBX1"
"REACTOME_PATHWAY","Selective autophagy","8","213","86","10908","1.39e-3","4.80e-3","4.76","7.30e-1","3.24e-3","2.66e-4","R-HSA-9663891~Selective autophagy","DYNC1LI2,UBE2D3,UBE2V1,RPS27A,DYNLL1,UBA52,UBE2L3,TUBA8"
"REACTOME_PATHWAY","G0 and Early G1","5","213","27","10908","1.71e-3","5.87e-3","9.48","8.01e-1","3.97e-3","1.54e-4","R-HSA-1538133~G0 and Early G1","TOP2A,PCNA,MYC,LIN9,CDC6"
"REACTOME_PATHWAY","SUMOylation of DNA replication proteins","6","213","45","10908","1.72e-3","5.87e-3","6.83","8.02e-1","3.97e-3","2.23e-4","R-HSA-4615885~SUMOylation of DNA replication proteins","TOP2A,TOP2B,PCNA,SEH1L,NUP43,AURKA"
"REACTOME_PATHWAY","Signaling by Rho GTPases, Miro GTPases and RHOBTB3","26","213","685","10908","1.72e-3","5.87e-3","1.94","8.02e-1","3.97e-3","8.44e-4","R-HSA-9716542~Signaling by Rho GTPases, Miro GTPases and RHOBTB3","STEAP3,SEH1L,ARPC1A,CLTC,PIK3R4,CENPA,ACTB,ACTG1,PPP1CC,CAPZB,PPP2R1B,NUF2,NUP43,BUB3,CCT2,PPP2R5B,DYNLL1,ARFGAP3,CKAP5,CCT6A,DYNC1LI2,ARPC2,ARPC3,CENPQ,TUBA8,MAD2L1"
"REACTOME_PATHWAY","Mismatch repair (MMR) directed by MSH2:MSH6 (MutSalpha)","4","213","13","10908","1.79e-3","6.10e-3","15.76","8.15e-1","4.12e-3","8.80e-5","R-HSA-5358565~Mismatch repair (MMR) directed by MSH2:MSH6 (MutSalpha)","PCNA,EXO1,POLD2,RPA2"
"GOTERM_BP_DIRECT","DNA-templated DNA replication","5","245","36","16251","2.00e-3","4.20e-2","9.21","9.17e-1","4.02e-2","1.92e-4","GO:0006261~DNA-templated DNA replication","RFC5,RFC3,RFC2,POLE2,POLD2"
"GOTERM_BP_DIRECT","protein folding","10","245","186","16251","2.03e-3","4.20e-2","3.57","9.20e-1","4.02e-2","5.31e-4","GO:0006457~protein folding","CCT3,CCT6A,CCT2,MKKS,VBP1,KHSRP,TCP1,DNAJC21,PPID,PDRG1"
"GOTERM_BP_DIRECT","poly(A)+ mRNA export from nucleus","4","245","19","16251","2.71e-3","5.44e-2","13.96","9.66e-1","5.20e-2","1.63e-4","GO:0016973~poly(A)+ mRNA export from nucleus","NXF1,PCID2,DDX19B,NXT1"
"GOTERM_BP_DIRECT","spliceosomal snRNP assembly","6","245","64","16251","2.72e-3","5.44e-2","6.22","9.66e-1","5.20e-2","3.99e-4","GO:0000387~spliceosomal snRNP assembly","SF3B3,SNRPD1,GEMIN2,SNRPD3,GEMIN8,USP39"
"REACTOME_PATHWAY","PINK1-PRKN Mediated Mitophagy","5","213","31","10908","2.89e-3","9.80e-3","8.26","9.34e-1","6.63e-3","3.04e-4","R-HSA-5205685~PINK1-PRKN Mediated Mitophagy","UBE2D3,UBE2V1,RPS27A,UBA52,UBE2L3"
"GOTERM_BP_DIRECT","mitotic intra-S DNA damage checkpoint signaling","4","245","20","16251","3.16e-3","6.20e-2","13.27","9.80e-1","5.93e-2","2.02e-4","GO:0031573~mitotic intra-S DNA damage checkpoint signaling","FANCD2,EME2,HUS1,RAD17"
"GOTERM_BP_DIRECT","telomere maintenance via semi-conservative replication","3","245","6","16251","3.24e-3","6.20e-2","33.17","9.82e-1","5.93e-2","6.55e-5","GO:0032201~telomere maintenance via semi-conservative replication","UPF1,FEN1,WRN"
"GOTERM_BP_DIRECT","DNA damage checkpoint signaling","5","245","41","16251","3.25e-3","6.20e-2","8.09","9.82e-1","5.93e-2","3.60e-4","GO:0000077~DNA damage checkpoint signaling","RPA4,DONSON,HUS1,RPA2,RAD17"
"REACTOME_PATHWAY","snRNP Assembly","6","213","53","10908","3.56e-3","1.19e-2","5.80","9.65e-1","8.07e-3","5.52e-4","R-HSA-191859~snRNP Assembly","SEH1L,SNRPD1,GEMIN2,NUP43,SNRPD3,GEMIN8"
"REACTOME_PATHWAY","Metabolism of non-coding RNA","6","213","53","10908","3.56e-3","1.19e-2","5.80","9.65e-1","8.07e-3","5.52e-4","R-HSA-194441~Metabolism of non-coding RNA","SEH1L,SNRPD1,GEMIN2,NUP43,SNRPD3,GEMIN8"
"REACTOME_PATHWAY","Transcriptional activity of SMAD2/SMAD3:SMAD4 heterotrimer","6","213","53","10908","3.56e-3","1.19e-2","5.80","9.65e-1","8.07e-3","5.52e-4","R-HSA-2173793~Transcriptional activity of SMAD2/SMAD3:SMAD4 heterotrimer","CCNT2,MYC,UBE2D3,UBE2D1,RPS27A,UBA52"
"GOTERM_BP_DIRECT","protein neddylation","4","245","21","16251","3.64e-3","6.85e-2","12.63","9.89e-1","6.55e-2","2.47e-4","GO:0045116~protein neddylation","COPS3,COPS6,COPS7A,RBX1"
"REACTOME_PATHWAY","Evasion by RSV of host interferon responses","5","213","33","10908","3.65e-3","1.22e-2","7.76","9.68e-1","8.24e-3","4.12e-4","R-HSA-9833109~Evasion by RSV of host interferon responses","CUL5,ELOC,RPS27A,UBA52,RBX1"
"GOTERM_BP_DIRECT","regulation of circadian rhythm","6","245","69","16251","3.77e-3","6.89e-2","5.77","9.91e-1","6.59e-2","5.99e-4","GO:0042752~regulation of circadian rhythm","TOP2A,DDB1,PPP1CC,PRKDC,MTOR,RBX1"
"GOTERM_BP_DIRECT","protein stabilization","11","245","243","16251","3.77e-3","6.89e-2","3.00","9.91e-1","6.59e-2","1.18e-3","GO:0050821~protein stabilization","CCT3,CCT6A,CCT2,DBR1,UBE2B,VBP1,TCP1,RUVBL1,MTOR,STK3,PDRG1"
"GOTERM_BP_DIRECT","regulation of DNA replication","5","245","43","16251","3.87e-3","6.96e-2","7.71","9.92e-1","6.65e-2","4.51e-4","GO:0006275~regulation of DNA replication","PCNA,DSCC1,ACTL6A,RUVBL1,ESCO2"
"REACTOME_PATHWAY","Cargo recognition for clathrin-mediated endocytosis","8","213","104","10908","4.10e-3","1.36e-2","3.94","9.79e-1","9.21e-3","9.58e-4","R-HSA-8856825~Cargo recognition for clathrin-mediated endocytosis","COPS3,COPS6,FCHO1,CLTC,COPS7A,RPS27A,UBA52,UBQLN2"
"REACTOME_PATHWAY","Processing of Capped Intron-Containing Pre-mRNA","14","213","288","10908","4.10e-3","1.36e-2","2.49","9.79e-1","9.21e-3","1.55e-3","R-HSA-72203~Processing of Capped Intron-Containing Pre-mRNA","SEH1L,NXT1,SF3B3,EIF4A3,USP39,THOC6,NXF1,SNRPD1,DHX16,NUP43,MTREX,SNRPD3,RPS27A,UBA52"
"REACTOME_PATHWAY","RHO GTPases Activate WASPs and WAVEs","5","213","35","10908","4.53e-3","1.50e-2","7.32","9.86e-1","1.01e-2","5.46e-4","R-HSA-5663213~RHO GTPases Activate WASPs and WAVEs","ARPC2,ARPC3,ARPC1A,ACTB,ACTG1"
"REACTOME_PATHWAY","Signal Transduction","67","213","2533","10908","4.67e-3","1.54e-2","1.35","9.88e-1","1.04e-2","3.35e-3","R-HSA-162582~Signal Transduction","STEAP3,CCNT2,UBE2D3,ARPC1A,CLTC,UBE2D1,ACTB,UBE2L3,ACTG1,PSMD8,PPP1CC,PSMD6,PSMD7,PPP2R1B,KAT5,CAPZB,MYC,RUVBL1,PSMD3,NUF2,PSMD1,ATP6V1E1,CCT2,PDE4D,PPP2R5B,ARFGAP3,DYNLL1,CKAP5,RBX1,PSMA6,PSMA3,DYNC1LI2,PSMA4,PSMA1,PSMA2,UBA52,PPID,PSMD12,SEH1L,PSMD11,CUL5,PSMD14,PSMD13,PIK3R4,CENPA,STK3,PSMB6,PSMB7,PSMB4,PSMB5,PSMB3,PSMB1,NUP43,BUB3,RPS27A,ATP6V1F,MTOR,CCT6A,PSMC5,ARPC2,ARPC3,PSMC1,PSMC2,CENPQ,EIF4G1,TUBA8,MAD2L1"
"GOTERM_BP_DIRECT","chaperone-mediated protein complex assembly","4","245","23","16251","4.74e-3","8.41e-2","11.54","9.97e-1","8.04e-2","3.56e-4","GO:0051131~chaperone-mediated protein complex assembly","CCT2,MKKS,BBS10,PSMG2"
"REACTOME_PATHWAY","Plasma lipoprotein clearance","5","213","37","10908","5.54e-3","1.82e-2","6.92","9.95e-1","1.23e-2","7.10e-4","R-HSA-8964043~Plasma lipoprotein clearance","SOAT1,SOAT2,CLTC,RPS27A,UBA52"
"REACTOME_PATHWAY","tRNA processing","8","213","111","10908","5.86e-3","1.92e-2","3.69","9.96e-1","1.30e-2","1.46e-3","R-HSA-72306~tRNA processing","SEH1L,EPRS1,PRORP,RPP21,NUP43,THADA,RAN,RTRAF"
"GOTERM_BP_DIRECT","DNA strand elongation involved in DNA replication","3","245","8","16251","5.92e-3","1.04e-1","24.87","9.99e-1","9.90e-2","1.79e-4","GO:0006271~DNA strand elongation involved in DNA replication","RFC3,POLD2,MCM4"
"REACTOME_PATHWAY","Mitophagy","5","213","38","10908","6.10e-3","1.99e-2","6.74","9.97e-1","1.35e-2","8.04e-4","R-HSA-5205647~Mitophagy","UBE2D3,UBE2V1,RPS27A,UBA52,UBE2L3"
"REACTOME_PATHWAY","Influenza Infection","9","213","142","10908","6.48e-3","2.11e-2","3.25","9.98e-1","1.42e-2","1.85e-3","R-HSA-168255~Influenza Infection","SEH1L,RPL11,CLTC,NUP43,RPL38,RPS27A,UBA52,RAN,IPO5"
"GOTERM_BP_DIRECT","double-strand break repair","6","245","79","16251","6.70e-3","1.15e-1","5.04","1.00e+0","1.10e-1","1.23e-3","GO:0006302~double-strand break repair","FEN1,WRN,KAT5,PRKDC,EME2,ESCO2"
"GOTERM_BP_DIRECT","regulation of double-strand break repair","4","245","26","16251","6.74e-3","1.15e-1","10.20","1.00e+0","1.10e-1","5.80e-4","GO:2000779~regulation of double-strand break repair","KAT5,ACTL6A,RUVBL1,ACTB"
"GOTERM_BP_DIRECT","RNA splicing","10","245","228","16251","7.62e-3","1.28e-1","2.91","1.00e+0","1.22e-1","2.47e-3","GO:0008380~RNA splicing","SF3B3,SNRPD1,GEMIN2,KHSRP,DHX16,MTREX,SNRPD3,USP39,VIRMA,THOC6"
"GOTERM_BP_DIRECT","spermatid development","7","245","115","16251","7.79e-3","1.29e-1","4.04","1.00e+0","1.23e-1","1.79e-3","GO:0007286~spermatid development","MKKS,KAT5,DMC1,NME5,DYNLL1,RAN,TUBA8"
"REACTOME_PATHWAY","HIV Life Cycle","9","213","147","10908","7.93e-3","2.57e-2","3.14","9.99e-1","1.74e-2","2.35e-3","R-HSA-162587~HIV Life Cycle","FEN1,SEH1L,CCNT2,PDCD6IP,NUP43,ELOC,RPS27A,UBA52,RAN"
"REACTOME_PATHWAY","Chaperonin-mediated protein folding","7","213","90","10908","8.07e-3","2.60e-2","3.98","1.00e+0","1.76e-2","1.86e-3","R-HSA-390466~Chaperonin-mediated protein folding","CCT3,CCT6A,CCT2,VBP1,TCP1,ACTB,TUBA8"
"REACTOME_PATHWAY","E2F mediated regulation of DNA replication","4","213","22","10908","8.49e-3","2.73e-2","9.31","1.00e+0","1.85e-2","7.84e-4","R-HSA-113510~E2F mediated regulation of DNA replication","POLA2,PPP2R1B,PRIM1,ORC2"
"REACTOME_PATHWAY","EPHB-mediated forward signaling","5","213","42","10908","8.71e-3","2.79e-2","6.10","1.00e+0","1.89e-2","1.28e-3","R-HSA-3928662~EPHB-mediated forward signaling","ARPC2,ARPC3,ARPC1A,ACTB,ACTG1"
"GOTERM_BP_DIRECT","cellular response to UV","5","245","54","16251","8.72e-3","1.42e-1","6.14","1.00e+0","1.36e-1","1.30e-3","GO:0034644~cellular response to UV","DDB1,PCNA,MYC,POLK,RBX1"
"REACTOME_PATHWAY","DNA replication initiation","3","213","8","10908","9.75e-3","3.11e-2","19.20","1.00e+0","2.10e-2","3.82e-4","R-HSA-68952~DNA replication initiation","POLA2,POLE2,PRIM1"
"GOTERM_BP_DIRECT","mitotic spindle assembly checkpoint signaling","4","245","30","16251","1.01e-2","1.60e-1","8.84","1.00e+0","1.53e-1","1.01e-3","GO:0007094~mitotic spindle assembly checkpoint signaling","NUF2,BUB3,PSMG2,MAD2L1"
"GOTERM_BP_DIRECT","RNA splicing, via transesterification reactions","4","245","30","16251","1.01e-2","1.60e-1","8.84","1.00e+0","1.53e-1","1.01e-3","GO:0000375~RNA splicing, via transesterification reactions","DBR1,SF3B3,GEMIN2,KHSRP"
"REACTOME_PATHWAY","Cargo trafficking to the periciliary membrane","6","213","68","10908","1.02e-2","3.26e-2","4.52","1.00e+0","2.20e-2","2.06e-3","R-HSA-5620920~Cargo trafficking to the periciliary membrane","CCT3,CCT2,MKKS,BBS10,TCP1,TUBA8"
"REACTOME_PATHWAY","MITF-M-regulated melanocyte development","9","213","155","10908","1.07e-2","3.41e-2","2.97","1.00e+0","2.30e-2","3.35e-3","R-HSA-9730414~MITF-M-regulated melanocyte development","EPRS1,KARS1,LARS1,ACTL6A,ATP6V1E1,EEF1E1,ACTB,DARS1,MCM2"
"REACTOME_PATHWAY","Impaired BRCA2 binding to PALB2","4","213","24","10908","1.08e-2","3.43e-2","8.54","1.00e+0","2.32e-2","1.11e-3","R-HSA-9709603~Impaired BRCA2 binding to PALB2","RMI2,WRN,KAT5,EXO1"
"REACTOME_PATHWAY","Protein folding","7","213","96","10908","1.09e-2","3.43e-2","3.73","1.00e+0","2.32e-2","2.69e-3","R-HSA-391251~Protein folding","CCT3,CCT6A,CCT2,VBP1,TCP1,ACTB,TUBA8"
"REACTOME_PATHWAY","Signaling by TGF-beta Receptor Complex","7","213","96","10908","1.09e-2","3.43e-2","3.73","1.00e+0","2.32e-2","2.69e-3","R-HSA-170834~Signaling by TGF-beta Receptor Complex","PPP1CC,CCNT2,MYC,UBE2D3,UBE2D1,RPS27A,UBA52"
"REACTOME_PATHWAY","SARS-CoV-2 modulates host translation machinery","5","213","45","10908","1.11e-2","3.47e-2","5.69","1.00e+0","2.35e-2","1.75e-3","R-HSA-9754678~SARS-CoV-2 modulates host translation machinery","SNRPD1,GEMIN2,SNRPD3,GEMIN8,RPS27A"
"GOTERM_BP_DIRECT","regulation of macroautophagy","5","245","58","16251","1.12e-2","1.70e-1","5.72","1.00e+0","1.63e-1","1.79e-3","GO:0016241~regulation of macroautophagy","PSMD14,PIK3R4,ATP6V1E1,MTOR,UBQLN2"
"GOTERM_BP_DIRECT","DNA damage tolerance","3","245","11","16251","1.13e-2","1.70e-1","18.09","1.00e+0","1.63e-1","5.11e-4","GO:0006301~DNA damage tolerance","UBE2B,UBE2A,UBE2V1"
"GOTERM_BP_DIRECT","error-prone translesion synthesis","3","245","11","16251","1.13e-2","1.70e-1","18.09","1.00e+0","1.63e-1","5.11e-4","GO:0042276~error-prone translesion synthesis","POLE2,POLD2,POLK"
"GOTERM_BP_DIRECT","protein deneddylation","3","245","11","16251","1.13e-2","1.70e-1","18.09","1.00e+0","1.63e-1","5.11e-4","GO:0000338~protein deneddylation","COPS3,COPS6,COPS7A"
"GOTERM_BP_DIRECT","protein transport","16","245","516","16251","1.14e-2","1.70e-1","2.06","1.00e+0","1.63e-1","5.25e-3","GO:0015031~protein transport","GABARAPL2,PCID2,SEH1L,PDCD6IP,RRBP1,TIMM10,ARFGAP3,GABARAP,TIMM10B,NXF1,SNX18,ACAP1,NUP43,CCDC93,PPID,RAN"
"GOTERM_BP_DIRECT","mitotic spindle organization","5","245","59","16251","1.18e-2","1.75e-1","5.62","1.00e+0","1.67e-1","1.93e-3","GO:0007052~mitotic spindle organization","NUF2,CLTC,CKAP5,RAN,AURKA"
"REACTOME_PATHWAY","Defective HDR through Homologous Recombination Repair (HRR) due to PALB2 loss of BRCA1 binding function","4","213","25","10908","1.21e-2","3.75e-2","8.19","1.00e+0","2.54e-2","1.30e-3","R-HSA-9704331~Defective HDR through Homologous Recombination Repair (HRR) due to PALB2 loss of BRCA1 binding function","RMI2,WRN,KAT5,EXO1"
"REACTOME_PATHWAY","Defective homologous recombination repair (HRR) due to PALB2 loss of function","4","213","25","10908","1.21e-2","3.75e-2","8.19","1.00e+0","2.54e-2","1.30e-3","R-HSA-9701193~Defective homologous recombination repair (HRR) due to PALB2 loss of function","RMI2,WRN,KAT5,EXO1"
"REACTOME_PATHWAY","Defective homologous recombination repair (HRR) due to BRCA1 loss of function","4","213","25","10908","1.21e-2","3.75e-2","8.19","1.00e+0","2.54e-2","1.30e-3","R-HSA-9701192~Defective homologous recombination repair (HRR) due to BRCA1 loss of function","RMI2,WRN,KAT5,EXO1"
"REACTOME_PATHWAY","Defective HDR through Homologous Recombination Repair (HRR) due to PALB2 loss of BRCA2/RAD51/RAD51C binding function","4","213","25","10908","1.21e-2","3.75e-2","8.19","1.00e+0","2.54e-2","1.30e-3","R-HSA-9704646~Defective HDR through Homologous Recombination Repair (HRR) due to PALB2 loss of BRCA2/RAD51/RAD51C binding function","RMI2,WRN,KAT5,EXO1"
"REACTOME_PATHWAY","COPI-mediated anterograde transport","7","213","99","10908","1.26e-2","3.88e-2","3.62","1.00e+0","2.62e-2","3.20e-3","R-HSA-6807878~COPI-mediated anterograde transport","NAPA,COPB2,DYNC1LI2,CAPZB,ARFGAP3,DYNLL1,TUBA8"
"REACTOME_PATHWAY","Regulation of TNFR1 signaling","5","213","47","10908","1.29e-2","3.94e-2","5.45","1.00e+0","2.66e-2","2.13e-3","R-HSA-5357905~Regulation of TNFR1 signaling","UBE2D3,UBE2D1,RPS27A,UBA52,UBE2L3"
"REACTOME_PATHWAY","ISG15 antiviral mechanism","6","213","72","10908","1.29e-2","3.94e-2","4.27","1.00e+0","2.66e-2","2.76e-3","R-HSA-1169408~ISG15 antiviral mechanism","SEH1L,EIF4A3,NUP43,RPS27A,UBA52,EIF4G1"
"REACTOME_PATHWAY","Transport of Mature mRNA derived from an Intron-Containing Transcript","6","213","72","10908","1.29e-2","3.94e-2","4.27","1.00e+0","2.66e-2","2.76e-3","R-HSA-159236~Transport of Mature mRNA derived from an Intron-Containing Transcript","NXF1,NXT1,SEH1L,EIF4A3,NUP43,THOC6"
"REACTOME_PATHWAY","Golgi-to-ER retrograde transport","8","213","130","10908","1.34e-2","4.06e-2","3.15","1.00e+0","2.75e-2","3.93e-3","R-HSA-8856688~Golgi-to-ER retrograde transport","NAPA,COPB2,DYNC1LI2,CAPZB,BNIP1,ARFGAP3,DYNLL1,TUBA8"
"GOTERM_BP_DIRECT","t-circle formation","3","245","12","16251","1.34e-2","1.96e-1","16.58","1.00e+0","1.87e-1","6.73e-4","GO:0090656~t-circle formation","WRN,EXO1,XRCC3"
"REACTOME_PATHWAY","Cilium Assembly","10","213","194","10908","1.35e-2","4.06e-2","2.64","1.00e+0","2.75e-2","4.76e-3","R-HSA-5617833~Cilium Assembly","CCT3,DYNC2LI1,CCT2,MKKS,BBS10,TCP1,HAUS4,DYNLL1,CKAP5,TUBA8"
"REACTOME_PATHWAY","Assembly of the 9+0 primary cilium","10","213","194","10908","1.35e-2","4.06e-2","2.64","1.00e+0","2.75e-2","4.76e-3","R-HSA-9975921~Assembly of the 9+0 primary cilium","CCT3,DYNC2LI1,CCT2,MKKS,BBS10,TCP1,HAUS4,DYNLL1,CKAP5,TUBA8"
"REACTOME_PATHWAY","SARS-CoV-2-host interactions","10","213","194","10908","1.35e-2","4.06e-2","2.64","1.00e+0","2.75e-2","4.76e-3","R-HSA-9705683~SARS-CoV-2-host interactions","SEH1L,SNRPD1,GEMIN2,PIK3R4,NUP43,UBE2V1,SNRPD3,GEMIN8,RPS27A,UBA52"
"REACTOME_PATHWAY","Nonsense-Mediated Decay (NMD)","7","213","101","10908","1.38e-2","4.13e-2","3.55","1.00e+0","2.79e-2","3.58e-3","R-HSA-927802~Nonsense-Mediated Decay (NMD)","UPF1,RPL11,EIF4A3,RPL38,RPS27A,UBA52,EIF4G1"
"REACTOME_PATHWAY","Nonsense Mediated Decay (NMD) enhanced by the Exon Junction Complex (EJC)","7","213","101","10908","1.38e-2","4.13e-2","3.55","1.00e+0","2.79e-2","3.58e-3","R-HSA-975957~Nonsense Mediated Decay (NMD) enhanced by the Exon Junction Complex (EJC)","UPF1,RPL11,EIF4A3,RPL38,RPS27A,UBA52,EIF4G1"
"GOTERM_BP_DIRECT","spliceosomal complex assembly","4","245","34","16251","1.42e-2","2.03e-1","7.80","1.00e+0","1.94e-1","1.64e-3","GO:0000245~spliceosomal complex assembly","SNRPD1,GEMIN2,SNRPD3,USP39"
"GOTERM_BP_DIRECT","regulation of mitotic metaphase/anaphase transition","4","245","34","16251","1.42e-2","2.03e-1","7.80","1.00e+0","1.94e-1","1.64e-3","GO:0030071~regulation of mitotic metaphase/anaphase transition","PBRM1,ACTL6A,CDC6,ACTB"
"GOTERM_BP_DIRECT","spliceosome conformational change to release U4 (or U4atac) and U1 (or U11)","4","245","35","16251","1.54e-2","2.17e-1","7.58","1.00e+0","2.07e-1","1.83e-3","GO:0000388~spliceosome conformational change to release U4 (or U4atac) and U1 (or U11)","SF3B3,SNRPD1,SNRPD3,USP39"
"GOTERM_BP_DIRECT","cellular response to amino acid stimulus","5","245","64","16251","1.56e-2","2.18e-1","5.18","1.00e+0","2.08e-1","2.76e-3","GO:0071230~cellular response to amino acid stimulus","LARS1,ATP6V1E1,MTOR,IPO5,RBX1"
"REACTOME_PATHWAY","Late Phase of HIV Life Cycle","8","213","134","10908","1.56e-2","4.65e-2","3.06","1.00e+0","3.15e-2","4.72e-3","R-HSA-162599~Late Phase of HIV Life Cycle","SEH1L,CCNT2,PDCD6IP,NUP43,ELOC,RPS27A,UBA52,RAN"
"GOTERM_BP_DIRECT","tRNA processing","5","245","65","16251","1.64e-2","2.27e-1","5.10","1.00e+0","2.17e-1","2.96e-3","GO:0008033~tRNA processing","AARS1,KARS1,PRORP,RPP21,THADA"
"REACTOME_PATHWAY","Eukaryotic Translation Initiation","7","213","105","10908","1.65e-2","4.87e-2","3.41","1.00e+0","3.30e-2","4.44e-3","R-HSA-72613~Eukaryotic Translation Initiation","EIF2B3,RPL11,EIF3G,RPL38,RPS27A,UBA52,EIF4G1"
"REACTOME_PATHWAY","Cap-dependent Translation Initiation","7","213","105","10908","1.65e-2","4.87e-2","3.41","1.00e+0","3.30e-2","4.44e-3","R-HSA-72737~Cap-dependent Translation Initiation","EIF2B3,RPL11,EIF3G,RPL38,RPS27A,UBA52,EIF4G1"
"GOTERM_BP_DIRECT","mitotic cell cycle","7","245","137","16251","1.74e-2","2.37e-1","3.39","1.00e+0","2.27e-1","4.76e-3","GO:0000278~mitotic cell cycle","PBRM1,SNX18,CLTC,CKAP5,RAN,AURKA,TUBA8"
"REACTOME_PATHWAY","Regulation of BACH1 activity","3","213","11","10908","1.84e-2","5.41e-2","13.97","1.00e+0","3.66e-2","1.08e-3","R-HSA-9708530~Regulation of BACH1 activity","RPS27A,UBA52,RBX1"
"REACTOME_PATHWAY","Josephin domain DUBs","3","213","11","10908","1.84e-2","5.41e-2","13.97","1.00e+0","3.66e-2","1.08e-3","R-HSA-5689877~Josephin domain DUBs","RAD23A,RPS27A,UBA52"
"REACTOME_PATHWAY","Formation of annular gap junctions","3","213","11","10908","1.84e-2","5.41e-2","13.97","1.00e+0","3.66e-2","1.08e-3","R-HSA-196025~Formation of annular gap junctions","CLTC,ACTB,ACTG1"
"GOTERM_BP_DIRECT","protein modification process","5","245","68","16251","1.91e-2","2.58e-1","4.88","1.00e+0","2.46e-1","3.60e-3","GO:0036211~protein modification process","DUSP12,PRKDC,UBE2D3,UBA52,UBE2L3"
"REACTOME_PATHWAY","Cellular response to starvation","8","213","140","10908","1.94e-2","5.68e-2","2.93","1.00e+0","3.84e-2","6.13e-3","R-HSA-9711097~Cellular response to starvation","SEH1L,RPL11,RPL38,ATP6V1E1,RPS27A,UBA52,MTOR,ATP6V1F"
"REACTOME_PATHWAY","Dengue Virus Genome Translation and Replication","6","213","81","10908","2.06e-2","5.96e-2","3.79","1.00e+0","4.03e-2","4.97e-3","R-HSA-9918487~Dengue Virus Genome Translation and Replication","EIF4A3,RRBP1,RPS27A,UBA52,IPO7,EIF4G1"
"REACTOME_PATHWAY","Transport of Mature Transcript to Cytoplasm","6","213","81","10908","2.06e-2","5.96e-2","3.79","1.00e+0","4.03e-2","4.97e-3","R-HSA-72202~Transport of Mature Transcript to Cytoplasm","NXF1,NXT1,SEH1L,EIF4A3,NUP43,THOC6"
"REACTOME_PATHWAY","Nonsense Mediated Decay (NMD) independent of the Exon Junction Complex (EJC)","6","213","81","10908","2.06e-2","5.96e-2","3.79","1.00e+0","4.03e-2","4.97e-3","R-HSA-975956~Nonsense Mediated Decay (NMD) independent of the Exon Junction Complex (EJC)","UPF1,RPL11,RPL38,RPS27A,UBA52,EIF4G1"
"GOTERM_BP_DIRECT","regulation of protein neddylation","3","245","15","16251","2.07e-2","2.74e-1","13.27","1.00e+0","2.62e-1","1.35e-3","GO:2000434~regulation of protein neddylation","COPS3,COPS6,COPS7A"
"GOTERM_BP_DIRECT","Arp2/3 complex-mediated actin nucleation","3","245","15","16251","2.07e-2","2.74e-1","13.27","1.00e+0","2.62e-1","1.35e-3","GO:0034314~Arp2/3 complex-mediated actin nucleation","ARPC2,ARPC3,ARPC1A"
"REACTOME_PATHWAY","Neutrophil degranulation","17","213","471","10908","2.14e-2","6.17e-2","1.85","1.00e+0","4.17e-2","1.08e-2","R-HSA-6798695~Neutrophil degranulation","CCT2,PSMD12,PSMD11,PSMD14,PSMD13,DYNLL1,APRT,RAB10,PSMB7,PSMD6,PGRMC1,PSMD7,PSMA2,PSMC2,PSMD3,PSMB1,PSMD1"
"REACTOME_PATHWAY","ZNF598 and the Ribosome-associated Quality Trigger (RQT) complex dissociate a ribosome stalled on a no-go mRNA","6","213","82","10908","2.16e-2","6.22e-2","3.75","1.00e+0","4.20e-2","5.28e-3","R-HSA-9954716~ZNF598 and the Ribosome-associated Quality Trigger (RQT) complex dissociate a ribosome stalled on a no-go mRNA","RPL11,UBE2D3,UBE2D1,RPL38,RPS27A,UBA52"
"REACTOME_PATHWAY","Gap junction degradation","3","213","12","10908","2.18e-2","6.25e-2","12.80","1.00e+0","4.23e-2","1.42e-3","R-HSA-190873~Gap junction degradation","CLTC,ACTB,ACTG1"
"REACTOME_PATHWAY","Unwinding of DNA","3","213","12","10908","2.18e-2","6.25e-2","12.80","1.00e+0","4.23e-2","1.42e-3","R-HSA-176974~Unwinding of DNA","MCM4,MCM6,MCM2"
"GOTERM_BP_DIRECT","base-excision repair","4","245","40","16251","2.20e-2","2.87e-1","6.63","1.00e+0","2.74e-1","3.01e-3","GO:0006284~base-excision repair","FEN1,WRN,SET,RPA2"
"REACTOME_PATHWAY","TNF signaling","5","213","56","10908","2.32e-2","6.62e-2","4.57","1.00e+0","4.48e-2","4.61e-3","R-HSA-75893~TNF signaling","UBE2D3,UBE2D1,RPS27A,UBA52,UBE2L3"
"GOTERM_BP_DIRECT","ubiquitin-dependent protein catabolic process via the C-end degron rule pathway","3","245","16","16251","2.35e-2","3.00e-1","12.44","1.00e+0","2.87e-1","1.64e-3","GO:0140627~ubiquitin-dependent protein catabolic process via the C-end degron rule pathway","PRAME,ELOC,RBX1"
"GOTERM_BP_DIRECT","mitotic sister chromatid cohesion","3","245","16","16251","2.35e-2","3.00e-1","12.44","1.00e+0","2.87e-1","1.64e-3","GO:0007064~mitotic sister chromatid cohesion","NAA50,DSCC1,ESCO2"
"REACTOME_PATHWAY","Regulation of necroptotic cell death","4","213","32","10908","2.37e-2","6.71e-2","6.40","1.00e+0","4.54e-2","3.31e-3","R-HSA-5675482~Regulation of necroptotic cell death","PDCD6IP,RPS27A,UBA52,UBE2L3"
"REACTOME_PATHWAY","Downregulation of SMAD2/3:SMAD4 transcriptional activity","4","213","32","10908","2.37e-2","6.71e-2","6.40","1.00e+0","4.54e-2","3.31e-3","R-HSA-2173795~Downregulation of SMAD2/3:SMAD4 transcriptional activity","UBE2D3,UBE2D1,RPS27A,UBA52"
"REACTOME_PATHWAY","RIPK1-mediated regulated necrosis","4","213","32","10908","2.37e-2","6.71e-2","6.40","1.00e+0","4.54e-2","3.31e-3","R-HSA-5213460~RIPK1-mediated regulated necrosis","PDCD6IP,RPS27A,UBA52,UBE2L3"
"REACTOME_PATHWAY","Iron uptake and transport","5","213","57","10908","2.46e-2","6.91e-2","4.49","1.00e+0","4.67e-2","4.98e-3","R-HSA-917937~Iron uptake and transport","STEAP3,ATP6V1E1,RPS27A,UBA52,ATP6V1F"
"REACTOME_PATHWAY","tRNA processing in the nucleus","5","213","57","10908","2.46e-2","6.91e-2","4.49","1.00e+0","4.67e-2","4.98e-3","R-HSA-6784531~tRNA processing in the nucleus","SEH1L,RPP21,NUP43,RAN,RTRAF"
"REACTOME_PATHWAY","Regulation of PLK1 Activity at G2/M Transition","6","213","85","10908","2.48e-2","6.94e-2","3.61","1.00e+0","4.70e-2","6.28e-3","R-HSA-2565942~Regulation of PLK1 Activity at G2/M Transition","HAUS4,RPS27A,DYNLL1,CKAP5,UBA52,AURKA"
"REACTOME_PATHWAY","Inhibition of replication initiation of damaged DNA by RB1/E2F1","3","213","13","10908","2.55e-2","7.10e-2","11.82","1.00e+0","4.80e-2","1.82e-3","R-HSA-113501~Inhibition of replication initiation of damaged DNA by RB1/E2F1","POLA2,PPP2R1B,PRIM1"
"REACTOME_PATHWAY","TRAF6 mediated IRF7 activation in TLR7/8 or 9 signaling","3","213","13","10908","2.55e-2","7.10e-2","11.82","1.00e+0","4.80e-2","1.82e-3","R-HSA-975110~TRAF6 mediated IRF7 activation in TLR7/8 or 9 signaling","UBE2V1,RPS27A,UBA52"
"REACTOME_PATHWAY","Parasite infection","5","213","58","10908","2.60e-2","7.19e-2","4.41","1.00e+0","4.86e-2","5.36e-3","R-HSA-9664407~Parasite infection","ARPC2,ARPC3,ARPC1A,ACTB,ACTG1"
"REACTOME_PATHWAY","FCGR3A-mediated phagocytosis","5","213","58","10908","2.60e-2","7.19e-2","4.41","1.00e+0","4.86e-2","5.36e-3","R-HSA-9664422~FCGR3A-mediated phagocytosis","ARPC2,ARPC3,ARPC1A,ACTB,ACTG1"
"REACTOME_PATHWAY","Leishmania phagocytosis","5","213","58","10908","2.60e-2","7.19e-2","4.41","1.00e+0","4.86e-2","5.36e-3","R-HSA-9664417~Leishmania phagocytosis","ARPC2,ARPC3,ARPC1A,ACTB,ACTG1"
"GOTERM_BP_DIRECT","positive regulation of translation","5","245","75","16251","2.63e-2","3.23e-1","4.42","1.00e+0","3.09e-1","5.48e-3","GO:0045727~positive regulation of translation","PRKDC,MYC,EIF4A3,PYM1,MTOR"
"GOTERM_BP_DIRECT","ectopic germ cell programmed cell death","3","245","17","16251","2.63e-2","3.23e-1","11.71","1.00e+0","3.09e-1","1.97e-3","GO:0035234~ectopic germ cell programmed cell death","DDB1,UBE2B,PRKDC"
"GOTERM_BP_DIRECT","protein-containing complex localization","3","245","17","16251","2.63e-2","3.23e-1","11.71","1.00e+0","3.09e-1","1.97e-3","GO:0031503~protein-containing complex localization","SNAPIN,SEH1L,RAN"
"REACTOME_PATHWAY","Respiratory Syncytial Virus Infection Pathway","7","213","117","10908","2.65e-2","7.29e-2","3.06","1.00e+0","4.93e-2","7.95e-3","R-HSA-9820952~Respiratory Syncytial Virus Infection Pathway","PPP1CC,CUL5,MED21,ELOC,RPS27A,UBA52,RBX1"
"GOTERM_BP_DIRECT","positive regulation of double-strand break repair via homologous recombination","4","245","43","16251","2.65e-2","3.23e-1","6.17","1.00e+0","3.09e-1","3.92e-3","GO:1905168~positive regulation of double-strand break repair via homologous recombination","KAT5,ACTL6A,RUVBL1,ACTB"
"GOTERM_BP_DIRECT","regulation of signal transduction by p53 class mediator","4","245","43","16251","2.65e-2","3.23e-1","6.17","1.00e+0","3.09e-1","3.92e-3","GO:1901796~regulation of signal transduction by p53 class mediator","KAT6A,RPL11,MTOR,AURKA"
"GOTERM_BP_DIRECT","regulation of autophagy","5","245","76","16251","2.74e-2","3.31e-1","4.36","1.00e+0","3.16e-1","5.79e-3","GO:0010506~regulation of autophagy","DDB1,KAT5,PIK3R4,MTOR,RBX1"
"REACTOME_PATHWAY","Recruitment of NuMA to mitotic centrosomes","6","213","88","10908","2.83e-2","7.76e-2","3.49","1.00e+0","5.25e-2","7.42e-3","R-HSA-380320~Recruitment of NuMA to mitotic centrosomes","MZT2A,NME7,HAUS4,DYNLL1,CKAP5,TUBA8"
"REACTOME_PATHWAY","Regulation of actin dynamics for phagocytic cup formation","5","213","60","10908","2.90e-2","7.95e-2","4.27","1.00e+0","5.37e-2","6.19e-3","R-HSA-2029482~Regulation of actin dynamics for phagocytic cup formation","ARPC2,ARPC3,ARPC1A,ACTB,ACTG1"
"REACTOME_PATHWAY","IRAK1 recruits IKK complex","3","213","14","10908","2.93e-2","7.99e-2","10.97","1.00e+0","5.40e-2","2.28e-3","R-HSA-937039~IRAK1 recruits IKK complex","UBE2V1,RPS27A,UBA52"
"REACTOME_PATHWAY","IRAK1 recruits IKK complex upon TLR7/8 or 9 stimulation","3","213","14","10908","2.93e-2","7.99e-2","10.97","1.00e+0","5.40e-2","2.28e-3","R-HSA-975144~IRAK1 recruits IKK complex upon TLR7/8 or 9 stimulation","UBE2V1,RPS27A,UBA52"
"GOTERM_BP_DIRECT","mitotic DNA replication","2","245","2","16251","2.98e-2","3.44e-1","66.33","1.00e+0","3.28e-1","2.26e-4","GO:1902969~mitotic DNA replication","PCNA,MCM6"
"GOTERM_BP_DIRECT","telomeric loop disassembly","2","245","2","16251","2.98e-2","3.44e-1","66.33","1.00e+0","3.28e-1","2.26e-4","GO:0090657~telomeric loop disassembly","RTEL1,XRCC3"
"GOTERM_BP_DIRECT","early viral transcription","2","245","2","16251","2.98e-2","3.44e-1","66.33","1.00e+0","3.28e-1","2.26e-4","GO:0019085~early viral transcription","CCNT2,MON1B"
"GOTERM_BP_DIRECT","positive regulation of single stranded viral RNA replication via double stranded DNA intermediate","2","245","2","16251","2.98e-2","3.44e-1","66.33","1.00e+0","3.28e-1","2.26e-4","GO:0045870~positive regulation of single stranded viral RNA replication via double stranded DNA intermediate","TOP2A,TOP2B"
"GOTERM_BP_DIRECT","positive regulation of DNA repair","4","245","45","16251","2.99e-2","3.44e-1","5.90","1.00e+0","3.28e-1","4.63e-3","GO:0045739~positive regulation of DNA repair","PCNA,ACTL6A,RUVBL1,ERCC8"
"REACTOME_PATHWAY","Negative regulators of DDX58/IFIH1 signaling","4","213","35","10908","3.00e-2","8.15e-2","5.85","1.00e+0","5.51e-2","4.61e-3","R-HSA-936440~Negative regulators of DDX58/IFIH1 signaling","UBE2D3,UBE2D1,RPS27A,UBA52"
"REACTOME_PATHWAY","Influenza Viral RNA Transcription and Replication","7","213","121","10908","3.05e-2","8.27e-2","2.96","1.00e+0","5.59e-2","9.49e-3","R-HSA-168273~Influenza Viral RNA Transcription and Replication","SEH1L,RPL11,NUP43,RPL38,RPS27A,UBA52,IPO5"
"GOTERM_BP_DIRECT","positive regulation of myoblast differentiation","4","245","46","16251","3.16e-2","3.60e-1","5.77","1.00e+0","3.44e-1","5.01e-3","GO:0045663~positive regulation of myoblast differentiation","PBRM1,KAT5,ACTL6A,ACTB"
"REACTOME_PATHWAY","EPH-Ephrin signaling","6","213","91","10908","3.20e-2","8.64e-2","3.38","1.00e+0","5.84e-2","8.70e-3","R-HSA-2682334~EPH-Ephrin signaling","ARPC2,ARPC3,ARPC1A,CLTC,ACTB,ACTG1"
"REACTOME_PATHWAY","Transcriptional and post-translational regulation of MITF-M expression and activity","5","213","62","10908","3.22e-2","8.64e-2","4.13","1.00e+0","5.84e-2","7.11e-3","R-HSA-9856649~Transcriptional and post-translational regulation of MITF-M expression and activity","EPRS1,KARS1,LARS1,EEF1E1,DARS1"
"REACTOME_PATHWAY","SMAD2/SMAD3:SMAD4 heterotrimer regulates transcription","4","213","36","10908","3.23e-2","8.64e-2","5.69","1.00e+0","5.84e-2","5.10e-3","R-HSA-2173796~SMAD2/SMAD3:SMAD4 heterotrimer regulates transcription","CCNT2,MYC,RPS27A,UBA52"
"REACTOME_PATHWAY","Regulation of TP53 Degradation","4","213","36","10908","3.23e-2","8.64e-2","5.69","1.00e+0","5.84e-2","5.10e-3","R-HSA-6804757~Regulation of TP53 Degradation","PPP2R1B,RPS27A,UBA52,MTOR"
"GOTERM_BP_DIRECT","resolution of meiotic recombination intermediates","3","245","19","16251","3.25e-2","3.66e-1","10.47","1.00e+0","3.50e-1","2.74e-3","GO:0000712~resolution of meiotic recombination intermediates","TOP2A,TOP2B,EME2"
"GOTERM_BP_DIRECT","autophagosome maturation","4","245","47","16251","3.34e-2","3.74e-1","5.65","1.00e+0","3.57e-1","5.41e-3","GO:0097352~autophagosome maturation","GABARAPL2,SNAPIN,PIK3R4,GABARAP"
"REACTOME_PATHWAY","Enterobacterial factors antagonize host defense","3","213","15","10908","3.34e-2","8.92e-2","10.24","1.00e+0","6.03e-2","2.81e-3","R-HSA-9956593~Enterobacterial factors antagonize host defense","UBE2D3,RPS27A,UBA52"
"REACTOME_PATHWAY","Regulation of TP53 Expression and Degradation","4","213","37","10908","3.46e-2","9.22e-2","5.54","1.00e+0","6.23e-2","5.64e-3","R-HSA-6806003~Regulation of TP53 Expression and Degradation","PPP2R1B,RPS27A,UBA52,MTOR"
"REACTOME_PATHWAY","rRNA processing","9","213","193","10908","3.48e-2","9.23e-2","2.39","1.00e+0","6.24e-2","1.35e-2","R-HSA-72312~rRNA processing","FBL,NIP7,PRORP,RPL11,RPP21,RPL38,MTREX,RPS27A,UBA52"
"GOTERM_BP_DIRECT","response to UV","4","245","48","16251","3.52e-2","3.91e-1","5.53","1.00e+0","3.74e-1","5.83e-3","GO:0009411~response to UV","UBE2B,HUS1,ERCC8,UBE2A"
"REACTOME_PATHWAY","Cooperation of PDCL (PhLP1) and TRiC/CCT in G-protein beta folding","4","213","38","10908","3.71e-2","9.82e-2","5.39","1.00e+0","6.64e-2","6.20e-3","R-HSA-6814122~Cooperation of PDCL (PhLP1) and TRiC/CCT in G-protein beta folding","CCT3,CCT6A,CCT2,TCP1"
"REACTOME_PATHWAY","RSV-host interactions","6","213","95","10908","3.75e-2","9.90e-2","3.23","1.00e+0","6.70e-2","1.06e-2","R-HSA-9833110~RSV-host interactions","CUL5,MED21,ELOC,RPS27A,UBA52,RBX1"
"REACTOME_PATHWAY","VLDLR internalisation and degradation","3","213","16","10908","3.77e-2","9.93e-2","9.60","1.00e+0","6.71e-2","3.41e-3","R-HSA-8866427~VLDLR internalisation and degradation","CLTC,RPS27A,UBA52"
"GOTERM_BP_DIRECT","mRNA splicing, via spliceosome","8","245","208","16251","3.78e-2","4.16e-1","2.55","1.00e+0","3.97e-1","1.38e-2","GO:0000398~mRNA splicing, via spliceosome","DBR1,SF3B3,SNRPD1,EIF4A3,DHX16,MTREX,SNRPD3,USP39"
"GOTERM_BP_DIRECT","nucleocytoplasmic transport","4","245","50","16251","3.91e-2","4.19e-1","5.31","1.00e+0","4.00e-1","6.74e-3","GO:0006913~nucleocytoplasmic transport","NXT1,SEH1L,NUP43,RAN"
"GOTERM_BP_DIRECT","epithelial cilium movement involved in extracellular fluid movement","3","245","21","16251","3.91e-2","4.19e-1","9.48","1.00e+0","4.00e-1","3.68e-3","GO:0003351~epithelial cilium movement involved in extracellular fluid movement","NME7,DNAAF11,NME5"
"GOTERM_BP_DIRECT","positive regulation of mitotic cell cycle spindle assembly checkpoint","3","245","21","16251","3.91e-2","4.19e-1","9.48","1.00e+0","4.00e-1","3.68e-3","GO:0090267~positive regulation of mitotic cell cycle spindle assembly checkpoint","XRCC3,DYNLL1,MAD2L1"
"REACTOME_PATHWAY","Association of TriC/CCT with target proteins during biosynthesis","4","213","39","10908","3.96e-2","1.04e-1","5.25","1.00e+0","7.03e-2","6.81e-3","R-HSA-390471~Association of TriC/CCT with target proteins during biosynthesis","CCT3,CCT6A,CCT2,TCP1"
"REACTOME_PATHWAY","SRP-dependent cotranslational protein targeting to membrane","6","213","97","10908","4.05e-2","1.06e-1","3.17","1.00e+0","7.15e-2","1.17e-2","R-HSA-1799339~SRP-dependent cotranslational protein targeting to membrane","RPL11,SRP54,RPL38,SRP68,RPS27A,UBA52"
"REACTOME_PATHWAY","L13a-mediated translational silencing of Ceruloplasmin expression","6","213","97","10908","4.05e-2","1.06e-1","3.17","1.00e+0","7.15e-2","1.17e-2","R-HSA-156827~L13a-mediated translational silencing of Ceruloplasmin expression","RPL11,EIF3G,RPL38,RPS27A,UBA52,EIF4G1"
"REACTOME_PATHWAY","GTP hydrolysis and joining of the 60S ribosomal subunit","6","213","98","10908","4.20e-2","1.09e-1","3.14","1.00e+0","7.39e-2","1.23e-2","R-HSA-72706~GTP hydrolysis and joining of the 60S ribosomal subunit","RPL11,EIF3G,RPL38,RPS27A,UBA52,EIF4G1"
"GOTERM_BP_DIRECT","negative regulation of telomere maintenance via telomerase","3","245","22","16251","4.26e-2","4.44e-1","9.05","1.00e+0","4.25e-1","4.22e-3","GO:0032211~negative regulation of telomere maintenance via telomerase","STN1,TEN1,POT1"
"GOTERM_BP_DIRECT","regulation of cyclin-dependent protein serine/threonine kinase activity","3","245","22","16251","4.26e-2","4.44e-1","9.05","1.00e+0","4.25e-1","4.22e-3","GO:0000079~regulation of cyclin-dependent protein serine/threonine kinase activity","CCNT2,CDC6,CDKN3"
"REACTOME_PATHWAY","Major pathway of rRNA processing in the nucleolus and cytosol","8","213","166","10908","4.32e-2","1.12e-1","2.47","1.00e+0","7.57e-2","1.62e-2","R-HSA-6791226~Major pathway of rRNA processing in the nucleolus and cytosol","FBL,NIP7,RPL11,RPP21,RPL38,MTREX,RPS27A,UBA52"
"REACTOME_PATHWAY","Interferon Signaling","11","213","277","10908","4.33e-2","1.12e-1","2.03","1.00e+0","7.57e-2","1.98e-2","R-HSA-913531~Interferon Signaling","SEH1L,PPP2R1B,EIF4A3,NUP43,FANCE,RPS27A,UBA52,ACTB,ACTG1,EIF4G1,TUBA8"
"GOTERM_BP_DIRECT","morphogenesis of a polarized epithelium","2","245","3","16251","4.44e-2","4.44e-1","44.22","1.00e+0","4.25e-1","6.72e-4","GO:0001738~morphogenesis of a polarized epithelium","ACTB,ACTG1"
"GOTERM_BP_DIRECT","mitotic telomere maintenance via semi-conservative replication","2","245","3","16251","4.44e-2","4.44e-1","44.22","1.00e+0","4.25e-1","6.72e-4","GO:1902990~mitotic telomere maintenance via semi-conservative replication","RTEL1,PCNA"
"GOTERM_BP_DIRECT","positive regulation of establishment of protein localization to telomere","2","245","3","16251","4.44e-2","4.44e-1","44.22","1.00e+0","4.25e-1","6.72e-4","GO:1904851~positive regulation of establishment of protein localization to telomere","CCT6A,TCP1"
"GOTERM_BP_DIRECT","post-translational protein acetylation","2","245","3","16251","4.44e-2","4.44e-1","44.22","1.00e+0","4.25e-1","6.72e-4","GO:0034421~post-translational protein acetylation","DSCC1,ESCO2"
"GOTERM_BP_DIRECT","regulation of transepithelial transport","2","245","3","16251","4.44e-2","4.44e-1","44.22","1.00e+0","4.25e-1","6.72e-4","GO:0150111~regulation of transepithelial transport","ACTB,ACTG1"
"GOTERM_BP_DIRECT","sister chromatid segregation","2","245","3","16251","4.44e-2","4.44e-1","44.22","1.00e+0","4.25e-1","6.72e-4","GO:0000819~sister chromatid segregation","TOP2A,TOP2B"
"GOTERM_BP_DIRECT","regulation of synaptic vesicle endocytosis","3","245","23","16251","4.62e-2","4.59e-1","8.65","1.00e+0","4.39e-1","4.80e-3","GO:1900242~regulation of synaptic vesicle endocytosis","ARPC3,ACTB,ACTG1"
"REACTOME_PATHWAY","Formation of the polybromo-BAF (pBAF) complex","3","213","18","10908","4.69e-2","1.21e-1","8.54","1.00e+0","8.18e-2","4.82e-3","R-HSA-9933939~Formation of the polybromo-BAF (pBAF) complex","PBRM1,ACTL6A,ACTB"
"REACTOME_PATHWAY","Negative regulation of MAPK pathway","4","213","43","10908","5.06e-2","1.30e-1","4.76","1.00e+0","8.81e-2","9.62e-3","R-HSA-5675221~Negative regulation of MAPK pathway","PPP2R1B,PPP2R5B,RPS27A,UBA52"
"GOTERM_BP_DIRECT","chromatin remodeling","10","245","318","16251","5.12e-2","5.05e-1","2.09","1.00e+0","4.82e-1","2.26e-2","GO:0006338~chromatin remodeling","NAA50,FBL,PBRM1,PRKDC,MYC,ACTL6A,RUVBL1,RAD23A,UBE2A,ACTB"
"REACTOME_PATHWAY","LDL clearance","3","213","19","10908","5.18e-2","1.32e-1","8.09","1.00e+0","8.91e-2","5.65e-3","R-HSA-8964038~LDL clearance","SOAT1,SOAT2,CLTC"
"REACTOME_PATHWAY","Aberrant regulation of mitotic exit in cancer due to RB1 defects","3","213","19","10908","5.18e-2","1.32e-1","8.09","1.00e+0","8.91e-2","5.65e-3","R-HSA-9687136~Aberrant regulation of mitotic exit in cancer due to RB1 defects","CDC26,UBE2D1,ANAPC10"
"REACTOME_PATHWAY","Phosphorylation of the APC/C","3","213","19","10908","5.18e-2","1.32e-1","8.09","1.00e+0","8.91e-2","5.65e-3","R-HSA-176412~Phosphorylation of the APC/C","CDC26,UBE2D1,ANAPC10"
"REACTOME_PATHWAY","Conversion from APC/C:Cdc20 to APC/C:Cdh1 in late anaphase","3","213","19","10908","5.18e-2","1.32e-1","8.09","1.00e+0","8.91e-2","5.65e-3","R-HSA-176407~Conversion from APC/C:Cdc20 to APC/C:Cdh1 in late anaphase","CDC26,UBE2D1,ANAPC10"
"GOTERM_BP_DIRECT","regulation of embryonic development","4","245","56","16251","5.18e-2","5.07e-1","4.74","1.00e+0","4.84e-1","1.00e-2","GO:0045995~regulation of embryonic development","DDB1,ACTL6A,RUVBL1,RBX1"
"REACTOME_PATHWAY","Toll Like Receptor 3 (TLR3) Cascade","6","213","104","10908","5.19e-2","1.32e-1","2.95","1.00e+0","8.92e-2","1.61e-2","R-HSA-168164~Toll Like Receptor 3 (TLR3) Cascade","PPP2R1B,UBE2D3,UBE2D1,UBE2V1,RPS27A,UBA52"
"GOTERM_BP_DIRECT","regulation of G0 to G1 transition","3","245","25","16251","5.37e-2","5.17e-1","7.96","1.00e+0","4.94e-1","6.09e-3","GO:0070316~regulation of G0 to G1 transition","PBRM1,ACTL6A,ACTB"
"GOTERM_BP_DIRECT","U2-type prespliceosome assembly","3","245","25","16251","5.37e-2","5.17e-1","7.96","1.00e+0","4.94e-1","6.09e-3","GO:1903241~U2-type prespliceosome assembly","SF3B3,SNRPD1,SNRPD3"
"REACTOME_PATHWAY","rRNA processing in the nucleus and cytosol","8","213","176","10908","5.60e-2","1.42e-1","2.33","1.00e+0","9.59e-2","2.22e-2","R-HSA-8868773~rRNA processing in the nucleus and cytosol","FBL,NIP7,RPL11,RPP21,RPL38,MTREX,RPS27A,UBA52"
"REACTOME_PATHWAY","Recycling pathway of L1","4","213","45","10908","5.66e-2","1.43e-1","4.55","1.00e+0","9.66e-2","1.13e-2","R-HSA-437239~Recycling pathway of L1","CLTC,ACTB,ACTG1,TUBA8"
"GOTERM_BP_DIRECT","regulation of centrosome duplication","3","245","26","16251","5.76e-2","5.51e-1","7.65","1.00e+0","5.26e-1","6.81e-3","GO:0010824~regulation of centrosome duplication","PDCD6IP,XRCC3,RBX1"
"REACTOME_PATHWAY","Plasma lipoprotein assembly, remodeling, and clearance","5","213","75","10908","5.80e-2","1.46e-1","3.41","1.00e+0","9.87e-2","1.55e-2","R-HSA-174824~Plasma lipoprotein assembly, remodeling, and clearance","SOAT1,SOAT2,CLTC,RPS27A,UBA52"
"GOTERM_BP_DIRECT","late viral transcription","2","245","4","16251","5.87e-2","5.54e-1","33.17","1.00e+0","5.29e-1","1.33e-3","GO:0019086~late viral transcription","CCNT2,MON1B"
"GOTERM_BP_DIRECT","cellular senescence","4","245","59","16251","5.88e-2","5.54e-1","4.50","1.00e+0","5.29e-1","1.20e-2","GO:0090398~cellular senescence","TOP2B,WRN,KAT5,KAT6A"
"REACTOME_PATHWAY","TRIF (TICAM1)-mediated TLR4 signaling","6","213","108","10908","5.92e-2","1.48e-1","2.85","1.00e+0","1.00e-1","1.91e-2","R-HSA-937061~TRIF (TICAM1)-mediated TLR4 signaling","PPP2R1B,UBE2D3,UBE2D1,UBE2V1,RPS27A,UBA52"
"REACTOME_PATHWAY","MyD88-independent TLR4 cascade","6","213","108","10908","5.92e-2","1.48e-1","2.85","1.00e+0","1.00e-1","1.91e-2","R-HSA-166166~MyD88-independent TLR4 cascade","PPP2R1B,UBE2D3,UBE2D1,UBE2V1,RPS27A,UBA52"
"REACTOME_PATHWAY","Gap junction trafficking","4","213","46","10908","5.97e-2","1.49e-1","4.45","1.00e+0","1.01e-1","1.22e-2","R-HSA-190828~Gap junction trafficking","CLTC,ACTB,ACTG1,TUBA8"
"GOTERM_BP_DIRECT","positive regulation of TORC1 signaling","4","245","60","16251","6.13e-2","5.72e-1","4.42","1.00e+0","5.47e-1","1.27e-2","GO:1904263~positive regulation of TORC1 signaling","SEH1L,LARS1,ATP6V1E1,RBX1"
"REACTOME_PATHWAY","Dengue Virus Infection","13","213","375","10908","6.22e-2","1.55e-1","1.78","1.00e+0","1.05e-1","3.26e-2","R-HSA-9839923~Dengue Virus Infection","SF3B3,PDCD6IP,EIF4A3,PIK3R4,RRBP1,IPO7,MTOR,SNRPD1,DHX16,SNRPD3,RPS27A,UBA52,EIF4G1"
"REACTOME_PATHWAY","Recruitment of mitotic centrosome proteins and complexes","5","213","77","10908","6.27e-2","1.55e-1","3.33","1.00e+0","1.05e-1","1.72e-2","R-HSA-380270~Recruitment of mitotic centrosome proteins and complexes","MZT2A,NME7,HAUS4,DYNLL1,CKAP5"
"REACTOME_PATHWAY","Centrosome maturation","5","213","77","10908","6.27e-2","1.55e-1","3.33","1.00e+0","1.05e-1","1.72e-2","R-HSA-380287~Centrosome maturation","MZT2A,NME7,HAUS4,DYNLL1,CKAP5"
"REACTOME_PATHWAY","Cyclin D associated events in G1","4","213","47","10908","6.29e-2","1.55e-1","4.36","1.00e+0","1.05e-1","1.31e-2","R-HSA-69231~Cyclin D associated events in G1","PPP2R1B,RPS27A,UBA52,CKS1B"
"REACTOME_PATHWAY","G1 Phase","4","213","47","10908","6.29e-2","1.55e-1","4.36","1.00e+0","1.05e-1","1.31e-2","R-HSA-69236~G1 Phase","PPP2R1B,RPS27A,UBA52,CKS1B"
"REACTOME_PATHWAY","Gap junction trafficking and regulation","4","213","48","10908","6.62e-2","1.62e-1","4.27","1.00e+0","1.10e-1","1.41e-2","R-HSA-157858~Gap junction trafficking and regulation","CLTC,ACTB,ACTG1,TUBA8"
"REACTOME_PATHWAY","NOTCH1 Intracellular Domain Regulates Transcription","4","213","48","10908","6.62e-2","1.62e-1","4.27","1.00e+0","1.10e-1","1.41e-2","R-HSA-2122947~NOTCH1 Intracellular Domain Regulates Transcription","MYC,RPS27A,UBA52,RBX1"
"REACTOME_PATHWAY","JNK (c-Jun kinases) phosphorylation and  activation mediated by activated human TAK1","3","213","22","10908","6.73e-2","1.65e-1","6.98","1.00e+0","1.11e-1","8.60e-3","R-HSA-450321~JNK (c-Jun kinases) phosphorylation and  activation mediated by activated human TAK1","UBE2V1,RPS27A,UBA52"
"REACTOME_PATHWAY","Eukaryotic Translation Elongation","5","213","79","10908","6.76e-2","1.65e-1","3.24","1.00e+0","1.11e-1","1.90e-2","R-HSA-156842~Eukaryotic Translation Elongation","EEF1B2,RPL11,RPL38,RPS27A,UBA52"
"REACTOME_PATHWAY","Selenocysteine synthesis","5","213","79","10908","6.76e-2","1.65e-1","3.24","1.00e+0","1.11e-1","1.90e-2","R-HSA-2408557~Selenocysteine synthesis","SARS1,RPL11,RPL38,RPS27A,UBA52"
"REACTOME_PATHWAY","COPI-independent Golgi-to-ER retrograde traffic","4","213","49","10908","6.95e-2","1.69e-1","4.18","1.00e+0","1.14e-1","1.51e-2","R-HSA-6811436~COPI-independent Golgi-to-ER retrograde traffic","DYNC1LI2,CAPZB,DYNLL1,TUBA8"
"GOTERM_BP_DIRECT","regulation of cell cycle","8","245","242","16251","7.27e-2","6.56e-1","2.19","1.00e+0","6.27e-1","3.07e-2","GO:0051726~regulation of cell cycle","GADD45B,KAT5,ACTL6A,RUVBL1,LIN9,ACTB,CDKN3,RBX1"
"REACTOME_PATHWAY","Telomere Extension By Telomerase","3","213","23","10908","7.28e-2","1.75e-1","6.68","1.00e+0","1.19e-1","9.75e-3","R-HSA-171319~Telomere Extension By Telomerase","RTEL1,RUVBL1,POT1"
"REACTOME_PATHWAY","RHOBTB2 GTPase cycle","3","213","23","10908","7.28e-2","1.75e-1","6.68","1.00e+0","1.19e-1","9.75e-3","R-HSA-9013418~RHOBTB2 GTPase cycle","CCT6A,CCT2,ACTG1"
"REACTOME_PATHWAY","activated TAK1 mediates p38 MAPK activation","3","213","23","10908","7.28e-2","1.75e-1","6.68","1.00e+0","1.19e-1","9.75e-3","R-HSA-450302~activated TAK1 mediates p38 MAPK activation","UBE2V1,RPS27A,UBA52"
"GOTERM_BP_DIRECT","cholesterol storage","2","245","5","16251","7.29e-2","6.56e-1","26.53","1.00e+0","6.27e-1","2.20e-3","GO:0010878~cholesterol storage","SOAT1,SOAT2"
"GOTERM_BP_DIRECT","macrophage derived foam cell differentiation","2","245","5","16251","7.29e-2","6.56e-1","26.53","1.00e+0","6.27e-1","2.20e-3","GO:0010742~macrophage derived foam cell differentiation","SOAT1,SOAT2"
"GOTERM_BP_DIRECT","mitotic DNA replication initiation","2","245","5","16251","7.29e-2","6.56e-1","26.53","1.00e+0","6.27e-1","2.20e-3","GO:1902975~mitotic DNA replication initiation","MCM4,MCM2"
"GOTERM_BP_DIRECT","scaRNA localization to Cajal body","2","245","5","16251","7.29e-2","6.56e-1","26.53","1.00e+0","6.27e-1","2.20e-3","GO:0090666~scaRNA localization to Cajal body","CCT2,TCP1"
"REACTOME_PATHWAY","mRNA 3'-end processing","7","213","151","10908","7.41e-2","1.78e-1","2.37","1.00e+0","1.20e-1","2.86e-2","R-HSA-72187~mRNA 3'-end processing","SF3B3,SNRPD1,EIF4A3,SNRPD3,RPS27A,UBA52,THOC6"
"GOTERM_BP_DIRECT","positive regulation of viral genome replication","3","245","30","16251","7.42e-2","6.58e-1","6.63","1.00e+0","6.29e-1","1.02e-2","GO:0045070~positive regulation of viral genome replication","DDB1,RAD23A,PPID"
"GOTERM_BP_DIRECT","regulation of nucleotide-excision repair","3","245","30","16251","7.42e-2","6.58e-1","6.63","1.00e+0","6.29e-1","1.02e-2","GO:2000819~regulation of nucleotide-excision repair","PBRM1,ACTL6A,ACTB"
"REACTOME_PATHWAY","Maturation of protein E","2","213","4","10908","7.55e-2","1.81e-1","25.61","1.00e+0","1.22e-1","2.22e-3","R-HSA-9694493~Maturation of protein E","RPS27A,UBA52"
"REACTOME_PATHWAY","Maturation of protein E","2","213","4","10908","7.55e-2","1.81e-1","25.61","1.00e+0","1.22e-1","2.22e-3","R-HSA-9683683~Maturation of protein E","RPS27A,UBA52"
"REACTOME_PATHWAY","ER to Golgi Anterograde Transport","7","213","152","10908","7.60e-2","1.81e-1","2.36","1.00e+0","1.23e-1","2.95e-2","R-HSA-199977~ER to Golgi Anterograde Transport","NAPA,COPB2,DYNC1LI2,CAPZB,ARFGAP3,DYNLL1,TUBA8"
"GOTERM_BP_DIRECT","regulation of DNA repair","4","245","66","16251","7.69e-2","6.77e-1","4.02","1.00e+0","6.47e-1","1.75e-2","GO:0006282~regulation of DNA repair","SF3B3,ACTL6A,RUVBL1,UBE2V1"
"GOTERM_BP_DIRECT","regulation of mitotic cell cycle","4","245","68","16251","8.24e-2","7.21e-1","3.90","1.00e+0","6.89e-1","1.93e-2","GO:0007346~regulation of mitotic cell cycle","CDC26,ANAPC10,RBX1,CKS1B"
"GOTERM_BP_DIRECT","intra-Golgi vesicle-mediated transport","3","245","32","16251","8.30e-2","7.21e-1","6.22","1.00e+0","6.89e-1","1.22e-2","GO:0006891~intra-Golgi vesicle-mediated transport","NAPA,GABARAPL2,COPB2"
"REACTOME_PATHWAY","Fcgamma receptor (FCGR) dependent phagocytosis","5","213","85","10908","8.35e-2","1.98e-1","3.01","1.00e+0","1.34e-1","2.52e-2","R-HSA-2029480~Fcgamma receptor (FCGR) dependent phagocytosis","ARPC2,ARPC3,ARPC1A,ACTB,ACTG1"
"REACTOME_PATHWAY","Amino acids regulate mTORC1","4","213","53","10908","8.36e-2","1.98e-1","3.87","1.00e+0","1.34e-1","1.96e-2","R-HSA-9639288~Amino acids regulate mTORC1","SEH1L,ATP6V1E1,MTOR,ATP6V1F"
"REACTOME_PATHWAY","HSP90 chaperone cycle for steroid hormone receptors (SHR) in the presence of ligand","4","213","53","10908","8.36e-2","1.98e-1","3.87","1.00e+0","1.34e-1","1.96e-2","R-HSA-3371497~HSP90 chaperone cycle for steroid hormone receptors (SHR) in the presence of ligand","DYNC1LI2,CAPZB,DYNLL1,TUBA8"
"GOTERM_BP_DIRECT","cell cycle phase transition","2","245","6","16251","8.68e-2","7.38e-1","22.11","1.00e+0","7.06e-1","3.26e-3","GO:0044770~cell cycle phase transition","UPF1,UBE2L3"
"GOTERM_BP_DIRECT","DNA replication, synthesis of primer","2","245","6","16251","8.68e-2","7.38e-1","22.11","1.00e+0","7.06e-1","3.26e-3","GO:0006269~DNA replication, synthesis of primer","POLA2,PRIM1"
"GOTERM_BP_DIRECT","regulation of membrane permeability","2","245","6","16251","8.68e-2","7.38e-1","22.11","1.00e+0","7.06e-1","3.26e-3","GO:0090559~regulation of membrane permeability","PDCD6IP,MTOR"
"GOTERM_BP_DIRECT","protein import into nucleus","5","245","112","16251","8.83e-2","7.46e-1","2.96","1.00e+0","7.13e-1","2.73e-2","GO:0006606~protein import into nucleus","POLA2,IPO7,RAN,IPO5,STK3"
"REACTOME_PATHWAY","Formation of a pool of free 40S subunits","5","213","87","10908","8.91e-2","2.10e-1","2.94","1.00e+0","1.42e-1","2.75e-2","R-HSA-72689~Formation of a pool of free 40S subunits","RPL11,EIF3G,RPL38,RPS27A,UBA52"
"REACTOME_PATHWAY","SARS-CoV-2 activates/modulates innate and adaptive immune responses","6","213","122","10908","8.92e-2","2.10e-1","2.52","1.00e+0","1.42e-1","3.23e-2","R-HSA-9705671~SARS-CoV-2 activates/modulates innate and adaptive immune responses","SEH1L,PIK3R4,NUP43,UBE2V1,RPS27A,UBA52"
"REACTOME_PATHWAY","Signaling by TGFB family members","7","213","159","10908","8.98e-2","2.11e-1","2.25","1.00e+0","1.42e-1","3.63e-2","R-HSA-9006936~Signaling by TGFB family members","PPP1CC,CCNT2,MYC,UBE2D3,UBE2D1,RPS27A,UBA52"
"REACTOME_PATHWAY","Downregulation of TGF-beta receptor signaling","3","213","26","10908","9.01e-2","2.11e-1","5.91","1.00e+0","1.42e-1","1.37e-2","R-HSA-2173788~Downregulation of TGF-beta receptor signaling","PPP1CC,RPS27A,UBA52"
"REACTOME_PATHWAY","Postmitotic nuclear pore complex (NPC) reformation","3","213","26","10908","9.01e-2","2.11e-1","5.91","1.00e+0","1.42e-1","1.37e-2","R-HSA-9615933~Postmitotic nuclear pore complex (NPC) reformation","SEH1L,NUP43,RAN"
"REACTOME_PATHWAY","Protein localization","7","213","160","10908","9.18e-2","2.14e-1","2.24","1.00e+0","1.45e-1","3.74e-2","R-HSA-9609507~Protein localization","TIMM10B,UBE2D3,UBE2D1,TIMM10,GET3,RPS27A,UBA52"
"GOTERM_BP_DIRECT","homologous chromosome pairing at meiosis","3","245","34","16251","9.21e-2","7.73e-1","5.85","1.00e+0","7.39e-1","1.44e-2","GO:0007129~homologous chromosome pairing at meiosis","FANCD2,DMC1,TEX12"
"REACTOME_PATHWAY","Intra-Golgi and retrograde Golgi-to-ER traffic","8","213","199","10908","9.34e-2","2.17e-1","2.06","1.00e+0","1.47e-1","4.15e-2","R-HSA-6811442~Intra-Golgi and retrograde Golgi-to-ER traffic","NAPA,COPB2,DYNC1LI2,CAPZB,BNIP1,ARFGAP3,DYNLL1,TUBA8"
"REACTOME_PATHWAY","Senescence-Associated Secretory Phenotype (SASP)","5","213","89","10908","9.50e-2","2.20e-1","2.88","1.00e+0","1.49e-1","3.00e-2","R-HSA-2559582~Senescence-Associated Secretory Phenotype (SASP)","CDC26,UBE2D1,RPS27A,UBA52,ANAPC10"
"GOTERM_BP_DIRECT","DNA biosynthetic process","3","245","35","16251","9.67e-2","8.06e-1","5.69","1.00e+0","7.71e-1","1.55e-2","GO:0071897~DNA biosynthetic process","POLD2,POLK,LIN9"
"REACTOME_PATHWAY","Signaling by NOTCH1 in Cancer","4","213","57","10908","9.89e-2","2.27e-1","3.59","1.00e+0","1.53e-1","2.50e-2","R-HSA-2644603~Signaling by NOTCH1 in Cancer","MYC,RPS27A,UBA52,RBX1"
"REACTOME_PATHWAY","Constitutive Signaling by NOTCH1 HD+PEST Domain Mutants","4","213","57","10908","9.89e-2","2.27e-1","3.59","1.00e+0","1.53e-1","2.50e-2","R-HSA-2894862~Constitutive Signaling by NOTCH1 HD+PEST Domain Mutants","MYC,RPS27A,UBA52,RBX1"
"REACTOME_PATHWAY","Signaling by NOTCH1 HD+PEST Domain Mutants in Cancer","4","213","57","10908","9.89e-2","2.27e-1","3.59","1.00e+0","1.53e-1","2.50e-2","R-HSA-2894858~Signaling by NOTCH1 HD+PEST Domain Mutants in Cancer","MYC,RPS27A,UBA52,RBX1"
"REACTOME_PATHWAY","Signaling by NOTCH1 PEST Domain Mutants in Cancer","4","213","57","10908","9.89e-2","2.27e-1","3.59","1.00e+0","1.53e-1","2.50e-2","R-HSA-2644602~Signaling by NOTCH1 PEST Domain Mutants in Cancer","MYC,RPS27A,UBA52,RBX1"
"REACTOME_PATHWAY","Constitutive Signaling by NOTCH1 PEST Domain Mutants","4","213","57","10908","9.89e-2","2.27e-1","3.59","1.00e+0","1.53e-1","2.50e-2","R-HSA-2644606~Constitutive Signaling by NOTCH1 PEST Domain Mutants","MYC,RPS27A,UBA52,RBX1"

