Category,Term,Count,List Total,Pop Hits,Pop Total,P-Value,Benjamini,Fold Enrichment,Bonferroni,FDR,Fisher Exact,Full Term,User Ids,Theme,minus_log10_Benjamini
REACTOME_PATHWAY,Cell Cycle,86,213,652,10908,2.62e-49,2.4699999999999998e-46,6.75,2.4599999999999997e-46,1.67e-46,3.44e-50,R-HSA-1640170~Cell Cycle,"TOP2A,FEN1,DSCC1,UBE2D1,CHTF18,CKS1B,PSMD8,PPP1CC,PSMD6,PSMD7,PPP2R1B,KAT5,EXO1,MYC,CDC26,RUVBL1,PSMD3,NUF2,PSMD1,RFC5,RMI2,RFC3,RFC2,HAUS4,PPP2R5B,TEX12,HUS1,ESCO2,DYNLL1,CKAP5,RBX1,PSMA6,MZT2A,PSMA3,DYNC1LI2,PSMA4,PSMA1,PSMA2,NME7,DMC1,POT1,MCM4,MCM6,UBA52,MCM2,RTEL1,PSMD12,SEH1L,SET,PSMD11,PCNA,PSMD14,PSMD13,PRIM1,LIN9,CENPA,ANAPC10,AURKA,PSMB6,PSMB7,PSMB4,WRN,PSMB5,PSMB3,ORC2,POLD2,PSMB1,NUP43,BUB3,RPS27A,STN1,RPA2,CDC6,PSMC5,POLA2,TEN1,POLE2,PSMC1,PSMC2,RPA4,RAD17,NCAPD3,CENPQ,RAN,TUBA8,MAD2L1",Cell cycle & mitosis,45.607303046740334
REACTOME_PATHWAY,Synthesis of DNA,44,213,106,10908,1.02e-46,4.8e-44,21.26,9.6e-44,3.25e-44,2.9099999999999996e-48,R-HSA-69239~Synthesis of DNA,"PSMD12,FEN1,PSMD11,PCNA,PSMD14,PSMD13,PRIM1,UBE2D1,ANAPC10,PSMD8,PSMB6,PSMB7,PSMD6,PSMB4,PSMD7,PSMB5,PSMB3,CDC26,ORC2,PSMD3,POLD2,PSMB1,PSMD1,RPS27A,RFC5,RFC3,RFC2,RPA2,CDC6,RBX1,PSMA6,PSMC5,POLA2,PSMA3,PSMA4,PSMA1,PSMA2,PSMC1,POLE2,PSMC2,MCM4,MCM6,UBA52,MCM2",DNA replication & repair,43.31875876262441
REACTOME_PATHWAY,S Phase,48,213,148,10908,3.6e-45,1.13e-42,16.61,3.38e-42,7.64e-43,1.51e-46,R-HSA-69242~S Phase,"PSMD12,FEN1,PSMD11,PCNA,PSMD14,PSMD13,PRIM1,UBE2D1,LIN9,ANAPC10,CKS1B,PSMD8,PSMB6,PSMB7,PSMD6,PSMB4,PSMD7,PSMB5,PSMB3,MYC,CDC26,ORC2,PSMD3,POLD2,PSMB1,PSMD1,RPS27A,RFC5,RFC3,RFC2,RPA2,ESCO2,CDC6,RBX1,PSMA6,PSMC5,POLA2,PSMA3,PSMA4,PSMA1,PSMA2,PSMC1,POLE2,PSMC2,MCM4,MCM6,UBA52,MCM2",Cell cycle & mitosis,41.94692155651658
REACTOME_PATHWAY,Cell Cycle Checkpoints,57,213,274,10908,2.5199999999999998e-42,5.94e-40,10.65,2.37e-39,4.0199999999999995e-40,1.92e-43,R-HSA-69620~Cell Cycle Checkpoints,"UBE2D1,PSMD8,PPP1CC,PSMD6,PSMD7,PPP2R1B,KAT5,EXO1,CDC26,PSMD3,NUF2,PSMD1,RFC5,RMI2,RFC3,RFC2,PPP2R5B,HUS1,DYNLL1,CKAP5,RBX1,PSMA6,PSMA3,DYNC1LI2,PSMA4,PSMA1,PSMA2,MCM4,MCM6,UBA52,MCM2,PSMD12,SEH1L,PSMD11,PSMD14,PSMD13,CENPA,ANAPC10,PSMB6,PSMB7,PSMB4,WRN,PSMB5,PSMB3,ORC2,PSMB1,NUP43,BUB3,RPS27A,RPA2,CDC6,PSMC5,PSMC1,PSMC2,RAD17,CENPQ,MAD2L1",Cell cycle & mitosis,39.22621355501881
REACTOME_PATHWAY,"Cell Cycle, Mitotic",71,213,519,10908,8.66e-41,1.63e-38,7.01,8.15e-38,1.0999999999999999e-38,1.0899999999999999e-41,"R-HSA-69278~Cell Cycle, Mitotic","TOP2A,FEN1,UBE2D1,CKS1B,PSMD8,PPP1CC,PSMD6,PSMD7,PPP2R1B,MYC,CDC26,PSMD3,NUF2,PSMD1,RFC5,RFC3,RFC2,HAUS4,PPP2R5B,ESCO2,DYNLL1,CKAP5,RBX1,PSMA6,MZT2A,PSMA3,DYNC1LI2,PSMA4,PSMA1,PSMA2,NME7,MCM4,MCM6,UBA52,MCM2,PSMD12,SEH1L,SET,PSMD11,PCNA,PSMD14,PSMD13,PRIM1,LIN9,CENPA,ANAPC10,AURKA,PSMB6,PSMB7,PSMB4,PSMB5,PSMB3,ORC2,POLD2,PSMB1,NUP43,BUB3,RPS27A,RPA2,CDC6,PSMC5,POLA2,POLE2,PSMC1,PSMC2,RPA4,NCAPD3,CENPQ,RAN,TUBA8,MAD2L1",Cell cycle & mitosis,37.78781239559604
REACTOME_PATHWAY,DNA Replication,45,213,160,10908,3.79e-39,5.950000000000001e-37,14.4,3.57e-36,4.02e-37,1.95e-40,R-HSA-69306~DNA Replication,"PSMD12,FEN1,PSMD11,PCNA,PSMD14,PSMD13,PRIM1,UBE2D1,ANAPC10,PSMD8,PSMB6,PSMB7,PSMD6,PSMB4,PSMD7,PSMB5,PSMB3,CDC26,ORC2,PSMD3,POLD2,PSMB1,PSMD1,RPS27A,RFC5,RFC3,RFC2,RPA2,CDC6,RBX1,PSMA6,PSMC5,POLA2,PSMA3,PSMA4,PSMA1,PSMA2,PSMC1,POLE2,PSMC2,RPA4,MCM4,MCM6,UBA52,MCM2",DNA replication & repair,36.22548303427145
REACTOME_PATHWAY,G1/S Transition,40,213,120,10908,7.1e-38,9.56e-36,17.07,6.68e-35,6.46e-36,2.86e-39,R-HSA-69206~G1/S Transition,"PSMD12,PSMD11,PCNA,PSMD14,PSMD13,PRIM1,LIN9,CKS1B,PSMD8,PSMB6,PSMB7,PSMD6,PSMB4,PSMD7,PSMB5,PPP2R1B,PSMB3,MYC,ORC2,PSMD3,PSMB1,PSMD1,RPS27A,RPA2,CDC6,PSMA6,PSMC5,POLA2,PSMA3,PSMA4,PSMA1,PSMA2,PSMC1,POLE2,PSMC2,RPA4,MCM4,MCM6,UBA52,MCM2",Cell cycle & mitosis,35.0195421077239
REACTOME_PATHWAY,Proteasome assembly,30,213,50,10908,1.5400000000000002e-37,1.81e-35,30.73,1.4499999999999999e-34,1.22e-35,2.14e-39,R-HSA-9907900~Proteasome assembly,"PSMD12,PSMD11,PSMD14,PSMD13,PSMB10,PSMD8,PSMB6,PSMB7,PSMD6,PSMB4,PSMD7,PSMB5,PSMD4,PSMD5,PSMB3,PSMD3,PSMB1,PSMD1,PSMB9,PSMA6,PSMC5,PSMA3,PSMA4,PSMA1,PSMA2,PSMC1,PSME3,PSMC2,PSME1,PSMG2",Ubiquitin-mediated protein degradation,34.74232142513082
REACTOME_PATHWAY,Vif-mediated degradation of APOBEC3G,28,213,41,10908,3.1400000000000003e-37,3.2900000000000003e-35,34.97,2.96e-34,2.23e-35,3.13e-39,R-HSA-180585~Vif-mediated degradation of APOBEC3G,"PSMD12,PSMD11,CUL5,PSMD14,PSMD13,PSMD8,PSMB6,PSMB7,PSMD6,PSMB4,PSMD7,PSMB5,PSMB3,PSMD3,PSMB1,PSMD1,ELOC,RPS27A,RBX1,PSMA6,PSMC5,PSMA3,PSMA4,PSMA1,PSMA2,PSMC1,PSMC2,UBA52",Immune response & host–pathogen interactions,34.482804102050025
REACTOME_PATHWAY,Orc1 removal from chromatin,31,213,58,10908,9.94e-37,9.36e-35,27.37,9.35e-34,6.33e-35,1.7899999999999998e-38,R-HSA-68949~Orc1 removal from chromatin,"PSMD12,PSMD11,PSMD14,PSMD13,PSMD8,PSMB6,PSMB7,PSMD6,PSMB4,PSMD7,PSMB5,PSMB3,ORC2,PSMD3,PSMB1,PSMD1,RPS27A,CDC6,RBX1,PSMA6,PSMC5,PSMA3,PSMA4,PSMA1,PSMA2,PSMC1,PSMC2,MCM4,MCM6,UBA52,MCM2",DNA replication & repair,34.0287241512619
REACTOME_PATHWAY,Switching of origins to a post-replicative state,34,213,78,10908,1.3e-36,1.08e-34,22.32,1.2300000000000001e-33,7.310000000000001e-35,3.44e-38,R-HSA-69052~Switching of origins to a post-replicative state,"PSMD12,PSMD11,PSMD14,PSMD13,UBE2D1,ANAPC10,PSMD8,PSMB6,PSMB7,PSMD6,PSMB4,PSMD7,PSMB5,PSMB3,CDC26,ORC2,PSMD3,PSMB1,PSMD1,RPS27A,CDC6,RBX1,PSMA6,PSMC5,PSMA3,PSMA4,PSMA1,PSMA2,PSMC1,PSMC2,MCM4,MCM6,UBA52,MCM2",DNA replication & repair,33.96657624451305
REACTOME_PATHWAY,Mitotic G1 phase and G1/S transition,41,213,138,10908,1.38e-36,1.08e-34,15.21,1.3e-33,7.310000000000001e-35,6.56e-38,R-HSA-453279~Mitotic G1 phase and G1/S transition,"TOP2A,PSMD12,PSMD11,PCNA,PSMD14,PSMD13,PRIM1,LIN9,CKS1B,PSMD8,PSMB6,PSMB7,PSMD6,PSMB4,PSMD7,PSMB5,PPP2R1B,PSMB3,MYC,ORC2,PSMD3,PSMB1,PSMD1,RPS27A,RPA2,CDC6,PSMA6,PSMC5,POLA2,PSMA3,PSMA4,PSMA1,PSMA2,PSMC1,POLE2,PSMC2,RPA4,MCM4,MCM6,UBA52,MCM2",Cell cycle & mitosis,33.96657624451305
GOTERM_BP_DIRECT,cellular response to type I interferon,25,245,36,16251,5.78e-36,7.180000000000001e-33,46.06,7.19e-33,6.86e-33,4.2499999999999997e-38,GO:0071357~cellular response to type I interferon,"PSMD12,PSMD11,PSMD14,PSMD13,PSMD8,PSMB6,PSMB7,PSMD6,PSMB4,PSMD7,PSMB5,PSMD4,PSMB3,PSMD3,PSMB1,PSMD1,PSMA6,PSMC5,PSMA3,PSMA4,PSMA1,PSMA2,PSMC1,PSMC2,PSME1",,32.1438755557577
REACTOME_PATHWAY,FBXL7 down-regulates AURKA during mitotic entry and in early mitosis,27,213,42,10908,8.390000000000001e-35,6.08e-33,32.92,7.89e-32,4.11e-33,9.9e-37,R-HSA-8854050~FBXL7 down-regulates AURKA during mitotic entry and in early mitosis,"PSMD12,PSMD11,PSMD14,PSMD13,AURKA,PSMD8,PSMB6,PSMB7,PSMD6,PSMB4,PSMD7,PSMB5,PSMB3,PSMD3,PSMB1,PSMD1,RPS27A,RBX1,PSMA6,PSMC5,PSMA3,PSMA4,PSMA1,PSMA2,PSMC1,PSMC2,UBA52",Cell cycle & mitosis,32.21609642072727
REACTOME_PATHWAY,Oxygen-dependent proline hydroxylation of Hypoxia-inducible Factor Alpha,29,213,53,10908,1.14e-34,6.91e-33,28.02,1.07e-31,4.67e-33,1.95e-36,R-HSA-1234176~Oxygen-dependent proline hydroxylation of Hypoxia-inducible Factor Alpha,"PSMD12,PSMD11,PSMD14,PSMD13,UBE2D3,UBE2D1,PSMD8,PSMB6,PSMB7,PSMD6,PSMB4,PSMD7,PSMB5,PSMB3,PSMD3,PSMB1,PSMD1,ELOC,RPS27A,RBX1,PSMA6,PSMC5,PSMA3,PSMA4,PSMA1,PSMA2,PSMC1,PSMC2,UBA52",Cell signaling,32.1605219526258
REACTOME_PATHWAY,Cdc20:Phospho-APC/C mediated degradation of Cyclin A,30,213,59,10908,1.1599999999999999e-34,6.91e-33,26.04,1.09e-31,4.67e-33,2.31e-36,R-HSA-174184~Cdc20:Phospho-APC/C mediated degradation of Cyclin A,"PSMD12,PSMD11,PSMD14,PSMD13,UBE2D1,ANAPC10,PSMD8,PSMB6,PSMB7,PSMD6,PSMB4,PSMD7,PSMB5,PSMB3,CDC26,PSMD3,PSMB1,PSMD1,BUB3,RPS27A,PSMA6,PSMC5,PSMA3,PSMA4,PSMA1,PSMA2,PSMC1,PSMC2,UBA52,MAD2L1",Cell cycle & mitosis,32.1605219526258
REACTOME_PATHWAY,G2/M Checkpoints,40,213,142,10908,1.1699999999999999e-34,6.91e-33,14.43,1.1e-31,4.67e-33,6.02e-36,R-HSA-69481~G2/M Checkpoints,"PSMD12,PSMD11,PSMD14,PSMD13,PSMD8,PSMB6,PSMB7,PSMD6,PSMB4,WRN,PSMD7,PSMB5,KAT5,EXO1,PSMB3,ORC2,PSMD3,PSMB1,PSMD1,RPS27A,RFC5,RFC3,RMI2,RFC2,HUS1,RPA2,CDC6,PSMA6,PSMC5,PSMA3,PSMA4,PSMA1,PSMA2,PSMC1,PSMC2,MCM4,RAD17,MCM6,UBA52,MCM2",Cell cycle & mitosis,32.1605219526258
REACTOME_PATHWAY,APC:Cdc20 mediated degradation of cell cycle proteins prior to satisfation of the cell cycle checkpoint,30,213,60,10908,2.2099999999999997e-34,1.22e-32,25.61,2.0800000000000002e-31,8.26e-33,4.5400000000000004e-36,R-HSA-179419~APC:Cdc20 mediated degradation of cell cycle proteins prior to satisfation of the cell cycle checkpoint,"PSMD12,PSMD11,PSMD14,PSMD13,UBE2D1,ANAPC10,PSMD8,PSMB6,PSMB7,PSMD6,PSMB4,PSMD7,PSMB5,PSMB3,CDC26,PSMD3,PSMB1,PSMD1,BUB3,RPS27A,PSMA6,PSMC5,PSMA3,PSMA4,PSMA1,PSMA2,PSMC1,PSMC2,UBA52,MAD2L1",Cell cycle & mitosis,31.91364016932525
REACTOME_PATHWAY,DNA Replication Pre-Initiation,38,213,126,10908,4.4e-34,2.3e-32,15.44,4.14e-31,1.5600000000000002e-32,2.05e-35,R-HSA-69002~DNA Replication Pre-Initiation,"PSMD12,PSMD11,PSMD14,PSMD13,PRIM1,UBE2D1,ANAPC10,PSMD8,PSMB6,PSMB7,PSMD6,PSMB4,PSMD7,PSMB5,PSMB3,CDC26,ORC2,PSMD3,PSMB1,PSMD1,RPS27A,RPA2,CDC6,PSMA6,PSMC5,POLA2,PSMA3,PSMA4,PSMA1,PSMA2,PSMC1,POLE2,PSMC2,RPA4,MCM4,MCM6,UBA52,MCM2",DNA replication & repair,31.638272163982407
REACTOME_PATHWAY,APC/C:Cdc20 mediated degradation of mitotic proteins,30,213,62,10908,7.63e-34,3.79e-32,24.78,7.18e-31,2.5600000000000004e-32,1.67e-35,R-HSA-176409~APC/C:Cdc20 mediated degradation of mitotic proteins,"PSMD12,PSMD11,PSMD14,PSMD13,UBE2D1,ANAPC10,PSMD8,PSMB6,PSMB7,PSMD6,PSMB4,PSMD7,PSMB5,PSMB3,CDC26,PSMD3,PSMB1,PSMD1,BUB3,RPS27A,PSMA6,PSMC5,PSMA3,PSMA4,PSMA1,PSMA2,PSMC1,PSMC2,UBA52,MAD2L1",Cell cycle & mitosis,31.421360790031926
REACTOME_PATHWAY,Activation of APC/C and APC/C:Cdc20 mediated degradation of mitotic proteins,30,213,63,10908,1.39e-33,6.28e-32,24.39,1.3099999999999999e-30,4.25e-32,3.14e-35,R-HSA-176814~Activation of APC/C and APC/C:Cdc20 mediated degradation of mitotic proteins,"PSMD12,PSMD11,PSMD14,PSMD13,UBE2D1,ANAPC10,PSMD8,PSMB6,PSMB7,PSMD6,PSMB4,PSMD7,PSMB5,PSMB3,CDC26,PSMD3,PSMB1,PSMD1,BUB3,RPS27A,PSMA6,PSMC5,PSMA3,PSMA4,PSMA1,PSMA2,PSMC1,PSMC2,UBA52,MAD2L1",Cell cycle & mitosis,31.202040356262803
REACTOME_PATHWAY,Separation of Sister Chromatids,42,213,173,10908,1.4000000000000001e-33,6.28e-32,12.43,1.32e-30,4.25e-32,8.76e-35,R-HSA-2467813~Separation of Sister Chromatids,"PSMD12,SEH1L,PSMD11,PSMD14,PSMD13,UBE2D1,CENPA,ANAPC10,PSMD8,PSMB6,PPP1CC,PSMB7,PSMD6,PSMB4,PSMD7,PSMB5,PPP2R1B,PSMB3,CDC26,PSMD3,NUF2,PSMB1,PSMD1,NUP43,BUB3,RPS27A,PPP2R5B,DYNLL1,CKAP5,PSMA6,PSMC5,PSMA3,DYNC1LI2,PSMA4,PSMA1,PSMA2,PSMC1,PSMC2,UBA52,CENPQ,TUBA8,MAD2L1",Cell cycle & mitosis,31.202040356262803
REACTOME_PATHWAY,Cross-presentation of soluble exogenous antigens (endosomes),26,213,41,10908,3.02e-33,1.2900000000000001e-31,32.48,2.84e-30,8.740000000000001e-32,3.7000000000000004e-35,R-HSA-1236978~Cross-presentation of soluble exogenous antigens (endosomes),"PSMD12,PSMD11,PSMD14,PSMD13,PSMB10,PSMD8,PSMB6,PSMB7,PSMD6,PSMB4,PSMD7,PSMB5,PSMB3,PSMD3,PSMB1,PSMD1,PSMB9,PSMA6,PSMC5,PSMA3,PSMA4,PSMA1,PSMA2,PSMC1,PSMC2,PSME1",Immune response & host–pathogen interactions,30.889410289700752
GOTERM_BP_DIRECT,regulation of proteasomal protein catabolic process,27,245,56,16251,4.41e-33,2.74e-30,31.98,5.48e-30,2.6199999999999997e-30,7.5e-35,GO:0061136~regulation of proteasomal protein catabolic process,"PSMD12,PSMD11,PSMD14,PSMD13,PSMD8,PSMB6,PSMB7,PSMD6,PSMB4,PSMD7,PSMB5,PSMD4,PSMB3,PSMD3,PSMB1,PSMD1,RAD23A,PSMA6,PSMC5,PSMA3,PSMA4,PSMA1,PSMA2,PSMC1,PSME3,PSMC2,PSME1",,29.562249437179613
REACTOME_PATHWAY,CDK-mediated phosphorylation and removal of Cdc6,29,213,59,10908,6.29e-33,2.49e-31,25.17,5.9099999999999994e-30,1.69e-31,1.3399999999999998e-34,R-HSA-69017~CDK-mediated phosphorylation and removal of Cdc6,"PSMD12,PSMD11,PSMD14,PSMD13,UBE2D1,ANAPC10,PSMD8,PSMB6,PSMB7,PSMD6,PSMB4,PSMD7,PSMB5,PSMB3,CDC26,PSMD3,PSMB1,PSMD1,RPS27A,CDC6,PSMA6,PSMC5,PSMA3,PSMA4,PSMA1,PSMA2,PSMC1,PSMC2,UBA52",Cell cycle & mitosis,30.603800652904265
REACTOME_PATHWAY,Regulation of activated PAK-2p34 by proteasome mediated degradation,25,213,37,10908,6.35e-33,2.49e-31,34.6,5.98e-30,1.69e-31,6.580000000000001e-35,R-HSA-211733~Regulation of activated PAK-2p34 by proteasome mediated degradation,"PSMD12,PSMD11,PSMD14,PSMD13,PSMD8,PSMB6,PSMB7,PSMD6,PSMB4,PSMD7,PSMB5,PSMB3,PSMD3,PSMB1,PSMD1,RPS27A,PSMA6,PSMC5,PSMA3,PSMA4,PSMA1,PSMA2,PSMC1,PSMC2,UBA52",Ubiquitin-mediated protein degradation,30.603800652904265
REACTOME_PATHWAY,Autodegradation of Cdh1 by Cdh1:APC/C,28,213,53,10908,7.07e-33,2.56e-31,27.06,6.649999999999999e-30,1.73e-31,1.31e-34,R-HSA-174084~Autodegradation of Cdh1 by Cdh1:APC/C,"PSMD12,PSMD11,PSMD14,PSMD13,UBE2D1,ANAPC10,PSMD8,PSMB6,PSMB7,PSMD6,PSMB4,PSMD7,PSMB5,PSMB3,CDC26,PSMD3,PSMB1,PSMD1,RPS27A,PSMA6,PSMC5,PSMA3,PSMA4,PSMA1,PSMA2,PSMC1,PSMC2,UBA52",Cell cycle & mitosis,30.59176003468815
REACTOME_PATHWAY,GSK3B and BTRC:CUL1-mediated-degradation of NFE2L2,26,213,42,10908,7.33e-33,2.56e-31,31.7,6.89e-30,1.73e-31,9.54e-35,R-HSA-9762114~GSK3B and BTRC:CUL1-mediated-degradation of NFE2L2,"PSMD12,PSMD11,PSMD14,PSMD13,PSMD8,PSMB6,PSMB7,PSMD6,PSMB4,PSMD7,PSMB5,PSMB3,PSMD3,PSMB1,PSMD1,RPS27A,RBX1,PSMA6,PSMC5,PSMA3,PSMA4,PSMA1,PSMA2,PSMC1,PSMC2,UBA52",Cell signaling,30.59176003468815
REACTOME_PATHWAY,AUF1 (hnRNP D0) binds and destabilizes mRNA,26,213,42,10908,7.33e-33,2.56e-31,31.7,6.89e-30,1.73e-31,9.54e-35,R-HSA-450408~AUF1 (hnRNP D0) binds and destabilizes mRNA,"PSMD12,PSMD11,PSMD14,PSMD13,PSMD8,PSMB6,PSMB7,PSMD6,PSMB4,PSMD7,PSMB5,PSMB3,PSMD3,PSMB1,PSMD1,RPS27A,PSMA6,PSMC5,PSMA3,PSMA4,PSMA1,PSMA2,PSMC1,PSMC2,UBA52,EIF4G1",Protein & RNA homeostasis,30.59176003468815
REACTOME_PATHWAY,APC/C:Cdh1 mediated degradation of Cdc20 and other APC/C:Cdh1 targeted proteins in late mitosis/early G1,29,213,60,10908,1.16e-32,3.7800000000000003e-31,24.75,1.0900000000000001e-29,2.56e-31,2.55e-34,R-HSA-174178~APC/C:Cdh1 mediated degradation of Cdc20 and other APC/C:Cdh1 targeted proteins in late mitosis/early G1,"PSMD12,PSMD11,PSMD14,PSMD13,UBE2D1,ANAPC10,AURKA,PSMD8,PSMB6,PSMB7,PSMD6,PSMB4,PSMD7,PSMB5,PSMB3,CDC26,PSMD3,PSMB1,PSMD1,RPS27A,PSMA6,PSMC5,PSMA3,PSMA4,PSMA1,PSMA2,PSMC1,PSMC2,UBA52",Cell cycle & mitosis,30.422508200162774
REACTOME_PATHWAY,APC/C-mediated degradation of cell cycle proteins,31,213,74,10908,1.22e-32,3.7800000000000003e-31,21.45,1.1500000000000001e-29,2.56e-31,3.4599999999999998e-34,R-HSA-174143~APC/C-mediated degradation of cell cycle proteins,"PSMD12,PSMD11,PSMD14,PSMD13,UBE2D1,ANAPC10,AURKA,PSMD8,PSMB6,PSMB7,PSMD6,PSMB4,PSMD7,PSMB5,PSMB3,CDC26,PSMD3,PSMB1,PSMD1,BUB3,RPS27A,PSMA6,PSMC5,PSMA3,PSMA4,PSMA1,PSMA2,PSMC1,PSMC2,UBA52,MAD2L1",Cell cycle & mitosis,30.422508200162774
REACTOME_PATHWAY,Regulation of mitotic cell cycle,31,213,74,10908,1.22e-32,3.7800000000000003e-31,21.45,1.1500000000000001e-29,2.56e-31,3.4599999999999998e-34,R-HSA-453276~Regulation of mitotic cell cycle,"PSMD12,PSMD11,PSMD14,PSMD13,UBE2D1,ANAPC10,AURKA,PSMD8,PSMB6,PSMB7,PSMD6,PSMB4,PSMD7,PSMB5,PSMB3,CDC26,PSMD3,PSMB1,PSMD1,BUB3,RPS27A,PSMA6,PSMC5,PSMA3,PSMA4,PSMA1,PSMA2,PSMC1,PSMC2,UBA52,MAD2L1",Cell cycle & mitosis,30.422508200162774
REACTOME_PATHWAY,Degradation of CRY and PER proteins,27,213,48,10908,1.24e-32,3.7800000000000003e-31,28.81,1.1700000000000001e-29,2.56e-31,2.02e-34,R-HSA-9932298~Degradation of CRY and PER proteins,"PSMD12,PSMD11,PSMD14,PSMD13,UBE2D1,PSMD8,PSMB6,PSMB7,PSMD6,PSMB4,PSMD7,PSMB5,PSMB3,PSMD3,PSMB1,PSMD1,RPS27A,RBX1,PSMA6,PSMC5,PSMA3,PSMA4,PSMA1,PSMA2,PSMC1,PSMC2,UBA52",Ubiquitin-mediated protein degradation,30.422508200162774
REACTOME_PATHWAY,Regulation of APC/C activators between G1/S and early anaphase,30,213,67,10908,1.3500000000000002e-32,3.97e-31,22.93,1.27e-29,2.68e-31,3.4e-34,R-HSA-176408~Regulation of APC/C activators between G1/S and early anaphase,"PSMD12,PSMD11,PSMD14,PSMD13,UBE2D1,ANAPC10,PSMD8,PSMB6,PSMB7,PSMD6,PSMB4,PSMD7,PSMB5,PSMB3,CDC26,PSMD3,PSMB1,PSMD1,BUB3,RPS27A,PSMA6,PSMC5,PSMA3,PSMA4,PSMA1,PSMA2,PSMC1,PSMC2,UBA52,MAD2L1",Cell cycle & mitosis,30.401209493236884
REACTOME_PATHWAY,APC/C:Cdc20 mediated degradation of Securin,28,213,54,10908,1.39e-32,3.97e-31,26.55,1.31e-29,2.68e-31,2.67e-34,R-HSA-174154~APC/C:Cdc20 mediated degradation of Securin,"PSMD12,PSMD11,PSMD14,PSMD13,UBE2D1,ANAPC10,PSMD8,PSMB6,PSMB7,PSMD6,PSMB4,PSMD7,PSMB5,PSMB3,CDC26,PSMD3,PSMB1,PSMD1,RPS27A,PSMA6,PSMC5,PSMA3,PSMA4,PSMA1,PSMA2,PSMC1,PSMC2,UBA52",Cell cycle & mitosis,30.401209493236884
REACTOME_PATHWAY,Cellular response to hypoxia,29,213,62,10908,3.77e-32,9.97e-31,23.95,3.55e-29,6.74e-31,8.81e-34,R-HSA-1234174~Cellular response to hypoxia,"PSMD12,PSMD11,PSMD14,PSMD13,UBE2D3,UBE2D1,PSMD8,PSMB6,PSMB7,PSMD6,PSMB4,PSMD7,PSMB5,PSMB3,PSMD3,PSMB1,PSMD1,ELOC,RPS27A,RBX1,PSMA6,PSMC5,PSMA3,PSMA4,PSMA1,PSMA2,PSMC1,PSMC2,UBA52",Cell signaling,30.001304841688345
REACTOME_PATHWAY,Negative regulation of NOTCH4 signaling,26,213,44,10908,3.91e-32,9.97e-31,30.26,3.6800000000000003e-29,6.74e-31,5.7e-34,R-HSA-9604323~Negative regulation of NOTCH4 signaling,"PSMD12,PSMD11,PSMD14,PSMD13,PSMD8,PSMB6,PSMB7,PSMD6,PSMB4,PSMD7,PSMB5,PSMB3,PSMD3,PSMB1,PSMD1,RPS27A,RBX1,PSMA6,PSMC5,PSMA3,PSMA4,PSMA1,PSMA2,PSMC1,PSMC2,UBA52",Cell signaling,30.001304841688345
REACTOME_PATHWAY,Degradation of DVL,26,213,44,10908,3.91e-32,9.97e-31,30.26,3.6800000000000003e-29,6.74e-31,5.7e-34,R-HSA-4641258~Degradation of DVL,"PSMD12,PSMD11,PSMD14,PSMD13,PSMD8,PSMB6,PSMB7,PSMD6,PSMB4,PSMD7,PSMB5,PSMB3,PSMD3,PSMB1,PSMD1,RPS27A,RBX1,PSMA6,PSMC5,PSMA3,PSMA4,PSMA1,PSMA2,PSMC1,PSMC2,UBA52",Cell signaling,30.001304841688345
REACTOME_PATHWAY,GSK3B-mediated proteasomal degradation of PD-L1(CD274),26,213,44,10908,3.91e-32,9.97e-31,30.26,3.6800000000000003e-29,6.74e-31,5.7e-34,R-HSA-9929356~GSK3B-mediated proteasomal degradation of PD-L1(CD274),"PSMD12,PSMD11,PSMD14,PSMD13,PSMD8,PSMB6,PSMB7,PSMD6,PSMB4,PSMD7,PSMB5,PSMB3,PSMD3,PSMB1,PSMD1,RPS27A,RBX1,PSMA6,PSMC5,PSMA3,PSMA4,PSMA1,PSMA2,PSMC1,PSMC2,UBA52",Immune response & host–pathogen interactions,30.001304841688345
REACTOME_PATHWAY,Vpu mediated degradation of CD4,25,213,39,10908,4.33e-32,1.02e-30,32.83,4.07e-29,6.89e-31,5.17e-34,R-HSA-180534~Vpu mediated degradation of CD4,"PSMD12,PSMD11,PSMD14,PSMD13,PSMD8,PSMB6,PSMB7,PSMD6,PSMB4,PSMD7,PSMB5,PSMB3,PSMD3,PSMB1,PSMD1,RPS27A,PSMA6,PSMC5,PSMA3,PSMA4,PSMA1,PSMA2,PSMC1,PSMC2,UBA52",Immune response & host–pathogen interactions,29.991399828238084
REACTOME_PATHWAY,Ubiquitin-dependent degradation of Cyclin D,25,213,39,10908,4.33e-32,1.02e-30,32.83,4.07e-29,6.89e-31,5.17e-34,R-HSA-75815~Ubiquitin-dependent degradation of Cyclin D,"PSMD12,PSMD11,PSMD14,PSMD13,PSMD8,PSMB6,PSMB7,PSMD6,PSMB4,PSMD7,PSMB5,PSMB3,PSMD3,PSMB1,PSMD1,RPS27A,PSMA6,PSMC5,PSMA3,PSMA4,PSMA1,PSMA2,PSMC1,PSMC2,UBA52",Cell cycle & mitosis,29.991399828238084
REACTOME_PATHWAY,Autodegradation of the E3 ubiquitin ligase COP1,25,213,39,10908,4.33e-32,1.02e-30,32.83,4.07e-29,6.89e-31,5.17e-34,R-HSA-349425~Autodegradation of the E3 ubiquitin ligase COP1,"PSMD12,PSMD11,PSMD14,PSMD13,PSMD8,PSMB6,PSMB7,PSMD6,PSMB4,PSMD7,PSMB5,PSMB3,PSMD3,PSMB1,PSMD1,RPS27A,PSMA6,PSMC5,PSMA3,PSMA4,PSMA1,PSMA2,PSMC1,PSMC2,UBA52",Ubiquitin-mediated protein degradation,29.991399828238084
REACTOME_PATHWAY,SPOP-mediated proteasomal degradation of PD-L1(CD274),26,213,46,10908,1.8600000000000002e-31,4.28e-30,28.95,1.75e-28,2.9e-30,3e-33,R-HSA-9929491~SPOP-mediated proteasomal degradation of PD-L1(CD274),"PSMD12,PSMD11,PSMD14,PSMD13,PSMD8,PSMB6,PSMB7,PSMD6,PSMB4,PSMD7,PSMB5,PSMB3,PSMD3,PSMB1,PSMD1,RPS27A,RBX1,PSMA6,PSMC5,PSMA3,PSMA4,PSMA1,PSMA2,PSMC1,PSMC2,UBA52",Immune response & host–pathogen interactions,29.36855623098683
REACTOME_PATHWAY,Regulation of Apoptosis,25,213,41,10908,2.5200000000000003e-31,5.65e-30,31.23,2.37e-28,3.8199999999999995e-30,3.41e-33,R-HSA-169911~Regulation of Apoptosis,"PSMD12,PSMD11,PSMD14,PSMD13,PSMD8,PSMB6,PSMB7,PSMD6,PSMB4,PSMD7,PSMB5,PSMB3,PSMD3,PSMB1,PSMD1,RPS27A,PSMA6,PSMC5,PSMA3,PSMA4,PSMA1,PSMA2,PSMC1,PSMC2,UBA52",Cell signaling,29.247951552180563
GOTERM_BP_DIRECT,proteasomal protein catabolic process,28,245,72,16251,3.43e-31,1.42e-28,25.8,4.26e-28,1.36e-28,8.43e-33,GO:0010498~proteasomal protein catabolic process,"PSMD12,PSMD11,CUL5,PSMD14,PSMD13,PSMB10,PSMD8,PSMB6,PSMB7,PSMD6,PSMB4,PSMD7,PSMB5,PSMD4,PSMB3,PSMD3,PSMB1,PSMD1,PSMB9,DDB1,PSMA6,PSMC5,PSMA3,PSMA4,PSMA1,PSMA2,PSMC1,PSMC2",,27.847711655616944
REACTOME_PATHWAY,GLI3 is processed to GLI3R by the proteasome,26,213,47,10908,3.9100000000000004e-31,8.189999999999999e-30,28.33,3.68e-28,5.5399999999999995e-30,6.59e-33,R-HSA-5610785~GLI3 is processed to GLI3R by the proteasome,"PSMD12,PSMD11,PSMD14,PSMD13,PSMD8,PSMB6,PSMB7,PSMD6,PSMB4,PSMD7,PSMB5,PSMB3,PSMD3,PSMB1,PSMD1,RPS27A,RBX1,PSMA6,PSMC5,PSMA3,PSMA4,PSMA1,PSMA2,PSMC1,PSMC2,UBA52",Cell signaling,29.08671609823958
REACTOME_PATHWAY,Degradation of GLI2 by the proteasome,26,213,47,10908,3.9100000000000004e-31,8.189999999999999e-30,28.33,3.68e-28,5.5399999999999995e-30,6.59e-33,R-HSA-5610783~Degradation of GLI2 by the proteasome,"PSMD12,PSMD11,PSMD14,PSMD13,PSMD8,PSMB6,PSMB7,PSMD6,PSMB4,PSMD7,PSMB5,PSMB3,PSMD3,PSMB1,PSMD1,RPS27A,RBX1,PSMA6,PSMC5,PSMA3,PSMA4,PSMA1,PSMA2,PSMC1,PSMC2,UBA52",Cell signaling,29.08671609823958
REACTOME_PATHWAY,Degradation of GLI1 by the proteasome,26,213,47,10908,3.9100000000000004e-31,8.189999999999999e-30,28.33,3.68e-28,5.5399999999999995e-30,6.59e-33,R-HSA-5610780~Degradation of GLI1 by the proteasome,"PSMD12,PSMD11,PSMD14,PSMD13,PSMD8,PSMB6,PSMB7,PSMD6,PSMB4,PSMD7,PSMB5,PSMB3,PSMD3,PSMB1,PSMD1,RPS27A,RBX1,PSMA6,PSMC5,PSMA3,PSMA4,PSMA1,PSMA2,PSMC1,PSMC2,UBA52",Cell signaling,29.08671609823958
REACTOME_PATHWAY,Degradation of AXIN,25,213,42,10908,5.7800000000000004e-31,1.1600000000000001e-29,30.48,5.44e-28,7.83e-30,8.29e-33,R-HSA-4641257~Degradation of AXIN,"PSMD12,PSMD11,PSMD14,PSMD13,PSMD8,PSMB6,PSMB7,PSMD6,PSMB4,PSMD7,PSMB5,PSMB3,PSMD3,PSMB1,PSMD1,RPS27A,PSMA6,PSMC5,PSMA3,PSMA4,PSMA1,PSMA2,PSMC1,PSMC2,UBA52",Cell signaling,28.93554201077308
REACTOME_PATHWAY,SCF-beta-TrCP mediated degradation of Emi1,25,213,42,10908,5.7800000000000004e-31,1.1600000000000001e-29,30.48,5.44e-28,7.83e-30,8.29e-33,R-HSA-174113~SCF-beta-TrCP mediated degradation of Emi1,"PSMD12,PSMD11,PSMD14,PSMD13,PSMD8,PSMB6,PSMB7,PSMD6,PSMB4,PSMD7,PSMB5,PSMB3,PSMD3,PSMB1,PSMD1,RPS27A,PSMA6,PSMC5,PSMA3,PSMA4,PSMA1,PSMA2,PSMC1,PSMC2,UBA52",Cell cycle & mitosis,28.93554201077308
REACTOME_PATHWAY,Mitotic Anaphase,43,213,215,10908,1.0499999999999999e-30,2.0600000000000002e-29,10.24,9.87e-28,1.39e-29,8.400000000000001e-32,R-HSA-68882~Mitotic Anaphase,"PSMD12,SEH1L,PSMD11,PSMD14,PSMD13,UBE2D1,CENPA,ANAPC10,PSMD8,PSMB6,PPP1CC,PSMB7,PSMD6,PSMB4,PSMD7,PSMB5,PPP2R1B,PSMB3,CDC26,PSMD3,NUF2,PSMB1,PSMD1,NUP43,BUB3,RPS27A,PPP2R5B,DYNLL1,CKAP5,PSMA6,PSMC5,PSMA3,DYNC1LI2,PSMA4,PSMA1,PSMA2,PSMC1,PSMC2,UBA52,CENPQ,RAN,TUBA8,MAD2L1",Cell cycle & mitosis,28.686132779630846
REACTOME_PATHWAY,Mitotic Metaphase and Anaphase,43,213,216,10908,1.2799999999999999e-30,2.4200000000000002e-29,10.19,1.21e-27,1.64e-29,1.03e-31,R-HSA-2555396~Mitotic Metaphase and Anaphase,"PSMD12,SEH1L,PSMD11,PSMD14,PSMD13,UBE2D1,CENPA,ANAPC10,PSMD8,PSMB6,PPP1CC,PSMB7,PSMD6,PSMB4,PSMD7,PSMB5,PPP2R1B,PSMB3,CDC26,PSMD3,NUF2,PSMB1,PSMD1,NUP43,BUB3,RPS27A,PPP2R5B,DYNLL1,CKAP5,PSMA6,PSMC5,PSMA3,DYNC1LI2,PSMA4,PSMA1,PSMA2,PSMC1,PSMC2,UBA52,CENPQ,RAN,TUBA8,MAD2L1",Cell cycle & mitosis,28.616184634019568
REACTOME_PATHWAY,Hh mutants are degraded by ERAD,25,213,43,10908,1.29e-30,2.4200000000000002e-29,29.77,1.21e-27,1.64e-29,1.95e-32,R-HSA-5362768~Hh mutants are degraded by ERAD,"PSMD12,PSMD11,PSMD14,PSMD13,PSMD8,PSMB6,PSMB7,PSMD6,PSMB4,PSMD7,PSMB5,PSMB3,PSMD3,PSMB1,PSMD1,RPS27A,PSMA6,PSMC5,PSMA3,PSMA4,PSMA1,PSMA2,PSMC1,PSMC2,UBA52",Ubiquitin-mediated protein degradation,28.616184634019568
REACTOME_PATHWAY,Stabilization of p53,25,213,44,10908,2.78e-30,5.13e-29,29.1,2.6200000000000003e-27,3.47e-29,4.43e-32,R-HSA-69541~Stabilization of p53,"PSMD12,PSMD11,PSMD14,PSMD13,PSMD8,PSMB6,PSMB7,PSMD6,PSMB4,PSMD7,PSMB5,PSMB3,PSMD3,PSMB1,PSMD1,RPS27A,PSMA6,PSMC5,PSMA3,PSMA4,PSMA1,PSMA2,PSMC1,PSMC2,UBA52",Cell signaling,28.289882634888183
REACTOME_PATHWAY,SCF(Skp2)-mediated degradation of p27/p21,26,213,50,10908,3.17e-30,5.73e-29,26.63,2.9800000000000003e-27,3.8800000000000003e-29,6.06e-32,R-HSA-187577~SCF(Skp2)-mediated degradation of p27/p21,"PSMD12,PSMD11,PSMD14,PSMD13,CKS1B,PSMD8,PSMB6,PSMB7,PSMD6,PSMB4,PSMD7,PSMB5,PSMB3,PSMD3,PSMB1,PSMD1,RPS27A,PSMA6,PSMC5,PSMA3,PSMA4,PSMA1,PSMA2,PSMC1,PSMC2,UBA52",Cell cycle & mitosis,28.24184537803261
REACTOME_PATHWAY,Regulation of RUNX3 expression and activity,25,213,45,10908,5.85e-30,1.04e-28,28.45,5.5100000000000005e-27,7.03e-29,9.790000000000001e-32,R-HSA-8941858~Regulation of RUNX3 expression and activity,"PSMD12,PSMD11,PSMD14,PSMD13,PSMD8,PSMB6,PSMB7,PSMD6,PSMB4,PSMD7,PSMB5,PSMB3,PSMD3,PSMB1,PSMD1,RPS27A,PSMA6,PSMC5,PSMA3,PSMA4,PSMA1,PSMA2,PSMC1,PSMC2,UBA52",Cell signaling,27.98296666070122
REACTOME_PATHWAY,p53-Independent G1/S DNA Damage Checkpoint,26,213,51,10908,6.1e-30,1.05e-28,26.11,5.740000000000001e-27,7.07e-29,1.2200000000000001e-31,R-HSA-69613~p53-Independent G1/S DNA Damage Checkpoint,"PSMD12,PSMD11,PSMD14,PSMD13,PSMD8,PSMB6,PSMB7,PSMD6,PSMB4,PSMD7,PSMB5,PSMB3,PSMD3,PSMB1,PSMD1,RPS27A,RBX1,PSMA6,PSMC5,PSMA3,PSMA4,PSMA1,PSMA2,PSMC1,PSMC2,UBA52",DNA replication & repair,27.97881070093006
REACTOME_PATHWAY,Ubiquitin-Mediated Degradation of Phosphorylated Cdc25A,26,213,51,10908,6.1e-30,1.05e-28,26.11,5.740000000000001e-27,7.07e-29,1.2200000000000001e-31,R-HSA-69601~Ubiquitin-Mediated Degradation of Phosphorylated Cdc25A,"PSMD12,PSMD11,PSMD14,PSMD13,PSMD8,PSMB6,PSMB7,PSMD6,PSMB4,PSMD7,PSMB5,PSMB3,PSMD3,PSMB1,PSMD1,RPS27A,RBX1,PSMA6,PSMC5,PSMA3,PSMA4,PSMA1,PSMA2,PSMC1,PSMC2,UBA52",Cell cycle & mitosis,27.97881070093006
REACTOME_PATHWAY,Hh mutants abrogate ligand secretion,25,213,46,10908,1.2000000000000001e-29,1.99e-28,27.83,1.1300000000000001e-26,1.34e-28,2.11e-31,R-HSA-5387390~Hh mutants abrogate ligand secretion,"PSMD12,PSMD11,PSMD14,PSMD13,PSMD8,PSMB6,PSMB7,PSMD6,PSMB4,PSMD7,PSMB5,PSMB3,PSMD3,PSMB1,PSMD1,RPS27A,PSMA6,PSMC5,PSMA3,PSMA4,PSMA1,PSMA2,PSMC1,PSMC2,UBA52",Cell signaling,27.701146923590294
REACTOME_PATHWAY,NIK-->noncanonical NF-kB signaling,25,213,46,10908,1.2000000000000001e-29,1.99e-28,27.83,1.1300000000000001e-26,1.34e-28,2.11e-31,R-HSA-5676590~NIK-->noncanonical NF-kB signaling,"PSMD12,PSMD11,PSMD14,PSMD13,PSMD8,PSMB6,PSMB7,PSMD6,PSMB4,PSMD7,PSMB5,PSMB3,PSMD3,PSMB1,PSMD1,RPS27A,PSMA6,PSMC5,PSMA3,PSMA4,PSMA1,PSMA2,PSMC1,PSMC2,UBA52",Immune response & host–pathogen interactions,27.701146923590294
REACTOME_PATHWAY,Assembly of the pre-replicative complex,33,213,110,10908,2.2100000000000002e-29,3.58e-28,15.36,2.08e-26,2.42e-28,1.04e-30,R-HSA-68867~Assembly of the pre-replicative complex,"PSMD12,PSMD11,PSMD14,PSMD13,UBE2D1,ANAPC10,PSMD8,PSMB6,PSMB7,PSMD6,PSMB4,PSMD7,PSMB5,PSMB3,CDC26,ORC2,PSMD3,PSMB1,PSMD1,RPS27A,CDC6,PSMA6,PSMC5,PSMA3,PSMA4,PSMA1,PSMA2,PSMC1,PSMC2,MCM4,MCM6,UBA52,MCM2",DNA replication & repair,27.446116973356126
REACTOME_PATHWAY,Dectin-1 mediated noncanonical NF-kB signaling,25,213,47,10908,2.4100000000000002e-29,3.8599999999999998e-28,27.24,2.2700000000000002e-26,2.61e-28,4.42e-31,R-HSA-5607761~Dectin-1 mediated noncanonical NF-kB signaling,"PSMD12,PSMD11,PSMD14,PSMD13,PSMD8,PSMB6,PSMB7,PSMD6,PSMB4,PSMD7,PSMB5,PSMB3,PSMD3,PSMB1,PSMD1,RPS27A,PSMA6,PSMC5,PSMA3,PSMA4,PSMA1,PSMA2,PSMC1,PSMC2,UBA52",Immune response & host–pathogen interactions,27.413412695328244
REACTOME_PATHWAY,Regulation of CDH1 Function,27,213,60,10908,2.58e-29,4.05e-28,23.05,2.43e-26,2.74e-28,6.470000000000001e-31,R-HSA-9764561~Regulation of CDH1 Function,"PSMD12,PSMD11,PSMD14,PSMD13,ACTB,ACTG1,PSMD8,PSMB6,PSMB7,PSMD6,PSMB4,PSMD7,PSMB5,PSMB3,PSMD3,PSMB1,PSMD1,RPS27A,PSMA6,PSMC5,PSMA3,PSMA4,PSMA1,PSMA2,PSMC1,PSMC2,UBA52",Cell cycle & mitosis,27.39254497678533
REACTOME_PATHWAY,Defective CFTR causes cystic fibrosis,25,213,48,10908,4.75e-29,7.33e-28,26.67,4.47e-26,4.9599999999999995e-28,9.070000000000001e-31,R-HSA-5678895~Defective CFTR causes cystic fibrosis,"PSMD12,PSMD11,PSMD14,PSMD13,PSMD8,PSMB6,PSMB7,PSMD6,PSMB4,PSMD7,PSMB5,PSMB3,PSMD3,PSMB1,PSMD1,RPS27A,PSMA6,PSMC5,PSMA3,PSMA4,PSMA1,PSMA2,PSMC1,PSMC2,UBA52",Other,27.134896025358874
REACTOME_PATHWAY,FCERI mediated NF-kB activation,28,213,69,10908,6.17e-29,9.37e-28,20.78,5.800000000000001e-26,6.3399999999999995e-28,1.84e-30,R-HSA-2871837~FCERI mediated NF-kB activation,"PSMD12,PSMD11,PSMD14,PSMD13,UBE2D3,UBE2D1,PSMD8,PSMB6,PSMB7,PSMD6,PSMB4,PSMD7,PSMB5,PSMB3,PSMD3,PSMB1,PSMD1,RPS27A,PSMA6,PSMC5,PSMA3,PSMA4,PSMA1,PSMA2,PSMC1,PSMC2,UBE2V1,UBA52",Immune response & host–pathogen interactions,27.02826040911222
REACTOME_PATHWAY,Regulation of RAS by GAPs,26,213,55,10908,7.080000000000001e-29,1.0600000000000002e-27,24.21,6.670000000000001e-26,7.16e-28,1.63e-30,R-HSA-5658442~Regulation of RAS by GAPs,"PSMD12,PSMD11,PSMD14,PSMD13,PSMD8,PSMB6,PSMB7,PSMD6,PSMB4,PSMD7,PSMB5,PSMB3,PSMD3,PSMB1,PSMD1,RPS27A,RBX1,PSMA6,PSMC5,PSMA3,PSMA4,PSMA1,PSMA2,PSMC1,PSMC2,UBA52",Cell signaling,26.97469413473523
REACTOME_PATHWAY,Ribosome Quality Control (RQC) complex extracts and degrades nascent peptide,31,213,95,10908,8.63e-29,1.27e-27,16.71,8.12e-26,8.59e-28,3.5999999999999996e-30,R-HSA-9954709~Ribosome Quality Control (RQC) complex extracts and degrades nascent peptide,"PSMD12,PSMD11,PSMD14,PSMD13,UBE2D3,RPL11,UBE2D1,PSMD8,PSMB6,PSMB7,PSMD6,PSMB4,PSMD7,PSMB5,PSMB3,PSMD3,PSMB1,PSMD1,RPL38,ELOC,RPS27A,RBX1,PSMA6,PSMC5,PSMA3,PSMA4,PSMA1,PSMA2,PSMC1,PSMC2,UBA52",Protein & RNA homeostasis,26.896196279044045
REACTOME_PATHWAY,Degradation of beta-catenin by the destruction complex,28,213,70,10908,9.87e-29,1.43e-27,20.48,9.29e-26,9.67e-28,3.0199999999999998e-30,R-HSA-195253~Degradation of beta-catenin by the destruction complex,"PSMD12,PSMD11,PSMD14,PSMD13,PSMD8,PSMB6,PSMB7,PSMD6,PSMB4,PSMD7,PSMB5,PPP2R1B,PSMB3,PSMD3,PSMB1,PSMD1,RPS27A,PPP2R5B,RBX1,PSMA6,PSMC5,PSMA3,PSMA4,PSMA1,PSMA2,PSMC1,PSMC2,UBA52",Cell signaling,26.844663962534938
REACTOME_PATHWAY,Regulation of ornithine decarboxylase (ODC),23,213,38,10908,1.2399999999999999e-28,1.7700000000000002e-27,31.0,1.17e-25,1.2000000000000002e-27,1.72e-30,R-HSA-350562~Regulation of ornithine decarboxylase (ODC),"PSMD12,PSMD11,PSMD14,PSMD13,PSMD8,PSMB6,PSMA6,PSMB7,PSMD6,PSMC5,PSMA3,PSMB4,PSMD7,PSMA4,PSMB5,PSMA1,PSMA2,PSMB3,PSMC1,PSMC2,PSMD3,PSMB1,PSMD1",Cell signaling,26.752026733638193
REACTOME_PATHWAY,Asymmetric localization of PCP proteins,25,213,51,10908,3.21e-28,4.5100000000000004e-27,25.1,3.02e-25,3.0500000000000003e-27,6.899999999999999e-30,R-HSA-4608870~Asymmetric localization of PCP proteins,"PSMD12,PSMD11,PSMD14,PSMD13,PSMD8,PSMB6,PSMB7,PSMD6,PSMB4,PSMD7,PSMB5,PSMB3,PSMD3,PSMB1,PSMD1,RPS27A,PSMA6,PSMC5,PSMA3,PSMA4,PSMA1,PSMA2,PSMC1,PSMC2,UBA52",Cell signaling,26.34582345812204
REACTOME_PATHWAY,Regulation of RUNX2 expression and activity,26,213,58,10908,3.8e-28,5.240000000000001e-27,22.96,3.58e-25,3.55e-27,9.61e-30,R-HSA-8939902~Regulation of RUNX2 expression and activity,"PSMD12,PSMD11,PSMD14,PSMD13,PSMD8,PSMB6,PSMB7,PSMD6,PSMB4,PSMD7,PSMB5,PSMB3,PSMD3,PSMB1,PSMD1,RPS27A,RBX1,PSMA6,PSMC5,PSMA3,PSMA4,PSMA1,PSMA2,PSMC1,PSMC2,UBA52",Cell signaling,26.280668713016272
REACTOME_PATHWAY,Cyclin E associated events during G1/S transition,28,213,73,10908,3.84e-28,5.240000000000001e-27,19.64,3.61e-25,3.55e-27,1.2600000000000001e-29,R-HSA-69202~Cyclin E associated events during G1/S transition,"PSMD12,PSMD11,PSMD14,PSMD13,LIN9,CKS1B,PSMD8,PSMB6,PSMB7,PSMD6,PSMB4,PSMD7,PSMB5,PSMB3,MYC,PSMD3,PSMB1,PSMD1,RPS27A,PSMA6,PSMC5,PSMA3,PSMA4,PSMA1,PSMA2,PSMC1,PSMC2,UBA52",Cell cycle & mitosis,26.280668713016272
REACTOME_PATHWAY,Hedgehog ligand biogenesis,25,213,52,10908,5.85e-28,7.870000000000001e-27,24.62,5.51e-25,5.33e-27,1.31e-29,R-HSA-5358346~Hedgehog ligand biogenesis,"PSMD12,PSMD11,PSMD14,PSMD13,PSMD8,PSMB6,PSMB7,PSMD6,PSMB4,PSMD7,PSMB5,PSMB3,PSMD3,PSMB1,PSMD1,RPS27A,PSMA6,PSMC5,PSMA3,PSMA4,PSMA1,PSMA2,PSMC1,PSMC2,UBA52",Cell signaling,26.104025267640935
REACTOME_PATHWAY,Regulation of mRNA stability by proteins that bind AU-rich elements,28,213,74,10908,5.94e-28,7.89e-27,19.38,5.59e-25,5.33e-27,1.9900000000000002e-29,R-HSA-450531~Regulation of mRNA stability by proteins that bind AU-rich elements,"PSMD12,SET,PSMD11,PSMD14,PSMD13,PSMD8,PSMB6,PSMB7,PSMD6,PSMB4,PSMD7,PSMB5,PSMB3,KHSRP,PSMD3,PSMB1,PSMD1,RPS27A,PSMA6,PSMC5,PSMA3,PSMA4,PSMA1,PSMA2,PSMC1,PSMC2,UBA52,EIF4G1",Protein & RNA homeostasis,26.10292299679058
REACTOME_PATHWAY,Cyclin A:Cdk2-associated events at S phase entry,28,213,75,10908,9.13e-28,1.1900000000000001e-26,19.12,8.59e-25,8.080000000000001e-27,3.12e-29,R-HSA-69656~Cyclin A:Cdk2-associated events at S phase entry,"PSMD12,PSMD11,PSMD14,PSMD13,LIN9,CKS1B,PSMD8,PSMB6,PSMB7,PSMD6,PSMB4,PSMD7,PSMB5,PSMB3,MYC,PSMD3,PSMB1,PSMD1,RPS27A,PSMA6,PSMC5,PSMA3,PSMA4,PSMA1,PSMA2,PSMC1,PSMC2,UBA52",Cell cycle & mitosis,25.92445303860747
REACTOME_PATHWAY,p53-Dependent G1 DNA Damage Response,25,213,53,10908,1.05e-27,1.32e-26,24.16,9.89e-25,8.930000000000001e-27,2.4300000000000002e-29,R-HSA-69563~p53-Dependent G1 DNA Damage Response,"PSMD12,PSMD11,PSMD14,PSMD13,PSMD8,PSMB6,PSMB7,PSMD6,PSMB4,PSMD7,PSMB5,PSMB3,PSMD3,PSMB1,PSMD1,RPS27A,PSMA6,PSMC5,PSMA3,PSMA4,PSMA1,PSMA2,PSMC1,PSMC2,UBA52",DNA replication & repair,25.87942606879415
REACTOME_PATHWAY,Degradation of CDH1,25,213,53,10908,1.05e-27,1.32e-26,24.16,9.89e-25,8.930000000000001e-27,2.4300000000000002e-29,R-HSA-9766229~Degradation of CDH1,"PSMD12,PSMD11,PSMD14,PSMD13,PSMD8,PSMB6,PSMB7,PSMD6,PSMB4,PSMD7,PSMB5,PSMB3,PSMD3,PSMB1,PSMD1,RPS27A,PSMA6,PSMC5,PSMA3,PSMA4,PSMA1,PSMA2,PSMC1,PSMC2,UBA52",Cell cycle & mitosis,25.87942606879415
REACTOME_PATHWAY,p53-Dependent G1/S DNA damage checkpoint,25,213,53,10908,1.05e-27,1.32e-26,24.16,9.89e-25,8.930000000000001e-27,2.4300000000000002e-29,R-HSA-69580~p53-Dependent G1/S DNA damage checkpoint,"PSMD12,PSMD11,PSMD14,PSMD13,PSMD8,PSMB6,PSMB7,PSMD6,PSMB4,PSMD7,PSMB5,PSMB3,PSMD3,PSMB1,PSMD1,RPS27A,PSMA6,PSMC5,PSMA3,PSMA4,PSMA1,PSMA2,PSMC1,PSMC2,UBA52",DNA replication & repair,25.87942606879415
REACTOME_PATHWAY,Activation of NF-kappaB in B cells,25,213,54,10908,1.86e-27,2.3e-26,23.71,1.75e-24,1.5600000000000002e-26,4.4400000000000004e-29,R-HSA-1169091~Activation of NF-kappaB in B cells,"PSMD12,PSMD11,PSMD14,PSMD13,PSMD8,PSMB6,PSMB7,PSMD6,PSMB4,PSMD7,PSMB5,PSMB3,PSMD3,PSMB1,PSMD1,RPS27A,PSMA6,PSMC5,PSMA3,PSMA4,PSMA1,PSMA2,PSMC1,PSMC2,UBA52",Immune response & host–pathogen interactions,25.638272163982407
REACTOME_PATHWAY,AMPK-induced ERAD and lysosome mediated degradation of PD-L1(CD274),25,213,55,10908,3.2400000000000006e-27,3.97e-26,23.28,3.0499999999999998e-24,2.68e-26,8.000000000000001e-29,R-HSA-9931269~AMPK-induced ERAD and lysosome mediated degradation of PD-L1(CD274),"PSMD12,PSMD11,PSMD14,PSMD13,PSMD8,PSMB6,PSMB7,PSMD6,PSMB4,PSMD7,PSMB5,PSMB3,PSMD3,PSMB1,PSMD1,RPS27A,PSMA6,PSMC5,PSMA3,PSMA4,PSMA1,PSMA2,PSMC1,PSMC2,UBA52",Immune response & host–pathogen interactions,25.401209493236884
REACTOME_PATHWAY,UCH proteinases,28,213,79,10908,4.7300000000000004e-27,5.71e-26,18.15,4.4499999999999995e-24,3.86e-26,1.75e-28,R-HSA-5689603~UCH proteinases,"PSMD12,PSMD11,PSMD14,PSMD13,ACTB,PSMD8,PSMB6,PSMB7,PSMD6,PSMB4,PSMD7,PSMB5,PSMB3,PSMD3,RUVBL1,PSMB1,PSMD1,RPS27A,ACTL6A,PSMA6,PSMC5,PSMA3,PSMA4,PSMA1,PSMA2,PSMC1,PSMC2,UBA52",Ubiquitin-mediated protein degradation,25.243363891754154
REACTOME_PATHWAY,The role of GTSE1 in G2/M progression after G2 checkpoint,26,213,63,10908,4.880000000000001e-27,5.820000000000001e-26,21.13,4.59e-24,3.9400000000000003e-26,1.42e-28,R-HSA-8852276~The role of GTSE1 in G2/M progression after G2 checkpoint,"PSMD12,PSMD11,PSMD14,PSMD13,PSMD8,PSMB6,PSMB7,PSMD6,PSMB4,PSMD7,PSMB5,PSMB3,PSMD3,PSMB1,PSMD1,RPS27A,PSMA6,PSMC5,PSMA3,PSMA4,PSMA1,PSMA2,PSMC1,PSMC2,UBA52,TUBA8",Cell cycle & mitosis,25.23507701535011
REACTOME_PATHWAY,Somitogenesis,23,213,43,10908,5.36e-27,6.32e-26,27.39,5.05e-24,4.27e-26,9.75e-29,R-HSA-9824272~Somitogenesis,"PSMD12,PSMD11,PSMD14,PSMD13,PSMD8,PSMB6,PSMA6,PSMB7,PSMD6,PSMC5,PSMA3,PSMB4,PSMD7,PSMA4,PSMB5,PSMA1,PSMA2,PSMB3,PSMC1,PSMC2,PSMD3,PSMB1,PSMD1",Other,25.199282921717614
REACTOME_PATHWAY,Regulation of PTEN stability and activity,25,213,56,10908,5.5700000000000006e-27,6.48e-26,22.86,5.24e-24,4.38e-26,1.42e-28,R-HSA-8948751~Regulation of PTEN stability and activity,"PSMD12,PSMD11,PSMD14,PSMD13,PSMD8,PSMB6,PSMB7,PSMD6,PSMB4,PSMD7,PSMB5,PSMB3,PSMD3,PSMB1,PSMD1,RPS27A,PSMA6,PSMC5,PSMA3,PSMA4,PSMA1,PSMA2,PSMC1,PSMC2,UBA52",Cell signaling,25.188424994129406
REACTOME_PATHWAY,ER-Phagosome pathway,28,213,83,10908,2.21e-26,2.51e-25,17.28,2.0799999999999997e-23,1.69e-25,8.79e-28,R-HSA-1236974~ER-Phagosome pathway,"PSMD12,PSMD11,PSMD14,PSMD13,PSMB10,PSMD8,PSMB6,PSMB7,PSMD6,PSMB4,PSMD7,PSMB5,PSMB3,PSMD3,PSMB1,PSMD1,RPS27A,PSMB9,PSMA6,PSMC5,PSMA3,PSMA4,PSMA1,PSMA2,PSMC1,PSMC2,PSME1,UBA52",Membrane trafficking & vesicular transport,24.600326278518963
REACTOME_PATHWAY,Downstream TCR signaling,28,213,83,10908,2.21e-26,2.51e-25,17.28,2.0799999999999997e-23,1.69e-25,8.79e-28,R-HSA-202424~Downstream TCR signaling,"PSMD12,PSMD11,PSMD14,PSMD13,UBE2D3,UBE2D1,PSMD8,PSMB6,PSMB7,PSMD6,PSMB4,PSMD7,PSMB5,PSMB3,PSMD3,PSMB1,PSMD1,RPS27A,PSMA6,PSMC5,PSMA3,PSMA4,PSMA1,PSMA2,PSMC1,PSMC2,UBE2V1,UBA52",Immune response & host–pathogen interactions,24.600326278518963
REACTOME_PATHWAY,G1/S DNA Damage Checkpoints,26,213,67,10908,3.1200000000000003e-26,3.4999999999999997e-25,19.87,2.93e-23,2.3599999999999997e-25,1e-27,R-HSA-69615~G1/S DNA Damage Checkpoints,"PSMD12,PSMD11,PSMD14,PSMD13,PSMD8,PSMB6,PSMB7,PSMD6,PSMB4,PSMD7,PSMB5,PSMB3,PSMD3,PSMB1,PSMD1,RPS27A,RBX1,PSMA6,PSMC5,PSMA3,PSMA4,PSMA1,PSMA2,PSMC1,PSMC2,UBA52",DNA replication & repair,24.455931955649724
GOTERM_BP_DIRECT,DNA repair,43,245,346,16251,3.19e-26,9.91e-24,8.24,3.97e-23,9.47e-24,3.4600000000000005e-27,GO:0006281~DNA repair,"RTEL1,FEN1,PCNA,MCMDC2,PRKDC,UBE2D3,PSMB6,PSMB7,PSMB4,WRN,PSMB5,KAT5,EXO1,EME2,PSMB3,RUVBL1,POLD2,PSMB1,POLK,RFC5,UPF1,RFC3,RMI2,UBE2B,RFC2,ACTL6A,XRCC3,HUS1,RPA2,UBE2A,DDB1,PSMA6,PSMA3,PSMA4,PSMA1,FANCD2,MSH3,PSMA2,POLE2,DMC1,UBE2U,RPA4,RAD17",,23.003926345514724
REACTOME_PATHWAY,Metabolism of polyamines,23,213,46,10908,3.82e-26,4.23e-25,25.61,3.59e-23,2.86e-25,7.93e-28,R-HSA-351202~Metabolism of polyamines,"PSMD12,PSMD11,PSMD14,PSMD13,PSMD8,PSMB6,PSMA6,PSMB7,PSMD6,PSMC5,PSMA3,PSMB4,PSMD7,PSMA4,PSMB5,PSMA1,PSMA2,PSMB3,PSMC1,PSMC2,PSMD3,PSMB1,PSMD1",Other,24.373659632624957
REACTOME_PATHWAY,Activation of STAT3 by cadherin engagement,27,213,76,10908,4.3000000000000005e-26,4.7099999999999995e-25,18.19,4.0499999999999995e-23,3.19e-25,1.59e-27,R-HSA-9958825~Activation of STAT3 by cadherin engagement,"PSMD12,PSMD11,PSMD14,PSMD13,ACTB,ACTG1,PSMD8,PSMB6,PSMB7,PSMD6,PSMB4,PSMD7,PSMB5,PSMB3,PSMD3,PSMB1,PSMD1,RPS27A,PSMA6,PSMC5,PSMA3,PSMA4,PSMA1,PSMA2,PSMC1,PSMC2,UBA52",Cell signaling,24.326979092871102
REACTOME_PATHWAY,Host Interactions of HIV factors,31,213,118,10908,1.1799999999999999e-25,1.2699999999999999e-24,13.45,1.11e-22,8.62e-25,6.650000000000001e-27,R-HSA-162909~Host Interactions of HIV factors,"PSMD12,SEH1L,PSMD11,CUL5,PSMD14,PSMD13,PSMD8,PSMB6,PSMB7,PSMD6,PSMB4,PSMD7,PSMB5,PSMB3,PSMD3,PSMB1,PSMD1,NUP43,ELOC,RPS27A,RBX1,PSMA6,PSMC5,PSMA3,PSMA4,PSMA1,PSMA2,PSMC1,PSMC2,UBA52,RAN",Immune response & host–pathogen interactions,23.896196279044045
REACTOME_PATHWAY,M Phase,48,213,372,10908,1.2599999999999999e-25,1.3499999999999999e-24,6.61,1.19e-22,9.13e-25,1.7e-26,R-HSA-68886~M Phase,"PSMD12,SEH1L,SET,PSMD11,PSMD14,PSMD13,UBE2D1,CENPA,ANAPC10,PSMD8,PSMB6,PPP1CC,PSMB7,PSMD6,PSMB4,PSMD7,PSMB5,PPP2R1B,PSMB3,CDC26,PSMD3,NUF2,PSMB1,PSMD1,NUP43,BUB3,RPS27A,HAUS4,PPP2R5B,DYNLL1,CKAP5,MZT2A,PSMA6,PSMC5,PSMA3,DYNC1LI2,PSMA4,PSMA1,NME7,PSMA2,PSMC1,PSMC2,NCAPD3,UBA52,CENPQ,RAN,TUBA8,MAD2L1",Cell cycle & mitosis,23.869666231504993
REACTOME_PATHWAY,CLEC7A (Dectin-1) signaling,28,213,88,10908,1.33e-25,1.4099999999999999e-24,16.29,1.26e-22,9.55e-25,5.7900000000000005e-27,R-HSA-5607764~CLEC7A (Dectin-1) signaling,"PSMD12,PSMD11,PSMD14,PSMD13,UBE2D3,UBE2D1,PSMD8,PSMB6,PSMB7,PSMD6,PSMB4,PSMD7,PSMB5,PSMB3,PSMD3,PSMB1,PSMD1,RPS27A,PSMA6,PSMC5,PSMA3,PSMA4,PSMA1,PSMA2,PSMC1,PSMC2,UBE2V1,UBA52",Immune response & host–pathogen interactions,23.85078088734462
REACTOME_PATHWAY,Translation,46,213,339,10908,1.94e-25,2.0299999999999998e-24,6.95,1.82e-22,1.37e-24,2.4600000000000002e-26,R-HSA-72766~Translation,"AARS1,PSMD12,PSMD11,PSMD14,PSMD13,KARS1,UBE2D3,RPL11,SRP54,UBE2D1,EEF1B2,PSMD8,PSMB6,PSMB7,PSMD6,PSMB4,PSMD7,PSMB5,PSMB3,PSMD3,PSMB1,PSMD1,RPL38,ELOC,RPS27A,EIF2B3,MRPS27,SRP68,DARS1,WARS1,RBX1,PSMA6,PSMC5,SARS1,PSMA3,PSMA4,EPRS1,PSMA1,PSMA2,LARS1,PSMC1,PSMC2,EIF3G,EEF1E1,UBA52,EIF4G1",Protein & RNA homeostasis,23.692503962086786
REACTOME_PATHWAY,Hedgehog 'on' state,26,213,72,10908,2.61e-25,2.6999999999999997e-24,18.49,2.45e-22,1.82e-24,9.39e-27,R-HSA-5632684~Hedgehog 'on' state,"PSMD12,PSMD11,PSMD14,PSMD13,PSMD8,PSMB6,PSMB7,PSMD6,PSMB4,PSMD7,PSMB5,PSMB3,PSMD3,PSMB1,PSMD1,RPS27A,RBX1,PSMA6,PSMC5,PSMA3,PSMA4,PSMA1,PSMA2,PSMC1,PSMC2,UBA52",Cell signaling,23.568636235841012
REACTOME_PATHWAY,Signaling by NOTCH4,26,213,73,10908,3.9e-25,3.99e-24,18.24,3.67e-22,2.6999999999999997e-24,1.43e-26,R-HSA-9013694~Signaling by NOTCH4,"PSMD12,PSMD11,PSMD14,PSMD13,PSMD8,PSMB6,PSMB7,PSMD6,PSMB4,PSMD7,PSMB5,PSMB3,PSMD3,PSMB1,PSMD1,RPS27A,RBX1,PSMA6,PSMC5,PSMA3,PSMA4,PSMA1,PSMA2,PSMC1,PSMC2,UBA52",Cell signaling,23.39902710431325
REACTOME_PATHWAY,ABC transporter disorders,25,213,65,10908,4.35e-25,4.4e-24,19.7,4.0900000000000002e-22,2.98e-24,1.42e-26,R-HSA-5619084~ABC transporter disorders,"PSMD12,PSMD11,PSMD14,PSMD13,PSMD8,PSMB6,PSMB7,PSMD6,PSMB4,PSMD7,PSMB5,PSMB3,PSMD3,PSMB1,PSMD1,RPS27A,PSMA6,PSMC5,PSMA3,PSMA4,PSMA1,PSMA2,PSMC1,PSMC2,UBA52",Other,23.356547323513812
REACTOME_PATHWAY,MAPK6/MAPK4 signaling,26,213,75,10908,8.52e-25,8.54e-24,17.75,8.02e-22,5.78e-24,3.26e-26,R-HSA-5687128~MAPK6/MAPK4 signaling,"PSMD12,PSMD11,PSMD14,PSMD13,PSMD8,PSMB6,PSMB7,PSMD6,PSMB4,PSMD7,PSMB5,PSMB3,MYC,PSMD3,PSMB1,PSMD1,RPS27A,PSMA6,PSMC5,PSMA3,PSMA4,PSMA1,PSMA2,PSMC1,PSMC2,UBA52",Cell signaling,23.068542129310995
REACTOME_PATHWAY,Nuclear events mediated by NFE2L2,27,213,86,10908,1.7e-24,1.68e-23,16.08,1.6e-21,1.1399999999999999e-23,7.52e-26,R-HSA-9759194~Nuclear events mediated by NFE2L2,"PSMD12,PSMD11,PSMD14,PSMD13,PSMD8,PSMB6,PSMB7,PSMD6,PSMB4,PSMD7,PSMB5,PSMB3,MYC,PSMD3,PSMB1,PSMD1,RPS27A,RBX1,PSMA6,PSMC5,PSMA3,PSMA4,PSMA1,PSMA2,PSMC1,PSMC2,UBA52",Cell signaling,22.774690718274137
REACTOME_PATHWAY,Ribosome-associated quality control,31,213,129,10908,2.06e-24,2.0199999999999997e-23,12.31,1.94e-21,1.37e-23,1.31e-25,R-HSA-9948299~Ribosome-associated quality control,"PSMD12,PSMD11,PSMD14,PSMD13,UBE2D3,RPL11,UBE2D1,PSMD8,PSMB6,PSMB7,PSMD6,PSMB4,PSMD7,PSMB5,PSMB3,PSMD3,PSMB1,PSMD1,RPL38,ELOC,RPS27A,RBX1,PSMA6,PSMC5,PSMA3,PSMA4,PSMA1,PSMA2,PSMC1,PSMC2,UBA52",Protein & RNA homeostasis,22.694648630553377
REACTOME_PATHWAY,PCP/CE pathway,26,213,78,10908,2.63e-24,2.5499999999999998e-23,17.07,2.4700000000000002e-21,1.73e-23,1.07e-25,R-HSA-4086400~PCP/CE pathway,"PSMD12,PSMD11,PSMD14,PSMD13,CLTC,PSMD8,PSMB6,PSMB7,PSMD6,PSMB4,PSMD7,PSMB5,PSMB3,PSMD3,PSMB1,PSMD1,RPS27A,PSMA6,PSMC5,PSMA3,PSMA4,PSMA1,PSMA2,PSMC1,PSMC2,UBA52",Cell signaling,22.593459819566046
REACTOME_PATHWAY,Antigen processing-Cross presentation,28,213,98,10908,3.4099999999999995e-24,3.2699999999999995e-23,14.63,3.2e-21,2.2099999999999997e-23,1.72e-25,R-HSA-1236975~Antigen processing-Cross presentation,"PSMD12,PSMD11,PSMD14,PSMD13,PSMB10,PSMD8,PSMB6,PSMB7,PSMD6,PSMB4,PSMD7,PSMB5,PSMB3,PSMD3,PSMB1,PSMD1,RPS27A,PSMB9,PSMA6,PSMC5,PSMA3,PSMA4,PSMA1,PSMA2,PSMC1,PSMC2,PSME1,UBA52",Immune response & host–pathogen interactions,22.485452247339715
REACTOME_PATHWAY,Downstream signaling events of B Cell Receptor (BCR),25,213,70,10908,3.5199999999999996e-24,3.34e-23,18.29,3.3100000000000003e-21,2.26e-23,1.29e-25,R-HSA-1168372~Downstream signaling events of B Cell Receptor (BCR),"PSMD12,PSMD11,PSMD14,PSMD13,PSMD8,PSMB6,PSMB7,PSMD6,PSMB4,PSMD7,PSMB5,PSMB3,PSMD3,PSMB1,PSMD1,RPS27A,PSMA6,PSMC5,PSMA3,PSMA4,PSMA1,PSMA2,PSMC1,PSMC2,UBA52",Immune response & host–pathogen interactions,22.476253533188437
REACTOME_PATHWAY,G2/M Transition,35,213,184,10908,4.55e-24,4.2799999999999993e-23,9.74,4.28e-21,2.8999999999999996e-23,3.88e-25,R-HSA-69275~G2/M Transition,"PSMD12,PSMD11,PSMD14,PSMD13,LIN9,AURKA,PSMD8,PSMB6,PSMB7,PSMD6,PSMB4,PSMD7,PSMB5,PPP2R1B,PSMB3,PSMD3,PSMB1,PSMD1,RPS27A,HAUS4,DYNLL1,CKAP5,RBX1,MZT2A,PSMA6,PSMC5,PSMA3,PSMA4,PSMA1,NME7,PSMA2,PSMC1,PSMC2,UBA52,TUBA8",Cell cycle & mitosis,22.36855623098683
GOTERM_BP_DIRECT,proteasome-mediated ubiquitin-dependent protein catabolic process,40,245,330,16251,6.069999999999999e-24,1.5100000000000002e-21,8.04,7.550000000000001e-21,1.4400000000000001e-21,6.76e-25,GO:0043161~proteasome-mediated ubiquitin-dependent protein catabolic process,"PSMD12,PSMD11,CUL5,PSMD14,PSMD13,UBE2D3,UBE2D1,PSMB10,AURKA,PSMD8,PSMB6,PSMB7,PSMD6,PSMB4,PSMD7,PSMB5,PSMD4,KAT5,PSMB3,PSMD3,PSMB1,PSMD1,PRAME,ELOC,UBE2B,RAD23A,UBE2A,PSMB9,RBX1,DDB1,PSMA6,PSMC5,PSMA3,PSMA4,PSMA1,PSMA2,PSMC1,PSMC2,UBE2U,ERCC8",,20.82102305270683
REACTOME_PATHWAY,Mitotic G2-G2/M phases,35,213,186,10908,6.589999999999999e-24,6.149999999999999e-23,9.64,6.2000000000000004e-21,4.1599999999999994e-23,5.6999999999999995e-25,R-HSA-453274~Mitotic G2-G2/M phases,"PSMD12,PSMD11,PSMD14,PSMD13,LIN9,AURKA,PSMD8,PSMB6,PSMB7,PSMD6,PSMB4,PSMD7,PSMB5,PPP2R1B,PSMB3,PSMD3,PSMB1,PSMD1,RPS27A,HAUS4,DYNLL1,CKAP5,RBX1,MZT2A,PSMA6,PSMC5,PSMA3,PSMA4,PSMA1,NME7,PSMA2,PSMC1,PSMC2,UBA52,TUBA8",Cell cycle & mitosis,22.211124884224585
REACTOME_PATHWAY,Formation of paraxial mesoderm,23,213,57,10908,1.3899999999999998e-23,1.2800000000000001e-22,20.66,1.31e-20,8.679999999999999e-23,4.21e-25,R-HSA-9793380~Formation of paraxial mesoderm,"PSMD12,PSMD11,PSMD14,PSMD13,PSMD8,PSMB6,PSMA6,PSMB7,PSMD6,PSMC5,PSMA3,PSMB4,PSMD7,PSMA4,PSMB5,PSMA1,PSMA2,PSMB3,PSMC1,PSMC2,PSMD3,PSMB1,PSMD1",Other,21.89279003035213
REACTOME_PATHWAY,TCR signaling,28,213,104,10908,1.9599999999999997e-23,1.8000000000000001e-22,13.79,1.85e-20,1.22e-22,1.0799999999999999e-24,R-HSA-202403~TCR signaling,"PSMD12,PSMD11,PSMD14,PSMD13,UBE2D3,UBE2D1,PSMD8,PSMB6,PSMB7,PSMD6,PSMB4,PSMD7,PSMB5,PSMB3,PSMD3,PSMB1,PSMD1,RPS27A,PSMA6,PSMC5,PSMA3,PSMA4,PSMA1,PSMA2,PSMC1,PSMC2,UBE2V1,UBA52",Immune response & host–pathogen interactions,21.744727494896694
REACTOME_PATHWAY,Transcriptional regulation by RUNX3,26,213,86,10908,4.12e-23,3.69e-22,15.48,3.88e-20,2.5000000000000002e-22,1.92e-24,R-HSA-8878159~Transcriptional regulation by RUNX3,"PSMD12,PSMD11,PSMD14,PSMD13,PSMD8,PSMB6,PSMB7,PSMD6,PSMB4,PSMD7,PSMB5,PSMB3,MYC,PSMD3,PSMB1,PSMD1,RPS27A,PSMA6,PSMC5,PSMA3,PSMA4,PSMA1,PSMA2,PSMC1,PSMC2,UBA52",Cell signaling,21.43297363384094
REACTOME_PATHWAY,Regulation of PD-L1(CD274) Post-translational modification,26,213,86,10908,4.12e-23,3.69e-22,15.48,3.88e-20,2.5000000000000002e-22,1.92e-24,R-HSA-9909615~Regulation of PD-L1(CD274) Post-translational modification,"PSMD12,PSMD11,PSMD14,PSMD13,PSMD8,PSMB6,PSMB7,PSMD6,PSMB4,PSMD7,PSMB5,PSMB3,PSMD3,PSMB1,PSMD1,RPS27A,RBX1,PSMA6,PSMC5,PSMA3,PSMA4,PSMA1,PSMA2,PSMC1,PSMC2,UBA52",Immune response & host–pathogen interactions,21.43297363384094
REACTOME_PATHWAY,Regulation of expression of SLITs and ROBOs,31,213,144,10908,6.53e-23,5.8e-22,11.02,6.14e-20,3.92e-22,4.78e-24,R-HSA-9010553~Regulation of expression of SLITs and ROBOs,"PSMD12,PSMD11,PSMD14,PSMD13,EIF4A3,RPL11,PSMD8,PSMB6,PSMB7,PSMD6,PSMB4,PSMD7,PSMB5,PSMB3,PSMD3,PSMB1,PSMD1,RPL38,ELOC,RPS27A,RBX1,PSMA6,PSMC5,PSMA3,PSMA4,PSMA1,PSMA2,PSMC1,PSMC2,UBA52,EIF4G1",Cell signaling,21.23657200643706
REACTOME_PATHWAY,Circadian clock,28,213,109,10908,7.72e-23,6.79e-22,13.16,7.26e-20,4.59e-22,4.5e-24,R-HSA-9909396~Circadian clock,"PSMD12,PSMD11,PSMD14,PSMD13,UBE2D1,PSMD8,PSMB6,PPP1CC,PSMB7,PSMD6,PSMB4,PSMD7,PSMB5,PSMB3,PSMD3,PSMB1,PSMD1,RPS27A,RBX1,PSMA6,PSMC5,PSMA3,PSMA4,PSMA1,PSMA2,PSMC1,PSMC2,UBA52",Other,21.168130225719498
REACTOME_PATHWAY,Interleukin-1 signaling,27,213,100,10908,1.29e-22,1.13e-21,13.83,1.22e-19,7.62e-22,7.05e-24,R-HSA-9020702~Interleukin-1 signaling,"PSMD12,PSMD11,PSMD14,PSMD13,PSMD8,PSMB6,PSMB7,PSMD6,PSMB4,PSMD7,PSMB5,PSMB3,PSMD3,PSMB1,PSMD1,RPS27A,RBX1,PSMA6,PSMC5,PSMA3,PSMA4,PSMA1,PSMA2,PSMC1,PSMC2,UBE2V1,UBA52",Immune response & host–pathogen interactions,20.946921556516582
REACTOME_PATHWAY,Neddylation,36,213,230,10908,7.810000000000001e-22,6.750000000000001e-21,8.02,7.35e-19,4.57e-21,8.429999999999999e-23,R-HSA-8951664~Neddylation,"PSMD12,PSMD11,CUL5,PSMD14,PSMD13,UBE2D3,UBE2D1,COPS7A,PSMD8,PSMB6,PSMB7,PSMD6,PSMB4,PSMD7,PSMB5,PSMB3,PSMD3,PSMB1,PSMD1,ELOC,RPS27A,COMMD2,RBX1,DDB1,COPS3,PSMA6,PSMC5,COPS6,PSMA3,PSMA4,PSMA1,PSMA2,PSMC1,PSMC2,ERCC8,UBA52",Ubiquitin-mediated protein degradation,20.170696227168975
REACTOME_PATHWAY,TNFR2 non-canonical NF-kB pathway,25,213,87,10908,1.27e-21,1.09e-20,14.72,1.2e-18,7.38e-21,6.4e-23,R-HSA-5668541~TNFR2 non-canonical NF-kB pathway,"PSMD12,PSMD11,PSMD14,PSMD13,PSMD8,PSMB6,PSMB7,PSMD6,PSMB4,PSMD7,PSMB5,PSMB3,PSMD3,PSMB1,PSMD1,RPS27A,PSMA6,PSMC5,PSMA3,PSMA4,PSMA1,PSMA2,PSMC1,PSMC2,UBA52",Immune response & host–pathogen interactions,19.962573502059378
REACTOME_PATHWAY,Fc epsilon receptor (FCERI) signaling,28,213,122,10908,1.94e-21,1.63e-20,11.75,1.83e-18,1.1e-20,1.31e-22,R-HSA-2454202~Fc epsilon receptor (FCERI) signaling,"PSMD12,PSMD11,PSMD14,PSMD13,UBE2D3,UBE2D1,PSMD8,PSMB6,PSMB7,PSMD6,PSMB4,PSMD7,PSMB5,PSMB3,PSMD3,PSMB1,PSMD1,RPS27A,PSMA6,PSMC5,PSMA3,PSMA4,PSMA1,PSMA2,PSMC1,PSMC2,UBE2V1,UBA52",Immune response & host–pathogen interactions,19.787812395596042
REACTOME_PATHWAY,Hedgehog 'off' state,26,213,99,10908,1.94e-21,1.63e-20,13.45,1.83e-18,1.1e-20,1.1e-22,R-HSA-5610787~Hedgehog 'off' state,"PSMD12,PSMD11,PSMD14,PSMD13,PSMD8,PSMB6,PSMB7,PSMD6,PSMB4,PSMD7,PSMB5,PSMB3,PSMD3,PSMB1,PSMD1,RPS27A,RBX1,PSMA6,PSMC5,PSMA3,PSMA4,PSMA1,PSMA2,PSMC1,PSMC2,UBA52",Cell signaling,19.787812395596042
REACTOME_PATHWAY,KEAP1-NFE2L2 pathway,27,213,111,10908,2.3700000000000003e-21,1.97e-20,12.46,2.23e-18,1.33e-20,1.48e-22,R-HSA-9755511~KEAP1-NFE2L2 pathway,"PSMD12,PSMD11,PSMD14,PSMD13,PSMD8,PSMB6,PSMB7,PSMD6,PSMB4,PSMD7,PSMB5,PSMB3,MYC,PSMD3,PSMB1,PSMD1,RPS27A,RBX1,PSMA6,PSMC5,PSMA3,PSMA4,PSMA1,PSMA2,PSMC1,PSMC2,UBA52",Cell signaling,19.705533773838408
REACTOME_PATHWAY,Antigen processing: Ubiquitination & Proteasome degradation,39,213,291,10908,3.01e-21,2.49e-20,6.86,2.83e-18,1.68e-20,3.8900000000000003e-22,R-HSA-983168~Antigen processing: Ubiquitination & Proteasome degradation,"PSMD12,PSMD11,CUL5,PSMD14,PSMD13,UBE2D3,UBE2D1,ANAPC10,UBE2L3,PSMD8,PSMB6,PSMB7,PSMD6,PSMB4,PSMD7,PSMB5,PSMB3,CDC26,PSMD3,PSMB1,PSMD1,ELOC,RPS27A,UBE2B,UBE2E3,UBE2A,UBE2G2,RBX1,PSMA6,PSMC5,PSMA3,PSMA4,PSMA1,PSMA2,PSMC1,PSMC2,UBE2U,UBE2V1,UBA52",Immune response & host–pathogen interactions,19.603800652904265
REACTOME_PATHWAY,C-type lectin receptors (CLRs),28,213,124,10908,3.0700000000000002e-21,2.51e-20,11.56,2.89e-18,1.7e-20,2.12e-22,R-HSA-5621481~C-type lectin receptors (CLRs),"PSMD12,PSMD11,PSMD14,PSMD13,UBE2D3,UBE2D1,PSMD8,PSMB6,PSMB7,PSMD6,PSMB4,PSMD7,PSMB5,PSMB3,PSMD3,PSMB1,PSMD1,RPS27A,PSMA6,PSMC5,PSMA3,PSMA4,PSMA1,PSMA2,PSMC1,PSMC2,UBE2V1,UBA52",Immune response & host–pathogen interactions,19.600326278518963
REACTOME_PATHWAY,ABC-family protein mediated transport,25,213,90,10908,3.1000000000000002e-21,2.52e-20,14.23,2.92e-18,1.71e-20,1.63e-22,R-HSA-382556~ABC-family protein mediated transport,"PSMD12,PSMD11,PSMD14,PSMD13,PSMD8,PSMB6,PSMB7,PSMD6,PSMB4,PSMD7,PSMB5,PSMB3,PSMD3,PSMB1,PSMD1,RPS27A,PSMA6,PSMC5,PSMA3,PSMA4,PSMA1,PSMA2,PSMC1,PSMC2,UBA52",Membrane trafficking & vesicular transport,19.598599459218455
GOTERM_BP_DIRECT,response to oxidative stress,29,245,172,16251,3.2500000000000003e-21,6.72e-19,11.18,4.04e-18,6.43e-19,2.47e-22,GO:0006979~response to oxidative stress,"PSMD12,PSMD11,PCNA,PSMD14,PSMD13,PSMD8,PSMB6,PSMB7,PSMD6,PSMB4,WRN,PSMD7,PSMB5,PSMD4,PSMB3,PSMD3,PSMB1,PSMD1,PSMA6,PSMC5,PSMA3,PSMA4,PSMA1,PSMA2,PSMC1,PSME3,PSMC2,PSME1,ERCC8",,18.172630726946174
REACTOME_PATHWAY,Class I MHC mediated antigen processing & presentation,43,213,369,10908,4.01e-21,3.23e-20,5.97,3.77e-18,2.18e-20,6.0700000000000005e-22,R-HSA-983169~Class I MHC mediated antigen processing & presentation,"PSMD12,PSMD11,CUL5,PSMD14,PSMD13,UBE2D3,PIK3R4,UBE2D1,PSMB10,ANAPC10,UBE2L3,PSMD8,PSMB6,PSMB7,PSMD6,PSMB4,PSMD7,PSMB5,PSMB3,CDC26,PSMD3,PSMB1,PSMD1,ELOC,RPS27A,UBE2B,UBE2E3,UBE2A,UBE2G2,PSMB9,RBX1,PSMA6,PSMC5,PSMA3,PSMA4,PSMA1,PSMA2,PSMC1,PSMC2,UBE2U,PSME1,UBE2V1,UBA52",Immune response & host–pathogen interactions,19.4907974776689
REACTOME_PATHWAY,Transcriptional regulation by RUNX2,26,213,105,10908,9.360000000000001e-21,7.47e-20,12.68,8.81e-18,5.05e-20,5.73e-22,R-HSA-8878166~Transcriptional regulation by RUNX2,"PSMD12,PSMD11,PSMD14,PSMD13,PSMD8,PSMB6,PSMB7,PSMD6,PSMB4,PSMD7,PSMB5,PSMB3,PSMD3,PSMB1,PSMD1,RPS27A,RBX1,PSMA6,PSMC5,PSMA3,PSMA4,PSMA1,PSMA2,PSMC1,PSMC2,UBA52",Cell signaling,19.126679398184603
REACTOME_PATHWAY,RUNX1 regulates transcription of genes involved in differentiation of HSCs,25,213,95,10908,1.27e-20,1e-19,13.48,1.19e-17,6.78e-20,7.16e-22,R-HSA-8939236~RUNX1 regulates transcription of genes involved in differentiation of HSCs,"PSMD12,PSMD11,PSMD14,PSMD13,PSMD8,PSMB6,PSMB7,PSMD6,PSMB4,PSMD7,PSMB5,PSMB3,PSMD3,PSMB1,PSMD1,RPS27A,PSMA6,PSMC5,PSMA3,PSMA4,PSMA1,PSMA2,PSMC1,PSMC2,UBA52",Cell signaling,19.0
REACTOME_PATHWAY,HIV Infection,34,213,217,10908,1.31e-20,1.03e-19,8.02,1.23e-17,6.93e-20,1.41e-21,R-HSA-162906~HIV Infection,"PSMD12,FEN1,SEH1L,CCNT2,PSMD11,CUL5,PSMD14,PSMD13,PSMD8,PSMB6,PSMB7,PSMD6,PSMB4,PSMD7,PSMB5,PSMB3,PSMD3,PSMB1,PSMD1,NUP43,ELOC,RPS27A,PDCD6IP,RBX1,PSMA6,PSMC5,PSMA3,PSMA4,PSMA1,PSMA2,PSMC1,PSMC2,UBA52,RAN",Immune response & host–pathogen interactions,18.987162775294827
REACTOME_PATHWAY,Signaling by the B Cell Receptor (BCR),25,213,99,10908,3.65e-20,2.85e-19,12.93,3.44e-17,1.92e-19,2.1800000000000003e-21,R-HSA-983705~Signaling by the B Cell Receptor (BCR),"PSMD12,PSMD11,PSMD14,PSMD13,PSMD8,PSMB6,PSMB7,PSMD6,PSMB4,PSMD7,PSMB5,PSMB3,PSMD3,PSMB1,PSMD1,RPS27A,PSMA6,PSMC5,PSMA3,PSMA4,PSMA1,PSMA2,PSMC1,PSMC2,UBA52",Immune response & host–pathogen interactions,18.54515513999149
REACTOME_PATHWAY,Signaling by ROBO receptors,31,213,189,10908,2.4e-19,1.85e-18,8.4,2.26e-16,1.25e-18,2.45e-20,R-HSA-376176~Signaling by ROBO receptors,"PSMD12,PSMD11,PSMD14,PSMD13,EIF4A3,RPL11,PSMD8,PSMB6,PSMB7,PSMD6,PSMB4,PSMD7,PSMB5,PSMB3,PSMD3,PSMB1,PSMD1,RPL38,ELOC,RPS27A,RBX1,PSMA6,PSMC5,PSMA3,PSMA4,PSMA1,PSMA2,PSMC1,PSMC2,UBA52,EIF4G1",Cell signaling,17.732828271596986
REACTOME_PATHWAY,"Antigen processing: Ub, ATP-independent proteasomal degradation",14,213,19,10908,9.49e-19,7.27e-18,37.73,8.93e-16,4.91e-18,8.100000000000001e-21,"R-HSA-9912633~Antigen processing: Ub, ATP-independent proteasomal degradation","PSMB10,PSMB9,PSMB6,PSMA6,PSMB7,PSMA3,PSMB4,PSMA4,PSMB5,PSMA1,PSMA2,PSMB3,PSMB1,PSME1",Immune response & host–pathogen interactions,17.138465589140964
REACTOME_PATHWAY,PTEN Regulation,26,213,126,10908,1.08e-18,8.2e-18,10.57,1.02e-15,5.55e-18,8.35e-20,R-HSA-6807070~PTEN Regulation,"PSMD12,PSMD11,PSMD14,PSMD13,PSMD8,PSMB6,PSMB7,PSMD6,PSMB4,PSMD7,PSMB5,PSMB3,PSMD3,PSMB1,PSMD1,RPS27A,MTOR,PSMA6,PSMC5,PSMA3,PSMA4,PSMA1,PSMA2,PSMC1,PSMC2,UBA52",Cell signaling,17.086186147616285
REACTOME_PATHWAY,Interleukin-1 family signaling,27,213,140,10908,1.21e-18,9.1e-18,9.88,1.14e-15,6.16e-18,1.02e-19,R-HSA-446652~Interleukin-1 family signaling,"PSMD12,PSMD11,PSMD14,PSMD13,PSMD8,PSMB6,PSMB7,PSMD6,PSMB4,PSMD7,PSMB5,PSMB3,PSMD3,PSMB1,PSMD1,RPS27A,RBX1,PSMA6,PSMC5,PSMA3,PSMA4,PSMA1,PSMA2,PSMC1,PSMC2,UBE2V1,UBA52",Immune response & host–pathogen interactions,17.040958607678906
REACTOME_PATHWAY,TCF dependent signaling in response to WNT,31,213,200,10908,1.25e-18,9.33e-18,7.94,1.17e-15,6.31e-18,1.36e-19,R-HSA-201681~TCF dependent signaling in response to WNT,"PSMD12,PSMD11,PSMD14,PSMD13,PSMD8,PSMB6,PSMB7,PSMD6,PSMB4,PSMD7,PSMB5,PPP2R1B,KAT5,PSMB3,MYC,PSMD3,RUVBL1,PSMB1,PSMD1,RPS27A,PPP2R5B,RBX1,PSMA6,PSMC5,PSMA3,PSMA4,PSMA1,PSMA2,PSMC1,PSMC2,UBA52",Cell signaling,17.0301183562535
REACTOME_PATHWAY,Beta-catenin independent WNT signaling,26,213,132,10908,3.52e-18,2.61e-17,10.09,3.31e-15,1.77e-17,2.89e-19,R-HSA-3858494~Beta-catenin independent WNT signaling,"PSMD12,PSMD11,PSMD14,PSMD13,CLTC,PSMD8,PSMB6,PSMB7,PSMD6,PSMB4,PSMD7,PSMB5,PSMB3,PSMD3,PSMB1,PSMD1,RPS27A,PSMA6,PSMC5,PSMA3,PSMA4,PSMA1,PSMA2,PSMC1,PSMC2,UBA52",Cell signaling,16.583359492661717
REACTOME_PATHWAY,Signaling by Hedgehog,26,213,135,10908,6.21e-18,4.57e-17,9.86,5.84e-15,3.09e-17,5.23e-19,R-HSA-5358351~Signaling by Hedgehog,"PSMD12,PSMD11,PSMD14,PSMD13,PSMD8,PSMB6,PSMB7,PSMD6,PSMB4,PSMD7,PSMB5,PSMB3,PSMD3,PSMB1,PSMD1,RPS27A,RBX1,PSMA6,PSMC5,PSMA3,PSMA4,PSMA1,PSMA2,PSMC1,PSMC2,UBA52",Cell signaling,16.34008379993015
REACTOME_PATHWAY,Metabolism of proteins,94,213,2027,10908,7.74e-18,5.65e-17,2.37,7.28e-15,3.82e-17,3.17e-18,R-HSA-392499~Metabolism of proteins,"TOP2A,TOP2B,UBE2D3,SRP54,UBE2D1,ACTB,UBE2L3,EEF1B2,PSMD8,PSMD6,PSMD7,CAPZB,PSMD4,PSMD5,MYC,RUVBL1,PSMD3,PSMD1,RPL38,ELOC,CCT3,CCT2,MRPS27,VBP1,UBE2E3,ACTL6A,COMMD2,RAD23A,ARFGAP3,DYNLL1,DARS1,RBX1,DDB1,PSMA6,SARS1,PSMA3,DYNC1LI2,PSMA4,PSMA1,PSMA2,LARS1,PSME3,TCP1,PSME1,EEF1E1,UBA52,NAPA,COPB2,AARS1,PSMD12,SEH1L,PSMD11,PCNA,CUL5,PSMD14,KARS1,PSMD13,PRKDC,RPL11,COPS7A,TIMM10,PSMB10,AURKA,PSMB6,PSMB7,PSMB4,WRN,PSMB5,PSMB3,PSMB1,NUP43,RPS27A,ZC3H15,RWDD1,EIF2B3,UBE2B,UBE2A,UBE2G2,SRP68,WARS1,PSMB9,RAB10,CCT6A,COPS3,PSMC5,COPS6,EPRS1,PSMC1,PSMC2,EIF3G,ERCC8,PSMG2,EIF4G1,TUBA8",Protein & RNA homeostasis,16.247951552180563
GOTERM_BP_DIRECT,DNA replication,23,245,125,16251,1.19e-17,2.11e-15,12.2,1.48e-14,2.02e-15,8.16e-19,GO:0006260~DNA replication,"RFC5,UPF1,RTEL1,FEN1,RMI2,RFC3,SET,PCNA,RFC2,DSCC1,DONSON,RPA2,CHTF18,POLA2,WRN,POLE2,ORC2,RPA4,POLD2,MCM4,POLK,MCM6,MCM2",,14.675717544702307
REACTOME_PATHWAY,DNA Repair,36,213,312,10908,1.79e-17,1.3e-16,5.91,1.69e-14,8.79e-17,2.75e-18,R-HSA-73894~DNA Repair,"RTEL1,FEN1,PCNA,PRKDC,COPS7A,ACTB,WRN,KAT5,EXO1,EME2,RUVBL1,POLD2,POLK,RPS27A,RFC5,RFC3,RMI2,UBE2B,RFC2,ACTL6A,XRCC3,HUS1,RPA2,RAD23A,FANCE,RBX1,DDB1,COPS3,COPS6,FANCD2,MSH3,POLE2,ERCC8,POT1,RAD17,UBA52",DNA replication & repair,15.886056647693163
REACTOME_PATHWAY,Metabolism of RNA,53,213,714,10908,2.22e-17,1.59e-16,3.8,2.08e-14,1.08e-16,5.51e-18,R-HSA-8953854~Metabolism of RNA,"NXT1,GEMIN2,PRORP,EIF4A3,USP39,PSMD8,FBL,PSMD6,PSMD7,SNRPD1,KHSRP,PSMD3,DHX16,PSMD1,RPL38,MTREX,SNRPD3,UPF1,THOC6,PSMA6,PSMA3,PSMA4,PSMA1,PSMA2,RPP21,GEMIN8,UBA52,PSMD12,SEH1L,SET,SF3B3,PSMD11,PSMD14,PSMD13,NIP7,RPL11,THADA,PSMB6,PSMB7,NXF1,PSMB4,PSMB5,PSMB3,PSMB1,NUP43,RPS27A,RTRAF,PSMC5,EPRS1,PSMC1,PSMC2,RAN,EIF4G1",Protein & RNA homeostasis,15.79860287567955
REACTOME_PATHWAY,Disorders of transmembrane transporters,27,213,163,10908,6.11e-17,4.36e-16,8.48,1.04e-13,2.95e-16,6.17e-18,R-HSA-5619115~Disorders of transmembrane transporters,"PSMD12,SEH1L,PSMD11,PSMD14,PSMD13,PSMD8,PSMB6,PSMB7,PSMD6,PSMB4,PSMD7,PSMB5,PSMB3,PSMD3,PSMB1,PSMD1,NUP43,RPS27A,PSMA6,PSMC5,PSMA3,PSMA4,PSMA1,PSMA2,PSMC1,PSMC2,UBA52",Other,15.360513510731414
REACTOME_PATHWAY,Regulation of CDH1 Expression and Function,28,213,180,10908,7.43e-17,5.22e-16,7.97,1.04e-13,3.53e-16,8.08e-18,R-HSA-9764265~Regulation of CDH1 Expression and Function,"PSMD12,PSMD11,PSMD14,PSMD13,ACTB,ACTG1,PSMD8,PSMB6,PSMB7,PSMD6,PSMB4,PSMD7,PSMB5,PSMB3,MYC,PSMD3,PSMB1,PSMD1,RPS27A,PSMA6,PSMC5,PSMA3,PSMA4,PSMA1,PSMA2,PSMC1,PSMC2,UBA52",Cell cycle & mitosis,15.282329496997738
REACTOME_PATHWAY,Regulation of Expression and Function of Type I Classical Cadherins,28,213,180,10908,7.43e-17,5.22e-16,7.97,1.04e-13,3.53e-16,8.08e-18,R-HSA-9764274~Regulation of Expression and Function of Type I Classical Cadherins,"PSMD12,PSMD11,PSMD14,PSMD13,ACTB,ACTG1,PSMD8,PSMB6,PSMB7,PSMD6,PSMB4,PSMD7,PSMB5,PSMB3,MYC,PSMD3,PSMB1,PSMD1,RPS27A,PSMA6,PSMC5,PSMA3,PSMA4,PSMA1,PSMA2,PSMC1,PSMC2,UBA52",Cytoskeleton & Rho GTPase signaling,15.282329496997738
REACTOME_PATHWAY,Ub-specific processing proteases,27,213,166,10908,9.7e-17,6.77e-16,8.33,1.04e-13,4.58e-16,1e-17,R-HSA-5689880~Ub-specific processing proteases,"PSMD12,PSMD11,PSMD14,PSMD13,PSMD8,PSMB6,PSMB7,PSMD6,PSMB4,PSMD7,PSMB5,PSMB3,MYC,PSMD3,RUVBL1,PSMB1,PSMD1,RPS27A,PSMA6,PSMC5,PSMA3,PSMA4,PSMA1,PSMA2,PSMC1,PSMC2,UBA52",Ubiquitin-mediated protein degradation,15.169411331314855
REACTOME_PATHWAY,Gastrulation,23,213,110,10908,1.19e-16,8.22e-16,10.71,1.04e-13,5.56e-16,9.04e-18,R-HSA-9758941~Gastrulation,"PSMD12,PSMD11,PSMD14,PSMD13,PSMD8,PSMB6,PSMA6,PSMB7,PSMD6,PSMC5,PSMA3,PSMB4,PSMD7,PSMA4,PSMB5,PSMA1,PSMA2,PSMB3,PSMC1,PSMC2,PSMD3,PSMB1,PSMD1",Other,15.08512818245995
REACTOME_PATHWAY,Deubiquitination,31,213,241,10908,2.49e-16,1.72e-15,6.59,2.09e-13,1.16e-15,3.38e-17,R-HSA-5688426~Deubiquitination,"PSMD12,PSMD11,PSMD14,PSMD13,UBE2D1,ACTB,PSMD8,PSMB6,PSMB7,PSMD6,PSMB4,PSMD7,PSMB5,PSMB3,MYC,PSMD3,RUVBL1,PSMB1,PSMD1,RPS27A,ACTL6A,RAD23A,PSMA6,PSMC5,PSMA3,PSMA4,PSMA1,PSMA2,PSMC1,PSMC2,UBA52",Ubiquitin-mediated protein degradation,14.76447155309245
REACTOME_PATHWAY,Regulation of PD-L1(CD274) expression,27,213,173,10908,2.74e-16,1.87e-15,7.99,2.09e-13,1.27e-15,2.97e-17,R-HSA-9909648~Regulation of PD-L1(CD274) expression,"PSMD12,PSMD11,PSMD14,PSMD13,PSMD8,PSMB6,PSMB7,PSMD6,PSMB4,PSMD7,PSMB5,PSMB3,MYC,PSMD3,PSMB1,PSMD1,RPS27A,RBX1,PSMA6,PSMC5,PSMA3,PSMA4,PSMA1,PSMA2,PSMC1,PSMC2,UBA52",Immune response & host–pathogen interactions,14.7281583934635
REACTOME_PATHWAY,HDR through Homologous Recombination (HRR),19,213,68,10908,3.91e-16,2.65e-15,14.31,4.18e-13,1.79e-15,2.05e-17,R-HSA-5685942~HDR through Homologous Recombination (HRR),"RFC5,RTEL1,RMI2,RFC3,PCNA,RFC2,XRCC3,HUS1,RPA2,WRN,KAT5,EXO1,EME2,POLE2,POLD2,RAD17,POLK,RPS27A,UBA52",DNA replication & repair,14.576754126063193
REACTOME_PATHWAY,Telomere C-strand (Lagging Strand) Synthesis,15,213,33,10908,4.12e-16,2.77e-15,23.28,4.18e-13,1.88e-15,1.04e-17,R-HSA-174417~Telomere C-strand (Lagging Strand) Synthesis,"RFC5,STN1,FEN1,RFC3,PCNA,RFC2,DSCC1,PRIM1,RPA2,CHTF18,POLA2,WRN,TEN1,POLD2,POT1",DNA replication & repair,14.557520230935552
GOTERM_BP_DIRECT,proteasomal ubiquitin-independent protein catabolic process,12,245,19,16251,4.7e-16,7.29e-14,41.89,5.52e-13,6.97e-14,4.79e-18,GO:0010499~proteasomal ubiquitin-independent protein catabolic process,"PSMB6,PSMA6,PSMB7,PSMA3,PSMB4,PSMA4,PSMB5,PSMA1,PSMA2,PSMB3,PSMB1,PSMB10",,13.137272471682026
REACTOME_PATHWAY,Extension of Telomeres,17,213,50,10908,6.22e-16,4.16e-15,17.41,6.27e-13,2.81e-15,2.48e-17,R-HSA-180786~Extension of Telomeres,"RFC5,RTEL1,STN1,FEN1,RFC3,PCNA,RFC2,DSCC1,PRIM1,RPA2,CHTF18,POLA2,WRN,TEN1,POLD2,RUVBL1,POT1",DNA replication & repair,14.380906669373257
REACTOME_PATHWAY,Regulation of Homotypic Cell-Cell Adhesion,28,213,196,10908,7.79e-16,5.17e-15,7.32,7.31e-13,3.5e-15,8.03e-17,R-HSA-9759476~Regulation of Homotypic Cell-Cell Adhesion,"PSMD12,PSMD11,PSMD14,PSMD13,ACTB,ACTG1,PSMD8,PSMB6,PSMB7,PSMD6,PSMB4,PSMD7,PSMB5,PSMB3,MYC,PSMD3,PSMB1,PSMD1,RPS27A,PSMA6,PSMC5,PSMA3,PSMA4,PSMA1,PSMA2,PSMC1,PSMC2,UBA52",Cytoskeleton & Rho GTPase signaling,14.286509456906057
REACTOME_PATHWAY,Programmed Cell Death,28,213,199,10908,1.1e-15,7.22e-15,7.21,1.04e-12,4.88e-15,1.2e-16,R-HSA-5357801~Programmed Cell Death,"PSMD12,PSMD11,PSMD14,PSMD13,UBE2L3,PSMD8,PSMB6,PSMB7,PSMD6,PSMB4,PSMD7,PSMB5,PSMB3,PSMD3,PSMB1,PSMD1,RPS27A,PDCD6IP,DYNLL1,PSMA6,PSMC5,PSMA3,PSMA4,PSMA1,PSMA2,PSMC1,PSMC2,UBA52",Other,14.141462802430361
REACTOME_PATHWAY,Apoptosis,26,213,166,10908,1.12e-15,7.33e-15,8.02,1.04e-12,4.96e-15,1.09e-16,R-HSA-109581~Apoptosis,"PSMD12,PSMD11,PSMD14,PSMD13,PSMD8,PSMB6,PSMB7,PSMD6,PSMB4,PSMD7,PSMB5,PSMB3,PSMD3,PSMB1,PSMD1,RPS27A,DYNLL1,PSMA6,PSMC5,PSMA3,PSMA4,PSMA1,PSMA2,PSMC1,PSMC2,UBA52",Other,14.134896025358872
REACTOME_PATHWAY,Regulation of T cell activation by CD28 family,30,213,242,10908,2.59e-15,1.68e-14,6.35,2.4e-12,1.14e-14,3.19e-16,R-HSA-388841~Regulation of T cell activation by CD28 family,"PSMD12,PSMD11,PSMD14,PSMD13,PSMD8,PSMB6,PSMB7,PSMD6,PSMB4,PSMD7,PSMB5,PPP2R1B,PSMB3,MYC,PSMD3,PSMB1,PSMD1,RPS27A,PPP2R5B,MTOR,RBX1,PSMA6,PSMC5,PSMA3,PSMA4,PSMA1,PSMA2,PSMC1,PSMC2,UBA52",Immune response & host–pathogen interactions,13.774690718274137
REACTOME_PATHWAY,Cellular response to chemical stress,27,213,189,10908,2.8e-15,1.81e-14,7.32,2.61e-12,1.22e-14,2.96e-16,R-HSA-9711123~Cellular response to chemical stress,"PSMD12,PSMD11,PSMD14,PSMD13,PSMD8,PSMB6,PSMB7,PSMD6,PSMB4,PSMD7,PSMB5,PSMB3,MYC,PSMD3,PSMB1,PSMD1,RPS27A,RBX1,PSMA6,PSMC5,PSMA3,PSMA4,PSMA1,PSMA2,PSMC1,PSMC2,UBA52",Other,13.742321425130816
REACTOME_PATHWAY,Co-inhibition by PD-1,27,213,191,10908,3.53e-15,2.26e-14,7.24,3.34e-12,1.53e-14,3.89e-16,R-HSA-389948~Co-inhibition by PD-1,"PSMD12,PSMD11,PSMD14,PSMD13,PSMD8,PSMB6,PSMB7,PSMD6,PSMB4,PSMD7,PSMB5,PSMB3,MYC,PSMD3,PSMB1,PSMD1,RPS27A,RBX1,PSMA6,PSMC5,PSMA3,PSMA4,PSMA1,PSMA2,PSMC1,PSMC2,UBA52",Immune response & host–pathogen interactions,13.645891560852599
REACTOME_PATHWAY,RAF/MAP kinase cascade,31,213,267,10908,4.84e-15,3.08e-14,5.95,4.6e-12,2.08e-14,7.46e-16,R-HSA-5673001~RAF/MAP kinase cascade,"PSMD12,PSMD11,PSMD14,PSMD13,ACTB,ACTG1,PSMD8,PSMB6,PPP1CC,PSMB7,PSMD6,PSMB4,PSMD7,PSMB5,PPP2R1B,PSMB3,PSMD3,PSMB1,PSMD1,RPS27A,PPP2R5B,RBX1,PSMA6,PSMC5,PSMA3,PSMA4,PSMA1,PSMA2,PSMC1,PSMC2,UBA52",Cell signaling,13.511449283499555
REACTOME_PATHWAY,MAPK1/MAPK3 signaling,31,213,273,10908,8.83e-15,5.58e-14,5.82,8.36e-12,3.78e-14,1.41e-15,R-HSA-5684996~MAPK1/MAPK3 signaling,"PSMD12,PSMD11,PSMD14,PSMD13,ACTB,ACTG1,PSMD8,PSMB6,PPP1CC,PSMB7,PSMD6,PSMB4,PSMD7,PSMB5,PPP2R1B,PSMB3,PSMD3,PSMB1,PSMD1,RPS27A,PPP2R5B,RBX1,PSMA6,PSMC5,PSMA3,PSMA4,PSMA1,PSMA2,PSMC1,PSMC2,UBA52",Cell signaling,13.25336580106242
REACTOME_PATHWAY,Transcriptional regulation by RUNX1,27,213,200,10908,1.1e-14,6.93e-14,6.91,1.03e-11,4.69e-14,1.37e-15,R-HSA-8878171~Transcriptional regulation by RUNX1,"PSMD12,PSMD11,PSMD14,PSMD13,PSMD8,PSMB6,PSMB7,PSMD6,PSMB4,PSMD7,PSMB5,PSMB3,PSMD3,PSMB1,PSMD1,RPS27A,PBRM1,ACTL6A,PSMA6,PSMC5,PSMA3,PSMA4,PSMA1,PSMA2,PSMC1,PSMC2,UBA52",Cell signaling,13.159266765388193
REACTOME_PATHWAY,Signaling by WNT,32,213,298,10908,1.39e-14,8.68e-14,5.5,1.31e-11,5.87e-14,2.31e-15,R-HSA-195721~Signaling by WNT,"PSMD12,PSMD11,PSMD14,PSMD13,CLTC,PSMD8,PSMB6,PSMB7,PSMD6,PSMB4,PSMD7,PSMB5,PPP2R1B,KAT5,PSMB3,MYC,PSMD3,RUVBL1,PSMB1,PSMD1,RPS27A,PPP2R5B,RBX1,PSMA6,PSMC5,PSMA3,PSMA4,PSMA1,PSMA2,PSMC1,PSMC2,UBA52",Cell signaling,13.061480274823507
REACTOME_PATHWAY,Global Genome Nucleotide Excision Repair (GG-NER),19,213,82,10908,1.48e-14,9.19e-14,11.87,1.4e-11,6.22e-14,1.05e-15,R-HSA-5696399~Global Genome Nucleotide Excision Repair (GG-NER),"RFC5,RFC3,PCNA,RFC2,ACTL6A,RPA2,COPS7A,RAD23A,ACTB,RBX1,DDB1,COPS3,COPS6,POLE2,POLD2,RUVBL1,POLK,RPS27A,UBA52",DNA replication & repair,13.036684488613888
REACTOME_PATHWAY,Signaling by NOTCH,27,213,205,10908,2.02e-14,1.24e-13,6.74,1.9e-11,8.4e-14,2.69e-15,R-HSA-157118~Signaling by NOTCH,"PSMD12,PSMD11,PSMD14,PSMD13,PSMD8,PSMB6,PSMB7,PSMD6,PSMB4,PSMD7,PSMB5,PSMB3,MYC,PSMD3,PSMB1,PSMD1,RPS27A,RBX1,PSMA6,PSMC5,PSMA3,PSMA4,PSMA1,PSMA2,PSMC1,PSMC2,UBA52",Cell signaling,12.906578314837764
REACTOME_PATHWAY,Post-translational protein modification,71,213,1431,10908,3.84e-14,2.35e-13,2.54,3.61e-11,1.59e-13,1.45e-14,R-HSA-597592~Post-translational protein modification,"TOP2A,TOP2B,UBE2D3,UBE2D1,ACTB,UBE2L3,PSMD8,PSMD6,PSMD7,CAPZB,PSMD4,PSMD5,MYC,RUVBL1,PSMD3,PSMD1,ELOC,UBE2E3,ACTL6A,COMMD2,RAD23A,ARFGAP3,DYNLL1,RBX1,DDB1,PSMA6,PSMA3,DYNC1LI2,PSMA4,PSMA1,PSMA2,PSME3,PSME1,UBA52,NAPA,COPB2,PSMD12,SEH1L,PSMD11,PCNA,CUL5,PSMD14,PSMD13,PRKDC,COPS7A,PSMB10,AURKA,PSMB6,PSMB7,PSMB4,WRN,PSMB5,PSMB3,PSMB1,NUP43,RPS27A,ZC3H15,RWDD1,UBE2B,UBE2A,UBE2G2,PSMB9,RAB10,COPS3,PSMC5,COPS6,PSMC1,PSMC2,ERCC8,PSMG2,TUBA8",Protein & RNA homeostasis,12.628932137728263
REACTOME_PATHWAY,MAPK family signaling cascades,32,213,311,10908,4.53e-14,2.75e-13,5.27,4.26e-11,1.86e-13,7.91e-15,R-HSA-5683057~MAPK family signaling cascades,"PSMD12,PSMD11,PSMD14,PSMD13,ACTB,ACTG1,PSMD8,PSMB6,PPP1CC,PSMB7,PSMD6,PSMB4,PSMD7,PSMB5,PPP2R1B,PSMB3,MYC,PSMD3,PSMB1,PSMD1,RPS27A,PPP2R5B,RBX1,PSMA6,PSMC5,PSMA3,PSMA4,PSMA1,PSMA2,PSMC1,PSMC2,UBA52",Cell signaling,12.560667306169737
REACTOME_PATHWAY,Cellular responses to stress,49,213,745,10908,6.95e-14,4.2e-13,3.37,6.54e-11,2.84e-13,1.96e-14,R-HSA-2262752~Cellular responses to stress,"UBE2D3,UBE2D1,PSMD8,PSMD6,PSMD7,KAT5,CAPZB,MYC,CDC26,KHSRP,PSMD3,PSMD1,RPL38,ELOC,ATP6V1E1,PPP2R5B,ARFGAP3,DYNLL1,RBX1,PSMA6,PSMA3,DYNC1LI2,PSMA4,PSMA1,PSMA2,POT1,UBA52,PSMD12,SEH1L,PSMD11,PSMD14,PSMD13,RPL11,ANAPC10,PSMB6,PSMB7,PSMB4,PSMB5,PSMB3,PSMB1,NUP43,RPS27A,ATP6V1F,RPA2,MTOR,PSMC5,PSMC1,PSMC2,TUBA8",Other,12.3767507096021
GOTERM_BP_DIRECT,regulation of G1/S transition of mitotic cell cycle,16,245,69,16251,7.97e-14,1.1e-11,15.38,9.91e-11,1.05e-11,4.14e-15,GO:2000045~regulation of G1/S transition of mitotic cell cycle,"PBRM1,ACTL6A,ACTB,PSMB6,PSMA6,PSMB7,PSMA3,PSMB4,PSMA4,PSMB5,PSMA1,PSMA2,PSMB3,PSME3,PSMB1,PSME1",,10.958607314841775
REACTOME_PATHWAY,Adherens junctions interactions,28,213,240,10908,1.21e-13,7.27e-13,5.97,1.14e-10,4.91e-13,1.83e-14,R-HSA-418990~Adherens junctions interactions,"PSMD12,PSMD11,PSMD14,PSMD13,ACTB,ACTG1,PSMD8,PSMB6,PSMB7,PSMD6,PSMB4,PSMD7,PSMB5,PSMB3,MYC,PSMD3,PSMB1,PSMD1,RPS27A,PSMA6,PSMC5,PSMA3,PSMA4,PSMA1,PSMA2,PSMC1,PSMC2,UBA52",Cytoskeleton & Rho GTPase signaling,12.138465589140962
REACTOME_PATHWAY,Metabolism of amino acids and derivatives,33,213,345,10908,1.27e-13,7.58e-13,4.9,1.2e-10,5.13e-13,2.38e-14,R-HSA-71291~Metabolism of amino acids and derivatives,"PSMD12,PSMD11,PSMD14,PSMD13,KARS1,RPL11,PSMD8,PSMB6,PSMB7,PSMD6,PSMB4,PSMD7,PSMB5,PSMB3,PSMD3,PSMB1,PSMD1,RPL38,RPS27A,DARS1,PSMA6,PSMC5,SARS1,PSMA3,PSMA4,EPRS1,PSMA1,PSMA2,LARS1,PSMC1,PSMC2,EEF1E1,UBA52",Other,12.120330794367947
REACTOME_PATHWAY,Nucleotide Excision Repair,20,213,106,10908,1.37e-13,8.11e-13,9.66,1.29e-10,5.49e-13,1.18e-14,R-HSA-5696398~Nucleotide Excision Repair,"RFC5,RFC3,PCNA,RFC2,ACTL6A,RPA2,COPS7A,RAD23A,ACTB,RBX1,DDB1,COPS3,COPS6,POLE2,POLD2,RUVBL1,ERCC8,POLK,RPS27A,UBA52",DNA replication & repair,12.090979145788843
GOTERM_BP_DIRECT,"CD8-positive, alpha-beta T cell homeostasis",10,245,15,16251,1.55e-13,1.92e-11,44.22,1.93e-10,1.84e-11,1.41e-15,"GO:0160165~CD8-positive, alpha-beta T cell homeostasis","PSMA6,PSMA3,PSMB4,PSMA4,PSMA1,PSMA2,PSMB3,PSMB1,PSMB10,PSMB9",,10.71669877129645
GOTERM_BP_DIRECT,"CD8-positive, alpha-beta T cell differentiation",10,245,16,16251,3.49e-13,3.62e-11,41.46,4.34e-10,3.46e-11,3.7e-15,"GO:0043374~CD8-positive, alpha-beta T cell differentiation","PSMA6,PSMA3,PSMB4,PSMA4,PSMA1,PSMA2,PSMB3,PSMB1,PSMB10,PSMB9",,10.441291429466835
GOTERM_BP_DIRECT,thymic T cell selection,10,245,16,16251,3.49e-13,3.62e-11,41.46,4.34e-10,3.46e-11,3.7e-15,GO:0045061~thymic T cell selection,"PSMA6,PSMA3,PSMB4,PSMA4,PSMA1,PSMA2,PSMB3,PSMB1,PSMB10,PSMB9",,10.441291429466835
REACTOME_PATHWAY,Adaptive Immune System,52,213,874,10908,4.73e-13,2.78e-12,3.05,4.45e-10,1.88e-12,1.48e-13,R-HSA-1280218~Adaptive Immune System,"UBE2D3,CLTC,UBE2D1,UBE2L3,PSMD8,PSMD6,PSMD7,PPP2R1B,CAPZB,MYC,CDC26,PSMD3,PSMD1,ELOC,UBE2E3,PPP2R5B,DYNLL1,RBX1,PSMA6,PSMA3,DYNC1LI2,PSMA4,PSMA1,PSMA2,PSME1,UBE2V1,UBA52,PSMD12,PSMD11,CUL5,PSMD14,PSMD13,PIK3R4,ANAPC10,PSMB10,PSMB6,PSMB7,PSMB4,PSMB5,PSMB3,PSMB1,RPS27A,UBE2B,UBE2A,UBE2G2,MTOR,PSMB9,PSMC5,PSMC1,PSMC2,UBE2U,TUBA8",Immune response & host–pathogen interactions,11.555955204081924
REACTOME_PATHWAY,Viral Infection Pathways,56,213,1004,10908,5.98e-13,3.5e-12,2.86,5.63e-10,2.37e-12,2.01e-13,R-HSA-9824446~Viral Infection Pathways,"FEN1,CCNT2,GEMIN2,EIF4A3,CLTC,IPO7,IPO5,PSMD8,PPP1CC,PSMD6,PSMD7,SNRPD1,PSMD3,DHX16,PSMD1,RPL38,ELOC,SNRPD3,PDCD6IP,DYNLL1,RBX1,PSMA6,PSMA3,DYNC1LI2,PSMA4,PSMA1,PSMA2,MED21,UBE2V1,GEMIN8,UBA52,PSMD12,SEH1L,SF3B3,PSMD11,CUL5,PSMD14,PSMD13,RPL11,PIK3R4,RRBP1,PSMB6,PSMB7,PSMB4,PSMB5,PSMB3,PSMB1,NUP43,RPS27A,MTOR,PSMC5,PSMC1,PSMC2,RAN,EIF4G1,TUBA8",Immune response & host–pathogen interactions,11.455931955649724
REACTOME_PATHWAY,Cellular responses to stimuli,51,213,852,10908,6.86e-13,3.99e-12,3.07,6.46e-10,2.7e-12,2.13e-13,R-HSA-8953897~Cellular responses to stimuli,"UBE2D3,UBE2D1,PSMD8,PSMD6,PSMD7,PPP2R1B,KAT5,CAPZB,MYC,CDC26,KHSRP,PSMD3,PSMD1,RPL38,ELOC,ATP6V1E1,PDE4D,PPP2R5B,ARFGAP3,DYNLL1,RBX1,PSMA6,PSMA3,DYNC1LI2,PSMA4,PSMA1,PSMA2,POT1,UBA52,PSMD12,SEH1L,PSMD11,PSMD14,PSMD13,RPL11,ANAPC10,PSMB6,PSMB7,PSMB4,PSMB5,PSMB3,PSMB1,NUP43,RPS27A,ATP6V1F,RPA2,MTOR,PSMC5,PSMC1,PSMC2,TUBA8",Other,11.399027104313252
REACTOME_PATHWAY,Polymerase switching on the C-strand of the telomere,12,213,26,10908,6.9e-13,3.99e-12,23.64,6.5e-10,2.7e-12,1.71e-14,R-HSA-174411~Polymerase switching on the C-strand of the telomere,"RFC5,POLA2,STN1,RFC3,TEN1,PCNA,RFC2,DSCC1,PRIM1,POLD2,POT1,CHTF18",DNA replication & repair,11.399027104313252
REACTOME_PATHWAY,PIP3 activates AKT signaling,28,213,264,10908,1.22e-12,7.01e-12,5.43,1.15e-09,4.74e-12,2.04e-13,R-HSA-1257604~PIP3 activates AKT signaling,"PSMD12,PSMD11,PSMD14,PSMD13,PSMD8,PSMB6,PSMB7,PSMD6,PSMB4,PSMD7,PSMB5,PPP2R1B,PSMB3,PSMD3,PSMB1,PSMD1,RPS27A,PPP2R5B,MTOR,PSMA6,PSMC5,PSMA3,PSMA4,PSMA1,PSMA2,PSMC1,PSMC2,UBA52",Cell signaling,11.154281982033341
REACTOME_PATHWAY,Infectious disease,62,213,1223,10908,1.39e-12,7.92e-12,2.6,1.31e-09,5.35e-12,5.14e-13,R-HSA-5663205~Infectious disease,"FEN1,CCNT2,GEMIN2,UBE2D3,EIF4A3,ARPC1A,CLTC,IPO7,ACTB,IPO5,ACTG1,PSMD8,PPP1CC,PSMD6,PSMD7,SNRPD1,PSMD3,DHX16,PSMD1,RPL38,ELOC,SNRPD3,PDCD6IP,DYNLL1,RBX1,PSMA6,PSMA3,DYNC1LI2,PSMA4,PSMA1,PSMA2,MED21,UBE2V1,GEMIN8,UBA52,PSMD12,SEH1L,SF3B3,PSMD11,CUL5,PSMD14,PSMD13,RPL11,PIK3R4,RRBP1,PSMB6,PSMB7,PSMB4,PSMB5,PSMB3,PSMB1,NUP43,RPS27A,MTOR,PSMC5,ARPC2,ARPC3,PSMC1,PSMC2,RAN,EIF4G1,TUBA8",Immune response & host–pathogen interactions,11.101274818410506
GOTERM_BP_DIRECT,DNA damage response,28,245,341,16251,1.71e-12,1.63e-10,5.45,2.12e-09,1.56e-10,2.91e-13,GO:0006974~DNA damage response,"TOP2A,PRKDC,PSMB6,PSMB7,PSMB4,WRN,PSMB5,KAT5,PAXX,PSMB3,MYC,PSMB1,MTREX,POLK,UBE2B,XRCC3,HUS1,DYNLL1,MTOR,RBX1,DDB1,PSMA6,PSMA3,PSMA4,PSMA1,PSMA2,ERCC8,RAD17",,9.787812395596042
REACTOME_PATHWAY,Cell-cell junction organization,28,213,270,10908,2.1e-12,1.19e-11,5.31,1.98e-09,8.06e-12,3.61e-13,R-HSA-421270~Cell-cell junction organization,"PSMD12,PSMD11,PSMD14,PSMD13,ACTB,ACTG1,PSMD8,PSMB6,PSMB7,PSMD6,PSMB4,PSMD7,PSMB5,PSMB3,MYC,PSMD3,PSMB1,PSMD1,RPS27A,PSMA6,PSMC5,PSMA3,PSMA4,PSMA1,PSMA2,PSMC1,PSMC2,UBA52",Cytoskeleton & Rho GTPase signaling,10.924453038607469
GOTERM_BP_DIRECT,T-helper 17 cell differentiation,10,245,19,16251,2.71e-12,2.25e-10,34.91,3.37e-09,2.15e-10,4.14e-14,GO:0072539~T-helper 17 cell differentiation,"PSMA6,PSMA3,PSMB4,PSMA4,PSMA1,PSMA2,PSMB3,PSMB1,PSMB10,PSMB9",,9.647817481888637
GOTERM_BP_DIRECT,negative regulation of regulatory T cell differentiation,10,245,19,16251,2.71e-12,2.25e-10,34.91,3.37e-09,2.15e-10,4.14e-14,GO:0045590~negative regulation of regulatory T cell differentiation,"PSMA6,PSMA3,PSMB4,PSMA4,PSMA1,PSMA2,PSMB3,PSMB1,PSMB10,PSMB9",,9.647817481888637
REACTOME_PATHWAY,Recognition of DNA damage by PCNA-containing replication complex,12,213,29,10908,2.94e-12,1.66e-11,21.19,2.76e-09,1.12e-11,8.74e-14,R-HSA-110314~Recognition of DNA damage by PCNA-containing replication complex,"RFC5,DDB1,RFC3,PCNA,UBE2B,RFC2,POLE2,POLD2,RPA2,RPS27A,UBA52,RBX1",DNA replication & repair,10.779891911959945
REACTOME_PATHWAY,Axon guidance,38,213,514,10908,3.24e-12,1.82e-11,3.79,3.05e-09,1.23e-11,8.03e-13,R-HSA-422475~Axon guidance,"PSMD12,PSMD11,PSMD14,PSMD13,EIF4A3,RPL11,ARPC1A,CLTC,ACTB,ACTG1,PSMD8,PSMB6,PSMB7,PSMD6,PSMB4,PSMD7,PSMB5,PSMB3,PSMD3,PSMB1,PSMD1,RPL38,ELOC,RPS27A,RBX1,PSMA6,PSMC5,PSMA3,PSMA4,PSMA1,ARPC2,ARPC3,PSMA2,PSMC1,PSMC2,UBA52,TUBA8,EIF4G1",Cytoskeleton & Rho GTPase signaling,10.739928612014925
REACTOME_PATHWAY,Homology Directed Repair,20,213,127,10908,4e-12,2.23e-11,8.06,3.77e-09,1.51e-11,4.28e-13,R-HSA-5693538~Homology Directed Repair,"RFC5,RTEL1,FEN1,RMI2,RFC3,PCNA,RFC2,XRCC3,HUS1,RPA2,WRN,KAT5,EXO1,EME2,POLE2,POLD2,RAD17,POLK,RPS27A,UBA52",DNA replication & repair,10.651695136951838
REACTOME_PATHWAY,DNA strand elongation,12,213,31,10908,6.95e-12,3.85e-11,19.82,6.54e-09,2.6e-11,2.3e-13,R-HSA-69190~DNA strand elongation,"RFC5,POLA2,FEN1,RFC3,PCNA,RFC2,PRIM1,POLD2,RPA2,MCM4,MCM6,MCM2",DNA replication & repair,10.414539270491499
REACTOME_PATHWAY,Disease,82,213,2013,10908,7.72e-12,4.25e-11,2.09,7.26e-09,2.88e-11,3.6e-12,R-HSA-1643685~Disease,"FEN1,CCNT2,GEMIN2,UBE2D3,EIF4A3,ARPC1A,CLTC,UBE2D1,IPO7,ACTB,IPO5,ACTG1,PSMD8,PPP1CC,PSMD6,PSMD7,PPP2R1B,KAT5,EXO1,SNRPD1,MYC,CDC26,PSMD3,DHX16,PSMD1,RPL38,ELOC,SNRPD3,RFC5,RMI2,RFC3,PDCD6IP,RFC2,PPP2R5B,HUS1,DYNLL1,APRT,RBX1,PSMA6,PSMA3,DYNC1LI2,PSMA4,PSMA1,PSMA2,MSH3,MED21,UBE2V1,GEMIN8,UBA52,PSMD12,SEH1L,SF3B3,PSMD11,CUL5,PSMD14,PSMD13,PRIM1,RPL11,PIK3R4,RRBP1,ANAPC10,PSMB6,PSMB7,PSMB4,WRN,PSMB5,PSMB3,PSMB1,NUP43,RPS27A,RPA2,MTOR,PSMC5,POLA2,ARPC2,ARPC3,PSMC1,PSMC2,RAD17,RAN,EIF4G1,TUBA8",Other,10.371611069949688
REACTOME_PATHWAY,Diseases of signal transduction by growth factor receptors and second messengers,35,213,453,10908,8.74e-12,4.79e-11,3.96,8.23e-09,3.24e-11,2.07e-12,R-HSA-5663202~Diseases of signal transduction by growth factor receptors and second messengers,"PSMD12,PSMD11,PSMD14,PSMD13,CLTC,RRBP1,ACTB,ACTG1,PSMD8,PSMB6,PPP1CC,PSMB7,PSMD6,PSMB4,PSMD7,PSMB5,PPP2R1B,PSMB3,MYC,PSMD3,PSMB1,PSMD1,RPS27A,PPP2R5B,MTOR,RBX1,PSMA6,PSMC5,PSMA3,PSMA4,PSMA1,PSMA2,PSMC1,PSMC2,UBA52",Cell signaling,10.319664486585436
REACTOME_PATHWAY,Transcription-Coupled Nucleotide Excision Repair (TC-NER),16,213,75,10908,1.06e-11,5.77e-11,10.93,9.97e-09,3.9e-11,7.87e-13,R-HSA-6781827~Transcription-Coupled Nucleotide Excision Repair (TC-NER),"RFC5,RFC3,PCNA,RFC2,RPA2,COPS7A,RBX1,DDB1,COPS3,COPS6,POLE2,POLD2,ERCC8,POLK,RPS27A,UBA52",DNA replication & repair,10.238824186844269
REACTOME_PATHWAY,Nervous system development,38,213,539,10908,1.33e-11,7.18e-11,3.61,1.25e-08,4.86e-11,3.46e-12,R-HSA-9675108~Nervous system development,"PSMD12,PSMD11,PSMD14,PSMD13,EIF4A3,RPL11,ARPC1A,CLTC,ACTB,ACTG1,PSMD8,PSMB6,PSMB7,PSMD6,PSMB4,PSMD7,PSMB5,PSMB3,PSMD3,PSMB1,PSMD1,RPL38,ELOC,RPS27A,RBX1,PSMA6,PSMC5,PSMA3,PSMA4,PSMA1,ARPC2,ARPC3,PSMA2,PSMC1,PSMC2,UBA52,TUBA8,EIF4G1",Other,10.143875555757699
REACTOME_PATHWAY,HDR through Homologous Recombination (HRR) or Single Strand Annealing (SSA),19,213,121,10908,1.67e-11,8.97e-11,8.04,1.57e-08,6.06e-11,1.79e-12,R-HSA-5693567~HDR through Homologous Recombination (HRR) or Single Strand Annealing (SSA),"RFC5,RTEL1,RMI2,RFC3,PCNA,RFC2,XRCC3,HUS1,RPA2,WRN,KAT5,EXO1,EME2,POLE2,POLD2,RAD17,POLK,RPS27A,UBA52",DNA replication & repair,10.047207556955907
REACTOME_PATHWAY,Cell junction organization,28,213,296,10908,1.83e-11,9.81e-11,4.84,1.72e-08,6.63e-11,3.48e-12,R-HSA-446728~Cell junction organization,"PSMD12,PSMD11,PSMD14,PSMD13,ACTB,ACTG1,PSMD8,PSMB6,PSMB7,PSMD6,PSMB4,PSMD7,PSMB5,PSMB3,MYC,PSMD3,PSMB1,PSMD1,RPS27A,PSMA6,PSMC5,PSMA3,PSMA4,PSMA1,PSMA2,PSMC1,PSMC2,UBA52",Cytoskeleton & Rho GTPase signaling,10.008330992620051
REACTOME_PATHWAY,Chromosome Maintenance,19,213,122,10908,1.92e-11,1.02e-10,7.98,1.81e-08,6.91e-11,2.08e-12,R-HSA-73886~Chromosome Maintenance,"RFC5,RTEL1,STN1,FEN1,RFC3,PCNA,RFC2,DSCC1,PRIM1,RPA2,CHTF18,CENPA,POLA2,WRN,TEN1,POLD2,RUVBL1,POT1,CENPQ",DNA replication & repair,9.991399828238082
GOTERM_BP_DIRECT,meiotic cell cycle,16,245,99,16251,2.03e-11,1.57e-09,10.72,2.52e-08,1.51e-09,1.62e-12,GO:0051321~meiotic cell cycle,"MCMDC2,AURKA,PSMB6,PSMA6,PSMB7,PSMA3,PSMB4,PSMA4,PSMB5,PSMA1,EXO1,PSMA2,PSMB3,DMC1,PSMB1,BUB3",,8.804100347590767
REACTOME_PATHWAY,DNA Double-Strand Break Repair,21,213,157,10908,2.24e-11,1.18e-10,6.85,2.11e-08,8.01e-11,2.89e-12,R-HSA-5693532~DNA Double-Strand Break Repair,"RFC5,RTEL1,FEN1,RMI2,RFC3,PCNA,PRKDC,RFC2,XRCC3,HUS1,RPA2,WRN,KAT5,EXO1,EME2,POLE2,POLD2,RAD17,POLK,RPS27A,UBA52",DNA replication & repair,9.928117992693874
REACTOME_PATHWAY,Telomere Maintenance,17,213,95,10908,3.35e-11,1.76e-10,9.16,3.16e-08,1.19e-10,3.08e-12,R-HSA-157579~Telomere Maintenance,"RFC5,RTEL1,STN1,FEN1,RFC3,PCNA,RFC2,DSCC1,PRIM1,RPA2,CHTF18,POLA2,WRN,TEN1,POLD2,RUVBL1,POT1",DNA replication & repair,9.75448733218585
REACTOME_PATHWAY,Intracellular signaling by second messengers,28,213,306,10908,3.98e-11,2.08e-10,4.69,3.74e-08,1.41e-10,7.81e-12,R-HSA-9006925~Intracellular signaling by second messengers,"PSMD12,PSMD11,PSMD14,PSMD13,PSMD8,PSMB6,PSMB7,PSMD6,PSMB4,PSMD7,PSMB5,PPP2R1B,PSMB3,PSMD3,PSMB1,PSMD1,RPS27A,PPP2R5B,MTOR,PSMA6,PSMC5,PSMA3,PSMA4,PSMA1,PSMA2,PSMC1,PSMC2,UBA52",Cell signaling,9.681936665037238
REACTOME_PATHWAY,DNA Damage Bypass,13,213,47,10908,6.12e-11,3.18e-10,14.16,5.75e-08,2.15e-10,3.26e-12,R-HSA-73893~DNA Damage Bypass,"RFC5,RFC3,PCNA,UBE2B,RFC2,RPA2,RBX1,DDB1,POLE2,POLD2,POLK,RPS27A,UBA52",DNA replication & repair,9.497572880015568
REACTOME_PATHWAY,Dual Incision in GG-NER,12,213,40,10908,1.63e-10,8.42e-10,15.36,1.53e-07,5.69e-10,7.79e-12,R-HSA-5696400~Dual Incision in GG-NER,"RFC5,DDB1,RFC3,PCNA,RFC2,POLE2,POLD2,RPA2,POLK,RPS27A,UBA52,RBX1",DNA replication & repair,9.074687908500351
GOTERM_BP_DIRECT,T-helper 1 cell differentiation,10,245,28,16251,1.8e-10,1.32e-08,23.69,2.24e-07,1.26e-08,5.22e-12,GO:0045063~T-helper 1 cell differentiation,"PSMA6,PSMA3,PSMB4,PSMA4,PSMA1,PSMA2,PSMB3,PSMB1,PSMB10,PSMB9",,7.87942606879415
REACTOME_PATHWAY,Cell-Cell communication,28,213,331,10908,2.37e-10,1.22e-09,4.33,2.23e-07,8.26e-10,5.08e-11,R-HSA-1500931~Cell-Cell communication,"PSMD12,PSMD11,PSMD14,PSMD13,ACTB,ACTG1,PSMD8,PSMB6,PSMB7,PSMD6,PSMB4,PSMD7,PSMB5,PSMB3,MYC,PSMD3,PSMB1,PSMD1,RPS27A,PSMA6,PSMC5,PSMA3,PSMA4,PSMA1,PSMA2,PSMC1,PSMC2,UBA52",Other,8.913640169325252
GOTERM_BP_DIRECT,ubiquitin-dependent protein catabolic process,22,245,255,16251,2.77e-10,1.91e-08,5.72,3.44e-07,1.83e-08,4.46e-11,GO:0006511~ubiquitin-dependent protein catabolic process,"PSMD11,CUL5,PSMD14,UBE2B,PSMD13,UBE2D3,UBE2D1,UBE2A,UBE2G2,UBE2L3,RBX1,DDB1,COPS3,PSMA6,PSMA3,PSMA4,PSMA1,PSMA2,PSMC2,PSMD3,ELOC,UBQLN2",,7.718966632752273
REACTOME_PATHWAY,Gap-filling DNA repair synthesis and ligation in GG-NER,10,213,24,10908,3.39e-10,1.74e-09,21.34,3.19e-07,1.17e-09,1.01e-11,R-HSA-5696397~Gap-filling DNA repair synthesis and ligation in GG-NER,"RFC5,RFC3,PCNA,RFC2,POLE2,POLD2,RPA2,POLK,RPS27A,UBA52",DNA replication & repair,8.7594507517174
REACTOME_PATHWAY,Activation of ATR in response to replication stress,11,213,35,10908,7.47e-10,3.81e-09,16.09,7.03e-07,2.57e-09,3.36e-11,R-HSA-176187~Activation of ATR in response to replication stress,"RFC5,RFC3,RFC2,ORC2,HUS1,RPA2,RAD17,MCM4,CDC6,MCM6,MCM2",DNA replication & repair,8.41907502432438
REACTOME_PATHWAY,Lagging Strand Synthesis,9,213,19,10908,1.12e-09,5.68e-09,24.26,1.06e-06,3.84e-09,2.72e-11,R-HSA-69186~Lagging Strand Synthesis,"RFC5,POLA2,FEN1,RFC3,PCNA,RFC2,PRIM1,POLD2,RPA2",DNA replication & repair,8.245651664288982
REACTOME_PATHWAY,DNA Damage Recognition in GG-NER,11,213,37,10908,1.37e-09,6.91e-09,15.22,1.29e-06,4.67e-09,6.66e-11,R-HSA-5696394~DNA Damage Recognition in GG-NER,"DDB1,COPS3,COPS6,ACTL6A,RUVBL1,COPS7A,RAD23A,RPS27A,UBA52,ACTB,RBX1",DNA replication & repair,8.160521952625801
REACTOME_PATHWAY,Gap-filling DNA repair synthesis and ligation in TC-NER,13,213,61,10908,1.61e-09,8.04e-09,10.91,1.51e-06,5.44e-09,1.2e-10,R-HSA-6782210~Gap-filling DNA repair synthesis and ligation in TC-NER,"RFC5,RFC3,PCNA,RFC2,RPA2,RBX1,DDB1,POLE2,POLD2,ERCC8,POLK,RPS27A,UBA52",DNA replication & repair,8.094743951251548
REACTOME_PATHWAY,Dual incision in TC-NER,13,213,62,10908,1.96e-09,9.75e-09,10.74,1.84e-06,6.6e-09,1.49e-10,R-HSA-6782135~Dual incision in TC-NER,"RFC5,RFC3,PCNA,RFC2,RPA2,RBX1,DDB1,POLE2,POLD2,ERCC8,POLK,RPS27A,UBA52",DNA replication & repair,8.010995384301463
REACTOME_PATHWAY,Cytokine Signaling in Immune system,42,213,771,10908,2.43e-09,1.21e-08,2.79,2.29e-06,8.16e-09,8.34e-10,R-HSA-1280215~Cytokine Signaling in Immune system,"PSMD12,SEH1L,PSMD11,CUL5,PSMD14,PSMD13,UBE2D3,EIF4A3,UBE2D1,ACTB,ACTG1,PSMD8,PSMB6,PSMB7,PSMD6,PSMB4,PSMD7,PSMB5,PPP2R1B,PSMB3,MYC,PSMD3,PSMB1,PSMD1,NUP43,ELOC,RPS27A,FANCE,RBX1,PSMA6,PSMC5,PSMA3,PSMA4,PSMA1,PSMA2,PSMC1,PSMC2,TCP1,UBE2V1,UBA52,TUBA8,EIF4G1",Immune response & host–pathogen interactions,7.91721462968355
REACTOME_PATHWAY,Mitotic Spindle Checkpoint,16,213,109,10908,2.64e-09,1.3e-08,7.52,2.48e-06,8.79e-09,3.06e-10,R-HSA-69618~Mitotic Spindle Checkpoint,"SEH1L,PPP2R5B,UBE2D1,DYNLL1,CKAP5,CENPA,ANAPC10,PPP1CC,DYNC1LI2,PPP2R1B,CDC26,NUF2,NUP43,BUB3,CENPQ,MAD2L1",Cell cycle & mitosis,7.886056647693163
GOTERM_BP_DIRECT,positive regulation of interleukin-2 production,11,245,50,16251,2.94e-09,1.92e-07,14.59,3.65e-06,1.84e-07,1.63e-10,GO:0032743~positive regulation of interleukin-2 production,"PSMA6,PSMA3,PSMB4,PSMA4,PSMA1,PSMA2,PSMB3,PDE4D,PSMB1,PSMB10,PSMB9",,6.716698771296451
REACTOME_PATHWAY,Homologous DNA Pairing and Strand Exchange,11,213,41,10908,4.12e-09,2.02e-08,13.74,3.88e-06,1.37e-08,2.3e-10,R-HSA-5693579~Homologous DNA Pairing and Strand Exchange,"RFC5,RMI2,WRN,RFC3,KAT5,EXO1,RFC2,XRCC3,HUS1,RPA2,RAD17",DNA replication & repair,7.694648630553377
REACTOME_PATHWAY,Termination of translesion DNA synthesis,10,213,31,10908,4.65e-09,2.27e-08,16.52,4.37e-06,1.53e-08,2.02e-10,R-HSA-5656169~Termination of translesion DNA synthesis,"RFC5,RFC3,PCNA,RFC2,POLE2,POLD2,RPA2,POLK,RPS27A,UBA52",DNA replication & repair,7.6439741428068775
REACTOME_PATHWAY,Activation of the pre-replicative complex,10,213,32,10908,6.36e-09,3.09e-08,16.0,5.98e-06,2.09e-08,2.89e-10,R-HSA-68962~Activation of the pre-replicative complex,"POLA2,POLE2,PRIM1,ORC2,RPA4,RPA2,MCM4,CDC6,MCM6,MCM2",DNA replication & repair,7.510041520575165
REACTOME_PATHWAY,Impaired BRCA2 binding to RAD51,10,213,33,10908,8.59e-09,4.15e-08,15.52,8.09e-06,2.81e-08,4.08e-10,R-HSA-9709570~Impaired BRCA2 binding to RAD51,"RFC5,RMI2,WRN,RFC3,KAT5,EXO1,RFC2,HUS1,RPA2,RAD17",DNA replication & repair,7.3819519032879075
REACTOME_PATHWAY,Translesion synthesis by POLK,8,213,16,10908,9.36e-09,4.5e-08,25.61,8.8e-06,3.04e-08,2.09e-10,R-HSA-5655862~Translesion synthesis by POLK,"RFC5,RFC3,PCNA,RFC2,RPA2,POLK,RPS27A,UBA52",DNA replication & repair,7.346787486224656
REACTOME_PATHWAY,Signaling by Interleukins,30,213,456,10908,1.58e-08,7.53e-08,3.37,1.48e-05,5.09e-08,4.42e-09,R-HSA-449147~Signaling by Interleukins,"PSMD12,PSMD11,PSMD14,PSMD13,PSMD8,PSMB6,PSMB7,PSMD6,PSMB4,PSMD7,PSMB5,PPP2R1B,PSMB3,MYC,PSMD3,PSMB1,PSMD1,RPS27A,RBX1,PSMA6,PSMC5,PSMA3,PSMA4,PSMA1,PSMA2,PSMC1,PSMC2,TCP1,UBE2V1,UBA52",Immune response & host–pathogen interactions,7.123205023799299
REACTOME_PATHWAY,HDR through Single Strand Annealing (SSA),10,213,36,10908,1.99e-08,9.49e-08,14.23,1.88e-05,6.42e-08,1.07e-09,R-HSA-5685938~HDR through Single Strand Annealing (SSA),"RFC5,RMI2,WRN,RFC3,KAT5,EXO1,RFC2,HUS1,RPA2,RAD17",DNA replication & repair,7.022733787572707
REACTOME_PATHWAY,Generic Transcription Pathway,52,213,1175,10908,2.07e-08,9.78e-08,2.27,1.94e-05,6.61e-08,8.8e-09,R-HSA-212436~Generic Transcription Pathway,"STEAP3,CCNT2,UBE2D3,UBE2D1,PSMD8,PSMD6,PSMD7,PPP2R1B,KAT5,EXO1,MYC,CDC26,PSMD3,PSMD1,ELOC,RFC5,PBRM1,RMI2,RFC3,RFC2,ACTL6A,HUS1,RBX1,PSMA6,PSMA3,PSMA4,PSMA1,FANCD2,PSMA2,KAT6A,UBA52,PSMD12,PSMD11,PCNA,PSMD14,PSMD13,ANAPC10,AURKA,PSMB6,PSMB7,PSMB4,WRN,PSMB5,PSMB3,PSMB1,RPS27A,RPA2,MTOR,PSMC5,PSMC1,PSMC2,RAD17",Protein & RNA homeostasis,7.009661145212399
REACTOME_PATHWAY,Diseases of DNA repair,11,213,49,10908,2.64e-08,1.24e-07,11.5,2.48e-05,8.4e-08,1.85e-09,R-HSA-9675135~Diseases of DNA repair,"RFC5,RMI2,WRN,RFC3,KAT5,EXO1,MSH3,RFC2,HUS1,RPA2,RAD17",DNA replication & repair,6.906578314837765
REACTOME_PATHWAY,RNA Polymerase II Transcription,54,213,1258,10908,2.76e-08,1.29e-07,2.2,2.6e-05,8.75e-08,1.21e-08,R-HSA-73857~RNA Polymerase II Transcription,"STEAP3,CCNT2,INTS14,UBE2D3,UBE2D1,PSMD8,PSMD6,PSMD7,PPP2R1B,KAT5,EXO1,MYC,CDC26,PSMD3,PSMD1,ELOC,SNRPD3,RFC5,PBRM1,RMI2,RFC3,RFC2,ACTL6A,HUS1,RBX1,PSMA6,PSMA3,PSMA4,PSMA1,FANCD2,PSMA2,KAT6A,UBA52,PSMD12,PSMD11,PCNA,PSMD14,PSMD13,ANAPC10,AURKA,PSMB6,PSMB7,PSMB4,WRN,PSMB5,PSMB3,PSMB1,RPS27A,RPA2,MTOR,PSMC5,PSMC1,PSMC2,RAD17",Protein & RNA homeostasis,6.889410289700751
GOTERM_BP_DIRECT,response to type II interferon,10,245,47,16251,2.77e-08,1.72e-06,14.11,3.45e-05,1.65e-06,1.6e-09,GO:0034341~response to type II interferon,"PSMA6,PSMA3,PSMB4,PSMA4,PSMA1,PSMA2,PSMB3,PSMB1,PSMB10,PSMB9",,5.764471553092451
REACTOME_PATHWAY,Presynaptic phase of homologous DNA pairing and strand exchange,10,213,38,10908,3.34e-08,1.55e-07,13.48,3.14e-05,1.05e-07,1.91e-09,R-HSA-5693616~Presynaptic phase of homologous DNA pairing and strand exchange,"RFC5,RMI2,WRN,RFC3,KAT5,EXO1,RFC2,HUS1,RPA2,RAD17",DNA replication & repair,6.809668301829708
REACTOME_PATHWAY,Translesion synthesis by Y family DNA polymerases bypasses lesions on DNA template,10,213,38,10908,3.34e-08,1.55e-07,13.48,3.14e-05,1.05e-07,1.91e-09,R-HSA-110313~Translesion synthesis by Y family DNA polymerases bypasses lesions on DNA template,"RFC5,RFC3,PCNA,RFC2,POLE2,POLD2,RPA2,POLK,RPS27A,UBA52",DNA replication & repair,6.809668301829708
REACTOME_PATHWAY,Defective homologous recombination repair (HRR) due to BRCA2 loss of function,10,213,39,10908,4.27e-08,1.96e-07,13.13,4.02e-05,1.33e-07,2.53e-09,R-HSA-9701190~Defective homologous recombination repair (HRR) due to BRCA2 loss of function,"RFC5,RMI2,WRN,RFC3,KAT5,EXO1,RFC2,HUS1,RPA2,RAD17",DNA replication & repair,6.707743928643524
REACTOME_PATHWAY,Diseases of DNA Double-Strand Break Repair,10,213,39,10908,4.27e-08,1.96e-07,13.13,4.02e-05,1.33e-07,2.53e-09,R-HSA-9675136~Diseases of DNA Double-Strand Break Repair,"RFC5,RMI2,WRN,RFC3,KAT5,EXO1,RFC2,HUS1,RPA2,RAD17",DNA replication & repair,6.707743928643524
REACTOME_PATHWAY,RHO GTPases Activate Formins,16,213,136,10908,5.65e-08,2.58e-07,6.02,5.32e-05,1.75e-07,8.42e-09,R-HSA-5663220~RHO GTPases Activate Formins,"SEH1L,PPP2R5B,DYNLL1,CKAP5,CENPA,ACTB,ACTG1,PPP1CC,DYNC1LI2,PPP2R1B,NUF2,NUP43,BUB3,CENPQ,MAD2L1,TUBA8",Cytoskeleton & Rho GTPase signaling,6.58838029403677
REACTOME_PATHWAY,PCNA-Dependent Long Patch Base Excision Repair,8,213,20,10908,5.93e-08,2.7e-07,20.48,5.58e-05,1.83e-07,1.91e-09,R-HSA-5651801~PCNA-Dependent Long Patch Base Excision Repair,"RFC5,FEN1,RFC3,PCNA,RFC2,POLE2,POLD2,RPA2",DNA replication & repair,6.568636235841013
GOTERM_BP_DIRECT,DNA metabolic process,9,245,40,16251,1.17e-07,6.92e-06,14.92,0.000145,6.61e-06,6.32e-09,GO:0006259~DNA metabolic process,"TOP2A,TOP2B,WRN,POLE2,DMC1,HUS1,MCM4,MCM6,RAN",,5.1598939055432425
REACTOME_PATHWAY,Synthesis of active ubiquitin: roles of E1 and E2 enzymes,9,213,32,10908,1.26e-07,5.69e-07,14.4,0.000118,3.85e-07,6.62e-09,R-HSA-8866652~Synthesis of active ubiquitin: roles of E1 and E2 enzymes,"UBE2B,UBE2E3,UBE2D3,UBE2D1,UBE2A,UBE2G2,RPS27A,UBA52,UBE2L3",Ubiquitin-mediated protein degradation,6.244887733604929
REACTOME_PATHWAY,Leading Strand Synthesis,7,213,14,10908,1.32e-07,5.94e-07,25.61,0.000125,4.02e-07,3e-09,R-HSA-69109~Leading Strand Synthesis,"RFC5,POLA2,RFC3,PCNA,RFC2,PRIM1,POLD2",DNA replication & repair,6.2262135550188065
REACTOME_PATHWAY,Polymerase switching,7,213,14,10908,1.32e-07,5.94e-07,25.61,0.000125,4.02e-07,3e-09,R-HSA-69091~Polymerase switching,"RFC5,POLA2,RFC3,PCNA,RFC2,PRIM1,POLD2",DNA replication & repair,6.2262135550188065
REACTOME_PATHWAY,Regulation of TP53 Activity through Phosphorylation,13,213,89,10908,1.36e-07,6.06e-07,7.48,0.000128,4.1e-07,1.58e-08,R-HSA-6804756~Regulation of TP53 Activity through Phosphorylation,"RFC5,RMI2,RFC3,RFC2,HUS1,RPA2,AURKA,WRN,KAT5,EXO1,RAD17,RPS27A,UBA52",Cell signaling,6.217527375833714
GOTERM_BP_DIRECT,DNA replication initiation,8,245,28,16251,1.43e-07,8.06e-06,18.95,0.000178,7.71e-06,5.7e-09,GO:0006270~DNA replication initiation,"POLA2,PRIM1,ORC2,RPA4,MCM4,CDC6,MCM6,MCM2",DNA replication & repair,5.09366495819491
REACTOME_PATHWAY,Gene expression (Transcription),57,213,1447,10908,1.88e-07,8.35e-07,2.02,0.000177,5.65e-07,9.03e-08,R-HSA-74160~Gene expression (Transcription),"STEAP3,CCNT2,INTS14,UBE2D3,UBE2D1,ACTB,PSMD8,PSMD6,PSMD7,PPP2R1B,KAT5,EXO1,MYC,CDC26,PSMD3,PSMD1,MTREX,ELOC,SNRPD3,RFC5,PBRM1,RMI2,RFC3,RFC2,ACTL6A,HUS1,RBX1,PSMA6,PSMA3,PSMA4,PSMA1,FANCD2,PSMA2,KAT6A,UBA52,PSMD12,PSMD11,PCNA,PSMD14,PSMD13,ANAPC10,AURKA,PSMB6,PSMB7,PSMB4,WRN,PSMB5,PSMB3,PSMB1,RPS27A,RPA2,MTOR,PSMC5,PSMC1,PSMC2,RAD17,RAN",Protein & RNA homeostasis,6.078313524516398
REACTOME_PATHWAY,Translesion synthesis by REV1,7,213,15,10908,2.17e-07,9.6e-07,23.9,0.000204,6.49e-07,5.53e-09,R-HSA-110312~Translesion synthesis by REV1,"RFC5,RFC3,PCNA,RFC2,RPA2,RPS27A,UBA52",DNA replication & repair,6.017728766960432
REACTOME_PATHWAY,Amplification  of signal from unattached  kinetochores via a MAD2  inhibitory signal,13,213,93,10908,2.22e-07,9.74e-07,7.16,0.000209,6.59e-07,2.73e-08,R-HSA-141444~Amplification  of signal from unattached  kinetochores via a MAD2  inhibitory signal,"SEH1L,PPP2R5B,DYNLL1,CKAP5,CENPA,PPP1CC,DYNC1LI2,PPP2R1B,NUF2,NUP43,BUB3,CENPQ,MAD2L1",Cell cycle & mitosis,6.011441043121384
REACTOME_PATHWAY,Amplification of signal from the kinetochores,13,213,93,10908,2.22e-07,9.74e-07,7.16,0.000209,6.59e-07,2.73e-08,R-HSA-141424~Amplification of signal from the kinetochores,"SEH1L,PPP2R5B,DYNLL1,CKAP5,CENPA,PPP1CC,DYNC1LI2,PPP2R1B,NUF2,NUP43,BUB3,CENPQ,MAD2L1",Cell cycle & mitosis,6.011441043121384
REACTOME_PATHWAY,Resolution of AP sites via the multiple-nucleotide patch replacement pathway,8,213,24,10908,2.48e-07,1.08e-06,17.07,0.000233,7.28e-07,1.04e-08,R-HSA-110373~Resolution of AP sites via the multiple-nucleotide patch replacement pathway,"RFC5,FEN1,RFC3,PCNA,RFC2,POLE2,POLD2,RPA2",DNA replication & repair,5.966576244513051
REACTOME_PATHWAY,Cytosolic tRNA aminoacylation,8,213,24,10908,2.48e-07,1.08e-06,17.07,0.000233,7.28e-07,1.04e-08,R-HSA-379716~Cytosolic tRNA aminoacylation,"AARS1,SARS1,EPRS1,KARS1,LARS1,EEF1E1,WARS1,DARS1",Protein & RNA homeostasis,5.966576244513051
REACTOME_PATHWAY,EML4 and NUDC in mitotic spindle formation,14,213,113,10908,2.71e-07,1.17e-06,6.34,0.000255,7.93e-07,3.82e-08,R-HSA-9648025~EML4 and NUDC in mitotic spindle formation,"SEH1L,PPP2R5B,DYNLL1,CKAP5,CENPA,PPP1CC,DYNC1LI2,PPP2R1B,NUF2,NUP43,BUB3,CENPQ,MAD2L1,TUBA8",Cell cycle & mitosis,5.931814138253839
REACTOME_PATHWAY,Translesion synthesis by POLI,7,213,16,10908,3.42e-07,1.47e-06,22.4,0.000322,9.94e-07,9.67e-09,R-HSA-5656121~Translesion synthesis by POLI,"RFC5,RFC3,PCNA,RFC2,RPA2,RPS27A,UBA52",DNA replication & repair,5.8326826652518236
GOTERM_BP_DIRECT,telomere maintenance,10,245,63,16251,3.91e-07,2.11e-05,10.53,0.000486,2.02e-05,3.2e-08,GO:0000723~telomere maintenance,"RTEL1,STN1,WRN,PRKDC,EME2,ACTL6A,RUVBL1,HUS1,RPA2,POT1",,4.675717544702307
REACTOME_PATHWAY,Regulation of TP53 Activity,16,213,158,10908,4.13e-07,1.77e-06,5.19,0.000388,1.19e-06,7.25e-08,R-HSA-5633007~Regulation of TP53 Activity,"RFC5,RMI2,RFC3,RFC2,HUS1,RPA2,MTOR,AURKA,WRN,PPP2R1B,KAT5,EXO1,KAT6A,RAD17,RPS27A,UBA52",Cell signaling,5.752026733638194
GOTERM_BP_DIRECT,flagellated sperm motility,15,245,176,16251,4.35e-07,2.25e-05,5.65,0.000541,2.15e-05,7.12e-08,GO:0030317~flagellated sperm motility,"DNAAF11,NME5,PSMB6,PSMA6,PSMB7,PSMA3,PSMB4,PSMA4,PSMB5,PSMA1,NME7,PSMA2,PSMB3,PSME3,PSMB1",,4.647817481888637
REACTOME_PATHWAY,Processing of DNA double-strand break ends,12,213,83,10908,5.47e-07,2.33e-06,7.4,0.000514,1.58e-06,6.46e-08,R-HSA-5693607~Processing of DNA double-strand break ends,"RFC5,RMI2,WRN,RFC3,KAT5,EXO1,RFC2,HUS1,RPA2,RAD17,RPS27A,UBA52",DNA replication & repair,5.632644078973981
GOTERM_BP_DIRECT,protein catabolic process,13,245,130,16251,6.04e-07,3e-05,6.63,0.00075,2.87e-05,8.29e-08,GO:0030163~protein catabolic process,"PSMB10,PSMB9,PSMB6,PSMA6,PSMB7,PSMA3,PSMB4,PSMA4,PSMB5,PSMA1,PSMA2,PSMB3,PSMB1",,4.522878745280337
REACTOME_PATHWAY,Resolution of Sister Chromatid Cohesion,14,213,123,10908,7.32e-07,3.1e-06,5.83,0.000688,2.1e-06,1.13e-07,R-HSA-2500257~Resolution of Sister Chromatid Cohesion,"SEH1L,PPP2R5B,DYNLL1,CKAP5,CENPA,PPP1CC,DYNC1LI2,PPP2R1B,NUF2,NUP43,BUB3,CENPQ,MAD2L1,TUBA8",Cell cycle & mitosis,5.508638306165727
REACTOME_PATHWAY,Translesion Synthesis by POLH,7,213,18,10908,7.67e-07,3.24e-06,19.92,0.000722,2.19e-06,2.6e-08,R-HSA-110320~Translesion Synthesis by POLH,"RFC5,RFC3,PCNA,RFC2,RPA2,RPS27A,UBA52",DNA replication & repair,5.489454989793388
REACTOME_PATHWAY,Clathrin-mediated endocytosis,15,213,145,10908,8.27e-07,3.48e-06,5.3,0.000777,2.35e-06,1.42e-07,R-HSA-8856828~Clathrin-mediated endocytosis,"ARPC1A,CLTC,COPS7A,ARFGAP3,ACTB,ACTG1,COPS3,COPS6,SNX18,FCHO1,ARPC2,ARPC3,RPS27A,UBA52,UBQLN2",Membrane trafficking & vesicular transport,5.458420756053419
GOTERM_BP_DIRECT,positive regulation of type II interferon production,11,245,89,16251,8.71e-07,4.16e-05,8.2,0.00108,3.98e-05,9.47e-08,GO:0032729~positive regulation of type II interferon production,"PSMA6,PSMA3,PSMB4,PSMA4,PSMA1,PSMA2,PSMB3,PDE4D,PSMB1,PSMB10,PSMB9",,4.380906669373258
GOTERM_BP_DIRECT,cell division,21,245,380,16251,1.26e-06,5.78e-05,3.67,0.00156,5.52e-05,3.25e-07,GO:0051301~cell division,"SEH1L,CCNT2,PDCD6IP,CLTC,HAUS4,KATNB1,CDC6,USP39,CKAP5,ANAPC10,AURKA,CKS1B,PPP1CC,CDC26,NUF2,RUVBL1,NUP43,BUB3,NCAPD3,RAN,MAD2L1",,4.2380721615794705
REACTOME_PATHWAY,Mitotic Prometaphase,17,213,196,10908,1.3e-06,5.46e-06,4.44,0.00123,3.69e-06,2.71e-07,R-HSA-68877~Mitotic Prometaphase,"SEH1L,HAUS4,PPP2R5B,DYNLL1,CKAP5,CENPA,MZT2A,PPP1CC,DYNC1LI2,PPP2R1B,NME7,NUF2,NUP43,BUB3,CENPQ,MAD2L1,TUBA8",Cell cycle & mitosis,5.262807357295263
REACTOME_PATHWAY,Protein ubiquitination,11,213,73,10908,1.33e-06,5.54e-06,7.72,0.00125,3.75e-06,1.5e-07,R-HSA-8852135~Protein ubiquitination,"PCNA,UBE2B,PRKDC,UBE2E3,UBE2D3,UBE2D1,UBE2A,UBE2G2,RPS27A,UBA52,UBE2L3",Ubiquitin-mediated protein degradation,5.2564902352715706
GOTERM_BP_DIRECT,protein K11-linked ubiquitination,8,245,38,16251,1.34e-06,5.94e-05,13.96,0.00166,5.68e-05,7.88e-08,GO:0070979~protein K11-linked ubiquitination,"CUL5,UBE2B,CDC26,UBE2E3,UBE2D3,UBE2A,ANAPC10,UBE2L3",,4.2262135550188065
GOTERM_BP_DIRECT,tRNA aminoacylation for protein translation,8,245,39,16251,1.61e-06,6.9e-05,13.61,0.002,6.6e-05,9.78e-08,GO:0006418~tRNA aminoacylation for protein translation,"AARS1,SARS1,EPRS1,KARS1,LARS1,EEF1E1,WARS1,DARS1",,4.161150909262744
REACTOME_PATHWAY,Removal of the Flap Intermediate,6,213,13,10908,3e-06,1.24e-05,23.64,0.00282,8.42e-06,7.91e-08,R-HSA-69166~Removal of the Flap Intermediate,"POLA2,FEN1,PCNA,PRIM1,POLD2,RPA2",DNA replication & repair,4.906578314837765
REACTOME_PATHWAY,Immune System,70,213,2114,10908,3.08e-06,1.27e-05,1.7,0.0029,8.61e-06,1.77e-06,R-HSA-168256~Immune System,"UBE2D3,EIF4A3,ARPC1A,CLTC,UBE2D1,ACTB,UBE2L3,ACTG1,PSMD8,PSMD6,PSMD7,PPP2R1B,CAPZB,MYC,CDC26,PSMD3,PSMD1,ELOC,ATP6V1E1,CCT2,UBE2E3,PPP2R5B,DYNLL1,APRT,RBX1,PSMA6,PSMA3,DYNC1LI2,PSMA4,PSMA1,PSMA2,TCP1,PSME1,UBE2V1,UBA52,PSMD12,SEH1L,PSMD11,CUL5,PSMD14,PSMD13,PRKDC,PIK3R4,ANAPC10,PSMB10,PSMB6,PSMB7,PSMB4,PGRMC1,PSMB5,PSMB3,PSMB1,NUP43,RPS27A,ATP6V1F,UBE2B,UBE2A,UBE2G2,FANCE,MTOR,PSMB9,RAB10,PSMC5,ARPC2,ARPC3,PSMC1,PSMC2,UBE2U,EIF4G1,TUBA8",Immune response & host–pathogen interactions,4.896196279044043
GOTERM_BP_DIRECT,positive regulation of DNA-directed DNA polymerase activity,5,245,8,16251,3.31e-06,0.000137,41.46,0.00411,0.000131,4.04e-08,GO:1900264~positive regulation of DNA-directed DNA polymerase activity,"RFC5,RFC3,RFC2,DSCC1,CHTF18",,3.8632794328435933
GOTERM_BP_DIRECT,apoptotic process,27,245,635,16251,3.59e-06,0.000144,2.82,0.00445,0.000138,1.22e-06,GO:0006915~apoptotic process,"STEAP3,UBE2D3,STK3,AURKA,PSMB6,PSMB7,PSMB4,PSMB5,KAT5,PSMB3,PSMB1,BNIP1,PRAME,PDCD6IP,GADD45B,UBE2B,DYNLL1,THOC6,DDB1,PSMA6,PSMA3,PSMA4,PSMA1,PSMA2,PSME3,PPID,MCM2",,3.8416375079047502
GOTERM_BP_DIRECT,spermatogenesis,24,245,519,16251,3.75e-06,0.000145,3.07,0.00465,0.000139,1.16e-06,GO:0007283~spermatogenesis,"UBE2B,MCMDC2,RPL11,HSF2BP,NME5,RBX1,DDB1,PSMB6,PSMA6,PPP1CC,PSMB7,PSMA3,PSMB4,PSMA4,PSMB5,PSMA1,PSMA2,PSMB3,DMC1,PSMB1,RUVBL1,RPL38,UBA52,TUBA8",,3.838631997765025
GOTERM_BP_DIRECT,DNA recombination,10,245,83,16251,4.18e-06,0.000157,7.99,0.00519,0.00015,4.68e-07,GO:0006310~DNA recombination,"RTEL1,FEN1,WRN,EXO1,EME2,ACTL6A,XRCC3,RPA4,RUVBL1,RPA2",,3.8041003475907664
GOTERM_BP_DIRECT,nucleotide-excision repair,8,245,45,16251,4.4e-06,0.000161,11.79,0.00546,0.000154,3.17e-07,GO:0006289~nucleotide-excision repair,"DDB1,KAT5,RPA4,HUS1,RPA2,ERCC8,RAD23A,RBX1",,3.7931741239681505
REACTOME_PATHWAY,Processive synthesis on the lagging strand,6,213,14,10908,4.59e-06,1.89e-05,21.95,0.00431,1.28e-05,1.36e-07,R-HSA-69183~Processive synthesis on the lagging strand,"POLA2,FEN1,PCNA,PRIM1,POLD2,RPA2",DNA replication & repair,4.723538195826756
REACTOME_PATHWAY,Resolution of Abasic Sites (AP sites),8,213,36,10908,4.91e-06,2.01e-05,11.38,0.00461,1.36e-05,3.5e-07,R-HSA-73933~Resolution of Abasic Sites (AP sites),"RFC5,FEN1,RFC3,PCNA,RFC2,POLE2,POLD2,RPA2",DNA replication & repair,4.696803942579511
GOTERM_BP_DIRECT,replication fork processing,8,245,46,16251,5.13e-06,0.000182,11.54,0.00635,0.000174,3.79e-07,GO:0031297~replication fork processing,"DDB1,RTEL1,WRN,PCNA,EME2,XRCC3,DONSON,RBX1",,3.7399286120149253
REACTOME_PATHWAY,RHO GTPase Effectors,20,213,299,10908,5.69e-06,2.32e-05,3.43,0.00534,1.57e-05,1.55e-06,R-HSA-195258~RHO GTPase Effectors,"SEH1L,ARPC1A,PIK3R4,PPP2R5B,DYNLL1,CKAP5,CENPA,ACTB,ACTG1,PPP1CC,DYNC1LI2,PPP2R1B,ARPC2,ARPC3,NUF2,NUP43,BUB3,CENPQ,MAD2L1,TUBA8",Cytoskeleton & Rho GTPase signaling,4.634512015109101
REACTOME_PATHWAY,E3 ubiquitin ligases ubiquitinate target proteins,9,213,52,10908,6.44e-06,2.61e-05,8.86,0.00604,1.77e-05,6.19e-07,R-HSA-8866654~E3 ubiquitin ligases ubiquitinate target proteins,"PCNA,UBE2B,PRKDC,UBE2D3,UBE2D1,UBE2A,RPS27A,UBA52,UBE2L3",Ubiquitin-mediated protein degradation,4.583359492661719
REACTOME_PATHWAY,APC-Cdc20 mediated degradation of Nek2A,7,213,25,10908,6.53e-06,2.64e-05,14.34,0.00613,1.79e-05,3.5e-07,R-HSA-179409~APC-Cdc20 mediated degradation of Nek2A,"CDC26,UBE2D1,BUB3,RPS27A,UBA52,ANAPC10,MAD2L1",Cell cycle & mitosis,4.578396073130169
GOTERM_BP_DIRECT,immune system process,11,245,113,16251,7.77e-06,0.000268,6.46,0.00961,0.000256,1.1e-06,GO:0002376~immune system process,"PSMA6,PSMA3,PSMB4,PSMA4,PSMA1,PSMA2,EXO1,PSMB3,PSMB1,PSMB10,PSMB9",,3.571865205971211
REACTOME_PATHWAY,Innate Immune System,43,213,1078,10908,8.1e-06,3.26e-05,2.04,0.0076,2.21e-05,3.83e-06,R-HSA-168249~Innate Immune System,"PSMD12,PSMD11,PSMD14,PSMD13,PRKDC,UBE2D3,ARPC1A,PIK3R4,UBE2D1,ACTB,ACTG1,PSMD8,PSMB6,PSMB7,PSMD6,PGRMC1,PSMB4,PSMD7,PSMB5,PPP2R1B,PSMB3,PSMD3,PSMB1,PSMD1,ATP6V1E1,RPS27A,ATP6V1F,CCT2,DYNLL1,APRT,RAB10,PSMA6,PSMC5,PSMA3,PSMA4,PSMA1,ARPC2,ARPC3,PSMA2,PSMC1,PSMC2,UBE2V1,UBA52",Immune response & host–pathogen interactions,4.486782399932061
REACTOME_PATHWAY,Removal of the Flap Intermediate from the C-strand,6,213,16,10908,9.7e-06,3.89e-05,19.2,0.00909,2.63e-05,3.51e-07,R-HSA-174437~Removal of the Flap Intermediate from the C-strand,"FEN1,WRN,PCNA,POLD2,RPA2,POT1",DNA replication & repair,4.410050398674293
REACTOME_PATHWAY,tRNA Aminoacylation,8,213,42,10908,1.44e-05,5.73e-05,9.75,0.0134,3.88e-05,1.24e-06,R-HSA-379724~tRNA Aminoacylation,"AARS1,SARS1,EPRS1,KARS1,LARS1,EEF1E1,WARS1,DARS1",Protein & RNA homeostasis,4.24184537803261
GOTERM_BP_DIRECT,regulation of cellular response to stress,6,245,22,16251,1.57e-05,0.000525,18.09,0.0193,0.000502,6.73e-07,GO:0080135~regulation of cellular response to stress,"DDB1,RTEL1,PRKDC,MTOR,RBX1,EIF4G1",,3.279840696594043
REACTOME_PATHWAY,Transcriptional Regulation by TP53,21,213,352,10908,1.68e-05,6.69e-05,3.06,0.0157,4.52e-05,5.18e-06,R-HSA-3700989~Transcriptional Regulation by TP53,"RFC5,STEAP3,RMI2,RFC3,CCNT2,PCNA,RFC2,HUS1,RPA2,MTOR,AURKA,WRN,PPP2R1B,KAT5,FANCD2,EXO1,KAT6A,RAD17,ELOC,RPS27A,UBA52",Cell signaling,4.174573882232177
REACTOME_PATHWAY,Processive synthesis on the C-strand of the telomere,6,213,18,10908,1.84e-05,7.3e-05,17.07,0.0172,4.94e-05,7.89e-07,R-HSA-174414~Processive synthesis on the C-strand of the telomere,"FEN1,WRN,PCNA,POLD2,RPA2,POT1",DNA replication & repair,4.136677139879544
REACTOME_PATHWAY,Cooperation of Prefoldin and TriC/CCT  in actin and tubulin folding,7,213,31,10908,2.46e-05,9.71e-05,11.56,0.0229,6.56e-05,1.73e-06,R-HSA-389958~Cooperation of Prefoldin and TriC/CCT  in actin and tubulin folding,"CCT3,CCT6A,CCT2,VBP1,TCP1,ACTB,TUBA8",Cytoskeleton & Rho GTPase signaling,4.012780770091995
REACTOME_PATHWAY,Folding of actin by CCT/TriC,5,213,10,10908,2.66e-05,0.000104,25.61,0.0247,7.05e-05,6.3e-07,R-HSA-390450~Folding of actin by CCT/TriC,"CCT3,CCT6A,CCT2,TCP1,ACTB",Cytoskeleton & Rho GTPase signaling,3.9829666607012197
REACTOME_PATHWAY,G2/M DNA damage checkpoint,10,213,82,10908,2.86e-05,0.000112,6.25,0.0266,7.57e-05,4.1e-06,R-HSA-69473~G2/M DNA damage checkpoint,"RFC5,RMI2,WRN,RFC3,KAT5,EXO1,RFC2,HUS1,RPA2,RAD17",DNA replication & repair,3.9507819773298185
GOTERM_BP_DIRECT,double-strand break repair via homologous recombination,10,245,105,16251,2.87e-05,0.000939,6.32,0.0351,0.000898,4.16e-06,GO:0000724~double-strand break repair via homologous recombination,"FEN1,RMI2,WRN,PSMD14,KAT5,DMC1,XRCC3,RPA4,HUS1,RPA2",,3.027334407733889
GOTERM_BP_DIRECT,protein polyubiquitination,12,245,162,16251,3.4e-05,0.00108,4.91,0.0414,0.00104,6.43e-06,GO:0000209~protein polyubiquitination,"UBE2B,UBE2E3,UBE2U,UBE2D3,ERCC8,UBE2D1,PRAME,UBE2A,UBE2V1,UBE2G2,UBE2L3,RBX1",,2.96657624451305
GOTERM_BP_DIRECT,translation,13,245,198,16251,4.6e-05,0.00143,4.36,0.0556,0.00137,9.91e-06,GO:0006412~translation,"EIF2B3,KARS1,RPL11,RRBP1,DARS1,WARS1,SARS1,EPRS1,RPL38,EEF1E1,RPS27A,UBA52,EIF4G1",,2.844663962534938
REACTOME_PATHWAY,Formation of TC-NER Pre-Incision Complex,8,213,51,10908,5.31e-05,0.000207,8.03,0.0488,0.00014,5.73e-06,R-HSA-6781823~Formation of TC-NER Pre-Incision Complex,"DDB1,COPS3,COPS6,ERCC8,COPS7A,RPS27A,UBA52,RBX1",DNA replication & repair,3.684029654543082
REACTOME_PATHWAY,Transport of small molecules,31,213,718,10908,5.51e-05,0.000214,2.21,0.0505,0.000144,2.39e-05,R-HSA-382551~Transport of small molecules,"STEAP3,PSMD12,PSMD11,PSMD14,PSMD13,CLTC,PSMD8,PSMB6,PSMB7,PSMD6,PSMB4,PSMD7,PSMB5,PSMB3,PSMD3,PSMB1,PSMD1,ATP6V1E1,RPS27A,ATP6V1F,PSMA6,PSMC5,PSMA3,PSMA4,PSMA1,SOAT1,PSMA2,SOAT2,PSMC1,PSMC2,UBA52",Membrane trafficking & vesicular transport,3.669586226650809
REACTOME_PATHWAY,Resolution of D-Loop Structures,7,213,37,10908,7.06e-05,0.000272,9.69,0.0642,0.000184,6.14e-06,R-HSA-5693537~Resolution of D-Loop Structures,"RTEL1,RMI2,WRN,KAT5,EXO1,EME2,XRCC3",DNA replication & repair,3.5654310959658013
REACTOME_PATHWAY,Developmental Biology,49,213,1422,10908,7.27e-05,0.000279,1.76,0.0661,0.000189,3.98e-05,R-HSA-1266738~Developmental Biology,"EIF4A3,ARPC1A,CLTC,ACTB,ACTG1,PSMD8,PSMD6,PSMD7,KAT5,MYC,PSMD3,PSMD1,RPL38,ELOC,ATP6V1E1,ACTL6A,DARS1,RBX1,PSMA6,PSMA3,PSMA4,PSMA1,PSMA2,LARS1,MED21,EEF1E1,UBA52,MCM2,PSMD12,PSMD11,PSMD14,KARS1,PSMD13,RPL11,PSMB6,PSMB7,PSMB4,PSMB5,PSMB3,PSMB1,RPS27A,PSMC5,EPRS1,ARPC2,ARPC3,PSMC1,PSMC2,EIF4G1,TUBA8",Other,3.5543957967264026
REACTOME_PATHWAY,Base Excision Repair,9,213,72,10908,7.34e-05,0.000281,6.4,0.0667,0.00019,1.02e-05,R-HSA-73884~Base Excision Repair,"RFC5,FEN1,RFC3,PCNA,RFC2,POLE2,POLD2,RPA2,POT1",DNA replication & repair,3.55129368009492
REACTOME_PATHWAY,Macroautophagy,12,213,139,10908,8.18e-05,0.000312,4.42,0.0741,0.000211,1.7e-05,R-HSA-1632852~Macroautophagy,"GABARAPL2,DYNC1LI2,UBE2D3,PIK3R4,UBE2V1,RPS27A,DYNLL1,UBA52,GABARAP,MTOR,UBE2L3,TUBA8",Autophagy,3.505845405981557
REACTOME_PATHWAY,Telomere C-strand synthesis initiation,5,213,13,10908,8.64e-05,0.000327,19.7,0.0781,0.000221,3.07e-06,R-HSA-174430~Telomere C-strand synthesis initiation,"POLA2,STN1,TEN1,PRIM1,POT1",DNA replication & repair,3.485452247339714
REACTOME_PATHWAY,Mismatch repair (MMR) directed by MSH2:MSH3 (MutSbeta),5,213,13,10908,8.64e-05,0.000327,19.7,0.0781,0.000221,3.07e-06,R-HSA-5358606~Mismatch repair (MMR) directed by MSH2:MSH3 (MutSbeta),"PCNA,EXO1,MSH3,POLD2,RPA2",DNA replication & repair,3.485452247339714
GOTERM_BP_DIRECT,positive regulation of tumor necrosis factor production,10,245,122,16251,9.35e-05,0.00283,5.44,0.11,0.00271,1.59e-05,GO:0032760~positive regulation of tumor necrosis factor production,"PSMA6,PSMA3,PSMB4,PSMA4,PSMA1,PSMA2,PSMB3,PSMB1,PSMB10,PSMB9",,2.54821356447571
GOTERM_BP_DIRECT,protein K48-linked ubiquitination,9,245,96,16251,9.79e-05,0.00286,6.22,0.115,0.00273,1.44e-05,GO:0070936~protein K48-linked ubiquitination,"UBE2B,CDC26,UBE2E3,UBE2D3,UBE2D1,UBE2A,UBE2G2,ANAPC10,RBX1",,2.543633966870957
GOTERM_BP_DIRECT,regulation of DNA-templated DNA replication initiation,5,245,17,16251,0.000101,0.00286,19.51,0.118,0.00273,3.99e-06,GO:0030174~regulation of DNA-templated DNA replication initiation,"DDB1,MCM4,MCM6,RBX1,MCM2",,2.543633966870957
GOTERM_BP_DIRECT,DNA replication checkpoint signaling,5,245,17,16251,0.000101,0.00286,19.51,0.118,0.00273,3.99e-06,GO:0000076~DNA replication checkpoint signaling,"RFC5,RFC3,RFC2,RAD17,CDC6",,2.543633966870957
REACTOME_PATHWAY,Inactivation of CSF3 (G-CSF) signaling,6,213,25,10908,0.000102,0.000386,12.29,0.0918,0.000261,6.71e-06,R-HSA-9705462~Inactivation of CSF3 (G-CSF) signaling,"CUL5,UBE2D3,UBE2D1,ELOC,RPS27A,UBA52",Immune response & host–pathogen interactions,3.413412695328245
REACTOME_PATHWAY,Mismatch Repair,5,213,14,10908,0.000119,0.000447,18.29,0.106,0.000302,4.7e-06,R-HSA-5358508~Mismatch Repair,"PCNA,EXO1,MSH3,POLD2,RPA2",DNA replication & repair,3.3496924768680634
REACTOME_PATHWAY,Prefoldin mediated transfer of substrate  to CCT/TriC,6,213,27,10908,0.000151,0.000561,11.38,0.132,0.000379,1.09e-05,R-HSA-389957~Prefoldin mediated transfer of substrate  to CCT/TriC,"CCT3,CCT6A,CCT2,VBP1,TCP1,ACTB",Protein & RNA homeostasis,3.251037138743839
REACTOME_PATHWAY,Resolution of D-loop Structures through Synthesis-Dependent Strand Annealing (SDSA),6,213,27,10908,0.000151,0.000561,11.38,0.132,0.000379,1.09e-05,R-HSA-5693554~Resolution of D-loop Structures through Synthesis-Dependent Strand Annealing (SDSA),"RTEL1,RMI2,WRN,KAT5,EXO1,XRCC3",DNA replication & repair,3.251037138743839
GOTERM_BP_DIRECT,protein modification by small protein conjugation,5,245,19,16251,0.000161,0.00444,17.46,0.181,0.00425,7.31e-06,GO:0032446~protein modification by small protein conjugation,"UBE2B,UBE2U,UBE2A,UBE2G2,UBE2L3",,2.3526170298853804
REACTOME_PATHWAY,Selenoamino acid metabolism,10,213,103,10908,0.000173,0.00064,4.97,0.15,0.000433,3.16e-05,R-HSA-2408522~Selenoamino acid metabolism,"SARS1,EPRS1,KARS1,LARS1,RPL11,RPL38,EEF1E1,RPS27A,UBA52,DARS1",Other,3.193820026016113
REACTOME_PATHWAY,Membrane Trafficking,27,213,627,10908,0.000204,0.000751,2.21,0.174,0.000508,8.82e-05,R-HSA-199991~Membrane Trafficking,"NAPA,COPB2,ARPC1A,CLTC,COPS7A,GABARAP,ACTB,ACTG1,CAPZB,FCHO1,BNIP1,RPS27A,UBQLN2,GABARAPL2,SNAPIN,DYNLL1,ARFGAP3,RAB10,COPS3,COPS6,DYNC1LI2,SNX18,ARPC2,ARPC3,UBA52,TUBA8,MON1B",Membrane trafficking & vesicular transport,3.1243600629958315
REACTOME_PATHWAY,Autophagy,12,213,154,10908,0.000204,0.000751,3.99,0.175,0.000508,4.74e-05,R-HSA-9612973~Autophagy,"GABARAPL2,DYNC1LI2,UBE2D3,PIK3R4,UBE2V1,RPS27A,DYNLL1,UBA52,GABARAP,MTOR,UBE2L3,TUBA8",Autophagy,3.1243600629958315
GOTERM_BP_DIRECT,chromosome segregation,9,245,109,16251,0.000237,0.00641,5.48,0.256,0.00613,4e-05,GO:0007059~chromosome segregation,"TOP2A,SEH1L,NUF2,CLTC,NUP43,ESCO2,BUB3,CKAP5,CENPQ",,2.1931419704811828
REACTOME_PATHWAY,Signaling by CSF3 (G-CSF),6,213,30,10908,0.000254,0.00093,10.24,0.212,0.000629,2.07e-05,R-HSA-9674555~Signaling by CSF3 (G-CSF),"CUL5,UBE2D3,UBE2D1,ELOC,RPS27A,UBA52",Immune response & host–pathogen interactions,3.0315170514460648
GOTERM_BP_DIRECT,positive regulation of telomerase RNA localization to Cajal body,4,245,9,16251,0.000263,0.00694,29.48,0.279,0.00663,5.99e-06,GO:1904874~positive regulation of telomerase RNA localization to Cajal body,"CCT3,CCT6A,CCT2,TCP1",,2.158640529545145
GOTERM_BP_DIRECT,mRNA export from nucleus,7,245,61,16251,0.0003,0.00776,7.61,0.311,0.00742,3.54e-05,GO:0006406~mRNA export from nucleus,"NXF1,UPF1,PCID2,DDX19B,NXT1,EIF4A3,THOC6",,2.1101382787418115
GOTERM_BP_DIRECT,positive regulation of telomere maintenance via telomerase,5,245,23,16251,0.000351,0.00889,14.42,0.353,0.0085,2.01e-05,GO:0032212~positive regulation of telomere maintenance via telomerase,"CCT3,CCT6A,CCT2,TCP1,POT1",,2.0510982390297863
GOTERM_BP_DIRECT,positive regulation of protein localization to Cajal body,4,245,10,16251,0.000371,0.00922,26.53,0.37,0.00881,9.86e-06,GO:1904871~positive regulation of protein localization to Cajal body,"CCT3,CCT6A,CCT2,TCP1",,2.0352690789463708
GOTERM_BP_DIRECT,mismatch repair,5,245,24,16251,0.000416,0.0101,13.82,0.404,0.00968,2.51e-05,GO:0006298~mismatch repair,"WRN,PCNA,EXO1,MSH3,RPA2",,1.9956786262173574
REACTOME_PATHWAY,Transcription of E2F targets under negative control by DREAM complex,5,213,19,10908,0.000427,0.00155,13.48,0.331,0.00105,2.52e-05,R-HSA-1362277~Transcription of E2F targets under negative control by DREAM complex,"TOP2A,PCNA,MYC,LIN9,CDC6",Cell cycle & mitosis,2.8096683018297086
REACTOME_PATHWAY,"TICAM1, RIP1-mediated IKK complex recruitment",5,213,19,10908,0.000427,0.00155,13.48,0.331,0.00105,2.52e-05,"R-HSA-168927~TICAM1, RIP1-mediated IKK complex recruitment","UBE2D3,UBE2D1,UBE2V1,RPS27A,UBA52",Immune response & host–pathogen interactions,2.8096683018297086
GOTERM_BP_DIRECT,protein ubiquitination,20,245,536,16251,0.000485,0.0116,2.48,0.453,0.0111,0.000187,GO:0016567~protein ubiquitination,"CUL5,UBE2B,EIPR1,UBE2E3,UBE2D3,UBE2D1,UBE2A,UBE2G2,ANAPC10,UBE2L3,RBX1,DDB1,MED21,CDC26,UBE2U,ERCC8,PRAME,ELOC,RPS27A,UBA52",,1.9355420107730816
GOTERM_BP_DIRECT,proteasome assembly,4,245,11,16251,0.000505,0.0118,24.12,0.466,0.0113,1.53e-05,GO:0043248~proteasome assembly,"PSMD11,PSMB5,PSMD5,PSMG2",,1.9281179926938745
REACTOME_PATHWAY,Inactivation of APC/C via direct inhibition of the APC/C complex,5,213,20,10908,0.000526,0.0019,12.8,0.391,0.00128,3.31e-05,R-HSA-141430~Inactivation of APC/C via direct inhibition of the APC/C complex,"CDC26,UBE2D1,BUB3,ANAPC10,MAD2L1",Cell cycle & mitosis,2.721246399047171
REACTOME_PATHWAY,Inhibition of the proteolytic activity of APC/C required for the onset of anaphase by mitotic spindle checkpoint components,5,213,20,10908,0.000526,0.0019,12.8,0.391,0.00128,3.31e-05,R-HSA-141405~Inhibition of the proteolytic activity of APC/C required for the onset of anaphase by mitotic spindle checkpoint components,"CDC26,UBE2D1,BUB3,ANAPC10,MAD2L1",Cell cycle & mitosis,2.721246399047171
REACTOME_PATHWAY,Vesicle-mediated transport,27,213,668,10908,0.000541,0.00194,2.07,0.399,0.00131,0.00025,R-HSA-5653656~Vesicle-mediated transport,"NAPA,COPB2,ARPC1A,CLTC,COPS7A,GABARAP,ACTB,ACTG1,CAPZB,FCHO1,BNIP1,RPS27A,UBQLN2,GABARAPL2,SNAPIN,DYNLL1,ARFGAP3,RAB10,COPS3,COPS6,DYNC1LI2,SNX18,ARPC2,ARPC3,UBA52,TUBA8,MON1B",Membrane trafficking & vesicular transport,2.712198270069774
REACTOME_PATHWAY,Resolution of D-loop Structures through Holliday Junction Intermediates,6,213,36,10908,0.00061,0.00219,8.54,0.437,0.00148,6.17e-05,R-HSA-5693568~Resolution of D-loop Structures through Holliday Junction Intermediates,"RMI2,WRN,KAT5,EXO1,EME2,XRCC3",DNA replication & repair,2.6595558851598815
GOTERM_BP_DIRECT,double-strand break repair via break-induced replication,4,245,12,16251,0.000665,0.0148,22.11,0.563,0.0141,2.27e-05,GO:0000727~double-strand break repair via break-induced replication,"MCMDC2,MCM4,MCM6,MCM2",,1.8297382846050425
GOTERM_BP_DIRECT,double-strand break repair involved in meiotic recombination,4,245,12,16251,0.000665,0.0148,22.11,0.563,0.0141,2.27e-05,GO:1990918~double-strand break repair involved in meiotic recombination,"FANCD2,MCMDC2,DMC1,HSF2BP",,1.8297382846050425
GOTERM_BP_DIRECT,telomere capping,4,245,12,16251,0.000665,0.0148,22.11,0.563,0.0141,2.27e-05,GO:0016233~telomere capping,"STN1,TEN1,PRKDC,POT1",,1.8297382846050425
REACTOME_PATHWAY,Fanconi Anemia Pathway,6,213,37,10908,0.000695,0.00248,8.3,0.48,0.00168,7.24e-05,R-HSA-6783310~Fanconi Anemia Pathway,"FANCD2,EME2,RPA2,FANCE,RPS27A,UBA52",DNA replication & repair,2.6055483191737836
REACTOME_PATHWAY,BBSome-mediated cargo-targeting to cilium,5,213,22,10908,0.000771,0.00274,11.64,0.516,0.00185,5.44e-05,R-HSA-5620922~BBSome-mediated cargo-targeting to cilium,"CCT3,CCT2,MKKS,BBS10,TCP1",Membrane trafficking & vesicular transport,2.562249437179612
GOTERM_BP_DIRECT,mitotic DNA replication checkpoint signaling,4,245,13,16251,0.000855,0.0186,20.41,0.655,0.0178,3.24e-05,GO:0033314~mitotic DNA replication checkpoint signaling,"DONSON,HUS1,RAD17,CDC6",,1.7304870557820837
REACTOME_PATHWAY,APC/C:Cdc20 mediated degradation of Cyclin B,5,213,23,10908,0.000919,0.00324,11.13,0.579,0.00219,6.84e-05,R-HSA-174048~APC/C:Cdc20 mediated degradation of Cyclin B,"CDC26,UBE2D1,RPS27A,UBA52,ANAPC10",Cell cycle & mitosis,2.489454989793388
REACTOME_PATHWAY,IKK complex recruitment mediated by RIP1,5,213,23,10908,0.000919,0.00324,11.13,0.579,0.00219,6.84e-05,R-HSA-937041~IKK complex recruitment mediated by RIP1,"UBE2D3,UBE2D1,UBE2V1,RPS27A,UBA52",Immune response & host–pathogen interactions,2.489454989793388
REACTOME_PATHWAY,Formation of tubulin folding intermediates by CCT/TriC,5,213,24,10908,0.00109,0.00382,10.67,0.64,0.00258,8.51e-05,R-HSA-389960~Formation of tubulin folding intermediates by CCT/TriC,"CCT3,CCT6A,CCT2,TCP1,TUBA8",Cytoskeleton & Rho GTPase signaling,2.417936637088291
REACTOME_PATHWAY,Aggrephagy,6,213,41,10908,0.00112,0.00393,7.49,0.652,0.00266,0.000131,R-HSA-9646399~Aggrephagy,"DYNC1LI2,UBE2V1,RPS27A,DYNLL1,UBA52,TUBA8",Autophagy,2.4056074496245734
GOTERM_BP_DIRECT,cytoplasmic translation,7,245,78,16251,0.00112,0.024,5.95,0.753,0.023,0.000173,GO:0002181~cytoplasmic translation,"RWDD1,SARS1,RPL11,RPL38,RPS27A,UBA52,ZC3H15",,1.6197887582883939
REACTOME_PATHWAY,Antimicrobial mechanism of IFN-stimulated genes,11,213,161,10908,0.00118,0.00411,3.5,0.67,0.00278,0.000313,R-HSA-1169410~Antimicrobial mechanism of IFN-stimulated genes,"SEH1L,PPP2R1B,EIF4A3,NUP43,FANCE,RPS27A,UBA52,ACTB,ACTG1,EIF4G1,TUBA8",Immune response & host–pathogen interactions,2.3861581781239307
REACTOME_PATHWAY,Signaling by Rho GTPases,26,213,669,10908,0.00124,0.00431,1.99,0.689,0.00291,0.000594,R-HSA-194315~Signaling by Rho GTPases,"STEAP3,SEH1L,ARPC1A,CLTC,PIK3R4,CENPA,ACTB,ACTG1,PPP1CC,CAPZB,PPP2R1B,NUF2,NUP43,BUB3,CCT2,PPP2R5B,DYNLL1,ARFGAP3,CKAP5,CCT6A,DYNC1LI2,ARPC2,ARPC3,CENPQ,TUBA8,MAD2L1",Cytoskeleton & Rho GTPase signaling,2.3655227298392685
REACTOME_PATHWAY,Formation of Incision Complex in GG-NER,6,213,42,10908,0.00125,0.00434,7.32,0.693,0.00294,0.000151,R-HSA-5696395~Formation of Incision Complex in GG-NER,"DDB1,RPA2,RAD23A,RPS27A,UBA52,RBX1",DNA replication & repair,2.362510270487489
REACTOME_PATHWAY,Selective autophagy,8,213,86,10908,0.00139,0.0048,4.76,0.73,0.00324,0.000266,R-HSA-9663891~Selective autophagy,"DYNC1LI2,UBE2D3,UBE2V1,RPS27A,DYNLL1,UBA52,UBE2L3,TUBA8",Autophagy,2.318758762624413
REACTOME_PATHWAY,G0 and Early G1,5,213,27,10908,0.00171,0.00587,9.48,0.801,0.00397,0.000154,R-HSA-1538133~G0 and Early G1,"TOP2A,PCNA,MYC,LIN9,CDC6",Cell cycle & mitosis,2.2313618987523856
REACTOME_PATHWAY,SUMOylation of DNA replication proteins,6,213,45,10908,0.00172,0.00587,6.83,0.802,0.00397,0.000223,R-HSA-4615885~SUMOylation of DNA replication proteins,"TOP2A,TOP2B,PCNA,SEH1L,NUP43,AURKA",DNA replication & repair,2.2313618987523856
REACTOME_PATHWAY,"Signaling by Rho GTPases, Miro GTPases and RHOBTB3",26,213,685,10908,0.00172,0.00587,1.94,0.802,0.00397,0.000844,"R-HSA-9716542~Signaling by Rho GTPases, Miro GTPases and RHOBTB3","STEAP3,SEH1L,ARPC1A,CLTC,PIK3R4,CENPA,ACTB,ACTG1,PPP1CC,CAPZB,PPP2R1B,NUF2,NUP43,BUB3,CCT2,PPP2R5B,DYNLL1,ARFGAP3,CKAP5,CCT6A,DYNC1LI2,ARPC2,ARPC3,CENPQ,TUBA8,MAD2L1",Cytoskeleton & Rho GTPase signaling,2.2313618987523856
REACTOME_PATHWAY,Mismatch repair (MMR) directed by MSH2:MSH6 (MutSalpha),4,213,13,10908,0.00179,0.0061,15.76,0.815,0.00412,8.8e-05,R-HSA-5358565~Mismatch repair (MMR) directed by MSH2:MSH6 (MutSalpha),"PCNA,EXO1,POLD2,RPA2",DNA replication & repair,2.214670164989233
GOTERM_BP_DIRECT,DNA-templated DNA replication,5,245,36,16251,0.002,0.042,9.21,0.917,0.0402,0.000192,GO:0006261~DNA-templated DNA replication,"RFC5,RFC3,RFC2,POLE2,POLD2",,1.3767507096020994
GOTERM_BP_DIRECT,protein folding,10,245,186,16251,0.00203,0.042,3.57,0.92,0.0402,0.000531,GO:0006457~protein folding,"CCT3,CCT6A,CCT2,MKKS,VBP1,KHSRP,TCP1,DNAJC21,PPID,PDRG1",,1.3767507096020994
GOTERM_BP_DIRECT,poly(A)+ mRNA export from nucleus,4,245,19,16251,0.00271,0.0544,13.96,0.966,0.052,0.000163,GO:0016973~poly(A)+ mRNA export from nucleus,"NXF1,PCID2,DDX19B,NXT1",,1.26440110030182
GOTERM_BP_DIRECT,spliceosomal snRNP assembly,6,245,64,16251,0.00272,0.0544,6.22,0.966,0.052,0.000399,GO:0000387~spliceosomal snRNP assembly,"SF3B3,SNRPD1,GEMIN2,SNRPD3,GEMIN8,USP39",,1.26440110030182
REACTOME_PATHWAY,PINK1-PRKN Mediated Mitophagy,5,213,31,10908,0.00289,0.0098,8.26,0.934,0.00663,0.000304,R-HSA-5205685~PINK1-PRKN Mediated Mitophagy,"UBE2D3,UBE2V1,RPS27A,UBA52,UBE2L3",Autophagy,2.0087739243075053
GOTERM_BP_DIRECT,mitotic intra-S DNA damage checkpoint signaling,4,245,20,16251,0.00316,0.062,13.27,0.98,0.0593,0.000202,GO:0031573~mitotic intra-S DNA damage checkpoint signaling,"FANCD2,EME2,HUS1,RAD17",,1.207608310501746
GOTERM_BP_DIRECT,telomere maintenance via semi-conservative replication,3,245,6,16251,0.00324,0.062,33.17,0.982,0.0593,6.55e-05,GO:0032201~telomere maintenance via semi-conservative replication,"UPF1,FEN1,WRN",,1.207608310501746
GOTERM_BP_DIRECT,DNA damage checkpoint signaling,5,245,41,16251,0.00325,0.062,8.09,0.982,0.0593,0.00036,GO:0000077~DNA damage checkpoint signaling,"RPA4,DONSON,HUS1,RPA2,RAD17",,1.207608310501746
REACTOME_PATHWAY,snRNP Assembly,6,213,53,10908,0.00356,0.0119,5.8,0.965,0.00807,0.000552,R-HSA-191859~snRNP Assembly,"SEH1L,SNRPD1,GEMIN2,NUP43,SNRPD3,GEMIN8",Protein & RNA homeostasis,1.9244530386074692
REACTOME_PATHWAY,Metabolism of non-coding RNA,6,213,53,10908,0.00356,0.0119,5.8,0.965,0.00807,0.000552,R-HSA-194441~Metabolism of non-coding RNA,"SEH1L,SNRPD1,GEMIN2,NUP43,SNRPD3,GEMIN8",Protein & RNA homeostasis,1.9244530386074692
REACTOME_PATHWAY,Transcriptional activity of SMAD2/SMAD3:SMAD4 heterotrimer,6,213,53,10908,0.00356,0.0119,5.8,0.965,0.00807,0.000552,R-HSA-2173793~Transcriptional activity of SMAD2/SMAD3:SMAD4 heterotrimer,"CCNT2,MYC,UBE2D3,UBE2D1,RPS27A,UBA52",Cell signaling,1.9244530386074692
GOTERM_BP_DIRECT,protein neddylation,4,245,21,16251,0.00364,0.0685,12.63,0.989,0.0655,0.000247,GO:0045116~protein neddylation,"COPS3,COPS6,COPS7A,RBX1",,1.1643094285075744
REACTOME_PATHWAY,Evasion by RSV of host interferon responses,5,213,33,10908,0.00365,0.0122,7.76,0.968,0.00824,0.000412,R-HSA-9833109~Evasion by RSV of host interferon responses,"CUL5,ELOC,RPS27A,UBA52,RBX1",Immune response & host–pathogen interactions,1.9136401693252518
GOTERM_BP_DIRECT,regulation of circadian rhythm,6,245,69,16251,0.00377,0.0689,5.77,0.991,0.0659,0.000599,GO:0042752~regulation of circadian rhythm,"TOP2A,DDB1,PPP1CC,PRKDC,MTOR,RBX1",,1.1617807780923741
GOTERM_BP_DIRECT,protein stabilization,11,245,243,16251,0.00377,0.0689,3.0,0.991,0.0659,0.00118,GO:0050821~protein stabilization,"CCT3,CCT6A,CCT2,DBR1,UBE2B,VBP1,TCP1,RUVBL1,MTOR,STK3,PDRG1",,1.1617807780923741
GOTERM_BP_DIRECT,regulation of DNA replication,5,245,43,16251,0.00387,0.0696,7.71,0.992,0.0665,0.000451,GO:0006275~regulation of DNA replication,"PCNA,DSCC1,ACTL6A,RUVBL1,ESCO2",,1.157390760389438
REACTOME_PATHWAY,Cargo recognition for clathrin-mediated endocytosis,8,213,104,10908,0.0041,0.0136,3.94,0.979,0.00921,0.000958,R-HSA-8856825~Cargo recognition for clathrin-mediated endocytosis,"COPS3,COPS6,FCHO1,CLTC,COPS7A,RPS27A,UBA52,UBQLN2",Membrane trafficking & vesicular transport,1.8664610916297826
REACTOME_PATHWAY,Processing of Capped Intron-Containing Pre-mRNA,14,213,288,10908,0.0041,0.0136,2.49,0.979,0.00921,0.00155,R-HSA-72203~Processing of Capped Intron-Containing Pre-mRNA,"SEH1L,NXT1,SF3B3,EIF4A3,USP39,THOC6,NXF1,SNRPD1,DHX16,NUP43,MTREX,SNRPD3,RPS27A,UBA52",Protein & RNA homeostasis,1.8664610916297826
REACTOME_PATHWAY,RHO GTPases Activate WASPs and WAVEs,5,213,35,10908,0.00453,0.015,7.32,0.986,0.0101,0.000546,R-HSA-5663213~RHO GTPases Activate WASPs and WAVEs,"ARPC2,ARPC3,ARPC1A,ACTB,ACTG1",Cytoskeleton & Rho GTPase signaling,1.8239087409443189
REACTOME_PATHWAY,Signal Transduction,67,213,2533,10908,0.00467,0.0154,1.35,0.988,0.0104,0.00335,R-HSA-162582~Signal Transduction,"STEAP3,CCNT2,UBE2D3,ARPC1A,CLTC,UBE2D1,ACTB,UBE2L3,ACTG1,PSMD8,PPP1CC,PSMD6,PSMD7,PPP2R1B,KAT5,CAPZB,MYC,RUVBL1,PSMD3,NUF2,PSMD1,ATP6V1E1,CCT2,PDE4D,PPP2R5B,ARFGAP3,DYNLL1,CKAP5,RBX1,PSMA6,PSMA3,DYNC1LI2,PSMA4,PSMA1,PSMA2,UBA52,PPID,PSMD12,SEH1L,PSMD11,CUL5,PSMD14,PSMD13,PIK3R4,CENPA,STK3,PSMB6,PSMB7,PSMB4,PSMB5,PSMB3,PSMB1,NUP43,BUB3,RPS27A,ATP6V1F,MTOR,CCT6A,PSMC5,ARPC2,ARPC3,PSMC1,PSMC2,CENPQ,EIF4G1,TUBA8,MAD2L1",Cell signaling,1.812479279163537
GOTERM_BP_DIRECT,chaperone-mediated protein complex assembly,4,245,23,16251,0.00474,0.0841,11.54,0.997,0.0804,0.000356,GO:0051131~chaperone-mediated protein complex assembly,"CCT2,MKKS,BBS10,PSMG2",,1.0752040042020878
REACTOME_PATHWAY,Plasma lipoprotein clearance,5,213,37,10908,0.00554,0.0182,6.92,0.995,0.0123,0.00071,R-HSA-8964043~Plasma lipoprotein clearance,"SOAT1,SOAT2,CLTC,RPS27A,UBA52",Other,1.739928612014925
REACTOME_PATHWAY,tRNA processing,8,213,111,10908,0.00586,0.0192,3.69,0.996,0.013,0.00146,R-HSA-72306~tRNA processing,"SEH1L,EPRS1,PRORP,RPP21,NUP43,THADA,RAN,RTRAF",Protein & RNA homeostasis,1.7166987712964503
GOTERM_BP_DIRECT,DNA strand elongation involved in DNA replication,3,245,8,16251,0.00592,0.104,24.87,0.999,0.099,0.000179,GO:0006271~DNA strand elongation involved in DNA replication,"RFC3,POLD2,MCM4",,0.9829666607012196
REACTOME_PATHWAY,Mitophagy,5,213,38,10908,0.0061,0.0199,6.74,0.997,0.0135,0.000804,R-HSA-5205647~Mitophagy,"UBE2D3,UBE2V1,RPS27A,UBA52,UBE2L3",Autophagy,1.7011469235902934
REACTOME_PATHWAY,Influenza Infection,9,213,142,10908,0.00648,0.0211,3.25,0.998,0.0142,0.00185,R-HSA-168255~Influenza Infection,"SEH1L,RPL11,CLTC,NUP43,RPL38,RPS27A,UBA52,RAN,IPO5",Immune response & host–pathogen interactions,1.6757175447023074
GOTERM_BP_DIRECT,double-strand break repair,6,245,79,16251,0.0067,0.115,5.04,1.0,0.11,0.00123,GO:0006302~double-strand break repair,"FEN1,WRN,KAT5,PRKDC,EME2,ESCO2",,0.9393021596463883
GOTERM_BP_DIRECT,regulation of double-strand break repair,4,245,26,16251,0.00674,0.115,10.2,1.0,0.11,0.00058,GO:2000779~regulation of double-strand break repair,"KAT5,ACTL6A,RUVBL1,ACTB",,0.9393021596463883
GOTERM_BP_DIRECT,RNA splicing,10,245,228,16251,0.00762,0.128,2.91,1.0,0.122,0.00247,GO:0008380~RNA splicing,"SF3B3,SNRPD1,GEMIN2,KHSRP,DHX16,MTREX,SNRPD3,USP39,VIRMA,THOC6",,0.8927900303521317
GOTERM_BP_DIRECT,spermatid development,7,245,115,16251,0.00779,0.129,4.04,1.0,0.123,0.00179,GO:0007286~spermatid development,"MKKS,KAT5,DMC1,NME5,DYNLL1,RAN,TUBA8",,0.889410289700751
REACTOME_PATHWAY,HIV Life Cycle,9,213,147,10908,0.00793,0.0257,3.14,0.999,0.0174,0.00235,R-HSA-162587~HIV Life Cycle,"FEN1,SEH1L,CCNT2,PDCD6IP,NUP43,ELOC,RPS27A,UBA52,RAN",Immune response & host–pathogen interactions,1.5900668766687054
REACTOME_PATHWAY,Chaperonin-mediated protein folding,7,213,90,10908,0.00807,0.026,3.98,1.0,0.0176,0.00186,R-HSA-390466~Chaperonin-mediated protein folding,"CCT3,CCT6A,CCT2,VBP1,TCP1,ACTB,TUBA8",Protein & RNA homeostasis,1.585026652029182
REACTOME_PATHWAY,E2F mediated regulation of DNA replication,4,213,22,10908,0.00849,0.0273,9.31,1.0,0.0185,0.000784,R-HSA-113510~E2F mediated regulation of DNA replication,"POLA2,PPP2R1B,PRIM1,ORC2",DNA replication & repair,1.563837352959244
REACTOME_PATHWAY,EPHB-mediated forward signaling,5,213,42,10908,0.00871,0.0279,6.1,1.0,0.0189,0.00128,R-HSA-3928662~EPHB-mediated forward signaling,"ARPC2,ARPC3,ARPC1A,ACTB,ACTG1",Cell signaling,1.5543957967264024
GOTERM_BP_DIRECT,cellular response to UV,5,245,54,16251,0.00872,0.142,6.14,1.0,0.136,0.0013,GO:0034644~cellular response to UV,"DDB1,PCNA,MYC,POLK,RBX1",,0.8477116556169435
REACTOME_PATHWAY,DNA replication initiation,3,213,8,10908,0.00975,0.0311,19.2,1.0,0.021,0.000382,R-HSA-68952~DNA replication initiation,"POLA2,POLE2,PRIM1",DNA replication & repair,1.5072396109731625
GOTERM_BP_DIRECT,mitotic spindle assembly checkpoint signaling,4,245,30,16251,0.0101,0.16,8.84,1.0,0.153,0.00101,GO:0007094~mitotic spindle assembly checkpoint signaling,"NUF2,BUB3,PSMG2,MAD2L1",,0.7958800173440752
GOTERM_BP_DIRECT,"RNA splicing, via transesterification reactions",4,245,30,16251,0.0101,0.16,8.84,1.0,0.153,0.00101,"GO:0000375~RNA splicing, via transesterification reactions","DBR1,SF3B3,GEMIN2,KHSRP",,0.7958800173440752
REACTOME_PATHWAY,Cargo trafficking to the periciliary membrane,6,213,68,10908,0.0102,0.0326,4.52,1.0,0.022,0.00206,R-HSA-5620920~Cargo trafficking to the periciliary membrane,"CCT3,CCT2,MKKS,BBS10,TCP1,TUBA8",Membrane trafficking & vesicular transport,1.486782399932061
REACTOME_PATHWAY,MITF-M-regulated melanocyte development,9,213,155,10908,0.0107,0.0341,2.97,1.0,0.023,0.00335,R-HSA-9730414~MITF-M-regulated melanocyte development,"EPRS1,KARS1,LARS1,ACTL6A,ATP6V1E1,EEF1E1,ACTB,DARS1,MCM2",Cell signaling,1.4672456210075022
REACTOME_PATHWAY,Impaired BRCA2 binding to PALB2,4,213,24,10908,0.0108,0.0343,8.54,1.0,0.0232,0.00111,R-HSA-9709603~Impaired BRCA2 binding to PALB2,"RMI2,WRN,KAT5,EXO1",DNA replication & repair,1.4647058799572295
REACTOME_PATHWAY,Protein folding,7,213,96,10908,0.0109,0.0343,3.73,1.0,0.0232,0.00269,R-HSA-391251~Protein folding,"CCT3,CCT6A,CCT2,VBP1,TCP1,ACTB,TUBA8",Protein & RNA homeostasis,1.4647058799572295
REACTOME_PATHWAY,Signaling by TGF-beta Receptor Complex,7,213,96,10908,0.0109,0.0343,3.73,1.0,0.0232,0.00269,R-HSA-170834~Signaling by TGF-beta Receptor Complex,"PPP1CC,CCNT2,MYC,UBE2D3,UBE2D1,RPS27A,UBA52",Cell signaling,1.4647058799572295
REACTOME_PATHWAY,SARS-CoV-2 modulates host translation machinery,5,213,45,10908,0.0111,0.0347,5.69,1.0,0.0235,0.00175,R-HSA-9754678~SARS-CoV-2 modulates host translation machinery,"SNRPD1,GEMIN2,SNRPD3,GEMIN8,RPS27A",Immune response & host–pathogen interactions,1.4596705252091262
GOTERM_BP_DIRECT,regulation of macroautophagy,5,245,58,16251,0.0112,0.17,5.72,1.0,0.163,0.00179,GO:0016241~regulation of macroautophagy,"PSMD14,PIK3R4,ATP6V1E1,MTOR,UBQLN2",,0.769551078621726
GOTERM_BP_DIRECT,DNA damage tolerance,3,245,11,16251,0.0113,0.17,18.09,1.0,0.163,0.000511,GO:0006301~DNA damage tolerance,"UBE2B,UBE2A,UBE2V1",,0.769551078621726
GOTERM_BP_DIRECT,error-prone translesion synthesis,3,245,11,16251,0.0113,0.17,18.09,1.0,0.163,0.000511,GO:0042276~error-prone translesion synthesis,"POLE2,POLD2,POLK",,0.769551078621726
GOTERM_BP_DIRECT,protein deneddylation,3,245,11,16251,0.0113,0.17,18.09,1.0,0.163,0.000511,GO:0000338~protein deneddylation,"COPS3,COPS6,COPS7A",,0.769551078621726
GOTERM_BP_DIRECT,protein transport,16,245,516,16251,0.0114,0.17,2.06,1.0,0.163,0.00525,GO:0015031~protein transport,"GABARAPL2,PCID2,SEH1L,PDCD6IP,RRBP1,TIMM10,ARFGAP3,GABARAP,TIMM10B,NXF1,SNX18,ACAP1,NUP43,CCDC93,PPID,RAN",,0.769551078621726
GOTERM_BP_DIRECT,mitotic spindle organization,5,245,59,16251,0.0118,0.175,5.62,1.0,0.167,0.00193,GO:0007052~mitotic spindle organization,"NUF2,CLTC,CKAP5,RAN,AURKA",,0.7569619513137056
REACTOME_PATHWAY,Defective HDR through Homologous Recombination Repair (HRR) due to PALB2 loss of BRCA1 binding function,4,213,25,10908,0.0121,0.0375,8.19,1.0,0.0254,0.0013,R-HSA-9704331~Defective HDR through Homologous Recombination Repair (HRR) due to PALB2 loss of BRCA1 binding function,"RMI2,WRN,KAT5,EXO1",DNA replication & repair,1.4259687322722812
REACTOME_PATHWAY,Defective homologous recombination repair (HRR) due to PALB2 loss of function,4,213,25,10908,0.0121,0.0375,8.19,1.0,0.0254,0.0013,R-HSA-9701193~Defective homologous recombination repair (HRR) due to PALB2 loss of function,"RMI2,WRN,KAT5,EXO1",DNA replication & repair,1.4259687322722812
REACTOME_PATHWAY,Defective homologous recombination repair (HRR) due to BRCA1 loss of function,4,213,25,10908,0.0121,0.0375,8.19,1.0,0.0254,0.0013,R-HSA-9701192~Defective homologous recombination repair (HRR) due to BRCA1 loss of function,"RMI2,WRN,KAT5,EXO1",DNA replication & repair,1.4259687322722812
REACTOME_PATHWAY,Defective HDR through Homologous Recombination Repair (HRR) due to PALB2 loss of BRCA2/RAD51/RAD51C binding function,4,213,25,10908,0.0121,0.0375,8.19,1.0,0.0254,0.0013,R-HSA-9704646~Defective HDR through Homologous Recombination Repair (HRR) due to PALB2 loss of BRCA2/RAD51/RAD51C binding function,"RMI2,WRN,KAT5,EXO1",DNA replication & repair,1.4259687322722812
REACTOME_PATHWAY,COPI-mediated anterograde transport,7,213,99,10908,0.0126,0.0388,3.62,1.0,0.0262,0.0032,R-HSA-6807878~COPI-mediated anterograde transport,"NAPA,COPB2,DYNC1LI2,CAPZB,ARFGAP3,DYNLL1,TUBA8",Membrane trafficking & vesicular transport,1.4111682744057927
REACTOME_PATHWAY,Regulation of TNFR1 signaling,5,213,47,10908,0.0129,0.0394,5.45,1.0,0.0266,0.00213,R-HSA-5357905~Regulation of TNFR1 signaling,"UBE2D3,UBE2D1,RPS27A,UBA52,UBE2L3",Immune response & host–pathogen interactions,1.4045037781744258
REACTOME_PATHWAY,ISG15 antiviral mechanism,6,213,72,10908,0.0129,0.0394,4.27,1.0,0.0266,0.00276,R-HSA-1169408~ISG15 antiviral mechanism,"SEH1L,EIF4A3,NUP43,RPS27A,UBA52,EIF4G1",Immune response & host–pathogen interactions,1.4045037781744258
REACTOME_PATHWAY,Transport of Mature mRNA derived from an Intron-Containing Transcript,6,213,72,10908,0.0129,0.0394,4.27,1.0,0.0266,0.00276,R-HSA-159236~Transport of Mature mRNA derived from an Intron-Containing Transcript,"NXF1,NXT1,SEH1L,EIF4A3,NUP43,THOC6",Protein & RNA homeostasis,1.4045037781744258
REACTOME_PATHWAY,Golgi-to-ER retrograde transport,8,213,130,10908,0.0134,0.0406,3.15,1.0,0.0275,0.00393,R-HSA-8856688~Golgi-to-ER retrograde transport,"NAPA,COPB2,DYNC1LI2,CAPZB,BNIP1,ARFGAP3,DYNLL1,TUBA8",Membrane trafficking & vesicular transport,1.391473966422806
GOTERM_BP_DIRECT,t-circle formation,3,245,12,16251,0.0134,0.196,16.58,1.0,0.187,0.000673,GO:0090656~t-circle formation,"WRN,EXO1,XRCC3",,0.707743928643524
REACTOME_PATHWAY,Cilium Assembly,10,213,194,10908,0.0135,0.0406,2.64,1.0,0.0275,0.00476,R-HSA-5617833~Cilium Assembly,"CCT3,DYNC2LI1,CCT2,MKKS,BBS10,TCP1,HAUS4,DYNLL1,CKAP5,TUBA8",Membrane trafficking & vesicular transport,1.391473966422806
REACTOME_PATHWAY,Assembly of the 9+0 primary cilium,10,213,194,10908,0.0135,0.0406,2.64,1.0,0.0275,0.00476,R-HSA-9975921~Assembly of the 9+0 primary cilium,"CCT3,DYNC2LI1,CCT2,MKKS,BBS10,TCP1,HAUS4,DYNLL1,CKAP5,TUBA8",Membrane trafficking & vesicular transport,1.391473966422806
REACTOME_PATHWAY,SARS-CoV-2-host interactions,10,213,194,10908,0.0135,0.0406,2.64,1.0,0.0275,0.00476,R-HSA-9705683~SARS-CoV-2-host interactions,"SEH1L,SNRPD1,GEMIN2,PIK3R4,NUP43,UBE2V1,SNRPD3,GEMIN8,RPS27A,UBA52",Immune response & host–pathogen interactions,1.391473966422806
REACTOME_PATHWAY,Nonsense-Mediated Decay (NMD),7,213,101,10908,0.0138,0.0413,3.55,1.0,0.0279,0.00358,R-HSA-927802~Nonsense-Mediated Decay (NMD),"UPF1,RPL11,EIF4A3,RPL38,RPS27A,UBA52,EIF4G1",Protein & RNA homeostasis,1.3840499483435988
REACTOME_PATHWAY,Nonsense Mediated Decay (NMD) enhanced by the Exon Junction Complex (EJC),7,213,101,10908,0.0138,0.0413,3.55,1.0,0.0279,0.00358,R-HSA-975957~Nonsense Mediated Decay (NMD) enhanced by the Exon Junction Complex (EJC),"UPF1,RPL11,EIF4A3,RPL38,RPS27A,UBA52,EIF4G1",Protein & RNA homeostasis,1.3840499483435988
GOTERM_BP_DIRECT,spliceosomal complex assembly,4,245,34,16251,0.0142,0.203,7.8,1.0,0.194,0.00164,GO:0000245~spliceosomal complex assembly,"SNRPD1,GEMIN2,SNRPD3,USP39",,0.6925039620867871
GOTERM_BP_DIRECT,regulation of mitotic metaphase/anaphase transition,4,245,34,16251,0.0142,0.203,7.8,1.0,0.194,0.00164,GO:0030071~regulation of mitotic metaphase/anaphase transition,"PBRM1,ACTL6A,CDC6,ACTB",,0.6925039620867871
GOTERM_BP_DIRECT,spliceosome conformational change to release U4 (or U4atac) and U1 (or U11),4,245,35,16251,0.0154,0.217,7.58,1.0,0.207,0.00183,GO:0000388~spliceosome conformational change to release U4 (or U4atac) and U1 (or U11),"SF3B3,SNRPD1,SNRPD3,USP39",,0.6635402661514705
GOTERM_BP_DIRECT,cellular response to amino acid stimulus,5,245,64,16251,0.0156,0.218,5.18,1.0,0.208,0.00276,GO:0071230~cellular response to amino acid stimulus,"LARS1,ATP6V1E1,MTOR,IPO5,RBX1",,0.6615435063953952
REACTOME_PATHWAY,Late Phase of HIV Life Cycle,8,213,134,10908,0.0156,0.0465,3.06,1.0,0.0315,0.00472,R-HSA-162599~Late Phase of HIV Life Cycle,"SEH1L,CCNT2,PDCD6IP,NUP43,ELOC,RPS27A,UBA52,RAN",Immune response & host–pathogen interactions,1.332547047110046
GOTERM_BP_DIRECT,tRNA processing,5,245,65,16251,0.0164,0.227,5.1,1.0,0.217,0.00296,GO:0008033~tRNA processing,"AARS1,KARS1,PRORP,RPP21,THADA",Protein & RNA homeostasis,0.6439741428068773
REACTOME_PATHWAY,Eukaryotic Translation Initiation,7,213,105,10908,0.0165,0.0487,3.41,1.0,0.033,0.00444,R-HSA-72613~Eukaryotic Translation Initiation,"EIF2B3,RPL11,EIF3G,RPL38,RPS27A,UBA52,EIF4G1",Protein & RNA homeostasis,1.3124710387853658
REACTOME_PATHWAY,Cap-dependent Translation Initiation,7,213,105,10908,0.0165,0.0487,3.41,1.0,0.033,0.00444,R-HSA-72737~Cap-dependent Translation Initiation,"EIF2B3,RPL11,EIF3G,RPL38,RPS27A,UBA52,EIF4G1",Protein & RNA homeostasis,1.3124710387853658
GOTERM_BP_DIRECT,mitotic cell cycle,7,245,137,16251,0.0174,0.237,3.39,1.0,0.227,0.00476,GO:0000278~mitotic cell cycle,"PBRM1,SNX18,CLTC,CKAP5,RAN,AURKA,TUBA8",,0.6252516539898961
REACTOME_PATHWAY,Regulation of BACH1 activity,3,213,11,10908,0.0184,0.0541,13.97,1.0,0.0366,0.00108,R-HSA-9708530~Regulation of BACH1 activity,"RPS27A,UBA52,RBX1",Cell signaling,1.2668027348934305
REACTOME_PATHWAY,Josephin domain DUBs,3,213,11,10908,0.0184,0.0541,13.97,1.0,0.0366,0.00108,R-HSA-5689877~Josephin domain DUBs,"RAD23A,RPS27A,UBA52",Ubiquitin-mediated protein degradation,1.2668027348934305
REACTOME_PATHWAY,Formation of annular gap junctions,3,213,11,10908,0.0184,0.0541,13.97,1.0,0.0366,0.00108,R-HSA-196025~Formation of annular gap junctions,"CLTC,ACTB,ACTG1",,1.2668027348934305
GOTERM_BP_DIRECT,protein modification process,5,245,68,16251,0.0191,0.258,4.88,1.0,0.246,0.0036,GO:0036211~protein modification process,"DUSP12,PRKDC,UBE2D3,UBA52,UBE2L3",,0.5883802940367698
REACTOME_PATHWAY,Cellular response to starvation,8,213,140,10908,0.0194,0.0568,2.93,1.0,0.0384,0.00613,R-HSA-9711097~Cellular response to starvation,"SEH1L,RPL11,RPL38,ATP6V1E1,RPS27A,UBA52,MTOR,ATP6V1F",Autophagy,1.245651664288981
REACTOME_PATHWAY,Dengue Virus Genome Translation and Replication,6,213,81,10908,0.0206,0.0596,3.79,1.0,0.0403,0.00497,R-HSA-9918487~Dengue Virus Genome Translation and Replication,"EIF4A3,RRBP1,RPS27A,UBA52,IPO7,EIF4G1",Immune response & host–pathogen interactions,1.2247537402597635
REACTOME_PATHWAY,Transport of Mature Transcript to Cytoplasm,6,213,81,10908,0.0206,0.0596,3.79,1.0,0.0403,0.00497,R-HSA-72202~Transport of Mature Transcript to Cytoplasm,"NXF1,NXT1,SEH1L,EIF4A3,NUP43,THOC6",Protein & RNA homeostasis,1.2247537402597635
REACTOME_PATHWAY,Nonsense Mediated Decay (NMD) independent of the Exon Junction Complex (EJC),6,213,81,10908,0.0206,0.0596,3.79,1.0,0.0403,0.00497,R-HSA-975956~Nonsense Mediated Decay (NMD) independent of the Exon Junction Complex (EJC),"UPF1,RPL11,RPL38,RPS27A,UBA52,EIF4G1",Protein & RNA homeostasis,1.2247537402597635
GOTERM_BP_DIRECT,regulation of protein neddylation,3,245,15,16251,0.0207,0.274,13.27,1.0,0.262,0.00135,GO:2000434~regulation of protein neddylation,"COPS3,COPS6,COPS7A",,0.562249437179612
GOTERM_BP_DIRECT,Arp2/3 complex-mediated actin nucleation,3,245,15,16251,0.0207,0.274,13.27,1.0,0.262,0.00135,GO:0034314~Arp2/3 complex-mediated actin nucleation,"ARPC2,ARPC3,ARPC1A",,0.562249437179612
REACTOME_PATHWAY,Neutrophil degranulation,17,213,471,10908,0.0214,0.0617,1.85,1.0,0.0417,0.0108,R-HSA-6798695~Neutrophil degranulation,"CCT2,PSMD12,PSMD11,PSMD14,PSMD13,DYNLL1,APRT,RAB10,PSMB7,PSMD6,PGRMC1,PSMD7,PSMA2,PSMC2,PSMD3,PSMB1,PSMD1",Immune response & host–pathogen interactions,1.2097148359667584
REACTOME_PATHWAY,ZNF598 and the Ribosome-associated Quality Trigger (RQT) complex dissociate a ribosome stalled on a no-go mRNA,6,213,82,10908,0.0216,0.0622,3.75,1.0,0.042,0.00528,R-HSA-9954716~ZNF598 and the Ribosome-associated Quality Trigger (RQT) complex dissociate a ribosome stalled on a no-go mRNA,"RPL11,UBE2D3,UBE2D1,RPL38,RPS27A,UBA52",Protein & RNA homeostasis,1.2062096153091812
REACTOME_PATHWAY,Gap junction degradation,3,213,12,10908,0.0218,0.0625,12.8,1.0,0.0423,0.00142,R-HSA-190873~Gap junction degradation,"CLTC,ACTB,ACTG1",,1.2041199826559248
REACTOME_PATHWAY,Unwinding of DNA,3,213,12,10908,0.0218,0.0625,12.8,1.0,0.0423,0.00142,R-HSA-176974~Unwinding of DNA,"MCM4,MCM6,MCM2",,1.2041199826559248
GOTERM_BP_DIRECT,base-excision repair,4,245,40,16251,0.022,0.287,6.63,1.0,0.274,0.00301,GO:0006284~base-excision repair,"FEN1,WRN,SET,RPA2",,0.5421181032660077
REACTOME_PATHWAY,TNF signaling,5,213,56,10908,0.0232,0.0662,4.57,1.0,0.0448,0.00461,R-HSA-75893~TNF signaling,"UBE2D3,UBE2D1,RPS27A,UBA52,UBE2L3",,1.1791420105603
GOTERM_BP_DIRECT,ubiquitin-dependent protein catabolic process via the C-end degron rule pathway,3,245,16,16251,0.0235,0.3,12.44,1.0,0.287,0.00164,GO:0140627~ubiquitin-dependent protein catabolic process via the C-end degron rule pathway,"PRAME,ELOC,RBX1",,0.5228787452803376
GOTERM_BP_DIRECT,mitotic sister chromatid cohesion,3,245,16,16251,0.0235,0.3,12.44,1.0,0.287,0.00164,GO:0007064~mitotic sister chromatid cohesion,"NAA50,DSCC1,ESCO2",,0.5228787452803376
REACTOME_PATHWAY,Regulation of necroptotic cell death,4,213,32,10908,0.0237,0.0671,6.4,1.0,0.0454,0.00331,R-HSA-5675482~Regulation of necroptotic cell death,"PDCD6IP,RPS27A,UBA52,UBE2L3",,1.173277479831008
REACTOME_PATHWAY,Downregulation of SMAD2/3:SMAD4 transcriptional activity,4,213,32,10908,0.0237,0.0671,6.4,1.0,0.0454,0.00331,R-HSA-2173795~Downregulation of SMAD2/3:SMAD4 transcriptional activity,"UBE2D3,UBE2D1,RPS27A,UBA52",,1.173277479831008
REACTOME_PATHWAY,RIPK1-mediated regulated necrosis,4,213,32,10908,0.0237,0.0671,6.4,1.0,0.0454,0.00331,R-HSA-5213460~RIPK1-mediated regulated necrosis,"PDCD6IP,RPS27A,UBA52,UBE2L3",,1.173277479831008
REACTOME_PATHWAY,Iron uptake and transport,5,213,57,10908,0.0246,0.0691,4.49,1.0,0.0467,0.00498,R-HSA-917937~Iron uptake and transport,"STEAP3,ATP6V1E1,RPS27A,UBA52,ATP6V1F",Other,1.1605219526258017
REACTOME_PATHWAY,tRNA processing in the nucleus,5,213,57,10908,0.0246,0.0691,4.49,1.0,0.0467,0.00498,R-HSA-6784531~tRNA processing in the nucleus,"SEH1L,RPP21,NUP43,RAN,RTRAF",,1.1605219526258017
REACTOME_PATHWAY,Regulation of PLK1 Activity at G2/M Transition,6,213,85,10908,0.0248,0.0694,3.61,1.0,0.047,0.00628,R-HSA-2565942~Regulation of PLK1 Activity at G2/M Transition,"HAUS4,RPS27A,DYNLL1,CKAP5,UBA52,AURKA",Cell cycle & mitosis,1.158640529545145
REACTOME_PATHWAY,Inhibition of replication initiation of damaged DNA by RB1/E2F1,3,213,13,10908,0.0255,0.071,11.82,1.0,0.048,0.00182,R-HSA-113501~Inhibition of replication initiation of damaged DNA by RB1/E2F1,"POLA2,PPP2R1B,PRIM1",DNA replication & repair,1.1487416512809248
REACTOME_PATHWAY,TRAF6 mediated IRF7 activation in TLR7/8 or 9 signaling,3,213,13,10908,0.0255,0.071,11.82,1.0,0.048,0.00182,R-HSA-975110~TRAF6 mediated IRF7 activation in TLR7/8 or 9 signaling,"UBE2V1,RPS27A,UBA52",Immune response & host–pathogen interactions,1.1487416512809248
REACTOME_PATHWAY,Parasite infection,5,213,58,10908,0.026,0.0719,4.41,1.0,0.0486,0.00536,R-HSA-9664407~Parasite infection,"ARPC2,ARPC3,ARPC1A,ACTB,ACTG1",,1.1432711096171173
REACTOME_PATHWAY,FCGR3A-mediated phagocytosis,5,213,58,10908,0.026,0.0719,4.41,1.0,0.0486,0.00536,R-HSA-9664422~FCGR3A-mediated phagocytosis,"ARPC2,ARPC3,ARPC1A,ACTB,ACTG1",,1.1432711096171173
REACTOME_PATHWAY,Leishmania phagocytosis,5,213,58,10908,0.026,0.0719,4.41,1.0,0.0486,0.00536,R-HSA-9664417~Leishmania phagocytosis,"ARPC2,ARPC3,ARPC1A,ACTB,ACTG1",,1.1432711096171173
GOTERM_BP_DIRECT,positive regulation of translation,5,245,75,16251,0.0263,0.323,4.42,1.0,0.309,0.00548,GO:0045727~positive regulation of translation,"PRKDC,MYC,EIF4A3,PYM1,MTOR",,0.4907974776688971
GOTERM_BP_DIRECT,ectopic germ cell programmed cell death,3,245,17,16251,0.0263,0.323,11.71,1.0,0.309,0.00197,GO:0035234~ectopic germ cell programmed cell death,"DDB1,UBE2B,PRKDC",,0.4907974776688971
GOTERM_BP_DIRECT,protein-containing complex localization,3,245,17,16251,0.0263,0.323,11.71,1.0,0.309,0.00197,GO:0031503~protein-containing complex localization,"SNAPIN,SEH1L,RAN",,0.4907974776688971
REACTOME_PATHWAY,Respiratory Syncytial Virus Infection Pathway,7,213,117,10908,0.0265,0.0729,3.06,1.0,0.0493,0.00795,R-HSA-9820952~Respiratory Syncytial Virus Infection Pathway,"PPP1CC,CUL5,MED21,ELOC,RPS27A,UBA52,RBX1",,1.1372724716820253
GOTERM_BP_DIRECT,positive regulation of double-strand break repair via homologous recombination,4,245,43,16251,0.0265,0.323,6.17,1.0,0.309,0.00392,GO:1905168~positive regulation of double-strand break repair via homologous recombination,"KAT5,ACTL6A,RUVBL1,ACTB",,0.4907974776688971
GOTERM_BP_DIRECT,regulation of signal transduction by p53 class mediator,4,245,43,16251,0.0265,0.323,6.17,1.0,0.309,0.00392,GO:1901796~regulation of signal transduction by p53 class mediator,"KAT6A,RPL11,MTOR,AURKA",,0.4907974776688971
GOTERM_BP_DIRECT,regulation of autophagy,5,245,76,16251,0.0274,0.331,4.36,1.0,0.316,0.00579,GO:0010506~regulation of autophagy,"DDB1,KAT5,PIK3R4,MTOR,RBX1",,0.48017200622428124
REACTOME_PATHWAY,Recruitment of NuMA to mitotic centrosomes,6,213,88,10908,0.0283,0.0776,3.49,1.0,0.0525,0.00742,R-HSA-380320~Recruitment of NuMA to mitotic centrosomes,"MZT2A,NME7,HAUS4,DYNLL1,CKAP5,TUBA8",Cell cycle & mitosis,1.1101382787418115
REACTOME_PATHWAY,Regulation of actin dynamics for phagocytic cup formation,5,213,60,10908,0.029,0.0795,4.27,1.0,0.0537,0.00619,R-HSA-2029482~Regulation of actin dynamics for phagocytic cup formation,"ARPC2,ARPC3,ARPC1A,ACTB,ACTG1",,1.0996328713435297
REACTOME_PATHWAY,IRAK1 recruits IKK complex,3,213,14,10908,0.0293,0.0799,10.97,1.0,0.054,0.00228,R-HSA-937039~IRAK1 recruits IKK complex,"UBE2V1,RPS27A,UBA52",Immune response & host–pathogen interactions,1.0974532206860086
REACTOME_PATHWAY,IRAK1 recruits IKK complex upon TLR7/8 or 9 stimulation,3,213,14,10908,0.0293,0.0799,10.97,1.0,0.054,0.00228,R-HSA-975144~IRAK1 recruits IKK complex upon TLR7/8 or 9 stimulation,"UBE2V1,RPS27A,UBA52",Immune response & host–pathogen interactions,1.0974532206860086
GOTERM_BP_DIRECT,mitotic DNA replication,2,245,2,16251,0.0298,0.344,66.33,1.0,0.328,0.000226,GO:1902969~mitotic DNA replication,"PCNA,MCM6",,0.46344155742846993
GOTERM_BP_DIRECT,telomeric loop disassembly,2,245,2,16251,0.0298,0.344,66.33,1.0,0.328,0.000226,GO:0090657~telomeric loop disassembly,"RTEL1,XRCC3",,0.46344155742846993
GOTERM_BP_DIRECT,early viral transcription,2,245,2,16251,0.0298,0.344,66.33,1.0,0.328,0.000226,GO:0019085~early viral transcription,"CCNT2,MON1B",,0.46344155742846993
GOTERM_BP_DIRECT,positive regulation of single stranded viral RNA replication via double stranded DNA intermediate,2,245,2,16251,0.0298,0.344,66.33,1.0,0.328,0.000226,GO:0045870~positive regulation of single stranded viral RNA replication via double stranded DNA intermediate,"TOP2A,TOP2B",,0.46344155742846993
GOTERM_BP_DIRECT,positive regulation of DNA repair,4,245,45,16251,0.0299,0.344,5.9,1.0,0.328,0.00463,GO:0045739~positive regulation of DNA repair,"PCNA,ACTL6A,RUVBL1,ERCC8",,0.46344155742846993
REACTOME_PATHWAY,Negative regulators of DDX58/IFIH1 signaling,4,213,35,10908,0.03,0.0815,5.85,1.0,0.0551,0.00461,R-HSA-936440~Negative regulators of DDX58/IFIH1 signaling,"UBE2D3,UBE2D1,RPS27A,UBA52",,1.0888423912600234
REACTOME_PATHWAY,Influenza Viral RNA Transcription and Replication,7,213,121,10908,0.0305,0.0827,2.96,1.0,0.0559,0.00949,R-HSA-168273~Influenza Viral RNA Transcription and Replication,"SEH1L,RPL11,NUP43,RPL38,RPS27A,UBA52,IPO5",Immune response & host–pathogen interactions,1.0824944904474534
GOTERM_BP_DIRECT,positive regulation of myoblast differentiation,4,245,46,16251,0.0316,0.36,5.77,1.0,0.344,0.00501,GO:0045663~positive regulation of myoblast differentiation,"PBRM1,KAT5,ACTL6A,ACTB",,0.44369749923271273
REACTOME_PATHWAY,EPH-Ephrin signaling,6,213,91,10908,0.032,0.0864,3.38,1.0,0.0584,0.0087,R-HSA-2682334~EPH-Ephrin signaling,"ARPC2,ARPC3,ARPC1A,CLTC,ACTB,ACTG1",,1.0634862575211066
REACTOME_PATHWAY,Transcriptional and post-translational regulation of MITF-M expression and activity,5,213,62,10908,0.0322,0.0864,4.13,1.0,0.0584,0.00711,R-HSA-9856649~Transcriptional and post-translational regulation of MITF-M expression and activity,"EPRS1,KARS1,LARS1,EEF1E1,DARS1",Cell signaling,1.0634862575211066
REACTOME_PATHWAY,SMAD2/SMAD3:SMAD4 heterotrimer regulates transcription,4,213,36,10908,0.0323,0.0864,5.69,1.0,0.0584,0.0051,R-HSA-2173796~SMAD2/SMAD3:SMAD4 heterotrimer regulates transcription,"CCNT2,MYC,RPS27A,UBA52",Cell signaling,1.0634862575211066
REACTOME_PATHWAY,Regulation of TP53 Degradation,4,213,36,10908,0.0323,0.0864,5.69,1.0,0.0584,0.0051,R-HSA-6804757~Regulation of TP53 Degradation,"PPP2R1B,RPS27A,UBA52,MTOR",Cell signaling,1.0634862575211066
GOTERM_BP_DIRECT,resolution of meiotic recombination intermediates,3,245,19,16251,0.0325,0.366,10.47,1.0,0.35,0.00274,GO:0000712~resolution of meiotic recombination intermediates,"TOP2A,TOP2B,EME2",,0.43651891460558934
GOTERM_BP_DIRECT,autophagosome maturation,4,245,47,16251,0.0334,0.374,5.65,1.0,0.357,0.00541,GO:0097352~autophagosome maturation,"GABARAPL2,SNAPIN,PIK3R4,GABARAP",,0.42712839779951983
REACTOME_PATHWAY,Enterobacterial factors antagonize host defense,3,213,15,10908,0.0334,0.0892,10.24,1.0,0.0603,0.00281,R-HSA-9956593~Enterobacterial factors antagonize host defense,"UBE2D3,RPS27A,UBA52",,1.0496351456238768
REACTOME_PATHWAY,Regulation of TP53 Expression and Degradation,4,213,37,10908,0.0346,0.0922,5.54,1.0,0.0623,0.00564,R-HSA-6806003~Regulation of TP53 Expression and Degradation,"PPP2R1B,RPS27A,UBA52,MTOR",Cell signaling,1.0352690789463705
REACTOME_PATHWAY,rRNA processing,9,213,193,10908,0.0348,0.0923,2.39,1.0,0.0624,0.0135,R-HSA-72312~rRNA processing,"FBL,NIP7,PRORP,RPL11,RPP21,RPL38,MTREX,RPS27A,UBA52",Protein & RNA homeostasis,1.034798298974088
GOTERM_BP_DIRECT,response to UV,4,245,48,16251,0.0352,0.391,5.53,1.0,0.374,0.00583,GO:0009411~response to UV,"UBE2B,HUS1,ERCC8,UBE2A",,0.40782324260413316
REACTOME_PATHWAY,Cooperation of PDCL (PhLP1) and TRiC/CCT in G-protein beta folding,4,213,38,10908,0.0371,0.0982,5.39,1.0,0.0664,0.0062,R-HSA-6814122~Cooperation of PDCL (PhLP1) and TRiC/CCT in G-protein beta folding,"CCT3,CCT6A,CCT2,TCP1",,1.0078885122130503
REACTOME_PATHWAY,RSV-host interactions,6,213,95,10908,0.0375,0.099,3.23,1.0,0.067,0.0106,R-HSA-9833110~RSV-host interactions,"CUL5,MED21,ELOC,RPS27A,UBA52,RBX1",,1.00436480540245
REACTOME_PATHWAY,VLDLR internalisation and degradation,3,213,16,10908,0.0377,0.0993,9.6,1.0,0.0671,0.00341,R-HSA-8866427~VLDLR internalisation and degradation,"CLTC,RPS27A,UBA52",Membrane trafficking & vesicular transport,1.0030507515046188
GOTERM_BP_DIRECT,"mRNA splicing, via spliceosome",8,245,208,16251,0.0378,0.416,2.55,1.0,0.397,0.0138,"GO:0000398~mRNA splicing, via spliceosome","DBR1,SF3B3,SNRPD1,EIF4A3,DHX16,MTREX,SNRPD3,USP39",,0.3809066693732573
GOTERM_BP_DIRECT,nucleocytoplasmic transport,4,245,50,16251,0.0391,0.419,5.31,1.0,0.4,0.00674,GO:0006913~nucleocytoplasmic transport,"NXT1,SEH1L,NUP43,RAN",,0.3777859770337047
GOTERM_BP_DIRECT,epithelial cilium movement involved in extracellular fluid movement,3,245,21,16251,0.0391,0.419,9.48,1.0,0.4,0.00368,GO:0003351~epithelial cilium movement involved in extracellular fluid movement,"NME7,DNAAF11,NME5",,0.3777859770337047
GOTERM_BP_DIRECT,positive regulation of mitotic cell cycle spindle assembly checkpoint,3,245,21,16251,0.0391,0.419,9.48,1.0,0.4,0.00368,GO:0090267~positive regulation of mitotic cell cycle spindle assembly checkpoint,"XRCC3,DYNLL1,MAD2L1",,0.3777859770337047
REACTOME_PATHWAY,Association of TriC/CCT with target proteins during biosynthesis,4,213,39,10908,0.0396,0.104,5.25,1.0,0.0703,0.00681,R-HSA-390471~Association of TriC/CCT with target proteins during biosynthesis,"CCT3,CCT6A,CCT2,TCP1",Protein & RNA homeostasis,0.9829666607012196
REACTOME_PATHWAY,SRP-dependent cotranslational protein targeting to membrane,6,213,97,10908,0.0405,0.106,3.17,1.0,0.0715,0.0117,R-HSA-1799339~SRP-dependent cotranslational protein targeting to membrane,"RPL11,SRP54,RPL38,SRP68,RPS27A,UBA52",Protein & RNA homeostasis,0.9746941347352298
REACTOME_PATHWAY,L13a-mediated translational silencing of Ceruloplasmin expression,6,213,97,10908,0.0405,0.106,3.17,1.0,0.0715,0.0117,R-HSA-156827~L13a-mediated translational silencing of Ceruloplasmin expression,"RPL11,EIF3G,RPL38,RPS27A,UBA52,EIF4G1",Protein & RNA homeostasis,0.9746941347352298
REACTOME_PATHWAY,GTP hydrolysis and joining of the 60S ribosomal subunit,6,213,98,10908,0.042,0.109,3.14,1.0,0.0739,0.0123,R-HSA-72706~GTP hydrolysis and joining of the 60S ribosomal subunit,"RPL11,EIF3G,RPL38,RPS27A,UBA52,EIF4G1",Protein & RNA homeostasis,0.9625735020593764
GOTERM_BP_DIRECT,negative regulation of telomere maintenance via telomerase,3,245,22,16251,0.0426,0.444,9.05,1.0,0.425,0.00422,GO:0032211~negative regulation of telomere maintenance via telomerase,"STN1,TEN1,POT1",,0.3526170298853802
GOTERM_BP_DIRECT,regulation of cyclin-dependent protein serine/threonine kinase activity,3,245,22,16251,0.0426,0.444,9.05,1.0,0.425,0.00422,GO:0000079~regulation of cyclin-dependent protein serine/threonine kinase activity,"CCNT2,CDC6,CDKN3",,0.3526170298853802
REACTOME_PATHWAY,Major pathway of rRNA processing in the nucleolus and cytosol,8,213,166,10908,0.0432,0.112,2.47,1.0,0.0757,0.0162,R-HSA-6791226~Major pathway of rRNA processing in the nucleolus and cytosol,"FBL,NIP7,RPL11,RPP21,RPL38,MTREX,RPS27A,UBA52",Protein & RNA homeostasis,0.9507819773298184
REACTOME_PATHWAY,Interferon Signaling,11,213,277,10908,0.0433,0.112,2.03,1.0,0.0757,0.0198,R-HSA-913531~Interferon Signaling,"SEH1L,PPP2R1B,EIF4A3,NUP43,FANCE,RPS27A,UBA52,ACTB,ACTG1,EIF4G1,TUBA8",Immune response & host–pathogen interactions,0.9507819773298184
GOTERM_BP_DIRECT,morphogenesis of a polarized epithelium,2,245,3,16251,0.0444,0.444,44.22,1.0,0.425,0.000672,GO:0001738~morphogenesis of a polarized epithelium,"ACTB,ACTG1",,0.3526170298853802
GOTERM_BP_DIRECT,mitotic telomere maintenance via semi-conservative replication,2,245,3,16251,0.0444,0.444,44.22,1.0,0.425,0.000672,GO:1902990~mitotic telomere maintenance via semi-conservative replication,"RTEL1,PCNA",,0.3526170298853802
GOTERM_BP_DIRECT,positive regulation of establishment of protein localization to telomere,2,245,3,16251,0.0444,0.444,44.22,1.0,0.425,0.000672,GO:1904851~positive regulation of establishment of protein localization to telomere,"CCT6A,TCP1",,0.3526170298853802
GOTERM_BP_DIRECT,post-translational protein acetylation,2,245,3,16251,0.0444,0.444,44.22,1.0,0.425,0.000672,GO:0034421~post-translational protein acetylation,"DSCC1,ESCO2",,0.3526170298853802
GOTERM_BP_DIRECT,regulation of transepithelial transport,2,245,3,16251,0.0444,0.444,44.22,1.0,0.425,0.000672,GO:0150111~regulation of transepithelial transport,"ACTB,ACTG1",,0.3526170298853802
GOTERM_BP_DIRECT,sister chromatid segregation,2,245,3,16251,0.0444,0.444,44.22,1.0,0.425,0.000672,GO:0000819~sister chromatid segregation,"TOP2A,TOP2B",,0.3526170298853802
GOTERM_BP_DIRECT,regulation of synaptic vesicle endocytosis,3,245,23,16251,0.0462,0.459,8.65,1.0,0.439,0.0048,GO:1900242~regulation of synaptic vesicle endocytosis,"ARPC3,ACTB,ACTG1",,0.33818731446273875
REACTOME_PATHWAY,Formation of the polybromo-BAF (pBAF) complex,3,213,18,10908,0.0469,0.121,8.54,1.0,0.0818,0.00482,R-HSA-9933939~Formation of the polybromo-BAF (pBAF) complex,"PBRM1,ACTL6A,ACTB",,0.9172146296835499
REACTOME_PATHWAY,Negative regulation of MAPK pathway,4,213,43,10908,0.0506,0.13,4.76,1.0,0.0881,0.00962,R-HSA-5675221~Negative regulation of MAPK pathway,"PPP2R1B,PPP2R5B,RPS27A,UBA52",,0.8860566476931632
GOTERM_BP_DIRECT,chromatin remodeling,10,245,318,16251,0.0512,0.505,2.09,1.0,0.482,0.0226,GO:0006338~chromatin remodeling,"NAA50,FBL,PBRM1,PRKDC,MYC,ACTL6A,RUVBL1,RAD23A,UBE2A,ACTB",,0.2967086218813386
REACTOME_PATHWAY,LDL clearance,3,213,19,10908,0.0518,0.132,8.09,1.0,0.0891,0.00565,R-HSA-8964038~LDL clearance,"SOAT1,SOAT2,CLTC",,0.8794260687941501
REACTOME_PATHWAY,Aberrant regulation of mitotic exit in cancer due to RB1 defects,3,213,19,10908,0.0518,0.132,8.09,1.0,0.0891,0.00565,R-HSA-9687136~Aberrant regulation of mitotic exit in cancer due to RB1 defects,"CDC26,UBE2D1,ANAPC10",,0.8794260687941501
REACTOME_PATHWAY,Phosphorylation of the APC/C,3,213,19,10908,0.0518,0.132,8.09,1.0,0.0891,0.00565,R-HSA-176412~Phosphorylation of the APC/C,"CDC26,UBE2D1,ANAPC10",,0.8794260687941501
REACTOME_PATHWAY,Conversion from APC/C:Cdc20 to APC/C:Cdh1 in late anaphase,3,213,19,10908,0.0518,0.132,8.09,1.0,0.0891,0.00565,R-HSA-176407~Conversion from APC/C:Cdc20 to APC/C:Cdh1 in late anaphase,"CDC26,UBE2D1,ANAPC10",,0.8794260687941501
GOTERM_BP_DIRECT,regulation of embryonic development,4,245,56,16251,0.0518,0.507,4.74,1.0,0.484,0.01,GO:0045995~regulation of embryonic development,"DDB1,ACTL6A,RUVBL1,RBX1",,0.294992040666664
REACTOME_PATHWAY,Toll Like Receptor 3 (TLR3) Cascade,6,213,104,10908,0.0519,0.132,2.95,1.0,0.0892,0.0161,R-HSA-168164~Toll Like Receptor 3 (TLR3) Cascade,"PPP2R1B,UBE2D3,UBE2D1,UBE2V1,RPS27A,UBA52",,0.8794260687941501
GOTERM_BP_DIRECT,regulation of G0 to G1 transition,3,245,25,16251,0.0537,0.517,7.96,1.0,0.494,0.00609,GO:0070316~regulation of G0 to G1 transition,"PBRM1,ACTL6A,ACTB",,0.2865094569060575
GOTERM_BP_DIRECT,U2-type prespliceosome assembly,3,245,25,16251,0.0537,0.517,7.96,1.0,0.494,0.00609,GO:1903241~U2-type prespliceosome assembly,"SF3B3,SNRPD1,SNRPD3",,0.2865094569060575
REACTOME_PATHWAY,rRNA processing in the nucleus and cytosol,8,213,176,10908,0.056,0.142,2.33,1.0,0.0959,0.0222,R-HSA-8868773~rRNA processing in the nucleus and cytosol,"FBL,NIP7,RPL11,RPP21,RPL38,MTREX,RPS27A,UBA52",Protein & RNA homeostasis,0.8477116556169435
REACTOME_PATHWAY,Recycling pathway of L1,4,213,45,10908,0.0566,0.143,4.55,1.0,0.0966,0.0113,R-HSA-437239~Recycling pathway of L1,"CLTC,ACTB,ACTG1,TUBA8",,0.8446639625349383
GOTERM_BP_DIRECT,regulation of centrosome duplication,3,245,26,16251,0.0576,0.551,7.65,1.0,0.526,0.00681,GO:0010824~regulation of centrosome duplication,"PDCD6IP,XRCC3,RBX1",,0.2588484011482149
REACTOME_PATHWAY,"Plasma lipoprotein assembly, remodeling, and clearance",5,213,75,10908,0.058,0.146,3.41,1.0,0.0987,0.0155,"R-HSA-174824~Plasma lipoprotein assembly, remodeling, and clearance","SOAT1,SOAT2,CLTC,RPS27A,UBA52",Other,0.835647144215563
GOTERM_BP_DIRECT,late viral transcription,2,245,4,16251,0.0587,0.554,33.17,1.0,0.529,0.00133,GO:0019086~late viral transcription,"CCNT2,MON1B",,0.2564902352715702
GOTERM_BP_DIRECT,cellular senescence,4,245,59,16251,0.0588,0.554,4.5,1.0,0.529,0.012,GO:0090398~cellular senescence,"TOP2B,WRN,KAT5,KAT6A",,0.2564902352715702
REACTOME_PATHWAY,TRIF (TICAM1)-mediated TLR4 signaling,6,213,108,10908,0.0592,0.148,2.85,1.0,0.1,0.0191,R-HSA-937061~TRIF (TICAM1)-mediated TLR4 signaling,"PPP2R1B,UBE2D3,UBE2D1,UBE2V1,RPS27A,UBA52",,0.8297382846050426
REACTOME_PATHWAY,MyD88-independent TLR4 cascade,6,213,108,10908,0.0592,0.148,2.85,1.0,0.1,0.0191,R-HSA-166166~MyD88-independent TLR4 cascade,"PPP2R1B,UBE2D3,UBE2D1,UBE2V1,RPS27A,UBA52",,0.8297382846050426
REACTOME_PATHWAY,Gap junction trafficking,4,213,46,10908,0.0597,0.149,4.45,1.0,0.101,0.0122,R-HSA-190828~Gap junction trafficking,"CLTC,ACTB,ACTG1,TUBA8",,0.826813731587726
GOTERM_BP_DIRECT,positive regulation of TORC1 signaling,4,245,60,16251,0.0613,0.572,4.42,1.0,0.547,0.0127,GO:1904263~positive regulation of TORC1 signaling,"SEH1L,LARS1,ATP6V1E1,RBX1",,0.24260397120697583
REACTOME_PATHWAY,Dengue Virus Infection,13,213,375,10908,0.0622,0.155,1.78,1.0,0.105,0.0326,R-HSA-9839923~Dengue Virus Infection,"SF3B3,PDCD6IP,EIF4A3,PIK3R4,RRBP1,IPO7,MTOR,SNRPD1,DHX16,SNRPD3,RPS27A,UBA52,EIF4G1",Immune response & host–pathogen interactions,0.8096683018297085
REACTOME_PATHWAY,Recruitment of mitotic centrosome proteins and complexes,5,213,77,10908,0.0627,0.155,3.33,1.0,0.105,0.0172,R-HSA-380270~Recruitment of mitotic centrosome proteins and complexes,"MZT2A,NME7,HAUS4,DYNLL1,CKAP5",Cell cycle & mitosis,0.8096683018297085
REACTOME_PATHWAY,Centrosome maturation,5,213,77,10908,0.0627,0.155,3.33,1.0,0.105,0.0172,R-HSA-380287~Centrosome maturation,"MZT2A,NME7,HAUS4,DYNLL1,CKAP5",Cell cycle & mitosis,0.8096683018297085
REACTOME_PATHWAY,Cyclin D associated events in G1,4,213,47,10908,0.0629,0.155,4.36,1.0,0.105,0.0131,R-HSA-69231~Cyclin D associated events in G1,"PPP2R1B,RPS27A,UBA52,CKS1B",,0.8096683018297085
REACTOME_PATHWAY,G1 Phase,4,213,47,10908,0.0629,0.155,4.36,1.0,0.105,0.0131,R-HSA-69236~G1 Phase,"PPP2R1B,RPS27A,UBA52,CKS1B",,0.8096683018297085
REACTOME_PATHWAY,Gap junction trafficking and regulation,4,213,48,10908,0.0662,0.162,4.27,1.0,0.11,0.0141,R-HSA-157858~Gap junction trafficking and regulation,"CLTC,ACTB,ACTG1,TUBA8",,0.790484985457369
REACTOME_PATHWAY,NOTCH1 Intracellular Domain Regulates Transcription,4,213,48,10908,0.0662,0.162,4.27,1.0,0.11,0.0141,R-HSA-2122947~NOTCH1 Intracellular Domain Regulates Transcription,"MYC,RPS27A,UBA52,RBX1",Cell signaling,0.790484985457369
REACTOME_PATHWAY,JNK (c-Jun kinases) phosphorylation and  activation mediated by activated human TAK1,3,213,22,10908,0.0673,0.165,6.98,1.0,0.111,0.0086,R-HSA-450321~JNK (c-Jun kinases) phosphorylation and  activation mediated by activated human TAK1,"UBE2V1,RPS27A,UBA52",Cell signaling,0.7825160557860937
REACTOME_PATHWAY,Eukaryotic Translation Elongation,5,213,79,10908,0.0676,0.165,3.24,1.0,0.111,0.019,R-HSA-156842~Eukaryotic Translation Elongation,"EEF1B2,RPL11,RPL38,RPS27A,UBA52",Protein & RNA homeostasis,0.7825160557860937
REACTOME_PATHWAY,Selenocysteine synthesis,5,213,79,10908,0.0676,0.165,3.24,1.0,0.111,0.019,R-HSA-2408557~Selenocysteine synthesis,"SARS1,RPL11,RPL38,RPS27A,UBA52",Other,0.7825160557860937
REACTOME_PATHWAY,COPI-independent Golgi-to-ER retrograde traffic,4,213,49,10908,0.0695,0.169,4.18,1.0,0.114,0.0151,R-HSA-6811436~COPI-independent Golgi-to-ER retrograde traffic,"DYNC1LI2,CAPZB,DYNLL1,TUBA8",Membrane trafficking & vesicular transport,0.7721132953863264
GOTERM_BP_DIRECT,regulation of cell cycle,8,245,242,16251,0.0727,0.656,2.19,1.0,0.627,0.0307,GO:0051726~regulation of cell cycle,"GADD45B,KAT5,ACTL6A,RUVBL1,LIN9,ACTB,CDKN3,RBX1",,0.1830961606243397
REACTOME_PATHWAY,Telomere Extension By Telomerase,3,213,23,10908,0.0728,0.175,6.68,1.0,0.119,0.00975,R-HSA-171319~Telomere Extension By Telomerase,"RTEL1,RUVBL1,POT1",,0.7569619513137056
REACTOME_PATHWAY,RHOBTB2 GTPase cycle,3,213,23,10908,0.0728,0.175,6.68,1.0,0.119,0.00975,R-HSA-9013418~RHOBTB2 GTPase cycle,"CCT6A,CCT2,ACTG1",,0.7569619513137056
REACTOME_PATHWAY,activated TAK1 mediates p38 MAPK activation,3,213,23,10908,0.0728,0.175,6.68,1.0,0.119,0.00975,R-HSA-450302~activated TAK1 mediates p38 MAPK activation,"UBE2V1,RPS27A,UBA52",Cell signaling,0.7569619513137056
GOTERM_BP_DIRECT,cholesterol storage,2,245,5,16251,0.0729,0.656,26.53,1.0,0.627,0.0022,GO:0010878~cholesterol storage,"SOAT1,SOAT2",,0.1830961606243397
GOTERM_BP_DIRECT,macrophage derived foam cell differentiation,2,245,5,16251,0.0729,0.656,26.53,1.0,0.627,0.0022,GO:0010742~macrophage derived foam cell differentiation,"SOAT1,SOAT2",,0.1830961606243397
GOTERM_BP_DIRECT,mitotic DNA replication initiation,2,245,5,16251,0.0729,0.656,26.53,1.0,0.627,0.0022,GO:1902975~mitotic DNA replication initiation,"MCM4,MCM2",,0.1830961606243397
GOTERM_BP_DIRECT,scaRNA localization to Cajal body,2,245,5,16251,0.0729,0.656,26.53,1.0,0.627,0.0022,GO:0090666~scaRNA localization to Cajal body,"CCT2,TCP1",,0.1830961606243397
REACTOME_PATHWAY,mRNA 3'-end processing,7,213,151,10908,0.0741,0.178,2.37,1.0,0.12,0.0286,R-HSA-72187~mRNA 3'-end processing,"SF3B3,SNRPD1,EIF4A3,SNRPD3,RPS27A,UBA52,THOC6",Protein & RNA homeostasis,0.7495799976911061
GOTERM_BP_DIRECT,positive regulation of viral genome replication,3,245,30,16251,0.0742,0.658,6.63,1.0,0.629,0.0102,GO:0045070~positive regulation of viral genome replication,"DDB1,RAD23A,PPID",,0.1817741063860445
GOTERM_BP_DIRECT,regulation of nucleotide-excision repair,3,245,30,16251,0.0742,0.658,6.63,1.0,0.629,0.0102,GO:2000819~regulation of nucleotide-excision repair,"PBRM1,ACTL6A,ACTB",,0.1817741063860445
REACTOME_PATHWAY,Maturation of protein E,2,213,4,10908,0.0755,0.181,25.61,1.0,0.122,0.00222,R-HSA-9694493~Maturation of protein E,"RPS27A,UBA52",Immune response & host–pathogen interactions,0.7423214251308154
REACTOME_PATHWAY,Maturation of protein E,2,213,4,10908,0.0755,0.181,25.61,1.0,0.122,0.00222,R-HSA-9683683~Maturation of protein E,"RPS27A,UBA52",Immune response & host–pathogen interactions,0.7423214251308154
REACTOME_PATHWAY,ER to Golgi Anterograde Transport,7,213,152,10908,0.076,0.181,2.36,1.0,0.123,0.0295,R-HSA-199977~ER to Golgi Anterograde Transport,"NAPA,COPB2,DYNC1LI2,CAPZB,ARFGAP3,DYNLL1,TUBA8",Membrane trafficking & vesicular transport,0.7423214251308154
GOTERM_BP_DIRECT,regulation of DNA repair,4,245,66,16251,0.0769,0.677,4.02,1.0,0.647,0.0175,GO:0006282~regulation of DNA repair,"SF3B3,ACTL6A,RUVBL1,UBE2V1",,0.16941133131485567
GOTERM_BP_DIRECT,regulation of mitotic cell cycle,4,245,68,16251,0.0824,0.721,3.9,1.0,0.689,0.0193,GO:0007346~regulation of mitotic cell cycle,"CDC26,ANAPC10,RBX1,CKS1B",,0.14206473528057098
GOTERM_BP_DIRECT,intra-Golgi vesicle-mediated transport,3,245,32,16251,0.083,0.721,6.22,1.0,0.689,0.0122,GO:0006891~intra-Golgi vesicle-mediated transport,"NAPA,GABARAPL2,COPB2",,0.14206473528057098
REACTOME_PATHWAY,Fcgamma receptor (FCGR) dependent phagocytosis,5,213,85,10908,0.0835,0.198,3.01,1.0,0.134,0.0252,R-HSA-2029480~Fcgamma receptor (FCGR) dependent phagocytosis,"ARPC2,ARPC3,ARPC1A,ACTB,ACTG1",,0.7033348097384688
REACTOME_PATHWAY,Amino acids regulate mTORC1,4,213,53,10908,0.0836,0.198,3.87,1.0,0.134,0.0196,R-HSA-9639288~Amino acids regulate mTORC1,"SEH1L,ATP6V1E1,MTOR,ATP6V1F",Cell signaling,0.7033348097384688
REACTOME_PATHWAY,HSP90 chaperone cycle for steroid hormone receptors (SHR) in the presence of ligand,4,213,53,10908,0.0836,0.198,3.87,1.0,0.134,0.0196,R-HSA-3371497~HSP90 chaperone cycle for steroid hormone receptors (SHR) in the presence of ligand,"DYNC1LI2,CAPZB,DYNLL1,TUBA8",Protein & RNA homeostasis,0.7033348097384688
GOTERM_BP_DIRECT,cell cycle phase transition,2,245,6,16251,0.0868,0.738,22.11,1.0,0.706,0.00326,GO:0044770~cell cycle phase transition,"UPF1,UBE2L3",,0.13194363817695845
GOTERM_BP_DIRECT,"DNA replication, synthesis of primer",2,245,6,16251,0.0868,0.738,22.11,1.0,0.706,0.00326,"GO:0006269~DNA replication, synthesis of primer","POLA2,PRIM1",,0.13194363817695845
GOTERM_BP_DIRECT,regulation of membrane permeability,2,245,6,16251,0.0868,0.738,22.11,1.0,0.706,0.00326,GO:0090559~regulation of membrane permeability,"PDCD6IP,MTOR",,0.13194363817695845
GOTERM_BP_DIRECT,protein import into nucleus,5,245,112,16251,0.0883,0.746,2.96,1.0,0.713,0.0273,GO:0006606~protein import into nucleus,"POLA2,IPO7,RAN,IPO5,STK3",,0.1272611725273312
REACTOME_PATHWAY,Formation of a pool of free 40S subunits,5,213,87,10908,0.0891,0.21,2.94,1.0,0.142,0.0275,R-HSA-72689~Formation of a pool of free 40S subunits,"RPL11,EIF3G,RPL38,RPS27A,UBA52",Protein & RNA homeostasis,0.6777807052660807
REACTOME_PATHWAY,SARS-CoV-2 activates/modulates innate and adaptive immune responses,6,213,122,10908,0.0892,0.21,2.52,1.0,0.142,0.0323,R-HSA-9705671~SARS-CoV-2 activates/modulates innate and adaptive immune responses,"SEH1L,PIK3R4,NUP43,UBE2V1,RPS27A,UBA52",Immune response & host–pathogen interactions,0.6777807052660807
REACTOME_PATHWAY,Signaling by TGFB family members,7,213,159,10908,0.0898,0.211,2.25,1.0,0.142,0.0363,R-HSA-9006936~Signaling by TGFB family members,"PPP1CC,CCNT2,MYC,UBE2D3,UBE2D1,RPS27A,UBA52",,0.6757175447023074
REACTOME_PATHWAY,Downregulation of TGF-beta receptor signaling,3,213,26,10908,0.0901,0.211,5.91,1.0,0.142,0.0137,R-HSA-2173788~Downregulation of TGF-beta receptor signaling,"PPP1CC,RPS27A,UBA52",Cell signaling,0.6757175447023074
REACTOME_PATHWAY,Postmitotic nuclear pore complex (NPC) reformation,3,213,26,10908,0.0901,0.211,5.91,1.0,0.142,0.0137,R-HSA-9615933~Postmitotic nuclear pore complex (NPC) reformation,"SEH1L,NUP43,RAN",,0.6757175447023074
REACTOME_PATHWAY,Protein localization,7,213,160,10908,0.0918,0.214,2.24,1.0,0.145,0.0374,R-HSA-9609507~Protein localization,"TIMM10B,UBE2D3,UBE2D1,TIMM10,GET3,RPS27A,UBA52",,0.6695862266508091
GOTERM_BP_DIRECT,homologous chromosome pairing at meiosis,3,245,34,16251,0.0921,0.773,5.85,1.0,0.739,0.0144,GO:0007129~homologous chromosome pairing at meiosis,"FANCD2,DMC1,TEX12",,0.11182050608167508
REACTOME_PATHWAY,Intra-Golgi and retrograde Golgi-to-ER traffic,8,213,199,10908,0.0934,0.217,2.06,1.0,0.147,0.0415,R-HSA-6811442~Intra-Golgi and retrograde Golgi-to-ER traffic,"NAPA,COPB2,DYNC1LI2,CAPZB,BNIP1,ARFGAP3,DYNLL1,TUBA8",Membrane trafficking & vesicular transport,0.6635402661514705
REACTOME_PATHWAY,Senescence-Associated Secretory Phenotype (SASP),5,213,89,10908,0.095,0.22,2.88,1.0,0.149,0.03,R-HSA-2559582~Senescence-Associated Secretory Phenotype (SASP),"CDC26,UBE2D1,RPS27A,UBA52,ANAPC10",,0.6575773191777937
GOTERM_BP_DIRECT,DNA biosynthetic process,3,245,35,16251,0.0967,0.806,5.69,1.0,0.771,0.0155,GO:0071897~DNA biosynthetic process,"POLD2,POLK,LIN9",,0.09366495819490933
REACTOME_PATHWAY,Signaling by NOTCH1 in Cancer,4,213,57,10908,0.0989,0.227,3.59,1.0,0.153,0.025,R-HSA-2644603~Signaling by NOTCH1 in Cancer,"MYC,RPS27A,UBA52,RBX1",,0.6439741428068773
REACTOME_PATHWAY,Constitutive Signaling by NOTCH1 HD+PEST Domain Mutants,4,213,57,10908,0.0989,0.227,3.59,1.0,0.153,0.025,R-HSA-2894862~Constitutive Signaling by NOTCH1 HD+PEST Domain Mutants,"MYC,RPS27A,UBA52,RBX1",,0.6439741428068773
REACTOME_PATHWAY,Signaling by NOTCH1 HD+PEST Domain Mutants in Cancer,4,213,57,10908,0.0989,0.227,3.59,1.0,0.153,0.025,R-HSA-2894858~Signaling by NOTCH1 HD+PEST Domain Mutants in Cancer,"MYC,RPS27A,UBA52,RBX1",,0.6439741428068773
REACTOME_PATHWAY,Signaling by NOTCH1 PEST Domain Mutants in Cancer,4,213,57,10908,0.0989,0.227,3.59,1.0,0.153,0.025,R-HSA-2644602~Signaling by NOTCH1 PEST Domain Mutants in Cancer,"MYC,RPS27A,UBA52,RBX1",,0.6439741428068773
REACTOME_PATHWAY,Constitutive Signaling by NOTCH1 PEST Domain Mutants,4,213,57,10908,0.0989,0.227,3.59,1.0,0.153,0.025,R-HSA-2644606~Constitutive Signaling by NOTCH1 PEST Domain Mutants,"MYC,RPS27A,UBA52,RBX1",,0.6439741428068773
