Category,Term,Count,List Total,Pop Hits,Pop Total,P-Value,Benjamini,Fold Enrichment,Bonferroni,FDR,Fisher Exact,Full Term,User Ids,Theme,minus_log10_Benjamini
REACTOME_PATHWAY,Metabolism of RNA,90,191,714,10908,2.8899999999999997e-55,2.91e-52,7.2,2.91e-52,2.1999999999999997e-52,3.5700000000000004e-56,R-HSA-8953854~Metabolism of RNA,"RPL4,ISY1,RPL5,RPL30,RPL3,RPLP0,EIF4A3,HSPB1,RPL10A,USP39,RPL8,WDR46,RPL9,RPL6,RPL7,RPS4X,PSMD8,UBL5,FBL,RPL7A,RPS16,PSMD7,XPO1,RPS19,SNRPD2,RPS18,SNRPD1,PSMD3,NUP62,CWC22,RPL36,PSMD1,RPL38,SNRPD3,RPS11,RPS13,RPS12,IK,RPL21,RPL23,RPS5,CRNKL1,EBNA1BP2,PSMA2,RPL37A,SRSF3,RPL27,ETF1,SNRPA1,SNRPF,CACTIN,SNRNP200,UBA52,SLU7,SF3B5,SF3B2,SF3B3,PSMD11,SF3B6,RPL12,RPL11,U2AF1,SNU13,PRPF8,NXF1,UBC,PSMB1,RPS3,RPL14,RPL13,RPS27A,RPL18,SF3B1,EIF4E,RPL17,RPL19,RANBP2,SF3A3,RBM39,SF3A1,SF3A2,GPKOW,RPL35A,WDR12,XAB2,RPS28,HNRNPK,RPS21,RAN,EIF4G1",Protein & RNA homeostasis,51.536107011014096
REACTOME_PATHWAY,Regulation of expression of SLITs and ROBOs,49,191,144,10908,7.79e-50,3.92e-47,19.43,7.84e-47,2.9700000000000003e-47,2.72e-51,R-HSA-9010553~Regulation of expression of SLITs and ROBOs,"RPL4,RPL5,RPL30,RPL3,RPLP0,EIF4A3,RPL10A,RPL8,RPL9,RPL6,RPL7,RPS4X,PSMD8,RPL7A,RPS16,PSMD7,RPS19,RPS18,PSMD3,RPL36,PSMD1,RPL38,RPS11,RPS13,RPS12,RPL21,RPL23,RPS5,PSMA2,RPL37A,RPL27,ETF1,UBA52,PSMD11,RPL12,RPL11,UBC,PSMB1,RPS3,RPL14,RPL13,RPS27A,RPL18,RPL17,RPL19,RPL35A,RPS28,RPS21,EIF4G1",Cell signaling,46.40671393297954
REACTOME_PATHWAY,Ribosome-associated quality control,47,191,129,10908,2.65e-49,8.91e-47,20.81,2.67e-46,6.740000000000001e-47,8.35e-51,R-HSA-9948299~Ribosome-associated quality control,"RPL4,RPL5,RPL30,PSMD11,RPL3,RPL12,RPLP0,RPL11,RPL10A,RPL8,RPL9,RPL6,RPL7,PSMD8,RPS4X,RPL7A,RPS16,PSMD7,RPS19,RPS18,PSMD3,UBC,PSMB1,RPL36,RPL14,RPS3,PSMD1,UFD1,RPL13,RPL38,RPS27A,RPS11,RPL18,RPL17,RPS13,RPS12,RPL19,RPL21,RPL23,RPS5,RPL35A,RPS28,PSMA2,RPL37A,RPL27,UBA52,RPS21",Protein & RNA homeostasis,46.05012229596313
GOTERM_BP_DIRECT,cytoplasmic translation,39,247,78,16251,5.63e-49,7.44e-46,32.9,7.45e-46,7.279999999999999e-46,8.92e-51,GO:0002181~cytoplasmic translation,"RPL4,RPL5,RPL30,RPL3,RPL12,RPLP0,RPL11,RPL10A,RPL8,RPL9,RPL6,RPL7,RPS4X,RPL7A,RPS16,RPS19,RPS18,RPL36,RPL14,RPS3,RPL13,RPL38,RPS27A,RPS11,RPL18,RPL17,RPS13,RPS12,RPL19,RPL21,RPL23,RPS5,RPL35A,GTPBP1,RPS28,RPL37A,RPL27,UBA52,RPS21",,45.12842706445412
REACTOME_PATHWAY,Nonsense Mediated Decay (NMD) independent of the Exon Junction Complex (EJC),40,191,81,10908,4.55e-48,1.15e-45,28.2,4.58e-45,8.66e-46,8.51e-50,R-HSA-975956~Nonsense Mediated Decay (NMD) independent of the Exon Junction Complex (EJC),"RPL4,RPL5,RPL30,RPL3,RPL12,RPLP0,RPL11,RPL10A,RPL8,RPL9,RPL6,RPL7,RPS4X,RPL7A,RPS16,RPS19,RPS18,RPL36,RPL14,RPS3,RPL13,RPL38,RPS27A,RPS11,RPL18,RPL17,RPS13,RPS12,RPL19,RPL21,RPL23,RPS5,RPL35A,RPS28,RPL37A,RPL27,ETF1,UBA52,RPS21,EIF4G1",Protein & RNA homeostasis,44.93930215964639
REACTOME_PATHWAY,Peptide chain elongation,39,191,75,10908,5.92e-48,1.1899999999999999e-45,29.7,5.96e-45,9.03e-46,1e-49,R-HSA-156902~Peptide chain elongation,"RPL4,RPL5,RPL30,RPL3,RPL12,RPLP0,RPL11,RPL10A,RPL8,RPL9,RPL6,RPL7,RPS4X,RPL7A,RPS16,RPS19,RPS18,RPL36,RPL14,RPS3,RPL13,RPL38,RPS27A,RPS11,RPL18,RPL17,RPS13,RPS12,RPL19,RPL21,RPL23,RPS5,RPL35A,EEF2,RPS28,RPL37A,RPL27,UBA52,RPS21",Protein & RNA homeostasis,44.92445303860747
REACTOME_PATHWAY,Eukaryotic Translation Elongation,39,191,79,10908,8.31e-47,1.2e-44,28.19,8.36e-44,9.04e-45,1.5599999999999997e-48,R-HSA-156842~Eukaryotic Translation Elongation,"RPL4,RPL5,RPL30,RPL3,RPL12,RPLP0,RPL11,RPL10A,RPL8,RPL9,RPL6,RPL7,RPS4X,RPL7A,RPS16,RPS19,RPS18,RPL36,RPL14,RPS3,RPL13,RPL38,RPS27A,RPS11,RPL18,RPL17,RPS13,RPS12,RPL19,RPL21,RPL23,RPS5,RPL35A,EEF2,RPS28,RPL37A,RPL27,UBA52,RPS21",Protein & RNA homeostasis,43.920818753952375
REACTOME_PATHWAY,Eukaryotic Translation Termination,39,191,79,10908,8.31e-47,1.2e-44,28.19,8.36e-44,9.04e-45,1.5599999999999997e-48,R-HSA-72764~Eukaryotic Translation Termination,"RPL4,RPL5,RPL30,RPL3,RPL12,RPLP0,RPL11,RPL10A,RPL8,RPL9,RPL6,RPL7,RPS4X,RPL7A,RPS16,RPS19,RPS18,RPL36,RPL14,RPS3,RPL13,RPL38,RPS27A,RPS11,RPL18,RPL17,RPS13,RPS12,RPL19,RPL21,RPL23,RPS5,RPL35A,RPS28,RPL37A,RPL27,ETF1,UBA52,RPS21",Protein & RNA homeostasis,43.920818753952375
REACTOME_PATHWAY,PELO:HBS1L and ABCE1 dissociate a ribosome on a non-stop mRNA,38,191,75,10908,4.14e-46,4.63e-44,28.94,4.1600000000000005e-43,3.5000000000000003e-44,7.37e-48,R-HSA-9954714~PELO:HBS1L and ABCE1 dissociate a ribosome on a non-stop mRNA,"RPL4,RPL5,RPL30,RPL3,RPL12,RPLP0,RPL11,RPL10A,RPL8,RPL9,RPL6,RPL7,RPS4X,RPL7A,RPS16,RPS19,RPS18,RPL36,RPL14,RPS3,RPL13,RPL38,RPS27A,RPS11,RPL18,RPL17,RPS13,RPS12,RPL19,RPL21,RPL23,RPS5,RPL35A,RPS28,RPL37A,RPL27,UBA52,RPS21",Protein & RNA homeostasis,43.334419008982046
REACTOME_PATHWAY,Viral mRNA Translation,38,191,75,10908,4.14e-46,4.63e-44,28.94,4.1600000000000005e-43,3.5000000000000003e-44,7.37e-48,R-HSA-192823~Viral mRNA Translation,"RPL4,RPL5,RPL30,RPL3,RPL12,RPLP0,RPL11,RPL10A,RPL8,RPL9,RPL6,RPL7,RPS4X,RPL7A,RPS16,RPS19,RPS18,RPL36,RPL14,RPS3,RPL13,RPL38,RPS27A,RPS11,RPL18,RPL17,RPS13,RPS12,RPL19,RPL21,RPL23,RPS5,RPL35A,RPS28,RPL37A,RPL27,UBA52,RPS21",Immune response & host–pathogen interactions,43.334419008982046
REACTOME_PATHWAY,ZNF598 and the Ribosome-associated Quality Trigger (RQT) complex dissociate a ribosome stalled on a no-go mRNA,39,191,82,10908,5.3199999999999995e-46,5.37e-44,27.16,5.36e-43,4.06e-44,1.0700000000000001e-47,R-HSA-9954716~ZNF598 and the Ribosome-associated Quality Trigger (RQT) complex dissociate a ribosome stalled on a no-go mRNA,"RPL4,RPL5,RPL30,RPL3,RPL12,RPLP0,RPL11,RPL10A,RPL8,RPL9,RPL6,RPL7,RPS4X,RPL7A,RPS16,RPS19,RPS18,UBC,RPL36,RPL14,RPS3,RPL13,RPL38,RPS27A,RPS11,RPL18,RPL17,RPS13,RPS12,RPL19,RPL21,RPL23,RPS5,RPL35A,RPS28,RPL37A,RPL27,UBA52,RPS21",Protein & RNA homeostasis,43.270025714300445
REACTOME_PATHWAY,GTP hydrolysis and joining of the 60S ribosomal subunit,41,191,98,10908,1.23e-45,1.1300000000000001e-43,23.89,1.2399999999999998e-42,8.54e-44,3.1100000000000002e-47,R-HSA-72706~GTP hydrolysis and joining of the 60S ribosomal subunit,"RPL4,RPL5,RPL30,RPL3,RPL12,RPLP0,RPL11,RPL10A,RPL8,RPL9,RPL6,RPL7,RPS4X,RPL7A,RPS16,RPS19,RPS18,RPL36,RPL14,RPS3,RPL13,RPL38,RPS27A,RPS11,RPL18,EIF4E,RPL17,RPS13,RPS12,RPL19,EIF5B,RPL21,RPL23,RPS5,RPL35A,RPS28,RPL37A,RPL27,UBA52,RPS21,EIF4G1",Protein & RNA homeostasis,42.94692155651658
REACTOME_PATHWAY,Selenocysteine synthesis,38,191,79,10908,5.24e-45,3.9400000000000004e-43,27.47,5.2799999999999996e-42,2.9800000000000002e-43,1.03e-46,R-HSA-2408557~Selenocysteine synthesis,"RPL4,RPL5,RPL30,RPL3,RPL12,RPLP0,RPL11,RPL10A,RPL8,RPL9,RPL6,RPL7,RPS4X,RPL7A,RPS16,RPS19,RPS18,RPL36,RPL14,RPS3,RPL13,RPL38,RPS27A,RPS11,RPL18,RPL17,RPS13,RPS12,RPL19,RPL21,RPL23,RPS5,RPL35A,RPS28,RPL37A,RPL27,UBA52,RPS21",Other,42.40450377817442
REACTOME_PATHWAY,Nonsense Mediated Decay (NMD) enhanced by the Exon Junction Complex (EJC),41,191,101,10908,5.4699999999999995e-45,3.9400000000000004e-43,23.18,5.5099999999999995e-42,2.9800000000000002e-43,1.45e-46,R-HSA-975957~Nonsense Mediated Decay (NMD) enhanced by the Exon Junction Complex (EJC),"RPL4,RPL5,RPL30,RPL3,RPL12,RPLP0,EIF4A3,RPL11,RPL10A,RPL8,RPL9,RPL6,RPL7,RPS4X,RPL7A,RPS16,RPS19,RPS18,RPL36,RPL14,RPS3,RPL13,RPL38,RPS27A,RPS11,RPL18,RPL17,RPS13,RPS12,RPL19,RPL21,RPL23,RPS5,RPL35A,RPS28,RPL37A,RPL27,ETF1,UBA52,RPS21,EIF4G1",Protein & RNA homeostasis,42.40450377817442
REACTOME_PATHWAY,Nonsense-Mediated Decay (NMD),41,191,101,10908,5.4699999999999995e-45,3.9400000000000004e-43,23.18,5.5099999999999995e-42,2.9800000000000002e-43,1.45e-46,R-HSA-927802~Nonsense-Mediated Decay (NMD),"RPL4,RPL5,RPL30,RPL3,RPL12,RPLP0,EIF4A3,RPL11,RPL10A,RPL8,RPL9,RPL6,RPL7,RPS4X,RPL7A,RPS16,RPS19,RPS18,RPL36,RPL14,RPS3,RPL13,RPL38,RPS27A,RPS11,RPL18,RPL17,RPS13,RPS12,RPL19,RPL21,RPL23,RPS5,RPL35A,RPS28,RPL37A,RPL27,ETF1,UBA52,RPS21,EIF4G1",Protein & RNA homeostasis,42.40450377817442
REACTOME_PATHWAY,L13a-mediated translational silencing of Ceruloplasmin expression,40,191,97,10908,3.6e-44,2.1699999999999998e-42,23.55,3.63e-41,1.64e-42,9.31e-46,R-HSA-156827~L13a-mediated translational silencing of Ceruloplasmin expression,"RPL4,RPL5,RPL30,RPL3,RPL12,RPLP0,RPL11,RPL10A,RPL8,RPL9,RPL6,RPL7,RPS4X,RPL7A,RPS16,RPS19,RPS18,RPL36,RPL14,RPS3,RPL13,RPL38,RPS27A,RPS11,RPL18,EIF4E,RPL17,RPS13,RPS12,RPL19,RPL21,RPL23,RPS5,RPL35A,RPS28,RPL37A,RPL27,UBA52,RPS21,EIF4G1",Protein & RNA homeostasis,41.66354026615147
REACTOME_PATHWAY,Eukaryotic Translation Initiation,41,191,105,10908,3.65e-44,2.1699999999999998e-42,22.3,3.68e-41,1.64e-42,1.03e-45,R-HSA-72613~Eukaryotic Translation Initiation,"RPL4,RPL5,RPL30,RPL3,RPL12,RPLP0,RPL11,RPL10A,RPL8,RPL9,RPL6,RPL7,RPS4X,RPL7A,RPS16,RPS19,RPS18,RPL36,RPL14,RPS3,RPL13,RPL38,RPS27A,RPS11,RPL18,EIF4E,RPL17,RPS13,RPS12,RPL19,EIF5B,RPL21,RPL23,RPS5,RPL35A,RPS28,RPL37A,RPL27,UBA52,RPS21,EIF4G1",Protein & RNA homeostasis,41.66354026615147
REACTOME_PATHWAY,Cap-dependent Translation Initiation,41,191,105,10908,3.65e-44,2.1699999999999998e-42,22.3,3.68e-41,1.64e-42,1.03e-45,R-HSA-72737~Cap-dependent Translation Initiation,"RPL4,RPL5,RPL30,RPL3,RPL12,RPLP0,RPL11,RPL10A,RPL8,RPL9,RPL6,RPL7,RPS4X,RPL7A,RPS16,RPS19,RPS18,RPL36,RPL14,RPS3,RPL13,RPL38,RPS27A,RPS11,RPL18,EIF4E,RPL17,RPS13,RPS12,RPL19,EIF5B,RPL21,RPL23,RPS5,RPL35A,RPS28,RPL37A,RPL27,UBA52,RPS21,EIF4G1",Protein & RNA homeostasis,41.66354026615147
REACTOME_PATHWAY,Signaling by ROBO receptors,49,191,189,10908,2.0500000000000003e-43,1.15e-41,14.81,2.07e-40,8.689999999999999e-42,1.05e-44,R-HSA-376176~Signaling by ROBO receptors,"RPL4,RPL5,RPL30,RPL3,RPLP0,EIF4A3,RPL10A,RPL8,RPL9,RPL6,RPL7,RPS4X,PSMD8,RPL7A,RPS16,PSMD7,RPS19,RPS18,PSMD3,RPL36,PSMD1,RPL38,RPS11,RPS13,RPS12,RPL21,RPL23,RPS5,PSMA2,RPL37A,RPL27,ETF1,UBA52,PSMD11,RPL12,RPL11,UBC,PSMB1,RPS3,RPL14,RPL13,RPS27A,RPL18,RPL17,RPL19,RPL35A,RPS28,RPS21,EIF4G1",Cell signaling,40.93930215964639
REACTOME_PATHWAY,Formation of a pool of free 40S subunits,38,191,87,10908,5.09e-43,2.57e-41,24.94,5.13e-40,1.94e-41,1.19e-44,R-HSA-72689~Formation of a pool of free 40S subunits,"RPL4,RPL5,RPL30,RPL3,RPL12,RPLP0,RPL11,RPL10A,RPL8,RPL9,RPL6,RPL7,RPS4X,RPL7A,RPS16,RPS19,RPS18,RPL36,RPL14,RPS3,RPL13,RPL38,RPS27A,RPS11,RPL18,RPL17,RPS13,RPS12,RPL19,RPL21,RPL23,RPS5,RPL35A,RPS28,RPL37A,RPL27,UBA52,RPS21",Protein & RNA homeostasis,40.59006687666871
REACTOME_PATHWAY,Response of EIF2AK4 (GCN2) to amino acid deficiency,38,191,87,10908,5.09e-43,2.57e-41,24.94,5.13e-40,1.94e-41,1.19e-44,R-HSA-9633012~Response of EIF2AK4 (GCN2) to amino acid deficiency,"RPL4,RPL5,RPL30,RPL3,RPL12,RPLP0,RPL11,RPL10A,RPL8,RPL9,RPL6,RPL7,RPS4X,RPL7A,RPS16,RPS19,RPS18,RPL36,RPL14,RPS3,RPL13,RPL38,RPS27A,RPS11,RPL18,RPL17,RPS13,RPS12,RPL19,RPL21,RPL23,RPS5,RPL35A,RPS28,RPL37A,RPL27,UBA52,RPS21",Cell signaling,40.59006687666871
REACTOME_PATHWAY,Selenoamino acid metabolism,40,191,103,10908,6.310000000000001e-43,3.03e-41,22.18,6.3599999999999996e-40,2.29e-41,1.8e-44,R-HSA-2408522~Selenoamino acid metabolism,"RPL4,RPL5,RPL30,RPL3,RPL12,RPLP0,RPL11,RPL10A,RPL8,RPL9,RPL6,RPL7,RPS4X,RPL7A,RPS16,RPS19,RPS18,RPL36,RPL14,RPS3,RPL13,RPL38,RPS27A,RPS11,RPL18,RPL17,RPS13,RPS12,RPL19,RPL21,RPL23,RPS5,RPL35A,DARS1,RPS28,RPL37A,RPL27,SCLY,UBA52,RPS21",Other,40.51855737149769
REACTOME_PATHWAY,SRP-dependent cotranslational protein targeting to membrane,38,191,97,10908,7.369999999999999e-41,3.38e-39,22.37,7.419999999999999e-38,2.55e-39,2.0699999999999998e-42,R-HSA-1799339~SRP-dependent cotranslational protein targeting to membrane,"RPL4,RPL5,RPL30,RPL3,RPL12,RPLP0,RPL11,RPL10A,RPL8,RPL9,RPL6,RPL7,RPS4X,RPL7A,RPS16,RPS19,RPS18,RPL36,RPL14,RPS3,RPL13,RPL38,RPS27A,RPS11,RPL18,RPL17,RPS13,RPS12,RPL19,RPL21,RPL23,RPS5,RPL35A,RPS28,RPL37A,RPL27,UBA52,RPS21",Protein & RNA homeostasis,38.471083299722345
REACTOME_PATHWAY,Viral Infection Pathways,87,191,1004,10908,9.679999999999999e-40,4.24e-38,4.95,9.75e-37,3.21e-38,1.8199999999999999e-40,R-HSA-9824446~Viral Infection Pathways,"RPL4,ISY1,RPL5,RPL30,RPL3,RPLP0,EIF4A3,CCNC,RPL10A,RPL8,RPL9,RPL6,RPL7,RPS4X,PSMD8,RPL7A,RPS16,PSMD7,XPO1,RPS19,SNRPD2,RPS18,SNRPD1,PSMD3,NUP62,CWC22,RPL36,UFD1,PSMD1,RPL38,SNRPD3,RPS11,RPS13,RPS12,RPL21,RPL23,RPS5,CRNKL1,DYNC1LI2,PSMA2,RPL37A,SRSF3,RPL27,SNRPA1,SNRPF,MAN1B1,SNRNP200,UBA52,SF3B5,SF3B2,SF3B3,PSMD11,ROCK2,SAR1B,SF3B6,RPL12,CAMK2A,RPL11,U2AF1,ATP1A1,PRPF8,UBC,PSMB1,RPS3,RPL14,RPL13,RPS27A,RPL18,SF3B1,EIF4E,RPL17,RPL19,RANBP2,SF3A3,SF3A1,SF3A2,SMAD3,GPKOW,RPL35A,MTOR,XAB2,RPS28,HNRNPK,HYOU1,RPS21,RAN,EIF4G1",Immune response & host–pathogen interactions,37.37263414340727
REACTOME_PATHWAY,Influenza Viral RNA Transcription and Replication,40,191,121,10908,1.07e-39,4.49e-38,18.88,1.08e-36,3.39e-38,3.9099999999999997e-41,R-HSA-168273~Influenza Viral RNA Transcription and Replication,"RPL4,RPL5,RPL30,RPL3,RPL12,RPLP0,RPL11,RPL10A,RPL8,RPL9,RPL6,RPL7,RPS4X,RPL7A,RPS16,RPS19,RPS18,NUP62,RPL36,RPL14,RPS3,RPL13,RPL38,RPS27A,RPS11,RPL18,RPL17,RPS13,RPS12,RPL19,RANBP2,RPL21,RPL23,RPS5,RPL35A,RPS28,RPL37A,RPL27,UBA52,RPS21",Immune response & host–pathogen interactions,37.34775365899668
REACTOME_PATHWAY,Influenza Infection,42,191,142,10908,1.64e-39,6.59e-38,16.89,1.65e-36,4.99e-38,7.01e-41,R-HSA-168255~Influenza Infection,"RPL4,RPL5,RPL30,RPL3,RPL12,RPLP0,RPL11,RPL10A,RPL8,RPL9,RPL6,RPL7,RPS4X,RPL7A,RPS16,XPO1,RPS19,RPS18,NUP62,RPL36,RPL14,RPS3,RPL13,RPL38,RPS27A,RPS11,RPL18,RPL17,RPS13,RPS12,RPL19,RANBP2,RPL21,RPL23,RPS5,RPL35A,RPS28,RPL37A,RPL27,UBA52,RPS21,RAN",Immune response & host–pathogen interactions,37.18111458540599
REACTOME_PATHWAY,Cellular response to starvation,41,191,140,10908,2.46e-38,9.550000000000001e-37,16.73,2.48e-35,7.2200000000000005e-37,1.07e-39,R-HSA-9711097~Cellular response to starvation,"RPL4,RPL5,RPL30,RPL3,RPL12,RPLP0,RPL11,RPL10A,RPL8,RPL9,RPL6,RPL7,RPS4X,RPL7A,RPS16,RPS19,RPS18,RPL36,RPL14,RPS3,RPL13,RPL38,RPS27A,RPS11,RPL18,RPL17,RPS13,RPS12,RPL19,RPL21,RPL23,RPS5,RPL35A,MTOR,RPS28,RPL37A,ATP6V1B2,RPL27,LAMTOR2,UBA52,RPS21",Autophagy,36.01999662841625
REACTOME_PATHWAY,Ribosome Quality Control (RQC) complex extracts and degrades nascent peptide,36,191,95,10908,5.159999999999999e-38,1.93e-36,21.64,5.2e-35,1.4600000000000001e-36,1.53e-39,R-HSA-9954709~Ribosome Quality Control (RQC) complex extracts and degrades nascent peptide,"RPL4,RPL5,RPL30,PSMD11,RPL3,RPL12,RPLP0,RPL11,RPL10A,RPL8,RPL9,RPL6,RPL7,PSMD8,RPL7A,PSMD7,PSMD3,UBC,PSMB1,RPL36,RPL14,PSMD1,UFD1,RPL13,RPL38,RPS27A,RPL18,RPL17,RPL19,RPL21,RPL23,RPL35A,PSMA2,RPL37A,RPL27,UBA52",Protein & RNA homeostasis,35.71444269099223
REACTOME_PATHWAY,Major pathway of rRNA processing in the nucleolus and cytosol,43,191,166,10908,8.189999999999999e-38,2.95e-36,14.79,8.250000000000001e-35,2.23e-36,4.21e-39,R-HSA-6791226~Major pathway of rRNA processing in the nucleolus and cytosol,"RPL4,RPL5,RPL30,RPL3,RPL12,RPLP0,RPL11,SNU13,RPL10A,RPL8,RPL9,WDR46,RPL6,RPL7,RPS4X,FBL,RPL7A,RPS16,RPS19,RPS18,RPL36,RPL14,RPS3,RPL13,RPL38,RPS27A,RPS11,RPL18,RPL17,RPS13,RPS12,RPL19,RPL21,RPL23,RPS5,RPL35A,WDR12,EBNA1BP2,RPS28,RPL37A,RPL27,UBA52,RPS21",Protein & RNA homeostasis,35.53017798402184
REACTOME_PATHWAY,rRNA processing in the nucleus and cytosol,43,191,176,10908,1.1800000000000001e-36,4.12e-35,13.95,1.19e-33,3.1100000000000004e-35,6.58e-38,R-HSA-8868773~rRNA processing in the nucleus and cytosol,"RPL4,RPL5,RPL30,RPL3,RPL12,RPLP0,RPL11,SNU13,RPL10A,RPL8,RPL9,WDR46,RPL6,RPL7,RPS4X,FBL,RPL7A,RPS16,RPS19,RPS18,RPL36,RPL14,RPS3,RPL13,RPL38,RPS27A,RPS11,RPL18,RPL17,RPS13,RPS12,RPL19,RPL21,RPL23,RPS5,RPL35A,WDR12,EBNA1BP2,RPS28,RPL37A,RPL27,UBA52,RPS21",Protein & RNA homeostasis,34.385102783966865
REACTOME_PATHWAY,Infectious disease,91,191,1223,10908,1.54e-36,5.19e-35,4.25,1.56e-33,3.9200000000000003e-35,3.4300000000000004e-37,R-HSA-5663205~Infectious disease,"RPL4,ISY1,RPL5,RPL30,RPL3,RPLP0,EIF4A3,CCNC,RPL10A,RPL8,RPL9,RPL6,RPL7,RPS4X,PSMD8,RPL7A,RPS16,PSMD7,XPO1,RPS19,SNRPD2,RPS18,SNRPD1,PSMD3,NUP62,CWC22,RPL36,UFD1,PSMD1,RPL38,SNRPD3,RPS11,RPS13,RPS12,RPL21,RPL23,RPS5,CRNKL1,SFPQ,DYNC1LI2,PSMA2,RPL37A,SRSF3,RPL27,SNRPA1,SNRPF,MAN1B1,SNRNP200,UBA52,SF3B5,SF3B2,SF3B3,PSMD11,ROCK2,SAR1B,SF3B6,RPL12,CAMK2A,RPL11,U2AF1,ATP1A1,PRPF8,ADCY6,UBC,PSMB1,RPS3,RPL14,RPL13,RPS27A,RPL18,SF3B1,EIF4E,RPL17,RPL19,RANBP2,SF3A3,SF3A1,SF3A2,SMAD3,GPKOW,RPL35A,EEF2,MTOR,XAB2,RPS28,HNRNPK,ARPC2,HYOU1,RPS21,RAN,EIF4G1",Immune response & host–pathogen interactions,34.28483264215154
REACTOME_PATHWAY,Translation,54,191,339,10908,2.22e-36,7.23e-35,9.1,2.24e-33,5.46e-35,2.1e-37,R-HSA-72766~Translation,"RPL4,RPL5,RPL30,RPL3,RPLP0,RPL10A,RPL8,RPL9,RPL6,RPL7,RPS4X,PSMD8,RPL7A,RPS16,PSMD7,RPS19,RPS18,PSMD3,RPL36,UFD1,PSMD1,RPL38,RPS11,RPS13,RPS12,EIF5B,RPL21,RPL23,RPS5,DARS1,PSMA2,RPL37A,RPL27,ETF1,UBA52,TARS1,PSMD11,RPL12,RPL11,UBC,PSMB1,RPS3,RPL14,RPL13,RPS27A,RPL18,EIF4E,RPL17,RPL19,RPL35A,EEF2,RPS28,RPS21,EIF4G1",Protein & RNA homeostasis,34.14086170270547
GOTERM_BP_DIRECT,translation,42,247,198,16251,5.02e-35,3.32e-32,13.96,6.64e-32,3.25e-32,2.9e-36,GO:0006412~translation,"RPL4,RPL5,RPL30,RPL3,RPL12,RPLP0,RPL11,RPL10A,RPL8,RPL9,RPL6,RPL7,RPS4X,RPL7A,RPS16,RPS19,RPS18,RPL36,RPL14,RPS3,RPL13,RPL38,RPS27A,RPS11,RPL18,RPL17,RPS13,RPS12,RPL19,RPL21,RPL23,RPS5,RPL35A,EEF2,DARS1,RPS28,RPL37A,RPL27,UBA52,RPS21,TARS1,EIF4G1",,31.478861916295962
REACTOME_PATHWAY,rRNA processing,43,191,193,10908,7.480000000000001e-35,2.36e-33,12.72,7.53e-32,1.7800000000000002e-33,4.68e-36,R-HSA-72312~rRNA processing,"RPL4,RPL5,RPL30,RPL3,RPL12,RPLP0,RPL11,SNU13,RPL10A,RPL8,RPL9,WDR46,RPL6,RPL7,RPS4X,FBL,RPL7A,RPS16,RPS19,RPS18,RPL36,RPL14,RPS3,RPL13,RPL38,RPS27A,RPS11,RPL18,RPL17,RPS13,RPS12,RPL19,RPL21,RPL23,RPS5,RPL35A,WDR12,EBNA1BP2,RPS28,RPL37A,RPL27,UBA52,RPS21",Protein & RNA homeostasis,32.627087997029896
GOTERM_BP_DIRECT,negative regulation of myoblast fusion,25,247,40,16251,3.3699999999999998e-34,1.48e-31,41.12,4.46e-31,1.45e-31,3.3300000000000003e-36,GO:1901740~negative regulation of myoblast fusion,"RPL4,RPL5,RPL30,RPL12,RPLP0,RPL11,RPL10A,RPL8,RPL9,RPL6,RPL7,RPL7A,RPL36,RPL14,RPL13,RPL38,RPL18,RPL17,RPL19,RPL21,RPL23,RPL35A,RPL37A,RPL27,UBA52",,30.829738284605043
REACTOME_PATHWAY,Metabolism of amino acids and derivatives,49,191,345,10908,1.99e-30,6.07e-29,8.11,2e-27,4.59e-29,2.15e-31,R-HSA-71291~Metabolism of amino acids and derivatives,"RPL4,RPL5,RPL30,RPL3,RPLP0,RPL10A,RPL8,RPL9,RPL6,RPL7,RPS4X,PSMD8,RPL7A,RPS16,PSMD7,RPS19,RPS18,PSMD3,RPL36,PSMD1,RPL38,RPS11,RPS13,RPS12,RPL21,RPL23,RPS5,DARS1,PSMA2,RPL37A,RPL27,UBA52,PSMD11,RPL12,RPL11,PSMB1,RPS3,RPL14,RPL13,RPS27A,RPL18,RPL17,RPL19,RPL35A,FAH,RPS28,OGDH,SCLY,RPS21",Other,28.216811308924743
GOTERM_BP_DIRECT,striated muscle contraction,25,247,59,16251,8.93e-29,2.95e-26,27.88,1.1799999999999999e-25,2.89e-26,1.93e-30,GO:0006941~striated muscle contraction,"RPL4,RPL5,RPL30,RPL12,RPLP0,RPL11,RPL10A,RPL8,RPL9,RPL6,RPL7,RPL7A,RPL36,RPL14,RPL13,RPL38,RPL18,RPL17,RPL19,RPL21,RPL23,RPL35A,RPL37A,RPL27,UBA52",,25.530177984021837
REACTOME_PATHWAY,Nervous system development,55,191,539,10908,4.7100000000000006e-27,1.4e-25,5.83,4.7499999999999994e-24,1.06e-25,7.41e-28,R-HSA-9675108~Nervous system development,"RPL4,RPL5,RPL30,RPL3,RPLP0,EIF4A3,RPL10A,RPL8,RPL9,RPL6,RPL7,RPS4X,PSMD8,RPL7A,RPS16,PSMD7,RPS19,RPS18,PSMD3,RPL36,PSMD1,RPL38,RPS11,RPS13,RPS12,LYPLA2,RPL21,RPL23,RPS5,GAB1,POU3F1,PSMA2,RPL37A,RPL27,ETF1,UBA52,PSMD11,ROCK2,RPL12,RPL11,UBC,PSMB1,RPS3,RPL14,RPL13,RPS27A,RPL18,RPL17,RPL19,RPL35A,SMARCA4,RPS28,ARPC2,RPS21,EIF4G1",Other,24.853871964321762
REACTOME_PATHWAY,Cellular responses to stress,63,191,745,10908,8.690000000000001e-27,2.5e-25,4.83,8.75e-24,1.89e-25,1.68e-27,R-HSA-2262752~Cellular responses to stress,"RPL4,RPL5,RPL30,RPL3,RPLP0,RPL10A,RPL8,PHB2,RPL9,RPL6,RPL7,RPS4X,PSMD8,RPL7A,RPS16,PSMD7,XPO1,KAT5,RPS19,RPS18,PSMD3,NUP62,RPL36,UFD1,PSMD1,RPL38,RPS11,RPS13,RPS12,RPL21,RPL23,RPS5,CYBB,SIRT1,DYNC1LI2,PSMA2,RPL37A,ATP6V1B2,RPL27,UBA52,ANAPC2,PSMD11,RPL12,CAMK2A,RPL11,NRF1,NRIP1,UBC,PSMB1,RPS3,RPL14,RPL13,RPS27A,RPL18,RPL17,RPL19,RANBP2,RPL35A,MTOR,RPS28,LAMTOR2,HYOU1,RPS21",Other,24.602059991327963
REACTOME_PATHWAY,Axon guidance,53,191,514,10908,3.28e-26,9.19e-25,5.89,3.3099999999999997e-23,6.95e-25,5.1000000000000006e-27,R-HSA-422475~Axon guidance,"RPL4,RPL5,RPL30,RPL3,RPLP0,EIF4A3,RPL10A,RPL8,RPL9,RPL6,RPL7,RPS4X,PSMD8,RPL7A,RPS16,PSMD7,RPS19,RPS18,PSMD3,RPL36,PSMD1,RPL38,RPS11,RPS13,RPS12,LYPLA2,RPL21,RPL23,RPS5,GAB1,PSMA2,RPL37A,RPL27,ETF1,UBA52,PSMD11,ROCK2,RPL12,RPL11,UBC,PSMB1,RPS3,RPL14,RPL13,RPS27A,RPL18,RPL17,RPL19,RPL35A,RPS28,ARPC2,RPS21,EIF4G1",Cytoskeleton & Rho GTPase signaling,24.03668448861389
REACTOME_PATHWAY,Disease,100,191,2013,10908,4.17e-26,1.1399999999999999e-24,2.84,4.1999999999999996e-23,8.6e-25,1.42e-26,R-HSA-1643685~Disease,"RPL4,RPL5,RPL30,RPL3,EIF4A3,CCNC,RPL10A,RPL8,RPL9,RPL6,RPL7,PSMD8,RPS16,PSMD7,KAT5,RPS19,SNRPD2,RPS18,SNRPD1,PSMD3,CWC22,RPL36,CYP1B1,PSMD1,RPL38,SNRPD3,RPS11,RPS13,RPS12,RPL21,RPS5,RPL23,CRNKL1,DYNC1LI2,SRSF3,RPL27,SNRPF,SNRNP200,UBA52,ANAPC2,PSMD11,SAR1B,PRPF8,RDH12,UBC,SMAD3,EEF2,RPS28,HNRNPK,ARPC2,HYOU1,RPS21,EIF4G1,ISY1,SLC67A1,RPLP0,RPS4X,RPL7A,XPO1,NUP62,MUC13,UFD1,GAB1,SFPQ,PSMA2,RPL37A,SNRPA1,MAN1B1,SF3B5,SF3B2,SF3B3,ROCK2,SF3B6,RPL12,CAMK2A,RPL11,U2AF1,ATP1A1,HDAC9,ADCY6,PSMB1,RPS3,RPL14,RPL13,RPS27A,RPL18,SF3B1,EIF4E,RPL17,RPL19,RANBP2,SF3A3,SF3A1,SF3A2,GPKOW,RPL35A,MTOR,XAB2,FMOD,RAN",Other,23.943095148663527
REACTOME_PATHWAY,Cellular responses to stimuli,64,191,852,10908,2.07e-24,5.48e-23,4.29,2.08e-21,4.14e-23,4.54e-25,R-HSA-8953897~Cellular responses to stimuli,"RPL4,RPL5,RPL30,RPL3,RPLP0,RPL10A,RPL8,PHB2,RPL9,RPL6,RPL7,RPS4X,PSMD8,RPL7A,RPS16,PSMD7,XPO1,KAT5,RPS19,RPS18,PSMD3,NUP62,RPL36,UFD1,PSMD1,RPL38,RPS11,RPS13,RPS12,RPL21,RPL23,RPS5,CYBB,SIRT1,DYNC1LI2,PSMA2,RPL37A,ATP6V1B2,RPL27,UBA52,ANAPC2,PSMD11,RPL12,CAMK2A,RPL11,NRF1,ADCY6,NRIP1,UBC,PSMB1,RPS3,RPL14,RPL13,RPS27A,RPL18,RPL17,RPL19,RANBP2,RPL35A,MTOR,RPS28,LAMTOR2,HYOU1,RPS21",Other,22.26121944151563
REACTOME_PATHWAY,Processing of Capped Intron-Containing Pre-mRNA,38,191,288,10908,3.6300000000000003e-22,9.37e-21,7.54,3.65e-19,7.080000000000001e-21,4.27e-23,R-HSA-72203~Processing of Capped Intron-Containing Pre-mRNA,"ISY1,SF3B5,SF3B2,SF3B3,SF3B6,EIF4A3,SNU13,U2AF1,USP39,PRPF8,UBL5,NXF1,SNRPD2,SNRPD1,NUP62,UBC,CWC22,SNRPD3,RPS27A,SF3B1,EIF4E,SF3A3,RANBP2,RBM39,IK,SF3A1,SF3A2,GPKOW,CRNKL1,XAB2,HNRNPK,SRSF3,SNRPA1,SNRPF,CACTIN,SNRNP200,SLU7,UBA52",Protein & RNA homeostasis,20.02826040911222
REACTOME_PATHWAY,mRNA Splicing - Major Pathway,31,191,201,10908,5.9e-20,1.49e-18,8.81,5.94e-17,1.12e-18,5.800000000000001e-21,R-HSA-72163~mRNA Splicing - Major Pathway,"ISY1,SF3B5,SF3B2,SF3B3,SF3B6,EIF4A3,SNU13,U2AF1,USP39,PRPF8,UBL5,SNRPD2,SNRPD1,CWC22,SNRPD3,SF3B1,SF3A3,RBM39,IK,SF3A1,SF3A2,GPKOW,CRNKL1,XAB2,HNRNPK,SRSF3,SNRPA1,SNRPF,CACTIN,SNRNP200,SLU7",Protein & RNA homeostasis,17.826813731587727
GOTERM_BP_DIRECT,"mRNA splicing, via spliceosome",30,247,208,16251,6.63e-20,1.75e-17,9.49,8.76e-17,1.71e-17,6.110000000000001e-21,"GO:0000398~mRNA splicing, via spliceosome","ISY1,SF3B5,SF3B2,SF3B3,SF3B6,EIF4A3,SNU13,U2AF1,USP39,PRPF8,UBL5,SNRPD2,SNRPD1,CWC22,SNRPD3,SF3B1,SF3A3,RBM14,IK,SF3A1,SF3A2,GPKOW,CRNKL1,XAB2,HNRNPK,SNRPA1,SNRPF,CACTIN,SNRNP200,SLU7",,16.756961951313706
REACTOME_PATHWAY,mRNA Splicing,31,191,209,10908,1.85e-19,4.55e-18,8.47,1.86e-16,3.44e-18,1.9e-20,R-HSA-72172~mRNA Splicing,"ISY1,SF3B5,SF3B2,SF3B3,SF3B6,EIF4A3,SNU13,U2AF1,USP39,PRPF8,UBL5,SNRPD2,SNRPD1,CWC22,SNRPD3,SF3B1,SF3A3,RBM39,IK,SF3A1,SF3A2,GPKOW,CRNKL1,XAB2,HNRNPK,SRSF3,SNRPA1,SNRPF,CACTIN,SNRNP200,SLU7",Protein & RNA homeostasis,17.341988603342887
GOTERM_BP_DIRECT,U2-type prespliceosome assembly,13,247,25,16251,4.77e-16,1.05e-13,34.21,5.87e-13,1.03e-13,7.35e-18,GO:1903241~U2-type prespliceosome assembly,"SF3A3,SF3B5,SF3B2,SF3A1,SF3A2,SF3B3,SF3B6,SNRPD2,SNRPD1,SNRPA1,SNRPD3,SNRPF,SF3B1",,12.978810700930062
REACTOME_PATHWAY,SARS-CoV-2 modulates host translation machinery,16,191,45,10908,5e-16,1.2e-14,20.31,5.59e-13,9.08e-15,1.67e-17,R-HSA-9754678~SARS-CoV-2 modulates host translation machinery,"RPS5,RPS4X,RPS28,RPS16,SNRPD2,RPS19,SNRPD1,RPS18,RPS3,SNRPD3,SNRPF,RPS27A,RPS11,RPS21,RPS13,RPS12",Immune response & host–pathogen interactions,13.920818753952375
GOTERM_BP_DIRECT,spliceosomal snRNP assembly,17,247,64,16251,1.14e-15,2.16e-13,17.48,1.47e-12,2.11e-13,4.99e-17,GO:0000387~spliceosomal snRNP assembly,"SF3A3,SF3B5,SF3B2,SF3A1,SF3A2,SF3B3,SF3B6,SNU13,USP39,PRPF8,SNRPD2,SNRPD1,SNRPA1,SNRPD3,SNRPF,SNRNP200,SF3B1",,12.665546248849068
REACTOME_PATHWAY,Dengue Virus Infection,35,191,375,10908,1.35e-15,3.18e-14,5.33,1.34e-12,2.4e-14,1.97e-16,R-HSA-9839923~Dengue Virus Infection,"ISY1,SF3B5,SF3B2,SF3B3,SF3B6,EIF4A3,CAMK2A,U2AF1,PRPF8,XPO1,SNRPD2,SNRPD1,UBC,CWC22,UFD1,SNRPD3,RPS27A,RPL18,SF3B1,EIF4E,SF3A3,SF3A1,SF3A2,GPKOW,CRNKL1,MTOR,XAB2,HNRNPK,SRSF3,HYOU1,SNRPA1,SNRPF,SNRNP200,UBA52,EIF4G1",Immune response & host–pathogen interactions,13.497572880015568
REACTOME_PATHWAY,Developmental Biology,67,191,1422,10908,9.69e-15,2.22e-13,2.69,9.73e-12,1.68e-13,3.46e-15,R-HSA-1266738~Developmental Biology,"RPL4,RPL5,RPL30,RPL3,RPLP0,EIF4A3,CCNC,RPL10A,RPL8,RPL9,RPL6,RPL7,RPS4X,PSMD8,RPL7A,RPS16,PSMD7,XPO1,KAT5,RPS19,RPS18,PSMD3,RPL36,PSMD1,RPL38,RPS11,RPS13,RPS12,LYPLA2,RPL21,RPL23,RPS5,GAB1,POU3F1,SIRT1,DARS1,PAX8,PSMA2,RPL37A,ATP6V1B2,RPL27,ETF1,UBA52,KPRP,PSMD11,ROCK2,RPL12,RPL11,HDAC9,UBC,PSMB1,KRTAP5-11,RPS3,RPL14,RPL13,RPS27A,RPL18,EIF4E,RPL17,RPL19,SMAD3,RPL35A,SMARCA4,RPS28,ARPC2,RPS21,EIF4G1",Other,12.653647025549361
GOTERM_BP_DIRECT,spliceosome conformational change to release U4 (or U4atac) and U1 (or U11),13,247,35,16251,6.79e-14,1.12e-11,24.44,8.98e-11,1.1e-11,1.81e-15,GO:0000388~spliceosome conformational change to release U4 (or U4atac) and U1 (or U11),"SF3B5,SF3B2,SF3B3,SF3B6,SNU13,USP39,PRPF8,SNRPD2,SNRPD1,SNRPD3,SNRPF,SNRNP200,SF3B1",,10.950781977329818
REACTOME_PATHWAY,mRNA 3'-end processing,22,191,151,10908,1.39e-13,3.11e-12,8.32,1.4e-10,2.35e-12,1.46e-14,R-HSA-72187~mRNA 3'-end processing,"SF3A3,RBM39,SF3B5,SF3B2,SF3A1,SF3A2,SF3B3,SF3B6,EIF4A3,U2AF1,HNRNPK,SNRPD2,SNRPD1,UBC,SRSF3,SNRPA1,SNRPD3,SNRPF,RPS27A,SLU7,UBA52,SF3B1",Protein & RNA homeostasis,11.507239610973162
REACTOME_PATHWAY,mRNA Polyadenylation,20,191,126,10908,4.82e-13,1.06e-11,9.07,4.85e-10,7.98e-12,4.57e-14,R-HSA-9770562~mRNA Polyadenylation,"SF3A3,RBM39,SF3B5,SF3B2,SF3A1,SF3A2,SF3B3,SF3B6,U2AF1,HNRNPK,SNRPD2,SNRPD1,UBC,SRSF3,SNRPA1,SNRPD3,SNRPF,RPS27A,UBA52,SF3B1",Protein & RNA homeostasis,10.97469413473523
REACTOME_PATHWAY,Dengue Virus-Host Interactions,27,191,267,10908,7.86e-13,1.69e-11,5.78,7.92e-10,1.27e-11,1.24e-13,R-HSA-9918481~Dengue Virus-Host Interactions,"ISY1,SF3B5,SF3B2,SF3B3,SF3B6,EIF4A3,CAMK2A,U2AF1,PRPF8,SNRPD2,SNRPD1,CWC22,SNRPD3,RPL18,SF3B1,SF3A3,SF3A1,SF3A2,GPKOW,CRNKL1,MTOR,XAB2,HNRNPK,SRSF3,SNRPA1,SNRPF,SNRNP200",Immune response & host–pathogen interactions,10.772113295386326
REACTOME_PATHWAY,Metabolism of proteins,78,191,2027,10908,1.12e-12,2.35e-11,2.2,1.12e-09,1.77e-11,4.94e-13,R-HSA-392499~Metabolism of proteins,"RPL4,RPL5,RPL30,RPL3,RPLP0,RPL10A,RPL8,RPL9,RPL6,RPL7,RPS4X,PSMD8,RPL7A,RPS16,PSMD7,RPS19,RPS18,PSMD3,NUP62,RPL36,UFD1,PSMD1,MUC13,RPL38,RPS11,RPS13,RPS12,EIF5B,RPL21,RPL23,RPS5,POMGNT2,COPZ1,DARS1,DYNC1LI2,PSMA2,B3GNT4,RPL37A,RPL27,ETF1,MAN1B1,UBA52,TARS1,NAPA,COPA,PSMD11,TMED10,SAR1B,COPB1,DCUN1D3,RPL12,RPL11,NRIP1,UBC,PSMB1,RPS3,RPL14,RPL13,RPS27A,DCAF11,RPL18,EIF4E,RPL17,RPL19,RANBP2,SMAD3,RPL35A,EEF2,ARCN1,RPS28,HNRNPK,CCDC8,DOLPP1,OGDH,COPG1,FOLR2,RPS21,EIF4G1",Protein & RNA homeostasis,10.628932137728263
REACTOME_PATHWAY,SARS-CoV-1 modulates host translation machinery,12,191,31,10908,2.09e-12,4.31e-11,22.11,2.11e-09,3.26e-11,6.2e-14,R-HSA-9735869~SARS-CoV-1 modulates host translation machinery,"RPS4X,RPS28,RPS16,RPS19,RPS18,RPS5,RPS3,RPS27A,RPS11,RPS21,RPS13,RPS12",Immune response & host–pathogen interactions,10.365522729839268
REACTOME_PATHWAY,Ribosomal scanning and start codon recognition,14,191,53,10908,4.12e-12,8.14e-11,15.09,4.15e-09,6.15e-11,2.09e-13,R-HSA-72702~Ribosomal scanning and start codon recognition,"RPS5,RPS4X,RPS28,RPS16,RPS19,RPS18,RPS3,RPS27A,RPS11,RPS21,EIF4E,RPS13,EIF4G1,RPS12",Protein & RNA homeostasis,10.089375595110798
REACTOME_PATHWAY,Translation initiation complex formation,14,191,53,10908,4.12e-12,8.14e-11,15.09,4.15e-09,6.15e-11,2.09e-13,R-HSA-72649~Translation initiation complex formation,"RPS5,RPS4X,RPS28,RPS16,RPS19,RPS18,RPS3,RPS27A,RPS11,RPS21,EIF4E,RPS13,EIF4G1,RPS12",Protein & RNA homeostasis,10.089375595110798
GOTERM_BP_DIRECT,RNA splicing,23,247,228,16251,5.29e-12,7.77e-10,6.64,6.99e-09,7.6e-10,7.26e-13,GO:0008380~RNA splicing,"RBM39,SF3B2,SF3A2,SF3B3,U2AF1,USP39,PRPF8,SFPQ,HNRNPK,SON,SNRPD2,SNRPD1,CWC22,SRSF3,SNRPA1,SNRPD3,SNRPF,SNRNP200,CACTIN,ZC3H13,MBNL3,SLU7,SF3B1",,9.109578981199085
REACTOME_PATHWAY,"Activation of the mRNA upon binding of the cap-binding complex and eIFs, and subsequent binding to 43S",14,191,54,10908,5.34e-12,1.04e-10,14.81,5.38e-09,7.83e-11,2.78e-13,"R-HSA-72662~Activation of the mRNA upon binding of the cap-binding complex and eIFs, and subsequent binding to 43S","RPS5,RPS4X,RPS28,RPS16,RPS19,RPS18,RPS3,RPS27A,RPS11,RPS21,EIF4E,RPS13,EIF4G1,RPS12",Protein & RNA homeostasis,9.98296666070122
REACTOME_PATHWAY,AUF1 (hnRNP D0) binds and destabilizes mRNA,12,191,42,10908,8.96e-11,1.7e-09,16.32,9.03e-08,1.29e-09,4.11e-12,R-HSA-450408~AUF1 (hnRNP D0) binds and destabilizes mRNA,"PSMD8,PSMD7,PSMD11,PSMA2,UBC,PSMB1,PSMD3,HSPB1,PSMD1,RPS27A,UBA52,EIF4G1",Protein & RNA homeostasis,8.769551078621726
REACTOME_PATHWAY,SARS-CoV-2-host interactions,21,191,194,10908,1.48e-10,2.77e-09,6.18,1.49e-07,2.09e-09,2.17e-11,R-HSA-9705683~SARS-CoV-2-host interactions,"RANBP2,SAR1B,RPS5,RPS4X,RPS28,RPS16,SNRPD2,RPS19,SNRPD1,RPS18,NUP62,UBC,RPS3,SNRPD3,SNRPF,RPS27A,RPS11,UBA52,RPS21,RPS13,RPS12",Immune response & host–pathogen interactions,8.557520230935552
REACTOME_PATHWAY,"Formation of the ternary complex, and subsequently, the 43S complex",12,191,46,10908,2.63e-10,4.82e-09,14.9,2.65e-07,3.64e-09,1.36e-11,"R-HSA-72695~Formation of the ternary complex, and subsequently, the 43S complex","RPS4X,RPS28,RPS16,RPS19,RPS18,RPS5,RPS3,RPS27A,RPS11,RPS21,RPS13,RPS12",Protein & RNA homeostasis,8.31695296176115
REACTOME_PATHWAY,SARS-CoV-1-host interactions,15,191,92,10908,5.62e-10,1.01e-08,9.31,5.66e-07,7.65e-09,5.18e-11,R-HSA-9692914~SARS-CoV-1-host interactions,"SMAD3,RPS5,RPS4X,RPS28,RPS16,RPS19,RPS18,UBC,RPS3,RPS27A,RPS11,UBA52,RPS21,RPS13,RPS12",Immune response & host–pathogen interactions,7.995678626217358
GOTERM_BP_DIRECT,spermatogenesis,30,247,519,16251,1.36e-09,1.8e-07,3.8,1.8e-06,1.76e-07,3.39e-10,GO:0007283~spermatogenesis,"RPL4,RPL5,RPL30,RPL3,RPL12,RPLP0,RPL11,RPL10A,RPL8,RPL9,RPL6,RPL7,RPL7A,PSMB1,RPL36,RPL14,RPL13,RPL38,RPL18,RPL17,RPL19,RPL21,RPL23,RPL35A,SIRT1,PSMA2,RPL37A,RPL27,SNRPA1,UBA52",,6.7447274948966935
REACTOME_PATHWAY,CDK-mediated phosphorylation and removal of Cdc6,12,191,59,10908,4.53e-09,8.01e-08,11.62,4.56e-06,6.06e-08,3.21e-10,R-HSA-69017~CDK-mediated phosphorylation and removal of Cdc6,"PSMD8,PSMD7,PSMD11,PSMA2,UBC,PSMB1,PSMD3,PSMD1,CDC6,RPS27A,UBA52,ANAPC2",Cell cycle & mitosis,7.096367483915762
REACTOME_PATHWAY,Regulation of mRNA stability by proteins that bind AU-rich elements,13,191,74,10908,4.71e-09,8.19e-08,10.03,4.74e-06,6.19e-08,3.97e-10,R-HSA-450531~Regulation of mRNA stability by proteins that bind AU-rich elements,"PSMD11,HSPB1,PSMD8,PSMD7,XPO1,PSMA2,PSMD3,UBC,PSMB1,PSMD1,RPS27A,UBA52,EIF4G1",Protein & RNA homeostasis,7.086716098239582
REACTOME_PATHWAY,Metabolism,72,191,2127,10908,5.77e-09,9.86e-08,1.93,5.81e-06,7.45e-08,2.91e-09,R-HSA-1430728~Metabolism,"RPL4,RPL5,RPL30,RPL3,RPLP0,ACSM6,CCNC,RPL10A,RPL8,RPL9,RPL6,RPL7,RPS4X,PSMD8,RPL7A,RPS16,PSMD7,RPS19,RPS18,PSMD3,NUP62,RPL36,CYP1B1,PSMD1,RPL38,RPS11,CIAO2B,RPS13,RPS12,ELOVL1,ADSL,CHST7,RPL21,RPL23,RPS5,DARS1,PSMA2,B3GNT4,RPL37A,RPL27,UBA52,PSMD11,SAR1B,RPL12,RPL11,GMPS,MGST1,NRF1,ADCY6,MAT2A,UBC,ESD,PSMB1,RPS3,RPL14,RPL13,UGT1A3,RPS27A,RPL18,RPL17,RPL19,RANBP2,RPL35A,FAH,RPS28,AADAC,OGDH,SCLY,FMOD,FOLR2,RPS21,RAN",Other,7.006123085058789
GOTERM_BP_DIRECT,ribosomal small subunit biogenesis,12,247,69,16251,6.44e-09,7.73e-07,11.44,8.51e-06,7.56e-07,4.77e-10,GO:0042274~ribosomal small subunit biogenesis,"RPS4X,FBL,RPS28,RPS16,RPS19,RPS5,SNU13,RPS27A,RPS11,WDR46,RPS13,RPS12",,6.111820506081675
REACTOME_PATHWAY,Regulation of activated PAK-2p34 by proteasome mediated degradation,10,191,37,10908,9.97e-09,1.68e-07,15.44,1e-05,1.27e-07,4.95e-10,R-HSA-211733~Regulation of activated PAK-2p34 by proteasome mediated degradation,"PSMD8,PSMD7,PSMD11,PSMA2,UBC,PSMB1,PSMD3,PSMD1,RPS27A,UBA52",Ubiquitin-mediated protein degradation,6.774690718274137
REACTOME_PATHWAY,mRNA Splicing - Minor Pathway,11,191,50,10908,1.14e-08,1.88e-07,12.56,1.15e-05,1.42e-07,7.33e-10,R-HSA-72165~mRNA Splicing - Minor Pathway,"SF3B5,SF3B2,SF3B3,SNRPD2,SNRPD1,SF3B6,SNRPD3,SNRPF,SNRNP200,PRPF8,SF3B1",Protein & RNA homeostasis,6.72584215073632
REACTOME_PATHWAY,CHD1 and CHD2 subfamily,13,191,81,10908,1.37e-08,2.22e-07,9.17,1.37e-05,1.68e-07,1.28e-09,R-HSA-9943411~CHD1 and CHD2 subfamily,"SF3A3,SF3B5,SF3B2,SF3A1,SF3A2,SF3B3,SF3B6,SNRPD2,SNRPD1,SNRPA1,SNRPD3,SNRPF,SF3B1",Protein & RNA homeostasis,6.653647025549361
REACTOME_PATHWAY,Autodegradation of the E3 ubiquitin ligase COP1,10,191,39,10908,1.65e-08,2.56e-07,14.64,1.66e-05,1.93e-07,8.76e-10,R-HSA-349425~Autodegradation of the E3 ubiquitin ligase COP1,"PSMD8,PSMD7,PSMD11,PSMA2,UBC,PSMB1,PSMD3,PSMD1,RPS27A,UBA52",Ubiquitin-mediated protein degradation,6.59176003468815
REACTOME_PATHWAY,Ubiquitin-dependent degradation of Cyclin D,10,191,39,10908,1.65e-08,2.56e-07,14.64,1.66e-05,1.93e-07,8.76e-10,R-HSA-75815~Ubiquitin-dependent degradation of Cyclin D,"PSMD8,PSMD7,PSMD11,PSMA2,UBC,PSMB1,PSMD3,PSMD1,RPS27A,UBA52",Cell cycle & mitosis,6.59176003468815
REACTOME_PATHWAY,Vpu mediated degradation of CD4,10,191,39,10908,1.65e-08,2.56e-07,14.64,1.66e-05,1.93e-07,8.76e-10,R-HSA-180534~Vpu mediated degradation of CD4,"PSMD8,PSMD7,PSMD11,PSMA2,UBC,PSMB1,PSMD3,PSMD1,RPS27A,UBA52",Immune response & host–pathogen interactions,6.59176003468815
REACTOME_PATHWAY,Autodegradation of Cdh1 by Cdh1:APC/C,11,191,53,10908,2.07e-08,3.15e-07,11.85,2.08e-05,2.38e-07,1.43e-09,R-HSA-174084~Autodegradation of Cdh1 by Cdh1:APC/C,"PSMD8,PSMD7,PSMD11,PSMA2,UBC,PSMB1,PSMD3,PSMD1,RPS27A,UBA52,ANAPC2",Cell cycle & mitosis,6.501689446210399
REACTOME_PATHWAY,APC/C:Cdc20 mediated degradation of Securin,11,191,54,10908,2.5e-08,3.76e-07,11.63,2.51e-05,2.84e-07,1.77e-09,R-HSA-174154~APC/C:Cdc20 mediated degradation of Securin,"PSMD8,PSMD7,PSMD11,PSMA2,UBC,PSMB1,PSMD3,PSMD1,RPS27A,UBA52,ANAPC2",Cell cycle & mitosis,6.424812155072339
REACTOME_PATHWAY,Regulation of Apoptosis,10,191,41,10908,2.64e-08,3.86e-07,13.93,2.66e-05,2.92e-07,1.5e-09,R-HSA-169911~Regulation of Apoptosis,"PSMD8,PSMD7,PSMD11,PSMA2,UBC,PSMB1,PSMD3,PSMD1,RPS27A,UBA52",Cell signaling,6.413412695328245
REACTOME_PATHWAY,Vif-mediated degradation of APOBEC3G,10,191,41,10908,2.64e-08,3.86e-07,13.93,2.66e-05,2.92e-07,1.5e-09,R-HSA-180585~Vif-mediated degradation of APOBEC3G,"PSMD8,PSMD7,PSMD11,PSMA2,UBC,PSMB1,PSMD3,PSMD1,RPS27A,UBA52",Immune response & host–pathogen interactions,6.413412695328245
GOTERM_BP_DIRECT,spliceosomal complex assembly,9,247,34,16251,3.18e-08,3.5e-06,17.42,4.2e-05,3.43e-06,1.41e-09,GO:0000245~spliceosomal complex assembly,"SF3A2,SNRPD2,SNRPD1,SNU13,SNRPD3,SNRPF,USP39,SF3B1,CRNKL1",,5.455931955649724
REACTOME_PATHWAY,SCF-beta-TrCP mediated degradation of Emi1,10,191,42,10908,3.32e-08,4.58e-07,13.6,3.34e-05,3.46e-07,1.94e-09,R-HSA-174113~SCF-beta-TrCP mediated degradation of Emi1,"PSMD8,PSMD7,PSMD11,PSMA2,UBC,PSMB1,PSMD3,PSMD1,RPS27A,UBA52",Cell cycle & mitosis,6.339134521996131
REACTOME_PATHWAY,Degradation of AXIN,10,191,42,10908,3.32e-08,4.58e-07,13.6,3.34e-05,3.46e-07,1.94e-09,R-HSA-4641257~Degradation of AXIN,"PSMD8,PSMD7,PSMD11,PSMA2,UBC,PSMB1,PSMD3,PSMD1,RPS27A,UBA52",Cell signaling,6.339134521996131
REACTOME_PATHWAY,GSK3B and BTRC:CUL1-mediated-degradation of NFE2L2,10,191,42,10908,3.32e-08,4.58e-07,13.6,3.34e-05,3.46e-07,1.94e-09,R-HSA-9762114~GSK3B and BTRC:CUL1-mediated-degradation of NFE2L2,"PSMD8,PSMD7,PSMD11,PSMA2,UBC,PSMB1,PSMD3,PSMD1,RPS27A,UBA52",Cell signaling,6.339134521996131
REACTOME_PATHWAY,FBXL7 down-regulates AURKA during mitotic entry and in early mitosis,10,191,42,10908,3.32e-08,4.58e-07,13.6,3.34e-05,3.46e-07,1.94e-09,R-HSA-8854050~FBXL7 down-regulates AURKA during mitotic entry and in early mitosis,"PSMD8,PSMD7,PSMD11,PSMA2,UBC,PSMB1,PSMD3,PSMD1,RPS27A,UBA52",Cell cycle & mitosis,6.339134521996131
REACTOME_PATHWAY,SARS-CoV-2 Infection,22,191,293,10908,3.74e-08,5.09e-07,4.29,3.76e-05,3.85e-07,8.14e-09,R-HSA-9694516~SARS-CoV-2 Infection,"RANBP2,SAR1B,RPS5,RPS4X,RPS28,RPS16,SNRPD2,RPS19,SNRPD1,RPS18,NUP62,UBC,RPS3,SNRPD3,SNRPF,MAN1B1,RPS27A,RPS11,UBA52,RPS21,RPS13,RPS12",Immune response & host–pathogen interactions,6.293282217663241
REACTOME_PATHWAY,Hh mutants are degraded by ERAD,10,191,43,10908,4.13e-08,5.55e-07,13.28,4.16e-05,4.2e-07,2.49e-09,R-HSA-5362768~Hh mutants are degraded by ERAD,"PSMD8,PSMD7,PSMD11,PSMA2,UBC,PSMB1,PSMD3,PSMD1,RPS27A,UBA52",Ubiquitin-mediated protein degradation,6.255707016877324
REACTOME_PATHWAY,GSK3B-mediated proteasomal degradation of PD-L1(CD274),10,191,44,10908,5.12e-08,6.46e-07,12.98,5.15e-05,4.88e-07,3.17e-09,R-HSA-9929356~GSK3B-mediated proteasomal degradation of PD-L1(CD274),"PSMD8,PSMD7,PSMD11,PSMA2,UBC,PSMB1,PSMD3,PSMD1,RPS27A,UBA52",Immune response & host–pathogen interactions,6.189767482004916
REACTOME_PATHWAY,Negative regulation of NOTCH4 signaling,10,191,44,10908,5.12e-08,6.46e-07,12.98,5.15e-05,4.88e-07,3.17e-09,R-HSA-9604323~Negative regulation of NOTCH4 signaling,"PSMD8,PSMD7,PSMD11,PSMA2,UBC,PSMB1,PSMD3,PSMD1,RPS27A,UBA52",Cell signaling,6.189767482004916
REACTOME_PATHWAY,Stabilization of p53,10,191,44,10908,5.12e-08,6.46e-07,12.98,5.15e-05,4.88e-07,3.17e-09,R-HSA-69541~Stabilization of p53,"PSMD8,PSMD7,PSMD11,PSMA2,UBC,PSMB1,PSMD3,PSMD1,RPS27A,UBA52",Cell signaling,6.189767482004916
REACTOME_PATHWAY,Degradation of DVL,10,191,44,10908,5.12e-08,6.46e-07,12.98,5.15e-05,4.88e-07,3.17e-09,R-HSA-4641258~Degradation of DVL,"PSMD8,PSMD7,PSMD11,PSMA2,UBC,PSMB1,PSMD3,PSMD1,RPS27A,UBA52",Cell signaling,6.189767482004916
REACTOME_PATHWAY,Orc1 removal from chromatin,11,191,58,10908,5.13e-08,6.46e-07,10.83,5.16e-05,4.88e-07,3.95e-09,R-HSA-68949~Orc1 removal from chromatin,"PSMD8,PSMD7,PSMD11,PSMA2,UBC,PSMB1,PSMD3,PSMD1,CDC6,RPS27A,UBA52",DNA replication & repair,6.189767482004916
REACTOME_PATHWAY,Cdc20:Phospho-APC/C mediated degradation of Cyclin A,11,191,59,10908,6.08e-08,7.57e-07,10.65,6.12e-05,5.72e-07,4.79e-09,R-HSA-174184~Cdc20:Phospho-APC/C mediated degradation of Cyclin A,"PSMD8,PSMD7,PSMD11,PSMA2,UBC,PSMB1,PSMD3,PSMD1,RPS27A,UBA52,ANAPC2",Cell cycle & mitosis,6.120904120499927
REACTOME_PATHWAY,MAPK6/MAPK4 signaling,12,191,75,10908,6.22e-08,7.65e-07,9.14,6.26e-05,5.78e-07,5.86e-09,R-HSA-5687128~MAPK6/MAPK4 signaling,"PSMD8,PSMD7,PSMD11,XPO1,PSMA2,UBC,PSMB1,PSMD3,HSPB1,PSMD1,RPS27A,UBA52",Cell signaling,6.116338564846383
REACTOME_PATHWAY,Regulation of RUNX3 expression and activity,10,191,45,10908,6.3e-08,7.65e-07,12.69,6.34e-05,5.78e-07,4.01e-09,R-HSA-8941858~Regulation of RUNX3 expression and activity,"PSMD8,PSMD7,PSMD11,PSMA2,UBC,PSMB1,PSMD3,PSMD1,RPS27A,UBA52",Cell signaling,6.116338564846383
REACTOME_PATHWAY,APC/C:Cdh1 mediated degradation of Cdc20 and other APC/C:Cdh1 targeted proteins in late mitosis/early G1,11,191,60,10908,7.19e-08,8.52e-07,10.47,7.24e-05,6.44e-07,5.77e-09,R-HSA-174178~APC/C:Cdh1 mediated degradation of Cdc20 and other APC/C:Cdh1 targeted proteins in late mitosis/early G1,"PSMD8,PSMD7,PSMD11,PSMA2,UBC,PSMB1,PSMD3,PSMD1,RPS27A,UBA52,ANAPC2",Cell cycle & mitosis,6.0695604052333
REACTOME_PATHWAY,APC:Cdc20 mediated degradation of cell cycle proteins prior to satisfation of the cell cycle checkpoint,11,191,60,10908,7.19e-08,8.52e-07,10.47,7.24e-05,6.44e-07,5.77e-09,R-HSA-179419~APC:Cdc20 mediated degradation of cell cycle proteins prior to satisfation of the cell cycle checkpoint,"PSMD8,PSMD7,PSMD11,PSMA2,UBC,PSMB1,PSMD3,PSMD1,RPS27A,UBA52,ANAPC2",Cell cycle & mitosis,6.0695604052333
REACTOME_PATHWAY,NIK-->noncanonical NF-kB signaling,10,191,46,10908,7.72e-08,8.84e-07,12.42,7.77e-05,6.68e-07,5.05e-09,R-HSA-5676590~NIK-->noncanonical NF-kB signaling,"PSMD8,PSMD7,PSMD11,PSMA2,UBC,PSMB1,PSMD3,PSMD1,RPS27A,UBA52",Immune response & host–pathogen interactions,6.053547734986927
REACTOME_PATHWAY,SPOP-mediated proteasomal degradation of PD-L1(CD274),10,191,46,10908,7.72e-08,8.84e-07,12.42,7.77e-05,6.68e-07,5.05e-09,R-HSA-9929491~SPOP-mediated proteasomal degradation of PD-L1(CD274),"PSMD8,PSMD7,PSMD11,PSMA2,UBC,PSMB1,PSMD3,PSMD1,RPS27A,UBA52",Immune response & host–pathogen interactions,6.053547734986927
REACTOME_PATHWAY,Hh mutants abrogate ligand secretion,10,191,46,10908,7.72e-08,8.84e-07,12.42,7.77e-05,6.68e-07,5.05e-09,R-HSA-5387390~Hh mutants abrogate ligand secretion,"PSMD8,PSMD7,PSMD11,PSMA2,UBC,PSMB1,PSMD3,PSMD1,RPS27A,UBA52",Cell signaling,6.053547734986927
REACTOME_PATHWAY,GLI3 is processed to GLI3R by the proteasome,10,191,47,10908,9.4e-08,1.02e-06,12.15,9.47e-05,7.74e-07,6.32e-09,R-HSA-5610785~GLI3 is processed to GLI3R by the proteasome,"PSMD8,PSMD7,PSMD11,PSMA2,UBC,PSMB1,PSMD3,PSMD1,RPS27A,UBA52",Cell signaling,5.991399828238082
REACTOME_PATHWAY,Degradation of GLI2 by the proteasome,10,191,47,10908,9.4e-08,1.02e-06,12.15,9.47e-05,7.74e-07,6.32e-09,R-HSA-5610783~Degradation of GLI2 by the proteasome,"PSMD8,PSMD7,PSMD11,PSMA2,UBC,PSMB1,PSMD3,PSMD1,RPS27A,UBA52",Cell signaling,5.991399828238082
REACTOME_PATHWAY,Dectin-1 mediated noncanonical NF-kB signaling,10,191,47,10908,9.4e-08,1.02e-06,12.15,9.47e-05,7.74e-07,6.32e-09,R-HSA-5607761~Dectin-1 mediated noncanonical NF-kB signaling,"PSMD8,PSMD7,PSMD11,PSMA2,UBC,PSMB1,PSMD3,PSMD1,RPS27A,UBA52",Immune response & host–pathogen interactions,5.991399828238082
REACTOME_PATHWAY,Degradation of GLI1 by the proteasome,10,191,47,10908,9.4e-08,1.02e-06,12.15,9.47e-05,7.74e-07,6.32e-09,R-HSA-5610780~Degradation of GLI1 by the proteasome,"PSMD8,PSMD7,PSMD11,PSMA2,UBC,PSMB1,PSMD3,PSMD1,RPS27A,UBA52",Cell signaling,5.991399828238082
REACTOME_PATHWAY,Switching of origins to a post-replicative state,12,191,78,10908,9.44e-08,1.02e-06,8.79,9.51e-05,7.74e-07,9.31e-09,R-HSA-69052~Switching of origins to a post-replicative state,"PSMD8,PSMD7,PSMD11,PSMA2,UBC,PSMB1,PSMD3,PSMD1,CDC6,RPS27A,UBA52,ANAPC2",DNA replication & repair,5.991399828238082
REACTOME_PATHWAY,APC/C:Cdc20 mediated degradation of mitotic proteins,11,191,62,10908,9.94e-08,1.07e-06,10.13,0.0001,8.06e-07,8.3e-09,R-HSA-176409~APC/C:Cdc20 mediated degradation of mitotic proteins,"PSMD8,PSMD7,PSMD11,PSMA2,UBC,PSMB1,PSMD3,PSMD1,RPS27A,UBA52,ANAPC2",Cell cycle & mitosis,5.97061622231479
GOTERM_BP_DIRECT,ribosomal large subunit biogenesis,9,247,39,16251,1.01e-07,1.03e-05,15.18,0.000133,1e-05,5.33e-09,GO:0042273~ribosomal large subunit biogenesis,"RPL5,EBNA1BP2,RPL11,RPL14,AIRIM,RPL35A,WDR12,GTPBP4,RPL7",,4.987162775294828
REACTOME_PATHWAY,SARS-CoV-1 Infection,15,191,137,10908,1.07e-07,1.13e-06,6.25,0.000107,8.55e-07,1.54e-08,R-HSA-9678108~SARS-CoV-1 Infection,"SMAD3,RPS5,RPS4X,RPS28,RPS16,RPS19,RPS18,UBC,RPS3,RPS27A,RPS11,UBA52,RPS21,RPS13,RPS12",Immune response & host–pathogen interactions,5.94692155651658
REACTOME_PATHWAY,Degradation of CRY and PER proteins,10,191,48,10908,1.14e-07,1.18e-06,11.9,0.000115,8.95e-07,7.86e-09,R-HSA-9932298~Degradation of CRY and PER proteins,"PSMD8,PSMD7,PSMD11,PSMA2,UBC,PSMB1,PSMD3,PSMD1,RPS27A,UBA52",Ubiquitin-mediated protein degradation,5.928117992693875
REACTOME_PATHWAY,Defective CFTR causes cystic fibrosis,10,191,48,10908,1.14e-07,1.18e-06,11.9,0.000115,8.95e-07,7.86e-09,R-HSA-5678895~Defective CFTR causes cystic fibrosis,"PSMD8,PSMD7,PSMD11,PSMA2,UBC,PSMB1,PSMD3,PSMD1,RPS27A,UBA52",Other,5.928117992693875
REACTOME_PATHWAY,Activation of APC/C and APC/C:Cdc20 mediated degradation of mitotic proteins,11,191,63,10908,1.16e-07,1.2e-06,9.97,0.000117,9.05e-07,9.91e-09,R-HSA-176814~Activation of APC/C and APC/C:Cdc20 mediated degradation of mitotic proteins,"PSMD8,PSMD7,PSMD11,PSMA2,UBC,PSMB1,PSMD3,PSMD1,RPS27A,UBA52,ANAPC2",Cell cycle & mitosis,5.920818753952375
REACTOME_PATHWAY,Host Interactions of HIV factors,14,191,118,10908,1.27e-07,1.29e-06,6.78,0.000128,9.76e-07,1.68e-08,R-HSA-162909~Host Interactions of HIV factors,"RANBP2,PSMD11,PSMD8,PSMD7,XPO1,PSMA2,PSMD3,NUP62,UBC,PSMB1,PSMD1,RPS27A,UBA52,RAN",Immune response & host–pathogen interactions,5.889410289700751
REACTOME_PATHWAY,SCF(Skp2)-mediated degradation of p27/p21,10,191,50,10908,1.65e-07,1.67e-06,11.42,0.000166,1.26e-06,1.2e-08,R-HSA-187577~SCF(Skp2)-mediated degradation of p27/p21,"PSMD8,PSMD7,PSMD11,PSMA2,UBC,PSMB1,PSMD3,PSMD1,RPS27A,UBA52",Cell cycle & mitosis,5.777283528852417
REACTOME_PATHWAY,SARS-CoV Infections,25,191,409,10908,1.7e-07,1.7e-06,3.49,0.000171,1.28e-06,4.61e-08,R-HSA-9679506~SARS-CoV Infections,"ROCK2,SAR1B,ATP1A1,RPS4X,RPS16,RPS19,SNRPD2,RPS18,SNRPD1,NUP62,UBC,RPS3,SNRPD3,RPS27A,RPS11,RPS13,RPS12,RANBP2,SMAD3,RPS5,RPS28,SNRPF,MAN1B1,UBA52,RPS21",Immune response & host–pathogen interactions,5.769551078621726
REACTOME_PATHWAY,p53-Independent G1/S DNA Damage Checkpoint,10,191,51,10908,1.98e-07,1.92e-06,11.2,0.000199,1.45e-06,1.47e-08,R-HSA-69613~p53-Independent G1/S DNA Damage Checkpoint,"PSMD8,PSMD7,PSMD11,PSMA2,UBC,PSMB1,PSMD3,PSMD1,RPS27A,UBA52",DNA replication & repair,5.716698771296451
REACTOME_PATHWAY,Asymmetric localization of PCP proteins,10,191,51,10908,1.98e-07,1.92e-06,11.2,0.000199,1.45e-06,1.47e-08,R-HSA-4608870~Asymmetric localization of PCP proteins,"PSMD8,PSMD7,PSMD11,PSMA2,UBC,PSMB1,PSMD3,PSMD1,RPS27A,UBA52",Cell signaling,5.716698771296451
REACTOME_PATHWAY,Ubiquitin-Mediated Degradation of Phosphorylated Cdc25A,10,191,51,10908,1.98e-07,1.92e-06,11.2,0.000199,1.45e-06,1.47e-08,R-HSA-69601~Ubiquitin-Mediated Degradation of Phosphorylated Cdc25A,"PSMD8,PSMD7,PSMD11,PSMA2,UBC,PSMB1,PSMD3,PSMD1,RPS27A,UBA52",Cell cycle & mitosis,5.716698771296451
REACTOME_PATHWAY,Regulation of APC/C activators between G1/S and early anaphase,11,191,67,10908,2.13e-07,2.04e-06,9.38,0.000214,1.54e-06,1.95e-08,R-HSA-176408~Regulation of APC/C activators between G1/S and early anaphase,"PSMD8,PSMD7,PSMD11,PSMA2,UBC,PSMB1,PSMD3,PSMD1,RPS27A,UBA52,ANAPC2",Cell cycle & mitosis,5.690369832574102
REACTOME_PATHWAY,Hedgehog ligand biogenesis,10,191,52,10908,2.35e-07,2.24e-06,10.98,0.000237,1.69e-06,1.79e-08,R-HSA-5358346~Hedgehog ligand biogenesis,"PSMD8,PSMD7,PSMD11,PSMA2,UBC,PSMB1,PSMD3,PSMD1,RPS27A,UBA52",Cell signaling,5.649751981665837
GOTERM_BP_DIRECT,rRNA processing,14,247,143,16251,2.67e-07,2.52e-05,6.44,0.000353,2.47e-05,3.79e-08,GO:0006364~rRNA processing,"RPL5,EIF4A3,RPL11,RPL35A,WDR12,WDR46,RPL7,FBL,EBNA1BP2,RPS28,RPS16,RPS19,RPL14,RPL27",Protein & RNA homeostasis,4.598599459218456
REACTOME_PATHWAY,Oxygen-dependent proline hydroxylation of Hypoxia-inducible Factor Alpha,10,191,53,10908,2.79e-07,2.56e-06,10.78,0.000281,1.94e-06,2.17e-08,R-HSA-1234176~Oxygen-dependent proline hydroxylation of Hypoxia-inducible Factor Alpha,"PSMD8,PSMD7,PSMD11,PSMA2,UBC,PSMB1,PSMD3,PSMD1,RPS27A,UBA52",Cell signaling,5.591760034688151
REACTOME_PATHWAY,p53-Dependent G1 DNA Damage Response,10,191,53,10908,2.79e-07,2.56e-06,10.78,0.000281,1.94e-06,2.17e-08,R-HSA-69563~p53-Dependent G1 DNA Damage Response,"PSMD8,PSMD7,PSMD11,PSMA2,UBC,PSMB1,PSMD3,PSMD1,RPS27A,UBA52",DNA replication & repair,5.591760034688151
REACTOME_PATHWAY,p53-Dependent G1/S DNA damage checkpoint,10,191,53,10908,2.79e-07,2.56e-06,10.78,0.000281,1.94e-06,2.17e-08,R-HSA-69580~p53-Dependent G1/S DNA damage checkpoint,"PSMD8,PSMD7,PSMD11,PSMA2,UBC,PSMB1,PSMD3,PSMD1,RPS27A,UBA52",DNA replication & repair,5.591760034688151
REACTOME_PATHWAY,Degradation of CDH1,10,191,53,10908,2.79e-07,2.56e-06,10.78,0.000281,1.94e-06,2.17e-08,R-HSA-9766229~Degradation of CDH1,"PSMD8,PSMD7,PSMD11,PSMA2,UBC,PSMB1,PSMD3,PSMD1,RPS27A,UBA52",Cell cycle & mitosis,5.591760034688151
REACTOME_PATHWAY,Activation of NF-kappaB in B cells,10,191,54,10908,3.3e-07,3e-06,10.58,0.000333,2.27e-06,2.63e-08,R-HSA-1169091~Activation of NF-kappaB in B cells,"PSMD8,PSMD7,PSMD11,PSMA2,UBC,PSMB1,PSMD3,PSMD1,RPS27A,UBA52",Immune response & host–pathogen interactions,5.522878745280337
REACTOME_PATHWAY,AMPK-induced ERAD and lysosome mediated degradation of PD-L1(CD274),10,191,55,10908,3.89e-07,3.47e-06,10.38,0.000392,2.62e-06,3.16e-08,R-HSA-9931269~AMPK-induced ERAD and lysosome mediated degradation of PD-L1(CD274),"PSMD8,PSMD7,PSMD11,PSMA2,UBC,PSMB1,PSMD3,PSMD1,RPS27A,UBA52",Immune response & host–pathogen interactions,5.459670525209126
REACTOME_PATHWAY,Regulation of RAS by GAPs,10,191,55,10908,3.89e-07,3.47e-06,10.38,0.000392,2.62e-06,3.16e-08,R-HSA-5658442~Regulation of RAS by GAPs,"PSMD8,PSMD7,PSMD11,PSMA2,UBC,PSMB1,PSMD3,PSMD1,RPS27A,UBA52",Cell signaling,5.459670525209126
REACTOME_PATHWAY,Circadian clock,13,191,109,10908,3.95e-07,3.5e-06,6.81,0.000398,2.64e-06,5.2e-08,R-HSA-9909396~Circadian clock,"PSMD11,SIRT1,PSMD8,PSMD7,PSMA2,BHLHE40,NRIP1,PSMD3,UBC,PSMB1,PSMD1,RPS27A,UBA52",Other,5.455931955649724
REACTOME_PATHWAY,Regulation of PTEN stability and activity,10,191,56,10908,4.57e-07,4e-06,10.2,0.00046,3.03e-06,3.79e-08,R-HSA-8948751~Regulation of PTEN stability and activity,"PSMD8,PSMD7,PSMD11,PSMA2,UBC,PSMB1,PSMD3,PSMD1,RPS27A,UBA52",Cell signaling,5.3979400086720375
REACTOME_PATHWAY,Signaling by NOTCH4,11,191,73,10908,4.87e-07,4.23e-06,8.61,0.00049,3.2e-06,4.92e-08,R-HSA-9013694~Signaling by NOTCH4,"PSMD8,PSMD7,PSMD11,SMAD3,PSMA2,UBC,PSMB1,PSMD3,PSMD1,RPS27A,UBA52",Cell signaling,5.373659632624958
REACTOME_PATHWAY,APC/C-mediated degradation of cell cycle proteins,11,191,74,10908,5.54e-07,4.74e-06,8.49,0.000558,3.58e-06,5.69e-08,R-HSA-174143~APC/C-mediated degradation of cell cycle proteins,"PSMD8,PSMD7,PSMD11,PSMA2,UBC,PSMB1,PSMD3,PSMD1,RPS27A,UBA52,ANAPC2",Cell cycle & mitosis,5.324221658325915
REACTOME_PATHWAY,Regulation of mitotic cell cycle,11,191,74,10908,5.54e-07,4.74e-06,8.49,0.000558,3.58e-06,5.69e-08,R-HSA-453276~Regulation of mitotic cell cycle,"PSMD8,PSMD7,PSMD11,PSMA2,UBC,PSMB1,PSMD3,PSMD1,RPS27A,UBA52,ANAPC2",Cell cycle & mitosis,5.324221658325915
REACTOME_PATHWAY,Regulation of RUNX2 expression and activity,10,191,58,10908,6.23e-07,5.28e-06,9.85,0.000627,3.99e-06,5.39e-08,R-HSA-8939902~Regulation of RUNX2 expression and activity,"PSMD8,PSMD7,PSMD11,PSMA2,UBC,PSMB1,PSMD3,PSMD1,RPS27A,UBA52",Cell signaling,5.277366077466188
GOTERM_BP_DIRECT,mRNA 3'-splice site recognition,5,247,6,16251,7.51e-07,6.61e-05,54.83,0.000992,6.47e-05,4.62e-09,GO:0000389~mRNA 3'-splice site recognition,"SF3A3,ISY1,SF3A1,SF3A2,SLU7",,4.179798540514359
REACTOME_PATHWAY,Regulation of CDH1 Function,10,191,60,10908,8.39e-07,7.05e-06,9.52,0.000845,5.33e-06,7.55e-08,R-HSA-9764561~Regulation of CDH1 Function,"PSMD8,PSMD7,PSMD11,PSMA2,UBC,PSMB1,PSMD3,PSMD1,RPS27A,UBA52",Cell cycle & mitosis,5.151810883008602
REACTOME_PATHWAY,Cellular response to hypoxia,10,191,62,10908,1.12e-06,9.31e-06,9.21,0.00112,7.04e-06,1.04e-07,R-HSA-1234174~Cellular response to hypoxia,"PSMD8,PSMD7,PSMD11,PSMA2,UBC,PSMB1,PSMD3,PSMD1,RPS27A,UBA52",Cell signaling,5.031050319018657
REACTOME_PATHWAY,The role of GTSE1 in G2/M progression after G2 checkpoint,10,191,63,10908,1.28e-06,1.06e-05,9.07,0.00129,8.02e-06,1.22e-07,R-HSA-8852276~The role of GTSE1 in G2/M progression after G2 checkpoint,"PSMD8,PSMD7,PSMD11,PSMA2,UBC,PSMB1,PSMD3,PSMD1,RPS27A,UBA52",Cell cycle & mitosis,4.97469413473523
GOTERM_BP_DIRECT,mRNA processing,18,247,280,16251,1.32e-06,0.000109,4.23,0.00174,0.000106,2.94e-07,GO:0006397~mRNA processing,"SF3A3,RBM39,SF3B2,SF3A1,SF3A2,SF3B3,U2AF1,USP39,PRPF8,SFPQ,HNRNPK,SON,SNRPD2,CWC22,SRSF3,SNRNP200,ZC3H13,MBNL3",,3.962573502059376
GOTERM_BP_DIRECT,spliceosomal tri-snRNP complex assembly,8,247,38,16251,1.41e-06,0.00011,13.85,0.00187,0.000108,8.39e-08,GO:0000244~spliceosomal tri-snRNP complex assembly,"SNRPD2,SNRPD1,SNU13,SNRPD3,SNRPF,USP39,SNRNP200,PRPF8",,3.958607314841775
REACTOME_PATHWAY,ABC transporter disorders,10,191,65,10908,1.68e-06,1.38e-05,8.79,0.00169,1.04e-05,1.66e-07,R-HSA-5619084~ABC transporter disorders,"PSMD8,PSMD7,PSMD11,PSMA2,UBC,PSMB1,PSMD3,PSMD1,RPS27A,UBA52",Other,4.860120913598763
REACTOME_PATHWAY,G1/S DNA Damage Checkpoints,10,191,67,10908,2.19e-06,1.78e-05,8.52,0.0022,1.34e-05,2.23e-07,R-HSA-69615~G1/S DNA Damage Checkpoints,"PSMD8,PSMD7,PSMD11,PSMA2,UBC,PSMB1,PSMD3,PSMD1,RPS27A,UBA52",DNA replication & repair,4.749579997691106
REACTOME_PATHWAY,Synthesis of DNA,12,191,106,10908,2.21e-06,1.78e-05,6.47,0.00222,1.35e-05,3.08e-07,R-HSA-69239~Synthesis of DNA,"PSMD8,PSMD7,PSMD11,PSMA2,UBC,PSMB1,PSMD3,PSMD1,CDC6,RPS27A,UBA52,ANAPC2",DNA replication & repair,4.749579997691106
REACTOME_PATHWAY,Transcriptional regulation by RUNX3,11,191,86,10908,2.28e-06,1.82e-05,7.3,0.00229,1.38e-05,2.77e-07,R-HSA-8878159~Transcriptional regulation by RUNX3,"PSMD8,PSMD7,PSMD11,SMAD3,PSMA2,UBC,PSMB1,PSMD3,PSMD1,RPS27A,UBA52",Cell signaling,4.739928612014925
REACTOME_PATHWAY,FCERI mediated NF-kB activation,10,191,69,10908,2.81e-06,2.23e-05,8.28,0.00283,1.69e-05,2.97e-07,R-HSA-2871837~FCERI mediated NF-kB activation,"PSMD8,PSMD7,PSMD11,PSMA2,UBC,PSMB1,PSMD3,PSMD1,RPS27A,UBA52",Immune response & host–pathogen interactions,4.651695136951839
REACTOME_PATHWAY,Degradation of beta-catenin by the destruction complex,10,191,70,10908,3.18e-06,2.47e-05,8.16,0.00319,1.87e-05,3.41e-07,R-HSA-195253~Degradation of beta-catenin by the destruction complex,"PSMD8,PSMD7,PSMD11,PSMA2,UBC,PSMB1,PSMD3,PSMD1,RPS27A,UBA52",Cell signaling,4.607303046740334
REACTOME_PATHWAY,Downstream signaling events of B Cell Receptor (BCR),10,191,70,10908,3.18e-06,2.47e-05,8.16,0.00319,1.87e-05,3.41e-07,R-HSA-1168372~Downstream signaling events of B Cell Receptor (BCR),"PSMD8,PSMD7,PSMD11,PSMA2,UBC,PSMB1,PSMD3,PSMD1,RPS27A,UBA52",Immune response & host–pathogen interactions,4.607303046740334
REACTOME_PATHWAY,Assembly of the pre-replicative complex,12,191,110,10908,3.19e-06,2.47e-05,6.23,0.00321,1.87e-05,4.63e-07,R-HSA-68867~Assembly of the pre-replicative complex,"PSMD8,PSMD7,PSMD11,PSMA2,UBC,PSMB1,PSMD3,PSMD1,CDC6,RPS27A,UBA52,ANAPC2",DNA replication & repair,4.607303046740334
REACTOME_PATHWAY,Hedgehog 'on' state,10,191,72,10908,4.04e-06,3.11e-05,7.93,0.00406,2.35e-05,4.48e-07,R-HSA-5632684~Hedgehog 'on' state,"PSMD8,PSMD7,PSMD11,PSMA2,UBC,PSMB1,PSMD3,PSMD1,RPS27A,UBA52",Cell signaling,4.507239610973163
REACTOME_PATHWAY,Cyclin E associated events during G1/S transition,10,191,73,10908,4.54e-06,3.46e-05,7.82,0.00456,2.62e-05,5.11e-07,R-HSA-69202~Cyclin E associated events during G1/S transition,"PSMD8,PSMD7,PSMD11,PSMA2,UBC,PSMB1,PSMD3,PSMD1,RPS27A,UBA52",Cell cycle & mitosis,4.460923901207224
REACTOME_PATHWAY,Mitotic Anaphase,16,191,215,10908,5.07e-06,3.85e-05,4.25,0.0051,2.91e-05,1.11e-06,R-HSA-68882~Mitotic Anaphase,"RANBP2,PSMD11,PSMD8,DYNC1LI2,PSMD7,XPO1,PSMA2,PSMD3,NUP62,UBC,PSMB1,PSMD1,RPS27A,UBA52,RAN,ANAPC2",Cell cycle & mitosis,4.414539270491499
REACTOME_PATHWAY,Mitotic Metaphase and Anaphase,16,191,216,10908,5.4e-06,4.06e-05,4.23,0.00542,3.07e-05,1.19e-06,R-HSA-2555396~Mitotic Metaphase and Anaphase,"RANBP2,PSMD11,PSMD8,DYNC1LI2,PSMD7,XPO1,PSMA2,PSMD3,NUP62,UBC,PSMB1,PSMD1,RPS27A,UBA52,RAN,ANAPC2",Cell cycle & mitosis,4.391473966422806
REACTOME_PATHWAY,Cyclin A:Cdk2-associated events at S phase entry,10,191,75,10908,5.69e-06,4.25e-05,7.61,0.00572,3.21e-05,6.61e-07,R-HSA-69656~Cyclin A:Cdk2-associated events at S phase entry,"PSMD8,PSMD7,PSMD11,PSMA2,UBC,PSMB1,PSMD3,PSMD1,RPS27A,UBA52",Cell cycle & mitosis,4.371611069949688
REACTOME_PATHWAY,CHD chromatin remodelers,13,191,140,10908,5.75e-06,4.26e-05,5.3,0.00577,3.22e-05,9.94e-07,R-HSA-9937848~CHD chromatin remodelers,"SF3A3,SF3B5,SF3B2,SF3A1,SF3A2,SF3B3,SF3B6,SNRPD2,SNRPD1,SNRPA1,SNRPD3,SNRPF,SF3B1",Protein & RNA homeostasis,4.370590400897281
GOTERM_BP_DIRECT,"negative regulation of mRNA splicing, via spliceosome",7,247,31,16251,6.07e-06,0.000445,14.86,0.00799,0.000436,3.32e-07,"GO:0048025~negative regulation of mRNA splicing, via spliceosome","HNRNPK,SNRPD2,SNRPD1,SNRPD3,SNRPF,SNRNP200,PRPF8",,3.3516399890190685
REACTOME_PATHWAY,Activation of STAT3 by cadherin engagement,10,191,76,10908,6.36e-06,4.68e-05,7.51,0.00639,3.54e-05,7.5e-07,R-HSA-9958825~Activation of STAT3 by cadherin engagement,"PSMD8,PSMD7,PSMD11,PSMA2,UBC,PSMB1,PSMD3,PSMD1,RPS27A,UBA52",Cell signaling,4.329754146925876
REACTOME_PATHWAY,Antigen processing-Cross presentation,11,191,98,10908,7.53e-06,5.5e-05,6.41,0.00755,4.16e-05,1.06e-06,R-HSA-1236975~Antigen processing-Cross presentation,"PSMD8,PSMD7,PSMD11,PSMA2,UBC,PSMB1,PSMD3,CYBB,PSMD1,RPS27A,UBA52",Immune response & host–pathogen interactions,4.259637310505756
REACTOME_PATHWAY,PCP/CE pathway,10,191,78,10908,7.9e-06,5.73e-05,7.32,0.00793,4.33e-05,9.59e-07,R-HSA-4086400~PCP/CE pathway,"PSMD8,PSMD7,PSMD11,PSMA2,UBC,PSMB1,PSMD3,PSMD1,RPS27A,UBA52",Cell signaling,4.24184537803261
REACTOME_PATHWAY,Hedgehog 'off' state,11,191,99,10908,8.25e-06,5.94e-05,6.35,0.00827,4.49e-05,1.17e-06,R-HSA-5610787~Hedgehog 'off' state,"PSMD8,PSMD7,PSMD11,PSMA2,UBC,PSMB1,PSMD3,PSMD1,RPS27A,UBA52,ADCY6",Cell signaling,4.2262135550188065
REACTOME_PATHWAY,ATP-dependent chromatin remodelers,14,191,171,10908,8.76e-06,6.24e-05,4.68,0.00879,4.72e-05,1.73e-06,R-HSA-9932444~ATP-dependent chromatin remodelers,"SF3A3,SF3B5,SF3B2,SF3A1,SF3A2,SF3B3,SF3B6,SMARCA4,SNRPD2,SNRPD1,SNRPA1,SNRPD3,SNRPF,SF3B1",Protein & RNA homeostasis,4.204815410317576
REACTOME_PATHWAY,UCH proteinases,10,191,79,10908,8.79e-06,6.24e-05,7.23,0.00881,4.72e-05,1.08e-06,R-HSA-5689603~UCH proteinases,"PSMD8,PSMD7,PSMD11,PSMA2,UBC,PSMB1,PSMD3,PSMD1,RPS27A,UBA52",Ubiquitin-mediated protein degradation,4.204815410317576
REACTOME_PATHWAY,Separation of Sister Chromatids,14,191,173,10908,9.97e-06,7.03e-05,4.62,0.00999,5.31e-05,1.99e-06,R-HSA-2467813~Separation of Sister Chromatids,"RANBP2,PSMD11,PSMD8,DYNC1LI2,PSMD7,XPO1,PSMA2,PSMD3,UBC,PSMB1,PSMD1,RPS27A,UBA52,ANAPC2",Cell cycle & mitosis,4.153044674980176
REACTOME_PATHWAY,PTEN Regulation,12,191,126,10908,1.19e-05,8.29e-05,5.44,0.0119,6.27e-05,2.01e-06,R-HSA-6807070~PTEN Regulation,"PSMD8,PSMD7,PSMD11,PSMA2,UBC,PSMB1,PSMD3,PSMD1,LAMTOR2,RPS27A,UBA52,MTOR",Cell signaling,4.081445469449727
REACTOME_PATHWAY,DNA Replication Pre-Initiation,12,191,126,10908,1.19e-05,8.29e-05,5.44,0.0119,6.27e-05,2.01e-06,R-HSA-69002~DNA Replication Pre-Initiation,"PSMD8,PSMD7,PSMD11,PSMA2,UBC,PSMB1,PSMD3,PSMD1,CDC6,RPS27A,UBA52,ANAPC2",DNA replication & repair,4.081445469449727
GOTERM_BP_DIRECT,proteasomal protein catabolic process,9,247,72,16251,1.28e-05,0.000888,8.22,0.0167,0.000869,1.38e-06,GO:0010498~proteasomal protein catabolic process,"PSMD8,PSMD7,PSMD11,PSMA2,PSMB1,PSMD3,UFD1,PSMD1,ANAPC2",,3.051587034221399
REACTOME_PATHWAY,Downstream TCR signaling,10,191,83,10908,1.32e-05,9.06e-05,6.88,0.0132,6.85e-05,1.72e-06,R-HSA-202424~Downstream TCR signaling,"PSMD8,PSMD7,PSMD11,PSMA2,UBC,PSMB1,PSMD3,PSMD1,RPS27A,UBA52",Immune response & host–pathogen interactions,4.042871802323187
REACTOME_PATHWAY,ER-Phagosome pathway,10,191,83,10908,1.32e-05,9.06e-05,6.88,0.0132,6.85e-05,1.72e-06,R-HSA-1236974~ER-Phagosome pathway,"PSMD8,PSMD7,PSMD11,PSMA2,UBC,PSMB1,PSMD3,PSMD1,RPS27A,UBA52",Membrane trafficking & vesicular transport,4.042871802323187
REACTOME_PATHWAY,Transcriptional regulation by RUNX2,11,191,105,10908,1.4e-05,9.51e-05,5.98,0.014,7.19e-05,2.12e-06,R-HSA-8878166~Transcriptional regulation by RUNX2,"PSMD8,RBM14,PSMD7,PSMD11,PSMA2,UBC,PSMB1,PSMD3,PSMD1,RPS27A,UBA52",Cell signaling,4.021819483062586
GOTERM_BP_DIRECT,cellular response to type I interferon,7,247,36,16251,1.51e-05,0.000995,12.79,0.0197,0.000974,9.86e-07,GO:0071357~cellular response to type I interferon,"PSMD8,PSMD7,PSMD11,PSMA2,PSMB1,PSMD3,PSMD1",,3.0021769192542744
REACTOME_PATHWAY,Regulation of PD-L1(CD274) Post-translational modification,10,191,86,10908,1.77e-05,0.000119,6.64,0.0176,8.98e-05,2.39e-06,R-HSA-9909615~Regulation of PD-L1(CD274) Post-translational modification,"PSMD8,PSMD7,PSMD11,PSMA2,UBC,PSMB1,PSMD3,PSMD1,RPS27A,UBA52",Immune response & host–pathogen interactions,3.9244530386074694
REACTOME_PATHWAY,Nuclear events mediated by NFE2L2,10,191,86,10908,1.77e-05,0.000119,6.64,0.0176,8.98e-05,2.39e-06,R-HSA-9759194~Nuclear events mediated by NFE2L2,"PSMD8,PSMD7,PSMD11,PSMA2,UBC,PSMB1,PSMD3,PSMD1,RPS27A,UBA52",Cell signaling,3.9244530386074694
REACTOME_PATHWAY,TNFR2 non-canonical NF-kB pathway,10,191,87,10908,1.94e-05,0.00013,6.56,0.0194,9.81e-05,2.66e-06,R-HSA-5668541~TNFR2 non-canonical NF-kB pathway,"PSMD8,PSMD7,PSMD11,PSMA2,UBC,PSMB1,PSMD3,PSMD1,RPS27A,UBA52",Immune response & host–pathogen interactions,3.886056647693163
REACTOME_PATHWAY,CLEC7A (Dectin-1) signaling,10,191,88,10908,2.13e-05,0.000141,6.49,0.0212,0.000107,2.96e-06,R-HSA-5607764~CLEC7A (Dectin-1) signaling,"PSMD8,PSMD7,PSMD11,PSMA2,UBC,PSMB1,PSMD3,PSMD1,RPS27A,UBA52",Immune response & host–pathogen interactions,3.85078088734462
REACTOME_PATHWAY,KEAP1-NFE2L2 pathway,11,191,111,10908,2.28e-05,0.00015,5.66,0.0227,0.000113,3.67e-06,R-HSA-9755511~KEAP1-NFE2L2 pathway,"PSMD8,PSMD7,PSMD11,PSMA2,UBC,PSMB1,PSMD3,UFD1,PSMD1,RPS27A,UBA52",Cell signaling,3.8239087409443187
REACTOME_PATHWAY,ABC-family protein mediated transport,10,191,90,10908,2.56e-05,0.000167,6.35,0.0254,0.000127,3.64e-06,R-HSA-382556~ABC-family protein mediated transport,"PSMD8,PSMD7,PSMD11,PSMA2,UBC,PSMB1,PSMD3,PSMD1,RPS27A,UBA52",Membrane trafficking & vesicular transport,3.7772835288524167
REACTOME_PATHWAY,Disorders of transmembrane transporters,13,191,163,10908,2.7e-05,0.000176,4.55,0.0268,0.000133,5.49e-06,R-HSA-5619115~Disorders of transmembrane transporters,"RANBP2,PSMD11,SLC67A1,PSMD8,PSMD7,PSMA2,PSMD3,NUP62,UBC,PSMB1,PSMD1,RPS27A,UBA52",Other,3.75448733218585
REACTOME_PATHWAY,Interleukin-1 family signaling,12,191,140,10908,3.22e-05,0.000208,4.9,0.0319,0.000157,6.07e-06,R-HSA-446652~Interleukin-1 family signaling,"PSMD8,PSMD7,PSMD11,SMAD3,IL36A,PSMA2,UBC,PSMB1,PSMD3,PSMD1,RPS27A,UBA52",Immune response & host–pathogen interactions,3.6819366650372385
GOTERM_BP_DIRECT,ribosome biogenesis,8,247,60,16251,3.26e-05,0.00205,8.77,0.0422,0.00201,3.29e-06,GO:0042254~ribosome biogenesis,"RPL7A,EBNA1BP2,RPS28,XPO1,RPLP0,SNU13,WDR12,GTPBP4",,2.688246138944246
REACTOME_PATHWAY,G2/M Checkpoints,12,191,142,10908,3.68e-05,0.000236,4.83,0.0363,0.000178,7.03e-06,R-HSA-69481~G2/M Checkpoints,"PSMD8,PSMD7,PSMD11,KAT5,PSMA2,UBC,PSMB1,PSMD3,PSMD1,CDC6,RPS27A,UBA52",Cell cycle & mitosis,3.6270879970298933
REACTOME_PATHWAY,RUNX1 regulates transcription of genes involved in differentiation of HSCs,10,191,95,10908,3.95e-05,0.000252,6.01,0.039,0.00019,5.95e-06,R-HSA-8939236~RUNX1 regulates transcription of genes involved in differentiation of HSCs,"PSMD8,PSMD7,PSMD11,PSMA2,UBC,PSMB1,PSMD3,PSMD1,RPS27A,UBA52",Cell signaling,3.598599459218456
REACTOME_PATHWAY,Regulation of ornithine decarboxylase (ODC),7,191,38,10908,4.48e-05,0.000282,10.52,0.0441,0.000213,3.6e-06,R-HSA-350562~Regulation of ornithine decarboxylase (ODC),"PSMD8,PSMD7,PSMD11,PSMA2,PSMB1,PSMD3,PSMD1",Cell signaling,3.549750891680639
REACTOME_PATHWAY,G1/S Transition,11,191,120,10908,4.48e-05,0.000282,5.24,0.0441,0.000213,7.85e-06,R-HSA-69206~G1/S Transition,"PSMD8,PSMD7,PSMD11,PSMA2,UBC,PSMB1,PSMD3,PSMD1,CDC6,RPS27A,UBA52",Cell cycle & mitosis,3.549750891680639
GOTERM_BP_DIRECT,positive regulation of signal transduction by p53 class mediator,5,247,14,16251,4.55e-05,0.00273,23.5,0.0584,0.00268,1.39e-06,GO:1901798~positive regulation of signal transduction by p53 class mediator,"KAT5,RPL23,PDCD5,RPL11,SMARCA4",,2.563837352959244
REACTOME_PATHWAY,S Phase,12,191,148,10908,5.38e-05,0.000337,4.63,0.0528,0.000255,1.07e-05,R-HSA-69242~S Phase,"PSMD8,PSMD7,PSMD11,PSMA2,UBC,PSMB1,PSMD3,PSMD1,CDC6,RPS27A,UBA52,ANAPC2",Cell cycle & mitosis,3.4723700991286615
REACTOME_PATHWAY,Signaling by the B Cell Receptor (BCR),10,191,99,10908,5.48e-05,0.000341,5.77,0.0537,0.000258,8.64e-06,R-HSA-983705~Signaling by the B Cell Receptor (BCR),"PSMD8,PSMD7,PSMD11,PSMA2,UBC,PSMB1,PSMD3,PSMD1,RPS27A,UBA52",Immune response & host–pathogen interactions,3.4672456210075024
REACTOME_PATHWAY,C-type lectin receptors (CLRs),11,191,124,10908,5.93e-05,0.000365,5.07,0.058,0.000276,1.08e-05,R-HSA-5621481~C-type lectin receptors (CLRs),"PSMD8,PSMD7,PSMD11,PSMA2,UBC,PSMB1,PSMD3,PSMD1,MUC13,RPS27A,UBA52",Immune response & host–pathogen interactions,3.4377071355435254
REACTOME_PATHWAY,Interleukin-1 signaling,10,191,100,10908,5.93e-05,0.000365,5.71,0.058,0.000276,9.46e-06,R-HSA-9020702~Interleukin-1 signaling,"PSMD8,PSMD7,PSMD11,PSMA2,UBC,PSMB1,PSMD3,PSMD1,RPS27A,UBA52",Immune response & host–pathogen interactions,3.4377071355435254
REACTOME_PATHWAY,Signaling by NOTCH,14,191,205,10908,5.98e-05,0.000365,3.9,0.0585,0.000276,1.43e-05,R-HSA-157118~Signaling by NOTCH,"PSMD11,SMAD3,CCNC,HDAC9,PSMD8,PSMD7,ELF3,PSMA2,PSMD3,UBC,PSMB1,PSMD1,RPS27A,UBA52",Cell signaling,3.4377071355435254
REACTOME_PATHWAY,Cross-presentation of soluble exogenous antigens (endosomes),7,191,41,10908,6.99e-05,0.000424,9.75,0.0679,0.000321,6.14e-06,R-HSA-1236978~Cross-presentation of soluble exogenous antigens (endosomes),"PSMD8,PSMD7,PSMD11,PSMA2,PSMB1,PSMD3,PSMD1",Immune response & host–pathogen interactions,3.3726341434072675
REACTOME_PATHWAY,Dengue Virus Genome Translation and Replication,9,191,81,10908,7.94e-05,0.000479,6.35,0.0768,0.000362,1.13e-05,R-HSA-9918487~Dengue Virus Genome Translation and Replication,"XPO1,UBC,EIF4A3,UFD1,HYOU1,RPS27A,EIF4E,UBA52,EIF4G1",Immune response & host–pathogen interactions,3.319664486585437
REACTOME_PATHWAY,TCR signaling,10,191,104,10908,8.07e-05,0.000484,5.49,0.0781,0.000366,1.34e-05,R-HSA-202403~TCR signaling,"PSMD8,PSMD7,PSMD11,PSMA2,UBC,PSMB1,PSMD3,PSMD1,RPS27A,UBA52",Immune response & host–pathogen interactions,3.3151546383555877
REACTOME_PATHWAY,Cell Cycle Checkpoints,16,191,274,10908,8.74e-05,0.000522,3.33,0.0843,0.000394,2.47e-05,R-HSA-69620~Cell Cycle Checkpoints,"RANBP2,PSMD11,CDC6,PSMD8,DYNC1LI2,PSMD7,XPO1,KAT5,PSMA2,PSMD3,UBC,PSMB1,PSMD1,RPS27A,UBA52,ANAPC2",Cell cycle & mitosis,3.282329496997738
REACTOME_PATHWAY,Somitogenesis,7,191,43,10908,9.2e-05,0.000546,9.3,0.0885,0.000413,8.55e-06,R-HSA-9824272~Somitogenesis,"PSMD8,PSMD7,PSMD11,PSMA2,PSMB1,PSMD3,PSMD1",Other,3.2628073572952627
REACTOME_PATHWAY,Beta-catenin independent WNT signaling,11,191,132,10908,0.000101,0.000593,4.76,0.0964,0.000448,1.95e-05,R-HSA-3858494~Beta-catenin independent WNT signaling,"PSMD8,PSMD7,PSMD11,PSMA2,UBC,PSMB1,PSMD3,CAMK2A,PSMD1,RPS27A,UBA52",Cell signaling,3.2269453066357374
REACTOME_PATHWAY,HIV Infection,14,191,217,10908,0.000107,0.000625,3.68,0.102,0.000472,2.71e-05,R-HSA-162906~HIV Infection,"RANBP2,PSMD11,PSMD8,PSMD7,XPO1,PSMA2,PSMD3,NUP62,UBC,PSMB1,PSMD1,RPS27A,UBA52,RAN",Immune response & host–pathogen interactions,3.2041199826559246
REACTOME_PATHWAY,DNA Replication,12,191,160,10908,0.000109,0.000636,4.28,0.104,0.000481,2.36e-05,R-HSA-69306~DNA Replication,"PSMD8,PSMD7,PSMD11,PSMA2,UBC,PSMB1,PSMD3,PSMD1,CDC6,RPS27A,UBA52,ANAPC2",DNA replication & repair,3.196542884351586
REACTOME_PATHWAY,Signaling by Hedgehog,11,191,135,10908,0.000121,0.000703,4.65,0.115,0.000532,2.41e-05,R-HSA-5358351~Signaling by Hedgehog,"PSMD8,PSMD7,PSMD11,PSMA2,UBC,PSMB1,PSMD3,PSMD1,RPS27A,UBA52,ADCY6",Cell signaling,3.153044674980176
REACTOME_PATHWAY,Gastrulation,10,191,110,10908,0.000125,0.000719,5.19,0.118,0.000543,2.2e-05,R-HSA-9758941~Gastrulation,"PSMD8,PSMD7,PSMD11,SMAD3,PAX8,PSMA2,PSMB1,PSMD3,PSMD1,POU3F1",Other,3.1432711096171175
REACTOME_PATHWAY,Metabolism of polyamines,7,191,46,10908,0.000135,0.000776,8.69,0.127,0.000586,1.36e-05,R-HSA-351202~Metabolism of polyamines,"PSMD8,PSMD7,PSMD11,PSMA2,PSMB1,PSMD3,PSMD1",Other,3.1101382787418115
REACTOME_PATHWAY,Mitotic G1 phase and G1/S transition,11,191,138,10908,0.000146,0.00083,4.55,0.136,0.000627,2.96e-05,R-HSA-453279~Mitotic G1 phase and G1/S transition,"PSMD8,PSMD7,PSMD11,PSMA2,UBC,PSMB1,PSMD3,PSMD1,CDC6,RPS27A,UBA52",Cell cycle & mitosis,3.0809219076239263
REACTOME_PATHWAY,Ub-specific processing proteases,12,191,166,10908,0.000151,0.000857,4.13,0.141,0.000648,3.41e-05,R-HSA-5689880~Ub-specific processing proteases,"PSMD8,PSMD7,PSMD11,SMAD3,PSMA2,UBC,PSMB1,PSMD3,UFD1,PSMD1,RPS27A,UBA52",Ubiquitin-mediated protein degradation,3.067019178076802
REACTOME_PATHWAY,Neddylation,14,191,230,10908,0.000191,0.00107,3.48,0.175,0.000812,5.15e-05,R-HSA-8951664~Neddylation,"PSMD11,DCUN1D3,PSMD8,PSMD7,PSMA2,CCDC8,PSMD3,UBC,PSMB1,PSMD1,UFD1,RPS27A,DCAF11,UBA52",Ubiquitin-mediated protein degradation,2.9706162223147903
REACTOME_PATHWAY,TCF dependent signaling in response to WNT,13,191,200,10908,0.000194,0.00109,3.71,0.178,0.000823,4.9e-05,R-HSA-201681~TCF dependent signaling in response to WNT,"PSMD11,SMARCA4,PSMD8,PSMD7,XPO1,KAT5,PSMA2,PSMD3,UBC,PSMB1,PSMD1,RPS27A,UBA52",Cell signaling,2.962573502059376
GOTERM_BP_DIRECT,regulation of proteasomal protein catabolic process,7,247,56,16251,0.000195,0.0112,8.22,0.227,0.011,2.12e-05,GO:0061136~regulation of proteasomal protein catabolic process,"PSMD8,PSMD7,PSMD11,PSMA2,PSMB1,PSMD3,PSMD1",,1.9507819773298183
GOTERM_BP_DIRECT,"mRNA cis splicing, via spliceosome",5,247,20,16251,0.000205,0.0113,16.45,0.238,0.0111,1e-05,"GO:0045292~mRNA cis splicing, via spliceosome","SF3A1,CACTIN,PRPF8,SLU7,SF3B1",,1.9469215565165803
REACTOME_PATHWAY,Proteasome assembly,7,191,50,10908,0.000217,0.00121,8.0,0.196,0.000913,2.39e-05,R-HSA-9907900~Proteasome assembly,"PSMD8,PSMD7,PSMD11,PSMA2,PSMB1,PSMD3,PSMD1",Ubiquitin-mediated protein degradation,2.91721462968355
REACTOME_PATHWAY,ISG15 antiviral mechanism,8,191,72,10908,0.000247,0.00137,6.35,0.22,0.00103,3.5e-05,R-HSA-1169408~ISG15 antiviral mechanism,"RANBP2,NUP62,UBC,EIF4A3,RPS27A,EIF4E,UBA52,EIF4G1",Immune response & host–pathogen interactions,2.8632794328435933
REACTOME_PATHWAY,Fc epsilon receptor (FCERI) signaling,10,191,122,10908,0.000274,0.00151,4.68,0.241,0.00114,5.4e-05,R-HSA-2454202~Fc epsilon receptor (FCERI) signaling,"PSMD8,PSMD7,PSMD11,PSMA2,UBC,PSMB1,PSMD3,PSMD1,RPS27A,UBA52",Immune response & host–pathogen interactions,2.8210230527068307
REACTOME_PATHWAY,Regulation of Expression and Function of Type I Classical Cadherins,12,191,180,10908,0.000307,0.00167,3.81,0.266,0.00126,7.52e-05,R-HSA-9764274~Regulation of Expression and Function of Type I Classical Cadherins,"PSMD8,PSMD7,PSMD11,PSMA2,UBC,PSMB1,PSMD3,PSMD1,RPS27A,SIRT1,UBA52,SMARCA4",Cytoskeleton & Rho GTPase signaling,2.7772835288524167
REACTOME_PATHWAY,Regulation of CDH1 Expression and Function,12,191,180,10908,0.000307,0.00167,3.81,0.266,0.00126,7.52e-05,R-HSA-9764265~Regulation of CDH1 Expression and Function,"PSMD8,PSMD7,PSMD11,PSMA2,UBC,PSMB1,PSMD3,PSMD1,RPS27A,SIRT1,UBA52,SMARCA4",Cell cycle & mitosis,2.7772835288524167
GOTERM_BP_DIRECT,"maturation of SSU-rRNA from tricistronic rRNA transcript (SSU-rRNA, 5.8S rRNA, LSU-rRNA)",5,247,23,16251,0.000362,0.0191,14.3,0.38,0.0187,2.1e-05,"GO:0000462~maturation of SSU-rRNA from tricistronic rRNA transcript (SSU-rRNA, 5.8S rRNA, LSU-rRNA)","RPS16,RPS19,NOL10,WDR46,RPS13",,1.7189666327522726
REACTOME_PATHWAY,G2/M Transition,12,191,184,10908,0.00037,0.00201,3.72,0.311,0.00152,9.28e-05,R-HSA-69275~G2/M Transition,"PSMD8,PSMD7,PSMD11,XPO1,PSMA2,CEP164,UBC,PSMB1,PSMD3,PSMD1,RPS27A,UBA52",Cell cycle & mitosis,2.696803942579511
GOTERM_BP_DIRECT,7-methylguanosine cap hypermethylation,4,247,10,16251,0.00038,0.0193,26.32,0.395,0.0189,1.02e-05,GO:0036261~7-methylguanosine cap hypermethylation,"SNRPD2,SNRPD1,SNRPD3,SNRPF",,1.7144426909922261
REACTOME_PATHWAY,Mitotic G2-G2/M phases,12,191,186,10908,0.000404,0.00218,3.68,0.335,0.00165,0.000103,R-HSA-453274~Mitotic G2-G2/M phases,"PSMD8,PSMD7,PSMD11,XPO1,PSMA2,CEP164,UBC,PSMB1,PSMD3,PSMD1,RPS27A,UBA52",Cell cycle & mitosis,2.661543506395395
REACTOME_PATHWAY,Formation of paraxial mesoderm,7,191,57,10908,0.000448,0.0024,7.01,0.363,0.00181,5.7e-05,R-HSA-9793380~Formation of paraxial mesoderm,"PSMD8,PSMD7,PSMD11,PSMA2,PSMB1,PSMD3,PSMD1",Other,2.619788758288394
REACTOME_PATHWAY,Cellular response to chemical stress,12,191,189,10908,0.000465,0.00248,3.63,0.374,0.00188,0.00012,R-HSA-9711123~Cellular response to chemical stress,"PSMD8,PSMD7,PSMD11,PSMA2,UBC,PSMB1,PSMD3,CYBB,UFD1,PSMD1,RPS27A,UBA52",Other,2.6055483191737836
REACTOME_PATHWAY,Transport of Mature Transcript to Cytoplasm,8,191,81,10908,0.000511,0.00271,5.64,0.402,0.00205,8.23e-05,R-HSA-72202~Transport of Mature Transcript to Cytoplasm,"RANBP2,NXF1,NUP62,EIF4A3,SRSF3,U2AF1,SLU7,EIF4E",Protein & RNA homeostasis,2.567030709125594
REACTOME_PATHWAY,Regulation of Homotypic Cell-Cell Adhesion,12,191,196,10908,0.000632,0.00334,3.5,0.471,0.00252,0.000169,R-HSA-9759476~Regulation of Homotypic Cell-Cell Adhesion,"PSMD8,PSMD7,PSMD11,PSMA2,UBC,PSMB1,PSMD3,PSMD1,RPS27A,SIRT1,UBA52,SMARCA4",Cytoskeleton & Rho GTPase signaling,2.4762535331884354
GOTERM_BP_DIRECT,"regulation of mRNA splicing, via spliceosome",5,247,27,16251,0.000684,0.0335,12.18,0.595,0.0327,4.78e-05,"GO:0048024~regulation of mRNA splicing, via spliceosome","RBM39,HNRNPK,SON,CWC22,SRSF3",,1.4749551929631548
REACTOME_PATHWAY,M Phase,17,191,372,10908,0.000784,0.00412,2.61,0.546,0.00311,0.000284,R-HSA-68886~M Phase,"RANBP2,PSMD11,CEP164,PSMD8,DYNC1LI2,PSMD7,XPO1,PSMA2,PSMD3,NUP62,UBC,PSMB1,PSMD1,RPS27A,UBA52,RAN,ANAPC2",Cell cycle & mitosis,2.3851027839668655
REACTOME_PATHWAY,Intracellular signaling by second messengers,15,191,306,10908,0.000927,0.00484,2.8,0.607,0.00366,0.000312,R-HSA-9006925~Intracellular signaling by second messengers,"PSMD11,CAMK2A,GAB1,MTOR,ADCY6,PSMD8,PSMD7,PSMA2,PSMD3,UBC,PSMB1,PSMD1,LAMTOR2,RPS27A,UBA52",Cell signaling,2.3151546383555877
REACTOME_PATHWAY,Downregulation of TGF-beta receptor signaling,5,191,26,10908,0.000988,0.00513,10.98,0.63,0.00388,7.62e-05,R-HSA-2173788~Downregulation of TGF-beta receptor signaling,"SMAD3,XPO1,UBC,RPS27A,UBA52",Cell signaling,2.2898826348881838
REACTOME_PATHWAY,Adherens junctions interactions,13,191,240,10908,0.000999,0.00517,3.09,0.635,0.00391,0.000303,R-HSA-418990~Adherens junctions interactions,"PSMD11,SIRT1,PVR,SMARCA4,PSMD8,PSMD7,PSMA2,PSMD3,UBC,PSMB1,PSMD1,RPS27A,UBA52",Cytoskeleton & Rho GTPase signaling,2.2865094569060576
GOTERM_BP_DIRECT,"RNA splicing, via transesterification reactions",5,247,30,16251,0.00103,0.0486,10.97,0.744,0.0476,8.14e-05,"GO:0000375~RNA splicing, via transesterification reactions","SF3A3,SF3B3,PRPF8,SLU7,SF3B1",,1.3133637307377066
GOTERM_BP_DIRECT,mRNA transport,7,247,78,16251,0.00117,0.0533,5.9,0.788,0.0522,0.000182,GO:0051028~mRNA transport,"RANBP2,NXF1,XPO1,NUP62,SRSF3,NUTF2,EIF4E",,1.2732727909734278
GOTERM_BP_DIRECT,"retrograde vesicle-mediated transport, Golgi to endoplasmic reticulum",6,247,53,16251,0.00121,0.0533,7.45,0.799,0.0522,0.000146,"GO:0006890~retrograde vesicle-mediated transport, Golgi to endoplasmic reticulum","COPA,TMED10,COPB1,COPG1,COPZ1,ARCN1",,1.2732727909734278
GOTERM_BP_DIRECT,intracellular protein transport,13,247,283,16251,0.0013,0.0545,3.02,0.821,0.0534,0.000407,GO:0006886~intracellular protein transport,"NAPA,COPA,TMED10,SAR1B,COPB1,RABL2A,RABL2B,COPZ1,ARCN1,ARL4D,XPO1,COPG1,SLU7",,1.2636034977233577
GOTERM_BP_DIRECT,intra-Golgi vesicle-mediated transport,5,247,32,16251,0.00132,0.0545,10.28,0.826,0.0534,0.000112,GO:0006891~intra-Golgi vesicle-mediated transport,"NAPA,COPA,COPB1,COPG1,COPZ1",,1.2636034977233577
GOTERM_BP_DIRECT,"maturation of LSU-rRNA from tricistronic rRNA transcript (SSU-rRNA, 5.8S rRNA, LSU-rRNA)",4,247,15,16251,0.00136,0.0545,17.54,0.835,0.0534,6.23e-05,"GO:0000463~maturation of LSU-rRNA from tricistronic rRNA transcript (SSU-rRNA, 5.8S rRNA, LSU-rRNA)","ZNHIT3,WDR12,GTPBP4,RPL7",,1.2636034977233577
REACTOME_PATHWAY,Transport of Mature mRNA derived from an Intron-Containing Transcript,7,191,72,10908,0.00155,0.00799,5.55,0.791,0.00604,0.000255,R-HSA-159236~Transport of Mature mRNA derived from an Intron-Containing Transcript,"RANBP2,NXF1,NUP62,EIF4A3,SRSF3,U2AF1,SLU7",Protein & RNA homeostasis,2.0974532206860084
REACTOME_PATHWAY,COPI-mediated anterograde transport,8,191,99,10908,0.00168,0.0086,4.61,0.816,0.0065,0.000335,R-HSA-6807878~COPI-mediated anterograde transport,"NAPA,COPA,DYNC1LI2,TMED10,COPB1,COPG1,COPZ1,ARCN1",Membrane trafficking & vesicular transport,2.065501548756432
REACTOME_PATHWAY,Maturation of protein E,3,191,4,10908,0.00177,0.00896,42.83,0.832,0.00678,2.09e-05,R-HSA-9694493~Maturation of protein E,"UBC,RPS27A,UBA52",Immune response & host–pathogen interactions,2.0476919903378747
REACTOME_PATHWAY,Maturation of protein E,3,191,4,10908,0.00177,0.00896,42.83,0.832,0.00678,2.09e-05,R-HSA-9683683~Maturation of protein E,"UBC,RPS27A,UBA52",Immune response & host–pathogen interactions,2.0476919903378747
REACTOME_PATHWAY,Signaling by WNT,14,191,298,10908,0.00214,0.0108,2.68,0.885,0.00817,0.000753,R-HSA-195721~Signaling by WNT,"PSMD11,CAMK2A,SMARCA4,PSMD8,PSMD7,XPO1,KAT5,PSMA2,PSMD3,UBC,PSMB1,PSMD1,RPS27A,UBA52",Cell signaling,1.9665762445130504
REACTOME_PATHWAY,Metabolism of non-coding RNA,6,191,53,10908,0.00222,0.0111,6.47,0.893,0.00836,0.000309,R-HSA-194441~Metabolism of non-coding RNA,"RANBP2,SNRPD2,SNRPD1,NUP62,SNRPD3,SNRPF",Protein & RNA homeostasis,1.9546770212133426
REACTOME_PATHWAY,snRNP Assembly,6,191,53,10908,0.00222,0.0111,6.47,0.893,0.00836,0.000309,R-HSA-191859~snRNP Assembly,"RANBP2,SNRPD2,SNRPD1,NUP62,SNRPD3,SNRPF",Protein & RNA homeostasis,1.9546770212133426
REACTOME_PATHWAY,PIP3 activates AKT signaling,13,191,264,10908,0.00223,0.0111,2.81,0.894,0.00836,0.000745,R-HSA-1257604~PIP3 activates AKT signaling,"PSMD11,GAB1,MTOR,PSMD8,PSMD7,PSMA2,PSMD3,UBC,PSMB1,PSMD1,LAMTOR2,RPS27A,UBA52",Cell signaling,1.9546770212133426
REACTOME_PATHWAY,Apoptosis,10,191,166,10908,0.00247,0.0122,3.44,0.917,0.00924,0.00067,R-HSA-109581~Apoptosis,"PSMD8,PSMD7,PSMD11,PSMA2,UBC,PSMB1,PSMD3,PSMD1,RPS27A,UBA52",Other,1.9136401693252518
REACTOME_PATHWAY,Transcriptional regulation by RUNX1,11,191,200,10908,0.00262,0.0129,3.14,0.929,0.00973,0.00078,R-HSA-8878171~Transcriptional regulation by RUNX1,"PSMD8,PSMD7,PSMD11,PSMA2,UBC,PSMB1,PSMD3,PSMD1,RPS27A,UBA52,SMARCA4",Cell signaling,1.889410289700751
REACTOME_PATHWAY,Cell-cell junction organization,13,191,270,10908,0.00271,0.0133,2.75,0.935,0.01,0.000926,R-HSA-421270~Cell-cell junction organization,"PSMD11,SIRT1,PVR,SMARCA4,PSMD8,PSMD7,PSMA2,PSMD3,UBC,PSMB1,PSMD1,RPS27A,UBA52",Cytoskeleton & Rho GTPase signaling,1.8761483590329142
REACTOME_PATHWAY,Chromatin organization,15,191,344,10908,0.00277,0.0135,2.49,0.939,0.0102,0.00105,R-HSA-4839726~Chromatin organization,"SF3A3,SF3B5,SF3B2,SF3A1,SF3A2,SF3B3,SF3B6,SMARCA4,SNRPD2,KAT5,SNRPD1,SNRPA1,SNRPD3,SNRPF,SF3B1",Protein & RNA homeostasis,1.869666231504994
REACTOME_PATHWAY,Asparagine N-linked glycosylation,14,191,309,10908,0.00293,0.0142,2.59,0.948,0.0107,0.00107,R-HSA-446203~Asparagine N-linked glycosylation,"NAPA,COPA,TMED10,SAR1B,COPB1,COPZ1,ARCN1,DYNC1LI2,DOLPP1,UBC,COPG1,MAN1B1,RPS27A,UBA52",Protein & RNA homeostasis,1.8477116556169435
REACTOME_PATHWAY,MAPK family signaling cascades,14,191,311,10908,0.00311,0.015,2.57,0.957,0.0113,0.00114,R-HSA-5683057~MAPK family signaling cascades,"PSMD11,CAMK2A,HSPB1,PSMD8,PSMD7,XPO1,PSMA2,PSMD3,UBC,PSMB1,PSMD1,LAMTOR2,RPS27A,UBA52",Cell signaling,1.8239087409443189
REACTOME_PATHWAY,Regulation of PD-L1(CD274) expression,10,191,173,10908,0.00327,0.0157,3.3,0.963,0.0119,0.000922,R-HSA-9909648~Regulation of PD-L1(CD274) expression,"PSMD8,PSMD7,PSMD11,PSMA2,UBC,PSMB1,PSMD3,PSMD1,RPS27A,UBA52",Immune response & host–pathogen interactions,1.8041003475907662
REACTOME_PATHWAY,Deubiquitination,12,191,241,10908,0.0033,0.0158,2.84,0.964,0.0119,0.00109,R-HSA-5688426~Deubiquitination,"PSMD8,PSMD7,PSMD11,SMAD3,PSMA2,UBC,PSMB1,PSMD3,UFD1,PSMD1,RPS27A,UBA52",Ubiquitin-mediated protein degradation,1.8013429130455774
GOTERM_BP_DIRECT,RNA processing,8,247,128,16251,0.00335,0.13,4.11,0.988,0.127,0.000758,GO:0006396~RNA processing,"RBM39,XAB2,SF3A1,HNRNPK,SNRPD1,SRSF3,SNRPD3,CRNKL1",,0.8860566476931632
REACTOME_PATHWAY,SMAD2/SMAD3:SMAD4 heterotrimer regulates transcription,5,191,36,10908,0.0034,0.0162,7.93,0.968,0.0122,0.000379,R-HSA-2173796~SMAD2/SMAD3:SMAD4 heterotrimer regulates transcription,"SMAD3,UBC,CCNC,RPS27A,UBA52",Cell signaling,1.790484985457369
REACTOME_PATHWAY,Translesion Synthesis by POLH,4,191,18,10908,0.0035,0.0166,12.69,0.971,0.0125,0.00023,R-HSA-110320~Translesion Synthesis by POLH,"UBC,UFD1,RPS27A,UBA52",DNA replication & repair,1.779891911959945
REACTOME_PATHWAY,Constitutive Signaling by Ligand-Responsive EGFR Cancer Variants,4,191,19,10908,0.0041,0.0192,12.02,0.984,0.0145,0.000287,R-HSA-1236382~Constitutive Signaling by Ligand-Responsive EGFR Cancer Variants,"UBC,GAB1,RPS27A,UBA52",Cell signaling,1.7166987712964503
REACTOME_PATHWAY,Signaling by Ligand-Responsive EGFR Variants in Cancer,4,191,19,10908,0.0041,0.0192,12.02,0.984,0.0145,0.000287,R-HSA-5637815~Signaling by Ligand-Responsive EGFR Variants in Cancer,"UBC,GAB1,RPS27A,UBA52",Cell signaling,1.7166987712964503
GOTERM_BP_DIRECT,regulation of cellular response to stress,4,247,22,16251,0.00427,0.161,11.96,0.996,0.158,0.000307,GO:0080135~regulation of cellular response to stress,"HYOU1,DCAF11,MTOR,EIF4G1",,0.7931741239681502
GOTERM_BP_DIRECT,response to oxidative stress,9,247,172,16251,0.00473,0.173,3.44,0.998,0.17,0.00128,GO:0006979~response to oxidative stress,"PSMD8,PSMD7,PSMD11,PSMA2,PSMB1,PSMD3,PSMD1,DCAF11,SIRT1",,0.7619538968712046
REACTOME_PATHWAY,ER to Golgi Anterograde Transport,9,191,152,10908,0.00508,0.0237,3.38,0.994,0.0179,0.0014,R-HSA-199977~ER to Golgi Anterograde Transport,"NAPA,COPA,DYNC1LI2,TMED10,SAR1B,COPB1,COPG1,COPZ1,ARCN1",Membrane trafficking & vesicular transport,1.6252516539898962
REACTOME_PATHWAY,ER Quality Control Compartment (ERQC),4,191,21,10908,0.00549,0.0255,10.88,0.996,0.0193,0.000432,R-HSA-901032~ER Quality Control Compartment (ERQC),"UBC,MAN1B1,RPS27A,UBA52",Protein & RNA homeostasis,1.5934598195660448
REACTOME_PATHWAY,Cell junction organization,13,191,296,10908,0.00563,0.026,2.51,0.997,0.0197,0.0021,R-HSA-446728~Cell junction organization,"PSMD11,SIRT1,PVR,SMARCA4,PSMD8,PSMD7,PSMA2,PSMD3,UBC,PSMB1,PSMD1,RPS27A,UBA52",Cytoskeleton & Rho GTPase signaling,1.585026652029182
REACTOME_PATHWAY,Diseases of signal transduction by growth factor receptors and second messengers,17,191,453,10908,0.00568,0.0261,2.14,0.997,0.0198,0.00251,R-HSA-5663202~Diseases of signal transduction by growth factor receptors and second messengers,"RANBP2,PSMD11,SMAD3,CAMK2A,GAB1,CCNC,HDAC9,MTOR,PSMD8,PSMD7,PSMA2,PSMD3,UBC,PSMB1,PSMD1,RPS27A,UBA52",Cell signaling,1.583359492661719
REACTOME_PATHWAY,Modulation by Mtb of host immune system,3,191,7,10908,0.00598,0.0273,24.48,0.998,0.0206,0.000176,R-HSA-9637628~Modulation by Mtb of host immune system,"UBC,RPS27A,UBA52",Immune response & host–pathogen interactions,1.563837352959244
REACTOME_PATHWAY,FLT3 signaling by CBL mutants,3,191,7,10908,0.00598,0.0273,24.48,0.998,0.0206,0.000176,R-HSA-9706377~FLT3 signaling by CBL mutants,"UBC,RPS27A,UBA52",Cell signaling,1.563837352959244
REACTOME_PATHWAY,Co-inhibition by PD-1,10,191,191,10908,0.00622,0.0282,2.99,0.998,0.0214,0.00194,R-HSA-389948~Co-inhibition by PD-1,"PSMD8,PSMD7,PSMD11,PSMA2,UBC,PSMB1,PSMD3,PSMD1,RPS27A,UBA52",Immune response & host–pathogen interactions,1.5497508916806388
GOTERM_BP_DIRECT,nucleocytoplasmic transport,5,247,50,16251,0.00684,0.244,6.58,1.0,0.239,0.000945,GO:0006913~nucleocytoplasmic transport,"RANBP2,XPO1,NUP62,NUTF2,RAN",,0.6126101736612706
REACTOME_PATHWAY,COPI-dependent Golgi-to-ER retrograde traffic,7,191,97,10908,0.00688,0.0311,4.12,0.999,0.0235,0.00154,R-HSA-6811434~COPI-dependent Golgi-to-ER retrograde traffic,"NAPA,COPA,TMED10,COPB1,COPG1,COPZ1,ARCN1",Membrane trafficking & vesicular transport,1.5072396109731625
REACTOME_PATHWAY,RAF/MAP kinase cascade,12,191,267,10908,0.00706,0.0316,2.57,0.999,0.0239,0.00258,R-HSA-5673001~RAF/MAP kinase cascade,"PSMD8,PSMD7,PSMD11,PSMA2,UBC,PSMB1,PSMD3,CAMK2A,PSMD1,LAMTOR2,RPS27A,UBA52",Cell signaling,1.5003129173815961
REACTOME_PATHWAY,Response of Mtb to phagocytosis,4,191,23,10908,0.00713,0.0316,9.93,0.999,0.0239,0.000621,R-HSA-9637690~Response of Mtb to phagocytosis,"SFPQ,UBC,RPS27A,UBA52",Immune response & host–pathogen interactions,1.5003129173815961
REACTOME_PATHWAY,APC/C:Cdc20 mediated degradation of Cyclin B,4,191,23,10908,0.00713,0.0316,9.93,0.999,0.0239,0.000621,R-HSA-174048~APC/C:Cdc20 mediated degradation of Cyclin B,"UBC,RPS27A,UBA52,ANAPC2",Cell cycle & mitosis,1.5003129173815961
REACTOME_PATHWAY,mTORC1-mediated signalling,4,191,23,10908,0.00713,0.0316,9.93,0.999,0.0239,0.000621,R-HSA-166208~mTORC1-mediated signalling,"LAMTOR2,EIF4E,MTOR,EIF4G1",Cell signaling,1.5003129173815961
REACTOME_PATHWAY,Golgi-to-ER retrograde transport,8,191,130,10908,0.00762,0.0337,3.51,1.0,0.0255,0.00201,R-HSA-8856688~Golgi-to-ER retrograde transport,"NAPA,COPA,DYNC1LI2,TMED10,COPB1,COPG1,COPZ1,ARCN1",Membrane trafficking & vesicular transport,1.4723700991286615
GOTERM_BP_DIRECT,maturation of SSU-rRNA,5,247,52,16251,0.00786,0.273,6.33,1.0,0.267,0.00113,GO:0030490~maturation of SSU-rRNA,"FBL,RPS28,RPS19,SNU13,WDR46",,0.563837352959244
REACTOME_PATHWAY,Programmed Cell Death,10,191,199,10908,0.00807,0.0355,2.87,1.0,0.0268,0.00262,R-HSA-5357801~Programmed Cell Death,"PSMD8,PSMD7,PSMD11,PSMA2,UBC,PSMB1,PSMD3,PSMD1,RPS27A,UBA52",Other,1.449771646944906
REACTOME_PATHWAY,MAPK1/MAPK3 signaling,12,191,273,10908,0.00834,0.0366,2.51,1.0,0.0276,0.00311,R-HSA-5684996~MAPK1/MAPK3 signaling,"PSMD8,PSMD7,PSMD11,PSMA2,UBC,PSMB1,PSMD3,CAMK2A,PSMD1,LAMTOR2,RPS27A,UBA52",Cell signaling,1.4365189146055892
REACTOME_PATHWAY,TGF-beta receptor signaling activates SMADs,5,191,47,10908,0.00887,0.0387,6.08,1.0,0.0293,0.00132,R-HSA-2173789~TGF-beta receptor signaling activates SMADs,"SMAD3,XPO1,UBC,RPS27A,UBA52",Cell signaling,1.4122890349810886
REACTOME_PATHWAY,APC-Cdc20 mediated degradation of Nek2A,4,191,25,10908,0.00902,0.039,9.14,1.0,0.0295,0.000864,R-HSA-179409~APC-Cdc20 mediated degradation of Nek2A,"UBC,RPS27A,UBA52,ANAPC2",Cell cycle & mitosis,1.408935392973501
REACTOME_PATHWAY,Signaling by EGFR in Cancer,4,191,25,10908,0.00902,0.039,9.14,1.0,0.0295,0.000864,R-HSA-1643713~Signaling by EGFR in Cancer,"UBC,GAB1,RPS27A,UBA52",Cell signaling,1.408935392973501
REACTOME_PATHWAY,"Cell Cycle, Mitotic",18,191,519,10908,0.00913,0.0393,1.98,1.0,0.0297,0.00436,"R-HSA-69278~Cell Cycle, Mitotic","RANBP2,PSMD11,CEP164,CDC6,PSMD8,DYNC1LI2,PSMD7,XPO1,PSMA2,PSMD3,NUP62,UBC,PSMB1,PSMD1,RPS27A,UBA52,RAN,ANAPC2",Cell cycle & mitosis,1.4056074496245732
GOTERM_BP_DIRECT,modification-dependent protein catabolic process,3,247,10,16251,0.00948,0.321,19.74,1.0,0.314,0.000385,GO:0019941~modification-dependent protein catabolic process,"UBC,RPS27A,UBA52",,0.4934949675951279
REACTOME_PATHWAY,NOTCH1 Intracellular Domain Regulates Transcription,5,191,48,10908,0.00955,0.041,5.95,1.0,0.031,0.00145,R-HSA-2122947~NOTCH1 Intracellular Domain Regulates Transcription,"UBC,CCNC,RPS27A,HDAC9,UBA52",Cell signaling,1.3872161432802645
GOTERM_BP_DIRECT,endoplasmic reticulum to Golgi vesicle-mediated transport,7,247,120,16251,0.00987,0.326,3.84,1.0,0.319,0.00239,GO:0006888~endoplasmic reticulum to Golgi vesicle-mediated transport,"COPA,TMED10,SAR1B,COPB1,HYOU1,COPG1,ARCN1",,0.48678239993206096
REACTOME_PATHWAY,Regulation of T cell activation by CD28 family,11,191,242,10908,0.00993,0.0418,2.6,1.0,0.0316,0.00354,R-HSA-388841~Regulation of T cell activation by CD28 family,"PSMD8,PSMD7,PSMD11,PSMA2,UBC,PSMB1,PSMD3,PSMD1,RPS27A,UBA52,MTOR",Immune response & host–pathogen interactions,1.3788237182249647
REACTOME_PATHWAY,Downregulation of ERBB4 signaling,3,191,9,10908,0.01,0.0418,19.04,1.0,0.0316,0.000411,R-HSA-1253288~Downregulation of ERBB4 signaling,"UBC,RPS27A,UBA52",Cell signaling,1.3788237182249647
REACTOME_PATHWAY,PTK6 Regulates RTKs and Their Effectors AKT1 and DOK1,3,191,9,10908,0.01,0.0418,19.04,1.0,0.0316,0.000411,R-HSA-8849469~PTK6 Regulates RTKs and Their Effectors AKT1 and DOK1,"UBC,RPS27A,UBA52",Cell signaling,1.3788237182249647
REACTOME_PATHWAY,Myoclonic epilepsy of Lafora,3,191,9,10908,0.01,0.0418,19.04,1.0,0.0316,0.000411,R-HSA-3785653~Myoclonic epilepsy of Lafora,"UBC,RPS27A,UBA52",Other,1.3788237182249647
REACTOME_PATHWAY,InlA-mediated entry of Listeria monocytogenes into host cells,3,191,9,10908,0.01,0.0418,19.04,1.0,0.0316,0.000411,R-HSA-8876493~InlA-mediated entry of Listeria monocytogenes into host cells,"UBC,RPS27A,UBA52",Immune response & host–pathogen interactions,1.3788237182249647
REACTOME_PATHWAY,Prevention of phagosomal-lysosomal fusion,3,191,9,10908,0.01,0.0418,19.04,1.0,0.0316,0.000411,R-HSA-9636383~Prevention of phagosomal-lysosomal fusion,"UBC,RPS27A,UBA52",Immune response & host–pathogen interactions,1.3788237182249647
REACTOME_PATHWAY,Regulation of PTEN localization,3,191,9,10908,0.01,0.0418,19.04,1.0,0.0316,0.000411,R-HSA-8948747~Regulation of PTEN localization,"UBC,RPS27A,UBA52",Cell signaling,1.3788237182249647
REACTOME_PATHWAY,Calnexin/calreticulin cycle,4,191,26,10908,0.0101,0.0418,8.79,1.0,0.0316,0.00101,R-HSA-901042~Calnexin/calreticulin cycle,"UBC,MAN1B1,RPS27A,UBA52",Protein & RNA homeostasis,1.3788237182249647
REACTOME_PATHWAY,Infection with Mycobacterium tuberculosis,4,191,27,10908,0.0112,0.0462,8.46,1.0,0.0349,0.00117,R-HSA-9635486~Infection with Mycobacterium tuberculosis,"SFPQ,UBC,RPS27A,UBA52",Immune response & host–pathogen interactions,1.3353580244438745
REACTOME_PATHWAY,Formation of TC-NER Pre-Incision Complex,5,191,51,10908,0.0118,0.0483,5.6,1.0,0.0365,0.00191,R-HSA-6781823~Formation of TC-NER Pre-Incision Complex,"ISY1,XAB2,UBC,RPS27A,UBA52",DNA replication & repair,1.3160528692484879
REACTOME_PATHWAY,Maturation of DENV proteins,5,191,51,10908,0.0118,0.0483,5.6,1.0,0.0365,0.00191,R-HSA-9918432~Maturation of DENV proteins,"XPO1,UBC,HYOU1,RPS27A,UBA52",Immune response & host–pathogen interactions,1.3160528692484879
GOTERM_BP_DIRECT,proteasome-mediated ubiquitin-dependent protein catabolic process,12,247,330,16251,0.012,0.388,2.39,1.0,0.38,0.00473,GO:0043161~proteasome-mediated ubiquitin-dependent protein catabolic process,"PSMD8,PSMD7,PSMD11,KAT5,PSMA2,PSMB1,PSMD3,UFD1,PSMD1,DCAF11,SIRT1,ANAPC2",,0.41116827440579273
REACTOME_PATHWAY,IRAK2 mediated activation of TAK1 complex,3,191,10,10908,0.0124,0.0506,17.13,1.0,0.0382,0.000579,R-HSA-937042~IRAK2 mediated activation of TAK1 complex,"UBC,RPS27A,UBA52",Immune response & host–pathogen interactions,1.295849483160201
REACTOME_PATHWAY,Class I MHC mediated antigen processing & presentation,14,191,369,10908,0.0125,0.0506,2.17,1.0,0.0383,0.0054,R-HSA-983169~Class I MHC mediated antigen processing & presentation,"PSMD11,SAR1B,CYBB,PSMD8,PSMD7,HECTD2,PSMA2,PSMD3,UBC,PSMB1,PSMD1,RPS27A,UBA52,ANAPC2",Immune response & host–pathogen interactions,1.295849483160201
REACTOME_PATHWAY,Cell-Cell communication,13,191,331,10908,0.0131,0.0529,2.24,1.0,0.04,0.00547,R-HSA-1500931~Cell-Cell communication,"PSMD11,SIRT1,PVR,SMARCA4,PSMD8,PSMD7,PSMA2,PSMD3,UBC,PSMB1,PSMD1,RPS27A,UBA52",Other,1.2765443279648143
REACTOME_PATHWAY,Antigen processing: Ubiquitination & Proteasome degradation,12,191,291,10908,0.0131,0.0529,2.36,1.0,0.04,0.00521,R-HSA-983168~Antigen processing: Ubiquitination & Proteasome degradation,"PSMD8,PSMD7,PSMD11,HECTD2,PSMA2,UBC,PSMB1,PSMD3,PSMD1,RPS27A,UBA52,ANAPC2",Immune response & host–pathogen interactions,1.2765443279648143
REACTOME_PATHWAY,Transcriptional activity of SMAD2/SMAD3:SMAD4 heterotrimer,5,191,53,10908,0.0134,0.054,5.39,1.0,0.0408,0.00227,R-HSA-2173793~Transcriptional activity of SMAD2/SMAD3:SMAD4 heterotrimer,"SMAD3,UBC,CCNC,RPS27A,UBA52",Cell signaling,1.2676062401770316
GOTERM_BP_DIRECT,response to angiotensin,3,247,12,16251,0.0136,0.419,16.45,1.0,0.41,0.000689,GO:1990776~response to angiotensin,"SMAD3,ROCK2,CYBB",,0.3777859770337047
GOTERM_BP_DIRECT,mRNA export from nucleus,5,247,61,16251,0.0136,0.419,5.39,1.0,0.41,0.00232,GO:0006406~mRNA export from nucleus,"NXF1,XPO1,EIF4A3,SRSF3,EIF4E",,0.3777859770337047
REACTOME_PATHWAY,Post-translational protein modification,37,191,1431,10908,0.0138,0.0554,1.48,1.0,0.0419,0.00898,R-HSA-597592~Post-translational protein modification,"NAPA,COPA,PSMD11,TMED10,SAR1B,COPB1,DCUN1D3,RPL8,PSMD8,PSMD7,NRIP1,PSMD3,NUP62,UBC,PSMB1,PSMD1,MUC13,UFD1,RPS27A,DCAF11,RANBP2,SMAD3,EEF2,POMGNT2,COPZ1,ARCN1,DYNC1LI2,HNRNPK,PSMA2,CCDC8,DOLPP1,B3GNT4,ETF1,COPG1,MAN1B1,FOLR2,UBA52",Protein & RNA homeostasis,1.2564902352715703
REACTOME_PATHWAY,Transport to the Golgi and subsequent modification,9,191,183,10908,0.0147,0.0583,2.81,1.0,0.044,0.00489,R-HSA-948021~Transport to the Golgi and subsequent modification,"NAPA,COPA,DYNC1LI2,TMED10,SAR1B,COPB1,COPG1,COPZ1,ARCN1",Membrane trafficking & vesicular transport,1.234331445240986
REACTOME_PATHWAY,Pexophagy,3,191,11,10908,0.015,0.0583,15.58,1.0,0.044,0.000786,R-HSA-9664873~Pexophagy,"UBC,RPS27A,UBA52",Autophagy,1.234331445240986
REACTOME_PATHWAY,Alpha-protein kinase 1 signaling pathway,3,191,11,10908,0.015,0.0583,15.58,1.0,0.044,0.000786,R-HSA-9645460~Alpha-protein kinase 1 signaling pathway,"UBC,RPS27A,UBA52",Cell signaling,1.234331445240986
REACTOME_PATHWAY,Regulation of BACH1 activity,3,191,11,10908,0.015,0.0583,15.58,1.0,0.044,0.000786,R-HSA-9708530~Regulation of BACH1 activity,"UBC,RPS27A,UBA52",Cell signaling,1.234331445240986
REACTOME_PATHWAY,"TICAM1,TRAF6-dependent induction of TAK1 complex",3,191,11,10908,0.015,0.0583,15.58,1.0,0.044,0.000786,"R-HSA-9014325~TICAM1,TRAF6-dependent induction of TAK1 complex","UBC,RPS27A,UBA52",Immune response & host–pathogen interactions,1.234331445240986
REACTOME_PATHWAY,"Regulation of TBK1, IKKε-mediated activation of IRF3, IRF7 upon TLR3 ligation",3,191,11,10908,0.015,0.0583,15.58,1.0,0.044,0.000786,"R-HSA-9828211~Regulation of TBK1, IKKε-mediated activation of IRF3, IRF7 upon TLR3 ligation","UBC,RPS27A,UBA52",Immune response & host–pathogen interactions,1.234331445240986
REACTOME_PATHWAY,Josephin domain DUBs,3,191,11,10908,0.015,0.0583,15.58,1.0,0.044,0.000786,R-HSA-5689877~Josephin domain DUBs,"UBC,RPS27A,UBA52",Ubiquitin-mediated protein degradation,1.234331445240986
REACTOME_PATHWAY,NEP/NS2 Interacts with the Cellular Export Machinery,4,191,31,10908,0.0163,0.0634,7.37,1.0,0.0479,0.00198,R-HSA-168333~NEP/NS2 Interacts with the Cellular Export Machinery,"RANBP2,XPO1,NUP62,RAN",Immune response & host–pathogen interactions,1.1979107421182673
REACTOME_PATHWAY,Signaling by NOTCH1 HD+PEST Domain Mutants in Cancer,5,191,57,10908,0.0172,0.0654,5.01,1.0,0.0494,0.00313,R-HSA-2894858~Signaling by NOTCH1 HD+PEST Domain Mutants in Cancer,"UBC,CCNC,RPS27A,HDAC9,UBA52",,1.1844222516757328
REACTOME_PATHWAY,Signaling by NOTCH1 PEST Domain Mutants in Cancer,5,191,57,10908,0.0172,0.0654,5.01,1.0,0.0494,0.00313,R-HSA-2644602~Signaling by NOTCH1 PEST Domain Mutants in Cancer,"UBC,CCNC,RPS27A,HDAC9,UBA52",,1.1844222516757328
REACTOME_PATHWAY,Constitutive Signaling by NOTCH1 HD+PEST Domain Mutants,5,191,57,10908,0.0172,0.0654,5.01,1.0,0.0494,0.00313,R-HSA-2894862~Constitutive Signaling by NOTCH1 HD+PEST Domain Mutants,"UBC,CCNC,RPS27A,HDAC9,UBA52",,1.1844222516757328
REACTOME_PATHWAY,Constitutive Signaling by NOTCH1 PEST Domain Mutants,5,191,57,10908,0.0172,0.0654,5.01,1.0,0.0494,0.00313,R-HSA-2644606~Constitutive Signaling by NOTCH1 PEST Domain Mutants,"UBC,CCNC,RPS27A,HDAC9,UBA52",,1.1844222516757328
REACTOME_PATHWAY,Signaling by NOTCH1 in Cancer,5,191,57,10908,0.0172,0.0654,5.01,1.0,0.0494,0.00313,R-HSA-2644603~Signaling by NOTCH1 in Cancer,"UBC,CCNC,RPS27A,HDAC9,UBA52",,1.1844222516757328
REACTOME_PATHWAY,Z-decay: degradation of maternal mRNAs by zygotically expressed factors,3,191,12,10908,0.0178,0.067,14.28,1.0,0.0506,0.00103,R-HSA-9820865~Z-decay: degradation of maternal mRNAs by zygotically expressed factors,"EIF4A3,EIF4E,EIF4G1",,1.1739251972991736
REACTOME_PATHWAY,Downregulation of SMAD2/3:SMAD4 transcriptional activity,4,191,32,10908,0.0178,0.067,7.14,1.0,0.0506,0.00223,R-HSA-2173795~Downregulation of SMAD2/3:SMAD4 transcriptional activity,"SMAD3,UBC,RPS27A,UBA52",,1.1739251972991736
REACTOME_PATHWAY,Export of Viral Ribonucleoproteins from Nucleus,4,191,32,10908,0.0178,0.067,7.14,1.0,0.0506,0.00223,R-HSA-168274~Export of Viral Ribonucleoproteins from Nucleus,"RANBP2,XPO1,NUP62,RAN",Immune response & host–pathogen interactions,1.1739251972991736
REACTOME_PATHWAY,Downregulation of ERBB2:ERBB3 signaling,3,191,13,10908,0.0208,0.0763,13.18,1.0,0.0577,0.00133,R-HSA-1358803~Downregulation of ERBB2:ERBB3 signaling,"UBC,RPS27A,UBA52",,1.1174754620451195
REACTOME_PATHWAY,TICAM1-dependent activation of IRF3/IRF7,3,191,13,10908,0.0208,0.0763,13.18,1.0,0.0577,0.00133,R-HSA-9013973~TICAM1-dependent activation of IRF3/IRF7,"UBC,RPS27A,UBA52",,1.1174754620451195
REACTOME_PATHWAY,Suppression of phagosomal maturation,3,191,13,10908,0.0208,0.0763,13.18,1.0,0.0577,0.00133,R-HSA-9637687~Suppression of phagosomal maturation,"UBC,RPS27A,UBA52",,1.1174754620451195
REACTOME_PATHWAY,p75NTR recruits signalling complexes,3,191,13,10908,0.0208,0.0763,13.18,1.0,0.0577,0.00133,R-HSA-209543~p75NTR recruits signalling complexes,"UBC,RPS27A,UBA52",,1.1174754620451195
REACTOME_PATHWAY,TRAF6 mediated IRF7 activation in TLR7/8 or 9 signaling,3,191,13,10908,0.0208,0.0763,13.18,1.0,0.0577,0.00133,R-HSA-975110~TRAF6 mediated IRF7 activation in TLR7/8 or 9 signaling,"UBC,RPS27A,UBA52",Immune response & host–pathogen interactions,1.1174754620451195
REACTOME_PATHWAY,NF-kB is activated and signals survival,3,191,13,10908,0.0208,0.0763,13.18,1.0,0.0577,0.00133,R-HSA-209560~NF-kB is activated and signals survival,"UBC,RPS27A,UBA52",,1.1174754620451195
REACTOME_PATHWAY,Rev-mediated nuclear export of HIV RNA,4,191,34,10908,0.0209,0.0765,6.72,1.0,0.0578,0.0028,R-HSA-165054~Rev-mediated nuclear export of HIV RNA,"RANBP2,XPO1,NUP62,RAN",Immune response & host–pathogen interactions,1.1163385648463824
REACTOME_PATHWAY,Transport of the SLBP independent Mature mRNA,4,191,34,10908,0.0209,0.0765,6.72,1.0,0.0578,0.0028,R-HSA-159227~Transport of the SLBP independent Mature mRNA,"RANBP2,NXF1,NUP62,EIF4E",Protein & RNA homeostasis,1.1163385648463824
REACTOME_PATHWAY,Gap-filling DNA repair synthesis and ligation in TC-NER,5,191,61,10908,0.0215,0.0783,4.68,1.0,0.0592,0.0042,R-HSA-6782210~Gap-filling DNA repair synthesis and ligation in TC-NER,"ISY1,XAB2,UBC,RPS27A,UBA52",DNA replication & repair,1.1062382379420566
REACTOME_PATHWAY,Antimicrobial mechanism of IFN-stimulated genes,8,191,161,10908,0.0225,0.0814,2.84,1.0,0.0616,0.00736,R-HSA-1169410~Antimicrobial mechanism of IFN-stimulated genes,"RANBP2,NUP62,UBC,EIF4A3,RPS27A,EIF4E,UBA52,EIF4G1",Immune response & host–pathogen interactions,1.0893755951107988
REACTOME_PATHWAY,N-glycan trimming in the ER and Calnexin/Calreticulin cycle,4,191,35,10908,0.0226,0.0814,6.53,1.0,0.0616,0.00312,R-HSA-532668~N-glycan trimming in the ER and Calnexin/Calreticulin cycle,"UBC,MAN1B1,RPS27A,UBA52",,1.0893755951107988
REACTOME_PATHWAY,Transport of the SLBP Dependant Mature mRNA,4,191,35,10908,0.0226,0.0814,6.53,1.0,0.0616,0.00312,R-HSA-159230~Transport of the SLBP Dependant Mature mRNA,"RANBP2,NXF1,NUP62,EIF4E",Protein & RNA homeostasis,1.0893755951107988
REACTOME_PATHWAY,Dual incision in TC-NER,5,191,62,10908,0.0227,0.0815,4.61,1.0,0.0616,0.00451,R-HSA-6782135~Dual incision in TC-NER,"ISY1,XAB2,UBC,RPS27A,UBA52",DNA replication & repair,1.0888423912600234
REACTOME_PATHWAY,Constitutive Signaling by NOTCH1 HD Domain Mutants,3,191,14,10908,0.0239,0.0832,12.24,1.0,0.0629,0.00167,R-HSA-2691232~Constitutive Signaling by NOTCH1 HD Domain Mutants,"UBC,RPS27A,UBA52",,1.079876673709276
REACTOME_PATHWAY,IRAK1 recruits IKK complex upon TLR7/8 or 9 stimulation,3,191,14,10908,0.0239,0.0832,12.24,1.0,0.0629,0.00167,R-HSA-975144~IRAK1 recruits IKK complex upon TLR7/8 or 9 stimulation,"UBC,RPS27A,UBA52",Immune response & host–pathogen interactions,1.079876673709276
REACTOME_PATHWAY,Signaling by NOTCH1 HD Domain Mutants in Cancer,3,191,14,10908,0.0239,0.0832,12.24,1.0,0.0629,0.00167,R-HSA-2691230~Signaling by NOTCH1 HD Domain Mutants in Cancer,"UBC,RPS27A,UBA52",,1.079876673709276
REACTOME_PATHWAY,Membrane binding and targetting of GAG proteins,3,191,14,10908,0.0239,0.0832,12.24,1.0,0.0629,0.00167,R-HSA-174490~Membrane binding and targetting of GAG proteins,"UBC,RPS27A,UBA52",,1.079876673709276
REACTOME_PATHWAY,"Regulation of TBK1, IKKε (IKBKE)-mediated activation of IRF3, IRF7",3,191,14,10908,0.0239,0.0832,12.24,1.0,0.0629,0.00167,"R-HSA-9824878~Regulation of TBK1, IKKε (IKBKE)-mediated activation of IRF3, IRF7","UBC,RPS27A,UBA52",,1.079876673709276
REACTOME_PATHWAY,Glycogen synthesis,3,191,14,10908,0.0239,0.0832,12.24,1.0,0.0629,0.00167,R-HSA-3322077~Glycogen synthesis,"UBC,RPS27A,UBA52",,1.079876673709276
REACTOME_PATHWAY,IRAK1 recruits IKK complex,3,191,14,10908,0.0239,0.0832,12.24,1.0,0.0629,0.00167,R-HSA-937039~IRAK1 recruits IKK complex,"UBC,RPS27A,UBA52",Immune response & host–pathogen interactions,1.079876673709276
REACTOME_PATHWAY,"Synthesis And Processing Of GAG, GAGPOL Polyproteins",3,191,14,10908,0.0239,0.0832,12.24,1.0,0.0629,0.00167,"R-HSA-174495~Synthesis And Processing Of GAG, GAGPOL Polyproteins","UBC,RPS27A,UBA52",,1.079876673709276
REACTOME_PATHWAY,Regulation of innate immune responses to cytosolic DNA,3,191,14,10908,0.0239,0.0832,12.24,1.0,0.0629,0.00167,R-HSA-3134975~Regulation of innate immune responses to cytosolic DNA,"UBC,RPS27A,UBA52",,1.079876673709276
REACTOME_PATHWAY,Regulation of TP53 Degradation,4,191,36,10908,0.0244,0.0841,6.35,1.0,0.0636,0.00346,R-HSA-6804757~Regulation of TP53 Degradation,"UBC,RPS27A,UBA52,MTOR",Cell signaling,1.0752040042020878
REACTOME_PATHWAY,Interactions of Rev with host cellular proteins,4,191,36,10908,0.0244,0.0841,6.35,1.0,0.0636,0.00346,R-HSA-177243~Interactions of Rev with host cellular proteins,"RANBP2,XPO1,NUP62,RAN",Immune response & host–pathogen interactions,1.0752040042020878
REACTOME_PATHWAY,Signaling by TGF-beta Receptor Complex,6,191,96,10908,0.026,0.0895,3.57,1.0,0.0677,0.00671,R-HSA-170834~Signaling by TGF-beta Receptor Complex,"SMAD3,XPO1,UBC,CCNC,RPS27A,UBA52",Cell signaling,1.048176964684088
REACTOME_PATHWAY,Regulation of TP53 Expression and Degradation,4,191,37,10908,0.0262,0.0898,6.17,1.0,0.0679,0.00383,R-HSA-6806003~Regulation of TP53 Expression and Degradation,"UBC,RPS27A,UBA52,MTOR",Cell signaling,1.0467236633326955
GOTERM_BP_DIRECT,positive regulation of translation,5,247,75,16251,0.027,0.81,4.39,1.0,0.793,0.00567,GO:0045727~positive regulation of translation,"RPS4X,RPL5,EIF4A3,EEF2,MTOR",,0.09151498112135022
REACTOME_PATHWAY,Translesion synthesis by REV1,3,191,15,10908,0.0273,0.0924,11.42,1.0,0.0698,0.00206,R-HSA-110312~Translesion synthesis by REV1,"UBC,RPS27A,UBA52",DNA replication & repair,1.0343280287798933
REACTOME_PATHWAY,IRAK2 mediated activation of TAK1 complex upon TLR7/8 or 9 stimulation,3,191,15,10908,0.0273,0.0924,11.42,1.0,0.0698,0.00206,R-HSA-975163~IRAK2 mediated activation of TAK1 complex upon TLR7/8 or 9 stimulation,"UBC,RPS27A,UBA52",,1.0343280287798933
REACTOME_PATHWAY,Enterobacterial factors antagonize host defense,3,191,15,10908,0.0273,0.0924,11.42,1.0,0.0698,0.00206,R-HSA-9956593~Enterobacterial factors antagonize host defense,"UBC,RPS27A,UBA52",,1.0343280287798933
REACTOME_PATHWAY,Negative regulation of FLT3,3,191,15,10908,0.0273,0.0924,11.42,1.0,0.0698,0.00206,R-HSA-9706369~Negative regulation of FLT3,"UBC,RPS27A,UBA52",,1.0343280287798933
REACTOME_PATHWAY,Translesion synthesis by Y family DNA polymerases bypasses lesions on DNA template,4,191,38,10908,0.0281,0.0947,6.01,1.0,0.0716,0.00422,R-HSA-110313~Translesion synthesis by Y family DNA polymerases bypasses lesions on DNA template,"UBC,UFD1,RPS27A,UBA52",DNA replication & repair,1.0236500209967265
REACTOME_PATHWAY,Signaling by Interleukins,15,191,456,10908,0.0283,0.0951,1.88,1.0,0.0719,0.0141,R-HSA-449147~Signaling by Interleukins,"PSMD11,SMAD3,RPLP0,SMARCA4,PSMD8,IL36A,PSMD7,PSMA2,PSMD3,UBC,PSMB1,PSMD1,SNRPA1,RPS27A,UBA52",Immune response & host–pathogen interactions,1.021819483062586
REACTOME_PATHWAY,Late Phase of HIV Life Cycle,7,191,134,10908,0.0296,0.0993,2.98,1.0,0.075,0.00918,R-HSA-162599~Late Phase of HIV Life Cycle,"RANBP2,XPO1,NUP62,UBC,RPS27A,UBA52,RAN",Immune response & host–pathogen interactions,1.0030507515046188
GOTERM_BP_DIRECT,nuclear export,3,247,18,16251,0.0298,0.874,10.97,1.0,0.855,0.00239,GO:0051168~nuclear export,"RANBP2,RGPD2,EIF4E",,0.05848856736559697
REACTOME_PATHWAY,TRAF6-mediated induction of TAK1 complex within TLR4 complex,3,191,16,10908,0.0309,0.0994,10.71,1.0,0.0751,0.0025,R-HSA-937072~TRAF6-mediated induction of TAK1 complex within TLR4 complex,"UBC,RPS27A,UBA52",,1.0026136156026866
REACTOME_PATHWAY,InlB-mediated entry of Listeria monocytogenes into host cell,3,191,16,10908,0.0309,0.0994,10.71,1.0,0.0751,0.0025,R-HSA-8875360~InlB-mediated entry of Listeria monocytogenes into host cell,"UBC,RPS27A,UBA52",,1.0026136156026866
REACTOME_PATHWAY,Translesion synthesis by POLK,3,191,16,10908,0.0309,0.0994,10.71,1.0,0.0751,0.0025,R-HSA-5655862~Translesion synthesis by POLK,"UBC,RPS27A,UBA52",DNA replication & repair,1.0026136156026866
REACTOME_PATHWAY,VLDLR internalisation and degradation,3,191,16,10908,0.0309,0.0994,10.71,1.0,0.0751,0.0025,R-HSA-8866427~VLDLR internalisation and degradation,"UBC,RPS27A,UBA52",Membrane trafficking & vesicular transport,1.0026136156026866
REACTOME_PATHWAY,Spry regulation of FGF signaling,3,191,16,10908,0.0309,0.0994,10.71,1.0,0.0751,0.0025,R-HSA-1295596~Spry regulation of FGF signaling,"UBC,RPS27A,UBA52",,1.0026136156026866
REACTOME_PATHWAY,MAP3K8 (TPL2)-dependent MAPK1/3 activation,3,191,16,10908,0.0309,0.0994,10.71,1.0,0.0751,0.0025,R-HSA-5684264~MAP3K8 (TPL2)-dependent MAPK1/3 activation,"UBC,RPS27A,UBA52",,1.0026136156026866
REACTOME_PATHWAY,NRIF signals cell death from the nucleus,3,191,16,10908,0.0309,0.0994,10.71,1.0,0.0751,0.0025,R-HSA-205043~NRIF signals cell death from the nucleus,"UBC,RPS27A,UBA52",,1.0026136156026866
REACTOME_PATHWAY,Glycogen storage diseases,3,191,16,10908,0.0309,0.0994,10.71,1.0,0.0751,0.0025,R-HSA-3229121~Glycogen storage diseases,"UBC,RPS27A,UBA52",,1.0026136156026866
REACTOME_PATHWAY,Translesion synthesis by POLI,3,191,16,10908,0.0309,0.0994,10.71,1.0,0.0751,0.0025,R-HSA-5656121~Translesion synthesis by POLI,"UBC,RPS27A,UBA52",DNA replication & repair,1.0026136156026866
REACTOME_PATHWAY,TGF-beta receptor signaling in EMT (epithelial to mesenchymal transition),3,191,16,10908,0.0309,0.0994,10.71,1.0,0.0751,0.0025,R-HSA-2173791~TGF-beta receptor signaling in EMT (epithelial to mesenchymal transition),"UBC,RPS27A,UBA52",,1.0026136156026866
REACTOME_PATHWAY,Assembly Of The HIV Virion,3,191,16,10908,0.0309,0.0994,10.71,1.0,0.0751,0.0025,R-HSA-175474~Assembly Of The HIV Virion,"UBC,RPS27A,UBA52",,1.0026136156026866
REACTOME_PATHWAY,p75NTR signals via NF-kB,3,191,16,10908,0.0309,0.0994,10.71,1.0,0.0751,0.0025,R-HSA-193639~p75NTR signals via NF-kB,"UBC,RPS27A,UBA52",,1.0026136156026866
REACTOME_PATHWAY,Signaling by FGFR3,4,191,40,10908,0.0321,0.103,5.71,1.0,0.0778,0.00509,R-HSA-5654741~Signaling by FGFR3,"UBC,GAB1,RPS27A,UBA52",,0.9871627752948278
REACTOME_PATHWAY,Signaling by FGFR4,4,191,41,10908,0.0342,0.109,5.57,1.0,0.0821,0.00556,R-HSA-5654743~Signaling by FGFR4,"UBC,GAB1,RPS27A,UBA52",,0.9625735020593764
REACTOME_PATHWAY,Transport of Mature mRNA Derived from an Intronless Transcript,4,191,41,10908,0.0342,0.109,5.57,1.0,0.0821,0.00556,R-HSA-159231~Transport of Mature mRNA Derived from an Intronless Transcript,"RANBP2,NXF1,NUP62,EIF4E",Protein & RNA homeostasis,0.9625735020593764
REACTOME_PATHWAY,Aggrephagy,4,191,41,10908,0.0342,0.109,5.57,1.0,0.0821,0.00556,R-HSA-9646399~Aggrephagy,"DYNC1LI2,UBC,RPS27A,UBA52",Autophagy,0.9625735020593764
REACTOME_PATHWAY,Regulation of NF-kappa B signaling,3,191,17,10908,0.0346,0.109,10.08,1.0,0.0826,0.003,R-HSA-9758274~Regulation of NF-kappa B signaling,"UBC,RPS27A,UBA52",,0.9625735020593764
REACTOME_PATHWAY,Macroautophagy,7,191,139,10908,0.0346,0.109,2.88,1.0,0.0826,0.0111,R-HSA-1632852~Macroautophagy,"DYNC1LI2,RB1CC1,UBC,LAMTOR2,RPS27A,UBA52,MTOR",Autophagy,0.9625735020593764
REACTOME_PATHWAY,Cell Cycle,19,191,652,10908,0.0353,0.111,1.66,1.0,0.0841,0.02,R-HSA-1640170~Cell Cycle,"RANBP2,PSMD11,CEP164,CDC6,PSMD8,DYNC1LI2,PSMD7,XPO1,KAT5,PSMA2,PSMD3,NUP62,UBC,PSMB1,PSMD1,RPS27A,UBA52,RAN,ANAPC2",Cell cycle & mitosis,0.9546770212133425
REACTOME_PATHWAY,Transport of Mature mRNAs Derived from Intronless Transcripts,4,191,42,10908,0.0363,0.114,5.44,1.0,0.0863,0.00607,R-HSA-159234~Transport of Mature mRNAs Derived from Intronless Transcripts,"RANBP2,NXF1,NUP62,EIF4E",Protein & RNA homeostasis,0.9430951486635274
REACTOME_PATHWAY,Signaling by NOTCH1,5,191,73,10908,0.0383,0.12,3.91,1.0,0.0906,0.00897,R-HSA-1980143~Signaling by NOTCH1,"UBC,CCNC,RPS27A,HDAC9,UBA52",,0.9208187539523752
REACTOME_PATHWAY,"Activation of IRF3, IRF7 mediated by TBK1, IKKε (IKBKE)",3,191,18,10908,0.0385,0.12,9.52,1.0,0.0907,0.00355,"R-HSA-936964~Activation of IRF3, IRF7 mediated by TBK1, IKKε (IKBKE)","UBC,RPS27A,UBA52",,0.9208187539523752
REACTOME_PATHWAY,Deactivation of the beta-catenin transactivating complex,4,191,44,10908,0.0409,0.127,5.19,1.0,0.0962,0.00716,R-HSA-3769402~Deactivation of the beta-catenin transactivating complex,"XPO1,UBC,RPS27A,UBA52",,0.8961962790440431
REACTOME_PATHWAY,Transcription-Coupled Nucleotide Excision Repair (TC-NER),5,191,75,10908,0.0417,0.129,3.81,1.0,0.0977,0.01,R-HSA-6781827~Transcription-Coupled Nucleotide Excision Repair (TC-NER),"ISY1,XAB2,UBC,RPS27A,UBA52",DNA replication & repair,0.889410289700751
REACTOME_PATHWAY,Regulation of TP53 Activity through Methylation,3,191,19,10908,0.0425,0.131,9.02,1.0,0.099,0.00416,R-HSA-6804760~Regulation of TP53 Activity through Methylation,"UBC,RPS27A,UBA52",,0.8827287043442357
REACTOME_PATHWAY,"TICAM1, RIP1-mediated IKK complex recruitment",3,191,19,10908,0.0425,0.131,9.02,1.0,0.099,0.00416,"R-HSA-168927~TICAM1, RIP1-mediated IKK complex recruitment","UBC,RPS27A,UBA52",Immune response & host–pathogen interactions,0.8827287043442357
GOTERM_BP_DIRECT,negative regulation of ubiquitin-dependent protein catabolic process,3,247,22,16251,0.0432,1.0,8.97,1.0,0.98,0.00431,GO:2000059~negative regulation of ubiquitin-dependent protein catabolic process,"RPL5,RPL23,RPL11",,-0.0
REACTOME_PATHWAY,HIV Life Cycle,7,191,147,10908,0.0435,0.134,2.72,1.0,0.101,0.0148,R-HSA-162587~HIV Life Cycle,"RANBP2,XPO1,NUP62,UBC,RPS27A,UBA52,RAN",Immune response & host–pathogen interactions,0.8728952016351923
GOTERM_BP_DIRECT,"regulation of translation at postsynapse, modulating synaptic transmission",2,247,3,16251,0.0447,1.0,43.86,1.0,0.98,0.000683,"GO:0099578~regulation of translation at postsynapse, modulating synaptic transmission","EIF4A3,EIF4E",,-0.0
REACTOME_PATHWAY,Cytokine Signaling in Immune system,21,191,771,10908,0.0475,0.145,1.56,1.0,0.11,0.0287,R-HSA-1280215~Cytokine Signaling in Immune system,"RANBP2,PSMD11,SMAD3,EIF4A3,CAMK2A,RPLP0,SMARCA4,PSMD8,IL36A,PSMD7,PSMA2,PSMD3,NUP62,UBC,PSMB1,PSMD1,SNRPA1,RPS27A,UBA52,EIF4E,EIF4G1",Immune response & host–pathogen interactions,0.8386319977650252
REACTOME_PATHWAY,DNA Damage Bypass,4,191,47,10908,0.0482,0.147,4.86,1.0,0.111,0.00903,R-HSA-73893~DNA Damage Bypass,"UBC,UFD1,RPS27A,UBA52",DNA replication & repair,0.8326826652518239
REACTOME_PATHWAY,Signaling by MET,5,191,79,10908,0.0489,0.149,3.61,1.0,0.112,0.0124,R-HSA-6806834~Signaling by MET,"UBC,GAB1,RPS27A,TNS3,UBA52",,0.826813731587726
GOTERM_BP_DIRECT,blastocyst development,3,247,24,16251,0.0506,1.0,8.22,1.0,0.98,0.00554,GO:0001824~blastocyst development,"XAB2,ELF3,RPL13",,-0.0
REACTOME_PATHWAY,Regulation of FZD by ubiquitination,3,191,21,10908,0.051,0.154,8.16,1.0,0.116,0.00557,R-HSA-4641263~Regulation of FZD by ubiquitination,"UBC,RPS27A,UBA52",,0.8124792791635369
REACTOME_PATHWAY,Listeria monocytogenes entry into host cells,3,191,21,10908,0.051,0.154,8.16,1.0,0.116,0.00557,R-HSA-8876384~Listeria monocytogenes entry into host cells,"UBC,RPS27A,UBA52",,0.8124792791635369
REACTOME_PATHWAY,PD-L1(CD274) glycosylation and translocation to plasma membrane,3,191,21,10908,0.051,0.154,8.16,1.0,0.116,0.00557,R-HSA-9931295~PD-L1(CD274) glycosylation and translocation to plasma membrane,"UBC,RPS27A,UBA52",Immune response & host–pathogen interactions,0.8124792791635369
GOTERM_BP_DIRECT,osteoblast differentiation,6,247,133,16251,0.0517,1.0,2.97,1.0,0.98,0.0161,GO:0001649~osteoblast differentiation,"FBL,BMP3,SMAD3,SHOX2,SNRNP200,GTPBP4",,-0.0
REACTOME_PATHWAY,Autophagy,7,191,154,10908,0.0524,0.158,2.6,1.0,0.119,0.0186,R-HSA-9612973~Autophagy,"DYNC1LI2,RB1CC1,UBC,LAMTOR2,RPS27A,UBA52,MTOR",Autophagy,0.8013429130455774
REACTOME_PATHWAY,NOTCH2 Activation and Transmission of Signal to the Nucleus,3,191,22,10908,0.0555,0.165,7.79,1.0,0.124,0.00637,R-HSA-2979096~NOTCH2 Activation and Transmission of Signal to the Nucleus,"UBC,RPS27A,UBA52",,0.7825160557860937
REACTOME_PATHWAY,Chaperone Mediated Autophagy,3,191,22,10908,0.0555,0.165,7.79,1.0,0.124,0.00637,R-HSA-9613829~Chaperone Mediated Autophagy,"UBC,RPS27A,UBA52",,0.7825160557860937
REACTOME_PATHWAY,Regulation of signaling by CBL,3,191,22,10908,0.0555,0.165,7.79,1.0,0.124,0.00637,R-HSA-912631~Regulation of signaling by CBL,"UBC,RPS27A,UBA52",,0.7825160557860937
REACTOME_PATHWAY,JNK (c-Jun kinases) phosphorylation and  activation mediated by activated human TAK1,3,191,22,10908,0.0555,0.165,7.79,1.0,0.124,0.00637,R-HSA-450321~JNK (c-Jun kinases) phosphorylation and  activation mediated by activated human TAK1,"UBC,RPS27A,UBA52",Cell signaling,0.7825160557860937
REACTOME_PATHWAY,Negative regulation of MET activity,3,191,22,10908,0.0555,0.165,7.79,1.0,0.124,0.00637,R-HSA-6807004~Negative regulation of MET activity,"UBC,RPS27A,UBA52",,0.7825160557860937
REACTOME_PATHWAY,Signaling by ERBB2,4,191,50,10908,0.0562,0.166,4.57,1.0,0.125,0.0112,R-HSA-1227986~Signaling by ERBB2,"UBC,GAB1,RPS27A,UBA52",Cell signaling,0.7798919119599449
REACTOME_PATHWAY,Signaling by EGFR,4,191,50,10908,0.0562,0.166,4.57,1.0,0.125,0.0112,R-HSA-177929~Signaling by EGFR,"UBC,GAB1,RPS27A,UBA52",,0.7798919119599449
GOTERM_BP_DIRECT,DNA repair-dependent chromatin remodeling,3,247,26,16251,0.0585,1.0,7.59,1.0,0.98,0.00697,GO:0140861~DNA repair-dependent chromatin remodeling,"KAT5,PHF1,SIRT1",,-0.0
REACTOME_PATHWAY,MTOR signalling,4,191,51,10908,0.0589,0.173,4.48,1.0,0.131,0.012,R-HSA-165159~MTOR signalling,"LAMTOR2,EIF4E,MTOR,EIF4G1",Cell signaling,0.7619538968712046
REACTOME_PATHWAY,Signaling by FGFR1,4,191,51,10908,0.0589,0.173,4.48,1.0,0.131,0.012,R-HSA-5654736~Signaling by FGFR1,"UBC,GAB1,RPS27A,UBA52",,0.7619538968712046
GOTERM_BP_DIRECT,peptidyl-lysine acetylation,2,247,4,16251,0.0592,1.0,32.9,1.0,0.98,0.00135,GO:0018394~peptidyl-lysine acetylation,"KAT5,SIRT1",,-0.0
GOTERM_BP_DIRECT,ribosomal subunit export from nucleus,2,247,4,16251,0.0592,1.0,32.9,1.0,0.98,0.00135,GO:0000054~ribosomal subunit export from nucleus,"XPO1,RAN",,-0.0
GOTERM_BP_DIRECT,regulation of amyloid-beta formation,2,247,4,16251,0.0592,1.0,32.9,1.0,0.98,0.00135,GO:1902003~regulation of amyloid-beta formation,"TMED10,ROCK2",,-0.0
REACTOME_PATHWAY,Intra-Golgi and retrograde Golgi-to-ER traffic,8,191,199,10908,0.0594,0.173,2.3,1.0,0.131,0.0238,R-HSA-6811442~Intra-Golgi and retrograde Golgi-to-ER traffic,"NAPA,COPA,DYNC1LI2,TMED10,COPB1,COPG1,COPZ1,ARCN1",Membrane trafficking & vesicular transport,0.7619538968712046
REACTOME_PATHWAY,Signaling by TGFB family members,7,191,159,10908,0.0595,0.173,2.51,1.0,0.131,0.0217,R-HSA-9006936~Signaling by TGFB family members,"ZFYVE16,SMAD3,XPO1,UBC,CCNC,RPS27A,UBA52",,0.7619538968712046
GOTERM_BP_DIRECT,translational initiation,4,247,59,16251,0.06,1.0,4.46,1.0,0.98,0.0123,GO:0006413~translational initiation,"EIF5B,RPS5,EIF4E,EIF4G1",,-0.0
REACTOME_PATHWAY,activated TAK1 mediates p38 MAPK activation,3,191,23,10908,0.0601,0.174,7.45,1.0,0.131,0.00723,R-HSA-450302~activated TAK1 mediates p38 MAPK activation,"UBC,RPS27A,UBA52",Cell signaling,0.7594507517174003
REACTOME_PATHWAY,"SRC activates STAT3 in a quantitative manner, through Cadherin-11 (CDH11), RAC1 and gp130 (IL6ST)",3,191,23,10908,0.0601,0.174,7.45,1.0,0.131,0.00723,"R-HSA-9958810~SRC activates STAT3 in a quantitative manner, through Cadherin-11 (CDH11), RAC1 and gp130 (IL6ST)","UBC,RPS27A,UBA52",Cell signaling,0.7594507517174003
REACTOME_PATHWAY,IKK complex recruitment mediated by RIP1,3,191,23,10908,0.0601,0.174,7.45,1.0,0.131,0.00723,R-HSA-937041~IKK complex recruitment mediated by RIP1,"UBC,RPS27A,UBA52",Immune response & host–pathogen interactions,0.7594507517174003
REACTOME_PATHWAY,SARS-CoV-2 activates/modulates innate and adaptive immune responses,6,191,122,10908,0.0619,0.178,2.81,1.0,0.135,0.0202,R-HSA-9705671~SARS-CoV-2 activates/modulates innate and adaptive immune responses,"RANBP2,SAR1B,NUP62,UBC,RPS27A,UBA52",Immune response & host–pathogen interactions,0.7495799976911061
REACTOME_PATHWAY,M-decay: degradation of maternal mRNAs by maternally stored factors,3,191,24,10908,0.0648,0.185,7.14,1.0,0.14,0.00816,R-HSA-9820841~M-decay: degradation of maternal mRNAs by maternally stored factors,"EIF4A3,EIF4E,EIF4G1",Protein & RNA homeostasis,0.7328282715969862
REACTOME_PATHWAY,Gap-filling DNA repair synthesis and ligation in GG-NER,3,191,24,10908,0.0648,0.185,7.14,1.0,0.14,0.00816,R-HSA-5696397~Gap-filling DNA repair synthesis and ligation in GG-NER,"UBC,RPS27A,UBA52",DNA replication & repair,0.7328282715969862
REACTOME_PATHWAY,NOTCH3 Activation and Transmission of Signal to the Nucleus,3,191,24,10908,0.0648,0.185,7.14,1.0,0.14,0.00816,R-HSA-9013507~NOTCH3 Activation and Transmission of Signal to the Nucleus,"UBC,RPS27A,UBA52",,0.7328282715969862
REACTOME_PATHWAY,Deadenylation of mRNA,3,191,24,10908,0.0648,0.185,7.14,1.0,0.14,0.00816,R-HSA-429947~Deadenylation of mRNA,"EIF4A3,EIF4E,EIF4G1",Protein & RNA homeostasis,0.7328282715969862
REACTOME_PATHWAY,Cellular response to heat stress,5,191,88,10908,0.0674,0.191,3.24,1.0,0.144,0.019,R-HSA-3371556~Cellular response to heat stress,"RANBP2,NUP62,CAMK2A,SIRT1,MTOR",,0.7189666327522725
REACTOME_PATHWAY,Signaling by Non-Receptor Tyrosine Kinases,4,191,54,10908,0.0676,0.191,4.23,1.0,0.144,0.0146,R-HSA-9006927~Signaling by Non-Receptor Tyrosine Kinases,"SFPQ,UBC,RPS27A,UBA52",,0.7189666327522725
REACTOME_PATHWAY,Signaling by PTK6,4,191,54,10908,0.0676,0.191,4.23,1.0,0.144,0.0146,R-HSA-8848021~Signaling by PTK6,"SFPQ,UBC,RPS27A,UBA52",,0.7189666327522725
REACTOME_PATHWAY,Inactivation of CSF3 (G-CSF) signaling,3,191,25,10908,0.0697,0.196,6.85,1.0,0.148,0.00915,R-HSA-9705462~Inactivation of CSF3 (G-CSF) signaling,"UBC,RPS27A,UBA52",Immune response & host–pathogen interactions,0.707743928643524
GOTERM_BP_DIRECT,nucleolus organization,2,247,5,16251,0.0734,1.0,26.32,1.0,0.98,0.00223,GO:0007000~nucleolus organization,"USP36,RPS19",,-0.0
GOTERM_BP_DIRECT,cellular response to methionine,2,247,5,16251,0.0734,1.0,26.32,1.0,0.98,0.00223,GO:0061431~cellular response to methionine,"MAT2A,MTOR",,-0.0
GOTERM_BP_DIRECT,centriole assembly,2,247,5,16251,0.0734,1.0,26.32,1.0,0.98,0.00223,GO:0098534~centriole assembly,"RBM14,NUP62",,-0.0
REACTOME_PATHWAY,RAS processing,3,191,26,10908,0.0747,0.21,6.59,1.0,0.158,0.0102,R-HSA-9648002~RAS processing,"UBC,RPS27A,UBA52",,0.6777807052660807
REACTOME_PATHWAY,Transport of small molecules,19,191,718,10908,0.0756,0.212,1.51,1.0,0.16,0.0467,R-HSA-382551~Transport of small molecules,"PSMD11,SLC67A1,SAR1B,CAMK2A,SLC6A13,SLC30A1,ATP1A1,PHB2,ADCY6,PSMD8,PSMD7,PSMA2,PSMD3,UBC,PSMB1,ATP6V1B2,PSMD1,RPS27A,UBA52",Membrane trafficking & vesicular transport,0.6736641390712486
GOTERM_BP_DIRECT,response to ischemia,4,247,65,16251,0.0756,1.0,4.05,1.0,0.98,0.0171,GO:0002931~response to ischemia,"ROCK2,CAMK2A,HYOU1,EEF2",,-0.0
GOTERM_BP_DIRECT,protein stabilization,8,247,243,16251,0.0768,1.0,2.17,1.0,0.98,0.0328,GO:0050821~protein stabilization,"USP36,SMAD3,RPL23,HSPB1,DCAF11,PHB2,GTPBP4,MTOR",,-0.0
REACTOME_PATHWAY,Iron uptake and transport,4,191,57,10908,0.0769,0.215,4.01,1.0,0.162,0.0175,R-HSA-917937~Iron uptake and transport,"UBC,ATP6V1B2,RPS27A,UBA52",Other,0.6675615400843947
GOTERM_BP_DIRECT,thyroid gland development,3,247,32,16251,0.0842,1.0,6.17,1.0,0.98,0.0124,GO:0030878~thyroid gland development,"SMAD3,FOXE1,PAX8",,-0.0
REACTOME_PATHWAY,FLT3 signaling in disease,3,191,28,10908,0.0849,0.235,6.12,1.0,0.177,0.0125,R-HSA-9682385~FLT3 signaling in disease,"UBC,RPS27A,UBA52",,0.6289321377282637
REACTOME_PATHWAY,Budding and maturation of HIV virion,3,191,28,10908,0.0849,0.235,6.12,1.0,0.177,0.0125,R-HSA-162588~Budding and maturation of HIV virion,"UBC,RPS27A,UBA52",,0.6289321377282637
REACTOME_PATHWAY,Glycogen metabolism,3,191,28,10908,0.0849,0.235,6.12,1.0,0.177,0.0125,R-HSA-8982491~Glycogen metabolism,"UBC,RPS27A,UBA52",,0.6289321377282637
REACTOME_PATHWAY,Metalloprotease DUBs,3,191,28,10908,0.0849,0.235,6.12,1.0,0.177,0.0125,R-HSA-5689901~Metalloprotease DUBs,"UBC,RPS27A,UBA52",Ubiquitin-mediated protein degradation,0.6289321377282637
GOTERM_BP_DIRECT,regulation of circadian rhythm,4,247,69,16251,0.0869,1.0,3.81,1.0,0.98,0.0208,GO:0042752~regulation of circadian rhythm,"SFPQ,ROCK2,BHLHE40,MTOR",,-0.0
GOTERM_BP_DIRECT,ribosomal large subunit export from nucleus,2,247,6,16251,0.0875,1.0,21.93,1.0,0.98,0.00331,GO:0000055~ribosomal large subunit export from nucleus,"XPO1,RAN",,-0.0
GOTERM_BP_DIRECT,protein-RNA complex assembly,2,247,6,16251,0.0875,1.0,21.93,1.0,0.98,0.00331,GO:0022618~protein-RNA complex assembly,"RPL38,SNRPF",,-0.0
GOTERM_BP_DIRECT,ribosomal small subunit export from nucleus,2,247,6,16251,0.0875,1.0,21.93,1.0,0.98,0.00331,GO:0000056~ribosomal small subunit export from nucleus,"XPO1,RAN",,-0.0
REACTOME_PATHWAY,Translation of Structural Proteins,4,191,61,10908,0.09,0.246,3.74,1.0,0.186,0.0219,R-HSA-9694635~Translation of Structural Proteins,"UBC,MAN1B1,RPS27A,UBA52",,0.6090648928966209
REACTOME_PATHWAY,Recognition of DNA damage by PCNA-containing replication complex,3,191,29,10908,0.0902,0.246,5.91,1.0,0.186,0.0138,R-HSA-110314~Recognition of DNA damage by PCNA-containing replication complex,"UBC,RPS27A,UBA52",DNA replication & repair,0.6090648928966209
REACTOME_PATHWAY,Negative regulation of FGFR3 signaling,3,191,29,10908,0.0902,0.246,5.91,1.0,0.186,0.0138,R-HSA-5654732~Negative regulation of FGFR3 signaling,"UBC,RPS27A,UBA52",,0.6090648928966209
REACTOME_PATHWAY,Downregulation of ERBB2 signaling,3,191,29,10908,0.0902,0.246,5.91,1.0,0.186,0.0138,R-HSA-8863795~Downregulation of ERBB2 signaling,"UBC,RPS27A,UBA52",,0.6090648928966209
REACTOME_PATHWAY,Translation of Structural Proteins,3,191,29,10908,0.0902,0.246,5.91,1.0,0.186,0.0138,R-HSA-9683701~Translation of Structural Proteins,"UBC,RPS27A,UBA52",,0.6090648928966209
GOTERM_BP_DIRECT,protein export from nucleus,3,247,34,16251,0.0934,1.0,5.81,1.0,0.98,0.0147,GO:0006611~protein export from nucleus,"XPO1,NUTF2,RAN",,-0.0
REACTOME_PATHWAY,Activated NOTCH1 Transmits Signal to the Nucleus,3,191,30,10908,0.0956,0.259,5.71,1.0,0.196,0.0152,R-HSA-2122948~Activated NOTCH1 Transmits Signal to the Nucleus,"UBC,RPS27A,UBA52",,0.5867002359187482
REACTOME_PATHWAY,Signaling by CSF3 (G-CSF),3,191,30,10908,0.0956,0.259,5.71,1.0,0.196,0.0152,R-HSA-9674555~Signaling by CSF3 (G-CSF),"UBC,RPS27A,UBA52",Immune response & host–pathogen interactions,0.5867002359187482
REACTOME_PATHWAY,Cytosolic sensors of pathogen-associated DNA,4,191,63,10908,0.0969,0.262,3.63,1.0,0.198,0.0243,R-HSA-1834949~Cytosolic sensors of pathogen-associated DNA,"UBC,POLR3F,RPS27A,UBA52",,0.5816987086802545
GOTERM_BP_DIRECT,regulation of RNA splicing,4,247,73,16251,0.0988,1.0,3.61,1.0,0.98,0.0251,GO:0043484~regulation of RNA splicing,"SF3B5,SF3B3,SON,MBNL3",,-0.0
