"Category","Term","Count","List Total","Pop Hits","Pop Total","P-Value","Benjamini","Fold Enrichment","Bonferroni","FDR","Fisher Exact","Full Term","User Ids"
"REACTOME_PATHWAY","Metabolism of RNA","90","191","714","10908","2.89e-55","2.91e-52","7.20","2.91e-52","2.20e-52","3.57e-56","R-HSA-8953854~Metabolism of RNA","RPL4,ISY1,RPL5,RPL30,RPL3,RPLP0,EIF4A3,HSPB1,RPL10A,USP39,RPL8,WDR46,RPL9,RPL6,RPL7,RPS4X,PSMD8,UBL5,FBL,RPL7A,RPS16,PSMD7,XPO1,RPS19,SNRPD2,RPS18,SNRPD1,PSMD3,NUP62,CWC22,RPL36,PSMD1,RPL38,SNRPD3,RPS11,RPS13,RPS12,IK,RPL21,RPL23,RPS5,CRNKL1,EBNA1BP2,PSMA2,RPL37A,SRSF3,RPL27,ETF1,SNRPA1,SNRPF,CACTIN,SNRNP200,UBA52,SLU7,SF3B5,SF3B2,SF3B3,PSMD11,SF3B6,RPL12,RPL11,U2AF1,SNU13,PRPF8,NXF1,UBC,PSMB1,RPS3,RPL14,RPL13,RPS27A,RPL18,SF3B1,EIF4E,RPL17,RPL19,RANBP2,SF3A3,RBM39,SF3A1,SF3A2,GPKOW,RPL35A,WDR12,XAB2,RPS28,HNRNPK,RPS21,RAN,EIF4G1"
"REACTOME_PATHWAY","Regulation of expression of SLITs and ROBOs","49","191","144","10908","7.79e-50","3.92e-47","19.43","7.84e-47","2.97e-47","2.72e-51","R-HSA-9010553~Regulation of expression of SLITs and ROBOs","RPL4,RPL5,RPL30,RPL3,RPLP0,EIF4A3,RPL10A,RPL8,RPL9,RPL6,RPL7,RPS4X,PSMD8,RPL7A,RPS16,PSMD7,RPS19,RPS18,PSMD3,RPL36,PSMD1,RPL38,RPS11,RPS13,RPS12,RPL21,RPL23,RPS5,PSMA2,RPL37A,RPL27,ETF1,UBA52,PSMD11,RPL12,RPL11,UBC,PSMB1,RPS3,RPL14,RPL13,RPS27A,RPL18,RPL17,RPL19,RPL35A,RPS28,RPS21,EIF4G1"
"REACTOME_PATHWAY","Ribosome-associated quality control","47","191","129","10908","2.65e-49","8.91e-47","20.81","2.67e-46","6.74e-47","8.35e-51","R-HSA-9948299~Ribosome-associated quality control","RPL4,RPL5,RPL30,PSMD11,RPL3,RPL12,RPLP0,RPL11,RPL10A,RPL8,RPL9,RPL6,RPL7,PSMD8,RPS4X,RPL7A,RPS16,PSMD7,RPS19,RPS18,PSMD3,UBC,PSMB1,RPL36,RPL14,RPS3,PSMD1,UFD1,RPL13,RPL38,RPS27A,RPS11,RPL18,RPL17,RPS13,RPS12,RPL19,RPL21,RPL23,RPS5,RPL35A,RPS28,PSMA2,RPL37A,RPL27,UBA52,RPS21"
"GOTERM_BP_DIRECT","cytoplasmic translation","39","247","78","16251","5.63e-49","7.44e-46","32.90","7.45e-46","7.28e-46","8.92e-51","GO:0002181~cytoplasmic translation","RPL4,RPL5,RPL30,RPL3,RPL12,RPLP0,RPL11,RPL10A,RPL8,RPL9,RPL6,RPL7,RPS4X,RPL7A,RPS16,RPS19,RPS18,RPL36,RPL14,RPS3,RPL13,RPL38,RPS27A,RPS11,RPL18,RPL17,RPS13,RPS12,RPL19,RPL21,RPL23,RPS5,RPL35A,GTPBP1,RPS28,RPL37A,RPL27,UBA52,RPS21"
"REACTOME_PATHWAY","Nonsense Mediated Decay (NMD) independent of the Exon Junction Complex (EJC)","40","191","81","10908","4.55e-48","1.15e-45","28.20","4.58e-45","8.66e-46","8.51e-50","R-HSA-975956~Nonsense Mediated Decay (NMD) independent of the Exon Junction Complex (EJC)","RPL4,RPL5,RPL30,RPL3,RPL12,RPLP0,RPL11,RPL10A,RPL8,RPL9,RPL6,RPL7,RPS4X,RPL7A,RPS16,RPS19,RPS18,RPL36,RPL14,RPS3,RPL13,RPL38,RPS27A,RPS11,RPL18,RPL17,RPS13,RPS12,RPL19,RPL21,RPL23,RPS5,RPL35A,RPS28,RPL37A,RPL27,ETF1,UBA52,RPS21,EIF4G1"
"REACTOME_PATHWAY","Peptide chain elongation","39","191","75","10908","5.92e-48","1.19e-45","29.70","5.96e-45","9.03e-46","1.00e-49","R-HSA-156902~Peptide chain elongation","RPL4,RPL5,RPL30,RPL3,RPL12,RPLP0,RPL11,RPL10A,RPL8,RPL9,RPL6,RPL7,RPS4X,RPL7A,RPS16,RPS19,RPS18,RPL36,RPL14,RPS3,RPL13,RPL38,RPS27A,RPS11,RPL18,RPL17,RPS13,RPS12,RPL19,RPL21,RPL23,RPS5,RPL35A,EEF2,RPS28,RPL37A,RPL27,UBA52,RPS21"
"REACTOME_PATHWAY","Eukaryotic Translation Elongation","39","191","79","10908","8.31e-47","1.20e-44","28.19","8.36e-44","9.04e-45","1.56e-48","R-HSA-156842~Eukaryotic Translation Elongation","RPL4,RPL5,RPL30,RPL3,RPL12,RPLP0,RPL11,RPL10A,RPL8,RPL9,RPL6,RPL7,RPS4X,RPL7A,RPS16,RPS19,RPS18,RPL36,RPL14,RPS3,RPL13,RPL38,RPS27A,RPS11,RPL18,RPL17,RPS13,RPS12,RPL19,RPL21,RPL23,RPS5,RPL35A,EEF2,RPS28,RPL37A,RPL27,UBA52,RPS21"
"REACTOME_PATHWAY","Eukaryotic Translation Termination","39","191","79","10908","8.31e-47","1.20e-44","28.19","8.36e-44","9.04e-45","1.56e-48","R-HSA-72764~Eukaryotic Translation Termination","RPL4,RPL5,RPL30,RPL3,RPL12,RPLP0,RPL11,RPL10A,RPL8,RPL9,RPL6,RPL7,RPS4X,RPL7A,RPS16,RPS19,RPS18,RPL36,RPL14,RPS3,RPL13,RPL38,RPS27A,RPS11,RPL18,RPL17,RPS13,RPS12,RPL19,RPL21,RPL23,RPS5,RPL35A,RPS28,RPL37A,RPL27,ETF1,UBA52,RPS21"
"REACTOME_PATHWAY","PELO:HBS1L and ABCE1 dissociate a ribosome on a non-stop mRNA","38","191","75","10908","4.14e-46","4.63e-44","28.94","4.16e-43","3.50e-44","7.37e-48","R-HSA-9954714~PELO:HBS1L and ABCE1 dissociate a ribosome on a non-stop mRNA","RPL4,RPL5,RPL30,RPL3,RPL12,RPLP0,RPL11,RPL10A,RPL8,RPL9,RPL6,RPL7,RPS4X,RPL7A,RPS16,RPS19,RPS18,RPL36,RPL14,RPS3,RPL13,RPL38,RPS27A,RPS11,RPL18,RPL17,RPS13,RPS12,RPL19,RPL21,RPL23,RPS5,RPL35A,RPS28,RPL37A,RPL27,UBA52,RPS21"
"REACTOME_PATHWAY","Viral mRNA Translation","38","191","75","10908","4.14e-46","4.63e-44","28.94","4.16e-43","3.50e-44","7.37e-48","R-HSA-192823~Viral mRNA Translation","RPL4,RPL5,RPL30,RPL3,RPL12,RPLP0,RPL11,RPL10A,RPL8,RPL9,RPL6,RPL7,RPS4X,RPL7A,RPS16,RPS19,RPS18,RPL36,RPL14,RPS3,RPL13,RPL38,RPS27A,RPS11,RPL18,RPL17,RPS13,RPS12,RPL19,RPL21,RPL23,RPS5,RPL35A,RPS28,RPL37A,RPL27,UBA52,RPS21"
"REACTOME_PATHWAY","ZNF598 and the Ribosome-associated Quality Trigger (RQT) complex dissociate a ribosome stalled on a no-go mRNA","39","191","82","10908","5.32e-46","5.37e-44","27.16","5.36e-43","4.06e-44","1.07e-47","R-HSA-9954716~ZNF598 and the Ribosome-associated Quality Trigger (RQT) complex dissociate a ribosome stalled on a no-go mRNA","RPL4,RPL5,RPL30,RPL3,RPL12,RPLP0,RPL11,RPL10A,RPL8,RPL9,RPL6,RPL7,RPS4X,RPL7A,RPS16,RPS19,RPS18,UBC,RPL36,RPL14,RPS3,RPL13,RPL38,RPS27A,RPS11,RPL18,RPL17,RPS13,RPS12,RPL19,RPL21,RPL23,RPS5,RPL35A,RPS28,RPL37A,RPL27,UBA52,RPS21"
"REACTOME_PATHWAY","GTP hydrolysis and joining of the 60S ribosomal subunit","41","191","98","10908","1.23e-45","1.13e-43","23.89","1.24e-42","8.54e-44","3.11e-47","R-HSA-72706~GTP hydrolysis and joining of the 60S ribosomal subunit","RPL4,RPL5,RPL30,RPL3,RPL12,RPLP0,RPL11,RPL10A,RPL8,RPL9,RPL6,RPL7,RPS4X,RPL7A,RPS16,RPS19,RPS18,RPL36,RPL14,RPS3,RPL13,RPL38,RPS27A,RPS11,RPL18,EIF4E,RPL17,RPS13,RPS12,RPL19,EIF5B,RPL21,RPL23,RPS5,RPL35A,RPS28,RPL37A,RPL27,UBA52,RPS21,EIF4G1"
"REACTOME_PATHWAY","Selenocysteine synthesis","38","191","79","10908","5.24e-45","3.94e-43","27.47","5.28e-42","2.98e-43","1.03e-46","R-HSA-2408557~Selenocysteine synthesis","RPL4,RPL5,RPL30,RPL3,RPL12,RPLP0,RPL11,RPL10A,RPL8,RPL9,RPL6,RPL7,RPS4X,RPL7A,RPS16,RPS19,RPS18,RPL36,RPL14,RPS3,RPL13,RPL38,RPS27A,RPS11,RPL18,RPL17,RPS13,RPS12,RPL19,RPL21,RPL23,RPS5,RPL35A,RPS28,RPL37A,RPL27,UBA52,RPS21"
"REACTOME_PATHWAY","Nonsense Mediated Decay (NMD) enhanced by the Exon Junction Complex (EJC)","41","191","101","10908","5.47e-45","3.94e-43","23.18","5.51e-42","2.98e-43","1.45e-46","R-HSA-975957~Nonsense Mediated Decay (NMD) enhanced by the Exon Junction Complex (EJC)","RPL4,RPL5,RPL30,RPL3,RPL12,RPLP0,EIF4A3,RPL11,RPL10A,RPL8,RPL9,RPL6,RPL7,RPS4X,RPL7A,RPS16,RPS19,RPS18,RPL36,RPL14,RPS3,RPL13,RPL38,RPS27A,RPS11,RPL18,RPL17,RPS13,RPS12,RPL19,RPL21,RPL23,RPS5,RPL35A,RPS28,RPL37A,RPL27,ETF1,UBA52,RPS21,EIF4G1"
"REACTOME_PATHWAY","Nonsense-Mediated Decay (NMD)","41","191","101","10908","5.47e-45","3.94e-43","23.18","5.51e-42","2.98e-43","1.45e-46","R-HSA-927802~Nonsense-Mediated Decay (NMD)","RPL4,RPL5,RPL30,RPL3,RPL12,RPLP0,EIF4A3,RPL11,RPL10A,RPL8,RPL9,RPL6,RPL7,RPS4X,RPL7A,RPS16,RPS19,RPS18,RPL36,RPL14,RPS3,RPL13,RPL38,RPS27A,RPS11,RPL18,RPL17,RPS13,RPS12,RPL19,RPL21,RPL23,RPS5,RPL35A,RPS28,RPL37A,RPL27,ETF1,UBA52,RPS21,EIF4G1"
"REACTOME_PATHWAY","L13a-mediated translational silencing of Ceruloplasmin expression","40","191","97","10908","3.60e-44","2.17e-42","23.55","3.63e-41","1.64e-42","9.31e-46","R-HSA-156827~L13a-mediated translational silencing of Ceruloplasmin expression","RPL4,RPL5,RPL30,RPL3,RPL12,RPLP0,RPL11,RPL10A,RPL8,RPL9,RPL6,RPL7,RPS4X,RPL7A,RPS16,RPS19,RPS18,RPL36,RPL14,RPS3,RPL13,RPL38,RPS27A,RPS11,RPL18,EIF4E,RPL17,RPS13,RPS12,RPL19,RPL21,RPL23,RPS5,RPL35A,RPS28,RPL37A,RPL27,UBA52,RPS21,EIF4G1"
"REACTOME_PATHWAY","Eukaryotic Translation Initiation","41","191","105","10908","3.65e-44","2.17e-42","22.30","3.68e-41","1.64e-42","1.03e-45","R-HSA-72613~Eukaryotic Translation Initiation","RPL4,RPL5,RPL30,RPL3,RPL12,RPLP0,RPL11,RPL10A,RPL8,RPL9,RPL6,RPL7,RPS4X,RPL7A,RPS16,RPS19,RPS18,RPL36,RPL14,RPS3,RPL13,RPL38,RPS27A,RPS11,RPL18,EIF4E,RPL17,RPS13,RPS12,RPL19,EIF5B,RPL21,RPL23,RPS5,RPL35A,RPS28,RPL37A,RPL27,UBA52,RPS21,EIF4G1"
"REACTOME_PATHWAY","Cap-dependent Translation Initiation","41","191","105","10908","3.65e-44","2.17e-42","22.30","3.68e-41","1.64e-42","1.03e-45","R-HSA-72737~Cap-dependent Translation Initiation","RPL4,RPL5,RPL30,RPL3,RPL12,RPLP0,RPL11,RPL10A,RPL8,RPL9,RPL6,RPL7,RPS4X,RPL7A,RPS16,RPS19,RPS18,RPL36,RPL14,RPS3,RPL13,RPL38,RPS27A,RPS11,RPL18,EIF4E,RPL17,RPS13,RPS12,RPL19,EIF5B,RPL21,RPL23,RPS5,RPL35A,RPS28,RPL37A,RPL27,UBA52,RPS21,EIF4G1"
"REACTOME_PATHWAY","Signaling by ROBO receptors","49","191","189","10908","2.05e-43","1.15e-41","14.81","2.07e-40","8.69e-42","1.05e-44","R-HSA-376176~Signaling by ROBO receptors","RPL4,RPL5,RPL30,RPL3,RPLP0,EIF4A3,RPL10A,RPL8,RPL9,RPL6,RPL7,RPS4X,PSMD8,RPL7A,RPS16,PSMD7,RPS19,RPS18,PSMD3,RPL36,PSMD1,RPL38,RPS11,RPS13,RPS12,RPL21,RPL23,RPS5,PSMA2,RPL37A,RPL27,ETF1,UBA52,PSMD11,RPL12,RPL11,UBC,PSMB1,RPS3,RPL14,RPL13,RPS27A,RPL18,RPL17,RPL19,RPL35A,RPS28,RPS21,EIF4G1"
"REACTOME_PATHWAY","Formation of a pool of free 40S subunits","38","191","87","10908","5.09e-43","2.57e-41","24.94","5.13e-40","1.94e-41","1.19e-44","R-HSA-72689~Formation of a pool of free 40S subunits","RPL4,RPL5,RPL30,RPL3,RPL12,RPLP0,RPL11,RPL10A,RPL8,RPL9,RPL6,RPL7,RPS4X,RPL7A,RPS16,RPS19,RPS18,RPL36,RPL14,RPS3,RPL13,RPL38,RPS27A,RPS11,RPL18,RPL17,RPS13,RPS12,RPL19,RPL21,RPL23,RPS5,RPL35A,RPS28,RPL37A,RPL27,UBA52,RPS21"
"REACTOME_PATHWAY","Response of EIF2AK4 (GCN2) to amino acid deficiency","38","191","87","10908","5.09e-43","2.57e-41","24.94","5.13e-40","1.94e-41","1.19e-44","R-HSA-9633012~Response of EIF2AK4 (GCN2) to amino acid deficiency","RPL4,RPL5,RPL30,RPL3,RPL12,RPLP0,RPL11,RPL10A,RPL8,RPL9,RPL6,RPL7,RPS4X,RPL7A,RPS16,RPS19,RPS18,RPL36,RPL14,RPS3,RPL13,RPL38,RPS27A,RPS11,RPL18,RPL17,RPS13,RPS12,RPL19,RPL21,RPL23,RPS5,RPL35A,RPS28,RPL37A,RPL27,UBA52,RPS21"
"REACTOME_PATHWAY","Selenoamino acid metabolism","40","191","103","10908","6.31e-43","3.03e-41","22.18","6.36e-40","2.29e-41","1.80e-44","R-HSA-2408522~Selenoamino acid metabolism","RPL4,RPL5,RPL30,RPL3,RPL12,RPLP0,RPL11,RPL10A,RPL8,RPL9,RPL6,RPL7,RPS4X,RPL7A,RPS16,RPS19,RPS18,RPL36,RPL14,RPS3,RPL13,RPL38,RPS27A,RPS11,RPL18,RPL17,RPS13,RPS12,RPL19,RPL21,RPL23,RPS5,RPL35A,DARS1,RPS28,RPL37A,RPL27,SCLY,UBA52,RPS21"
"REACTOME_PATHWAY","SRP-dependent cotranslational protein targeting to membrane","38","191","97","10908","7.37e-41","3.38e-39","22.37","7.42e-38","2.55e-39","2.07e-42","R-HSA-1799339~SRP-dependent cotranslational protein targeting to membrane","RPL4,RPL5,RPL30,RPL3,RPL12,RPLP0,RPL11,RPL10A,RPL8,RPL9,RPL6,RPL7,RPS4X,RPL7A,RPS16,RPS19,RPS18,RPL36,RPL14,RPS3,RPL13,RPL38,RPS27A,RPS11,RPL18,RPL17,RPS13,RPS12,RPL19,RPL21,RPL23,RPS5,RPL35A,RPS28,RPL37A,RPL27,UBA52,RPS21"
"REACTOME_PATHWAY","Viral Infection Pathways","87","191","1004","10908","9.68e-40","4.24e-38","4.95","9.75e-37","3.21e-38","1.82e-40","R-HSA-9824446~Viral Infection Pathways","RPL4,ISY1,RPL5,RPL30,RPL3,RPLP0,EIF4A3,CCNC,RPL10A,RPL8,RPL9,RPL6,RPL7,RPS4X,PSMD8,RPL7A,RPS16,PSMD7,XPO1,RPS19,SNRPD2,RPS18,SNRPD1,PSMD3,NUP62,CWC22,RPL36,UFD1,PSMD1,RPL38,SNRPD3,RPS11,RPS13,RPS12,RPL21,RPL23,RPS5,CRNKL1,DYNC1LI2,PSMA2,RPL37A,SRSF3,RPL27,SNRPA1,SNRPF,MAN1B1,SNRNP200,UBA52,SF3B5,SF3B2,SF3B3,PSMD11,ROCK2,SAR1B,SF3B6,RPL12,CAMK2A,RPL11,U2AF1,ATP1A1,PRPF8,UBC,PSMB1,RPS3,RPL14,RPL13,RPS27A,RPL18,SF3B1,EIF4E,RPL17,RPL19,RANBP2,SF3A3,SF3A1,SF3A2,SMAD3,GPKOW,RPL35A,MTOR,XAB2,RPS28,HNRNPK,HYOU1,RPS21,RAN,EIF4G1"
"REACTOME_PATHWAY","Influenza Viral RNA Transcription and Replication","40","191","121","10908","1.07e-39","4.49e-38","18.88","1.08e-36","3.39e-38","3.91e-41","R-HSA-168273~Influenza Viral RNA Transcription and Replication","RPL4,RPL5,RPL30,RPL3,RPL12,RPLP0,RPL11,RPL10A,RPL8,RPL9,RPL6,RPL7,RPS4X,RPL7A,RPS16,RPS19,RPS18,NUP62,RPL36,RPL14,RPS3,RPL13,RPL38,RPS27A,RPS11,RPL18,RPL17,RPS13,RPS12,RPL19,RANBP2,RPL21,RPL23,RPS5,RPL35A,RPS28,RPL37A,RPL27,UBA52,RPS21"
"REACTOME_PATHWAY","Influenza Infection","42","191","142","10908","1.64e-39","6.59e-38","16.89","1.65e-36","4.99e-38","7.01e-41","R-HSA-168255~Influenza Infection","RPL4,RPL5,RPL30,RPL3,RPL12,RPLP0,RPL11,RPL10A,RPL8,RPL9,RPL6,RPL7,RPS4X,RPL7A,RPS16,XPO1,RPS19,RPS18,NUP62,RPL36,RPL14,RPS3,RPL13,RPL38,RPS27A,RPS11,RPL18,RPL17,RPS13,RPS12,RPL19,RANBP2,RPL21,RPL23,RPS5,RPL35A,RPS28,RPL37A,RPL27,UBA52,RPS21,RAN"
"REACTOME_PATHWAY","Cellular response to starvation","41","191","140","10908","2.46e-38","9.55e-37","16.73","2.48e-35","7.22e-37","1.07e-39","R-HSA-9711097~Cellular response to starvation","RPL4,RPL5,RPL30,RPL3,RPL12,RPLP0,RPL11,RPL10A,RPL8,RPL9,RPL6,RPL7,RPS4X,RPL7A,RPS16,RPS19,RPS18,RPL36,RPL14,RPS3,RPL13,RPL38,RPS27A,RPS11,RPL18,RPL17,RPS13,RPS12,RPL19,RPL21,RPL23,RPS5,RPL35A,MTOR,RPS28,RPL37A,ATP6V1B2,RPL27,LAMTOR2,UBA52,RPS21"
"REACTOME_PATHWAY","Ribosome Quality Control (RQC) complex extracts and degrades nascent peptide","36","191","95","10908","5.16e-38","1.93e-36","21.64","5.20e-35","1.46e-36","1.53e-39","R-HSA-9954709~Ribosome Quality Control (RQC) complex extracts and degrades nascent peptide","RPL4,RPL5,RPL30,PSMD11,RPL3,RPL12,RPLP0,RPL11,RPL10A,RPL8,RPL9,RPL6,RPL7,PSMD8,RPL7A,PSMD7,PSMD3,UBC,PSMB1,RPL36,RPL14,PSMD1,UFD1,RPL13,RPL38,RPS27A,RPL18,RPL17,RPL19,RPL21,RPL23,RPL35A,PSMA2,RPL37A,RPL27,UBA52"
"REACTOME_PATHWAY","Major pathway of rRNA processing in the nucleolus and cytosol","43","191","166","10908","8.19e-38","2.95e-36","14.79","8.25e-35","2.23e-36","4.21e-39","R-HSA-6791226~Major pathway of rRNA processing in the nucleolus and cytosol","RPL4,RPL5,RPL30,RPL3,RPL12,RPLP0,RPL11,SNU13,RPL10A,RPL8,RPL9,WDR46,RPL6,RPL7,RPS4X,FBL,RPL7A,RPS16,RPS19,RPS18,RPL36,RPL14,RPS3,RPL13,RPL38,RPS27A,RPS11,RPL18,RPL17,RPS13,RPS12,RPL19,RPL21,RPL23,RPS5,RPL35A,WDR12,EBNA1BP2,RPS28,RPL37A,RPL27,UBA52,RPS21"
"REACTOME_PATHWAY","rRNA processing in the nucleus and cytosol","43","191","176","10908","1.18e-36","4.12e-35","13.95","1.19e-33","3.11e-35","6.58e-38","R-HSA-8868773~rRNA processing in the nucleus and cytosol","RPL4,RPL5,RPL30,RPL3,RPL12,RPLP0,RPL11,SNU13,RPL10A,RPL8,RPL9,WDR46,RPL6,RPL7,RPS4X,FBL,RPL7A,RPS16,RPS19,RPS18,RPL36,RPL14,RPS3,RPL13,RPL38,RPS27A,RPS11,RPL18,RPL17,RPS13,RPS12,RPL19,RPL21,RPL23,RPS5,RPL35A,WDR12,EBNA1BP2,RPS28,RPL37A,RPL27,UBA52,RPS21"
"REACTOME_PATHWAY","Infectious disease","91","191","1223","10908","1.54e-36","5.19e-35","4.25","1.56e-33","3.92e-35","3.43e-37","R-HSA-5663205~Infectious disease","RPL4,ISY1,RPL5,RPL30,RPL3,RPLP0,EIF4A3,CCNC,RPL10A,RPL8,RPL9,RPL6,RPL7,RPS4X,PSMD8,RPL7A,RPS16,PSMD7,XPO1,RPS19,SNRPD2,RPS18,SNRPD1,PSMD3,NUP62,CWC22,RPL36,UFD1,PSMD1,RPL38,SNRPD3,RPS11,RPS13,RPS12,RPL21,RPL23,RPS5,CRNKL1,SFPQ,DYNC1LI2,PSMA2,RPL37A,SRSF3,RPL27,SNRPA1,SNRPF,MAN1B1,SNRNP200,UBA52,SF3B5,SF3B2,SF3B3,PSMD11,ROCK2,SAR1B,SF3B6,RPL12,CAMK2A,RPL11,U2AF1,ATP1A1,PRPF8,ADCY6,UBC,PSMB1,RPS3,RPL14,RPL13,RPS27A,RPL18,SF3B1,EIF4E,RPL17,RPL19,RANBP2,SF3A3,SF3A1,SF3A2,SMAD3,GPKOW,RPL35A,EEF2,MTOR,XAB2,RPS28,HNRNPK,ARPC2,HYOU1,RPS21,RAN,EIF4G1"
"REACTOME_PATHWAY","Translation","54","191","339","10908","2.22e-36","7.23e-35","9.10","2.24e-33","5.46e-35","2.10e-37","R-HSA-72766~Translation","RPL4,RPL5,RPL30,RPL3,RPLP0,RPL10A,RPL8,RPL9,RPL6,RPL7,RPS4X,PSMD8,RPL7A,RPS16,PSMD7,RPS19,RPS18,PSMD3,RPL36,UFD1,PSMD1,RPL38,RPS11,RPS13,RPS12,EIF5B,RPL21,RPL23,RPS5,DARS1,PSMA2,RPL37A,RPL27,ETF1,UBA52,TARS1,PSMD11,RPL12,RPL11,UBC,PSMB1,RPS3,RPL14,RPL13,RPS27A,RPL18,EIF4E,RPL17,RPL19,RPL35A,EEF2,RPS28,RPS21,EIF4G1"
"GOTERM_BP_DIRECT","translation","42","247","198","16251","5.02e-35","3.32e-32","13.96","6.64e-32","3.25e-32","2.90e-36","GO:0006412~translation","RPL4,RPL5,RPL30,RPL3,RPL12,RPLP0,RPL11,RPL10A,RPL8,RPL9,RPL6,RPL7,RPS4X,RPL7A,RPS16,RPS19,RPS18,RPL36,RPL14,RPS3,RPL13,RPL38,RPS27A,RPS11,RPL18,RPL17,RPS13,RPS12,RPL19,RPL21,RPL23,RPS5,RPL35A,EEF2,DARS1,RPS28,RPL37A,RPL27,UBA52,RPS21,TARS1,EIF4G1"
"REACTOME_PATHWAY","rRNA processing","43","191","193","10908","7.48e-35","2.36e-33","12.72","7.53e-32","1.78e-33","4.68e-36","R-HSA-72312~rRNA processing","RPL4,RPL5,RPL30,RPL3,RPL12,RPLP0,RPL11,SNU13,RPL10A,RPL8,RPL9,WDR46,RPL6,RPL7,RPS4X,FBL,RPL7A,RPS16,RPS19,RPS18,RPL36,RPL14,RPS3,RPL13,RPL38,RPS27A,RPS11,RPL18,RPL17,RPS13,RPS12,RPL19,RPL21,RPL23,RPS5,RPL35A,WDR12,EBNA1BP2,RPS28,RPL37A,RPL27,UBA52,RPS21"
"GOTERM_BP_DIRECT","negative regulation of myoblast fusion","25","247","40","16251","3.37e-34","1.48e-31","41.12","4.46e-31","1.45e-31","3.33e-36","GO:1901740~negative regulation of myoblast fusion","RPL4,RPL5,RPL30,RPL12,RPLP0,RPL11,RPL10A,RPL8,RPL9,RPL6,RPL7,RPL7A,RPL36,RPL14,RPL13,RPL38,RPL18,RPL17,RPL19,RPL21,RPL23,RPL35A,RPL37A,RPL27,UBA52"
"REACTOME_PATHWAY","Metabolism of amino acids and derivatives","49","191","345","10908","1.99e-30","6.07e-29","8.11","2.00e-27","4.59e-29","2.15e-31","R-HSA-71291~Metabolism of amino acids and derivatives","RPL4,RPL5,RPL30,RPL3,RPLP0,RPL10A,RPL8,RPL9,RPL6,RPL7,RPS4X,PSMD8,RPL7A,RPS16,PSMD7,RPS19,RPS18,PSMD3,RPL36,PSMD1,RPL38,RPS11,RPS13,RPS12,RPL21,RPL23,RPS5,DARS1,PSMA2,RPL37A,RPL27,UBA52,PSMD11,RPL12,RPL11,PSMB1,RPS3,RPL14,RPL13,RPS27A,RPL18,RPL17,RPL19,RPL35A,FAH,RPS28,OGDH,SCLY,RPS21"
"GOTERM_BP_DIRECT","striated muscle contraction","25","247","59","16251","8.93e-29","2.95e-26","27.88","1.18e-25","2.89e-26","1.93e-30","GO:0006941~striated muscle contraction","RPL4,RPL5,RPL30,RPL12,RPLP0,RPL11,RPL10A,RPL8,RPL9,RPL6,RPL7,RPL7A,RPL36,RPL14,RPL13,RPL38,RPL18,RPL17,RPL19,RPL21,RPL23,RPL35A,RPL37A,RPL27,UBA52"
"REACTOME_PATHWAY","Nervous system development","55","191","539","10908","4.71e-27","1.40e-25","5.83","4.75e-24","1.06e-25","7.41e-28","R-HSA-9675108~Nervous system development","RPL4,RPL5,RPL30,RPL3,RPLP0,EIF4A3,RPL10A,RPL8,RPL9,RPL6,RPL7,RPS4X,PSMD8,RPL7A,RPS16,PSMD7,RPS19,RPS18,PSMD3,RPL36,PSMD1,RPL38,RPS11,RPS13,RPS12,LYPLA2,RPL21,RPL23,RPS5,GAB1,POU3F1,PSMA2,RPL37A,RPL27,ETF1,UBA52,PSMD11,ROCK2,RPL12,RPL11,UBC,PSMB1,RPS3,RPL14,RPL13,RPS27A,RPL18,RPL17,RPL19,RPL35A,SMARCA4,RPS28,ARPC2,RPS21,EIF4G1"
"REACTOME_PATHWAY","Cellular responses to stress","63","191","745","10908","8.69e-27","2.50e-25","4.83","8.75e-24","1.89e-25","1.68e-27","R-HSA-2262752~Cellular responses to stress","RPL4,RPL5,RPL30,RPL3,RPLP0,RPL10A,RPL8,PHB2,RPL9,RPL6,RPL7,RPS4X,PSMD8,RPL7A,RPS16,PSMD7,XPO1,KAT5,RPS19,RPS18,PSMD3,NUP62,RPL36,UFD1,PSMD1,RPL38,RPS11,RPS13,RPS12,RPL21,RPL23,RPS5,CYBB,SIRT1,DYNC1LI2,PSMA2,RPL37A,ATP6V1B2,RPL27,UBA52,ANAPC2,PSMD11,RPL12,CAMK2A,RPL11,NRF1,NRIP1,UBC,PSMB1,RPS3,RPL14,RPL13,RPS27A,RPL18,RPL17,RPL19,RANBP2,RPL35A,MTOR,RPS28,LAMTOR2,HYOU1,RPS21"
"REACTOME_PATHWAY","Axon guidance","53","191","514","10908","3.28e-26","9.19e-25","5.89","3.31e-23","6.95e-25","5.10e-27","R-HSA-422475~Axon guidance","RPL4,RPL5,RPL30,RPL3,RPLP0,EIF4A3,RPL10A,RPL8,RPL9,RPL6,RPL7,RPS4X,PSMD8,RPL7A,RPS16,PSMD7,RPS19,RPS18,PSMD3,RPL36,PSMD1,RPL38,RPS11,RPS13,RPS12,LYPLA2,RPL21,RPL23,RPS5,GAB1,PSMA2,RPL37A,RPL27,ETF1,UBA52,PSMD11,ROCK2,RPL12,RPL11,UBC,PSMB1,RPS3,RPL14,RPL13,RPS27A,RPL18,RPL17,RPL19,RPL35A,RPS28,ARPC2,RPS21,EIF4G1"
"REACTOME_PATHWAY","Disease","100","191","2013","10908","4.17e-26","1.14e-24","2.84","4.20e-23","8.60e-25","1.42e-26","R-HSA-1643685~Disease","RPL4,RPL5,RPL30,RPL3,EIF4A3,CCNC,RPL10A,RPL8,RPL9,RPL6,RPL7,PSMD8,RPS16,PSMD7,KAT5,RPS19,SNRPD2,RPS18,SNRPD1,PSMD3,CWC22,RPL36,CYP1B1,PSMD1,RPL38,SNRPD3,RPS11,RPS13,RPS12,RPL21,RPS5,RPL23,CRNKL1,DYNC1LI2,SRSF3,RPL27,SNRPF,SNRNP200,UBA52,ANAPC2,PSMD11,SAR1B,PRPF8,RDH12,UBC,SMAD3,EEF2,RPS28,HNRNPK,ARPC2,HYOU1,RPS21,EIF4G1,ISY1,SLC67A1,RPLP0,RPS4X,RPL7A,XPO1,NUP62,MUC13,UFD1,GAB1,SFPQ,PSMA2,RPL37A,SNRPA1,MAN1B1,SF3B5,SF3B2,SF3B3,ROCK2,SF3B6,RPL12,CAMK2A,RPL11,U2AF1,ATP1A1,HDAC9,ADCY6,PSMB1,RPS3,RPL14,RPL13,RPS27A,RPL18,SF3B1,EIF4E,RPL17,RPL19,RANBP2,SF3A3,SF3A1,SF3A2,GPKOW,RPL35A,MTOR,XAB2,FMOD,RAN"
"REACTOME_PATHWAY","Cellular responses to stimuli","64","191","852","10908","2.07e-24","5.48e-23","4.29","2.08e-21","4.14e-23","4.54e-25","R-HSA-8953897~Cellular responses to stimuli","RPL4,RPL5,RPL30,RPL3,RPLP0,RPL10A,RPL8,PHB2,RPL9,RPL6,RPL7,RPS4X,PSMD8,RPL7A,RPS16,PSMD7,XPO1,KAT5,RPS19,RPS18,PSMD3,NUP62,RPL36,UFD1,PSMD1,RPL38,RPS11,RPS13,RPS12,RPL21,RPL23,RPS5,CYBB,SIRT1,DYNC1LI2,PSMA2,RPL37A,ATP6V1B2,RPL27,UBA52,ANAPC2,PSMD11,RPL12,CAMK2A,RPL11,NRF1,ADCY6,NRIP1,UBC,PSMB1,RPS3,RPL14,RPL13,RPS27A,RPL18,RPL17,RPL19,RANBP2,RPL35A,MTOR,RPS28,LAMTOR2,HYOU1,RPS21"
"REACTOME_PATHWAY","Processing of Capped Intron-Containing Pre-mRNA","38","191","288","10908","3.63e-22","9.37e-21","7.54","3.65e-19","7.08e-21","4.27e-23","R-HSA-72203~Processing of Capped Intron-Containing Pre-mRNA","ISY1,SF3B5,SF3B2,SF3B3,SF3B6,EIF4A3,SNU13,U2AF1,USP39,PRPF8,UBL5,NXF1,SNRPD2,SNRPD1,NUP62,UBC,CWC22,SNRPD3,RPS27A,SF3B1,EIF4E,SF3A3,RANBP2,RBM39,IK,SF3A1,SF3A2,GPKOW,CRNKL1,XAB2,HNRNPK,SRSF3,SNRPA1,SNRPF,CACTIN,SNRNP200,SLU7,UBA52"
"REACTOME_PATHWAY","mRNA Splicing - Major Pathway","31","191","201","10908","5.90e-20","1.49e-18","8.81","5.94e-17","1.12e-18","5.80e-21","R-HSA-72163~mRNA Splicing - Major Pathway","ISY1,SF3B5,SF3B2,SF3B3,SF3B6,EIF4A3,SNU13,U2AF1,USP39,PRPF8,UBL5,SNRPD2,SNRPD1,CWC22,SNRPD3,SF3B1,SF3A3,RBM39,IK,SF3A1,SF3A2,GPKOW,CRNKL1,XAB2,HNRNPK,SRSF3,SNRPA1,SNRPF,CACTIN,SNRNP200,SLU7"
"GOTERM_BP_DIRECT","mRNA splicing, via spliceosome","30","247","208","16251","6.63e-20","1.75e-17","9.49","8.76e-17","1.71e-17","6.11e-21","GO:0000398~mRNA splicing, via spliceosome","ISY1,SF3B5,SF3B2,SF3B3,SF3B6,EIF4A3,SNU13,U2AF1,USP39,PRPF8,UBL5,SNRPD2,SNRPD1,CWC22,SNRPD3,SF3B1,SF3A3,RBM14,IK,SF3A1,SF3A2,GPKOW,CRNKL1,XAB2,HNRNPK,SNRPA1,SNRPF,CACTIN,SNRNP200,SLU7"
"REACTOME_PATHWAY","mRNA Splicing","31","191","209","10908","1.85e-19","4.55e-18","8.47","1.86e-16","3.44e-18","1.90e-20","R-HSA-72172~mRNA Splicing","ISY1,SF3B5,SF3B2,SF3B3,SF3B6,EIF4A3,SNU13,U2AF1,USP39,PRPF8,UBL5,SNRPD2,SNRPD1,CWC22,SNRPD3,SF3B1,SF3A3,RBM39,IK,SF3A1,SF3A2,GPKOW,CRNKL1,XAB2,HNRNPK,SRSF3,SNRPA1,SNRPF,CACTIN,SNRNP200,SLU7"
"GOTERM_BP_DIRECT","U2-type prespliceosome assembly","13","247","25","16251","4.77e-16","1.05e-13","34.21","5.87e-13","1.03e-13","7.35e-18","GO:1903241~U2-type prespliceosome assembly","SF3A3,SF3B5,SF3B2,SF3A1,SF3A2,SF3B3,SF3B6,SNRPD2,SNRPD1,SNRPA1,SNRPD3,SNRPF,SF3B1"
"REACTOME_PATHWAY","SARS-CoV-2 modulates host translation machinery","16","191","45","10908","5.00e-16","1.20e-14","20.31","5.59e-13","9.08e-15","1.67e-17","R-HSA-9754678~SARS-CoV-2 modulates host translation machinery","RPS5,RPS4X,RPS28,RPS16,SNRPD2,RPS19,SNRPD1,RPS18,RPS3,SNRPD3,SNRPF,RPS27A,RPS11,RPS21,RPS13,RPS12"
"GOTERM_BP_DIRECT","spliceosomal snRNP assembly","17","247","64","16251","1.14e-15","2.16e-13","17.48","1.47e-12","2.11e-13","4.99e-17","GO:0000387~spliceosomal snRNP assembly","SF3A3,SF3B5,SF3B2,SF3A1,SF3A2,SF3B3,SF3B6,SNU13,USP39,PRPF8,SNRPD2,SNRPD1,SNRPA1,SNRPD3,SNRPF,SNRNP200,SF3B1"
"REACTOME_PATHWAY","Dengue Virus Infection","35","191","375","10908","1.35e-15","3.18e-14","5.33","1.34e-12","2.40e-14","1.97e-16","R-HSA-9839923~Dengue Virus Infection","ISY1,SF3B5,SF3B2,SF3B3,SF3B6,EIF4A3,CAMK2A,U2AF1,PRPF8,XPO1,SNRPD2,SNRPD1,UBC,CWC22,UFD1,SNRPD3,RPS27A,RPL18,SF3B1,EIF4E,SF3A3,SF3A1,SF3A2,GPKOW,CRNKL1,MTOR,XAB2,HNRNPK,SRSF3,HYOU1,SNRPA1,SNRPF,SNRNP200,UBA52,EIF4G1"
"REACTOME_PATHWAY","Developmental Biology","67","191","1422","10908","9.69e-15","2.22e-13","2.69","9.73e-12","1.68e-13","3.46e-15","R-HSA-1266738~Developmental Biology","RPL4,RPL5,RPL30,RPL3,RPLP0,EIF4A3,CCNC,RPL10A,RPL8,RPL9,RPL6,RPL7,RPS4X,PSMD8,RPL7A,RPS16,PSMD7,XPO1,KAT5,RPS19,RPS18,PSMD3,RPL36,PSMD1,RPL38,RPS11,RPS13,RPS12,LYPLA2,RPL21,RPL23,RPS5,GAB1,POU3F1,SIRT1,DARS1,PAX8,PSMA2,RPL37A,ATP6V1B2,RPL27,ETF1,UBA52,KPRP,PSMD11,ROCK2,RPL12,RPL11,HDAC9,UBC,PSMB1,KRTAP5-11,RPS3,RPL14,RPL13,RPS27A,RPL18,EIF4E,RPL17,RPL19,SMAD3,RPL35A,SMARCA4,RPS28,ARPC2,RPS21,EIF4G1"
"GOTERM_BP_DIRECT","spliceosome conformational change to release U4 (or U4atac) and U1 (or U11)","13","247","35","16251","6.79e-14","1.12e-11","24.44","8.98e-11","1.10e-11","1.81e-15","GO:0000388~spliceosome conformational change to release U4 (or U4atac) and U1 (or U11)","SF3B5,SF3B2,SF3B3,SF3B6,SNU13,USP39,PRPF8,SNRPD2,SNRPD1,SNRPD3,SNRPF,SNRNP200,SF3B1"
"REACTOME_PATHWAY","mRNA 3'-end processing","22","191","151","10908","1.39e-13","3.11e-12","8.32","1.40e-10","2.35e-12","1.46e-14","R-HSA-72187~mRNA 3'-end processing","SF3A3,RBM39,SF3B5,SF3B2,SF3A1,SF3A2,SF3B3,SF3B6,EIF4A3,U2AF1,HNRNPK,SNRPD2,SNRPD1,UBC,SRSF3,SNRPA1,SNRPD3,SNRPF,RPS27A,SLU7,UBA52,SF3B1"
"REACTOME_PATHWAY","mRNA Polyadenylation","20","191","126","10908","4.82e-13","1.06e-11","9.07","4.85e-10","7.98e-12","4.57e-14","R-HSA-9770562~mRNA Polyadenylation","SF3A3,RBM39,SF3B5,SF3B2,SF3A1,SF3A2,SF3B3,SF3B6,U2AF1,HNRNPK,SNRPD2,SNRPD1,UBC,SRSF3,SNRPA1,SNRPD3,SNRPF,RPS27A,UBA52,SF3B1"
"REACTOME_PATHWAY","Dengue Virus-Host Interactions","27","191","267","10908","7.86e-13","1.69e-11","5.78","7.92e-10","1.27e-11","1.24e-13","R-HSA-9918481~Dengue Virus-Host Interactions","ISY1,SF3B5,SF3B2,SF3B3,SF3B6,EIF4A3,CAMK2A,U2AF1,PRPF8,SNRPD2,SNRPD1,CWC22,SNRPD3,RPL18,SF3B1,SF3A3,SF3A1,SF3A2,GPKOW,CRNKL1,MTOR,XAB2,HNRNPK,SRSF3,SNRPA1,SNRPF,SNRNP200"
"REACTOME_PATHWAY","Metabolism of proteins","78","191","2027","10908","1.12e-12","2.35e-11","2.20","1.12e-9","1.77e-11","4.94e-13","R-HSA-392499~Metabolism of proteins","RPL4,RPL5,RPL30,RPL3,RPLP0,RPL10A,RPL8,RPL9,RPL6,RPL7,RPS4X,PSMD8,RPL7A,RPS16,PSMD7,RPS19,RPS18,PSMD3,NUP62,RPL36,UFD1,PSMD1,MUC13,RPL38,RPS11,RPS13,RPS12,EIF5B,RPL21,RPL23,RPS5,POMGNT2,COPZ1,DARS1,DYNC1LI2,PSMA2,B3GNT4,RPL37A,RPL27,ETF1,MAN1B1,UBA52,TARS1,NAPA,COPA,PSMD11,TMED10,SAR1B,COPB1,DCUN1D3,RPL12,RPL11,NRIP1,UBC,PSMB1,RPS3,RPL14,RPL13,RPS27A,DCAF11,RPL18,EIF4E,RPL17,RPL19,RANBP2,SMAD3,RPL35A,EEF2,ARCN1,RPS28,HNRNPK,CCDC8,DOLPP1,OGDH,COPG1,FOLR2,RPS21,EIF4G1"
"REACTOME_PATHWAY","SARS-CoV-1 modulates host translation machinery","12","191","31","10908","2.09e-12","4.31e-11","22.11","2.11e-9","3.26e-11","6.20e-14","R-HSA-9735869~SARS-CoV-1 modulates host translation machinery","RPS4X,RPS28,RPS16,RPS19,RPS18,RPS5,RPS3,RPS27A,RPS11,RPS21,RPS13,RPS12"
"REACTOME_PATHWAY","Ribosomal scanning and start codon recognition","14","191","53","10908","4.12e-12","8.14e-11","15.09","4.15e-9","6.15e-11","2.09e-13","R-HSA-72702~Ribosomal scanning and start codon recognition","RPS5,RPS4X,RPS28,RPS16,RPS19,RPS18,RPS3,RPS27A,RPS11,RPS21,EIF4E,RPS13,EIF4G1,RPS12"
"REACTOME_PATHWAY","Translation initiation complex formation","14","191","53","10908","4.12e-12","8.14e-11","15.09","4.15e-9","6.15e-11","2.09e-13","R-HSA-72649~Translation initiation complex formation","RPS5,RPS4X,RPS28,RPS16,RPS19,RPS18,RPS3,RPS27A,RPS11,RPS21,EIF4E,RPS13,EIF4G1,RPS12"
"GOTERM_BP_DIRECT","RNA splicing","23","247","228","16251","5.29e-12","7.77e-10","6.64","6.99e-9","7.60e-10","7.26e-13","GO:0008380~RNA splicing","RBM39,SF3B2,SF3A2,SF3B3,U2AF1,USP39,PRPF8,SFPQ,HNRNPK,SON,SNRPD2,SNRPD1,CWC22,SRSF3,SNRPA1,SNRPD3,SNRPF,SNRNP200,CACTIN,ZC3H13,MBNL3,SLU7,SF3B1"
"REACTOME_PATHWAY","Activation of the mRNA upon binding of the cap-binding complex and eIFs, and subsequent binding to 43S","14","191","54","10908","5.34e-12","1.04e-10","14.81","5.38e-9","7.83e-11","2.78e-13","R-HSA-72662~Activation of the mRNA upon binding of the cap-binding complex and eIFs, and subsequent binding to 43S","RPS5,RPS4X,RPS28,RPS16,RPS19,RPS18,RPS3,RPS27A,RPS11,RPS21,EIF4E,RPS13,EIF4G1,RPS12"
"REACTOME_PATHWAY","AUF1 (hnRNP D0) binds and destabilizes mRNA","12","191","42","10908","8.96e-11","1.70e-9","16.32","9.03e-8","1.29e-9","4.11e-12","R-HSA-450408~AUF1 (hnRNP D0) binds and destabilizes mRNA","PSMD8,PSMD7,PSMD11,PSMA2,UBC,PSMB1,PSMD3,HSPB1,PSMD1,RPS27A,UBA52,EIF4G1"
"REACTOME_PATHWAY","SARS-CoV-2-host interactions","21","191","194","10908","1.48e-10","2.77e-9","6.18","1.49e-7","2.09e-9","2.17e-11","R-HSA-9705683~SARS-CoV-2-host interactions","RANBP2,SAR1B,RPS5,RPS4X,RPS28,RPS16,SNRPD2,RPS19,SNRPD1,RPS18,NUP62,UBC,RPS3,SNRPD3,SNRPF,RPS27A,RPS11,UBA52,RPS21,RPS13,RPS12"
"REACTOME_PATHWAY","Formation of the ternary complex, and subsequently, the 43S complex","12","191","46","10908","2.63e-10","4.82e-9","14.90","2.65e-7","3.64e-9","1.36e-11","R-HSA-72695~Formation of the ternary complex, and subsequently, the 43S complex","RPS4X,RPS28,RPS16,RPS19,RPS18,RPS5,RPS3,RPS27A,RPS11,RPS21,RPS13,RPS12"
"REACTOME_PATHWAY","SARS-CoV-1-host interactions","15","191","92","10908","5.62e-10","1.01e-8","9.31","5.66e-7","7.65e-9","5.18e-11","R-HSA-9692914~SARS-CoV-1-host interactions","SMAD3,RPS5,RPS4X,RPS28,RPS16,RPS19,RPS18,UBC,RPS3,RPS27A,RPS11,UBA52,RPS21,RPS13,RPS12"
"GOTERM_BP_DIRECT","spermatogenesis","30","247","519","16251","1.36e-9","1.80e-7","3.80","1.80e-6","1.76e-7","3.39e-10","GO:0007283~spermatogenesis","RPL4,RPL5,RPL30,RPL3,RPL12,RPLP0,RPL11,RPL10A,RPL8,RPL9,RPL6,RPL7,RPL7A,PSMB1,RPL36,RPL14,RPL13,RPL38,RPL18,RPL17,RPL19,RPL21,RPL23,RPL35A,SIRT1,PSMA2,RPL37A,RPL27,SNRPA1,UBA52"
"REACTOME_PATHWAY","CDK-mediated phosphorylation and removal of Cdc6","12","191","59","10908","4.53e-9","8.01e-8","11.62","4.56e-6","6.06e-8","3.21e-10","R-HSA-69017~CDK-mediated phosphorylation and removal of Cdc6","PSMD8,PSMD7,PSMD11,PSMA2,UBC,PSMB1,PSMD3,PSMD1,CDC6,RPS27A,UBA52,ANAPC2"
"REACTOME_PATHWAY","Regulation of mRNA stability by proteins that bind AU-rich elements","13","191","74","10908","4.71e-9","8.19e-8","10.03","4.74e-6","6.19e-8","3.97e-10","R-HSA-450531~Regulation of mRNA stability by proteins that bind AU-rich elements","PSMD11,HSPB1,PSMD8,PSMD7,XPO1,PSMA2,PSMD3,UBC,PSMB1,PSMD1,RPS27A,UBA52,EIF4G1"
"REACTOME_PATHWAY","Metabolism","72","191","2127","10908","5.77e-9","9.86e-8","1.93","5.81e-6","7.45e-8","2.91e-9","R-HSA-1430728~Metabolism","RPL4,RPL5,RPL30,RPL3,RPLP0,ACSM6,CCNC,RPL10A,RPL8,RPL9,RPL6,RPL7,RPS4X,PSMD8,RPL7A,RPS16,PSMD7,RPS19,RPS18,PSMD3,NUP62,RPL36,CYP1B1,PSMD1,RPL38,RPS11,CIAO2B,RPS13,RPS12,ELOVL1,ADSL,CHST7,RPL21,RPL23,RPS5,DARS1,PSMA2,B3GNT4,RPL37A,RPL27,UBA52,PSMD11,SAR1B,RPL12,RPL11,GMPS,MGST1,NRF1,ADCY6,MAT2A,UBC,ESD,PSMB1,RPS3,RPL14,RPL13,UGT1A3,RPS27A,RPL18,RPL17,RPL19,RANBP2,RPL35A,FAH,RPS28,AADAC,OGDH,SCLY,FMOD,FOLR2,RPS21,RAN"
"GOTERM_BP_DIRECT","ribosomal small subunit biogenesis","12","247","69","16251","6.44e-9","7.73e-7","11.44","8.51e-6","7.56e-7","4.77e-10","GO:0042274~ribosomal small subunit biogenesis","RPS4X,FBL,RPS28,RPS16,RPS19,RPS5,SNU13,RPS27A,RPS11,WDR46,RPS13,RPS12"
"REACTOME_PATHWAY","Regulation of activated PAK-2p34 by proteasome mediated degradation","10","191","37","10908","9.97e-9","1.68e-7","15.44","1.00e-5","1.27e-7","4.95e-10","R-HSA-211733~Regulation of activated PAK-2p34 by proteasome mediated degradation","PSMD8,PSMD7,PSMD11,PSMA2,UBC,PSMB1,PSMD3,PSMD1,RPS27A,UBA52"
"REACTOME_PATHWAY","mRNA Splicing - Minor Pathway","11","191","50","10908","1.14e-8","1.88e-7","12.56","1.15e-5","1.42e-7","7.33e-10","R-HSA-72165~mRNA Splicing - Minor Pathway","SF3B5,SF3B2,SF3B3,SNRPD2,SNRPD1,SF3B6,SNRPD3,SNRPF,SNRNP200,PRPF8,SF3B1"
"REACTOME_PATHWAY","CHD1 and CHD2 subfamily","13","191","81","10908","1.37e-8","2.22e-7","9.17","1.37e-5","1.68e-7","1.28e-9","R-HSA-9943411~CHD1 and CHD2 subfamily","SF3A3,SF3B5,SF3B2,SF3A1,SF3A2,SF3B3,SF3B6,SNRPD2,SNRPD1,SNRPA1,SNRPD3,SNRPF,SF3B1"
"REACTOME_PATHWAY","Autodegradation of the E3 ubiquitin ligase COP1","10","191","39","10908","1.65e-8","2.56e-7","14.64","1.66e-5","1.93e-7","8.76e-10","R-HSA-349425~Autodegradation of the E3 ubiquitin ligase COP1","PSMD8,PSMD7,PSMD11,PSMA2,UBC,PSMB1,PSMD3,PSMD1,RPS27A,UBA52"
"REACTOME_PATHWAY","Ubiquitin-dependent degradation of Cyclin D","10","191","39","10908","1.65e-8","2.56e-7","14.64","1.66e-5","1.93e-7","8.76e-10","R-HSA-75815~Ubiquitin-dependent degradation of Cyclin D","PSMD8,PSMD7,PSMD11,PSMA2,UBC,PSMB1,PSMD3,PSMD1,RPS27A,UBA52"
"REACTOME_PATHWAY","Vpu mediated degradation of CD4","10","191","39","10908","1.65e-8","2.56e-7","14.64","1.66e-5","1.93e-7","8.76e-10","R-HSA-180534~Vpu mediated degradation of CD4","PSMD8,PSMD7,PSMD11,PSMA2,UBC,PSMB1,PSMD3,PSMD1,RPS27A,UBA52"
"REACTOME_PATHWAY","Autodegradation of Cdh1 by Cdh1:APC/C","11","191","53","10908","2.07e-8","3.15e-7","11.85","2.08e-5","2.38e-7","1.43e-9","R-HSA-174084~Autodegradation of Cdh1 by Cdh1:APC/C","PSMD8,PSMD7,PSMD11,PSMA2,UBC,PSMB1,PSMD3,PSMD1,RPS27A,UBA52,ANAPC2"
"REACTOME_PATHWAY","APC/C:Cdc20 mediated degradation of Securin","11","191","54","10908","2.50e-8","3.76e-7","11.63","2.51e-5","2.84e-7","1.77e-9","R-HSA-174154~APC/C:Cdc20 mediated degradation of Securin","PSMD8,PSMD7,PSMD11,PSMA2,UBC,PSMB1,PSMD3,PSMD1,RPS27A,UBA52,ANAPC2"
"REACTOME_PATHWAY","Regulation of Apoptosis","10","191","41","10908","2.64e-8","3.86e-7","13.93","2.66e-5","2.92e-7","1.50e-9","R-HSA-169911~Regulation of Apoptosis","PSMD8,PSMD7,PSMD11,PSMA2,UBC,PSMB1,PSMD3,PSMD1,RPS27A,UBA52"
"REACTOME_PATHWAY","Vif-mediated degradation of APOBEC3G","10","191","41","10908","2.64e-8","3.86e-7","13.93","2.66e-5","2.92e-7","1.50e-9","R-HSA-180585~Vif-mediated degradation of APOBEC3G","PSMD8,PSMD7,PSMD11,PSMA2,UBC,PSMB1,PSMD3,PSMD1,RPS27A,UBA52"
"GOTERM_BP_DIRECT","spliceosomal complex assembly","9","247","34","16251","3.18e-8","3.50e-6","17.42","4.20e-5","3.43e-6","1.41e-9","GO:0000245~spliceosomal complex assembly","SF3A2,SNRPD2,SNRPD1,SNU13,SNRPD3,SNRPF,USP39,SF3B1,CRNKL1"
"REACTOME_PATHWAY","SCF-beta-TrCP mediated degradation of Emi1","10","191","42","10908","3.32e-8","4.58e-7","13.60","3.34e-5","3.46e-7","1.94e-9","R-HSA-174113~SCF-beta-TrCP mediated degradation of Emi1","PSMD8,PSMD7,PSMD11,PSMA2,UBC,PSMB1,PSMD3,PSMD1,RPS27A,UBA52"
"REACTOME_PATHWAY","Degradation of AXIN","10","191","42","10908","3.32e-8","4.58e-7","13.60","3.34e-5","3.46e-7","1.94e-9","R-HSA-4641257~Degradation of AXIN","PSMD8,PSMD7,PSMD11,PSMA2,UBC,PSMB1,PSMD3,PSMD1,RPS27A,UBA52"
"REACTOME_PATHWAY","GSK3B and BTRC:CUL1-mediated-degradation of NFE2L2","10","191","42","10908","3.32e-8","4.58e-7","13.60","3.34e-5","3.46e-7","1.94e-9","R-HSA-9762114~GSK3B and BTRC:CUL1-mediated-degradation of NFE2L2","PSMD8,PSMD7,PSMD11,PSMA2,UBC,PSMB1,PSMD3,PSMD1,RPS27A,UBA52"
"REACTOME_PATHWAY","FBXL7 down-regulates AURKA during mitotic entry and in early mitosis","10","191","42","10908","3.32e-8","4.58e-7","13.60","3.34e-5","3.46e-7","1.94e-9","R-HSA-8854050~FBXL7 down-regulates AURKA during mitotic entry and in early mitosis","PSMD8,PSMD7,PSMD11,PSMA2,UBC,PSMB1,PSMD3,PSMD1,RPS27A,UBA52"
"REACTOME_PATHWAY","SARS-CoV-2 Infection","22","191","293","10908","3.74e-8","5.09e-7","4.29","3.76e-5","3.85e-7","8.14e-9","R-HSA-9694516~SARS-CoV-2 Infection","RANBP2,SAR1B,RPS5,RPS4X,RPS28,RPS16,SNRPD2,RPS19,SNRPD1,RPS18,NUP62,UBC,RPS3,SNRPD3,SNRPF,MAN1B1,RPS27A,RPS11,UBA52,RPS21,RPS13,RPS12"
"REACTOME_PATHWAY","Hh mutants are degraded by ERAD","10","191","43","10908","4.13e-8","5.55e-7","13.28","4.16e-5","4.20e-7","2.49e-9","R-HSA-5362768~Hh mutants are degraded by ERAD","PSMD8,PSMD7,PSMD11,PSMA2,UBC,PSMB1,PSMD3,PSMD1,RPS27A,UBA52"
"REACTOME_PATHWAY","GSK3B-mediated proteasomal degradation of PD-L1(CD274)","10","191","44","10908","5.12e-8","6.46e-7","12.98","5.15e-5","4.88e-7","3.17e-9","R-HSA-9929356~GSK3B-mediated proteasomal degradation of PD-L1(CD274)","PSMD8,PSMD7,PSMD11,PSMA2,UBC,PSMB1,PSMD3,PSMD1,RPS27A,UBA52"
"REACTOME_PATHWAY","Negative regulation of NOTCH4 signaling","10","191","44","10908","5.12e-8","6.46e-7","12.98","5.15e-5","4.88e-7","3.17e-9","R-HSA-9604323~Negative regulation of NOTCH4 signaling","PSMD8,PSMD7,PSMD11,PSMA2,UBC,PSMB1,PSMD3,PSMD1,RPS27A,UBA52"
"REACTOME_PATHWAY","Stabilization of p53","10","191","44","10908","5.12e-8","6.46e-7","12.98","5.15e-5","4.88e-7","3.17e-9","R-HSA-69541~Stabilization of p53","PSMD8,PSMD7,PSMD11,PSMA2,UBC,PSMB1,PSMD3,PSMD1,RPS27A,UBA52"
"REACTOME_PATHWAY","Degradation of DVL","10","191","44","10908","5.12e-8","6.46e-7","12.98","5.15e-5","4.88e-7","3.17e-9","R-HSA-4641258~Degradation of DVL","PSMD8,PSMD7,PSMD11,PSMA2,UBC,PSMB1,PSMD3,PSMD1,RPS27A,UBA52"
"REACTOME_PATHWAY","Orc1 removal from chromatin","11","191","58","10908","5.13e-8","6.46e-7","10.83","5.16e-5","4.88e-7","3.95e-9","R-HSA-68949~Orc1 removal from chromatin","PSMD8,PSMD7,PSMD11,PSMA2,UBC,PSMB1,PSMD3,PSMD1,CDC6,RPS27A,UBA52"
"REACTOME_PATHWAY","Cdc20:Phospho-APC/C mediated degradation of Cyclin A","11","191","59","10908","6.08e-8","7.57e-7","10.65","6.12e-5","5.72e-7","4.79e-9","R-HSA-174184~Cdc20:Phospho-APC/C mediated degradation of Cyclin A","PSMD8,PSMD7,PSMD11,PSMA2,UBC,PSMB1,PSMD3,PSMD1,RPS27A,UBA52,ANAPC2"
"REACTOME_PATHWAY","MAPK6/MAPK4 signaling","12","191","75","10908","6.22e-8","7.65e-7","9.14","6.26e-5","5.78e-7","5.86e-9","R-HSA-5687128~MAPK6/MAPK4 signaling","PSMD8,PSMD7,PSMD11,XPO1,PSMA2,UBC,PSMB1,PSMD3,HSPB1,PSMD1,RPS27A,UBA52"
"REACTOME_PATHWAY","Regulation of RUNX3 expression and activity","10","191","45","10908","6.30e-8","7.65e-7","12.69","6.34e-5","5.78e-7","4.01e-9","R-HSA-8941858~Regulation of RUNX3 expression and activity","PSMD8,PSMD7,PSMD11,PSMA2,UBC,PSMB1,PSMD3,PSMD1,RPS27A,UBA52"
"REACTOME_PATHWAY","APC/C:Cdh1 mediated degradation of Cdc20 and other APC/C:Cdh1 targeted proteins in late mitosis/early G1","11","191","60","10908","7.19e-8","8.52e-7","10.47","7.24e-5","6.44e-7","5.77e-9","R-HSA-174178~APC/C:Cdh1 mediated degradation of Cdc20 and other APC/C:Cdh1 targeted proteins in late mitosis/early G1","PSMD8,PSMD7,PSMD11,PSMA2,UBC,PSMB1,PSMD3,PSMD1,RPS27A,UBA52,ANAPC2"
"REACTOME_PATHWAY","APC:Cdc20 mediated degradation of cell cycle proteins prior to satisfation of the cell cycle checkpoint","11","191","60","10908","7.19e-8","8.52e-7","10.47","7.24e-5","6.44e-7","5.77e-9","R-HSA-179419~APC:Cdc20 mediated degradation of cell cycle proteins prior to satisfation of the cell cycle checkpoint","PSMD8,PSMD7,PSMD11,PSMA2,UBC,PSMB1,PSMD3,PSMD1,RPS27A,UBA52,ANAPC2"
"REACTOME_PATHWAY","NIK-->noncanonical NF-kB signaling","10","191","46","10908","7.72e-8","8.84e-7","12.42","7.77e-5","6.68e-7","5.05e-9","R-HSA-5676590~NIK-->noncanonical NF-kB signaling","PSMD8,PSMD7,PSMD11,PSMA2,UBC,PSMB1,PSMD3,PSMD1,RPS27A,UBA52"
"REACTOME_PATHWAY","SPOP-mediated proteasomal degradation of PD-L1(CD274)","10","191","46","10908","7.72e-8","8.84e-7","12.42","7.77e-5","6.68e-7","5.05e-9","R-HSA-9929491~SPOP-mediated proteasomal degradation of PD-L1(CD274)","PSMD8,PSMD7,PSMD11,PSMA2,UBC,PSMB1,PSMD3,PSMD1,RPS27A,UBA52"
"REACTOME_PATHWAY","Hh mutants abrogate ligand secretion","10","191","46","10908","7.72e-8","8.84e-7","12.42","7.77e-5","6.68e-7","5.05e-9","R-HSA-5387390~Hh mutants abrogate ligand secretion","PSMD8,PSMD7,PSMD11,PSMA2,UBC,PSMB1,PSMD3,PSMD1,RPS27A,UBA52"
"REACTOME_PATHWAY","GLI3 is processed to GLI3R by the proteasome","10","191","47","10908","9.40e-8","1.02e-6","12.15","9.47e-5","7.74e-7","6.32e-9","R-HSA-5610785~GLI3 is processed to GLI3R by the proteasome","PSMD8,PSMD7,PSMD11,PSMA2,UBC,PSMB1,PSMD3,PSMD1,RPS27A,UBA52"
"REACTOME_PATHWAY","Degradation of GLI2 by the proteasome","10","191","47","10908","9.40e-8","1.02e-6","12.15","9.47e-5","7.74e-7","6.32e-9","R-HSA-5610783~Degradation of GLI2 by the proteasome","PSMD8,PSMD7,PSMD11,PSMA2,UBC,PSMB1,PSMD3,PSMD1,RPS27A,UBA52"
"REACTOME_PATHWAY","Dectin-1 mediated noncanonical NF-kB signaling","10","191","47","10908","9.40e-8","1.02e-6","12.15","9.47e-5","7.74e-7","6.32e-9","R-HSA-5607761~Dectin-1 mediated noncanonical NF-kB signaling","PSMD8,PSMD7,PSMD11,PSMA2,UBC,PSMB1,PSMD3,PSMD1,RPS27A,UBA52"
"REACTOME_PATHWAY","Degradation of GLI1 by the proteasome","10","191","47","10908","9.40e-8","1.02e-6","12.15","9.47e-5","7.74e-7","6.32e-9","R-HSA-5610780~Degradation of GLI1 by the proteasome","PSMD8,PSMD7,PSMD11,PSMA2,UBC,PSMB1,PSMD3,PSMD1,RPS27A,UBA52"
"REACTOME_PATHWAY","Switching of origins to a post-replicative state","12","191","78","10908","9.44e-8","1.02e-6","8.79","9.51e-5","7.74e-7","9.31e-9","R-HSA-69052~Switching of origins to a post-replicative state","PSMD8,PSMD7,PSMD11,PSMA2,UBC,PSMB1,PSMD3,PSMD1,CDC6,RPS27A,UBA52,ANAPC2"
"REACTOME_PATHWAY","APC/C:Cdc20 mediated degradation of mitotic proteins","11","191","62","10908","9.94e-8","1.07e-6","10.13","1.00e-4","8.06e-7","8.30e-9","R-HSA-176409~APC/C:Cdc20 mediated degradation of mitotic proteins","PSMD8,PSMD7,PSMD11,PSMA2,UBC,PSMB1,PSMD3,PSMD1,RPS27A,UBA52,ANAPC2"
"GOTERM_BP_DIRECT","ribosomal large subunit biogenesis","9","247","39","16251","1.01e-7","1.03e-5","15.18","1.33e-4","1.00e-5","5.33e-9","GO:0042273~ribosomal large subunit biogenesis","RPL5,EBNA1BP2,RPL11,RPL14,AIRIM,RPL35A,WDR12,GTPBP4,RPL7"
"REACTOME_PATHWAY","SARS-CoV-1 Infection","15","191","137","10908","1.07e-7","1.13e-6","6.25","1.07e-4","8.55e-7","1.54e-8","R-HSA-9678108~SARS-CoV-1 Infection","SMAD3,RPS5,RPS4X,RPS28,RPS16,RPS19,RPS18,UBC,RPS3,RPS27A,RPS11,UBA52,RPS21,RPS13,RPS12"
"REACTOME_PATHWAY","Degradation of CRY and PER proteins","10","191","48","10908","1.14e-7","1.18e-6","11.90","1.15e-4","8.95e-7","7.86e-9","R-HSA-9932298~Degradation of CRY and PER proteins","PSMD8,PSMD7,PSMD11,PSMA2,UBC,PSMB1,PSMD3,PSMD1,RPS27A,UBA52"
"REACTOME_PATHWAY","Defective CFTR causes cystic fibrosis","10","191","48","10908","1.14e-7","1.18e-6","11.90","1.15e-4","8.95e-7","7.86e-9","R-HSA-5678895~Defective CFTR causes cystic fibrosis","PSMD8,PSMD7,PSMD11,PSMA2,UBC,PSMB1,PSMD3,PSMD1,RPS27A,UBA52"
"REACTOME_PATHWAY","Activation of APC/C and APC/C:Cdc20 mediated degradation of mitotic proteins","11","191","63","10908","1.16e-7","1.20e-6","9.97","1.17e-4","9.05e-7","9.91e-9","R-HSA-176814~Activation of APC/C and APC/C:Cdc20 mediated degradation of mitotic proteins","PSMD8,PSMD7,PSMD11,PSMA2,UBC,PSMB1,PSMD3,PSMD1,RPS27A,UBA52,ANAPC2"
"REACTOME_PATHWAY","Host Interactions of HIV factors","14","191","118","10908","1.27e-7","1.29e-6","6.78","1.28e-4","9.76e-7","1.68e-8","R-HSA-162909~Host Interactions of HIV factors","RANBP2,PSMD11,PSMD8,PSMD7,XPO1,PSMA2,PSMD3,NUP62,UBC,PSMB1,PSMD1,RPS27A,UBA52,RAN"
"REACTOME_PATHWAY","SCF(Skp2)-mediated degradation of p27/p21","10","191","50","10908","1.65e-7","1.67e-6","11.42","1.66e-4","1.26e-6","1.20e-8","R-HSA-187577~SCF(Skp2)-mediated degradation of p27/p21","PSMD8,PSMD7,PSMD11,PSMA2,UBC,PSMB1,PSMD3,PSMD1,RPS27A,UBA52"
"REACTOME_PATHWAY","SARS-CoV Infections","25","191","409","10908","1.70e-7","1.70e-6","3.49","1.71e-4","1.28e-6","4.61e-8","R-HSA-9679506~SARS-CoV Infections","ROCK2,SAR1B,ATP1A1,RPS4X,RPS16,RPS19,SNRPD2,RPS18,SNRPD1,NUP62,UBC,RPS3,SNRPD3,RPS27A,RPS11,RPS13,RPS12,RANBP2,SMAD3,RPS5,RPS28,SNRPF,MAN1B1,UBA52,RPS21"
"REACTOME_PATHWAY","p53-Independent G1/S DNA Damage Checkpoint","10","191","51","10908","1.98e-7","1.92e-6","11.20","1.99e-4","1.45e-6","1.47e-8","R-HSA-69613~p53-Independent G1/S DNA Damage Checkpoint","PSMD8,PSMD7,PSMD11,PSMA2,UBC,PSMB1,PSMD3,PSMD1,RPS27A,UBA52"
"REACTOME_PATHWAY","Asymmetric localization of PCP proteins","10","191","51","10908","1.98e-7","1.92e-6","11.20","1.99e-4","1.45e-6","1.47e-8","R-HSA-4608870~Asymmetric localization of PCP proteins","PSMD8,PSMD7,PSMD11,PSMA2,UBC,PSMB1,PSMD3,PSMD1,RPS27A,UBA52"
"REACTOME_PATHWAY","Ubiquitin-Mediated Degradation of Phosphorylated Cdc25A","10","191","51","10908","1.98e-7","1.92e-6","11.20","1.99e-4","1.45e-6","1.47e-8","R-HSA-69601~Ubiquitin-Mediated Degradation of Phosphorylated Cdc25A","PSMD8,PSMD7,PSMD11,PSMA2,UBC,PSMB1,PSMD3,PSMD1,RPS27A,UBA52"
"REACTOME_PATHWAY","Regulation of APC/C activators between G1/S and early anaphase","11","191","67","10908","2.13e-7","2.04e-6","9.38","2.14e-4","1.54e-6","1.95e-8","R-HSA-176408~Regulation of APC/C activators between G1/S and early anaphase","PSMD8,PSMD7,PSMD11,PSMA2,UBC,PSMB1,PSMD3,PSMD1,RPS27A,UBA52,ANAPC2"
"REACTOME_PATHWAY","Hedgehog ligand biogenesis","10","191","52","10908","2.35e-7","2.24e-6","10.98","2.37e-4","1.69e-6","1.79e-8","R-HSA-5358346~Hedgehog ligand biogenesis","PSMD8,PSMD7,PSMD11,PSMA2,UBC,PSMB1,PSMD3,PSMD1,RPS27A,UBA52"
"GOTERM_BP_DIRECT","rRNA processing","14","247","143","16251","2.67e-7","2.52e-5","6.44","3.53e-4","2.47e-5","3.79e-8","GO:0006364~rRNA processing","RPL5,EIF4A3,RPL11,RPL35A,WDR12,WDR46,RPL7,FBL,EBNA1BP2,RPS28,RPS16,RPS19,RPL14,RPL27"
"REACTOME_PATHWAY","Oxygen-dependent proline hydroxylation of Hypoxia-inducible Factor Alpha","10","191","53","10908","2.79e-7","2.56e-6","10.78","2.81e-4","1.94e-6","2.17e-8","R-HSA-1234176~Oxygen-dependent proline hydroxylation of Hypoxia-inducible Factor Alpha","PSMD8,PSMD7,PSMD11,PSMA2,UBC,PSMB1,PSMD3,PSMD1,RPS27A,UBA52"
"REACTOME_PATHWAY","p53-Dependent G1 DNA Damage Response","10","191","53","10908","2.79e-7","2.56e-6","10.78","2.81e-4","1.94e-6","2.17e-8","R-HSA-69563~p53-Dependent G1 DNA Damage Response","PSMD8,PSMD7,PSMD11,PSMA2,UBC,PSMB1,PSMD3,PSMD1,RPS27A,UBA52"
"REACTOME_PATHWAY","p53-Dependent G1/S DNA damage checkpoint","10","191","53","10908","2.79e-7","2.56e-6","10.78","2.81e-4","1.94e-6","2.17e-8","R-HSA-69580~p53-Dependent G1/S DNA damage checkpoint","PSMD8,PSMD7,PSMD11,PSMA2,UBC,PSMB1,PSMD3,PSMD1,RPS27A,UBA52"
"REACTOME_PATHWAY","Degradation of CDH1","10","191","53","10908","2.79e-7","2.56e-6","10.78","2.81e-4","1.94e-6","2.17e-8","R-HSA-9766229~Degradation of CDH1","PSMD8,PSMD7,PSMD11,PSMA2,UBC,PSMB1,PSMD3,PSMD1,RPS27A,UBA52"
"REACTOME_PATHWAY","Activation of NF-kappaB in B cells","10","191","54","10908","3.30e-7","3.00e-6","10.58","3.33e-4","2.27e-6","2.63e-8","R-HSA-1169091~Activation of NF-kappaB in B cells","PSMD8,PSMD7,PSMD11,PSMA2,UBC,PSMB1,PSMD3,PSMD1,RPS27A,UBA52"
"REACTOME_PATHWAY","AMPK-induced ERAD and lysosome mediated degradation of PD-L1(CD274)","10","191","55","10908","3.89e-7","3.47e-6","10.38","3.92e-4","2.62e-6","3.16e-8","R-HSA-9931269~AMPK-induced ERAD and lysosome mediated degradation of PD-L1(CD274)","PSMD8,PSMD7,PSMD11,PSMA2,UBC,PSMB1,PSMD3,PSMD1,RPS27A,UBA52"
"REACTOME_PATHWAY","Regulation of RAS by GAPs","10","191","55","10908","3.89e-7","3.47e-6","10.38","3.92e-4","2.62e-6","3.16e-8","R-HSA-5658442~Regulation of RAS by GAPs","PSMD8,PSMD7,PSMD11,PSMA2,UBC,PSMB1,PSMD3,PSMD1,RPS27A,UBA52"
"REACTOME_PATHWAY","Circadian clock","13","191","109","10908","3.95e-7","3.50e-6","6.81","3.98e-4","2.64e-6","5.20e-8","R-HSA-9909396~Circadian clock","PSMD11,SIRT1,PSMD8,PSMD7,PSMA2,BHLHE40,NRIP1,PSMD3,UBC,PSMB1,PSMD1,RPS27A,UBA52"
"REACTOME_PATHWAY","Regulation of PTEN stability and activity","10","191","56","10908","4.57e-7","4.00e-6","10.20","4.60e-4","3.03e-6","3.79e-8","R-HSA-8948751~Regulation of PTEN stability and activity","PSMD8,PSMD7,PSMD11,PSMA2,UBC,PSMB1,PSMD3,PSMD1,RPS27A,UBA52"
"REACTOME_PATHWAY","Signaling by NOTCH4","11","191","73","10908","4.87e-7","4.23e-6","8.61","4.90e-4","3.20e-6","4.92e-8","R-HSA-9013694~Signaling by NOTCH4","PSMD8,PSMD7,PSMD11,SMAD3,PSMA2,UBC,PSMB1,PSMD3,PSMD1,RPS27A,UBA52"
"REACTOME_PATHWAY","APC/C-mediated degradation of cell cycle proteins","11","191","74","10908","5.54e-7","4.74e-6","8.49","5.58e-4","3.58e-6","5.69e-8","R-HSA-174143~APC/C-mediated degradation of cell cycle proteins","PSMD8,PSMD7,PSMD11,PSMA2,UBC,PSMB1,PSMD3,PSMD1,RPS27A,UBA52,ANAPC2"
"REACTOME_PATHWAY","Regulation of mitotic cell cycle","11","191","74","10908","5.54e-7","4.74e-6","8.49","5.58e-4","3.58e-6","5.69e-8","R-HSA-453276~Regulation of mitotic cell cycle","PSMD8,PSMD7,PSMD11,PSMA2,UBC,PSMB1,PSMD3,PSMD1,RPS27A,UBA52,ANAPC2"
"REACTOME_PATHWAY","Regulation of RUNX2 expression and activity","10","191","58","10908","6.23e-7","5.28e-6","9.85","6.27e-4","3.99e-6","5.39e-8","R-HSA-8939902~Regulation of RUNX2 expression and activity","PSMD8,PSMD7,PSMD11,PSMA2,UBC,PSMB1,PSMD3,PSMD1,RPS27A,UBA52"
"GOTERM_BP_DIRECT","mRNA 3'-splice site recognition","5","247","6","16251","7.51e-7","6.61e-5","54.83","9.92e-4","6.47e-5","4.62e-9","GO:0000389~mRNA 3'-splice site recognition","SF3A3,ISY1,SF3A1,SF3A2,SLU7"
"REACTOME_PATHWAY","Regulation of CDH1 Function","10","191","60","10908","8.39e-7","7.05e-6","9.52","8.45e-4","5.33e-6","7.55e-8","R-HSA-9764561~Regulation of CDH1 Function","PSMD8,PSMD7,PSMD11,PSMA2,UBC,PSMB1,PSMD3,PSMD1,RPS27A,UBA52"
"REACTOME_PATHWAY","Cellular response to hypoxia","10","191","62","10908","1.12e-6","9.31e-6","9.21","1.12e-3","7.04e-6","1.04e-7","R-HSA-1234174~Cellular response to hypoxia","PSMD8,PSMD7,PSMD11,PSMA2,UBC,PSMB1,PSMD3,PSMD1,RPS27A,UBA52"
"REACTOME_PATHWAY","The role of GTSE1 in G2/M progression after G2 checkpoint","10","191","63","10908","1.28e-6","1.06e-5","9.07","1.29e-3","8.02e-6","1.22e-7","R-HSA-8852276~The role of GTSE1 in G2/M progression after G2 checkpoint","PSMD8,PSMD7,PSMD11,PSMA2,UBC,PSMB1,PSMD3,PSMD1,RPS27A,UBA52"
"GOTERM_BP_DIRECT","mRNA processing","18","247","280","16251","1.32e-6","1.09e-4","4.23","1.74e-3","1.06e-4","2.94e-7","GO:0006397~mRNA processing","SF3A3,RBM39,SF3B2,SF3A1,SF3A2,SF3B3,U2AF1,USP39,PRPF8,SFPQ,HNRNPK,SON,SNRPD2,CWC22,SRSF3,SNRNP200,ZC3H13,MBNL3"
"GOTERM_BP_DIRECT","spliceosomal tri-snRNP complex assembly","8","247","38","16251","1.41e-6","1.10e-4","13.85","1.87e-3","1.08e-4","8.39e-8","GO:0000244~spliceosomal tri-snRNP complex assembly","SNRPD2,SNRPD1,SNU13,SNRPD3,SNRPF,USP39,SNRNP200,PRPF8"
"REACTOME_PATHWAY","ABC transporter disorders","10","191","65","10908","1.68e-6","1.38e-5","8.79","1.69e-3","1.04e-5","1.66e-7","R-HSA-5619084~ABC transporter disorders","PSMD8,PSMD7,PSMD11,PSMA2,UBC,PSMB1,PSMD3,PSMD1,RPS27A,UBA52"
"REACTOME_PATHWAY","G1/S DNA Damage Checkpoints","10","191","67","10908","2.19e-6","1.78e-5","8.52","2.20e-3","1.34e-5","2.23e-7","R-HSA-69615~G1/S DNA Damage Checkpoints","PSMD8,PSMD7,PSMD11,PSMA2,UBC,PSMB1,PSMD3,PSMD1,RPS27A,UBA52"
"REACTOME_PATHWAY","Synthesis of DNA","12","191","106","10908","2.21e-6","1.78e-5","6.47","2.22e-3","1.35e-5","3.08e-7","R-HSA-69239~Synthesis of DNA","PSMD8,PSMD7,PSMD11,PSMA2,UBC,PSMB1,PSMD3,PSMD1,CDC6,RPS27A,UBA52,ANAPC2"
"REACTOME_PATHWAY","Transcriptional regulation by RUNX3","11","191","86","10908","2.28e-6","1.82e-5","7.30","2.29e-3","1.38e-5","2.77e-7","R-HSA-8878159~Transcriptional regulation by RUNX3","PSMD8,PSMD7,PSMD11,SMAD3,PSMA2,UBC,PSMB1,PSMD3,PSMD1,RPS27A,UBA52"
"REACTOME_PATHWAY","FCERI mediated NF-kB activation","10","191","69","10908","2.81e-6","2.23e-5","8.28","2.83e-3","1.69e-5","2.97e-7","R-HSA-2871837~FCERI mediated NF-kB activation","PSMD8,PSMD7,PSMD11,PSMA2,UBC,PSMB1,PSMD3,PSMD1,RPS27A,UBA52"
"REACTOME_PATHWAY","Degradation of beta-catenin by the destruction complex","10","191","70","10908","3.18e-6","2.47e-5","8.16","3.19e-3","1.87e-5","3.41e-7","R-HSA-195253~Degradation of beta-catenin by the destruction complex","PSMD8,PSMD7,PSMD11,PSMA2,UBC,PSMB1,PSMD3,PSMD1,RPS27A,UBA52"
"REACTOME_PATHWAY","Downstream signaling events of B Cell Receptor (BCR)","10","191","70","10908","3.18e-6","2.47e-5","8.16","3.19e-3","1.87e-5","3.41e-7","R-HSA-1168372~Downstream signaling events of B Cell Receptor (BCR)","PSMD8,PSMD7,PSMD11,PSMA2,UBC,PSMB1,PSMD3,PSMD1,RPS27A,UBA52"
"REACTOME_PATHWAY","Assembly of the pre-replicative complex","12","191","110","10908","3.19e-6","2.47e-5","6.23","3.21e-3","1.87e-5","4.63e-7","R-HSA-68867~Assembly of the pre-replicative complex","PSMD8,PSMD7,PSMD11,PSMA2,UBC,PSMB1,PSMD3,PSMD1,CDC6,RPS27A,UBA52,ANAPC2"
"REACTOME_PATHWAY","Hedgehog 'on' state","10","191","72","10908","4.04e-6","3.11e-5","7.93","4.06e-3","2.35e-5","4.48e-7","R-HSA-5632684~Hedgehog 'on' state","PSMD8,PSMD7,PSMD11,PSMA2,UBC,PSMB1,PSMD3,PSMD1,RPS27A,UBA52"
"REACTOME_PATHWAY","Cyclin E associated events during G1/S transition","10","191","73","10908","4.54e-6","3.46e-5","7.82","4.56e-3","2.62e-5","5.11e-7","R-HSA-69202~Cyclin E associated events during G1/S transition","PSMD8,PSMD7,PSMD11,PSMA2,UBC,PSMB1,PSMD3,PSMD1,RPS27A,UBA52"
"REACTOME_PATHWAY","Mitotic Anaphase","16","191","215","10908","5.07e-6","3.85e-5","4.25","5.10e-3","2.91e-5","1.11e-6","R-HSA-68882~Mitotic Anaphase","RANBP2,PSMD11,PSMD8,DYNC1LI2,PSMD7,XPO1,PSMA2,PSMD3,NUP62,UBC,PSMB1,PSMD1,RPS27A,UBA52,RAN,ANAPC2"
"REACTOME_PATHWAY","Mitotic Metaphase and Anaphase","16","191","216","10908","5.40e-6","4.06e-5","4.23","5.42e-3","3.07e-5","1.19e-6","R-HSA-2555396~Mitotic Metaphase and Anaphase","RANBP2,PSMD11,PSMD8,DYNC1LI2,PSMD7,XPO1,PSMA2,PSMD3,NUP62,UBC,PSMB1,PSMD1,RPS27A,UBA52,RAN,ANAPC2"
"REACTOME_PATHWAY","Cyclin A:Cdk2-associated events at S phase entry","10","191","75","10908","5.69e-6","4.25e-5","7.61","5.72e-3","3.21e-5","6.61e-7","R-HSA-69656~Cyclin A:Cdk2-associated events at S phase entry","PSMD8,PSMD7,PSMD11,PSMA2,UBC,PSMB1,PSMD3,PSMD1,RPS27A,UBA52"
"REACTOME_PATHWAY","CHD chromatin remodelers","13","191","140","10908","5.75e-6","4.26e-5","5.30","5.77e-3","3.22e-5","9.94e-7","R-HSA-9937848~CHD chromatin remodelers","SF3A3,SF3B5,SF3B2,SF3A1,SF3A2,SF3B3,SF3B6,SNRPD2,SNRPD1,SNRPA1,SNRPD3,SNRPF,SF3B1"
"GOTERM_BP_DIRECT","negative regulation of mRNA splicing, via spliceosome","7","247","31","16251","6.07e-6","4.45e-4","14.86","7.99e-3","4.36e-4","3.32e-7","GO:0048025~negative regulation of mRNA splicing, via spliceosome","HNRNPK,SNRPD2,SNRPD1,SNRPD3,SNRPF,SNRNP200,PRPF8"
"REACTOME_PATHWAY","Activation of STAT3 by cadherin engagement","10","191","76","10908","6.36e-6","4.68e-5","7.51","6.39e-3","3.54e-5","7.50e-7","R-HSA-9958825~Activation of STAT3 by cadherin engagement","PSMD8,PSMD7,PSMD11,PSMA2,UBC,PSMB1,PSMD3,PSMD1,RPS27A,UBA52"
"REACTOME_PATHWAY","Antigen processing-Cross presentation","11","191","98","10908","7.53e-6","5.50e-5","6.41","7.55e-3","4.16e-5","1.06e-6","R-HSA-1236975~Antigen processing-Cross presentation","PSMD8,PSMD7,PSMD11,PSMA2,UBC,PSMB1,PSMD3,CYBB,PSMD1,RPS27A,UBA52"
"REACTOME_PATHWAY","PCP/CE pathway","10","191","78","10908","7.90e-6","5.73e-5","7.32","7.93e-3","4.33e-5","9.59e-7","R-HSA-4086400~PCP/CE pathway","PSMD8,PSMD7,PSMD11,PSMA2,UBC,PSMB1,PSMD3,PSMD1,RPS27A,UBA52"
"REACTOME_PATHWAY","Hedgehog 'off' state","11","191","99","10908","8.25e-6","5.94e-5","6.35","8.27e-3","4.49e-5","1.17e-6","R-HSA-5610787~Hedgehog 'off' state","PSMD8,PSMD7,PSMD11,PSMA2,UBC,PSMB1,PSMD3,PSMD1,RPS27A,UBA52,ADCY6"
"REACTOME_PATHWAY","ATP-dependent chromatin remodelers","14","191","171","10908","8.76e-6","6.24e-5","4.68","8.79e-3","4.72e-5","1.73e-6","R-HSA-9932444~ATP-dependent chromatin remodelers","SF3A3,SF3B5,SF3B2,SF3A1,SF3A2,SF3B3,SF3B6,SMARCA4,SNRPD2,SNRPD1,SNRPA1,SNRPD3,SNRPF,SF3B1"
"REACTOME_PATHWAY","UCH proteinases","10","191","79","10908","8.79e-6","6.24e-5","7.23","8.81e-3","4.72e-5","1.08e-6","R-HSA-5689603~UCH proteinases","PSMD8,PSMD7,PSMD11,PSMA2,UBC,PSMB1,PSMD3,PSMD1,RPS27A,UBA52"
"REACTOME_PATHWAY","Separation of Sister Chromatids","14","191","173","10908","9.97e-6","7.03e-5","4.62","9.99e-3","5.31e-5","1.99e-6","R-HSA-2467813~Separation of Sister Chromatids","RANBP2,PSMD11,PSMD8,DYNC1LI2,PSMD7,XPO1,PSMA2,PSMD3,UBC,PSMB1,PSMD1,RPS27A,UBA52,ANAPC2"
"REACTOME_PATHWAY","PTEN Regulation","12","191","126","10908","1.19e-5","8.29e-5","5.44","1.19e-2","6.27e-5","2.01e-6","R-HSA-6807070~PTEN Regulation","PSMD8,PSMD7,PSMD11,PSMA2,UBC,PSMB1,PSMD3,PSMD1,LAMTOR2,RPS27A,UBA52,MTOR"
"REACTOME_PATHWAY","DNA Replication Pre-Initiation","12","191","126","10908","1.19e-5","8.29e-5","5.44","1.19e-2","6.27e-5","2.01e-6","R-HSA-69002~DNA Replication Pre-Initiation","PSMD8,PSMD7,PSMD11,PSMA2,UBC,PSMB1,PSMD3,PSMD1,CDC6,RPS27A,UBA52,ANAPC2"
"GOTERM_BP_DIRECT","proteasomal protein catabolic process","9","247","72","16251","1.28e-5","8.88e-4","8.22","1.67e-2","8.69e-4","1.38e-6","GO:0010498~proteasomal protein catabolic process","PSMD8,PSMD7,PSMD11,PSMA2,PSMB1,PSMD3,UFD1,PSMD1,ANAPC2"
"REACTOME_PATHWAY","Downstream TCR signaling","10","191","83","10908","1.32e-5","9.06e-5","6.88","1.32e-2","6.85e-5","1.72e-6","R-HSA-202424~Downstream TCR signaling","PSMD8,PSMD7,PSMD11,PSMA2,UBC,PSMB1,PSMD3,PSMD1,RPS27A,UBA52"
"REACTOME_PATHWAY","ER-Phagosome pathway","10","191","83","10908","1.32e-5","9.06e-5","6.88","1.32e-2","6.85e-5","1.72e-6","R-HSA-1236974~ER-Phagosome pathway","PSMD8,PSMD7,PSMD11,PSMA2,UBC,PSMB1,PSMD3,PSMD1,RPS27A,UBA52"
"REACTOME_PATHWAY","Transcriptional regulation by RUNX2","11","191","105","10908","1.40e-5","9.51e-5","5.98","1.40e-2","7.19e-5","2.12e-6","R-HSA-8878166~Transcriptional regulation by RUNX2","PSMD8,RBM14,PSMD7,PSMD11,PSMA2,UBC,PSMB1,PSMD3,PSMD1,RPS27A,UBA52"
"GOTERM_BP_DIRECT","cellular response to type I interferon","7","247","36","16251","1.51e-5","9.95e-4","12.79","1.97e-2","9.74e-4","9.86e-7","GO:0071357~cellular response to type I interferon","PSMD8,PSMD7,PSMD11,PSMA2,PSMB1,PSMD3,PSMD1"
"REACTOME_PATHWAY","Regulation of PD-L1(CD274) Post-translational modification","10","191","86","10908","1.77e-5","1.19e-4","6.64","1.76e-2","8.98e-5","2.39e-6","R-HSA-9909615~Regulation of PD-L1(CD274) Post-translational modification","PSMD8,PSMD7,PSMD11,PSMA2,UBC,PSMB1,PSMD3,PSMD1,RPS27A,UBA52"
"REACTOME_PATHWAY","Nuclear events mediated by NFE2L2","10","191","86","10908","1.77e-5","1.19e-4","6.64","1.76e-2","8.98e-5","2.39e-6","R-HSA-9759194~Nuclear events mediated by NFE2L2","PSMD8,PSMD7,PSMD11,PSMA2,UBC,PSMB1,PSMD3,PSMD1,RPS27A,UBA52"
"REACTOME_PATHWAY","TNFR2 non-canonical NF-kB pathway","10","191","87","10908","1.94e-5","1.30e-4","6.56","1.94e-2","9.81e-5","2.66e-6","R-HSA-5668541~TNFR2 non-canonical NF-kB pathway","PSMD8,PSMD7,PSMD11,PSMA2,UBC,PSMB1,PSMD3,PSMD1,RPS27A,UBA52"
"REACTOME_PATHWAY","CLEC7A (Dectin-1) signaling","10","191","88","10908","2.13e-5","1.41e-4","6.49","2.12e-2","1.07e-4","2.96e-6","R-HSA-5607764~CLEC7A (Dectin-1) signaling","PSMD8,PSMD7,PSMD11,PSMA2,UBC,PSMB1,PSMD3,PSMD1,RPS27A,UBA52"
"REACTOME_PATHWAY","KEAP1-NFE2L2 pathway","11","191","111","10908","2.28e-5","1.50e-4","5.66","2.27e-2","1.13e-4","3.67e-6","R-HSA-9755511~KEAP1-NFE2L2 pathway","PSMD8,PSMD7,PSMD11,PSMA2,UBC,PSMB1,PSMD3,UFD1,PSMD1,RPS27A,UBA52"
"REACTOME_PATHWAY","ABC-family protein mediated transport","10","191","90","10908","2.56e-5","1.67e-4","6.35","2.54e-2","1.27e-4","3.64e-6","R-HSA-382556~ABC-family protein mediated transport","PSMD8,PSMD7,PSMD11,PSMA2,UBC,PSMB1,PSMD3,PSMD1,RPS27A,UBA52"
"REACTOME_PATHWAY","Disorders of transmembrane transporters","13","191","163","10908","2.70e-5","1.76e-4","4.55","2.68e-2","1.33e-4","5.49e-6","R-HSA-5619115~Disorders of transmembrane transporters","RANBP2,PSMD11,SLC67A1,PSMD8,PSMD7,PSMA2,PSMD3,NUP62,UBC,PSMB1,PSMD1,RPS27A,UBA52"
"REACTOME_PATHWAY","Interleukin-1 family signaling","12","191","140","10908","3.22e-5","2.08e-4","4.90","3.19e-2","1.57e-4","6.07e-6","R-HSA-446652~Interleukin-1 family signaling","PSMD8,PSMD7,PSMD11,SMAD3,IL36A,PSMA2,UBC,PSMB1,PSMD3,PSMD1,RPS27A,UBA52"
"GOTERM_BP_DIRECT","ribosome biogenesis","8","247","60","16251","3.26e-5","2.05e-3","8.77","4.22e-2","2.01e-3","3.29e-6","GO:0042254~ribosome biogenesis","RPL7A,EBNA1BP2,RPS28,XPO1,RPLP0,SNU13,WDR12,GTPBP4"
"REACTOME_PATHWAY","G2/M Checkpoints","12","191","142","10908","3.68e-5","2.36e-4","4.83","3.63e-2","1.78e-4","7.03e-6","R-HSA-69481~G2/M Checkpoints","PSMD8,PSMD7,PSMD11,KAT5,PSMA2,UBC,PSMB1,PSMD3,PSMD1,CDC6,RPS27A,UBA52"
"REACTOME_PATHWAY","RUNX1 regulates transcription of genes involved in differentiation of HSCs","10","191","95","10908","3.95e-5","2.52e-4","6.01","3.90e-2","1.90e-4","5.95e-6","R-HSA-8939236~RUNX1 regulates transcription of genes involved in differentiation of HSCs","PSMD8,PSMD7,PSMD11,PSMA2,UBC,PSMB1,PSMD3,PSMD1,RPS27A,UBA52"
"REACTOME_PATHWAY","Regulation of ornithine decarboxylase (ODC)","7","191","38","10908","4.48e-5","2.82e-4","10.52","4.41e-2","2.13e-4","3.60e-6","R-HSA-350562~Regulation of ornithine decarboxylase (ODC)","PSMD8,PSMD7,PSMD11,PSMA2,PSMB1,PSMD3,PSMD1"
"REACTOME_PATHWAY","G1/S Transition","11","191","120","10908","4.48e-5","2.82e-4","5.24","4.41e-2","2.13e-4","7.85e-6","R-HSA-69206~G1/S Transition","PSMD8,PSMD7,PSMD11,PSMA2,UBC,PSMB1,PSMD3,PSMD1,CDC6,RPS27A,UBA52"
"GOTERM_BP_DIRECT","positive regulation of signal transduction by p53 class mediator","5","247","14","16251","4.55e-5","2.73e-3","23.50","5.84e-2","2.68e-3","1.39e-6","GO:1901798~positive regulation of signal transduction by p53 class mediator","KAT5,RPL23,PDCD5,RPL11,SMARCA4"
"REACTOME_PATHWAY","S Phase","12","191","148","10908","5.38e-5","3.37e-4","4.63","5.28e-2","2.55e-4","1.07e-5","R-HSA-69242~S Phase","PSMD8,PSMD7,PSMD11,PSMA2,UBC,PSMB1,PSMD3,PSMD1,CDC6,RPS27A,UBA52,ANAPC2"
"REACTOME_PATHWAY","Signaling by the B Cell Receptor (BCR)","10","191","99","10908","5.48e-5","3.41e-4","5.77","5.37e-2","2.58e-4","8.64e-6","R-HSA-983705~Signaling by the B Cell Receptor (BCR)","PSMD8,PSMD7,PSMD11,PSMA2,UBC,PSMB1,PSMD3,PSMD1,RPS27A,UBA52"
"REACTOME_PATHWAY","C-type lectin receptors (CLRs)","11","191","124","10908","5.93e-5","3.65e-4","5.07","5.80e-2","2.76e-4","1.08e-5","R-HSA-5621481~C-type lectin receptors (CLRs)","PSMD8,PSMD7,PSMD11,PSMA2,UBC,PSMB1,PSMD3,PSMD1,MUC13,RPS27A,UBA52"
"REACTOME_PATHWAY","Interleukin-1 signaling","10","191","100","10908","5.93e-5","3.65e-4","5.71","5.80e-2","2.76e-4","9.46e-6","R-HSA-9020702~Interleukin-1 signaling","PSMD8,PSMD7,PSMD11,PSMA2,UBC,PSMB1,PSMD3,PSMD1,RPS27A,UBA52"
"REACTOME_PATHWAY","Signaling by NOTCH","14","191","205","10908","5.98e-5","3.65e-4","3.90","5.85e-2","2.76e-4","1.43e-5","R-HSA-157118~Signaling by NOTCH","PSMD11,SMAD3,CCNC,HDAC9,PSMD8,PSMD7,ELF3,PSMA2,PSMD3,UBC,PSMB1,PSMD1,RPS27A,UBA52"
"REACTOME_PATHWAY","Cross-presentation of soluble exogenous antigens (endosomes)","7","191","41","10908","6.99e-5","4.24e-4","9.75","6.79e-2","3.21e-4","6.14e-6","R-HSA-1236978~Cross-presentation of soluble exogenous antigens (endosomes)","PSMD8,PSMD7,PSMD11,PSMA2,PSMB1,PSMD3,PSMD1"
"REACTOME_PATHWAY","Dengue Virus Genome Translation and Replication","9","191","81","10908","7.94e-5","4.79e-4","6.35","7.68e-2","3.62e-4","1.13e-5","R-HSA-9918487~Dengue Virus Genome Translation and Replication","XPO1,UBC,EIF4A3,UFD1,HYOU1,RPS27A,EIF4E,UBA52,EIF4G1"
"REACTOME_PATHWAY","TCR signaling","10","191","104","10908","8.07e-5","4.84e-4","5.49","7.81e-2","3.66e-4","1.34e-5","R-HSA-202403~TCR signaling","PSMD8,PSMD7,PSMD11,PSMA2,UBC,PSMB1,PSMD3,PSMD1,RPS27A,UBA52"
"REACTOME_PATHWAY","Cell Cycle Checkpoints","16","191","274","10908","8.74e-5","5.22e-4","3.33","8.43e-2","3.94e-4","2.47e-5","R-HSA-69620~Cell Cycle Checkpoints","RANBP2,PSMD11,CDC6,PSMD8,DYNC1LI2,PSMD7,XPO1,KAT5,PSMA2,PSMD3,UBC,PSMB1,PSMD1,RPS27A,UBA52,ANAPC2"
"REACTOME_PATHWAY","Somitogenesis","7","191","43","10908","9.20e-5","5.46e-4","9.30","8.85e-2","4.13e-4","8.55e-6","R-HSA-9824272~Somitogenesis","PSMD8,PSMD7,PSMD11,PSMA2,PSMB1,PSMD3,PSMD1"
"REACTOME_PATHWAY","Beta-catenin independent WNT signaling","11","191","132","10908","1.01e-4","5.93e-4","4.76","9.64e-2","4.48e-4","1.95e-5","R-HSA-3858494~Beta-catenin independent WNT signaling","PSMD8,PSMD7,PSMD11,PSMA2,UBC,PSMB1,PSMD3,CAMK2A,PSMD1,RPS27A,UBA52"
"REACTOME_PATHWAY","HIV Infection","14","191","217","10908","1.07e-4","6.25e-4","3.68","1.02e-1","4.72e-4","2.71e-5","R-HSA-162906~HIV Infection","RANBP2,PSMD11,PSMD8,PSMD7,XPO1,PSMA2,PSMD3,NUP62,UBC,PSMB1,PSMD1,RPS27A,UBA52,RAN"
"REACTOME_PATHWAY","DNA Replication","12","191","160","10908","1.09e-4","6.36e-4","4.28","1.04e-1","4.81e-4","2.36e-5","R-HSA-69306~DNA Replication","PSMD8,PSMD7,PSMD11,PSMA2,UBC,PSMB1,PSMD3,PSMD1,CDC6,RPS27A,UBA52,ANAPC2"
"REACTOME_PATHWAY","Signaling by Hedgehog","11","191","135","10908","1.21e-4","7.03e-4","4.65","1.15e-1","5.32e-4","2.41e-5","R-HSA-5358351~Signaling by Hedgehog","PSMD8,PSMD7,PSMD11,PSMA2,UBC,PSMB1,PSMD3,PSMD1,RPS27A,UBA52,ADCY6"
"REACTOME_PATHWAY","Gastrulation","10","191","110","10908","1.25e-4","7.19e-4","5.19","1.18e-1","5.43e-4","2.20e-5","R-HSA-9758941~Gastrulation","PSMD8,PSMD7,PSMD11,SMAD3,PAX8,PSMA2,PSMB1,PSMD3,PSMD1,POU3F1"
"REACTOME_PATHWAY","Metabolism of polyamines","7","191","46","10908","1.35e-4","7.76e-4","8.69","1.27e-1","5.86e-4","1.36e-5","R-HSA-351202~Metabolism of polyamines","PSMD8,PSMD7,PSMD11,PSMA2,PSMB1,PSMD3,PSMD1"
"REACTOME_PATHWAY","Mitotic G1 phase and G1/S transition","11","191","138","10908","1.46e-4","8.30e-4","4.55","1.36e-1","6.27e-4","2.96e-5","R-HSA-453279~Mitotic G1 phase and G1/S transition","PSMD8,PSMD7,PSMD11,PSMA2,UBC,PSMB1,PSMD3,PSMD1,CDC6,RPS27A,UBA52"
"REACTOME_PATHWAY","Ub-specific processing proteases","12","191","166","10908","1.51e-4","8.57e-4","4.13","1.41e-1","6.48e-4","3.41e-5","R-HSA-5689880~Ub-specific processing proteases","PSMD8,PSMD7,PSMD11,SMAD3,PSMA2,UBC,PSMB1,PSMD3,UFD1,PSMD1,RPS27A,UBA52"
"REACTOME_PATHWAY","Neddylation","14","191","230","10908","1.91e-4","1.07e-3","3.48","1.75e-1","8.12e-4","5.15e-5","R-HSA-8951664~Neddylation","PSMD11,DCUN1D3,PSMD8,PSMD7,PSMA2,CCDC8,PSMD3,UBC,PSMB1,PSMD1,UFD1,RPS27A,DCAF11,UBA52"
"REACTOME_PATHWAY","TCF dependent signaling in response to WNT","13","191","200","10908","1.94e-4","1.09e-3","3.71","1.78e-1","8.23e-4","4.90e-5","R-HSA-201681~TCF dependent signaling in response to WNT","PSMD11,SMARCA4,PSMD8,PSMD7,XPO1,KAT5,PSMA2,PSMD3,UBC,PSMB1,PSMD1,RPS27A,UBA52"
"GOTERM_BP_DIRECT","regulation of proteasomal protein catabolic process","7","247","56","16251","1.95e-4","1.12e-2","8.22","2.27e-1","1.10e-2","2.12e-5","GO:0061136~regulation of proteasomal protein catabolic process","PSMD8,PSMD7,PSMD11,PSMA2,PSMB1,PSMD3,PSMD1"
"GOTERM_BP_DIRECT","mRNA cis splicing, via spliceosome","5","247","20","16251","2.05e-4","1.13e-2","16.45","2.38e-1","1.11e-2","1.00e-5","GO:0045292~mRNA cis splicing, via spliceosome","SF3A1,CACTIN,PRPF8,SLU7,SF3B1"
"REACTOME_PATHWAY","Proteasome assembly","7","191","50","10908","2.17e-4","1.21e-3","8.00","1.96e-1","9.13e-4","2.39e-5","R-HSA-9907900~Proteasome assembly","PSMD8,PSMD7,PSMD11,PSMA2,PSMB1,PSMD3,PSMD1"
"REACTOME_PATHWAY","ISG15 antiviral mechanism","8","191","72","10908","2.47e-4","1.37e-3","6.35","2.20e-1","1.03e-3","3.50e-5","R-HSA-1169408~ISG15 antiviral mechanism","RANBP2,NUP62,UBC,EIF4A3,RPS27A,EIF4E,UBA52,EIF4G1"
"REACTOME_PATHWAY","Fc epsilon receptor (FCERI) signaling","10","191","122","10908","2.74e-4","1.51e-3","4.68","2.41e-1","1.14e-3","5.40e-5","R-HSA-2454202~Fc epsilon receptor (FCERI) signaling","PSMD8,PSMD7,PSMD11,PSMA2,UBC,PSMB1,PSMD3,PSMD1,RPS27A,UBA52"
"REACTOME_PATHWAY","Regulation of Expression and Function of Type I Classical Cadherins","12","191","180","10908","3.07e-4","1.67e-3","3.81","2.66e-1","1.26e-3","7.52e-5","R-HSA-9764274~Regulation of Expression and Function of Type I Classical Cadherins","PSMD8,PSMD7,PSMD11,PSMA2,UBC,PSMB1,PSMD3,PSMD1,RPS27A,SIRT1,UBA52,SMARCA4"
"REACTOME_PATHWAY","Regulation of CDH1 Expression and Function","12","191","180","10908","3.07e-4","1.67e-3","3.81","2.66e-1","1.26e-3","7.52e-5","R-HSA-9764265~Regulation of CDH1 Expression and Function","PSMD8,PSMD7,PSMD11,PSMA2,UBC,PSMB1,PSMD3,PSMD1,RPS27A,SIRT1,UBA52,SMARCA4"
"GOTERM_BP_DIRECT","maturation of SSU-rRNA from tricistronic rRNA transcript (SSU-rRNA, 5.8S rRNA, LSU-rRNA)","5","247","23","16251","3.62e-4","1.91e-2","14.30","3.80e-1","1.87e-2","2.10e-5","GO:0000462~maturation of SSU-rRNA from tricistronic rRNA transcript (SSU-rRNA, 5.8S rRNA, LSU-rRNA)","RPS16,RPS19,NOL10,WDR46,RPS13"
"REACTOME_PATHWAY","G2/M Transition","12","191","184","10908","3.70e-4","2.01e-3","3.72","3.11e-1","1.52e-3","9.28e-5","R-HSA-69275~G2/M Transition","PSMD8,PSMD7,PSMD11,XPO1,PSMA2,CEP164,UBC,PSMB1,PSMD3,PSMD1,RPS27A,UBA52"
"GOTERM_BP_DIRECT","7-methylguanosine cap hypermethylation","4","247","10","16251","3.80e-4","1.93e-2","26.32","3.95e-1","1.89e-2","1.02e-5","GO:0036261~7-methylguanosine cap hypermethylation","SNRPD2,SNRPD1,SNRPD3,SNRPF"
"REACTOME_PATHWAY","Mitotic G2-G2/M phases","12","191","186","10908","4.04e-4","2.18e-3","3.68","3.35e-1","1.65e-3","1.03e-4","R-HSA-453274~Mitotic G2-G2/M phases","PSMD8,PSMD7,PSMD11,XPO1,PSMA2,CEP164,UBC,PSMB1,PSMD3,PSMD1,RPS27A,UBA52"
"REACTOME_PATHWAY","Formation of paraxial mesoderm","7","191","57","10908","4.48e-4","2.40e-3","7.01","3.63e-1","1.81e-3","5.70e-5","R-HSA-9793380~Formation of paraxial mesoderm","PSMD8,PSMD7,PSMD11,PSMA2,PSMB1,PSMD3,PSMD1"
"REACTOME_PATHWAY","Cellular response to chemical stress","12","191","189","10908","4.65e-4","2.48e-3","3.63","3.74e-1","1.88e-3","1.20e-4","R-HSA-9711123~Cellular response to chemical stress","PSMD8,PSMD7,PSMD11,PSMA2,UBC,PSMB1,PSMD3,CYBB,UFD1,PSMD1,RPS27A,UBA52"
"REACTOME_PATHWAY","Transport of Mature Transcript to Cytoplasm","8","191","81","10908","5.11e-4","2.71e-3","5.64","4.02e-1","2.05e-3","8.23e-5","R-HSA-72202~Transport of Mature Transcript to Cytoplasm","RANBP2,NXF1,NUP62,EIF4A3,SRSF3,U2AF1,SLU7,EIF4E"
"REACTOME_PATHWAY","Regulation of Homotypic Cell-Cell Adhesion","12","191","196","10908","6.32e-4","3.34e-3","3.50","4.71e-1","2.52e-3","1.69e-4","R-HSA-9759476~Regulation of Homotypic Cell-Cell Adhesion","PSMD8,PSMD7,PSMD11,PSMA2,UBC,PSMB1,PSMD3,PSMD1,RPS27A,SIRT1,UBA52,SMARCA4"
"GOTERM_BP_DIRECT","regulation of mRNA splicing, via spliceosome","5","247","27","16251","6.84e-4","3.35e-2","12.18","5.95e-1","3.27e-2","4.78e-5","GO:0048024~regulation of mRNA splicing, via spliceosome","RBM39,HNRNPK,SON,CWC22,SRSF3"
"REACTOME_PATHWAY","M Phase","17","191","372","10908","7.84e-4","4.12e-3","2.61","5.46e-1","3.11e-3","2.84e-4","R-HSA-68886~M Phase","RANBP2,PSMD11,CEP164,PSMD8,DYNC1LI2,PSMD7,XPO1,PSMA2,PSMD3,NUP62,UBC,PSMB1,PSMD1,RPS27A,UBA52,RAN,ANAPC2"
"REACTOME_PATHWAY","Intracellular signaling by second messengers","15","191","306","10908","9.27e-4","4.84e-3","2.80","6.07e-1","3.66e-3","3.12e-4","R-HSA-9006925~Intracellular signaling by second messengers","PSMD11,CAMK2A,GAB1,MTOR,ADCY6,PSMD8,PSMD7,PSMA2,PSMD3,UBC,PSMB1,PSMD1,LAMTOR2,RPS27A,UBA52"
"REACTOME_PATHWAY","Downregulation of TGF-beta receptor signaling","5","191","26","10908","9.88e-4","5.13e-3","10.98","6.30e-1","3.88e-3","7.62e-5","R-HSA-2173788~Downregulation of TGF-beta receptor signaling","SMAD3,XPO1,UBC,RPS27A,UBA52"
"REACTOME_PATHWAY","Adherens junctions interactions","13","191","240","10908","9.99e-4","5.17e-3","3.09","6.35e-1","3.91e-3","3.03e-4","R-HSA-418990~Adherens junctions interactions","PSMD11,SIRT1,PVR,SMARCA4,PSMD8,PSMD7,PSMA2,PSMD3,UBC,PSMB1,PSMD1,RPS27A,UBA52"
"GOTERM_BP_DIRECT","RNA splicing, via transesterification reactions","5","247","30","16251","1.03e-3","4.86e-2","10.97","7.44e-1","4.76e-2","8.14e-5","GO:0000375~RNA splicing, via transesterification reactions","SF3A3,SF3B3,PRPF8,SLU7,SF3B1"
"GOTERM_BP_DIRECT","mRNA transport","7","247","78","16251","1.17e-3","5.33e-2","5.90","7.88e-1","5.22e-2","1.82e-4","GO:0051028~mRNA transport","RANBP2,NXF1,XPO1,NUP62,SRSF3,NUTF2,EIF4E"
"GOTERM_BP_DIRECT","retrograde vesicle-mediated transport, Golgi to endoplasmic reticulum","6","247","53","16251","1.21e-3","5.33e-2","7.45","7.99e-1","5.22e-2","1.46e-4","GO:0006890~retrograde vesicle-mediated transport, Golgi to endoplasmic reticulum","COPA,TMED10,COPB1,COPG1,COPZ1,ARCN1"
"GOTERM_BP_DIRECT","intracellular protein transport","13","247","283","16251","1.30e-3","5.45e-2","3.02","8.21e-1","5.34e-2","4.07e-4","GO:0006886~intracellular protein transport","NAPA,COPA,TMED10,SAR1B,COPB1,RABL2A,RABL2B,COPZ1,ARCN1,ARL4D,XPO1,COPG1,SLU7"
"GOTERM_BP_DIRECT","intra-Golgi vesicle-mediated transport","5","247","32","16251","1.32e-3","5.45e-2","10.28","8.26e-1","5.34e-2","1.12e-4","GO:0006891~intra-Golgi vesicle-mediated transport","NAPA,COPA,COPB1,COPG1,COPZ1"
"GOTERM_BP_DIRECT","maturation of LSU-rRNA from tricistronic rRNA transcript (SSU-rRNA, 5.8S rRNA, LSU-rRNA)","4","247","15","16251","1.36e-3","5.45e-2","17.54","8.35e-1","5.34e-2","6.23e-5","GO:0000463~maturation of LSU-rRNA from tricistronic rRNA transcript (SSU-rRNA, 5.8S rRNA, LSU-rRNA)","ZNHIT3,WDR12,GTPBP4,RPL7"
"REACTOME_PATHWAY","Transport of Mature mRNA derived from an Intron-Containing Transcript","7","191","72","10908","1.55e-3","7.99e-3","5.55","7.91e-1","6.04e-3","2.55e-4","R-HSA-159236~Transport of Mature mRNA derived from an Intron-Containing Transcript","RANBP2,NXF1,NUP62,EIF4A3,SRSF3,U2AF1,SLU7"
"REACTOME_PATHWAY","COPI-mediated anterograde transport","8","191","99","10908","1.68e-3","8.60e-3","4.61","8.16e-1","6.50e-3","3.35e-4","R-HSA-6807878~COPI-mediated anterograde transport","NAPA,COPA,DYNC1LI2,TMED10,COPB1,COPG1,COPZ1,ARCN1"
"REACTOME_PATHWAY","Maturation of protein E","3","191","4","10908","1.77e-3","8.96e-3","42.83","8.32e-1","6.78e-3","2.09e-5","R-HSA-9694493~Maturation of protein E","UBC,RPS27A,UBA52"
"REACTOME_PATHWAY","Maturation of protein E","3","191","4","10908","1.77e-3","8.96e-3","42.83","8.32e-1","6.78e-3","2.09e-5","R-HSA-9683683~Maturation of protein E","UBC,RPS27A,UBA52"
"REACTOME_PATHWAY","Signaling by WNT","14","191","298","10908","2.14e-3","1.08e-2","2.68","8.85e-1","8.17e-3","7.53e-4","R-HSA-195721~Signaling by WNT","PSMD11,CAMK2A,SMARCA4,PSMD8,PSMD7,XPO1,KAT5,PSMA2,PSMD3,UBC,PSMB1,PSMD1,RPS27A,UBA52"
"REACTOME_PATHWAY","Metabolism of non-coding RNA","6","191","53","10908","2.22e-3","1.11e-2","6.47","8.93e-1","8.36e-3","3.09e-4","R-HSA-194441~Metabolism of non-coding RNA","RANBP2,SNRPD2,SNRPD1,NUP62,SNRPD3,SNRPF"
"REACTOME_PATHWAY","snRNP Assembly","6","191","53","10908","2.22e-3","1.11e-2","6.47","8.93e-1","8.36e-3","3.09e-4","R-HSA-191859~snRNP Assembly","RANBP2,SNRPD2,SNRPD1,NUP62,SNRPD3,SNRPF"
"REACTOME_PATHWAY","PIP3 activates AKT signaling","13","191","264","10908","2.23e-3","1.11e-2","2.81","8.94e-1","8.36e-3","7.45e-4","R-HSA-1257604~PIP3 activates AKT signaling","PSMD11,GAB1,MTOR,PSMD8,PSMD7,PSMA2,PSMD3,UBC,PSMB1,PSMD1,LAMTOR2,RPS27A,UBA52"
"REACTOME_PATHWAY","Apoptosis","10","191","166","10908","2.47e-3","1.22e-2","3.44","9.17e-1","9.24e-3","6.70e-4","R-HSA-109581~Apoptosis","PSMD8,PSMD7,PSMD11,PSMA2,UBC,PSMB1,PSMD3,PSMD1,RPS27A,UBA52"
"REACTOME_PATHWAY","Transcriptional regulation by RUNX1","11","191","200","10908","2.62e-3","1.29e-2","3.14","9.29e-1","9.73e-3","7.80e-4","R-HSA-8878171~Transcriptional regulation by RUNX1","PSMD8,PSMD7,PSMD11,PSMA2,UBC,PSMB1,PSMD3,PSMD1,RPS27A,UBA52,SMARCA4"
"REACTOME_PATHWAY","Cell-cell junction organization","13","191","270","10908","2.71e-3","1.33e-2","2.75","9.35e-1","1.00e-2","9.26e-4","R-HSA-421270~Cell-cell junction organization","PSMD11,SIRT1,PVR,SMARCA4,PSMD8,PSMD7,PSMA2,PSMD3,UBC,PSMB1,PSMD1,RPS27A,UBA52"
"REACTOME_PATHWAY","Chromatin organization","15","191","344","10908","2.77e-3","1.35e-2","2.49","9.39e-1","1.02e-2","1.05e-3","R-HSA-4839726~Chromatin organization","SF3A3,SF3B5,SF3B2,SF3A1,SF3A2,SF3B3,SF3B6,SMARCA4,SNRPD2,KAT5,SNRPD1,SNRPA1,SNRPD3,SNRPF,SF3B1"
"REACTOME_PATHWAY","Asparagine N-linked glycosylation","14","191","309","10908","2.93e-3","1.42e-2","2.59","9.48e-1","1.07e-2","1.07e-3","R-HSA-446203~Asparagine N-linked glycosylation","NAPA,COPA,TMED10,SAR1B,COPB1,COPZ1,ARCN1,DYNC1LI2,DOLPP1,UBC,COPG1,MAN1B1,RPS27A,UBA52"
"REACTOME_PATHWAY","MAPK family signaling cascades","14","191","311","10908","3.11e-3","1.50e-2","2.57","9.57e-1","1.13e-2","1.14e-3","R-HSA-5683057~MAPK family signaling cascades","PSMD11,CAMK2A,HSPB1,PSMD8,PSMD7,XPO1,PSMA2,PSMD3,UBC,PSMB1,PSMD1,LAMTOR2,RPS27A,UBA52"
"REACTOME_PATHWAY","Regulation of PD-L1(CD274) expression","10","191","173","10908","3.27e-3","1.57e-2","3.30","9.63e-1","1.19e-2","9.22e-4","R-HSA-9909648~Regulation of PD-L1(CD274) expression","PSMD8,PSMD7,PSMD11,PSMA2,UBC,PSMB1,PSMD3,PSMD1,RPS27A,UBA52"
"REACTOME_PATHWAY","Deubiquitination","12","191","241","10908","3.30e-3","1.58e-2","2.84","9.64e-1","1.19e-2","1.09e-3","R-HSA-5688426~Deubiquitination","PSMD8,PSMD7,PSMD11,SMAD3,PSMA2,UBC,PSMB1,PSMD3,UFD1,PSMD1,RPS27A,UBA52"
"GOTERM_BP_DIRECT","RNA processing","8","247","128","16251","3.35e-3","1.30e-1","4.11","9.88e-1","1.27e-1","7.58e-4","GO:0006396~RNA processing","RBM39,XAB2,SF3A1,HNRNPK,SNRPD1,SRSF3,SNRPD3,CRNKL1"
"REACTOME_PATHWAY","SMAD2/SMAD3:SMAD4 heterotrimer regulates transcription","5","191","36","10908","3.40e-3","1.62e-2","7.93","9.68e-1","1.22e-2","3.79e-4","R-HSA-2173796~SMAD2/SMAD3:SMAD4 heterotrimer regulates transcription","SMAD3,UBC,CCNC,RPS27A,UBA52"
"REACTOME_PATHWAY","Translesion Synthesis by POLH","4","191","18","10908","3.50e-3","1.66e-2","12.69","9.71e-1","1.25e-2","2.30e-4","R-HSA-110320~Translesion Synthesis by POLH","UBC,UFD1,RPS27A,UBA52"
"REACTOME_PATHWAY","Constitutive Signaling by Ligand-Responsive EGFR Cancer Variants","4","191","19","10908","4.10e-3","1.92e-2","12.02","9.84e-1","1.45e-2","2.87e-4","R-HSA-1236382~Constitutive Signaling by Ligand-Responsive EGFR Cancer Variants","UBC,GAB1,RPS27A,UBA52"
"REACTOME_PATHWAY","Signaling by Ligand-Responsive EGFR Variants in Cancer","4","191","19","10908","4.10e-3","1.92e-2","12.02","9.84e-1","1.45e-2","2.87e-4","R-HSA-5637815~Signaling by Ligand-Responsive EGFR Variants in Cancer","UBC,GAB1,RPS27A,UBA52"
"GOTERM_BP_DIRECT","regulation of cellular response to stress","4","247","22","16251","4.27e-3","1.61e-1","11.96","9.96e-1","1.58e-1","3.07e-4","GO:0080135~regulation of cellular response to stress","HYOU1,DCAF11,MTOR,EIF4G1"
"GOTERM_BP_DIRECT","response to oxidative stress","9","247","172","16251","4.73e-3","1.73e-1","3.44","9.98e-1","1.70e-1","1.28e-3","GO:0006979~response to oxidative stress","PSMD8,PSMD7,PSMD11,PSMA2,PSMB1,PSMD3,PSMD1,DCAF11,SIRT1"
"REACTOME_PATHWAY","ER to Golgi Anterograde Transport","9","191","152","10908","5.08e-3","2.37e-2","3.38","9.94e-1","1.79e-2","1.40e-3","R-HSA-199977~ER to Golgi Anterograde Transport","NAPA,COPA,DYNC1LI2,TMED10,SAR1B,COPB1,COPG1,COPZ1,ARCN1"
"REACTOME_PATHWAY","ER Quality Control Compartment (ERQC)","4","191","21","10908","5.49e-3","2.55e-2","10.88","9.96e-1","1.93e-2","4.32e-4","R-HSA-901032~ER Quality Control Compartment (ERQC)","UBC,MAN1B1,RPS27A,UBA52"
"REACTOME_PATHWAY","Cell junction organization","13","191","296","10908","5.63e-3","2.60e-2","2.51","9.97e-1","1.97e-2","2.10e-3","R-HSA-446728~Cell junction organization","PSMD11,SIRT1,PVR,SMARCA4,PSMD8,PSMD7,PSMA2,PSMD3,UBC,PSMB1,PSMD1,RPS27A,UBA52"
"REACTOME_PATHWAY","Diseases of signal transduction by growth factor receptors and second messengers","17","191","453","10908","5.68e-3","2.61e-2","2.14","9.97e-1","1.98e-2","2.51e-3","R-HSA-5663202~Diseases of signal transduction by growth factor receptors and second messengers","RANBP2,PSMD11,SMAD3,CAMK2A,GAB1,CCNC,HDAC9,MTOR,PSMD8,PSMD7,PSMA2,PSMD3,UBC,PSMB1,PSMD1,RPS27A,UBA52"
"REACTOME_PATHWAY","Modulation by Mtb of host immune system","3","191","7","10908","5.98e-3","2.73e-2","24.48","9.98e-1","2.06e-2","1.76e-4","R-HSA-9637628~Modulation by Mtb of host immune system","UBC,RPS27A,UBA52"
"REACTOME_PATHWAY","FLT3 signaling by CBL mutants","3","191","7","10908","5.98e-3","2.73e-2","24.48","9.98e-1","2.06e-2","1.76e-4","R-HSA-9706377~FLT3 signaling by CBL mutants","UBC,RPS27A,UBA52"
"REACTOME_PATHWAY","Co-inhibition by PD-1","10","191","191","10908","6.22e-3","2.82e-2","2.99","9.98e-1","2.14e-2","1.94e-3","R-HSA-389948~Co-inhibition by PD-1","PSMD8,PSMD7,PSMD11,PSMA2,UBC,PSMB1,PSMD3,PSMD1,RPS27A,UBA52"
"GOTERM_BP_DIRECT","nucleocytoplasmic transport","5","247","50","16251","6.84e-3","2.44e-1","6.58","1.00e+0","2.39e-1","9.45e-4","GO:0006913~nucleocytoplasmic transport","RANBP2,XPO1,NUP62,NUTF2,RAN"
"REACTOME_PATHWAY","COPI-dependent Golgi-to-ER retrograde traffic","7","191","97","10908","6.88e-3","3.11e-2","4.12","9.99e-1","2.35e-2","1.54e-3","R-HSA-6811434~COPI-dependent Golgi-to-ER retrograde traffic","NAPA,COPA,TMED10,COPB1,COPG1,COPZ1,ARCN1"
"REACTOME_PATHWAY","RAF/MAP kinase cascade","12","191","267","10908","7.06e-3","3.16e-2","2.57","9.99e-1","2.39e-2","2.58e-3","R-HSA-5673001~RAF/MAP kinase cascade","PSMD8,PSMD7,PSMD11,PSMA2,UBC,PSMB1,PSMD3,CAMK2A,PSMD1,LAMTOR2,RPS27A,UBA52"
"REACTOME_PATHWAY","Response of Mtb to phagocytosis","4","191","23","10908","7.13e-3","3.16e-2","9.93","9.99e-1","2.39e-2","6.21e-4","R-HSA-9637690~Response of Mtb to phagocytosis","SFPQ,UBC,RPS27A,UBA52"
"REACTOME_PATHWAY","APC/C:Cdc20 mediated degradation of Cyclin B","4","191","23","10908","7.13e-3","3.16e-2","9.93","9.99e-1","2.39e-2","6.21e-4","R-HSA-174048~APC/C:Cdc20 mediated degradation of Cyclin B","UBC,RPS27A,UBA52,ANAPC2"
"REACTOME_PATHWAY","mTORC1-mediated signalling","4","191","23","10908","7.13e-3","3.16e-2","9.93","9.99e-1","2.39e-2","6.21e-4","R-HSA-166208~mTORC1-mediated signalling","LAMTOR2,EIF4E,MTOR,EIF4G1"
"REACTOME_PATHWAY","Golgi-to-ER retrograde transport","8","191","130","10908","7.62e-3","3.37e-2","3.51","1.00e+0","2.55e-2","2.01e-3","R-HSA-8856688~Golgi-to-ER retrograde transport","NAPA,COPA,DYNC1LI2,TMED10,COPB1,COPG1,COPZ1,ARCN1"
"GOTERM_BP_DIRECT","maturation of SSU-rRNA","5","247","52","16251","7.86e-3","2.73e-1","6.33","1.00e+0","2.67e-1","1.13e-3","GO:0030490~maturation of SSU-rRNA","FBL,RPS28,RPS19,SNU13,WDR46"
"REACTOME_PATHWAY","Programmed Cell Death","10","191","199","10908","8.07e-3","3.55e-2","2.87","1.00e+0","2.68e-2","2.62e-3","R-HSA-5357801~Programmed Cell Death","PSMD8,PSMD7,PSMD11,PSMA2,UBC,PSMB1,PSMD3,PSMD1,RPS27A,UBA52"
"REACTOME_PATHWAY","MAPK1/MAPK3 signaling","12","191","273","10908","8.34e-3","3.66e-2","2.51","1.00e+0","2.76e-2","3.11e-3","R-HSA-5684996~MAPK1/MAPK3 signaling","PSMD8,PSMD7,PSMD11,PSMA2,UBC,PSMB1,PSMD3,CAMK2A,PSMD1,LAMTOR2,RPS27A,UBA52"
"REACTOME_PATHWAY","TGF-beta receptor signaling activates SMADs","5","191","47","10908","8.87e-3","3.87e-2","6.08","1.00e+0","2.93e-2","1.32e-3","R-HSA-2173789~TGF-beta receptor signaling activates SMADs","SMAD3,XPO1,UBC,RPS27A,UBA52"
"REACTOME_PATHWAY","APC-Cdc20 mediated degradation of Nek2A","4","191","25","10908","9.02e-3","3.90e-2","9.14","1.00e+0","2.95e-2","8.64e-4","R-HSA-179409~APC-Cdc20 mediated degradation of Nek2A","UBC,RPS27A,UBA52,ANAPC2"
"REACTOME_PATHWAY","Signaling by EGFR in Cancer","4","191","25","10908","9.02e-3","3.90e-2","9.14","1.00e+0","2.95e-2","8.64e-4","R-HSA-1643713~Signaling by EGFR in Cancer","UBC,GAB1,RPS27A,UBA52"
"REACTOME_PATHWAY","Cell Cycle, Mitotic","18","191","519","10908","9.13e-3","3.93e-2","1.98","1.00e+0","2.97e-2","4.36e-3","R-HSA-69278~Cell Cycle, Mitotic","RANBP2,PSMD11,CEP164,CDC6,PSMD8,DYNC1LI2,PSMD7,XPO1,PSMA2,PSMD3,NUP62,UBC,PSMB1,PSMD1,RPS27A,UBA52,RAN,ANAPC2"
"GOTERM_BP_DIRECT","modification-dependent protein catabolic process","3","247","10","16251","9.48e-3","3.21e-1","19.74","1.00e+0","3.14e-1","3.85e-4","GO:0019941~modification-dependent protein catabolic process","UBC,RPS27A,UBA52"
"REACTOME_PATHWAY","NOTCH1 Intracellular Domain Regulates Transcription","5","191","48","10908","9.55e-3","4.10e-2","5.95","1.00e+0","3.10e-2","1.45e-3","R-HSA-2122947~NOTCH1 Intracellular Domain Regulates Transcription","UBC,CCNC,RPS27A,HDAC9,UBA52"
"GOTERM_BP_DIRECT","endoplasmic reticulum to Golgi vesicle-mediated transport","7","247","120","16251","9.87e-3","3.26e-1","3.84","1.00e+0","3.19e-1","2.39e-3","GO:0006888~endoplasmic reticulum to Golgi vesicle-mediated transport","COPA,TMED10,SAR1B,COPB1,HYOU1,COPG1,ARCN1"
"REACTOME_PATHWAY","Regulation of T cell activation by CD28 family","11","191","242","10908","9.93e-3","4.18e-2","2.60","1.00e+0","3.16e-2","3.54e-3","R-HSA-388841~Regulation of T cell activation by CD28 family","PSMD8,PSMD7,PSMD11,PSMA2,UBC,PSMB1,PSMD3,PSMD1,RPS27A,UBA52,MTOR"
"REACTOME_PATHWAY","Downregulation of ERBB4 signaling","3","191","9","10908","1.00e-2","4.18e-2","19.04","1.00e+0","3.16e-2","4.11e-4","R-HSA-1253288~Downregulation of ERBB4 signaling","UBC,RPS27A,UBA52"
"REACTOME_PATHWAY","PTK6 Regulates RTKs and Their Effectors AKT1 and DOK1","3","191","9","10908","1.00e-2","4.18e-2","19.04","1.00e+0","3.16e-2","4.11e-4","R-HSA-8849469~PTK6 Regulates RTKs and Their Effectors AKT1 and DOK1","UBC,RPS27A,UBA52"
"REACTOME_PATHWAY","Myoclonic epilepsy of Lafora","3","191","9","10908","1.00e-2","4.18e-2","19.04","1.00e+0","3.16e-2","4.11e-4","R-HSA-3785653~Myoclonic epilepsy of Lafora","UBC,RPS27A,UBA52"
"REACTOME_PATHWAY","InlA-mediated entry of Listeria monocytogenes into host cells","3","191","9","10908","1.00e-2","4.18e-2","19.04","1.00e+0","3.16e-2","4.11e-4","R-HSA-8876493~InlA-mediated entry of Listeria monocytogenes into host cells","UBC,RPS27A,UBA52"
"REACTOME_PATHWAY","Prevention of phagosomal-lysosomal fusion","3","191","9","10908","1.00e-2","4.18e-2","19.04","1.00e+0","3.16e-2","4.11e-4","R-HSA-9636383~Prevention of phagosomal-lysosomal fusion","UBC,RPS27A,UBA52"
"REACTOME_PATHWAY","Regulation of PTEN localization","3","191","9","10908","1.00e-2","4.18e-2","19.04","1.00e+0","3.16e-2","4.11e-4","R-HSA-8948747~Regulation of PTEN localization","UBC,RPS27A,UBA52"
"REACTOME_PATHWAY","Calnexin/calreticulin cycle","4","191","26","10908","1.01e-2","4.18e-2","8.79","1.00e+0","3.16e-2","1.01e-3","R-HSA-901042~Calnexin/calreticulin cycle","UBC,MAN1B1,RPS27A,UBA52"
"REACTOME_PATHWAY","Infection with Mycobacterium tuberculosis","4","191","27","10908","1.12e-2","4.62e-2","8.46","1.00e+0","3.49e-2","1.17e-3","R-HSA-9635486~Infection with Mycobacterium tuberculosis","SFPQ,UBC,RPS27A,UBA52"
"REACTOME_PATHWAY","Formation of TC-NER Pre-Incision Complex","5","191","51","10908","1.18e-2","4.83e-2","5.60","1.00e+0","3.65e-2","1.91e-3","R-HSA-6781823~Formation of TC-NER Pre-Incision Complex","ISY1,XAB2,UBC,RPS27A,UBA52"
"REACTOME_PATHWAY","Maturation of DENV proteins","5","191","51","10908","1.18e-2","4.83e-2","5.60","1.00e+0","3.65e-2","1.91e-3","R-HSA-9918432~Maturation of DENV proteins","XPO1,UBC,HYOU1,RPS27A,UBA52"
"GOTERM_BP_DIRECT","proteasome-mediated ubiquitin-dependent protein catabolic process","12","247","330","16251","1.20e-2","3.88e-1","2.39","1.00e+0","3.80e-1","4.73e-3","GO:0043161~proteasome-mediated ubiquitin-dependent protein catabolic process","PSMD8,PSMD7,PSMD11,KAT5,PSMA2,PSMB1,PSMD3,UFD1,PSMD1,DCAF11,SIRT1,ANAPC2"
"REACTOME_PATHWAY","IRAK2 mediated activation of TAK1 complex","3","191","10","10908","1.24e-2","5.06e-2","17.13","1.00e+0","3.82e-2","5.79e-4","R-HSA-937042~IRAK2 mediated activation of TAK1 complex","UBC,RPS27A,UBA52"
"REACTOME_PATHWAY","Class I MHC mediated antigen processing & presentation","14","191","369","10908","1.25e-2","5.06e-2","2.17","1.00e+0","3.83e-2","5.40e-3","R-HSA-983169~Class I MHC mediated antigen processing & presentation","PSMD11,SAR1B,CYBB,PSMD8,PSMD7,HECTD2,PSMA2,PSMD3,UBC,PSMB1,PSMD1,RPS27A,UBA52,ANAPC2"
"REACTOME_PATHWAY","Cell-Cell communication","13","191","331","10908","1.31e-2","5.29e-2","2.24","1.00e+0","4.00e-2","5.47e-3","R-HSA-1500931~Cell-Cell communication","PSMD11,SIRT1,PVR,SMARCA4,PSMD8,PSMD7,PSMA2,PSMD3,UBC,PSMB1,PSMD1,RPS27A,UBA52"
"REACTOME_PATHWAY","Antigen processing: Ubiquitination & Proteasome degradation","12","191","291","10908","1.31e-2","5.29e-2","2.36","1.00e+0","4.00e-2","5.21e-3","R-HSA-983168~Antigen processing: Ubiquitination & Proteasome degradation","PSMD8,PSMD7,PSMD11,HECTD2,PSMA2,UBC,PSMB1,PSMD3,PSMD1,RPS27A,UBA52,ANAPC2"
"REACTOME_PATHWAY","Transcriptional activity of SMAD2/SMAD3:SMAD4 heterotrimer","5","191","53","10908","1.34e-2","5.40e-2","5.39","1.00e+0","4.08e-2","2.27e-3","R-HSA-2173793~Transcriptional activity of SMAD2/SMAD3:SMAD4 heterotrimer","SMAD3,UBC,CCNC,RPS27A,UBA52"
"GOTERM_BP_DIRECT","response to angiotensin","3","247","12","16251","1.36e-2","4.19e-1","16.45","1.00e+0","4.10e-1","6.89e-4","GO:1990776~response to angiotensin","SMAD3,ROCK2,CYBB"
"GOTERM_BP_DIRECT","mRNA export from nucleus","5","247","61","16251","1.36e-2","4.19e-1","5.39","1.00e+0","4.10e-1","2.32e-3","GO:0006406~mRNA export from nucleus","NXF1,XPO1,EIF4A3,SRSF3,EIF4E"
"REACTOME_PATHWAY","Post-translational protein modification","37","191","1431","10908","1.38e-2","5.54e-2","1.48","1.00e+0","4.19e-2","8.98e-3","R-HSA-597592~Post-translational protein modification","NAPA,COPA,PSMD11,TMED10,SAR1B,COPB1,DCUN1D3,RPL8,PSMD8,PSMD7,NRIP1,PSMD3,NUP62,UBC,PSMB1,PSMD1,MUC13,UFD1,RPS27A,DCAF11,RANBP2,SMAD3,EEF2,POMGNT2,COPZ1,ARCN1,DYNC1LI2,HNRNPK,PSMA2,CCDC8,DOLPP1,B3GNT4,ETF1,COPG1,MAN1B1,FOLR2,UBA52"
"REACTOME_PATHWAY","Transport to the Golgi and subsequent modification","9","191","183","10908","1.47e-2","5.83e-2","2.81","1.00e+0","4.40e-2","4.89e-3","R-HSA-948021~Transport to the Golgi and subsequent modification","NAPA,COPA,DYNC1LI2,TMED10,SAR1B,COPB1,COPG1,COPZ1,ARCN1"
"REACTOME_PATHWAY","Pexophagy","3","191","11","10908","1.50e-2","5.83e-2","15.58","1.00e+0","4.40e-2","7.86e-4","R-HSA-9664873~Pexophagy","UBC,RPS27A,UBA52"
"REACTOME_PATHWAY","Alpha-protein kinase 1 signaling pathway","3","191","11","10908","1.50e-2","5.83e-2","15.58","1.00e+0","4.40e-2","7.86e-4","R-HSA-9645460~Alpha-protein kinase 1 signaling pathway","UBC,RPS27A,UBA52"
"REACTOME_PATHWAY","Regulation of BACH1 activity","3","191","11","10908","1.50e-2","5.83e-2","15.58","1.00e+0","4.40e-2","7.86e-4","R-HSA-9708530~Regulation of BACH1 activity","UBC,RPS27A,UBA52"
"REACTOME_PATHWAY","TICAM1,TRAF6-dependent induction of TAK1 complex","3","191","11","10908","1.50e-2","5.83e-2","15.58","1.00e+0","4.40e-2","7.86e-4","R-HSA-9014325~TICAM1,TRAF6-dependent induction of TAK1 complex","UBC,RPS27A,UBA52"
"REACTOME_PATHWAY","Regulation of TBK1, IKKε-mediated activation of IRF3, IRF7 upon TLR3 ligation","3","191","11","10908","1.50e-2","5.83e-2","15.58","1.00e+0","4.40e-2","7.86e-4","R-HSA-9828211~Regulation of TBK1, IKKε-mediated activation of IRF3, IRF7 upon TLR3 ligation","UBC,RPS27A,UBA52"
"REACTOME_PATHWAY","Josephin domain DUBs","3","191","11","10908","1.50e-2","5.83e-2","15.58","1.00e+0","4.40e-2","7.86e-4","R-HSA-5689877~Josephin domain DUBs","UBC,RPS27A,UBA52"
"REACTOME_PATHWAY","NEP/NS2 Interacts with the Cellular Export Machinery","4","191","31","10908","1.63e-2","6.34e-2","7.37","1.00e+0","4.79e-2","1.98e-3","R-HSA-168333~NEP/NS2 Interacts with the Cellular Export Machinery","RANBP2,XPO1,NUP62,RAN"
"REACTOME_PATHWAY","Signaling by NOTCH1 HD+PEST Domain Mutants in Cancer","5","191","57","10908","1.72e-2","6.54e-2","5.01","1.00e+0","4.94e-2","3.13e-3","R-HSA-2894858~Signaling by NOTCH1 HD+PEST Domain Mutants in Cancer","UBC,CCNC,RPS27A,HDAC9,UBA52"
"REACTOME_PATHWAY","Signaling by NOTCH1 PEST Domain Mutants in Cancer","5","191","57","10908","1.72e-2","6.54e-2","5.01","1.00e+0","4.94e-2","3.13e-3","R-HSA-2644602~Signaling by NOTCH1 PEST Domain Mutants in Cancer","UBC,CCNC,RPS27A,HDAC9,UBA52"
"REACTOME_PATHWAY","Constitutive Signaling by NOTCH1 HD+PEST Domain Mutants","5","191","57","10908","1.72e-2","6.54e-2","5.01","1.00e+0","4.94e-2","3.13e-3","R-HSA-2894862~Constitutive Signaling by NOTCH1 HD+PEST Domain Mutants","UBC,CCNC,RPS27A,HDAC9,UBA52"
"REACTOME_PATHWAY","Constitutive Signaling by NOTCH1 PEST Domain Mutants","5","191","57","10908","1.72e-2","6.54e-2","5.01","1.00e+0","4.94e-2","3.13e-3","R-HSA-2644606~Constitutive Signaling by NOTCH1 PEST Domain Mutants","UBC,CCNC,RPS27A,HDAC9,UBA52"
"REACTOME_PATHWAY","Signaling by NOTCH1 in Cancer","5","191","57","10908","1.72e-2","6.54e-2","5.01","1.00e+0","4.94e-2","3.13e-3","R-HSA-2644603~Signaling by NOTCH1 in Cancer","UBC,CCNC,RPS27A,HDAC9,UBA52"
"REACTOME_PATHWAY","Z-decay: degradation of maternal mRNAs by zygotically expressed factors","3","191","12","10908","1.78e-2","6.70e-2","14.28","1.00e+0","5.06e-2","1.03e-3","R-HSA-9820865~Z-decay: degradation of maternal mRNAs by zygotically expressed factors","EIF4A3,EIF4E,EIF4G1"
"REACTOME_PATHWAY","Downregulation of SMAD2/3:SMAD4 transcriptional activity","4","191","32","10908","1.78e-2","6.70e-2","7.14","1.00e+0","5.06e-2","2.23e-3","R-HSA-2173795~Downregulation of SMAD2/3:SMAD4 transcriptional activity","SMAD3,UBC,RPS27A,UBA52"
"REACTOME_PATHWAY","Export of Viral Ribonucleoproteins from Nucleus","4","191","32","10908","1.78e-2","6.70e-2","7.14","1.00e+0","5.06e-2","2.23e-3","R-HSA-168274~Export of Viral Ribonucleoproteins from Nucleus","RANBP2,XPO1,NUP62,RAN"
"REACTOME_PATHWAY","Downregulation of ERBB2:ERBB3 signaling","3","191","13","10908","2.08e-2","7.63e-2","13.18","1.00e+0","5.77e-2","1.33e-3","R-HSA-1358803~Downregulation of ERBB2:ERBB3 signaling","UBC,RPS27A,UBA52"
"REACTOME_PATHWAY","TICAM1-dependent activation of IRF3/IRF7","3","191","13","10908","2.08e-2","7.63e-2","13.18","1.00e+0","5.77e-2","1.33e-3","R-HSA-9013973~TICAM1-dependent activation of IRF3/IRF7","UBC,RPS27A,UBA52"
"REACTOME_PATHWAY","Suppression of phagosomal maturation","3","191","13","10908","2.08e-2","7.63e-2","13.18","1.00e+0","5.77e-2","1.33e-3","R-HSA-9637687~Suppression of phagosomal maturation","UBC,RPS27A,UBA52"
"REACTOME_PATHWAY","p75NTR recruits signalling complexes","3","191","13","10908","2.08e-2","7.63e-2","13.18","1.00e+0","5.77e-2","1.33e-3","R-HSA-209543~p75NTR recruits signalling complexes","UBC,RPS27A,UBA52"
"REACTOME_PATHWAY","TRAF6 mediated IRF7 activation in TLR7/8 or 9 signaling","3","191","13","10908","2.08e-2","7.63e-2","13.18","1.00e+0","5.77e-2","1.33e-3","R-HSA-975110~TRAF6 mediated IRF7 activation in TLR7/8 or 9 signaling","UBC,RPS27A,UBA52"
"REACTOME_PATHWAY","NF-kB is activated and signals survival","3","191","13","10908","2.08e-2","7.63e-2","13.18","1.00e+0","5.77e-2","1.33e-3","R-HSA-209560~NF-kB is activated and signals survival","UBC,RPS27A,UBA52"
"REACTOME_PATHWAY","Rev-mediated nuclear export of HIV RNA","4","191","34","10908","2.09e-2","7.65e-2","6.72","1.00e+0","5.78e-2","2.80e-3","R-HSA-165054~Rev-mediated nuclear export of HIV RNA","RANBP2,XPO1,NUP62,RAN"
"REACTOME_PATHWAY","Transport of the SLBP independent Mature mRNA","4","191","34","10908","2.09e-2","7.65e-2","6.72","1.00e+0","5.78e-2","2.80e-3","R-HSA-159227~Transport of the SLBP independent Mature mRNA","RANBP2,NXF1,NUP62,EIF4E"
"REACTOME_PATHWAY","Gap-filling DNA repair synthesis and ligation in TC-NER","5","191","61","10908","2.15e-2","7.83e-2","4.68","1.00e+0","5.92e-2","4.20e-3","R-HSA-6782210~Gap-filling DNA repair synthesis and ligation in TC-NER","ISY1,XAB2,UBC,RPS27A,UBA52"
"REACTOME_PATHWAY","Antimicrobial mechanism of IFN-stimulated genes","8","191","161","10908","2.25e-2","8.14e-2","2.84","1.00e+0","6.16e-2","7.36e-3","R-HSA-1169410~Antimicrobial mechanism of IFN-stimulated genes","RANBP2,NUP62,UBC,EIF4A3,RPS27A,EIF4E,UBA52,EIF4G1"
"REACTOME_PATHWAY","N-glycan trimming in the ER and Calnexin/Calreticulin cycle","4","191","35","10908","2.26e-2","8.14e-2","6.53","1.00e+0","6.16e-2","3.12e-3","R-HSA-532668~N-glycan trimming in the ER and Calnexin/Calreticulin cycle","UBC,MAN1B1,RPS27A,UBA52"
"REACTOME_PATHWAY","Transport of the SLBP Dependant Mature mRNA","4","191","35","10908","2.26e-2","8.14e-2","6.53","1.00e+0","6.16e-2","3.12e-3","R-HSA-159230~Transport of the SLBP Dependant Mature mRNA","RANBP2,NXF1,NUP62,EIF4E"
"REACTOME_PATHWAY","Dual incision in TC-NER","5","191","62","10908","2.27e-2","8.15e-2","4.61","1.00e+0","6.16e-2","4.51e-3","R-HSA-6782135~Dual incision in TC-NER","ISY1,XAB2,UBC,RPS27A,UBA52"
"REACTOME_PATHWAY","Constitutive Signaling by NOTCH1 HD Domain Mutants","3","191","14","10908","2.39e-2","8.32e-2","12.24","1.00e+0","6.29e-2","1.67e-3","R-HSA-2691232~Constitutive Signaling by NOTCH1 HD Domain Mutants","UBC,RPS27A,UBA52"
"REACTOME_PATHWAY","IRAK1 recruits IKK complex upon TLR7/8 or 9 stimulation","3","191","14","10908","2.39e-2","8.32e-2","12.24","1.00e+0","6.29e-2","1.67e-3","R-HSA-975144~IRAK1 recruits IKK complex upon TLR7/8 or 9 stimulation","UBC,RPS27A,UBA52"
"REACTOME_PATHWAY","Signaling by NOTCH1 HD Domain Mutants in Cancer","3","191","14","10908","2.39e-2","8.32e-2","12.24","1.00e+0","6.29e-2","1.67e-3","R-HSA-2691230~Signaling by NOTCH1 HD Domain Mutants in Cancer","UBC,RPS27A,UBA52"
"REACTOME_PATHWAY","Membrane binding and targetting of GAG proteins","3","191","14","10908","2.39e-2","8.32e-2","12.24","1.00e+0","6.29e-2","1.67e-3","R-HSA-174490~Membrane binding and targetting of GAG proteins","UBC,RPS27A,UBA52"
"REACTOME_PATHWAY","Regulation of TBK1, IKKε (IKBKE)-mediated activation of IRF3, IRF7","3","191","14","10908","2.39e-2","8.32e-2","12.24","1.00e+0","6.29e-2","1.67e-3","R-HSA-9824878~Regulation of TBK1, IKKε (IKBKE)-mediated activation of IRF3, IRF7","UBC,RPS27A,UBA52"
"REACTOME_PATHWAY","Glycogen synthesis","3","191","14","10908","2.39e-2","8.32e-2","12.24","1.00e+0","6.29e-2","1.67e-3","R-HSA-3322077~Glycogen synthesis","UBC,RPS27A,UBA52"
"REACTOME_PATHWAY","IRAK1 recruits IKK complex","3","191","14","10908","2.39e-2","8.32e-2","12.24","1.00e+0","6.29e-2","1.67e-3","R-HSA-937039~IRAK1 recruits IKK complex","UBC,RPS27A,UBA52"
"REACTOME_PATHWAY","Synthesis And Processing Of GAG, GAGPOL Polyproteins","3","191","14","10908","2.39e-2","8.32e-2","12.24","1.00e+0","6.29e-2","1.67e-3","R-HSA-174495~Synthesis And Processing Of GAG, GAGPOL Polyproteins","UBC,RPS27A,UBA52"
"REACTOME_PATHWAY","Regulation of innate immune responses to cytosolic DNA","3","191","14","10908","2.39e-2","8.32e-2","12.24","1.00e+0","6.29e-2","1.67e-3","R-HSA-3134975~Regulation of innate immune responses to cytosolic DNA","UBC,RPS27A,UBA52"
"REACTOME_PATHWAY","Regulation of TP53 Degradation","4","191","36","10908","2.44e-2","8.41e-2","6.35","1.00e+0","6.36e-2","3.46e-3","R-HSA-6804757~Regulation of TP53 Degradation","UBC,RPS27A,UBA52,MTOR"
"REACTOME_PATHWAY","Interactions of Rev with host cellular proteins","4","191","36","10908","2.44e-2","8.41e-2","6.35","1.00e+0","6.36e-2","3.46e-3","R-HSA-177243~Interactions of Rev with host cellular proteins","RANBP2,XPO1,NUP62,RAN"
"REACTOME_PATHWAY","Signaling by TGF-beta Receptor Complex","6","191","96","10908","2.60e-2","8.95e-2","3.57","1.00e+0","6.77e-2","6.71e-3","R-HSA-170834~Signaling by TGF-beta Receptor Complex","SMAD3,XPO1,UBC,CCNC,RPS27A,UBA52"
"REACTOME_PATHWAY","Regulation of TP53 Expression and Degradation","4","191","37","10908","2.62e-2","8.98e-2","6.17","1.00e+0","6.79e-2","3.83e-3","R-HSA-6806003~Regulation of TP53 Expression and Degradation","UBC,RPS27A,UBA52,MTOR"
"GOTERM_BP_DIRECT","positive regulation of translation","5","247","75","16251","2.70e-2","8.10e-1","4.39","1.00e+0","7.93e-1","5.67e-3","GO:0045727~positive regulation of translation","RPS4X,RPL5,EIF4A3,EEF2,MTOR"
"REACTOME_PATHWAY","Translesion synthesis by REV1","3","191","15","10908","2.73e-2","9.24e-2","11.42","1.00e+0","6.98e-2","2.06e-3","R-HSA-110312~Translesion synthesis by REV1","UBC,RPS27A,UBA52"
"REACTOME_PATHWAY","IRAK2 mediated activation of TAK1 complex upon TLR7/8 or 9 stimulation","3","191","15","10908","2.73e-2","9.24e-2","11.42","1.00e+0","6.98e-2","2.06e-3","R-HSA-975163~IRAK2 mediated activation of TAK1 complex upon TLR7/8 or 9 stimulation","UBC,RPS27A,UBA52"
"REACTOME_PATHWAY","Enterobacterial factors antagonize host defense","3","191","15","10908","2.73e-2","9.24e-2","11.42","1.00e+0","6.98e-2","2.06e-3","R-HSA-9956593~Enterobacterial factors antagonize host defense","UBC,RPS27A,UBA52"
"REACTOME_PATHWAY","Negative regulation of FLT3","3","191","15","10908","2.73e-2","9.24e-2","11.42","1.00e+0","6.98e-2","2.06e-3","R-HSA-9706369~Negative regulation of FLT3","UBC,RPS27A,UBA52"
"REACTOME_PATHWAY","Translesion synthesis by Y family DNA polymerases bypasses lesions on DNA template","4","191","38","10908","2.81e-2","9.47e-2","6.01","1.00e+0","7.16e-2","4.22e-3","R-HSA-110313~Translesion synthesis by Y family DNA polymerases bypasses lesions on DNA template","UBC,UFD1,RPS27A,UBA52"
"REACTOME_PATHWAY","Signaling by Interleukins","15","191","456","10908","2.83e-2","9.51e-2","1.88","1.00e+0","7.19e-2","1.41e-2","R-HSA-449147~Signaling by Interleukins","PSMD11,SMAD3,RPLP0,SMARCA4,PSMD8,IL36A,PSMD7,PSMA2,PSMD3,UBC,PSMB1,PSMD1,SNRPA1,RPS27A,UBA52"
"REACTOME_PATHWAY","Late Phase of HIV Life Cycle","7","191","134","10908","2.96e-2","9.93e-2","2.98","1.00e+0","7.50e-2","9.18e-3","R-HSA-162599~Late Phase of HIV Life Cycle","RANBP2,XPO1,NUP62,UBC,RPS27A,UBA52,RAN"
"GOTERM_BP_DIRECT","nuclear export","3","247","18","16251","2.98e-2","8.74e-1","10.97","1.00e+0","8.55e-1","2.39e-3","GO:0051168~nuclear export","RANBP2,RGPD2,EIF4E"
"REACTOME_PATHWAY","TRAF6-mediated induction of TAK1 complex within TLR4 complex","3","191","16","10908","3.09e-2","9.94e-2","10.71","1.00e+0","7.51e-2","2.50e-3","R-HSA-937072~TRAF6-mediated induction of TAK1 complex within TLR4 complex","UBC,RPS27A,UBA52"
"REACTOME_PATHWAY","InlB-mediated entry of Listeria monocytogenes into host cell","3","191","16","10908","3.09e-2","9.94e-2","10.71","1.00e+0","7.51e-2","2.50e-3","R-HSA-8875360~InlB-mediated entry of Listeria monocytogenes into host cell","UBC,RPS27A,UBA52"
"REACTOME_PATHWAY","Translesion synthesis by POLK","3","191","16","10908","3.09e-2","9.94e-2","10.71","1.00e+0","7.51e-2","2.50e-3","R-HSA-5655862~Translesion synthesis by POLK","UBC,RPS27A,UBA52"
"REACTOME_PATHWAY","VLDLR internalisation and degradation","3","191","16","10908","3.09e-2","9.94e-2","10.71","1.00e+0","7.51e-2","2.50e-3","R-HSA-8866427~VLDLR internalisation and degradation","UBC,RPS27A,UBA52"
"REACTOME_PATHWAY","Spry regulation of FGF signaling","3","191","16","10908","3.09e-2","9.94e-2","10.71","1.00e+0","7.51e-2","2.50e-3","R-HSA-1295596~Spry regulation of FGF signaling","UBC,RPS27A,UBA52"
"REACTOME_PATHWAY","MAP3K8 (TPL2)-dependent MAPK1/3 activation","3","191","16","10908","3.09e-2","9.94e-2","10.71","1.00e+0","7.51e-2","2.50e-3","R-HSA-5684264~MAP3K8 (TPL2)-dependent MAPK1/3 activation","UBC,RPS27A,UBA52"
"REACTOME_PATHWAY","NRIF signals cell death from the nucleus","3","191","16","10908","3.09e-2","9.94e-2","10.71","1.00e+0","7.51e-2","2.50e-3","R-HSA-205043~NRIF signals cell death from the nucleus","UBC,RPS27A,UBA52"
"REACTOME_PATHWAY","Glycogen storage diseases","3","191","16","10908","3.09e-2","9.94e-2","10.71","1.00e+0","7.51e-2","2.50e-3","R-HSA-3229121~Glycogen storage diseases","UBC,RPS27A,UBA52"
"REACTOME_PATHWAY","Translesion synthesis by POLI","3","191","16","10908","3.09e-2","9.94e-2","10.71","1.00e+0","7.51e-2","2.50e-3","R-HSA-5656121~Translesion synthesis by POLI","UBC,RPS27A,UBA52"
"REACTOME_PATHWAY","TGF-beta receptor signaling in EMT (epithelial to mesenchymal transition)","3","191","16","10908","3.09e-2","9.94e-2","10.71","1.00e+0","7.51e-2","2.50e-3","R-HSA-2173791~TGF-beta receptor signaling in EMT (epithelial to mesenchymal transition)","UBC,RPS27A,UBA52"
"REACTOME_PATHWAY","Assembly Of The HIV Virion","3","191","16","10908","3.09e-2","9.94e-2","10.71","1.00e+0","7.51e-2","2.50e-3","R-HSA-175474~Assembly Of The HIV Virion","UBC,RPS27A,UBA52"
"REACTOME_PATHWAY","p75NTR signals via NF-kB","3","191","16","10908","3.09e-2","9.94e-2","10.71","1.00e+0","7.51e-2","2.50e-3","R-HSA-193639~p75NTR signals via NF-kB","UBC,RPS27A,UBA52"
"REACTOME_PATHWAY","Signaling by FGFR3","4","191","40","10908","3.21e-2","1.03e-1","5.71","1.00e+0","7.78e-2","5.09e-3","R-HSA-5654741~Signaling by FGFR3","UBC,GAB1,RPS27A,UBA52"
"REACTOME_PATHWAY","Signaling by FGFR4","4","191","41","10908","3.42e-2","1.09e-1","5.57","1.00e+0","8.21e-2","5.56e-3","R-HSA-5654743~Signaling by FGFR4","UBC,GAB1,RPS27A,UBA52"
"REACTOME_PATHWAY","Transport of Mature mRNA Derived from an Intronless Transcript","4","191","41","10908","3.42e-2","1.09e-1","5.57","1.00e+0","8.21e-2","5.56e-3","R-HSA-159231~Transport of Mature mRNA Derived from an Intronless Transcript","RANBP2,NXF1,NUP62,EIF4E"
"REACTOME_PATHWAY","Aggrephagy","4","191","41","10908","3.42e-2","1.09e-1","5.57","1.00e+0","8.21e-2","5.56e-3","R-HSA-9646399~Aggrephagy","DYNC1LI2,UBC,RPS27A,UBA52"
"REACTOME_PATHWAY","Regulation of NF-kappa B signaling","3","191","17","10908","3.46e-2","1.09e-1","10.08","1.00e+0","8.26e-2","3.00e-3","R-HSA-9758274~Regulation of NF-kappa B signaling","UBC,RPS27A,UBA52"
"REACTOME_PATHWAY","Macroautophagy","7","191","139","10908","3.46e-2","1.09e-1","2.88","1.00e+0","8.26e-2","1.11e-2","R-HSA-1632852~Macroautophagy","DYNC1LI2,RB1CC1,UBC,LAMTOR2,RPS27A,UBA52,MTOR"
"REACTOME_PATHWAY","Cell Cycle","19","191","652","10908","3.53e-2","1.11e-1","1.66","1.00e+0","8.41e-2","2.00e-2","R-HSA-1640170~Cell Cycle","RANBP2,PSMD11,CEP164,CDC6,PSMD8,DYNC1LI2,PSMD7,XPO1,KAT5,PSMA2,PSMD3,NUP62,UBC,PSMB1,PSMD1,RPS27A,UBA52,RAN,ANAPC2"
"REACTOME_PATHWAY","Transport of Mature mRNAs Derived from Intronless Transcripts","4","191","42","10908","3.63e-2","1.14e-1","5.44","1.00e+0","8.63e-2","6.07e-3","R-HSA-159234~Transport of Mature mRNAs Derived from Intronless Transcripts","RANBP2,NXF1,NUP62,EIF4E"
"REACTOME_PATHWAY","Signaling by NOTCH1","5","191","73","10908","3.83e-2","1.20e-1","3.91","1.00e+0","9.06e-2","8.97e-3","R-HSA-1980143~Signaling by NOTCH1","UBC,CCNC,RPS27A,HDAC9,UBA52"
"REACTOME_PATHWAY","Activation of IRF3, IRF7 mediated by TBK1, IKKε (IKBKE)","3","191","18","10908","3.85e-2","1.20e-1","9.52","1.00e+0","9.07e-2","3.55e-3","R-HSA-936964~Activation of IRF3, IRF7 mediated by TBK1, IKKε (IKBKE)","UBC,RPS27A,UBA52"
"REACTOME_PATHWAY","Deactivation of the beta-catenin transactivating complex","4","191","44","10908","4.09e-2","1.27e-1","5.19","1.00e+0","9.62e-2","7.16e-3","R-HSA-3769402~Deactivation of the beta-catenin transactivating complex","XPO1,UBC,RPS27A,UBA52"
"REACTOME_PATHWAY","Transcription-Coupled Nucleotide Excision Repair (TC-NER)","5","191","75","10908","4.17e-2","1.29e-1","3.81","1.00e+0","9.77e-2","1.00e-2","R-HSA-6781827~Transcription-Coupled Nucleotide Excision Repair (TC-NER)","ISY1,XAB2,UBC,RPS27A,UBA52"
"REACTOME_PATHWAY","Regulation of TP53 Activity through Methylation","3","191","19","10908","4.25e-2","1.31e-1","9.02","1.00e+0","9.90e-2","4.16e-3","R-HSA-6804760~Regulation of TP53 Activity through Methylation","UBC,RPS27A,UBA52"
"REACTOME_PATHWAY","TICAM1, RIP1-mediated IKK complex recruitment","3","191","19","10908","4.25e-2","1.31e-1","9.02","1.00e+0","9.90e-2","4.16e-3","R-HSA-168927~TICAM1, RIP1-mediated IKK complex recruitment","UBC,RPS27A,UBA52"
"GOTERM_BP_DIRECT","negative regulation of ubiquitin-dependent protein catabolic process","3","247","22","16251","4.32e-2","1.00e+0","8.97","1.00e+0","9.80e-1","4.31e-3","GO:2000059~negative regulation of ubiquitin-dependent protein catabolic process","RPL5,RPL23,RPL11"
"REACTOME_PATHWAY","HIV Life Cycle","7","191","147","10908","4.35e-2","1.34e-1","2.72","1.00e+0","1.01e-1","1.48e-2","R-HSA-162587~HIV Life Cycle","RANBP2,XPO1,NUP62,UBC,RPS27A,UBA52,RAN"
"GOTERM_BP_DIRECT","regulation of translation at postsynapse, modulating synaptic transmission","2","247","3","16251","4.47e-2","1.00e+0","43.86","1.00e+0","9.80e-1","6.83e-4","GO:0099578~regulation of translation at postsynapse, modulating synaptic transmission","EIF4A3,EIF4E"
"REACTOME_PATHWAY","Cytokine Signaling in Immune system","21","191","771","10908","4.75e-2","1.45e-1","1.56","1.00e+0","1.10e-1","2.87e-2","R-HSA-1280215~Cytokine Signaling in Immune system","RANBP2,PSMD11,SMAD3,EIF4A3,CAMK2A,RPLP0,SMARCA4,PSMD8,IL36A,PSMD7,PSMA2,PSMD3,NUP62,UBC,PSMB1,PSMD1,SNRPA1,RPS27A,UBA52,EIF4E,EIF4G1"
"REACTOME_PATHWAY","DNA Damage Bypass","4","191","47","10908","4.82e-2","1.47e-1","4.86","1.00e+0","1.11e-1","9.03e-3","R-HSA-73893~DNA Damage Bypass","UBC,UFD1,RPS27A,UBA52"
"REACTOME_PATHWAY","Signaling by MET","5","191","79","10908","4.89e-2","1.49e-1","3.61","1.00e+0","1.12e-1","1.24e-2","R-HSA-6806834~Signaling by MET","UBC,GAB1,RPS27A,TNS3,UBA52"
"GOTERM_BP_DIRECT","blastocyst development","3","247","24","16251","5.06e-2","1.00e+0","8.22","1.00e+0","9.80e-1","5.54e-3","GO:0001824~blastocyst development","XAB2,ELF3,RPL13"
"REACTOME_PATHWAY","Regulation of FZD by ubiquitination","3","191","21","10908","5.10e-2","1.54e-1","8.16","1.00e+0","1.16e-1","5.57e-3","R-HSA-4641263~Regulation of FZD by ubiquitination","UBC,RPS27A,UBA52"
"REACTOME_PATHWAY","Listeria monocytogenes entry into host cells","3","191","21","10908","5.10e-2","1.54e-1","8.16","1.00e+0","1.16e-1","5.57e-3","R-HSA-8876384~Listeria monocytogenes entry into host cells","UBC,RPS27A,UBA52"
"REACTOME_PATHWAY","PD-L1(CD274) glycosylation and translocation to plasma membrane","3","191","21","10908","5.10e-2","1.54e-1","8.16","1.00e+0","1.16e-1","5.57e-3","R-HSA-9931295~PD-L1(CD274) glycosylation and translocation to plasma membrane","UBC,RPS27A,UBA52"
"GOTERM_BP_DIRECT","osteoblast differentiation","6","247","133","16251","5.17e-2","1.00e+0","2.97","1.00e+0","9.80e-1","1.61e-2","GO:0001649~osteoblast differentiation","FBL,BMP3,SMAD3,SHOX2,SNRNP200,GTPBP4"
"REACTOME_PATHWAY","Autophagy","7","191","154","10908","5.24e-2","1.58e-1","2.60","1.00e+0","1.19e-1","1.86e-2","R-HSA-9612973~Autophagy","DYNC1LI2,RB1CC1,UBC,LAMTOR2,RPS27A,UBA52,MTOR"
"REACTOME_PATHWAY","NOTCH2 Activation and Transmission of Signal to the Nucleus","3","191","22","10908","5.55e-2","1.65e-1","7.79","1.00e+0","1.24e-1","6.37e-3","R-HSA-2979096~NOTCH2 Activation and Transmission of Signal to the Nucleus","UBC,RPS27A,UBA52"
"REACTOME_PATHWAY","Chaperone Mediated Autophagy","3","191","22","10908","5.55e-2","1.65e-1","7.79","1.00e+0","1.24e-1","6.37e-3","R-HSA-9613829~Chaperone Mediated Autophagy","UBC,RPS27A,UBA52"
"REACTOME_PATHWAY","Regulation of signaling by CBL","3","191","22","10908","5.55e-2","1.65e-1","7.79","1.00e+0","1.24e-1","6.37e-3","R-HSA-912631~Regulation of signaling by CBL","UBC,RPS27A,UBA52"
"REACTOME_PATHWAY","JNK (c-Jun kinases) phosphorylation and  activation mediated by activated human TAK1","3","191","22","10908","5.55e-2","1.65e-1","7.79","1.00e+0","1.24e-1","6.37e-3","R-HSA-450321~JNK (c-Jun kinases) phosphorylation and  activation mediated by activated human TAK1","UBC,RPS27A,UBA52"
"REACTOME_PATHWAY","Negative regulation of MET activity","3","191","22","10908","5.55e-2","1.65e-1","7.79","1.00e+0","1.24e-1","6.37e-3","R-HSA-6807004~Negative regulation of MET activity","UBC,RPS27A,UBA52"
"REACTOME_PATHWAY","Signaling by ERBB2","4","191","50","10908","5.62e-2","1.66e-1","4.57","1.00e+0","1.25e-1","1.12e-2","R-HSA-1227986~Signaling by ERBB2","UBC,GAB1,RPS27A,UBA52"
"REACTOME_PATHWAY","Signaling by EGFR","4","191","50","10908","5.62e-2","1.66e-1","4.57","1.00e+0","1.25e-1","1.12e-2","R-HSA-177929~Signaling by EGFR","UBC,GAB1,RPS27A,UBA52"
"GOTERM_BP_DIRECT","DNA repair-dependent chromatin remodeling","3","247","26","16251","5.85e-2","1.00e+0","7.59","1.00e+0","9.80e-1","6.97e-3","GO:0140861~DNA repair-dependent chromatin remodeling","KAT5,PHF1,SIRT1"
"REACTOME_PATHWAY","MTOR signalling","4","191","51","10908","5.89e-2","1.73e-1","4.48","1.00e+0","1.31e-1","1.20e-2","R-HSA-165159~MTOR signalling","LAMTOR2,EIF4E,MTOR,EIF4G1"
"REACTOME_PATHWAY","Signaling by FGFR1","4","191","51","10908","5.89e-2","1.73e-1","4.48","1.00e+0","1.31e-1","1.20e-2","R-HSA-5654736~Signaling by FGFR1","UBC,GAB1,RPS27A,UBA52"
"GOTERM_BP_DIRECT","peptidyl-lysine acetylation","2","247","4","16251","5.92e-2","1.00e+0","32.90","1.00e+0","9.80e-1","1.35e-3","GO:0018394~peptidyl-lysine acetylation","KAT5,SIRT1"
"GOTERM_BP_DIRECT","ribosomal subunit export from nucleus","2","247","4","16251","5.92e-2","1.00e+0","32.90","1.00e+0","9.80e-1","1.35e-3","GO:0000054~ribosomal subunit export from nucleus","XPO1,RAN"
"GOTERM_BP_DIRECT","regulation of amyloid-beta formation","2","247","4","16251","5.92e-2","1.00e+0","32.90","1.00e+0","9.80e-1","1.35e-3","GO:1902003~regulation of amyloid-beta formation","TMED10,ROCK2"
"REACTOME_PATHWAY","Intra-Golgi and retrograde Golgi-to-ER traffic","8","191","199","10908","5.94e-2","1.73e-1","2.30","1.00e+0","1.31e-1","2.38e-2","R-HSA-6811442~Intra-Golgi and retrograde Golgi-to-ER traffic","NAPA,COPA,DYNC1LI2,TMED10,COPB1,COPG1,COPZ1,ARCN1"
"REACTOME_PATHWAY","Signaling by TGFB family members","7","191","159","10908","5.95e-2","1.73e-1","2.51","1.00e+0","1.31e-1","2.17e-2","R-HSA-9006936~Signaling by TGFB family members","ZFYVE16,SMAD3,XPO1,UBC,CCNC,RPS27A,UBA52"
"GOTERM_BP_DIRECT","translational initiation","4","247","59","16251","6.00e-2","1.00e+0","4.46","1.00e+0","9.80e-1","1.23e-2","GO:0006413~translational initiation","EIF5B,RPS5,EIF4E,EIF4G1"
"REACTOME_PATHWAY","activated TAK1 mediates p38 MAPK activation","3","191","23","10908","6.01e-2","1.74e-1","7.45","1.00e+0","1.31e-1","7.23e-3","R-HSA-450302~activated TAK1 mediates p38 MAPK activation","UBC,RPS27A,UBA52"
"REACTOME_PATHWAY","SRC activates STAT3 in a quantitative manner, through Cadherin-11 (CDH11), RAC1 and gp130 (IL6ST)","3","191","23","10908","6.01e-2","1.74e-1","7.45","1.00e+0","1.31e-1","7.23e-3","R-HSA-9958810~SRC activates STAT3 in a quantitative manner, through Cadherin-11 (CDH11), RAC1 and gp130 (IL6ST)","UBC,RPS27A,UBA52"
"REACTOME_PATHWAY","IKK complex recruitment mediated by RIP1","3","191","23","10908","6.01e-2","1.74e-1","7.45","1.00e+0","1.31e-1","7.23e-3","R-HSA-937041~IKK complex recruitment mediated by RIP1","UBC,RPS27A,UBA52"
"REACTOME_PATHWAY","SARS-CoV-2 activates/modulates innate and adaptive immune responses","6","191","122","10908","6.19e-2","1.78e-1","2.81","1.00e+0","1.35e-1","2.02e-2","R-HSA-9705671~SARS-CoV-2 activates/modulates innate and adaptive immune responses","RANBP2,SAR1B,NUP62,UBC,RPS27A,UBA52"
"REACTOME_PATHWAY","M-decay: degradation of maternal mRNAs by maternally stored factors","3","191","24","10908","6.48e-2","1.85e-1","7.14","1.00e+0","1.40e-1","8.16e-3","R-HSA-9820841~M-decay: degradation of maternal mRNAs by maternally stored factors","EIF4A3,EIF4E,EIF4G1"
"REACTOME_PATHWAY","Gap-filling DNA repair synthesis and ligation in GG-NER","3","191","24","10908","6.48e-2","1.85e-1","7.14","1.00e+0","1.40e-1","8.16e-3","R-HSA-5696397~Gap-filling DNA repair synthesis and ligation in GG-NER","UBC,RPS27A,UBA52"
"REACTOME_PATHWAY","NOTCH3 Activation and Transmission of Signal to the Nucleus","3","191","24","10908","6.48e-2","1.85e-1","7.14","1.00e+0","1.40e-1","8.16e-3","R-HSA-9013507~NOTCH3 Activation and Transmission of Signal to the Nucleus","UBC,RPS27A,UBA52"
"REACTOME_PATHWAY","Deadenylation of mRNA","3","191","24","10908","6.48e-2","1.85e-1","7.14","1.00e+0","1.40e-1","8.16e-3","R-HSA-429947~Deadenylation of mRNA","EIF4A3,EIF4E,EIF4G1"
"REACTOME_PATHWAY","Cellular response to heat stress","5","191","88","10908","6.74e-2","1.91e-1","3.24","1.00e+0","1.44e-1","1.90e-2","R-HSA-3371556~Cellular response to heat stress","RANBP2,NUP62,CAMK2A,SIRT1,MTOR"
"REACTOME_PATHWAY","Signaling by Non-Receptor Tyrosine Kinases","4","191","54","10908","6.76e-2","1.91e-1","4.23","1.00e+0","1.44e-1","1.46e-2","R-HSA-9006927~Signaling by Non-Receptor Tyrosine Kinases","SFPQ,UBC,RPS27A,UBA52"
"REACTOME_PATHWAY","Signaling by PTK6","4","191","54","10908","6.76e-2","1.91e-1","4.23","1.00e+0","1.44e-1","1.46e-2","R-HSA-8848021~Signaling by PTK6","SFPQ,UBC,RPS27A,UBA52"
"REACTOME_PATHWAY","Inactivation of CSF3 (G-CSF) signaling","3","191","25","10908","6.97e-2","1.96e-1","6.85","1.00e+0","1.48e-1","9.15e-3","R-HSA-9705462~Inactivation of CSF3 (G-CSF) signaling","UBC,RPS27A,UBA52"
"GOTERM_BP_DIRECT","nucleolus organization","2","247","5","16251","7.34e-2","1.00e+0","26.32","1.00e+0","9.80e-1","2.23e-3","GO:0007000~nucleolus organization","USP36,RPS19"
"GOTERM_BP_DIRECT","cellular response to methionine","2","247","5","16251","7.34e-2","1.00e+0","26.32","1.00e+0","9.80e-1","2.23e-3","GO:0061431~cellular response to methionine","MAT2A,MTOR"
"GOTERM_BP_DIRECT","centriole assembly","2","247","5","16251","7.34e-2","1.00e+0","26.32","1.00e+0","9.80e-1","2.23e-3","GO:0098534~centriole assembly","RBM14,NUP62"
"REACTOME_PATHWAY","RAS processing","3","191","26","10908","7.47e-2","2.10e-1","6.59","1.00e+0","1.58e-1","1.02e-2","R-HSA-9648002~RAS processing","UBC,RPS27A,UBA52"
"REACTOME_PATHWAY","Transport of small molecules","19","191","718","10908","7.56e-2","2.12e-1","1.51","1.00e+0","1.60e-1","4.67e-2","R-HSA-382551~Transport of small molecules","PSMD11,SLC67A1,SAR1B,CAMK2A,SLC6A13,SLC30A1,ATP1A1,PHB2,ADCY6,PSMD8,PSMD7,PSMA2,PSMD3,UBC,PSMB1,ATP6V1B2,PSMD1,RPS27A,UBA52"
"GOTERM_BP_DIRECT","response to ischemia","4","247","65","16251","7.56e-2","1.00e+0","4.05","1.00e+0","9.80e-1","1.71e-2","GO:0002931~response to ischemia","ROCK2,CAMK2A,HYOU1,EEF2"
"GOTERM_BP_DIRECT","protein stabilization","8","247","243","16251","7.68e-2","1.00e+0","2.17","1.00e+0","9.80e-1","3.28e-2","GO:0050821~protein stabilization","USP36,SMAD3,RPL23,HSPB1,DCAF11,PHB2,GTPBP4,MTOR"
"REACTOME_PATHWAY","Iron uptake and transport","4","191","57","10908","7.69e-2","2.15e-1","4.01","1.00e+0","1.62e-1","1.75e-2","R-HSA-917937~Iron uptake and transport","UBC,ATP6V1B2,RPS27A,UBA52"
"GOTERM_BP_DIRECT","thyroid gland development","3","247","32","16251","8.42e-2","1.00e+0","6.17","1.00e+0","9.80e-1","1.24e-2","GO:0030878~thyroid gland development","SMAD3,FOXE1,PAX8"
"REACTOME_PATHWAY","FLT3 signaling in disease","3","191","28","10908","8.49e-2","2.35e-1","6.12","1.00e+0","1.77e-1","1.25e-2","R-HSA-9682385~FLT3 signaling in disease","UBC,RPS27A,UBA52"
"REACTOME_PATHWAY","Budding and maturation of HIV virion","3","191","28","10908","8.49e-2","2.35e-1","6.12","1.00e+0","1.77e-1","1.25e-2","R-HSA-162588~Budding and maturation of HIV virion","UBC,RPS27A,UBA52"
"REACTOME_PATHWAY","Glycogen metabolism","3","191","28","10908","8.49e-2","2.35e-1","6.12","1.00e+0","1.77e-1","1.25e-2","R-HSA-8982491~Glycogen metabolism","UBC,RPS27A,UBA52"
"REACTOME_PATHWAY","Metalloprotease DUBs","3","191","28","10908","8.49e-2","2.35e-1","6.12","1.00e+0","1.77e-1","1.25e-2","R-HSA-5689901~Metalloprotease DUBs","UBC,RPS27A,UBA52"
"GOTERM_BP_DIRECT","regulation of circadian rhythm","4","247","69","16251","8.69e-2","1.00e+0","3.81","1.00e+0","9.80e-1","2.08e-2","GO:0042752~regulation of circadian rhythm","SFPQ,ROCK2,BHLHE40,MTOR"
"GOTERM_BP_DIRECT","ribosomal large subunit export from nucleus","2","247","6","16251","8.75e-2","1.00e+0","21.93","1.00e+0","9.80e-1","3.31e-3","GO:0000055~ribosomal large subunit export from nucleus","XPO1,RAN"
"GOTERM_BP_DIRECT","protein-RNA complex assembly","2","247","6","16251","8.75e-2","1.00e+0","21.93","1.00e+0","9.80e-1","3.31e-3","GO:0022618~protein-RNA complex assembly","RPL38,SNRPF"
"GOTERM_BP_DIRECT","ribosomal small subunit export from nucleus","2","247","6","16251","8.75e-2","1.00e+0","21.93","1.00e+0","9.80e-1","3.31e-3","GO:0000056~ribosomal small subunit export from nucleus","XPO1,RAN"
"REACTOME_PATHWAY","Translation of Structural Proteins","4","191","61","10908","9.00e-2","2.46e-1","3.74","1.00e+0","1.86e-1","2.19e-2","R-HSA-9694635~Translation of Structural Proteins","UBC,MAN1B1,RPS27A,UBA52"
"REACTOME_PATHWAY","Recognition of DNA damage by PCNA-containing replication complex","3","191","29","10908","9.02e-2","2.46e-1","5.91","1.00e+0","1.86e-1","1.38e-2","R-HSA-110314~Recognition of DNA damage by PCNA-containing replication complex","UBC,RPS27A,UBA52"
"REACTOME_PATHWAY","Negative regulation of FGFR3 signaling","3","191","29","10908","9.02e-2","2.46e-1","5.91","1.00e+0","1.86e-1","1.38e-2","R-HSA-5654732~Negative regulation of FGFR3 signaling","UBC,RPS27A,UBA52"
"REACTOME_PATHWAY","Downregulation of ERBB2 signaling","3","191","29","10908","9.02e-2","2.46e-1","5.91","1.00e+0","1.86e-1","1.38e-2","R-HSA-8863795~Downregulation of ERBB2 signaling","UBC,RPS27A,UBA52"
"REACTOME_PATHWAY","Translation of Structural Proteins","3","191","29","10908","9.02e-2","2.46e-1","5.91","1.00e+0","1.86e-1","1.38e-2","R-HSA-9683701~Translation of Structural Proteins","UBC,RPS27A,UBA52"
"GOTERM_BP_DIRECT","protein export from nucleus","3","247","34","16251","9.34e-2","1.00e+0","5.81","1.00e+0","9.80e-1","1.47e-2","GO:0006611~protein export from nucleus","XPO1,NUTF2,RAN"
"REACTOME_PATHWAY","Activated NOTCH1 Transmits Signal to the Nucleus","3","191","30","10908","9.56e-2","2.59e-1","5.71","1.00e+0","1.96e-1","1.52e-2","R-HSA-2122948~Activated NOTCH1 Transmits Signal to the Nucleus","UBC,RPS27A,UBA52"
"REACTOME_PATHWAY","Signaling by CSF3 (G-CSF)","3","191","30","10908","9.56e-2","2.59e-1","5.71","1.00e+0","1.96e-1","1.52e-2","R-HSA-9674555~Signaling by CSF3 (G-CSF)","UBC,RPS27A,UBA52"
"REACTOME_PATHWAY","Cytosolic sensors of pathogen-associated DNA","4","191","63","10908","9.69e-2","2.62e-1","3.63","1.00e+0","1.98e-1","2.43e-2","R-HSA-1834949~Cytosolic sensors of pathogen-associated DNA","UBC,POLR3F,RPS27A,UBA52"
"GOTERM_BP_DIRECT","regulation of RNA splicing","4","247","73","16251","9.88e-2","1.00e+0","3.61","1.00e+0","9.80e-1","2.51e-2","GO:0043484~regulation of RNA splicing","SF3B5,SF3B3,SON,MBNL3"

