gene	label	hf_class	protein_ids	phenotype_vec	pheno_cluster
ABL1	1	mixed	['P00519', 'Q59FK4']	[0.330609120963493, 0.1801303043873584, 0.799257932196763]	7
ACTA1	1	mixed	['A8K3K1', 'P68133']	[-0.3802022090969142, -0.3767727668789419, 0.3287807146060952]	0
ACTA2	1	mixed	['A0AAQ5BGG7', 'A0AAQ5BGI6', 'B3KUD3', 'B3KW67', 'B4DW52', 'D2JYH4', 'P62736']	[0.0082838077798727, -0.5645607318838012, 0.3012011935562557]	1
ACTB	1	mixed	['P60709', 'Q1KLZ0', 'Q53G76', 'Q53G99', 'Q53GK6']	[0.5430777145504527, -1.1241599451600723, -0.321544046201822]	1
ACTC1	1	mixed	['A8K3K1', 'P68032', 'V9HVZ7']	[0.5559630191492352, -0.2778813036971952, 0.0206337717833732]	1
ACTG1	1	mixed	['P63261', 'Q53G76', 'Q53G99', 'Q53GK6']	[0.0564507399462426, -0.7699256810893154, 0.531727647664072]	0
ACTG2	1	mixed	['B3KW67', 'B4DW52', 'P63267']	[-0.0821246828454408, -0.813729952937585, -0.650559388994076]	4
ACTR3	1	mixed	['B4DXW1', 'P61158', 'Q59FV6']	[-0.8229979847223997, -1.3320243493157762, 0.8358050838909875]	5
AKT1	1	mixed	['B0LPE5', 'B3KVH4', 'P31749']	[0.8137495160847552, -0.0278290255355846, 0.0600508698885793]	2
ANXA2	1	mixed	['A0A024R5Z7', 'B3KRQ1', 'H0YL33', 'P07355', 'V9HW65']	[-0.6541320893172053, -0.8648053801744261, -0.1211438640255879]	4
ARPC1A	1	mixed	['A0A0K0K1L3', 'Q53GB6', 'Q92747', 'V9HVZ6']	[-0.5191704132533936, -1.3342867400902267, -0.7554282729438153]	8
ARPC1B	1	mixed	['A4D275', 'C9JEY1', 'O15143']	[1.2640593693059796, -0.4644969339564254, 0.2793370410102869]	2
ARPC2	1	mixed	['O15144', 'Q53R19']	[-1.4831787236980405, -1.3824346948936903, 0.7487299166677983]	5
ARPC3	1	mixed	['B2R4D5', 'O15145', 'Q2LE71']	[-0.6721420418303629, -1.4057002366829077, 0.5428942814586342]	5
ARPC4	1	mixed	['F8WCF6', 'P59998']	[0.158721386545896, -0.2670895847371795, -0.2685708772088611]	1
ARPC5	1	mixed	['B1ALC0', 'O15511']	[-0.5141674704482614, -0.353532258114265, 0.1101382465325448]	4
ATP6AP1	1	mixed	['A0A384MQW4', 'B3KR70', 'Q15904']	[-0.4928758473342235, -0.7159628486872736, 0.5205449597615197]	0
ATP6V0A4	1	mixed	['Q9HBG4']	[-1.0960698609673765, -1.525193952171379, 0.3127646010937532]	5
ATP6V0B	1	mixed	['E9PNL3', 'E9PNU0', 'Q99437']	[-0.4116062640236144, -0.5695928284456468, 0.1588820875932124]	4
ATP6V0C	1	mixed	['P27449']	[-0.7155382363343481, -0.8380063217600704, 0.7031564780582782]	0
ATP6V0D2	1	mixed	['Q8N8Y2']	[-0.1042948772007132, -0.005094022114962, 0.6213307691105037]	6
ATP6V0E1	1	mixed	['J3KN48', 'O15342']	[-0.2537193018781733, -0.6512150633934921, 0.4100355606208721]	0
ATP6V1A	1	mixed	['A0A994J738', 'P38606']	[-0.2739258979692446, -0.3116603175857341, 0.6929860856542508]	0
ATP6V1B1	1	mixed	['B4DWH7', 'C9JL73', 'P15313']	[-0.9280235064294878, -0.8222012846580404, -0.4873216612722296]	4
ATP6V1B2	1	mixed	['A0A140VK65', 'A0ABB0MV95', 'P21281']	[-1.5979562158913945, -0.9798146422279824, 0.2499366594412403]	5
ATP6V1C2	1	mixed	['A0A0U1RR16', 'A8KA87', 'Q8NEY4']	[0.6574296355297062, 0.2260050127965366, -0.0538345989205371]	2
ATP6V1D	1	mixed	['Q6PJ05', 'Q8N5Z9', 'Q9H3H0', 'Q9Y5K8']	[-0.0159982059832841, -0.2623101509912969, 0.4902882518160327]	7
ATP6V1E1	1	mixed	['P36543', 'Q53Y06']	[0.0271372900094894, -1.047448876894077, -0.3240064319261135]	4
ATP6V1F	1	mixed	['A4D1K0', 'Q16864']	[0.3458685383244734, -0.3279586020598112, 0.3870506862668975]	1
ATP6V1G1	1	mixed	['O75348']	[-0.6342308282828855, -0.5328560785992468, -0.3771577246472886]	4
ATP6V1G3	1	mixed	['Q96LB4']	[0.7300785442967328, -0.5628002319116648, 0.0776894431668029]	1
ATR	1	mixed	['A0A590UJ01', 'Q13535']	[-0.4141309917684541, -0.7369521520062755, 0.4260364407734003]	0
AXL	1	mixed	['M0R0W6', 'P30530']	[-0.644897927348558, -0.7915259480508381, 1.1496900119512647]	0
BANF1	1	mixed	['B2R4V4', 'O75531']	[0.541911177329472, 0.1131084130582553, 0.0716219462749241]	2
CCR5	1	mixed	['A0A089G3J8', 'A0A089G3L9', 'A0A089G3M1', 'A0A089G3N1', 'A0A089G3P4', 'A0A089G5N2', 'A0A089G6S3', 'A0A089G7J6', 'A0A089H947', 'A0A089H987', 'B0EX00', 'B0EX01', 'B2KIU0', 'B2KIU1', 'B2KKJ9', 'H9MHP3', 'H9MHP6', 'H9MHP8', 'H9MHP9', 'L7S2Y4', 'P51681', 'Q38L21', 'Q3L3Q6', 'Q5EKM9', 'Q5QIN9', 'Q5QIP1']	[-0.1845991936721607, -0.4185283495251317, 0.6286314184411816]	0
CDC42	1	mixed	['A0A590UJK8', 'P60953']	[0.3515011958128443, 0.3829455575161656, 0.5937192610118149]	6
CHEK1	1	mixed	['B4DT73', 'E7EPP6', 'O14757']	[0.6077108313985625, -0.8401651137196979, -1.431462684709619]	3
CHMP1A	1	mixed	['A0A6Q8PFF8', 'A0A6Q8PFX8', 'A0A6Q8PG85', 'Q9HD42']	[0.4123844270657928, -0.4232563525843289, 0.5048895849718144]	7
CHMP4C	1	mixed	['Q96CF2']	[0.1388592240835469, 1.0145320593758227, 0.5809098076767801]	6
CLTA	1	mixed	['C9J8P9', 'P09496']	[0.1145740443764975, -0.2878778844365047, 0.1732393405676874]	1
CLTB	1	mixed	['B4DTF9', 'P09497']	[-1.2328035808808775, -0.912897266151966, -1.6556719229380716]	8
CLTC	1	mixed	['A0A087WVQ6', 'A0A8V8TQ14', 'A0A8V8TR47', 'Q00610']	[-1.098886610405709, -0.975346250945623, 0.3323298247218598]	5
COG1	1	mixed	['Q4G0L8', 'Q8WTW3']	[0.2198876431485479, 0.5938741450888889, 0.600521508278552]	6
COG3	1	mixed	['Q96JB2']	[-0.8456589634196103, 0.6689508089720798, -0.0145722329954334]	6
COG4	1	mixed	['A0A6I8PIQ6', 'J3KNI1', 'Q6PIW8', 'Q8N8L9', 'Q9H9E3']	[-0.4818381690319363, -0.293283807847747, -0.8326120973751804]	4
COG5	1	mixed	['A0AAA9X096', 'A0AAA9X2X8', 'A0AAG2TDC7', 'A0AAG2TF56', 'Q9UP83']	[-0.231839345679086, 0.5974945954983765, 0.5466196531459104]	6
COG6	1	mixed	['A0A140VJG7', 'B4DG73', 'Q9Y2V7']	[-0.6315152214233856, -0.2434153539233623, 0.7775080538954878]	0
COG7	1	mixed	['A0A0S2Z652', 'B3KSN1', 'P83436']	[1.0214499694536698, -0.264684250666226, -0.2201829378599661]	3
COPB2	1	mixed	['H0Y938', 'P35606']	[-1.330585920277335, -1.7384761645325717, -2.2286614025625524]	8
COPE	1	mixed	['M0QXB4', 'O14579', 'Q53HJ6']	[-0.6899804984066455, -0.7100808093355993, 0.3731022668315985]	5
CSNK2B	1	mixed	['A0A1U9X7J2', 'N0E4C7', 'P67870', 'Q5SRQ3']	[-0.778763026813859, -0.2856622382290358, 0.5117819992177757]	0
CUL3	1	mixed	['Q13618']	[-0.2799729063683535, -1.234468044701199, 0.147466120607]	5
DDX3X	1	mixed	['A0A0D9SFB3', 'A0A2R8Y7T2', 'A0A2R8YDT5', 'A0A2R8YFR4', 'A0A2R8YFS5', 'B5BTY4', 'O00571']	[-0.5472053223043323, -1.2231673171808632, 0.2102729981553643]	5
EGR1	1	mixed	['A0A089VKS7', 'P18146', 'Q546S1']	[0.0550344943791665, 0.0620439957101244, 0.194093245856774]	6
EIF4E	1	mixed	['D6RBW1', 'P06730', 'Q32Q75', 'X5D7E3']	[-2.17806383921838, -0.6711398550441752, -0.2995977541937145]	8
EIF4G1	1	mixed	['B2RU10', 'E7EUU4', 'E7EX73', 'E9PGM1', 'Q04637']	[-1.591896081243538, -1.330099266897943, -0.1865642717784247]	5
ELK1	1	mixed	['P19419', 'Q6FG56']	[-0.790372187107967, -0.7929050047865547, 0.3561352170296222]	5
FLNB	1	mixed	['A0A804HK76', 'O75369']	[0.799613911294119, 0.2360349796158111, 0.5856880110839408]	2
G3BP2	1	mixed	['A0A7I2V3P9', 'A0A7I2V647', 'A0A7I2YQD9', 'A8K6V7', 'Q9UN86']	[-0.6064944261379989, -0.4359494034310184, -0.3258611194768503]	4
GAS6	1	mixed	['B4DZY7', 'Q14393']	[0.7536861808885592, 0.0010753822998756, 0.5261000694729184]	2
HSPA8	1	mixed	['P11142', 'Q53GZ6', 'Q53HF2', 'V9HW22']	[-0.6135741169292119, -0.4468909065818737, -0.2450136009184615]	4
IFIT2	1	mixed	['A0A7P0T8B3', 'B4DTZ5', 'P09913']	[0.5789394008371741, -0.3963079353988984, 0.4566935688572018]	1
IFIT3	1	mixed	['A0A7P0T7D6', 'A0A7P0T855', 'O14879', 'Q5T765']	[-0.527691272686555, -0.9960718774204528, 0.6208927138307546]	5
IFNA1	1	mixed	['G9JKF1', 'L0N195', 'P01562']	[-0.2555702065104163, -0.4015590951386099, -0.357558490936532]	4
IFNA13	1	mixed	['A0A087WWS6', 'G9JKF1']	[-0.6594744848079388, -0.4918309094113202, 0.23956147954425]	0
IFNA14	1	mixed	['P01570']	[0.0286134746149768, -1.0984397102925203, 0.343186308405338]	1
IFNA16	1	mixed	['A0A7R8C397', 'P05015', 'Q14618']	[-0.3267968480614616, -0.0844872290629929, 0.3021653590752751]	6
IFNA17	1	mixed	['A0A7R8C355', 'A0A7R8GUS8', 'P01571']	[0.3760358840728082, 0.6511307022368794, 0.4605280633191781]	6
IFNA2	1	mixed	['A0A7R8GUN5', 'A0AA50CIE2', 'P01563']	[0.4597499713519638, -0.3102936844573939, 0.4327782909340729]	1
IFNA21	1	mixed	['A0A7R8GUQ6', 'A0A7R8GUS8', 'P01568']	[0.2909963302638711, 0.1083686228035493, 0.0274103366276946]	6
IFNA4	1	mixed	['A0A7R8GUS8', 'P05014']	[-0.2453929296701316, -0.7250991579199826, 1.095445754688784]	0
IFNA5	1	mixed	['A0A7R8C382', 'P01569']	[-0.0920902672805899, -0.6423820646787028, 0.4834115658462432]	0
IFNA6	1	mixed	['A0A0A0MQU8', 'A0A7R8C308', 'P05013']	[0.9523199519786738, -0.2745615883861382, 0.8352543781055153]	7
IFNA7	1	mixed	['A0A7R8C383', 'A0A7R8GUS8', 'P01567']	[-0.3457268210195567, -0.4896427632682932, 0.662021318729753]	0
IFNA8	1	mixed	['A0A7R8C381', 'P32881']	[-1.0117583097655265, -0.5869891253399334, 0.515672397209853]	5
IFNB1	1	mixed	['A0A7R8GV38', 'P01574', 'Q15943']	[0.3877863384522579, -0.2968241329250284, 0.748047836661138]	7
IFNG	1	mixed	['A0A7R8GUN6', 'A8YQE4', 'P01579']	[0.0401134173765714, -1.298357605059972, -0.3208209927555583]	4
IL18	1	mixed	['B0YJ28', 'Q14116', 'Q96KJ8']	[0.7297106630535404, -0.2243007642824679, -0.6617909080664377]	3
INTS7	1	mixed	['Q9NVH2']	[1.039365345444617, 0.2974225529196299, -0.2084022234896879]	2
ISG15	1	mixed	['A0A096LPJ4', 'P05161']	[-1.0422503499911873, -1.5590588041564744, -0.4635130036692429]	8
ITGB1	1	mixed	['E7EUI6', 'P05556']	[-0.8152546475323232, -0.6738213764348083, 1.038070383436912]	0
KDELR1	1	mixed	['P24390']	[1.0594165808063063, 0.2444673599110534, 0.4930332358821592]	2
KDELR2	1	mixed	['P33947']	[-0.5837726436818995, -1.3645516364960666, 0.0925790571793844]	5
KPNA2	1	mixed	['A8K7D9', 'P52292']	[-1.3113498671445978, -2.310539855022148, -0.3190556243587821]	8
LAMA1	1	mixed	['P25391']	[-0.1094347270378844, -0.6768184169338622, 0.0643696740702219]	1
MAP2K2	1	mixed	['B3KS97', 'P36507']	[-0.1794725441207105, -0.685067450541168, 0.4385977950676951]	0
MAP2K3	1	mixed	['C7DUW4', 'P46734', 'Q53EZ9', 'Q6FHG1', 'Q6FI23']	[-0.1418525269332583, -0.8606701464016443, 0.0513484318323682]	1
MAP2K5	1	mixed	['B2RD76', 'Q13163']	[0.4071288832340248, 0.1143033580215456, 0.6086260107548334]	7
MAPK1	1	mixed	['P28482', 'Q1HBJ4', 'Q499G7']	[0.1969443289596459, -0.2694763308481677, 0.2411731363784295]	1
MAPK3	1	mixed	['E9PQW4', 'L7RXH5', 'P27361', 'Q8NHX0']	[-0.5228406977246925, -0.8969876873622903, -0.2936500642177533]	4
MYD88	1	mixed	['A0A0A0MSI9', 'A0A3B3ITY3', 'A0A3F2YP85', 'A0A494C0J8', 'A0A8V8TP38', 'B4E3D6', 'Q99836']	[-0.1778902237113836, -0.8160109522198171, -0.0204614179407942]	4
NCK1	1	mixed	['A0A0S2Z4Y3', 'B2R6S4', 'P16333']	[0.2057909207361911, -0.1802886238346311, 0.6897766902990948]	7
NCK2	1	mixed	['A0A0S2Z4M6', 'E7ERP6', 'O43639', 'Q53TG4']	[-0.245591345929469, -0.0557959077304464, 0.5506553490971549]	6
PAK1	1	mixed	['A8KAN3', 'B3KNX7', 'B7Z3K0', 'E9PM17', 'Q13153']	[0.3450455505630985, -0.0841416213836915, 0.6129883026070309]	7
PCNA	1	mixed	['P12004', 'Q6FI35']	[0.2095046381259211, -0.9090545308767124, -0.5226492257916103]	4
PFN1	1	mixed	['P07737']	[-0.222950105531816, -0.3798221535005484, 0.4961322908911811]	0
PIK3CB	1	mixed	['B4DER4', 'P42338']	[0.0469096439189258, -0.2552025708117554, 0.3288726438569482]	1
PIK3R1	1	mixed	['A0A2X0SFG1', 'A0A8V8TL10', 'A0A8V8TL31', 'A0A8V8TLF7', 'A0A8V8TME9', 'B3KWZ7', 'P27986']	[0.5054733755983992, -0.044883676620625, 0.5329134607453481]	7
PIK3R4	1	mixed	['A0JP11', 'Q99570']	[-0.3801802915849257, -0.7439340543095907, 0.0325938838276168]	4
PIKFYVE	1	mixed	['E9PDH4', 'Q9Y2I7', 'V9HWG4']	[-0.5683894856931051, -0.9910409331938408, -0.2389250475621556]	4
PRKAA1	1	mixed	['Q13131', 'Q96E92']	[-0.1480660908917544, -0.5318968155379112, -0.0015104215320317]	1
PRKAA2	1	mixed	['A0MZF5', 'B2RA25', 'P54646']	[-0.890460094519768, -1.0549302252882848, -0.3315411137515872]	5
PRKAB1	1	mixed	['B2R6A0', 'Q9Y478']	[0.5999062067178552, -0.2447158886475617, 0.3642173218148841]	1
PRKACA	1	mixed	['A0A8V8TL59', 'A8K8B9', 'P17612']	[-0.3040352325389834, -0.0563206327021517, 0.7547219162961122]	0
PRKACB	1	mixed	['A0A087WVC4', 'A8K8B9', 'B1APF8', 'B1APF9', 'B1APG1', 'B1APG2', 'B1APG3', 'B2RB89', 'B4E2L0', 'B7ZA00', 'K7ERP6', 'P22694']	[0.2304262763734637, -0.1268203337899301, 0.6117103026637418]	7
PRKACG	1	mixed	['P22612']	[0.0846021184242145, -0.1469603535859588, -0.7037739449548164]	3
PRKAG1	1	mixed	['F8VYY9', 'P54619']	[-0.733229125361081, -1.317526870853997, -0.8301141876080629]	8
PRKAG2	1	mixed	['A0A090N8Q6', 'A0A384MDZ2', 'A0A494C068', 'A0A494C155', 'A0A494C1K7', 'B7Z6X8', 'E9PGP6', 'Q9UGJ0']	[0.6954082287894245, -0.1330949409283401, -0.3750995353648496]	3
PRKAR1A	1	mixed	['B2R5T5', 'K7EM13', 'P10644', 'Q68DQ4']	[-1.0605078160749133, -1.455621297776597, -0.3129631794937973]	5
PRKAR2A	1	mixed	['A0A024R2W3', 'A0A0S2Z472', 'A0A9L9PXB4', 'A0A9L9PY56', 'A8KAH7', 'P13861']	[0.3731309288709095, 0.4447560569322208, 0.0916486823065007]	6
PRKDC	1	mixed	['P78527', 'A0A8V8TMR1']	[0.2243473118100397, -0.882000953769238, 0.2953885018075904]	1
PSMA1	1	mixed	['B4E0X6', 'P25786', 'V9HW55']	[-1.2227594859765771, -1.7550660401781677, -1.3481117411284207]	8
PSMA2	1	mixed	['A0A024RA52', 'P25787', 'Q53GF5']	[-1.4807649022009797, -1.5607947192138432, -1.7511614333592498]	8
PSMA3	1	mixed	['A0A140VK43', 'P25788', 'Q6IB71']	[-0.8498522713538724, -1.8329033512491155, -1.512444222358059]	8
PSMA7	1	mixed	['A0A0K0K1K4', 'O14818', 'Q05DH1']	[-0.2385013709755081, -0.7458192219490144, -1.6206375860784012]	8
PSMA8	1	mixed	['A0A087WYS6', 'B0YJ74', 'Q4G1B8', 'Q8TAA3']	[-0.4560144079951715, -0.8636745848097077, 0.200851486570666]	5
PSMB1	1	mixed	['A0A140VK45', 'P20618', 'Q53FT8']	[-1.419591303403338, -1.6499601227366576, -2.0416504989278055]	8
PSMB2	1	mixed	['A0A087WVV1', 'A0A140VJS6', 'B7Z478', 'P49721']	[-0.0099654479164438, -0.1701412275285189, -0.7842507369329488]	3
PSMB4	1	mixed	['A0A140VK46', 'P28070']	[-0.8171768546021156, -1.5488610292856029, -1.05964304933375]	8
PSMB5	1	mixed	['A0A140VJS7', 'P28074']	[-0.7708705947782157, -0.5526459387784249, -1.2287582667479289]	8
PSMB8	1	mixed	['P28062', 'Q6FHU0', 'X5CMJ9', 'X5D2R7']	[-0.1709894926144713, -0.0288958037651207, 0.7138405340270397]	7
PSMB9	1	mixed	['A0A1U9X8D7', 'A0A1U9X8E2', 'A0A1U9X8E3', 'P28065']	[-0.1870722738825455, -0.8717589955651188, 0.8606855547057496]	0
PSMC1	1	mixed	['P62191', 'Q53HB3', 'Q53XL8']	[-1.2139382997981722, -0.7789273274664992, -1.8105232231080048]	8
PSMC2	1	mixed	['A0A140VK70', 'B7Z571', 'C9JX88', 'P35998']	[2.4536600282199528, -0.6801773741472209, -1.571304765876055]	3
PSMC3	1	mixed	['A0A140VK42', 'A8K781', 'P17980']	[-0.1811817254638074, 0.1730072286722106, 0.652687420943665]	6
PSMC4	1	mixed	['A8K2M0', 'P43686']	[-0.1087298587426668, -0.8723694631994645, 0.2454535002805375]	1
PSMC5	1	mixed	['A0A140VJS3', 'A0A994J6V8', 'J3QRR3', 'P62195']	[-1.3352851830750891, -2.0006232330404288, -1.5166604723938375]	8
PSMD1	1	mixed	['A0A7I2V491', 'A0A7I2V523', 'B2R6D0', 'Q99460']	[-2.2810279890663123, -1.4074989113373566, -2.1941797390556776]	8
PSMD10	1	mixed	['O75832']	[0.3715318409418884, 0.0065792966343454, 0.6512554697550474]	7
PSMD11	1	mixed	['O00231']	[-2.7918545376035437, -1.8119629090157807, -2.196948926099285]	8
PSMD13	1	mixed	['B2RBM7', 'J3KNQ3', 'Q53GN6', 'Q9UNM6']	[0.2943205797982631, -1.5136449824922762, -0.9391418908892069]	3
PSMD14	1	mixed	['A0A140VKF2', 'O00487']	[-1.2193516822241377, -1.6621210719038184, -2.2905901145972427]	8
PSMD3	1	mixed	['O43242', 'Q6IBN0']	[-2.346077982530094, -1.4280219391649371, -2.1791216630475203]	8
PSMD4	1	mixed	['P55036', 'Q5VWC4']	[-1.1342712654228833, -1.5808040602959288, 0.0759584490760147]	5
PSMD5	1	mixed	['A8K4T6', 'Q16401']	[-0.6769806248516874, -0.4174748348748196, 0.54083462641451]	0
PSMD6	1	mixed	['B3KT66', 'Q15008']	[-0.857202684082573, -1.9545165170424423, -1.9818400423491576]	8
PSMD7	1	mixed	['B2RD27', 'P51665']	[-1.7399472955863189, -1.6306087288617934, -2.235783999445739]	8
PSMD8	1	mixed	['A0A8V8TQ44', 'P48556', 'V9HW09']	[-2.5766703367396717, -1.343847047512456, -2.2255060795209545]	8
PSMD9	1	mixed	['J3KN29', 'O00233']	[-0.0197117829238109, 0.0244641648696502, 0.9875918474842236]	7
RAB1A	1	mixed	['B7Z8M7', 'P62820', 'Q5U0I6', 'Q6FIG4']	[0.50519971738754, -0.0159044522815329, 0.9253332062263464]	7
RAB34	1	mixed	['A0A1C7CYW6', 'B4DNC0', 'C9JY26', 'E7ES60', 'J3QLC6', 'P0DI83', 'Q6NXT3', 'Q9BZG1']	[-0.4390109185230677, -0.0591811607248604, 0.7530335155750868]	0
RAB7A	1	mixed	['A0A158RFU6', 'B4DPH9', 'P51149']	[-0.494214699853431, -0.6383393563500521, -0.2166295848631507]	4
RABGEF1	1	mixed	['A8K3R3', 'B3KMF1', 'E9PFK9', 'Q3HKR1', 'Q9UJ41']	[-0.4187548353389563, -0.4817396698428743, 0.0487105679655905]	4
RAC1	1	mixed	['A4D2P0', 'A4D2P1', 'B1AH80', 'P63000']	[-0.8498685979331457, -1.799242796878358, 0.1325654638526747]	5
RAD50	1	mixed	['A0A1W2PQ90', 'Q92878']	[0.5559741349153486, 0.2486683733154471, 0.4488686449188654]	2
RBX1	1	mixed	['P62877']	[0.8816606525868793, -0.4920844413157833, -0.667096714134027]	3
RHOA	1	mixed	['A0A024R324', 'A0A0B6XK12', 'A0A7I2YQV1', 'B4DKN9', 'C9JRM1', 'C9JX21', 'P61586', 'Q5JR08', 'Q9BVT0']	[0.4571699740037929, 0.2855077156550454, -0.500678861464909]	3
RIPK3	1	mixed	['Q9Y572']	[-0.3743114428768787, -0.6053219976350132, 0.4904080421288788]	0
RPA2	1	mixed	['B2R7E8', 'B4DUL2', 'P15927']	[1.067191437965216, -0.5093436115446115, -0.9888435050950396]	3
RPS6KA3	1	mixed	['A0A384MDW3', 'B1AXG1', 'B4DG22', 'B4DKZ2', 'B7ZB17', 'P51812']	[0.887065269662703, -0.1657453866049544, 0.3612214218596993]	2
SNX3	1	mixed	['O60493']	[0.4272062281316525, -0.022923858451797, 0.0008308148515956]	1
SRC	1	mixed	['P12931']	[-0.6003528147728976, -0.452587295872111, 0.1327798742055337]	4
STAT2	1	mixed	['A0A494C164', 'A0A8V8TLJ4', 'A0JLQ9', 'B4DLC8', 'P52630', 'Q6N0A7', 'R9QDW3', 'R9QDW5', 'R9QDY3', 'R9QE44', 'R9QE53', 'R9QE65', 'R9QE71', 'R9QFA6', 'R9QGC0']	[0.0439260226150785, -0.8888137888615474, 0.257697040802488]	1
TFAP2B	1	mixed	['B2R9E2', 'Q92481']	[0.0711598350224612, -0.4140624942660008, 0.4161777153016248]	1
TFAP2C	1	mixed	['B2RAN6', 'Q92754']	[0.7951223779488813, 0.4229865414043117, 0.2682240994730956]	2
TFAP2D	1	mixed	['Q7Z6R9']	[-0.9126997793623626, -1.415448641114038, -0.2494644407850492]	5
TFAP2E	1	mixed	['Q6VUC0']	[0.4562589580597299, -0.6208942293339681, 0.8176648886709403]	7
TICAM1	1	mixed	['Q8IUC6']	[-0.62580785883633, -0.7695201727496712, 0.4928583978333885]	0
TM9SF2	1	mixed	['A0A024QYR8', 'B3KSG9', 'Q99805']	[-1.46579517394885, -1.675242489213106, 0.2762920462830158]	5
TNF	1	mixed	['A0A1U9X8M9', 'A0A977WMN2', 'C1K3N5', 'P01375', 'Q5STB3']	[-0.2974514377903483, -0.0912972277439584, 0.5780475097165978]	0
TOPBP1	1	mixed	['A0A2R8YD63', 'A0AV47', 'A7E2X7', 'Q92547']	[0.0632817157784045, -0.0251515313328728, 0.4575479745001564]	6
TSG101	1	mixed	['F5H442', 'Q99816']	[-0.676964853132437, -0.6732719188573657, 0.464021098785949]	0
UBA1	1	mixed	['A0A024R1A3', 'P22314']	[-0.6206353830129325, -0.7865077125059265, -0.1089296797638894]	4
UBE2D1	1	mixed	['A0A087WW00', 'P51668']	[-0.6538320615217397, -0.8376680746509451, 0.3231103351894278]	5
VEGFA	1	mixed	['A0A0A0MR43', 'A0A0A0MRQ4', 'A0A0A0MSH7', 'A0A0A0MSI7', 'A0A0A0MTB2', 'A0A0Y0IMM4', 'A0A0Y0J542', 'A2A2V4', 'H0YBZ0', 'H3BLW8', 'J3KPA4', 'P15692']	[-0.3763775726806068, -0.8634988282031543, 0.0125548943536011]	4
VIM	1	mixed	['P08670', 'Q53HU8', 'V9HWE1']	[-0.5768807623224835, -0.4588745460746276, -0.6861181677748255]	4
VIPAS39	1	mixed	['Q53H75', 'Q6IA61', 'Q9H9C1']	[-0.5961741913680094, -0.6858907811007399, 0.5977997726198658]	0
VPS26A	1	mixed	['A8K3C1', 'B4DLT1', 'O75436', 'S4R3Q6']	[-0.2975495194644445, -0.7327338548946156, 1.0534963991061694]	0
VPS26B	1	mixed	['Q4G0F5']	[0.3160832189171275, 0.3389384088187351, 0.6818048426767258]	6
VPS33B	1	mixed	['A0A0S2Z577', 'B7Z1N4', 'B7Z6M7', 'F5H008', 'Q9H267']	[-0.9418399584986916, -0.6403921637072298, 0.3643891978885654]	5
VPS4B	1	mixed	['A8K4G7', 'O75351']	[-0.2078418022704177, -0.8503023003145924, 0.4268656693291244]	0
WASHC2C	1	mixed	['A8K5W5', 'B4DHJ2', 'F8W7U3', 'J3KP36', 'Q9Y4E1']	[0.6747678091475187, -0.048165689045698, 1.0845006491053684]	7
WASL	1	mixed	['A8K180', 'O00401']	[-0.2481647518037958, -0.2601912438198426, 0.3526536436209818]	0
XRCC5	1	mixed	['P13010']	[0.5592239403679504, -0.0992603523378239, 0.9472985610844956]	7
XRCC6	1	mixed	['B1AHC9', 'B2RDN9', 'B4DE32', 'P12956']	[0.0969251588615543, -0.134928852533518, 0.602342442124513]	7
DNASE2	0	unlabeled	['B3KQS9', 'O00115']	[-0.3798808323057628, -0.2079946140982188, 0.357732133360553]	0
PCDHB1	0	unlabeled	['Q9Y5F3']	[-0.5201644193431779, 0.0236164875341122, 0.5866495765878934]	0
RHBDD3	0	unlabeled	['Q9Y3P4']	[-0.1769750222316936, -0.8376759521367787, 0.3282016853829688]	0
FAM234B	0	unlabeled	['A2RU67']	[-0.7065435851497754, -0.6138961361778551, 0.7229415003781096]	0
PDYN	0	unlabeled	['P01213', 'Q2YEL0']	[-0.3062990443659129, -0.1126344708981558, 0.6174223161352232]	0
SYNE2	0	unlabeled	['A0A0C4DGK3', 'G3V5X4', 'Q6MZP0', 'Q8WXH0']	[-0.5337268295775095, -0.2477184477103807, 0.760809452814508]	0
RAB33A	0	unlabeled	['Q14088']	[-0.3350078591276341, -0.2019439539753819, 0.4322473476109771]	0
TM2D1	0	unlabeled	['Q9BX74']	[0.0208448560634989, -0.4761368788063688, 0.6534316877553218]	0
MID2	0	unlabeled	['Q6GX22', 'Q9UJV3']	[-0.3078548907268445, -0.297258336927875, 0.4144867544038711]	0
TMEM108	0	unlabeled	['B3KT64', 'E9PB58', 'Q6UXF1']	[-0.5437154642865595, -0.3278859264813609, 0.4666784826119892]	0
FGF9	0	unlabeled	['A0A7U3L6D0', 'P31371']	[-0.3950053799818102, 0.0079055802493319, 0.8762981476319776]	0
MC4R	0	unlabeled	['A0N0W6', 'A0N0W7', 'A0N0W9', 'P32245']	[-0.5256745631219855, -0.2419557408975133, 0.8887880829799033]	0
SPINDOC	0	unlabeled	['Q9BUA3']	[-0.0841501302290435, -0.6187814509774048, 0.959092222827676]	0
C3	0	unlabeled	['A0A8Q3SI05', 'P01024', 'V9HWA9']	[-0.4787290826933366, -0.4793492887491682, 0.9317878093902442]	0
ARHGAP15	0	unlabeled	['Q53QZ3']	[-0.3014261611983377, -0.6207063078315705, 0.3207487649727752]	0
KISS1R	0	unlabeled	['Q969F8']	[-0.5862529316931406, -0.3056713991713896, 0.6247952457153993]	0
CBLN3	0	unlabeled	['Q6UW01']	[-0.383275340087658, -0.6158978212786339, 0.6191833571108484]	0
C5orf22	0	unlabeled	['Q49AR2']	[-0.4173500035174013, -0.3633638719202303, 0.3361383485823257]	0
PDXP	0	unlabeled	['A0A024R1I3', 'Q96GD0']	[-0.217803884072932, -0.1670099596017085, 0.7194709951193249]	0
OSGEP	0	unlabeled	['Q9NPF4']	[-0.4084878747574761, -0.2712327055374158, 0.7640788117127262]	0
TPP2	0	unlabeled	['A0A494C0U1', 'B7Z920', 'P29144', 'Q5VZU9']	[-0.227479207711906, -0.862402918125722, 0.5402120028905149]	0
ADAMTSL4	0	unlabeled	['A0A669KBE7', 'B7ZMJ3', 'Q6UY14']	[-0.5221102392843578, -0.5192303051832761, 0.5784827349265602]	0
DRC4	0	unlabeled	['A0A087WZT7', 'A0A384MR00', 'B7Z1U9', 'O95995']	[-0.3687762656009548, -0.3414639243985829, 0.8068478422450334]	0
BLOC1S5	0	unlabeled	['A0A0A0MTN6', 'Q8TDH9']	[-0.172643316067175, -0.4536723692197087, 0.509244903013194]	0
CDK4	0	unlabeled	['P11802']	[-0.5830342700962936, -0.6174878516012028, 0.924703546732562]	0
SUDS3	0	unlabeled	['Q9H7L9']	[-0.3501781717836764, -0.3961907212652682, 0.1961255226363134]	0
HMGCL	0	unlabeled	['B1AK13', 'P35914']	[-0.4197517476877932, -0.6623961247846293, 0.8811987296966683]	0
KCNMB3	0	unlabeled	['Q9NPA1']	[-0.3645701735547605, -0.1566332129422351, 0.2849034445902839]	0
MAML1	0	unlabeled	['Q92585']	[-0.8109692303744929, -0.6230879779566387, 0.6984297265475625]	0
TMEM243	0	unlabeled	['C9JY04', 'Q9BU79']	[-0.0040882273803622, -1.0160932940800076, 0.8883078795879675]	0
CDH3	0	unlabeled	['B4DLF0', 'P22223']	[-0.5723090207479185, -0.6874287353986721, 0.6977569925117562]	0
MKX	0	unlabeled	['H0YKC7', 'Q8IYA7']	[-0.1404481153909494, -0.4889157715514399, 0.4470215294460504]	0
PRR19	0	unlabeled	['A6NJB7']	[-0.1282222133275748, -0.5752972507428717, 0.768360234555902]	0
PRPH	0	unlabeled	['B3KWQ6', 'P41219']	[-0.2978367971259927, -0.5397771803470207, 0.6581143852750134]	0
ANXA3	0	unlabeled	['D6RA82', 'P12429']	[-0.4347279348370755, -0.6747781988511387, 0.642763488628576]	0
ATP7A	0	unlabeled	['A0A8J9FM07', 'Q04656']	[-0.4860396685707433, -0.5922393951684859, 0.2713238308791035]	0
SEC31A	0	unlabeled	['A0A1S5UZ19', 'D6REX3', 'D6RHZ5', 'H7BXG7', 'O94979']	[-0.5139019172355405, -0.7371440621231553, 0.6946967068338434]	0
NDST3	0	unlabeled	['O95803']	[-0.2256336504707309, -0.703594023340939, 0.2790697313069995]	0
ZNF710	0	unlabeled	['Q8N1W2']	[-0.4086669918656737, -0.48458688240792, 0.7956737227237161]	0
TMSB4X	0	unlabeled	['A2VCK8', 'P62328']	[-0.2236386392403802, -0.4987696342501971, 0.6129322667369967]	0
CLN8	0	unlabeled	['Q9UBY8']	[-0.6557233930530517, -0.2503281101050973, 0.6429704478263598]	0
RAP1B	0	unlabeled	['A6NIZ1', 'B7ZAY2', 'P61224']	[-0.2219659918905224, -1.033610581206572, 0.7528860966275059]	0
VPS50	0	unlabeled	['A7MD03', 'B4DS55', 'Q96JG6']	[-0.348047764820202, -0.6630560791752514, 0.6362573374437452]	0
CNOT4	0	unlabeled	['A0A9L9PY48', 'O95628']	[-0.3753781887485022, -0.6234413308897204, 0.7669404722651827]	0
C1QL1	0	unlabeled	['A0ABB0MVI4', 'O75973']	[-0.3268954498145144, -0.2748478052890331, 0.6411927030459671]	0
GLTP	0	unlabeled	['Q9NZD2']	[-0.1498262992895185, -0.2171794284844904, 0.703064678500199]	0
EPPIN	0	unlabeled	['A0A384NYB9', 'B2R4Q0', 'O95925']	[-0.1425066403042137, -0.3856567157628958, 0.6542841856337869]	0
ZNF775	0	unlabeled	['Q96BV0']	[-0.5875961727593937, -0.361552239906725, 0.2518087143476882]	0
FAM229B	0	unlabeled	['Q4G0N7']	[-0.4930131706927432, -0.6158937020219658, 0.7914495264047828]	0
BRMS1L	0	unlabeled	['B4DLQ5', 'Q5PSV4']	[-0.0344653504078253, -0.4806575562791043, 0.6396789303025594]	0
TOE1	0	unlabeled	['B4DP23', 'Q96GM8']	[-0.447993009620532, -0.5099137014266104, 0.5954305491214578]	0
GBA3	0	unlabeled	['A8K9N1', 'B7Z536', 'Q9H227']	[-0.2852462687429159, -0.4517154150792294, 0.347463237436886]	0
COX6B1	0	unlabeled	['P14854']	[-1.0778267844780205, -0.5139890962529943, 0.6409481002270415]	0
SLC60A1	0	unlabeled	['F5H391', 'Q8N468']	[-0.7274360047992301, -0.341900899536017, 0.1911719870993242]	0
SHLD1	0	unlabeled	['Q5TGA6', 'Q8IYI0']	[-0.2635112041258654, -0.5071296933817913, 0.4712943358283039]	0
TRIM61	0	unlabeled	['A0A494C0U7', 'B4DJJ1', 'Q5EBN2']	[-0.5257616978681372, -0.0706330861410413, 0.32951494058978]	0
C6orf15	0	unlabeled	['A0A1U9X7E3', 'M1T2K5', 'Q6UXA7']	[-0.2698902761712514, -0.5909664549891909, 0.5623230307853149]	0
RIC3	0	unlabeled	['A0A0S2Z5U4', 'A0A0S2Z607', 'A0A0S2Z6D3', 'B7Z3Z0', 'E9PK46', 'Q7Z5B4']	[-0.2068984941873612, -0.3005360758617214, 0.3564535246602518]	0
AGPAT4	0	unlabeled	['Q9NRZ5']	[-0.8081153086603544, -0.0218945716432803, 0.7831503305246652]	0
SKIC8	0	unlabeled	['H0YL19', 'Q9GZS3']	[-0.3857412688815588, -0.3699352587702812, 0.2038611083770725]	0
OTOP2	0	unlabeled	['Q7RTS6']	[-0.1030366267841586, -0.3038385561574543, 0.5738625041581995]	0
PLD5	0	unlabeled	['Q8N7P1']	[-0.8248548649401781, -0.3577216681594777, 0.965815694672826]	0
FAM151B	0	unlabeled	['Q6UXP7']	[-0.1097218309827281, -0.3774928722568266, 0.5415820466699472]	0
PRMT9	0	unlabeled	['Q6P2P2']	[-0.6591153446307735, -0.0911273644866371, 0.9053787880396108]	0
COIL	0	unlabeled	['P38432']	[-0.1754293440175063, -0.7556022621566272, 0.3145132055426582]	0
SSC4D	0	unlabeled	['Q8WTU2']	[-0.5111627816421087, -0.416360151285614, 0.5231317040479363]	0
CAPZA2	0	unlabeled	['A4D0V4', 'P47755', 'Q53GC7', 'Q53GE2']	[-0.5908988914126176, -0.792374909729027, 0.8636697500504956]	0
LRRC8D	0	unlabeled	['B3KRU1', 'Q7L1W4']	[-0.0088679189459548, -0.8240061679370885, 0.4607618984391267]	0
MTERF2	0	unlabeled	['Q49AM1']	[-0.0148721677286525, -0.3546201910323769, 0.5527070607790391]	0
MYL6	0	unlabeled	['G8JLA2', 'J3KND3', 'P60660']	[-0.5790344350421549, -0.4581374879352109, 0.7948273516653205]	0
IGFL2	0	unlabeled	['Q6UWQ7']	[-0.0888172567063389, -0.6224820478116242, 0.6440986621906768]	0
LIN7C	0	unlabeled	['Q53FX5', 'Q9NUP9']	[-0.0611126203593131, -0.3140810984828061, 0.5176856778905777]	0
HGFAC	0	unlabeled	['D6RAR4', 'Q04756']	[-0.2189116784041479, -0.2375567535652341, 0.581994762842565]	0
ZNF528	0	unlabeled	['Q3MIS6']	[-0.1694975264327588, -0.6253119801011715, 0.2990964753600759]	0
RMND5A	0	unlabeled	['Q9H871']	[-0.52580162287105, 0.0836429378453361, 0.6967760701304377]	0
FAM210A	0	unlabeled	['K7EK00', 'Q96ND0']	[-0.4515566470405786, -0.5178135187150538, 0.3820100494971756]	0
CCDC106	0	unlabeled	['K7EMI9', 'Q9BWC9']	[-0.3406941279129791, -0.311980439243769, 0.6023051218888817]	0
GPR82	0	unlabeled	['Q96P67']	[-0.3281000489658912, -0.7460330990323134, 0.6519830580995926]	0
NOX3	0	unlabeled	['Q9HBY0']	[-0.3772523004446697, -0.067173954178186, 0.412030262852681]	0
MPZ	0	unlabeled	['A0A0J9YWT2', 'A0A5F9ZI26', 'P25189', 'Q14902']	[-0.3277369597108807, -0.6892603115459581, 0.4269141641884929]	0
RPH3AL	0	unlabeled	['A8K7D5', 'Q9UNE2']	[-0.1540999014556816, -0.2626567259269051, 0.5142265425123864]	0
DFFB	0	unlabeled	['B4DZS0', 'O76075']	[-0.5714989645960121, -0.7650185826275746, 0.640027593492283]	0
HOOK2	0	unlabeled	['Q96ED9']	[-0.2987530797595865, -0.8163374019338879, 0.5759759672647179]	0
ATP2A2	0	unlabeled	['A0A0S2Z3L2', 'H7C5W9', 'P16615']	[-0.2373166761592788, -0.8775203810657356, 0.8385534927435436]	0
FNDC7	0	unlabeled	['Q5VTL7']	[-0.3551832383989776, -0.4215314713507914, 0.1527479070230664]	0
SLC2A5	0	unlabeled	['A0A140VJK5', 'B4DG19', 'B4DT82', 'B4DU31', 'B4DXM7', 'B4DXN5', 'P22732']	[-0.1776299702027751, -0.5821867032884952, 0.6254201028141578]	0
IGSF10	0	unlabeled	['Q6WRI0']	[-0.3153147684142495, -0.3432815421588781, 0.8840310258546388]	0
TMEM256	0	unlabeled	['Q8N2U0']	[-0.3058623167977223, -0.9861454515918854, 0.6275817936738901]	0
ACTMAP	0	unlabeled	['Q5BKX5']	[-0.6467353193917675, -0.3598698635208975, 0.7872460060707172]	0
NAP1L1	0	unlabeled	['B7Z2V4', 'F5H4R6', 'F8W543', 'H0YIV4', 'P55209']	[-0.2595256666118393, -0.6360182164551427, 0.3588828129084391]	0
MED12	0	unlabeled	['B4DYQ3', 'Q93074']	[-0.0405015069577653, -0.4224352926591916, 0.5693988129480911]	0
SECISBP2L	0	unlabeled	['Q93073']	[-0.2717972413485858, -0.6990552046603278, 1.0999066065160763]	0
OR5M3	0	unlabeled	['Q8NGP4']	[-0.1467622665296354, -0.310958994098847, 0.5848400874649282]	0
DEFB115	0	unlabeled	['Q30KQ5']	[-0.0355202900238704, -0.3964604673849697, 0.6671323663615578]	0
COLGALT1	0	unlabeled	['Q8NBJ5']	[-0.2608512534187345, -0.7368965146362348, 0.2904176962039005]	0
SNTB2	0	unlabeled	['Q13425']	[-0.6408510449831799, -0.1792164465112684, 0.2995762522461392]	0
RNASEK	0	unlabeled	['A0A0C4DH89']	[-0.2558284486006346, -0.7611331867201186, 0.5018020427117521]	0
ENTHD1	0	unlabeled	['Q8IYW4', 'Q8NA53']	[-0.1427323674172571, -0.5580227594625116, 0.8503908076792174]	0
CRY2	0	unlabeled	['A2I2P1', 'A8K5E5', 'Q49AN0']	[-0.2007733529009148, -0.370657196522654, 0.4842428182532637]	0
RNF121	0	unlabeled	['A0PJP0', 'C9JQY5', 'Q9H920']	[-0.333913013847487, -0.1670139515568325, 0.2168981564015071]	0
PARP16	0	unlabeled	['Q8N5Y8']	[-0.5692783256385712, -0.553523928745076, 0.6844310047310425]	0
SPINK2	0	unlabeled	['A0A087WTA9', 'D6RC51', 'D6RI10', 'P20155']	[-0.4609165408569682, -0.6224210506661347, 0.6616200634424483]	0
DRC9	0	unlabeled	['B9EG57', 'C9JKX8', 'Q9H095']	[-0.6078072334202694, -0.0146116325238082, 0.7013184098262587]	0
GPR88	0	unlabeled	['Q9GZN0']	[-0.5644377648532185, -0.1112461916495727, 0.2076217434959421]	0
C8orf76	0	unlabeled	['Q96K31']	[-0.3018747043291132, -0.1990290492267953, 0.3324953451931428]	0
RFPL1	0	unlabeled	['O75677', 'Q6NSX6']	[-0.2677983290389735, -0.5196741517569228, 0.9054537823797912]	0
STX6	0	unlabeled	['O43752']	[-0.0612810012722581, -0.5346962241933702, 0.4539829669050297]	0
FLOT2	0	unlabeled	['E7EMK3', 'J3QLD9', 'Q14254', 'Q6FG43', 'Q9BTI6']	[-0.3809851419059116, -0.504543868178075, 0.6349738011751876]	0
LRRCC1	0	unlabeled	['Q9C099']	[-0.4764358396727041, -0.898403551406399, 0.7073439619837407]	0
ZNF579	0	unlabeled	['Q8NAF0']	[-0.256503891816809, -0.43720451970437, 1.100315387341377]	0
ZNF718	0	unlabeled	['Q3SXZ3']	[-0.5103868178107248, -0.1189871011907729, 0.576299842883505]	0
EPHA1	0	unlabeled	['A8K2T6', 'P21709']	[-0.6618616723430556, -0.7391440714812405, 0.5157477003838873]	0
INHBC	0	unlabeled	['B2RBW9', 'P55103']	[-0.3388102227505006, -0.6874470874356915, 0.243420027067053]	0
MIF4GD	0	unlabeled	['A0A0S2Z5K9', 'A0A0S2Z5S7', 'A0A0S2Z5T5', 'A9UHW6', 'J3KSB8', 'J3QLJ5', 'J3QRZ6']	[-0.5649563978874119, -0.4668656523482561, 0.408183118618128]	0
CNDP1	0	unlabeled	['A8K1K1', 'Q96KN2']	[-0.0653990701855249, -0.4027920329629406, 0.670167711053716]	0
OR2A12	0	unlabeled	['Q8NGT7']	[-0.3102633714343622, -0.1736394827752237, 0.5821687004981108]	0
SCRN3	0	unlabeled	['Q0VDG4', 'Q0VDG5']	[-0.214446560052171, -0.9106166891456208, 1.146923089116373]	0
DNASE1L1	0	unlabeled	['P49184', 'Q5TZW2']	[-0.3260408653259843, -0.629641682959485, 0.7813786153834973]	0
ELAPOR2	0	unlabeled	['A8MWY0', 'B4E116', 'C9JA41']	[-0.3596774519142234, -0.7320146632834207, 0.466168380101436]	0
ALDH2	0	unlabeled	['A0A384NPN7', 'P05091', 'Q53FB6']	[-0.679867564923448, -0.5218040840826252, 0.8550971408418309]	0
CEP83	0	unlabeled	['F8VYN8', 'Q3B787', 'Q9Y592']	[-0.6404601665802688, -0.0983470786352667, 0.1947913416196982]	0
GTPBP6	0	unlabeled	['O43824']	[-0.0747236348847998, -0.3248831400575397, 0.6902487445805155]	0
CBX8	0	unlabeled	['Q9HC52']	[-0.4685459143697621, -0.1704314747270003, 0.1966957352825105]	0
OR1C1	0	unlabeled	['A0A126GV94', 'Q15619']	[-0.3862366102907844, -0.3287775349418495, 0.7679595749185499]	0
NR1I2	0	unlabeled	['F1D8P9', 'F1DAL3', 'H0Y8E2', 'J3KPQ3', 'O75469']	[-0.6794059486257293, -0.6101751864593559, 0.3769151613074714]	0
ANKMY1	0	unlabeled	['A0A0S2Z587', 'B5MBY4', 'B7Z432', 'J3KPY5', 'J3KQ07', 'J3KQ21', 'Q6GPI0', 'Q6ZV86', 'Q9P2S6']	[-0.1243157952811309, -0.1975574862502322, 0.6028812871272579]	0
ANKRD35	0	unlabeled	['B4DFX6', 'F6XZD3', 'Q8N283']	[-0.63638767841429, -1.0057431920959758, 0.9549015023303448]	0
SNAP47	0	unlabeled	['A0A087X0B7', 'A0A0K0K1I8', 'H7C3C7', 'Q5SQN1']	[-0.7837627523621745, -0.958304721655708, 0.9693623813873968]	0
ITGB3BP	0	unlabeled	['Q13352']	[-0.649713994864193, -0.8242274578218404, 0.6937503525134563]	0
SPEG	0	unlabeled	['B9ZVR7', 'Q15772']	[-0.1215833072705702, -0.5583355485937247, 0.7096278230004971]	0
UBE2M	0	unlabeled	['A0A024R4T4', 'P61081']	[-0.6671843301854559, 0.0492791869204022, 0.6603468698023509]	0
TIMP2	0	unlabeled	['A0A140VK57', 'P16035']	[-0.2624283605836195, -0.4753951167757827, 0.7028080976272724]	0
RCAN2	0	unlabeled	['Q14206', 'Q86YJ0']	[-0.1154574965977033, -0.2351602193714375, 0.586068872361836]	0
S100A5	0	unlabeled	['P33763']	[0.0514469328473451, -0.6985915591431087, 0.8716321399836567]	0
CUEDC2	0	unlabeled	['Q9H467']	[-0.3311864218134298, -0.7663964123300675, 0.5874283796288615]	0
H2BC18	0	unlabeled	['Q0D2M2', 'Q5QNW6']	[-0.3004908208956853, -0.2998646408235189, 0.6250513234521169]	0
CTSW	0	unlabeled	['A0A7P0T817', 'P56202']	[-1.0122145285041415, -0.6812597299623387, 0.7565324398851516]	0
OTOR	0	unlabeled	['Q9NRC9']	[-0.3048940944599743, -0.8888789696541772, 0.3814390071289657]	0
KLHL42	0	unlabeled	['B2RNT7', 'F5H523', 'Q9P2K6']	[0.0679610623064042, -1.274208161825206, 0.6145230417958926]	0
INSC	0	unlabeled	['A0A0A0MSI1', 'Q1MX18']	[-0.2806438100800643, -0.5338998314610922, 0.3111372035641749]	0
PANX2	0	unlabeled	['B3KTT7', 'Q6ICA1', 'Q96RD6']	[-0.1052002265559287, -0.5522028774143696, 0.348266705268791]	0
MAGI3	0	unlabeled	['Q5TCQ9']	[-0.3745239972072816, -0.8296281523556333, 0.3244496526432638]	0
OR8G5	0	unlabeled	['A0A126GVX5', 'A0A126GW95', 'Q8NG78']	[-1.178948621286307, -0.5249036632287389, 0.6963847664321241]	0
CLGN	0	unlabeled	['A0A140VKG2', 'A8K454', 'O14967']	[-0.4261193127730724, -0.3435111495361114, 1.0181332600606745]	0
PSORS1C2	0	unlabeled	['A0A1U9X9A6', 'Q5SQ83', 'Q9UIG4']	[-0.401114880861375, -0.6294818907263797, 0.7185023419934535]	0
FGA	0	unlabeled	['P02671']	[-0.2680400915143702, -0.3798449357460059, 0.3594320505710167]	0
CD200R1	0	unlabeled	['B7ZKV2', 'Q8TD46']	[-0.1501936261550778, -0.778101081858142, 0.3736994947451973]	0
ENOX2	0	unlabeled	['A0A8I5KRI1', 'A0AAQ5BI24', 'A0AAQ5BI25', 'A4QPE1', 'Q16206']	[-0.8377893503828886, -0.3102277971659106, 0.4277959871465703]	0
SOX18	0	unlabeled	['P35713']	[-0.126818721207801, -0.6359614698551777, 0.4231273752847171]	0
STRN4	0	unlabeled	['B4DMU7', 'F5GYK2', 'Q59GV6', 'Q9NRL3']	[-0.2929288308060609, -0.614370819492486, 0.5125595786963519]	0
PFKL	0	unlabeled	['P17858', 'Q7L2M7']	[-0.2708436672456395, -0.478288009985381, 0.3000540410524598]	0
SLC22A7	0	unlabeled	['A0A1Z4F6C0', 'Q9Y694']	[-0.229571710188859, -0.2621920846704078, 0.6729943350635554]	0
SRF	0	unlabeled	['B4DU24', 'P11831']	[-0.7158603581173315, -0.4118207133767966, 0.7014553794396943]	0
LHB	0	unlabeled	['A0A0F7RQE6', 'P01229', 'Q8WXL0']	[-0.2272973022835111, -0.4749519392918581, 0.3431511362586721]	0
PRR14L	0	unlabeled	['Q5THK1']	[0.0072075076946852, -0.9509969732807896, 0.8833175952679269]	0
BFSP2	0	unlabeled	['Q13515']	[-0.1894328280380509, -0.2684522022169568, 0.5928653504372505]	0
CHD9	0	unlabeled	['B7ZML1', 'H3BTW3', 'Q3L8U1', 'Q461N2']	[-0.3828264665078484, -0.2145226839716551, 0.7258614469120419]	0
RHBDD1	0	unlabeled	['Q8TEB9']	[-0.2770379946412216, -0.0467767293805103, 0.664864393503629]	0
CLDN10	0	unlabeled	['P78369']	[-0.1899398912380295, -0.4317070440850575, 0.6152473130982479]	0
RCCD1	0	unlabeled	['A6NED2', 'G3V2I3']	[-0.3181735389815064, -0.3031203896539191, 0.6022817801501936]	0
UBL4B	0	unlabeled	['Q8N7F7']	[-0.0719141941707817, -0.3073045823995642, 0.6624435215741651]	0
HRH3	0	unlabeled	['Q548M6', 'Q9Y5N1']	[-0.599801376896238, -0.2222439542771957, 0.8533913468610124]	0
GUF1	0	unlabeled	['Q8N442']	[-0.2558111373388169, -0.9646488448359732, 0.4992246439280478]	0
HNF1A	0	unlabeled	['A0A0A0MTK8', 'A0A2R3XWA6', 'A0A2R3XWC8', 'F5H0K0', 'P20823']	[-0.2098891281193585, -0.6763169218659826, 0.7198189549564111]	0
CCN1	0	unlabeled	['O00622', 'Q53FA4', 'Q6FI18']	[-0.3317328991622242, -0.4173280257132671, 0.923812035174068]	0
TEX30	0	unlabeled	['A0A0C4DFW4', 'B2RC94', 'Q5JUR7']	[-0.2523413987046408, -0.6339138686499877, 0.5940233335188886]	0
DCHS1	0	unlabeled	['Q96JQ0']	[0.0535174203292698, -1.050352523611771, 0.5051185045406384]	0
LGALS9B	0	unlabeled	['B3KWW5', 'Q3B8N2']	[0.7294532256155926, -0.8034937969398666, 0.3537641249330043]	1
GPR119	0	unlabeled	['Q8TDV5']	[0.042298587462628, -0.8216186453077102, 0.3355236614894962]	1
TLR4	0	unlabeled	['D1CS55', 'O00206']	[0.2034168448741428, -0.3244094086123256, 0.4482714097414321]	1
BTN3A1	0	unlabeled	['A8K547', 'B4DQ62', 'O00481']	[-0.1092092797330737, -0.6690328823681728, 0.102799470878322]	1
GIMAP4	0	unlabeled	['A0A090N7X0', 'B4DWA5', 'G5E9W9', 'Q9NUV9']	[0.2581823158491225, -0.8121074824160722, 0.5323993622186671]	1
AP1M2	0	unlabeled	['Q53GI5', 'Q9Y6Q5']	[0.1995032201676263, -0.5900651269956068, 0.5051666484499051]	1
GUCA2B	0	unlabeled	['Q16661']	[0.4715743502419949, -0.1180115839059948, -0.0440658169019155]	1
CCNY	0	unlabeled	['B2RBH6', 'B7Z8E4', 'Q8ND76']	[0.1022494470973723, -0.3791892429361083, 0.238840701772424]	1
PGPEP1	0	unlabeled	['Q9NXJ5', 'S4R2Y9', 'U3KQ24', 'U3KQG9']	[0.2962185875041823, -0.4172283668219603, 0.4648332807169879]	1
NPHP1	0	unlabeled	['A0A6Q8PGI7', 'A0A6Q8PHD4', 'B4DQY0', 'C9JNM7', 'O15259']	[-0.1145112164835988, -0.9992842682502632, 0.2947825779823457]	1
TTLL9	0	unlabeled	['A0A087X135', 'Q3SXZ7']	[0.0825856254054267, -0.3635291166575675, 0.2986004865115471]	1
PLCB3	0	unlabeled	['Q01970']	[-0.0492830515791245, -0.9842218181757494, 0.1801204217459248]	1
FXR2	0	unlabeled	['A0A994J7P9', 'P51116']	[0.1949728629262543, -0.1515116108767944, 0.306055964466383]	1
DNASE1L2	0	unlabeled	['H3BPU8', 'Q92874']	[0.2701381750747937, -0.3136088881700302, 0.3461280738180882]	1
PGAP3	0	unlabeled	['B4DVJ3', 'J3KTJ2', 'J3QKU0', 'Q96FM1']	[0.4629450551402269, -0.8786028957955433, 0.4324852343912691]	1
OTP	0	unlabeled	['Q5XKR4']	[-0.1504548602076097, -0.3663960324807641, 0.2938877691259858]	1
DRC11	0	unlabeled	['A0A0A0MSY6', 'B4DIF4', 'Q86XH1']	[0.5045966745898453, -0.2817879371510947, -0.0546570806864528]	1
ZNF512	0	unlabeled	['B4DES6', 'B7Z9P6', 'Q96ME7']	[0.4278263369573957, -0.5982915622166103, 0.0600680945374299]	1
PRDM11	0	unlabeled	['A0A087WWZ6', 'H3BSZ2', 'Q9NQV5']	[0.4601184782304238, -0.5485346726148376, 0.3085278129112324]	1
DNAJB13	0	unlabeled	['H0YFX2', 'P59910']	[0.3807026745345196, -0.9938356715717362, 0.0633451028793766]	1
CD53	0	unlabeled	['B4DQB5', 'P19397']	[0.1049358893643239, -0.4025715692634832, 0.3207648372695013]	1
KLF11	0	unlabeled	['B2RCZ6', 'B7ZAX4', 'O14901', 'Q53QU8']	[0.2143507790125472, -0.5247827234233307, 0.4810486452872298]	1
TOX2	0	unlabeled	['H6UKR8', 'Q96NM4']	[-0.1504943332200833, -0.8492744306444107, 0.2208044725997408]	1
CIITA	0	unlabeled	['A0A087X2I7', 'P33076', 'Q66X48']	[-0.1514911961553485, -0.5428501871467515, 0.2032776796056163]	1
ESPN	0	unlabeled	['B1AK53']	[0.4367328264801585, -0.3273987694037065, -0.1115928031281486]	1
INPP5D	0	unlabeled	['Q92835']	[0.6588385676034225, -0.3731171541966492, -0.1713249365646412]	1
SEC31B	0	unlabeled	['Q9NQW1']	[0.5860516399404453, -0.6602381793345347, 0.3307744692110724]	1
SMOC2	0	unlabeled	['Q9H3U7']	[0.4930152864360614, -0.5951603270835308, 0.3540468347748183]	1
SIM2	0	unlabeled	['H7BZX8', 'Q14190']	[-0.2638232577531866, -0.666475582245041, 0.1617286401520446]	1
PSRC1	0	unlabeled	['A8K0M8', 'Q6PGN9']	[0.6694479668586013, -0.8151219252619422, 0.140987506986441]	1
RFX3	0	unlabeled	['P48380']	[0.2219679103651032, -0.5004338652371721, -0.0690081436997497]	1
RGCC	0	unlabeled	['Q9H4X1']	[0.0644533837640812, -0.1576993451672817, 0.1328618275555871]	1
DENND2D	0	unlabeled	['B4DWL2', 'Q8TCN6', 'Q9H6A0']	[0.4095744303895249, -0.1620046613363035, -0.0224227582182141]	1
NR1D1	0	unlabeled	['F1D8S3', 'P20393']	[0.17092852432352, -0.3505421882026426, 0.3357582207230843]	1
LRIT2	0	unlabeled	['A6NDA9']	[-0.0247261716514334, -0.6460837495592262, 0.3977781505433373]	1
CDH15	0	unlabeled	['P55291']	[0.4858047268105753, -0.11012255726213, 0.0590639508168659]	1
SYNM	0	unlabeled	['A0A075B7B1', 'O15061']	[-0.0240363601087771, -0.4115975559285666, 0.2608982349568042]	1
SHFL	0	unlabeled	['Q9NUL5']	[-0.0809329390185936, -0.6578015412540611, 0.3457199205520649]	1
SLC45A1	0	unlabeled	['Q9Y2W3']	[0.3987487486327284, -0.190420115151559, -0.1048039090681645]	1
LRIG3	0	unlabeled	['C9K080', 'Q6UXM1']	[0.1855964008813313, -0.1027122293637878, -0.034655958324318]	1
CAND2	0	unlabeled	['A0A384MDT0', 'O75155']	[0.4801827690424123, -0.4376867774080284, 0.0679205735363614]	1
ZNF197	0	unlabeled	['O14709']	[0.2063514390325282, -0.9014251246044264, 0.4234963579104798]	1
XPO4	0	unlabeled	['Q0VG75', 'Q8IVQ8', 'Q9C0E2']	[0.2216769096046179, -0.2517865293126324, -0.3439958494259191]	1
MGAT3	0	unlabeled	['B2R969', 'Q09327']	[0.3420377247353893, -0.4113527267033733, 0.3087796893970392]	1
LRP10	0	unlabeled	['H0YHW7', 'Q7Z4F1']	[0.0340494720878175, -0.4419705019719689, -0.0787289076833974]	1
ANKRD37	0	unlabeled	['B4E066', 'Q7Z713']	[-0.0303379040543591, -0.2234050284784738, -0.1167106366647316]	1
CD81	0	unlabeled	['A6NMH8', 'E9PJK1', 'E9PRJ8', 'H0YDJ9', 'H0YEE2', 'P60033']	[0.2315475547388887, -0.2528213338541883, 0.3659035586334939]	1
IFFO2	0	unlabeled	['Q5TF58']	[0.8144463401790603, -0.6601606236364195, 0.015655154191463]	1
CC2D1A	0	unlabeled	['A0A7P0Z4M5', 'Q6P1N0']	[0.0518113459041368, -0.6893890550911295, 0.0924818663610316]	1
MRPS24	0	unlabeled	['Q96EL2']	[0.1997900988879157, -0.2177686224776722, 0.2779732290301783]	1
NDE1	0	unlabeled	['A0A6Q8PG46', 'A0A6Q8PGV6', 'I3L3G9', 'Q9NXR1', 'X5DP35', 'X5DR54']	[-0.0160170557201134, -0.442855710431024, 0.1271592195923166]	1
OCRL	0	unlabeled	['A0A2X0TVZ9', 'Q01968', 'Q504W7']	[0.5638510873453398, -0.32314241606641, 0.1716367918711249]	1
ZNF768	0	unlabeled	['H3BS42', 'Q9H5H4']	[0.1217193895870109, -0.9050359816344928, -0.1801443595147845]	1
HOXA6	0	unlabeled	['P31267']	[0.3386114734065183, -0.3987724508648823, 0.016318463371471]	1
FBXW9	0	unlabeled	['Q5XUX1']	[0.1052567606037675, -0.5205485571044315, 0.500780026985902]	1
SMCO1	0	unlabeled	['A8K657', 'Q147U7']	[0.1545263224199153, -0.4567986683268109, 0.290664408122177]	1
CMTM1	0	unlabeled	['E9PAX0', 'E9PIL3', 'Q8IZ96']	[0.0932262534279053, -0.5288436059831038, 0.3219771361866431]	1
ADNP2	0	unlabeled	['Q6IQ32']	[0.1171492257518931, -1.1487030764962745, -0.0544722370130698]	1
CXCR3	0	unlabeled	['A0A0S2Z3W5', 'A0A0S2Z3W9', 'P49682']	[0.37001879095287, -0.295526596629371, -0.0153879937856002]	1
PTCH2	0	unlabeled	['Q9Y6C5']	[0.1587262173137958, -0.3840656944370182, 0.4154465064105427]	1
BAHCC1	0	unlabeled	['A0AAG2UUQ8', 'A0AAG2UUZ7', 'F8WBW8', 'Q9P281']	[0.2970120284661777, -0.6469891539267659, -0.2992112284775124]	1
CETP	0	unlabeled	['A0A0S2Z3F6', 'A0A0S2Z3I8', 'A8K6C1', 'B4DMZ5', 'P11597']	[0.5558859876280212, -1.3002846951649314, 0.0684156169708552]	1
KDM5D	0	unlabeled	['A0A384MR42', 'B4E1Y0', 'E9PFH2', 'Q9BY66']	[0.4886043252095838, -0.4233933697732143, 0.4231364562999257]	1
NLRP6	0	unlabeled	['P59044']	[-0.0212184608438568, -0.1758113215846584, 0.2296557865074001]	1
KIF2A	0	unlabeled	['A0A6Q8PFA6', 'A0A6Q8PGH7', 'B0AZS5', 'B4DM85', 'O00139']	[-0.0112735765574141, -0.8505448000684763, 0.3662580907531571]	1
FJX1	0	unlabeled	['Q86VR8']	[0.0842591449188954, -0.9817545830303682, -0.0150607561706697]	1
PRAMEF8	0	unlabeled	['Q5VWM4']	[-0.1391169190794709, -0.2145460442358223, 0.0175808495807782]	1
HAUS6	0	unlabeled	['Q5VY60', 'Q7Z4H7']	[-0.0293332698837285, -0.844329612906555, 0.0785202820782014]	1
UQCRH	0	unlabeled	['P07919', 'Q567R0']	[-0.0287914457872046, -0.5444041337915602, 0.2363924031991105]	1
UCHL1	0	unlabeled	['B2RD14', 'P09936', 'V9HW74']	[0.5316025652878327, -0.6234436508141324, 0.3882608303836166]	1
OR8K5	0	unlabeled	['A0A126GVE4', 'Q8NH50']	[0.375018714421409, -0.445839493682169, 0.4268028716795462]	1
C1orf74	0	unlabeled	['A0A0A8K8E6', 'Q96LT6']	[0.0407270854301764, -0.5393313899450383, 0.4098872426596063]	1
ASF1B	0	unlabeled	['B4DXU6', 'Q9NVP2']	[0.2931779093251752, -0.2279030550986188, 0.2084567259077311]	1
SHROOM4	0	unlabeled	['Q9ULL8']	[0.161823353163415, -0.802005585725275, 0.4674202438742614]	1
S1PR4	0	unlabeled	['K9J962', 'O95977']	[0.3589502923988781, -0.2184759838328712, 0.0223769529025397]	1
SCUBE1	0	unlabeled	['Q8IWY4']	[-0.1836173863476713, -0.1805203408934733, 0.011968762686047]	1
CNP	0	unlabeled	['P09543']	[-0.0133059486069789, -0.577838468441241, 0.207510650837157]	1
HTT	0	unlabeled	['A0A7P0TA78', 'P42858']	[0.0282549740928846, -0.3568273280005998, -0.0047469029615303]	1
YPEL1	0	unlabeled	['O60688']	[0.7078663016811162, -0.4279703428532055, 0.2275072865023356]	1
ASTN2	0	unlabeled	['A0A0A0MRH9', 'B3KN99', 'B7ZKP3', 'B7ZKP4', 'B7ZKP5', 'O75129', 'X6R5P2']	[0.1825168751067016, -0.2677144581435474, 0.213340797045866]	1
FOLR3	0	unlabeled	['P41439']	[-0.0701087026662026, -0.4785561517283648, 0.244133595294336]	1
FASLG	0	unlabeled	['A0A0H3VB22', 'P48023', 'Q0VHD7', 'Q53ZZ1']	[-0.2373007668246881, -0.5341221315800182, 0.1840884458244627]	1
UBP1	0	unlabeled	['A8KAN5', 'Q9NZI7']	[0.0452331342412296, -0.1706319275628642, 0.3284691815983542]	1
IGFBP3	0	unlabeled	['B4DN53', 'P17936']	[0.2792181082847795, -0.5097947887340774, 0.2641943602182168]	1
ADGRA1	0	unlabeled	['Q86SQ6']	[0.1874252301612208, -0.4012550503688705, -0.0738937974380394]	1
SNX14	0	unlabeled	['A0A804HI30', 'A0A804HI47', 'A0A804HI51', 'A0A804HIA1', 'A0A804HIK6', 'A0A804HIR3', 'A0A804HJ91', 'A0A804HJC6', 'A0A804HJG1', 'A0A804HJK3', 'A0A804HJS3', 'A0A804HK22', 'A0A804HK55', 'A0A804HKC6', 'A0A804HKJ3', 'A0A804HKZ1', 'D6RJG9', 'Q9Y5W7']	[0.2092199370353314, -0.5449740916400624, 0.5188506282387985]	1
SUMF1	0	unlabeled	['F5GXA0', 'Q8NBK3']	[0.338717045206493, -0.6263126016996217, -0.0609394907854164]	1
RAB3GAP1	0	unlabeled	['A0A8J9AUI2', 'B9A6J2', 'Q15042']	[0.0156875092374243, -0.4464759602711857, -0.005788335275273]	1
KDM4A	0	unlabeled	['O75164']	[0.4251312612116058, -0.6445095844626355, -0.1388508135818493]	1
FERMT3	0	unlabeled	['A0A8V8TME2', 'F5H3I6', 'Q86UX7']	[0.5201657401518966, -0.3548600042577925, 0.4482966718799559]	1
EFNA5	0	unlabeled	['D6RDV5', 'P52803']	[0.1024531025453537, -0.8505517751466661, 0.0184161233481278]	1
DHRS1	0	unlabeled	['Q96LJ7']	[0.4675169157434953, -0.5131231609501519, 0.5077860831670544]	1
EBF1	0	unlabeled	['A8K0Z7', 'B4E172', 'Q9UH73']	[0.0327685534929197, -0.4574528913734018, 0.3442859290601969]	1
SLCO1A2	0	unlabeled	['B4DJE6', 'B7ZAD4', 'P46721']	[-0.2055454369556857, -0.3452729121034081, 0.1220504571357276]	1
VAT1L	0	unlabeled	['A8K288', 'Q9HCJ6']	[0.3704889099297783, -0.1217408414238499, 0.3300400230396452]	1
MFAP3L	0	unlabeled	['O75121']	[0.3475668937467335, -1.2362403943340183, 0.3879782698947659]	1
NDUFB5	0	unlabeled	['A0A087WYD0', 'B2R9L0', 'O43674']	[0.1955997132417705, -0.1954800046456924, 0.1608817190711279]	1
GGA3	0	unlabeled	['A8K6I6', 'A8K6M0', 'B7Z456', 'J3KSS7', 'Q9NZ52']	[0.6610063320921304, -0.5997776513924993, 0.1593657388290707]	1
MDH2	0	unlabeled	['A0A024R4K3', 'B3KTM1', 'G3XAL0', 'P40926', 'Q6FHZ0']	[0.3642674032948477, -0.3635418457422714, 0.244175923862149]	1
GBE1	0	unlabeled	['Q04446', 'Q59ET0']	[0.1097207655131696, -0.6167311539537936, 0.2078623057787915]	1
TRPV6	0	unlabeled	['A0A1X7SBT1', 'Q9H1D0']	[-0.0564499142434475, -0.6826635338890055, 0.1888561227242562]	1
SLFN5	0	unlabeled	['B4E0B1', 'B4E128', 'Q08AF3']	[-0.2311938052103486, -0.2950182106087453, 0.1775625912063486]	1
HADHA	0	unlabeled	['E9KL44', 'H0YFD6', 'P40939']	[-0.0157957310352958, -0.7028358626067844, 0.3518286900068537]	1
PCDHA4	0	unlabeled	['A0A5F9ZHY0', 'D6RA20', 'Q9UN74']	[0.5512906679180818, -1.1028013903345162, 0.5705698539831779]	1
ZCCHC17	0	unlabeled	['A0A087WXF8', 'A0A087WXU5', 'A0A087WYF0', 'A0A087WYV3', 'A0A0D9SEW3', 'B4DYA9', 'Q9NP64']	[0.2398816497939969, -0.9948342696196164, 0.3728979957453489]	1
ZNF157	0	unlabeled	['P51786']	[0.2989102387408439, -0.7374913246951723, 0.450646273169335]	1
TMEM230	0	unlabeled	['A0A087WTT2', 'Q96A57']	[-0.0383043537338896, -0.3857363070484986, 0.0256080940895901]	1
EIF4G3	0	unlabeled	['A0A0A0MSA7', 'A0A804HJV5', 'A0A8I5KT99', 'A0A8I5QJH9', 'A0A8J9G7U8', 'B4DH17', 'B4DXR2', 'B4DZE1', 'O43432']	[-0.1814013926815575, -0.7400743047092626, 0.2237231405770449]	1
CPA2	0	unlabeled	['A0A0S2Z3K5', 'P48052']	[-0.1393377600427798, -0.2217232161519342, 0.2081314479398746]	1
DESI1	0	unlabeled	['Q6ICB0']	[0.5122489602299937, -0.5673845858916375, 0.2969855631615535]	1
TESC	0	unlabeled	['Q96BS2']	[0.2976212396223309, -0.2539922499075357, 0.3225377436725604]	1
ZNF549	0	unlabeled	['Q6P9A3']	[0.3127910438284905, -0.15233411562452, 0.2587912862495734]	1
MYH8	0	unlabeled	['P13535', 'V9HWC1']	[0.2506723395211264, -0.2145506475895597, 0.2157493592081311]	1
CIP2A	0	unlabeled	['Q8TCG1']	[0.0042743430937407, -0.914745845703095, 0.039931873003003]	1
GPR132	0	unlabeled	['B2LM89', 'Q9UNW8']	[0.147276469859742, -0.2336201894113756, -0.1024030390439076]	1
GNL1	0	unlabeled	['A0A024RCR2', 'A0A1U9X7R2', 'P36915']	[0.3303567854314976, -0.1115538944936039, -0.0707434271222008]	1
IGDCC3	0	unlabeled	['B3KTG6', 'Q8IVU1']	[-0.2468600445626029, -0.4392054936497913, 0.0970799923503245]	1
GFI1	0	unlabeled	['Q99684']	[0.1734996786046453, -0.3062695377930863, 0.2098097011321493]	1
IFT25	0	unlabeled	['Q9Y547', 'X6R7Y7']	[-0.1073357261716304, -0.2882049583599819, 0.1025936457356839]	1
ATIC	0	unlabeled	['B2R7P8', 'B4DP06', 'P31939', 'V9HWH7']	[0.1859875975463839, -0.6156955859787026, -0.0807968432061463]	1
XAGE1B	0	unlabeled	['Q9HD64']	[0.1719137062583099, -0.2755665205486304, 0.3963051128970387]	1
SIGLECL1	0	unlabeled	['B7ZLS6', 'Q8N7X8']	[0.668826157931828, -0.3866332249260863, -0.1810324428617499]	1
CRLF1	0	unlabeled	['A0A804HI12', 'O75462']	[-0.0663728717231982, -0.4973122204669298, 0.1610183596364765]	1
RNF32	0	unlabeled	['E9PES2', 'G5E940', 'Q9H0A6']	[0.1670291475765358, -0.1159222107611725, -0.273361884889776]	1
UCMA	0	unlabeled	['A0A067XJP8', 'A0A067XJX6', 'A0A067XKV3', 'Q8WVF2', 'R4GMV7']	[-0.0856278066636951, -0.4099678186566898, 0.1945724420193545]	1
PXYLP1	0	unlabeled	['B7Z3R9', 'B7Z4T2', 'E9PDB7', 'Q8TE99']	[0.3286309997806504, -0.7511582810464039, 0.3044246487365751]	1
NAGS	0	unlabeled	['K7EK11', 'Q2NKP2', 'Q8N159']	[0.2249905266926679, -0.5348891462404433, 0.4199805687793282]	1
CRELD2	0	unlabeled	['A6PWM2', 'Q6UXH1']	[0.059858676586975, -0.1440575415716595, 0.2799587931878626]	1
ZNF260	0	unlabeled	['Q3ZCT1']	[0.474220178695767, -0.5712336439176039, 0.3761641776409541]	1
CFAP46	0	unlabeled	['A0A1W2PQB9', 'Q8IYW2']	[0.7134791552921468, -0.0112601929668641, 0.2210623349207775]	2
PPM1M	0	unlabeled	['Q96MI6']	[0.865797456158252, 0.0666926915252864, 0.3695152886149184]	2
MOCS1	0	unlabeled	['A0AAQ5BGK8', 'A0AAQ5BGM4', 'A0AAQ5BGM5', 'Q9NZB8']	[1.1344858590224922, 0.3061139215209016, 0.3827336066326434]	2
DBH	0	unlabeled	['P09172']	[0.5129179282255536, 0.0045100010673153, 0.4139148910599368]	2
PDPK1	0	unlabeled	['E9PER6', 'O15530', 'Q53HJ9', 'Q9UPJ8']	[0.6610855739281098, 0.1306978192156116, -0.1542828912985365]	2
CREBRF	0	unlabeled	['A8K6L2', 'Q8IUR6']	[0.7739578154615175, 0.4328221581211833, 1.061746320654378]	2
NCAPH	0	unlabeled	['A8K4T8', 'B4DRG7', 'E9PHA2', 'Q15003']	[1.1150243089776202, 0.3439602654455223, -0.0764498441383442]	2
MAMSTR	0	unlabeled	['M0QY28', 'Q6ZN01']	[0.9612051433332016, 0.2110707222892702, 0.6943704170807705]	2
GAS2	0	unlabeled	['E9PRR5', 'O43903']	[0.9230230242364372, 0.2774608100678605, 0.6070087861681297]	2
FH	0	unlabeled	['A0A0S2Z4C3', 'A0A804HI24', 'P07954']	[0.931833064470906, -0.1015505641072692, 0.06899745015927]	2
P4HA1	0	unlabeled	['P13674', 'Q5VSQ6']	[0.5917370817017912, 0.0578828730256128, 0.5297096311555436]	2
RAI14	0	unlabeled	['B4DNL3', 'Q9P0K7']	[1.8154485033993677, 0.1170246845328862, 0.4685672678908079]	2
SMIM13	0	unlabeled	['P0DJ93']	[1.4321594986815238, 0.2702781365475612, 0.5458379124423449]	2
DNAL1	0	unlabeled	['G3V424', 'Q4LDG9']	[0.7475097621651012, -0.0178543606780512, 0.3269675974717487]	2
NPIPB7	0	unlabeled	['I3L0I5', 'O75200']	[0.6292582996302631, 0.7776535665716123, 1.081272822375146]	2
IFT80	0	unlabeled	['Q9P2H3']	[0.575252101374529, 0.2918555344992531, 0.8131608061467597]	2
PAQR4	0	unlabeled	['B4DI04', 'I3L1A2', 'I3L265', 'Q8N4S7']	[2.5593232751697244, 0.450361778204928, -0.3104625811975612]	2
EPC2	0	unlabeled	['E7ETK1', 'Q52LR7', 'Q53SN6']	[1.2853926454000295, -0.1381557722177949, -0.1671550789028628]	2
CRTC3	0	unlabeled	['Q6UUV7', 'Q8TEF4']	[1.656051054687195, 0.3890683529236018, 0.3189564042845026]	2
HTN3	0	unlabeled	['P15516', 'X6RAH8']	[0.7480133522686027, -0.1584375697321494, 0.2555409215106133]	2
RUNX1	0	unlabeled	['A8MZI9', 'H9KVB1', 'Q01196']	[0.8347098508358752, -0.0422115033500145, 0.0971349410707105]	2
NLRP12	0	unlabeled	['A0A0C4DFY3', 'A0A0C4DH17', 'A8K407', 'P59046']	[1.0764731406308718, 0.0354462998169516, 0.4232515840731558]	2
SRCAP	0	unlabeled	['A0A0C4DFX4', 'Q6ZRS2']	[0.8600152550780535, -0.04791092581823, 0.1792732266848367]	2
SPON2	0	unlabeled	['Q9BUD6']	[0.9830306696823268, -0.1270111538690512, 0.4186111099277285]	2
SPSB3	0	unlabeled	['B7Z7H9', 'Q6PJ21']	[2.2242806608112846, 0.3444073552912048, -0.4950529889660314]	2
PHF20	0	unlabeled	['Q9BVI0']	[0.9493046725223242, 0.0383055671997645, 0.3967667027548587]	2
SLC26A7	0	unlabeled	['A0A087WZI7', 'Q8TE54']	[0.913272675254402, 0.2441663705640213, 0.353594242317956]	2
BGLAP	0	unlabeled	['P02818']	[0.6606935055760215, 0.3785404618863954, -0.1293105709279276]	2
ZNF627	0	unlabeled	['Q7L945']	[1.017887910736138, 0.0379165771243957, 0.7900160036415264]	2
GASK1B	0	unlabeled	['Q6UWH4']	[1.0144865603361033, 0.1113287859309547, 0.2946949857641195]	2
ITGA1	0	unlabeled	['B4DTY8', 'P56199']	[0.7092259517791225, -0.2228119634828882, 0.3155361979156201]	2
ANKEF1	0	unlabeled	['Q8TCA8', 'Q9NU02']	[0.6427877125595575, 0.5593307998409076, 0.7177429713980633]	2
NCKAP1L	0	unlabeled	['P55160', 'Q9BV52']	[0.8612862064498097, 0.1683063591878685, 0.596983873159603]	2
MVB12B	0	unlabeled	['B7Z1P9', 'F8W922', 'Q9H7P6']	[0.5945338192999217, 0.0499691591626341, 0.0206361096054853]	2
PLEKHF2	0	unlabeled	['Q9H8W4']	[1.207623651055639, 0.8435141849470125, 0.5172340842536174]	2
RIOX1	0	unlabeled	['A0A0A8K8C0', 'Q9H6W3']	[0.6399485735732287, -0.0424327117576269, 0.5191457913647572]	2
RBM19	0	unlabeled	['Q9Y4C8']	[0.6281423579060705, 0.1054504202087315, 0.1444500150520947]	2
MAGED4B	0	unlabeled	['Q96JG8']	[0.8427503149794193, 0.2073450194676265, 0.2810293478937664]	2
LSR	0	unlabeled	['A0A8Z5AA41', 'A0A8Z5ABK9', 'A0A8Z5DL71', 'Q9BWS2', 'S4R3V8']	[0.8097735556805367, 0.7217177587827925, 0.7499729458593802]	2
SMARCD1	0	unlabeled	['B4DF50', 'Q96GM5']	[0.5519049738373503, 0.2873777590552425, 0.1668564266459924]	2
RGL3	0	unlabeled	['Q3MIN7']	[0.683079131137978, -0.0925615464337406, 0.2664512772906767]	2
PSPC1	0	unlabeled	['B4DWI8', 'Q8WXF1']	[0.721461783144145, -0.0757002892820561, 0.4609579984127459]	2
ZNF146	0	unlabeled	['Q15072']	[0.4947534884596588, -0.0183896182142578, 0.3500736959604543]	2
SLC17A3	0	unlabeled	['O00476']	[0.7063039549820022, -0.2406609702521834, 0.2255743611717182]	2
SLC16A2	0	unlabeled	['P36021']	[0.7302179953398223, 0.6928669927082771, 0.7372563379334731]	2
HS3ST3A1	0	unlabeled	['J3KSX5', 'Q9Y663']	[1.2940192705439482, 0.3570681379804388, 0.5948477381580495]	2
ARMCX2	0	unlabeled	['A8K5M7', 'Q7L311']	[1.276722600843864, -0.2337303051019169, 0.3422695768036016]	2
KCTD5	0	unlabeled	['Q9NXV2']	[0.5798590041935225, 0.2551190885271762, 0.4723816384160101]	2
ETV6	0	unlabeled	['A0A0S2Z3C9', 'A0A0S2Z3N6', 'P41212', 'Q02548']	[0.64829582046057, 0.103581162694181, 0.637506725361654]	2
TIMM9	0	unlabeled	['A0A1W2PQS5', 'A0A1W2PRH9', 'G3V502', 'Q9Y5J7']	[1.0179198540001555, 0.4417247682577882, 0.3065472230598467]	2
LIM2	0	unlabeled	['P55344']	[0.908475876587004, 0.1295233098348187, 0.5605319485781705]	2
PRB3	0	unlabeled	['A0A0G2JNB4', 'Q04118']	[0.7164688757409643, 0.372874019177864, 0.2452779833786243]	2
ANO9	0	unlabeled	['A1A5B4']	[1.145699135198528, 0.645991948117476, 0.2964929227279823]	2
ADGRG1	0	unlabeled	['A0A024R6U7', 'A0A0S2Z517', 'A0A5F9ZH94', 'B3KQN7', 'B4DM06', 'Q9Y653']	[0.6083314102193449, 0.1523811643747437, -0.1966119263231553]	2
AMBRA1	0	unlabeled	['A0A075B6T1', 'B4DZ97', 'Q9C0C7']	[0.7789408254703712, 0.1102273200849256, 0.5439128501399718]	2
MED20	0	unlabeled	['B3KUJ9', 'B7ZBQ3', 'Q9H944']	[0.8754110092018044, -0.1090550455040599, 0.0328231820204917]	2
CEP41	0	unlabeled	['A0A6Q8PF12', 'A0A6Q8PFB1', 'A0A6Q8PH03', 'A0A7I2PK71', 'A0A7I2SYM4', 'Q9BYV8']	[0.5765617466105663, 0.2611707175510443, 0.4712283343009633]	2
DMRTA1	0	unlabeled	['Q5VZB9']	[0.7004338697268788, 0.6377454791021492, 0.5594867817710608]	2
SCMH1	0	unlabeled	['A0A8Q3SHN2', 'A0A8Q3SHR9', 'B3KMZ7', 'B4DWE6', 'Q96GD3']	[0.918536554007876, 0.0399646743707948, 0.4667307490965263]	2
ZNF567	0	unlabeled	['F8WEL6', 'Q8N184']	[1.166025121377015, -0.1752944412355782, 0.5763412287036387]	2
MYOF	0	unlabeled	['Q9NZM1']	[0.7639787709106317, -0.3533157700848306, 0.4272759495062708]	2
SPINT3	0	unlabeled	['P49223']	[0.6678949894075007, -0.077453498763456, 0.400962020679392]	2
KCTD12	0	unlabeled	['A0A140VJM4', 'B3KY04', 'Q96CX2']	[0.8806752618301115, 0.5364359258658753, 0.1438347099340604]	2
HSPB6	0	unlabeled	['A0A384MEB1', 'O14558', 'V9HWB6']	[1.005261957168704, -0.0741144688180714, 0.1587017410693183]	2
QNG1	0	unlabeled	['Q5T6V5', 'Q5T6V7']	[1.5152346230663176, 0.3277725655095296, 0.6502296425861644]	2
ZNF561	0	unlabeled	['A8KAD9', 'Q8N587']	[0.9125631690251816, 0.4241975502098961, 0.6600876959599074]	2
FAM133A	0	unlabeled	['Q8N9E0']	[0.8235692966071371, 0.49404329291152, -0.0904461442552748]	2
CDC42BPA	0	unlabeled	['A0A0A0MRJ0', 'A0A0A0MRJ1', 'B9EGA7', 'Q5VT25', 'Q8IWQ7']	[0.7486474025986535, -0.2445913626146232, 0.2356634374881149]	2
FKBP9	0	unlabeled	['B3KQQ0', 'B7Z230', 'O95302']	[1.4266825545767357, 0.6997518287711696, 0.3887354863425961]	2
TRIM43B	0	unlabeled	['A6NCK2']	[1.044063793277734, 0.0415380724576812, 0.0411304793317376]	2
APBB2	0	unlabeled	['B4E2F2', 'G5E9Y1', 'H0YAJ5', 'Q92870']	[0.7848099769449541, 0.2273564519335437, 0.3985803556425043]	2
HLA-DRB1	0	unlabeled	['A0A098GK79', 'A0A0A1IBA8', 'A0A0A8LDX0', 'A0A0A8LFF3', 'A0A224MKH6', 'A0A455QYV7', 'A0A455R0R3', 'A0A6C0NSJ1', 'A0A6V7B690', 'A0A6V7B8E1', 'A0A7G2CTJ8', 'A0A7R8NBZ3', 'A0A7R8NBZ9', 'A0A7R8NC96', 'A0A7R8ND07', 'A0A7S4PRB8', 'A0A7S4U9P6', 'A0A7S4V2F4', 'A0A8F6GU52', 'A2BFX2', 'A8K634', 'D7RIG5', 'D7RIH8', 'P01911', 'Q56FN8', 'Q56FP5', 'Q5XKU0', 'Q5Y7D1', 'Q70Q10', 'S6B225', 'X5CF47', 'X5DNQ0']	[1.5013673182932543, 0.5247674722475515, 0.1328610577181859]	2
PXMP2	0	unlabeled	['Q9NR77']	[1.0026072771486123, 0.2534975280155995, 0.4330493800692442]	2
CNMD	0	unlabeled	['O75829']	[0.8094785472816257, 0.028448886629015, 0.4425783728204835]	2
RHOBTB3	0	unlabeled	['O94955']	[0.5696665062383124, -0.071541909584188, 0.4980763166502934]	2
MRI1	0	unlabeled	['Q9BV20']	[0.5412029430080838, 0.3377413684564307, 0.617799034377063]	2
WIPI2	0	unlabeled	['B3KMZ0', 'Q9Y4P8']	[1.099923541482865, 0.2851933266706211, -0.2744837526284433]	2
CCDC122	0	unlabeled	['B7ZMJ0', 'Q5T0U0']	[0.7366212439825759, 0.0098731762971095, 0.6936842349426211]	2
PVRIG	0	unlabeled	['A0A8V8TN58', 'Q6DKI7']	[1.311435524087636, -0.5490953246834485, 0.0849236172417155]	2
BPY2	0	unlabeled	['O14599']	[1.2163040134529226, 0.2513493470970359, 1.1513627031805345]	2
ZNF57	0	unlabeled	['A5HJR3', 'G3V131', 'Q68EA5']	[1.035686157015001, -0.1345863830847081, 0.3043403210776009]	2
ATXN2	0	unlabeled	['A0A5F9ZI57', 'F8VQP2', 'Q2M2R5', 'V9GY86']	[0.963257772252949, 0.5195950952516477, 0.104476614933405]	2
CDCA5	0	unlabeled	['B5MBX0', 'Q96FF9']	[2.1503180838850353, 0.726926882373875, -2.2312429637732505]	3
GAL	0	unlabeled	['P22466']	[1.5932122719817674, -0.6068474274948906, -1.1080251108040156]	3
TTC17	0	unlabeled	['A0A994J3X0', 'Q96AE7', 'Q9NV73']	[0.5128375185026167, -0.3471321988786884, -0.817424987218379]	3
FARP1	0	unlabeled	['A0A2X0TVY0', 'C9JME2', 'Q9Y4F1']	[1.0976207376067766, -0.9451445122044844, -0.5894155015632017]	3
CLIC4	0	unlabeled	['B3KTR3', 'B4DWC4', 'Q6FIC5', 'Q9Y696']	[0.9716041139098408, -0.6914972268251236, -0.6789400684522677]	3
EFS	0	unlabeled	['O43281']	[1.946133900570549, -0.1724054157105699, -1.3165337431185336]	3
C1orf210	0	unlabeled	['Q8IVY1']	[2.5941106446462197, 0.3777646369404022, -1.0233761573797593]	3
POU3F4	0	unlabeled	['A0A2R8Y739', 'P49335']	[0.812627846315279, -1.083333239700559, -0.9956138363457286]	3
DDX39A	0	unlabeled	['B4DX78', 'O00148']	[0.7337001383252223, -0.3240005450868846, -0.3128058734715193]	3
GNAL	0	unlabeled	['A8K1Y9', 'P38405', 'Q8N2B4']	[0.1729697530080299, -0.5455414536769335, -0.7336827762137567]	3
VGF	0	unlabeled	['O15240']	[1.2909520788148576, -0.5008057205561435, -0.9059083338705942]	3
MED6	0	unlabeled	['A0A087WYL7', 'A8K3N2', 'O75586']	[0.9015075251035536, 0.1129472152591607, -0.740832211389239]	3
PDHB	0	unlabeled	['A0A384MDR8', 'C9J634', 'P11177']	[0.5045464658288112, -0.7363285581622502, -0.7827734044462482]	3
NSDHL	0	unlabeled	['A0A384NPZ7', 'A0A7D5Q2L7', 'Q15738']	[0.3228688495473447, -0.0944087681092827, -0.647993161865956]	3
ABCB8	0	unlabeled	['B3KSN3', 'Q8N1X3', 'Q9NUT2']	[0.6412855176419199, -1.4047602409828457, -1.402333632721675]	3
F12	0	unlabeled	['A0A0R7FJH5', 'A0A346D5N4', 'A0AA51Z0K1', 'P00748', 'Q8IZZ5']	[1.5125891215946186, -1.4385146316439918, -1.400897999811764]	3
USP10	0	unlabeled	['A0A7G6J4N4', 'Q14694']	[0.1791393397171013, 0.1845848365763458, -1.1221348294354052]	3
RAB11FIP3	0	unlabeled	['A0A0J9YWV4', 'O75154', 'X6RFI8']	[0.4225393415324771, -0.1167117293497937, -0.4020648086639685]	3
S100A10	0	unlabeled	['P60903', 'Q6FGE5']	[0.2517047772490172, -0.6361133443122632, -0.9095821972339416]	3
CPNE5	0	unlabeled	['A0A0J9YWA1', 'Q9HCH3']	[0.7042934242490209, -0.3586404368945048, -0.4563058787394059]	3
GJA8	0	unlabeled	['A0A097IWA5', 'P48165', 'X5D7G1']	[0.4002074858400933, 0.0296334910719769, -0.7257214196425722]	3
DCLK1	0	unlabeled	['A0A9L9PXT2', 'B7Z2T7', 'B7Z5K4', 'O15075', 'Q5VZY9']	[0.4282843878561987, 0.3587969441494048, -0.6426019333546994]	3
NAA11	0	unlabeled	['Q9BSU3']	[1.4169628779411512, 0.1228848281172854, -0.5729995233360846]	3
ZNF136	0	unlabeled	['A0A494C0J2', 'P52737']	[0.4646729312065032, -0.5903198644122605, -1.345435077215827]	3
TICRR	0	unlabeled	['Q7Z2Z1']	[0.2627173794230187, -0.2832101658330225, -0.881972800296728]	3
SPAM1	0	unlabeled	['P38567', 'Q5D1J4']	[1.073440816755416, -0.5145089105066398, -0.4631356123878959]	3
BPI	0	unlabeled	['A0A2R8YDF1', 'A0ABB0MV37', 'H0Y738', 'P17213']	[0.120911829631425, -0.0547335044674753, -0.5019998180575683]	3
MADD	0	unlabeled	['A0A0A0MRB5', 'A0A0U1RR25', 'A0A9L9PXF1', 'A0A9L9PXN0', 'A0A9L9PXZ0', 'A0A9L9PXZ3', 'A0A9L9PY18', 'A0A9L9PY22', 'A0A9L9PYF5', 'Q8WXG6']	[0.6470395858654612, -0.6458991515930503, -0.4433662890318362]	3
MFAP5	0	unlabeled	['A8K3H0', 'B3KW70', 'F5GYX4', 'F5H413', 'Q13361']	[0.4295290489202693, -0.2846371044674566, -0.4720344695549547]	3
DONSON	0	unlabeled	['F8W8A5', 'Q9NYP3']	[0.3055676164910711, -1.1586546099336623, -1.646531354268058]	3
B3GNT2	0	unlabeled	['Q9NY97']	[0.6623767393341455, -0.1774055690250804, -0.2304226773275003]	3
LAP3	0	unlabeled	['P28838', 'V9HW38']	[0.90559637238181, -0.7826899480988497, -1.5561633210810253]	3
GFER	0	unlabeled	['P55789']	[1.931258092419807, -0.0041138912835094, -0.9462121186476852]	3
SH3GL1	0	unlabeled	['Q6FGM0', 'Q99961', 'Q9UQD4']	[0.4714656730174346, -0.5875934289172702, -0.3273872245706542]	3
HERPUD1	0	unlabeled	['A0A2Z2EHH6', 'A4UAE9', 'A8K6A0', 'A8K7S3', 'B4DXX2', 'Q15011', 'Q53FP9']	[0.9113228440565936, -0.7301115846539942, -0.8126599760427852]	3
PDK2	0	unlabeled	['B4DLP2', 'Q15119']	[0.9774290997698116, -0.1908501804830595, -0.2236752149398103]	3
PAPPA2	0	unlabeled	['Q9BXP8']	[1.0178133557704974, -1.113033232490152, -0.3961096804580933]	3
LGALSL	0	unlabeled	['Q3ZCW2']	[0.1984621412897081, 0.662734036585338, -0.7734234105589495]	3
CDC25A	0	unlabeled	['A8K3D9', 'C9JFR5', 'D8KXX0', 'K7N7S0', 'P30304']	[1.4016848038762408, -0.1530486506217512, -0.3621121518407326]	3
KAT6B	0	unlabeled	['A7E2B6', 'B2RWN8', 'Q8WYB5']	[0.5714425729280864, -0.3569367882549081, -0.5074614744808734]	3
GHRH	0	unlabeled	['P01286']	[0.7291911973592791, -0.3826452036926733, -0.4630397154468618]	3
LPXN	0	unlabeled	['B7Z5P7', 'O60711']	[1.0799288684168489, -1.184235765632507, -0.5936543037522939]	3
DTL	0	unlabeled	['B4E0E6', 'F5GZ90', 'Q9NZJ0']	[0.4738950262485168, -1.333614059380605, -1.4785930357454005]	3
IQCJ	0	unlabeled	['Q1A5X6']	[0.6186295108807226, -0.2822323101656125, -0.577435902236578]	3
CACNA1E	0	unlabeled	['F8W9Z1', 'Q15878']	[-0.3712101260578442, -0.8456933965284829, -0.2561206420901001]	4
PRDM15	0	unlabeled	['A0AB56DNF6', 'E7ER26', 'P57071', 'Q6NXF8']	[-0.046746038523007, -0.5567561371584442, -0.2089695824756024]	4
BHLHE22	0	unlabeled	['B4DF88', 'Q8NFJ8']	[-0.62522975870225, -0.4163483886278952, -0.2442704774096189]	4
PSMC3IP	0	unlabeled	['A0A158RUX1', 'K7ERB6', 'Q9P2W1']	[0.1021862257470088, -0.6255341339053575, -0.5488983505447594]	4
OR11H6	0	unlabeled	['A0A126GVP4', 'A0A126GW52', 'Q8NGC7']	[-0.3790938861862922, -0.426684574694107, 0.0985198453532324]	4
PCSK6	0	unlabeled	['A0A087WY68', 'A0A087WZR0', 'H0YKZ4', 'H7BXT3', 'P29122', 'Q59H04']	[-0.2604632073237221, -0.4381908688882669, -0.560496512088907]	4
PCOLCE2	0	unlabeled	['B3KQT8', 'Q53EK6', 'Q9UKZ9']	[-0.0334944674696501, -0.7923448922086049, -0.1328255955329061]	4
NECTIN4	0	unlabeled	['K4PZ75', 'Q96NY8']	[-0.4222211440658256, -0.5665638606256731, 0.1147559822767435]	4
ARHGAP28	0	unlabeled	['E9PMX7', 'Q9P2N2']	[-0.2895634293146937, -0.5613308665520915, 0.0589070985128571]	4
L3MBTL4	0	unlabeled	['F8W9S8', 'Q8NA19']	[-0.4900751357769757, -0.7344570950516649, -0.1411929547106809]	4
MARCKSL1	0	unlabeled	['P49006']	[-0.3793150475860325, -0.1834769067948954, -0.0290643156740215]	4
DPF2	0	unlabeled	['A0A994J426', 'J3KMZ8', 'Q92785']	[-0.1688871738245913, -0.8274800772271345, -0.6786234334006145]	4
WFIKKN1	0	unlabeled	['Q96NZ8']	[-0.4085183062628612, -0.823288400493682, -0.2078976546805677]	4
MYBL2	0	unlabeled	['P10244']	[-0.0582540950416328, -0.628866361177143, -0.8214461487292565]	4
ARRB1	0	unlabeled	['A8K103', 'P49407']	[-0.5684357612208387, -0.8608434834339178, -0.2673847361299977]	4
DHRS3	0	unlabeled	['A0AAQ5BI35', 'O75911', 'Q53HI7']	[-0.1054514419485994, -0.3707232547287864, -0.1325922511130505]	4
LXN	0	unlabeled	['Q9BS40']	[-0.2346505037655683, -0.7679765766631905, 0.0540921385486867]	4
SLC28A3	0	unlabeled	['Q9HAS3']	[-0.7687975571055257, -0.7560326687098912, -0.375706724812473]	4
CCT5	0	unlabeled	['B4DDU6', 'B4DX08', 'B4DYC8', 'B7ZAR1', 'E7ENZ3', 'E9PCA1', 'P48643', 'Q9BU08', 'V9HW37']	[-0.3223555124638625, -1.090478831840503, -0.4098422993376999]	4
PLA2R1	0	unlabeled	['B7ZML4', 'Q13018']	[-0.0387905217825398, -0.573358177691609, -0.92945658379875]	4
ARL8A	0	unlabeled	['A0A087X2J2', 'B2R7U5', 'Q96BM9']	[-0.7680431659417495, 0.007834569491051, -0.1325808291827541]	4
EGFL7	0	unlabeled	['Q9UHF1']	[-0.5251842054211633, -0.5378372348672869, -0.0752372254208925]	4
GARS1	0	unlabeled	['A0A6Q8PGA8', 'A0A6Q8PGZ8', 'P41250']	[-0.945121018730736, -0.3475587693597909, -0.2858020198120707]	4
XKR6	0	unlabeled	['Q5GH73', 'Q96KT3']	[-0.7451098897661275, -0.4450527154006325, -1.048401127835196]	4
AFP	0	unlabeled	['B4DMX4', 'J3KMX3', 'P02771']	[-0.1746494899147218, -0.9313494108637456, -0.1317230543708727]	4
GIP	0	unlabeled	['P09681']	[-0.2807843757162097, -0.6286756716649012, -0.0033174485124775]	4
DDT	0	unlabeled	['B5MC82', 'J3KQ18', 'P30046', 'Q53Y51']	[-0.0609648698303749, -0.2861351425291417, -0.5075951477570692]	4
GYG2	0	unlabeled	['A8K8Y1', 'B3KUV6', 'O15488', 'Q1ZYL7']	[-0.1296059045493664, -0.1469697368750198, -0.0923641097697797]	4
ETNPPL	0	unlabeled	['B7Z224', 'E7ENR6', 'Q8TBG4']	[-0.521488093526047, -0.439782514613713, 0.0645429681576986]	4
HNF4A	0	unlabeled	['A0A087WXV4', 'B6ZGT3', 'F1D8S2', 'F1D8T0', 'F1D8T1', 'P41235']	[-0.2818727829271661, -0.6967359999199705, -0.0715285293294449]	4
C21orf58	0	unlabeled	['H0YCB6', 'H7C1T9', 'P58505', 'Q0VAL7']	[-0.3718625133243557, -0.7566545127070886, -0.502082913994183]	4
STAB2	0	unlabeled	['Q8WWQ8']	[-0.1978446763271615, -1.1138430684063625, -0.4141697005862794]	4
SLITRK4	0	unlabeled	['B2RCC8', 'Q8IW52']	[-0.1719983243656835, -0.2046854018517788, -0.4497598932911261]	4
ASB14	0	unlabeled	['A6NK59', 'Q6ZR08']	[-0.2064476588461729, -0.7818544148315013, -0.483069271980898]	4
MAD1L1	0	unlabeled	['A4D218', 'Q9Y6D9']	[-0.1127517137781268, -0.6969937369431426, -0.5336719749092558]	4
SELPLG	0	unlabeled	['A0A0C4DFY0', 'Q14242']	[-0.292639971451927, -0.7730125931584931, -0.6708877922561327]	4
RGR	0	unlabeled	['A0A0S2Z494', 'A0A0S2Z498', 'A0A494C187', 'A0A494C1E7', 'P47804']	[-0.5922044561896388, -0.8863835385584913, -0.4357149336282701]	4
LUC7L3	0	unlabeled	['A8K3C5', 'J3KPP4', 'O95232']	[-0.5346280168952123, -0.575421161261428, 0.0244967141193418]	4
CRIP2	0	unlabeled	['H0YHD8', 'P52943', 'Q53FN1']	[-0.4185987027438184, -0.3584009387099647, 0.0195001103577868]	4
RBMS3	0	unlabeled	['C9JIJ9', 'Q6XE24']	[0.1151399161498025, -0.6681016718795845, -0.5433284389893553]	4
PKIA	0	unlabeled	['B2R4K1', 'P61925']	[-0.3489829132339094, -0.8967247935039986, 0.0055380995375345]	4
MARCHF3	0	unlabeled	['Q86UD3']	[-0.5448762385498163, -0.8691700346179304, -0.4709679433110153]	4
EXOSC1	0	unlabeled	['B1AMU3', 'B1AMU4', 'Q9Y3B2', 'R4GMQ7', 'B1AMU7', 'R4GNH9']	[-0.0196480570570808, -1.0818561647747416, -0.445815179217783]	4
SLC34A1	0	unlabeled	['Q06495', 'Q86VN6']	[-1.0190530769680872, -0.2774530077269557, -0.5226483769323893]	4
RAB33B	0	unlabeled	['A0A494C0Z5', 'Q5U602', 'Q9H082']	[-0.093993658555005, -0.2405416554210713, -0.6532023474803542]	4
FGF14	0	unlabeled	['A0A7U3JVZ8', 'A0A9L9PX77', 'A0A9L9PXI9', 'A0A9L9PXK7', 'Q92915']	[-0.5643911459345335, -0.496556734808071, -0.277380730690743]	4
SYVN1	0	unlabeled	['B3KX82', 'Q86TM6']	[-0.7415721839934921, -0.8805888916325164, -0.4307602484155615]	4
PLA2G1B	0	unlabeled	['F8W062', 'P04054']	[-0.4991176319215548, -0.5154500890842268, -0.1042892771757855]	4
WNT9B	0	unlabeled	['E7EPC3', 'O14905', 'Q6ZS96', 'Q6ZSP0']	[-0.3446921534736187, 0.0976672963609818, -0.3063971861951272]	4
INF2	0	unlabeled	['A0A6Q8PGX4', 'A0A6Q8PHG2', 'Q27J81']	[-0.7393015526128186, -0.8805457167852624, -0.550302851652146]	4
SLX4	0	unlabeled	['Q8IY92']	[-0.9314337941445084, -0.3266661800410592, -0.1565425309652305]	4
CACNG1	0	unlabeled	['Q06432']	[-0.5148941770789599, -1.0513024343546653, -0.4269155581252859]	4
FBXO38	0	unlabeled	['Q6PIJ6']	[-0.4193853148745799, -0.4393615506625953, -0.7580782231470229]	4
B3GNT5	0	unlabeled	['B3KRF8', 'Q9BYG0']	[-0.689761082206517, -0.8232969985105493, -0.164159072906678]	4
TMEM86B	0	unlabeled	['Q8N661']	[-0.5173897527635297, -0.6868825387851591, -0.0845667038797823]	4
UGT2B28	0	unlabeled	['Q9BY64']	[-0.6886859812584651, -0.6527712710267506, -0.0757768001014649]	4
STARD7	0	unlabeled	['B3KNN8', 'Q9NQZ5']	[-0.4250698145925281, -0.2871991959119511, -0.0994850464683765]	4
SPRR2G	0	unlabeled	['Q9BYE4']	[0.1113331210532103, -0.7090911602472901, -0.4296063266999299]	4
ZNF454	0	unlabeled	['Q8N9F8']	[-0.610434165567836, -0.5344367382175688, -0.3710414914664274]	4
NDUFA9	0	unlabeled	['A8K4V2', 'Q16795']	[-0.305303264052813, -0.8614900842686577, -0.2204337615791662]	4
POU6F1	0	unlabeled	['A0A1C7CYY7', 'B3KT91', 'Q14863']	[-0.851645117927156, -0.9903310259783568, -0.4696125130910836]	4
ZC3HAV1L	0	unlabeled	['Q96H79']	[0.0724736533541372, -0.4210759486287828, -0.4188394104044394]	4
FCRLB	0	unlabeled	['Q6BAA4']	[-0.2622006861196548, -0.3751109263599691, 0.046662813969279]	4
WSCD2	0	unlabeled	['Q2TBF2']	[0.1149611914963293, -0.7205588735118569, -0.5165637379319268]	4
NCKAP5L	0	unlabeled	['Q9HCH0']	[0.114660531742134, -0.2913152310347251, -0.4034760827575938]	4
RGS2	0	unlabeled	['P41220']	[-0.3338019078228691, -0.7407519534771337, -0.3837603755771455]	4
MPI	0	unlabeled	['B4DW50', 'F5GX71', 'H3BPB8', 'H3BPP3', 'P34949', 'Q8NHZ6']	[-0.3576160876204101, -0.8984489507201865, -0.1339172707358861]	4
LILRA5	0	unlabeled	['A0A0U4ARJ3', 'A6NI73']	[-0.8771002364623577, -0.7126215959213703, -0.4092200231853356]	4
SLC2A14	0	unlabeled	['B7Z5A7', 'B7Z5J8', 'Q8TDB8']	[-0.6864207820121868, 0.3216312061760438, -0.5775668599138402]	4
GTF2H2C_2	0	unlabeled	['B7ZW82', 'Q6P1K8']	[-0.6766669490511132, -0.4949723040600261, -0.1115220087950348]	4
JAK3	0	unlabeled	['A0A0S2Z485', 'P52333']	[-0.7581762097819567, -0.2393522825143887, -0.0131518657535083]	4
OR3A1	0	unlabeled	['A0A126GVP1', 'A0A126GWI0', 'A0A126GWJ3', 'P47881']	[-0.1737650919458421, -0.7017274241795135, -0.3347406580620088]	4
SORD	0	unlabeled	['Q00796', 'V9HW89']	[-0.2785825707463357, -0.2519200654334255, -0.0872131851777503]	4
BOLA2B	0	unlabeled	['H3BPT9', 'Q9H3K6']	[-0.2481459227379461, -0.090021683350371, -0.0165355072811631]	4
WDR64	0	unlabeled	['A0A0C4DG52', 'B1ANS9']	[-0.6202797954581589, -0.2837966570442622, 0.0464066985925938]	4
NEUROG1	0	unlabeled	['B2RAP3', 'F1T0H3', 'Q92886']	[-0.797445923179031, -0.3920530546416221, 0.1409983498281124]	4
EWSR1	0	unlabeled	['A0A0D9SFL3', 'B0QYK0', 'C9JGE3', 'Q01844']	[-0.4374048067269723, -0.8762836446166806, -0.03538766250069]	4
HECTD3	0	unlabeled	['A1A4G1', 'B4DVK6', 'Q5T447']	[-0.3355573984603323, -0.447732287448966, 0.0584533672445979]	4
RPS4Y2	0	unlabeled	['Q496E4', 'Q8TD47']	[-0.1583815220860011, -0.1631184097289126, -0.1829104102967148]	4
SLC14A1	0	unlabeled	['A0A2I6PCQ9', 'A0A7L9QHR7', 'B3KXJ3', 'B4DFJ8', 'B4DHU3', 'F5GWS2', 'F6IQ87', 'G0W2N5', 'Q13336']	[-0.1541958021795362, -1.2318007183125788, -0.7146949126060674]	4
CHRNE	0	unlabeled	['Q04844']	[-0.1101424643125233, -0.7651205182803571, -0.012500632316012]	4
GM2A	0	unlabeled	['B4DQM5', 'P17900']	[-0.3978985372932289, -0.9325807417486608, -0.7204207887442473]	4
G6PC2	0	unlabeled	['Q9NQR9']	[-0.1746223552121441, -0.4551838236663222, 0.0089153486970459]	4
FZD4	0	unlabeled	['Q8TDT8', 'Q9ULV1']	[-0.0843471487509214, -0.4311781216512369, -0.375957928898601]	4
NXNL1	0	unlabeled	['Q96CM4']	[-0.6608928500264499, -1.0808545208066571, 0.2977736527292276]	5
HSD17B13	0	unlabeled	['Q7Z5P4']	[-0.1995990324222207, -0.9199480708516432, 0.1587927401007826]	5
CYP51A1	0	unlabeled	['A0A8I5KRT9', 'B3KRC6', 'Q16850']	[-1.1174535660251714, -1.3420331992555707, 0.4536737758621936]	5
KNCN	0	unlabeled	['A6PVL3']	[-0.319551429390655, -1.2727596294268932, -0.0475631432908494]	5
VCF1	0	unlabeled	['J3KSI9', 'J3KT52', 'J3KT76', 'Q969W3']	[-0.928477788528889, -0.3873326507603478, 0.1624190418331481]	5
JUND	0	unlabeled	['P17535']	[-0.9812922757060178, -1.1884163892150408, 0.0524717316805557]	5
MAGOHB	0	unlabeled	['A0A023T6R1', 'F5H6P7', 'Q96A72']	[-0.6130943838510036, -1.1258830995053908, 0.4053668375142691]	5
GRIK2	0	unlabeled	['A0A804HI04', 'A0A804HKP5', 'A0A8D9PH75', 'A8K0H7', 'A8K7F0', 'B7Z8P6', 'Q13002']	[-1.0717224882057947, -0.9525424717910184, 0.3499020988049159]	5
BICD2	0	unlabeled	['Q8TD16']	[-0.4208139056120381, -0.840666498954058, 0.0900532712331674]	5
C6orf62	0	unlabeled	['B4DWX7', 'Q9GZU0']	[-0.4666400265763526, -1.2502538430325385, 0.3798198323067329]	5
WDR13	0	unlabeled	['B2RBN3', 'Q06DW9', 'Q9H1Z4']	[-0.2628611018930678, -0.9751392335792638, 0.0301355626844234]	5
TMPRSS7	0	unlabeled	['Q7RTY8']	[-0.3900869078839041, -0.912412315734834, 0.4072086598634022]	5
COPS7A	0	unlabeled	['Q567U8', 'Q9UBW8']	[-1.0474413086297378, -1.0349480976463703, 0.8169140514386479]	5
TBL3	0	unlabeled	['J3KNP2', 'Q12788', 'A0JLS5']	[-0.8577485679410588, -1.0707323665174189, 0.057169753176712]	5
LMBR1L	0	unlabeled	['A0A024R0Y9', 'A0A0S2Z5S6', 'A0A0S2Z6E3', 'Q6UX01']	[-1.1366776226717683, -1.2053487594789911, 0.6074770451262738]	5
SPINK5	0	unlabeled	['B4DWS3', 'Q9NQ38']	[-0.6795541552166489, -0.7046064068641179, 0.1315255446318685]	5
NTSR1	0	unlabeled	['P30989']	[-0.6417740736771032, -1.0152993789385911, 0.1303168272088883]	5
FCRL2	0	unlabeled	['B4DVJ9', 'Q96LA5']	[-0.6380363678277107, -1.3565637489299327, 0.6005536832334059]	5
STK3	0	unlabeled	['A0A087WZ06', 'A0A384MR07', 'Q13188']	[-0.5768119389931277, -1.2255184262034706, -0.218108214340344]	5
IFT27	0	unlabeled	['Q9BW83']	[-0.0752593489946069, -1.259276332648096, 0.3679471917943077]	5
TUBG1	0	unlabeled	['A0A7P0T9G6', 'P23258']	[-1.181207750503208, -0.6358304758302838, 0.1999923802937034]	5
SNAI1	0	unlabeled	['O95863']	[-0.8434674118834565, -0.9365021981997904, 0.329154182732151]	5
SS18L2	0	unlabeled	['Q9UHA2']	[-0.7396912762118244, -0.8756797874290396, 0.4674760033358589]	5
FCRL4	0	unlabeled	['Q96PJ5']	[-1.3076662298439814, -1.7877540600423083, 0.444836500659775]	5
DENND2C	0	unlabeled	['Q68D51']	[-0.9052146190192524, -0.9792673971797712, 0.3448334883071943]	5
NOP2	0	unlabeled	['P46087', 'F5GYR3']	[-0.7361457660467907, -1.0848459685138914, 0.4672194863645444]	5
GTSF1L	0	unlabeled	['Q9H1H1']	[-0.5976450042960747, -0.9538071676784114, 0.2678338343378442]	5
VPS37B	0	unlabeled	['F5H4M0', 'Q9H9H4']	[-0.7315984165139218, -0.8482148547166244, 0.569822371213679]	5
ANXA2R	0	unlabeled	['Q3ZCQ2']	[-1.0697559599586035, -1.1966303771176243, 0.2897617511951129]	5
ANK1	0	unlabeled	['C9JN86', 'P16157']	[-0.9398079197301724, -0.8132430435798511, 0.3092042501005573]	5
CHRNB1	0	unlabeled	['P11230']	[-0.6985010976331102, -1.0937593355305864, 0.016348744175854]	5
EXO5	0	unlabeled	['Q9H790']	[-1.2842726741301251, -1.239193859198953, 0.0186303739084951]	5
C10orf90	0	unlabeled	['A0A0A0MSX2', 'B4DMQ6', 'Q5T025', 'Q96M02', 'S4R3N7']	[-0.7808840401450039, -0.5630941107313564, 0.0990794691105505]	5
TNR	0	unlabeled	['A0AAQ5BH57', 'A0AAQ5BHB2', 'Q92752']	[-0.9137341578476804, -1.156767532058482, -0.3931915219805332]	5
MATK	0	unlabeled	['B2RDR6', 'F1T0G6', 'K7EQY5', 'P42679', 'Q16176']	[-1.1158570393458636, -0.7862473463498331, 0.0694493535642429]	5
RBKS	0	unlabeled	['Q9H477']	[-1.1255066484825635, -0.976431446818004, 0.0301536626882204]	5
THY1	0	unlabeled	['B0YJA4', 'E9PIM6', 'J3QRJ3', 'P04216']	[-0.5601239329926254, -1.1838744607016656, -0.0858168719846734]	5
BRD8	0	unlabeled	['A8K1N6', 'B4DEG9', 'B4DN43', 'H7C127', 'H7C179', 'Q9H0E9']	[-0.6061784154384777, -1.1204540318615568, 0.1958410664672082]	5
FOLR2	0	unlabeled	['P14207', 'Q53HP1']	[-1.5472022380602932, -0.6503151426143933, -0.2865096235249221]	5
CCL15	0	unlabeled	['A0A0B4J2E2', 'A0A8I5JUL6', 'Q16663']	[-0.5485242946632619, -0.8026381765488366, 0.2193557581739184]	5
QARS1	0	unlabeled	['A8K3A8', 'P47897']	[-0.6687493294228772, -0.7615402185781888, 0.0970803118383049]	5
TMEM19	0	unlabeled	['Q96HH6']	[-0.6819544981111038, -1.2722619372630268, 0.190780536221407]	5
RABAC1	0	unlabeled	['M0R3D4', 'Q9UI14']	[-0.1369704004101442, -1.0940717182516542, 0.3518034021979053]	5
HACL2	0	unlabeled	['A1L0T0', 'M0R026']	[-0.768024031784868, -1.0075248945290751, -0.1670278813841135]	5
CDK2AP2	0	unlabeled	['E9PKR4', 'O75956', 'Q6IAV4']	[-1.0675012397710155, -0.9315587162843632, 0.0087400427353094]	5
CXCR2	0	unlabeled	['P25025', 'Q53PC4']	[-0.5313190330637539, -0.7793999096030927, 0.1176386981753299]	5
RITA1	0	unlabeled	['Q96K30']	[-0.6311218381223955, -1.3421773688459488, -0.2285993779415828]	5
RPS6KC1	0	unlabeled	['A0A087X1U5', 'B4DRK0', 'F5H7T0', 'F6RJM5', 'Q96S38']	[-0.8688316252423722, -0.7841475199400536, -0.1687106013131137]	5
PRP4K	0	unlabeled	['B4DZQ5', 'Q13523']	[-0.395243715914101, -0.939830690506632, 0.2781307129376013]	5
RNF150	0	unlabeled	['D6RIE5', 'Q9ULK6']	[-0.1490783291198588, -1.317154863778933, 0.350581747356215]	5
PAK3	0	unlabeled	['B2RCU6', 'O75914']	[-0.8229181812584754, -1.1595097159294696, 0.1981209080421419]	5
FAM177B	0	unlabeled	['A6PVY3']	[-1.028327110986276, -0.4191535317671492, 0.0481645049033076]	5
E2F4	0	unlabeled	['Q16254']	[-0.4570991750031656, -1.0738891805166582, 0.633567103482159]	5
ANKRD1	0	unlabeled	['A0A384NYH5', 'A8K4J5', 'Q15327']	[-1.0778015627740087, -1.281346299282308, 0.3397551068455438]	5
DPP4	0	unlabeled	['A0A7I2V2R5', 'A0A7I2V2X8', 'P27487']	[-0.5027001949185754, -1.1866589935737597, 0.2936301037060442]	5
IL36A	0	unlabeled	['Q9UHA7']	[-1.5358669309504167, -1.235463816841369, 0.0773644775487752]	5
ARG2	0	unlabeled	['P78540']	[-0.5070217196904511, -0.8848648638716703, 0.3247260135829426]	5
ZNF670	0	unlabeled	['Q9BS34']	[0.1938844393149894, -1.7294726853435152, 0.4182722571495372]	5
PLA2G7	0	unlabeled	['A8K2W6', 'Q13093']	[-0.5571556425969951, -1.131781911437869, 0.0027387486658366]	5
FGFR4	0	unlabeled	['B4DVP5', 'J3KPQ0', 'P22455']	[-0.7639654379869492, -1.507330580997573, -0.066590041322556]	5
ZNF813	0	unlabeled	['Q6ZN06']	[-0.7592249401005197, -1.1128395278686585, 0.7683740029832415]	5
GPBP1L1	0	unlabeled	['Q9HC44']	[-0.5852102026885826, -1.105887783557894, 0.1165425440249231]	5
WDR18	0	unlabeled	['A0A0A0MQU0', 'Q9BV38']	[-0.3361062299769476, -0.8001983200802327, 0.1510569640894531]	5
PCSK5	0	unlabeled	['A0A669KA35', 'Q5JSG7', 'Q92824']	[-0.2679088226645788, -1.0085155766260985, 0.3258281069625456]	5
EYS	0	unlabeled	['F1T0I0', 'Q5T1H1']	[-1.270847264887224, -0.2966644291948441, 0.3903157716060525]	5
MAPK8	0	unlabeled	['A0A286YEN5', 'A0A286YES9', 'A1L4K2', 'B5BUB8', 'P45983']	[-0.6255065029362356, -1.0862298781994968, 0.1919518397129461]	5
KCNN4	0	unlabeled	['A0A7R6V2A9', 'O15554']	[-0.7240981466319657, -0.6183353373594295, 0.3191611455427499]	5
NFATC2IP	0	unlabeled	['Q8NCF5']	[-0.5664573728772803, -1.190436071909477, 0.2825294551335667]	5
ATE1	0	unlabeled	['A0A8I5KNT9', 'A0A8I5KNV5', 'A0A8I5KS65', 'A0A8I5KT53', 'A0A8I5KTH0', 'A0A8I5KVF5', 'A0A8I5KWA6', 'A0A8I5KWF1', 'A0A8I5KZ24', 'A0A8I5KZ28', 'A0A8I5QKV3', 'B4DK25', 'B4DR48', 'B4E107', 'F5GXE4', 'F8WAC9', 'O95260']	[-0.7554861951798539, -1.1334794328407196, 0.2232350851231838]	5
EIF3A	0	unlabeled	['Q14152', 'Q24JU4']	[-0.7021671307637144, -0.8138502074759091, 0.2215260167484667]	5
WAC	0	unlabeled	['A0A0A0MRT2', 'A0A8V8TQV5', 'Q9BTA9']	[-0.3871203326562984, -1.4173125826971007, 0.2492476437155741]	5
FZD8	0	unlabeled	['Q9H461']	[-1.1250077517647474, -1.0101471748389392, 0.2572924587019365]	5
ATG2A	0	unlabeled	['H7C3T2', 'Q2TAZ0']	[-1.284722233314377, -1.0590241010324863, -0.1104824837642557]	5
F8	0	unlabeled	['P00451']	[-1.145458215338908, -0.4683587762149848, -0.0597956068495254]	5
ICA1L	0	unlabeled	['C9JAQ4', 'F8WBQ1', 'Q8NDH6']	[-0.199033201512647, -0.9952767565975368, 0.1762658998762631]	5
GFI1B	0	unlabeled	['A0A024R8F3', 'Q5VTD9']	[-0.1489893608328402, -1.0345611272010835, 0.1540431500832627]	5
WDR12	0	unlabeled	['B4DRY7', 'Q53T99', 'Q9GZL7']	[-1.5004475549065597, -1.3725996363105053, -0.1794936493196431]	5
CYP4X1	0	unlabeled	['Q8N118']	[-0.788322665391122, -0.6772504214821368, -0.0198258221857167]	5
SERGEF	0	unlabeled	['A8K8C1', 'Q9UGK8']	[-0.9321490077104416, -1.693902803840006, 0.0793863736727182]	5
WNT10A	0	unlabeled	['A0A2H4GYZ1', 'A0A2K8FR47', 'Q9GZT5']	[-1.027743548889973, -0.5395423543632063, -0.0250038165938211]	5
EIF5	0	unlabeled	['P55010', 'Q6IBU0']	[-1.088503967289585, -0.5204915011910909, -0.0588691281517453]	5
KIF4A	0	unlabeled	['O95239', 'Q59HG1']	[-0.8817704755762488, -1.0031727809728306, 0.3641092777585176]	5
ASH1L	0	unlabeled	['A0A7I2V316', 'A0A7I2V3D6', 'A0A7I2V4K0', 'A0A7I2V542', 'A0A7I2YQU9', 'Q9NR48']	[-0.9220709535561104, -1.26250294881574, 0.3727785266312244]	5
KIF22	0	unlabeled	['A0A8I5KTF7', 'A0A8I5QJC5', 'A0A8I5QL17', 'B7Z9T5', 'H3BRB3', 'Q14807']	[-0.8585148572636045, -0.824187022429592, -0.1854462921377962]	5
ADCY6	0	unlabeled	['O43306']	[-1.4950978913215005, -1.103116135386001, 0.1133135573673843]	5
ZNF668	0	unlabeled	['A8K1I4', 'Q96K58']	[-0.4355518413995157, -1.0538928925908104, -0.1135984482357469]	5
SIK3	0	unlabeled	['A1A5A9', 'B3KVE2', 'H0Y4E8', 'M5FMX3', 'Q0IJ40', 'Q9Y2K2']	[-0.7702152770702673, -0.7851370319659936, 0.1454235804179479]	5
APOL2	0	unlabeled	['Q9BQE5']	[-0.8867259297109534, -0.5482854723926384, 0.2656554569112476]	5
ANKRD10	0	unlabeled	['Q8IUW1', 'Q9NXR5']	[-0.0267651322560385, 0.2733272821307214, 0.3100933893464968]	6
SPATA31A7	0	unlabeled	['B2RUU1', 'Q8IWB4']	[0.1001643076898147, 0.0075628086378597, 0.2282685994117433]	6
ZDHHC7	0	unlabeled	['Q9NXF8']	[0.1080767439417286, 0.2912598349863839, 0.691411980854858]	6
HTR1D	0	unlabeled	['P28221']	[-0.0837570537521865, -0.0203246450148057, 0.5955201353397369]	6
SMAD4	0	unlabeled	['A0A024R274', 'A0AAQ5BHV1', 'Q13485', 'Q9BYG6']	[-0.8535566609671794, 0.2184409470021469, 0.5654492237574017]	6
GABRG3	0	unlabeled	['Q99928']	[0.3520029904472322, 0.1467385227280921, 0.0956660219143518]	6
PHYKPL	0	unlabeled	['Q8IUZ5']	[0.0026991681732732, 0.1659633495334632, 0.2309541121103093]	6
ODAM	0	unlabeled	['A1E959', 'D6RA81']	[0.0041330455842254, -0.0831021687210294, 0.1618522494727607]	6
RNF208	0	unlabeled	['Q9H0X6']	[-0.0532490453754704, 0.9361543917179376, 0.0336989183899382]	6
NAA20	0	unlabeled	['A8MZB2', 'P61599']	[-0.1573157769084656, 0.4166212248961072, 0.6969445453783043]	6
EREG	0	unlabeled	['O14944']	[0.3736841245949567, 0.0007646521196583, 0.4010273094680081]	6
FLT1	0	unlabeled	['A0A1W2PNW4', 'L7RSL3', 'P17948']	[-0.0498584223146029, 0.1269952555039936, 0.6758306729958243]	6
OR51B5	0	unlabeled	['A0A126GWB8', 'Q9H339']	[-0.4514076602677244, 0.0218903332193269, 0.4040218633777082]	6
AMN	0	unlabeled	['B3KP64', 'Q9BXJ7']	[-0.1109337783112541, -0.0007385006896121, 0.2855086604935953]	6
DENND4C	0	unlabeled	['Q5VZ89']	[0.3458118221544232, 0.2666870862514932, 0.2163167263893696]	6
LYRM4	0	unlabeled	['C9JRX8', 'C9JY28', 'F5H189', 'Q9HD34']	[0.3265280794217962, 0.5883431207434053, 0.1774674934412209]	6
MTFR1L	0	unlabeled	['A0A0S2Z5H6', 'B2RAQ5', 'B3KPT5', 'Q9H019']	[0.3188292840686925, 0.1505382007116418, 0.1871972615668934]	6
EPN3	0	unlabeled	['B4DK18', 'Q9H201']	[-0.7587091779689181, 1.148588640891204, 0.6020941175752861]	6
ERLEC1	0	unlabeled	['A0A8I5KTC7', 'A0A8I5KWJ1', 'Q96DZ1', 'V9HWD3']	[0.4135539120789122, 0.6196637845679855, 0.8797059400719722]	6
ARL2	0	unlabeled	['P36404', 'Q53YD8']	[0.1612433064241281, 0.0239765880012451, 0.2550308559163705]	6
ATP8B4	0	unlabeled	['H0YMP8', 'Q8TF62']	[0.2314354447102136, 0.1146165027953669, 0.2406696274998879]	6
RGP1	0	unlabeled	['A8K0K1', 'Q92546']	[0.2220454453489684, 0.1363881458512255, 0.4475641171976138]	6
ANKLE1	0	unlabeled	['A0A494C092', 'A0JLW0', 'M0QX15', 'M0R002', 'Q8NAG6']	[0.3847112434399129, 0.560815202874967, 0.3819633462849179]	6
SYNPO2	0	unlabeled	['B4DLE4', 'B4E258', 'B9EG60', 'Q9UMS6']	[0.5034706586449794, 0.5978539771247952, 0.0738542376357384]	6
DDX55	0	unlabeled	['A0A384N652', 'B4DVE4', 'F5H5U2', 'Q8NHQ9', 'Q8TEC9']	[-0.1760292335462819, 0.0241877392270748, 0.346442609556314]	6
MIGA1	0	unlabeled	['A0A2R8YDC7', 'A0A2R8YF99', 'A0A2R8YFQ8', 'A0A2R8YGK2', 'A0AA34QW11', 'B4DK63', 'B7ZLZ8', 'F8W7S1', 'Q8NAN2']	[0.3922839128758195, 0.5978712165244798, 0.228991056614251]	6
PREX2	0	unlabeled	['A0A2X0SZ31', 'Q70Z35']	[0.0834294458125255, 0.0453342919357707, 0.304550524050256]	6
MAIP1	0	unlabeled	['H7C0V0', 'Q8WWC4']	[0.216409609769671, 0.0439630854550523, 0.2917415519201158]	6
NEUROD6	0	unlabeled	['A0A090N7T3', 'B3KNX6', 'Q7Z4W9', 'Q8IYR9', 'Q96NK8']	[0.0747586299645196, 0.5370459687887389, 0.5704621937307373]	6
UBE2E2	0	unlabeled	['F8W8F0', 'Q96LR5']	[-0.1486477032490116, 0.1528825546120433, 0.0426429311219562]	6
POLI	0	unlabeled	['B7Z780', 'J3KQ09', 'J3KSW2', 'Q9UNA4', 'X6R2I3']	[0.2628783618074228, 0.1438791261776292, 0.0627668328826169]	6
SCN2A	0	unlabeled	['A0A1B0GWA6', 'Q99250']	[0.4368728657514048, 0.3363538471025313, 0.6043013223993372]	6
DNPEP	0	unlabeled	['B7Z7F0', 'E5RIA4', 'E7EMB6', 'E7ETB3', 'Q53SB6', 'Q9ULA0']	[0.4539345482408267, 0.3871979623632363, 0.4544221617973134]	6
CHRNA7	0	unlabeled	['A0A0A6YYA8', 'A0A0G2JMC1', 'A0A0G2JNX5', 'A0A1B0GTT9', 'A0A1B0GVH2', 'A0A1W2PN81', 'P36544', 'Q5W554']	[-0.1835114911123909, 0.7167533280002171, 0.8164913298134602]	6
LCN1	0	unlabeled	['P31025', 'Q5VSP4']	[-0.193867531078084, 0.5515890580916316, -0.0667985692195568]	6
TADA2A	0	unlabeled	['A0A024R0Y4', 'A0A087WWR4', 'A0A0S2Z4G1', 'B3KU13', 'O75478']	[-0.0186361067050743, 0.0798101720266529, -0.0985639855324378]	6
TGFB1	0	unlabeled	['A0A499FJK2', 'P01137']	[0.2444426903063373, 0.3510209980535435, 0.3890573495764213]	6
UTP3	0	unlabeled	['Q9NQZ2']	[-0.359395623115941, 0.5172058541913617, 0.1305172151537968]	6
XIRP1	0	unlabeled	['B3KV77', 'Q702N8']	[0.3638440281591845, 0.079438063398221, 0.284613301841518]	6
FUT3	0	unlabeled	['A0A9E8S311', 'A8K737', 'B3W6H0', 'B5B9M4', 'Q9P1W6']	[0.3294615847817238, 0.3471843347330645, 0.2180694357858666]	6
TP53INP2	0	unlabeled	['Q8IXH6']	[0.2828048438933571, -0.0664722901863637, 0.3344440445494786]	6
ITM2A	0	unlabeled	['O43736', 'Q53FG2']	[0.3362342297315996, 0.1216752340758243, 0.0588133916859088]	6
SAP30	0	unlabeled	['O75446']	[0.2975157713420611, 0.0196386140349864, 0.1998003378628815]	6
KCND1	0	unlabeled	['Q9NSA2']	[0.034655223703181, 0.0540656356213832, -6.719958934314763e-05]	6
CLEC17A	0	unlabeled	['Q6ZS10']	[0.3669282283667169, -0.0346245037964842, 0.2234727009862158]	6
TTC22	0	unlabeled	['Q5TAA0']	[0.1141691618323618, 0.1189316098879832, 0.3376073280001603]	6
NAT10	0	unlabeled	['Q9H0A0', 'Q05CW7']	[-0.0359174159502831, -0.005234498188376, 0.4995870180958094]	6
KRT25	0	unlabeled	['Q6ZPD6', 'Q7Z3Z0']	[-0.5158828391197763, 0.7303531037946535, 0.550148857045192]	6
AFAP1	0	unlabeled	['Q8N556']	[0.2203796290499232, 0.5521804259239943, 0.4302855422496364]	6
FUZ	0	unlabeled	['E9PK12', 'Q9BT04']	[-0.41327166148839, -0.1043293760968146, 0.161103455428868]	6
STK10	0	unlabeled	['O94804']	[0.3395213946230339, 0.1443472642459, 0.1551042225599913]	6
DNAJA3	0	unlabeled	['B3KM81', 'Q53G26', 'Q59E88', 'Q96EY1']	[-0.3000119776989449, 0.1702137758233345, 0.7114097307982907]	6
ENY2	0	unlabeled	['Q9NPA8']	[-0.5859237822838707, 0.1431298902130848, 0.7607526846424915]	6
INHBB	0	unlabeled	['P09529']	[0.0163029915336808, 0.1191568653031019, 0.6525864726807475]	6
PDE10A	0	unlabeled	['A0A1B1UZQ1', 'A0A1B1UZR0', 'A0A1B1UZR6', 'A0A3B3IRU7', 'A0A5F9ZI67', 'Q9Y233']	[0.2427063425853378, 0.2762072660264728, 0.4502997481221454]	6
CCNYL1	0	unlabeled	['Q8N7R7']	[0.1290028384958749, 0.436351271755631, 0.6911081863348192]	6
DMRT2	0	unlabeled	['A0A0A0MR18', 'Q05C20', 'Q9Y5R5']	[0.0223561421844746, 0.2482783483517261, 0.5337689336340795]	6
SOWAHA	0	unlabeled	['Q2M3V2']	[0.0426925213697755, 0.2837926987377789, 0.4260610249719028]	6
OR5F1	0	unlabeled	['A0A126GVF9', 'O95221']	[0.2401920517815324, 0.2342845953296242, -0.1025270655186971]	6
GTF3C2	0	unlabeled	['Q8WUA4']	[-0.2893901209970834, -0.1154870132900557, 0.184324823414193]	6
APOBEC3B	0	unlabeled	['Q9UH17', 'W0HJ78']	[-0.1790077247430107, 0.0741007901941705, -0.2202088621033064]	6
DENND1C	0	unlabeled	['Q8IV53']	[0.1726773725419859, 0.2777171630007367, 0.4843224390805398]	6
COQ7	0	unlabeled	['H3BP28', 'Q8NI45', 'Q99807']	[0.1393420409725385, -0.0570730229260819, 0.1918185617446512]	6
RGS1	0	unlabeled	['Q08116', 'V9HW15']	[-0.6616072631010241, 0.0984474555531778, 0.4747649986250937]	6
ZFPM1	0	unlabeled	['Q8IX07']	[-0.4524602502758624, 0.2278060676455093, -0.2039590782042319]	6
EPB41L4B	0	unlabeled	['Q9H329', 'Q9NX84']	[0.0477431348713988, 0.5582963165549119, 0.5504578285518297]	6
ARHGEF28	0	unlabeled	['A0A2X0U2G7', 'Q8N1W1']	[0.0818244187932064, 0.3396347116149157, 0.7067500407847802]	6
KLF2	0	unlabeled	['Q9Y5W3']	[-0.6727833832774579, 0.3438244011117122, 0.1806142826989037]	6
COPS5	0	unlabeled	['A0A024R7W9', 'Q92905']	[0.3228707323229528, 0.0577506726993146, 0.0545753640714892]	6
OR5B21	0	unlabeled	['A0A126GW90', 'A6NL26']	[-0.3376615852129808, 0.557357139105898, 0.4607181427662714]	6
PRTG	0	unlabeled	['Q2VWP7']	[0.313755799863854, 0.6753206238677147, 0.672355703853833]	6
CD177	0	unlabeled	['A0A087WVM2', 'Q1T7A3', 'Q8N6Q3']	[-0.3082294574565873, 0.1490714028901162, 0.3670111394655656]	6
GRIN2A	0	unlabeled	['A0A890YTL4', 'F5GZ52', 'Q12879', 'Q547U9', 'Q59EW6']	[0.1528457680410249, 0.2912415698434799, 0.3178318754036572]	6
AP5Z1	0	unlabeled	['O43299']	[0.0370998156548757, 1.1287962513846106, 0.427321880214274]	6
ZNF552	0	unlabeled	['B7Z1H1', 'Q9H707']	[0.1485021045067404, 0.190982657427683, 0.6497593987207171]	6
NSUN3	0	unlabeled	['Q9H649']	[-0.430082002165617, 0.0614326321473173, 0.2756810421074743]	6
TNFAIP8L1	0	unlabeled	['Q8WVP5']	[0.0703491416482986, 0.1145719577594903, 0.2971103954923794]	6
JOSD1	0	unlabeled	['Q15040', 'Q6IB81']	[0.2628062292963945, 0.2087061450403595, 0.4343286117410404]	6
AMPH	0	unlabeled	['A8K5Y2', 'P49418', 'Q8NFL3']	[0.081683489629782, 0.0566457108124891, 0.2999107079472225]	6
TRIM50	0	unlabeled	['B7ZLG2', 'I3L0H3', 'Q86XT4']	[0.163688110218564, -0.1336208438781679, 0.356866978745709]	6
TRPC1	0	unlabeled	['A7VJS2', 'P48995']	[-0.1885902174869506, -0.0574944317406396, 0.2186118660633459]	6
SLC10A7	0	unlabeled	['A8K4T1', 'B3KWW2', 'Q0GE19']	[0.250528222492052, 0.4079784885789942, 0.6898299824466616]	6
MYL5	0	unlabeled	['Q02045']	[-0.1011632803136259, -0.1114748583898812, 0.3719745158946705]	6
SMAD9	0	unlabeled	['O15198']	[0.4518024507462952, 0.617389388516025, 0.5162621274282944]	6
PCDH11Y	0	unlabeled	['A0A8V8TP37', 'A8K0W1', 'Q9BZA8']	[0.2615755125292818, 0.501346872802398, -0.2095057981979204]	6
PROX1	0	unlabeled	['Q92786']	[-0.1927858960291373, 0.0761428029351891, 0.3667157475628674]	6
YY1	0	unlabeled	['P25490']	[0.064863892597496, -0.0367398614161289, 0.0391962378810784]	6
SPINK9	0	unlabeled	['D6RJC5', 'Q5DT21']	[-0.135862335918205, -0.1458319875947553, 0.3858841603172037]	6
RAB30	0	unlabeled	['A8K5R1', 'E9PMJ1', 'Q15771']	[-0.3730863585984489, 0.116177567702718, -0.0244349284649207]	6
TNPO2	0	unlabeled	['B4DRY5', 'O14787']	[0.4284217202016338, 0.0716046886675167, 0.1367001620290177]	6
COQ3	0	unlabeled	['Q9NZJ6']	[0.2129287675984446, 0.2315187563454181, 0.4037130936139336]	6
IL2RA	0	unlabeled	['B2R9M9', 'H0Y5Z0', 'P01589', 'Q53FH4', 'Q5W005']	[0.1528458316959472, 1.0332965223138968, 0.4451372664031641]	6
BMP4	0	unlabeled	['A0A097PIE4', 'P12644', 'Q53XC5']	[0.4872690522607182, 1.0232485101354318, 1.04310054143006]	6
COA6	0	unlabeled	['Q5JTJ3']	[-0.336164384116406, 0.0960188104524961, -0.0620000153341557]	6
PLEKHM1	0	unlabeled	['A0A8V8TPW0', 'B4DR59', 'B4DRX1', 'Q9Y4G2']	[0.0738619453417654, 0.585767335282371, -0.5821071202017196]	6
HSPG2	0	unlabeled	['P98160']	[-0.1238439185792822, 0.3936573605304794, -0.5867701262022407]	6
OR10AG1	0	unlabeled	['A0A126GVM8', 'A0A2U3TZR9', 'Q8NH19']	[0.2818192762285978, 0.1996514975794424, -0.0709641400627248]	6
CAPNS2	0	unlabeled	['Q96L46']	[0.1281211593310424, -0.4828755926940601, 1.0516609329693574]	7
DPYSL4	0	unlabeled	['O14531', 'Q5T0Q6']	[-0.101915483863622, -0.0156988071913183, 0.8465143546930106]	7
RANBP3	0	unlabeled	['B7Z5P4', 'B7Z7F3', 'Q308M8', 'Q53GE1', 'Q9H6Z4']	[-0.1773482731690409, -0.1560262139072108, 0.9519234873315024]	7
POLR3GL	0	unlabeled	['A6NGX6', 'Q9BT43']	[0.1938953488360846, 0.133309360864772, 0.8506151361892099]	7
DECR1	0	unlabeled	['Q16698']	[-0.1327022716812182, -0.2817797955316395, 1.0245752981814542]	7
REC8	0	unlabeled	['A0A075B715', 'O95072']	[0.4699617276485551, -0.7112944703663174, 1.0445522954537485]	7
SRPK2	0	unlabeled	['A0A994J591', 'C9J2M4', 'H7C5L6', 'P78362']	[0.8719718023106637, 0.0900533269167234, 1.1255695228363092]	7
PLEKHA7	0	unlabeled	['A0A1B0GTN9', 'A0A8Q3WLI9', 'A0A8V8TMS3', 'E9PKC0', 'Q6IQ23']	[-0.0030073286029757, -0.1664172073428476, 0.754032942056968]	7
PCDHGA6	0	unlabeled	['Q59GD1', 'Q9Y5G7']	[0.1572865621937247, -0.2824648301020456, 1.1021860352557888]	7
PCDHB8	0	unlabeled	['B4DJM8', 'Q9UN66']	[-0.1049135022586519, -0.0536935957869859, 0.7301052945251074]	7
ZNF835	0	unlabeled	['Q9Y2P0']	[0.249315100073004, 0.0929316272567084, 0.592238406031555]	7
STK32A	0	unlabeled	['A0A3B3IS85', 'B4DR46', 'B7Z9H7', 'Q8WU08']	[0.3205814851679817, -0.3612467795946514, 0.7324478281444496]	7
RIT1	0	unlabeled	['Q92963']	[0.4131967097041817, -0.6111713355403121, 0.757779552254654]	7
PRR4	0	unlabeled	['Q16378']	[0.4832921892915722, -0.0200522262090492, 0.71079537622745]	7
NBPF1	0	unlabeled	['A0A8V8TNX8', 'A0AAG2SUX2', 'A0AAG2UWE3', 'A0AAG2UXD5', 'A0AAG2UXK7', 'A0AAG2UXY5', 'A0AAG2UYR2']	[0.2650640119529298, -0.3422635280422052, 0.5080458068667265]	7
TSPAN10	0	unlabeled	['A0A087X235', 'F1T0E8']	[0.300189713977121, -0.3264762893073629, 1.3086328958529083]	7
NPPB	0	unlabeled	['P16860']	[0.1609662505878918, -0.4001639648328725, 0.6564331504400862]	7
CRADD	0	unlabeled	['B4DJT6', 'B5BU44', 'F5H7C2', 'F8VV49', 'F8VVY5', 'P78560', 'Q53XL1']	[0.0681127142961716, -0.4939711457052319, 0.6786328969833508]	7
MMAA	0	unlabeled	['Q495G5', 'Q8IVH4']	[0.5967136123962288, -0.18853039174284, 0.5917331963440637]	7
S100A13	0	unlabeled	['Q99584']	[0.2720900167212833, -0.5601871392129159, 0.911581463707806]	7
KLHL8	0	unlabeled	['Q68DU9', 'Q9P2G9']	[0.4843630936235376, 0.691030469662052, 1.1333182503281327]	7
KRT12	0	unlabeled	['Q99456']	[0.4154363540350523, -0.1670807971869022, 1.073313383060133]	7
C16orf89	0	unlabeled	['A0A0A0MT71', 'Q6UX73']	[0.5021149341494409, -0.4019239369090388, 0.8156986269617887]	7
LENG9	0	unlabeled	['A0A087WVD1', 'Q96B70']	[0.0797185879986871, -0.0303171413436297, 0.7257184339705756]	7
FFAR2	0	unlabeled	['C6KYL4', 'O15552']	[0.5066477393443289, -0.2522174871478126, 0.4112262749616151]	7
RBL1	0	unlabeled	['P28749']	[0.4597367687503663, -0.2226991661646812, 0.6661696331922404]	7
FDX1	0	unlabeled	['P10109']	[0.3045281813251175, -0.3326910626043793, 0.6471722816701289]	7
DCAF4L2	0	unlabeled	['Q8NA75']	[-0.1371441099055897, -0.3975288859993429, 1.306531492669464]	7
TMEM52B	0	unlabeled	['Q4KMG9']	[0.0010673970525635, -0.5763669338874069, 0.938374549065086]	7
SYS1	0	unlabeled	['Q8N2H4']	[0.0254650673704759, -0.1617758706550834, 0.7029529644046184]	7
TACSTD2	0	unlabeled	['C5IX07', 'P09758']	[0.4726887052590473, -0.534046909403207, 1.3693127802654566]	7
VAPA	0	unlabeled	['Q9P0L0']	[0.3280470655819597, -0.2615875608307852, 0.4675603564810857]	7
MED17	0	unlabeled	['A0A384NYG5', 'Q9NVC6']	[0.7430829076730153, -0.5150710713291483, 0.8319644332999013]	7
OR4K1	0	unlabeled	['A0A126GVR2', 'Q8NGD4']	[0.7607965031105354, -0.7725551004269584, 0.7313557883607158]	7
SERPINB3	0	unlabeled	['P29508', 'Q5K634', 'Q5K684']	[0.0739518234481289, -0.2816186735383015, 0.7568660827328559]	7
NBL1	0	unlabeled	['A0A087WTY6', 'E5RFZ1', 'P41271']	[0.0142786211298583, -0.2925842338027861, 1.0638744646917715]	7
ZBTB9	0	unlabeled	['A0A1U9X8U5', 'B2R8Z7', 'Q96C00']	[0.2312509724041403, -0.819850012583509, 0.8412928033477691]	7
ZNG1A	0	unlabeled	['A0A087WWG3', 'A0A087WZQ3', 'A0A087X140', 'A0A0A0MRU4', 'A0A0B4J1T6', 'B7Z4F3', 'F2Z2T4', 'H0Y857', 'Q9BRT8', 'Q9H2J8']	[0.2127230005619713, 0.0489606836663841, 0.6350956174618395]	7
OR2A5	0	unlabeled	['A0A126GW49', 'B9EGX1', 'Q96R48']	[0.6847805055460944, -0.1143624977524977, 0.6910860993243908]	7
CPXM1	0	unlabeled	['Q96SM3']	[0.3248308715562734, 0.1405836118837911, 0.8648247272875813]	7
EXOSC5	0	unlabeled	['B2RC50', 'Q9NQT4']	[0.1385705825723345, -0.2589890249255775, 0.7188808101581772]	7
ART3	0	unlabeled	['A0A8V8TPP7', 'A0A8V8TQ78', 'B4DHX3', 'H0Y8V6', 'Q13508']	[0.2755173820853703, -0.2197067887138778, 0.8806820785466234]	7
CYLC1	0	unlabeled	['A0A087WXC8', 'P35663', 'Q3ZCV3']	[0.2843726473483081, -0.3592659734756482, 0.7917525498367266]	7
EPB41L5	0	unlabeled	['Q4ZG32', 'Q9HCM4']	[0.1017941686207954, -0.0378447428330213, 0.603728624600078]	7
RD3	0	unlabeled	['Q7Z3Z2']	[0.5561847938577352, -0.254340343071132, 0.696543536408855]	7
CHUK	0	unlabeled	['O15111', 'Q562E6', 'Q59GT1']	[0.3171709716118785, -0.7513278934845506, 0.6781759021649058]	7
ZFAND4	0	unlabeled	['A8K8Q5', 'B3KUL6', 'J3KPC0', 'Q86XD8']	[0.3866230810544183, 0.1439743049446673, 0.794354798652348]	7
C1QL3	0	unlabeled	['A0A3B0J0F3', 'A0ABB0MVI0', 'Q5VWW1']	[0.4147197305719873, -0.5372220655248457, 0.7214186566137715]	7
PI4K2B	0	unlabeled	['B3KY39', 'B4DJZ0', 'G5E9Z4', 'Q8TCG2']	[0.7095291532665037, -0.4331802587916946, 0.4995618913119275]	7
DHRS7	0	unlabeled	['Q659E8', 'Q9Y394']	[0.0040914775744668, -0.2279051069728584, 0.7339873258979606]	7
TP53I13	0	unlabeled	['Q8NBR0']	[0.1519286404709645, -0.3040184007797444, 0.4548145049658488]	7
RAB11FIP4	0	unlabeled	['Q86YS3']	[0.5939178838944855, -0.0922795224195872, 1.0164023861151057]	7
RFPL3	0	unlabeled	['O75679', 'Q6NSX6']	[-0.1544126002385464, -0.1142441329534764, 0.8345565849159626]	7
EFHC1	0	unlabeled	['A0A1B0GTB1', 'B2CKC5', 'Q5JVL4']	[0.2692257389593692, -0.0589143658595732, 0.5461960092238283]	7
OR56B1	0	unlabeled	['A0A126GVH9', 'Q8NGI3']	[0.1530371080056456, 0.2124462454605533, 0.7855104327189821]	7
TRIP11	0	unlabeled	['H0YJ97', 'Q15643']	[-0.0492926117524253, -0.205840637167621, 0.5146941903118202]	7
SOCS5	0	unlabeled	['B4DL10', 'O75159']	[0.2995666723126911, -0.4653450275269487, 0.5927096390132581]	7
SPINK13	0	unlabeled	['A0A9E8LN18', 'B5KFZ4', 'Q1W4C9']	[-0.168454220319123, 0.0907215091587567, 1.032979293535096]	7
NFIL3	0	unlabeled	['D9IVD5', 'Q16649']	[0.0529537024891727, 0.1603286559856282, 1.2161064856543655]	7
AMDHD1	0	unlabeled	['B3KVC5', 'Q96NU7']	[0.3437985008919165, 0.0711918421528848, 0.8868035388827964]	7
SYT8	0	unlabeled	['A0AA75HZC2', 'H0Y3G9', 'Q8NBV8']	[0.2704668068518093, -0.6174054035141225, 1.0589582956673669]	7
CR2	0	unlabeled	['P20023', 'Q5SR47']	[0.2653801613545667, -0.3853624406542302, 0.8945486539477001]	7
ITGBL1	0	unlabeled	['A0A087WY35', 'B4DN32', 'O14549', 'O95965']	[0.2648939071842582, 0.1194025282062349, 0.9362885939848388]	7
CKB	0	unlabeled	['A0A0S2Z471', 'P12277', 'V9HW77', 'V9HWH2']	[0.6922986264952881, -0.2804387202502522, 0.7833567121063818]	7
CASP7	0	unlabeled	['A0A0A0MRL7', 'A0A5F9ZHZ6', 'B4DUB5', 'B4DWA2', 'P55210']	[-0.0723045135452023, -0.1928383818376761, 0.8092167642635135]	7
BRD3	0	unlabeled	['Q15059']	[-0.1239371525798676, -0.0477973832667951, 0.715230049276139]	7
MRPS30	0	unlabeled	['Q53GN7', 'Q53H77', 'Q9NP92']	[-0.1858965905926626, -0.1533790904105262, 0.9632133381481692]	7
ADAMTS4	0	unlabeled	['A8K6A8', 'O75173']	[0.2985266026124044, -0.1663248695149357, 0.9168420821158654]	7
MINAR1	0	unlabeled	['H0YNN7', 'Q9UPX6']	[0.1135865194200585, -0.4712771407612043, 0.6285613581592675]	7
SGF29	0	unlabeled	['Q96ES7']	[0.1491439653084098, -0.2482158959339623, 0.6899086368611718]	7
IL1RL1	0	unlabeled	['E9PC41', 'Q01638']	[0.4425523749700409, -0.1611984736327246, 0.6452435824760312]	7
CDH6	0	unlabeled	['D6RF86', 'P55285']	[0.3265062400454181, -0.127410131770093, 0.4839557254813328]	7
FNBP1L	0	unlabeled	['Q5T0N5']	[0.0695184391329934, -0.3741827595225903, 0.5785357828608936]	7
GPR50	0	unlabeled	['Q13585']	[0.4678941538791541, -0.090026944848831, 0.3726499140585307]	7
MOBP	0	unlabeled	['A0A0S2Z3W1', 'Q13875']	[0.2060696278686148, 0.0040909272422668, 0.6493925785692839]	7
ARSD	0	unlabeled	['A0A140VK06', 'P51689']	[0.2077875974679052, -0.1223610959026113, 0.419169719335234]	7
GK2	0	unlabeled	['A0A140VKG0', 'Q14410']	[0.3992901879891393, -0.4536186782647895, 1.072300818336143]	7
PP2D1	0	unlabeled	['A8MPX8']	[0.1043688138695362, -0.3674068240105791, 0.745176598377526]	7
ZHX1	0	unlabeled	['A8K0G7', 'Q9UKY1']	[-0.0271107260913936, -0.3518414654365466, 0.8047550989435102]	7
EIF2A	0	unlabeled	['F8WAE5', 'H7C5R5', 'Q9BY44']	[0.1655172881519958, -0.3033435011079587, 0.4669402155370868]	7
OR9K2	0	unlabeled	['A0A126GW01', 'A0A286YF25', 'Q8NGE7']	[0.1009810616921771, -0.4804213176018324, 0.8978596261789427]	7
HJURP	0	unlabeled	['C9JWC4', 'Q8NCD3']	[0.0997637568475757, -0.1571377884074299, 0.4835153198171718]	7
NR2F2	0	unlabeled	['F1D8R0', 'F1DAL8', 'P24468']	[0.3720548926761825, -0.294298724550332, 0.641158993944692]	7
PGAP2	0	unlabeled	['A0A024RCD5', 'A0A0A0MS75', 'A0A0S2Z568', 'A8MYS5', 'B7Z2X5', 'E9PQ19', 'H0YDC6', 'H0YDJ5', 'H0YDQ4', 'Q9UHJ9']	[0.2350322231491024, -0.2947884077267664, 1.1472890575932897]	7
DENND2A	0	unlabeled	['A2RUF6', 'F8WAT8', 'Q9ULE3']	[-0.1116815417660421, -0.0626953120070759, 0.755583351107501]	7
SMURF2	0	unlabeled	['Q9HAU4']	[0.4083279906579131, 0.1982364974959408, 0.6572965489277631]	7
CAMTA1	0	unlabeled	['A0A0C4DGL0', 'A0A8V8TPQ2', 'A0A8V8TQ65', 'A0A8V8TQ84', 'A0A8V8TQ87', 'A0A8V8TQA4', 'A0A8V8TQX9', 'A0A8V8TR82', 'A0AA34QVU6', 'A0AA34QVZ9', 'B4DXR3', 'G3V297', 'H0YJV1', 'Q9Y6Y1']	[0.307212063285433, -0.4796736622093179, 0.829099462980364]	7
GCNT4	0	unlabeled	['Q9P109']	[0.1614021816070405, -0.1558492752023103, 0.5482791700869875]	7
RHPN1	0	unlabeled	['A0AAQ5BIJ1', 'Q8TCX5']	[0.1086139344721307, -0.0795652273772557, 0.6721130443180718]	7
DGKE	0	unlabeled	['A1L4Q0', 'P52429', 'Q59FU4']	[0.60626519114578, 0.0024849986480741, 0.7611888186239555]	7
INTS13	0	unlabeled	['H0YH12', 'Q9NVM9']	[0.0569438625433444, -0.4026201171522314, 0.7624878766862333]	7
GNAQ	0	unlabeled	['A0A024R240', 'G9FP35', 'P50148']	[0.8941951188920272, -0.331343190266096, 0.9106379824597208]	7
LMTK3	0	unlabeled	['A0A3B3ISL5', 'A0A5F9ZH67', 'Q96Q04']	[0.506809439144426, -0.6381718209478768, 0.6442650829288732]	7
RBM23	0	unlabeled	['A0A0S2Z5D9', 'A0A0S2Z5I1', 'A0A0S2Z5J3', 'B2RDP1', 'B3KWQ8', 'B7Z8M4', 'G3XAP0', 'Q86U06']	[-0.1317880556861912, 0.3167072336095613, 1.0613969316571563]	7
FSTL1	0	unlabeled	['Q12841']	[0.0719793656426624, -0.1748268701523243, 1.0469040980408888]	7
MLEC	0	unlabeled	['F5GX14', 'F5H1S8', 'Q14165']	[-0.144475130288667, -0.2608263761922603, 1.02190854250523]	7
C2CD2L	0	unlabeled	['O14523']	[0.0519223910604789, -0.5610298029381873, 0.7835793576778476]	7
COX8C	0	unlabeled	['Q7Z4L0']	[0.5142388586220815, -0.3901165227601316, 0.5511712809180401]	7
ATRAID	0	unlabeled	['Q6UW56']	[0.3592438485688791, -0.15333699694993, 0.6647380439484112]	7
LRBA	0	unlabeled	['A0A494BZW2', 'A0A494C1L5', 'A0A8V8TKR0', 'A0A8V8TLZ6', 'E9PEM5', 'P50851', 'Q68D03']	[0.4923309646220724, 0.0446031976324245, 0.7560898856725746]	7
CCDC3	0	unlabeled	['Q9BQI4']	[0.5121320664857676, -0.3982286452499857, 0.9722389943435644]	7
RRM2B	0	unlabeled	['H0YAV1', 'Q6AI41', 'Q7LG56']	[0.3263350287284149, -0.0501188191249806, 0.5821569287304618]	7
TSC22D2	0	unlabeled	['O75157']	[0.4949549982401586, -0.1475419761348759, 0.4265703038868599]	7
RAB41	0	unlabeled	['Q5JT25']	[0.5456123992002629, 0.5363447275316857, 1.3222252541411406]	7
NAA16	0	unlabeled	['A4FU51', 'Q6N069']	[0.0144724173063686, -0.2040075382152836, 0.5955400580345209]	7
SLC11A1	0	unlabeled	['B4DQ73', 'B4E0J2', 'P49279']	[0.0861610703820295, -0.1891680653080636, 0.5750037551354268]	7
MGA	0	unlabeled	['A0A8C8P5L8', 'A0A994J6L2', 'Q8IWI9']	[0.0537181416563941, -0.3291971821799989, 0.977432799318926]	7
ZSCAN26	0	unlabeled	['A0A024RCN4', 'A0A087X2F1', 'B4DMT1', 'Q16670']	[0.091537199262892, -0.2453072914842709, 0.5490129926486894]	7
FOXC1	0	unlabeled	['A0AAU7P1G8', 'Q12948', 'W6CJ52']	[-0.0328598528341183, -0.3463801393175474, 0.7233990414612889]	7
TMEM106A	0	unlabeled	['B7Z779', 'K7ERE2', 'Q96A25']	[0.263990306884088, -0.4989683298168508, 0.9444312350767704]	7
MMS19	0	unlabeled	['H0Y746', 'Q96T76']	[0.5000163262773204, -0.4209332048767368, 0.830251394533166]	7
HEBP2	0	unlabeled	['Q05DB4', 'Q5THN1', 'Q9Y5Z4']	[0.5481978073300721, 0.050042673060637, 0.638748398601275]	7
FXYD7	0	unlabeled	['P58549']	[-0.0158213172730741, -0.2955194089934584, 0.878600471631215]	7
REEP3	0	unlabeled	['A8K1R1', 'Q6NUK4', 'X5DP57', 'X5DR89']	[0.3306919623012839, 0.2092549058617532, 0.7338440918396898]	7
GNGT2	0	unlabeled	['O14610']	[0.0466333972183493, 0.0363398029354984, 0.6209227044757046]	7
TDRD7	0	unlabeled	['A0A384P5M7', 'Q8NHU6']	[0.0499620160023026, -0.1983049386176354, 0.6383034345320171]	7
FAAH2	0	unlabeled	['B2C6G4', 'Q6GMR7']	[-0.2780342214289866, -0.031287229258328, 0.9516275915034648]	7
STAM2	0	unlabeled	['O75886']	[0.2973483163918688, -0.344789210547581, 0.5398506579992578]	7
RNASEH1	0	unlabeled	['B3KUD4', 'E5KN15', 'O60930']	[0.0572946751259849, -0.0902304559833153, 0.6187247384892478]	7
UBE2Q1	0	unlabeled	['A7MAV4', 'Q7Z7E8']	[-0.0172037886623888, -0.2325290442193593, 0.7014831738528082]	7
PIGX	0	unlabeled	['A0A1X7SBT4', 'H0Y2P9', 'Q8TBF5']	[0.4666272952238655, 0.127447285997445, 0.858122981617435]	7
ZC3H12A	0	unlabeled	['A0A1W2PQC8', 'B3KSD3', 'Q5D1E8']	[0.0726565364559107, -0.4410715595698262, 0.5179508912244928]	7
DYNLT2	0	unlabeled	['Q8IZS6']	[0.0480354975044209, 0.0032713048130759, 0.7795066782004265]	7
MBTPS1	0	unlabeled	['B4DR21', 'Q14703']	[0.2421789618943587, 0.0595637820096146, 0.7337228399449776]	7
KASH5	0	unlabeled	['M0QZW6', 'Q8N6L0']	[-0.0144028127499289, -0.2170816751359559, 0.6756989930743997]	7
CLCN5	0	unlabeled	['A8K4H5', 'P51795', 'V9GYG7']	[-0.0693710664979144, -0.3017650476552675, 0.76157161710387]	7
ANKHD1	0	unlabeled	['Q8IWZ3']	[0.3063103027529034, -0.1574338580797301, 0.7410678965093589]	7
DUSP9	0	unlabeled	['B2RAL9', 'Q99956']	[0.3100332317746465, -0.2053610470750399, 0.8183873112629075]	7
SLC25A35	0	unlabeled	['Q3KQZ1']	[0.4904558772495818, -0.6373152240496565, 0.659859913898147]	7
GZMH	0	unlabeled	['P20718']	[0.2997147845270007, -0.3482240367570266, 0.7152147786906481]	7
CLEC5A	0	unlabeled	['A4D1U7', 'C9JPR7', 'Q14DL9', 'Q9NY25']	[0.2063517281537327, -0.3046335617342585, 1.010669860020082]	7
GAL3ST1	0	unlabeled	['B2R7S4', 'Q99999']	[0.0595928379829735, -0.432270520001938, 0.6467129776340675]	7
PMM2	0	unlabeled	['A0A0S2Z4J6', 'A0A291FGD1', 'B2R6D4', 'B7Z6A1', 'O15305']	[0.2536166146393794, -0.6095344476648707, 0.851564018627339]	7
DHX29	0	unlabeled	['Q7Z478']	[-1.2555513330303911, -0.5011378589134843, -1.2993410122367948]	8
RPL9	0	unlabeled	['D6RAN4', 'P32969', 'Q53Z07']	[-1.5999679272499916, -1.566171553932687, -1.2156431844295172]	8
RBM39	0	unlabeled	['A0A384NQ03', 'B4DRA0', 'B4E1M7', 'G3XAC6', 'Q14498', 'Q6MZY7', 'Q6N037', 'Q7Z3L0']	[-1.7175571750873655, -1.1466424262125154, -1.7147997687032048]	8
CHMP2A	0	unlabeled	['M0R1T5', 'O43633']	[-1.0522651111031671, -1.710335269230677, -1.6521175492743203]	8
ZNF138	0	unlabeled	['A0A0A0MRG3', 'A0A0A0MT90', 'A2RRP7', 'C9JHF6', 'E7EWC5', 'J3QSS9', 'P52744']	[-0.8509286187320722, -1.682980647762606, -0.4044651089078781]	8
PASD1	0	unlabeled	['Q8IV76']	[-0.4616068305034595, -0.536466777859194, -1.164930873640226]	8
CCNK	0	unlabeled	['O75909']	[-0.7850112665267164, -1.0548938440476678, -0.6729011248030613]	8
PREPL	0	unlabeled	['Q4J6C6']	[-0.2736263234783744, -1.2497722009450682, -1.0751304034691571]	8
KIF11	0	unlabeled	['B2RAM6', 'P52732']	[-0.4197377269829134, 0.036158599758578, -2.201432647386902]	8
FOXN3	0	unlabeled	['O00409']	[-0.670774855800085, -1.6690182225434698, -0.6728720856064687]	8
ALDH18A1	0	unlabeled	['P54886']	[-1.2417253388075289, -1.6557120578035616, -0.9748630816688088]	8
PDCD5	0	unlabeled	['O14737']	[-1.4044993254044609, -1.5244209335950851, -1.489985685275721]	8
RPL35A	0	unlabeled	['C9K025', 'P18077']	[-1.6579156907528902, -2.189640431199148, -1.3877294571999472]	8
MAGI2	0	unlabeled	['A0A0D9SEY4', 'B7Z4H4', 'Q86UL8']	[-1.2426430979247864, -1.4736391555178912, -0.4834736602268445]	8
USPL1	0	unlabeled	['A8K1B1', 'B3KQ64', 'Q5W0Q7']	[-0.7691800101721042, -1.235898630879162, -1.2555587364889398]	8
RPL8	0	unlabeled	['E9PKU4', 'P62917']	[-1.8766504443574024, -0.602347480958304, -1.3916609930239392]	8
GOSR1	0	unlabeled	['A8K5R6', 'E9PCW1', 'K7EJC8', 'O95249']	[-0.4502271074435305, -1.3066084359697512, -0.6939188290336067]	8
RPL5	0	unlabeled	['A2RUM7', 'P46777', 'Q59GX9']	[-2.370458736587498, -2.241073687380356, -0.9103929279290516]	8
RPS3A	0	unlabeled	['A8K4W0', 'P61247', 'Q6NXR8', 'H0Y9Y4']	[-0.926683615692986, -1.26083305893096, -1.2655051231329564]	8
SP1	0	unlabeled	['P08047']	[-0.3616876127978561, -1.519555409611962, -0.6919567417200458]	8
APOC1	0	unlabeled	['K7EPF9', 'K7ERI9', 'P02654']	[-1.0140160137148313, -1.184745539081444, -0.5842743860587672]	8
ZNF524	0	unlabeled	['Q96C55']	[-0.8408302188037957, -1.776404038492489, -0.4289579511799254]	8
TGM7	0	unlabeled	['Q96PF1']	[-1.3138631561044694, -2.1037577787230735, -0.6865798819309686]	8
ABCC1	0	unlabeled	['A0A0A0MS99', 'A0A7I2V2E0', 'I3L4X2', 'P33527', 'Q9UQ98']	[-0.7020042080277662, -1.225702051593088, -0.7517201646434837]	8
ISY1	0	unlabeled	['Q9ULR0']	[-1.3589113563269328, -0.5719622695422367, -0.7256039189046217]	8
FMOD	0	unlabeled	['A0A024R971', 'B4E1J3', 'Q06828']	[-2.218942270908241, -1.393756664062776, -1.76582895240011]	8
DEFB131A	0	unlabeled	['P59861']	[-0.793059362380818, -1.4555263749658711, -1.734449682235481]	8
C1QC	0	unlabeled	['A0A024RAA7', 'A0A8Q3SIZ0', 'P02747']	[-1.3824932233554, -0.6988784992396384, -0.8124409083070019]	8
CD27	0	unlabeled	['P26842']	[1.0507298570976644, 1.1785095637335123, -1.434209559442682]	9
MGMT	0	unlabeled	['B4DEE8', 'P16455']	[0.4429775514824836, 0.938719580690774, 0.3888674588372957]	9
RPRM	0	unlabeled	['Q9NS64']	[0.6573730289486057, 1.5702586924775024, 0.9485226890252776]	9
LPP	0	unlabeled	['B7Z871', 'B7Z8W0', 'B7ZLW0', 'C9JUT4', 'Q93052']	[1.0250895010034853, 0.7636100157223182, -0.0846318643699292]	9
SLC9A5	0	unlabeled	['Q14940']	[0.5535282312232762, 1.0698126990053225, -0.2508290095633911]	9
TENT5C	0	unlabeled	['Q5VWP2']	[0.1038488907309136, 1.5290005968064238, 0.4324057723454912]	9
TST	0	unlabeled	['A0A384NKQ2', 'Q16762', 'Q53EW8']	[1.0456011066749529, 0.7066494332345737, -0.6127236509228442]	9
SDHAF3	0	unlabeled	['Q9NRP4']	[0.5144240374104172, 1.0114914046044872, 0.5363960829415517]	9
UBALD2	0	unlabeled	['Q8IYN6']	[0.8038184067617369, 1.0427951787831795, -0.019109950858293]	9
MOCS2	0	unlabeled	['E9PKT9', 'O96007', 'O96033']	[2.631529048710707, 0.7049077889431679, -0.580369553094096]	9
GCA	0	unlabeled	['B7Z322', 'H7BXD5', 'H7C2Z6', 'P28676']	[0.9551090160459448, 1.014802730660307, 0.6114763726496311]	9
RSPO2	0	unlabeled	['B3KVP3', 'Q6UXX9']	[0.9869597817787022, 0.7178756543464444, -0.4235663176573463]	9
TAF15	0	unlabeled	['Q92804']	[0.9261026080512368, 0.6024108116567763, -0.1695995674861677]	9
ZC3H18	0	unlabeled	['B4DTK7', 'E7ERS3', 'Q86VM9']	[1.343124362699048, 0.9275391584161512, -0.5457375484172768]	9
ZBTB40	0	unlabeled	['F8WAI8', 'Q1RMZ5', 'Q9NUA8']	[-0.0970235655118861, 1.858252616395188, 1.0973581575081628]	9
NCBP2	0	unlabeled	['C9JQX9', 'F6WVI0', 'P52298']	[0.5932297863276541, 1.4633656576216312, -0.2733653923872822]	9
S100PBP	0	unlabeled	['A0A0S2Z5M0', 'A0A0S2Z5S2', 'Q96BU1']	[1.5972585300053113, 1.164082836755375, 0.8078020383358178]	9
ELN	0	unlabeled	['A7L3I8', 'B3KRT8', 'B4E3S4', 'E7EN65', 'E7ENM0', 'G3V0G6', 'G5E950', 'P15502', 'Q8NBI4']	[0.2987610971931097, 0.6538881927926644, -0.4781778125192842]	9
GLIPR1	0	unlabeled	['B4E3S5', 'P48060']	[0.3972334280801648, 4.503851778938132, 0.5412328727595519]	9
